row_id,year,npri_id,facility_name_npri,company_name_npri,facility_type,longitude,latitude,terrestrial_ecozone,watershed,cas_number,substance_name_npri,substance_unit,emission_type,emission_subtype,value,source_id,geometry
npri-2000-2023-156,2023,2000,Usine de Bouletage de Port-Cartier,ArcelorMittal Exploitation Minière Canada s.e.n.c.,mining,-66.791,50.0334,Boreal Shield,St. Lawrence Drainage Area,NA - 04,Chromium (and its compounds),tonnes,On-Site Disposal / Élimination sur le site,Land Fill,21.075,https://www.canada.ca/en/environment-climate-change/services/national-pollutant-release-inventory/tools-resources-data/exploredata.html,POINT (-66.791 50.0334)
npri-5448-2023-181,2023,5448,Mine Raglan,Glencore,mining,-73.6666,61.6916,Northern Arctic,Northern Québec and Labrador Drainage Area,NA - 06,Copper (and its compounds),tonnes,On-Site Disposal / Élimination sur le site,Land Fill,27.466,https://www.canada.ca/en/environment-climate-change/services/national-pollutant-release-inventory/tools-resources-data/exploredata.html,POINT (-73.6666 61.6916)
npri-34791-2023-58,2023,34791,Sullivan Mine,Teck Metals Limited,mining,-115.9621,49.66748,Montane Cordillera,Pacific Drainage Area,NA - 09,Manganese (and its compounds),tonnes,On-Site Disposal / Élimination sur le site,Land Treatment,18.8,https://www.canada.ca/en/environment-climate-change/services/national-pollutant-release-inventory/tools-resources-data/exploredata.html,POINT (-115.9621 49.66748)
npri-34791-2023-59,2023,34791,Sullivan Mine,Teck Metals Limited,mining,-115.9621,49.66748,Montane Cordillera,Pacific Drainage Area,NA - 14,Zinc (and its compounds),tonnes,On-Site Disposal / Élimination sur le site,Land Treatment,43.8,https://www.canada.ca/en/environment-climate-change/services/national-pollutant-release-inventory/tools-resources-data/exploredata.html,POINT (-115.9621 49.66748)
npri-1568-2023-171,2023,1568,Macassa Mine,Agnico Eagle Mines,mining,-80.08734,48.13032,Boreal Shield,St. Lawrence Drainage Area,NA - 16,Ammonia (total),tonnes,On-Site Disposal / Élimination sur le site,Tailings,13.733,https://www.canada.ca/en/environment-climate-change/services/national-pollutant-release-inventory/tools-resources-data/exploredata.html,POINT (-80.08734 48.13032)
npri-1568-2023-172,2023,1568,Macassa Mine,Agnico Eagle Mines,mining,-80.08734,48.13032,Boreal Shield,St. Lawrence Drainage Area,NA - 02,Arsenic (and its compounds),kg,On-Site Disposal / Élimination sur le site,Tailings,3166.0,https://www.canada.ca/en/environment-climate-change/services/national-pollutant-release-inventory/tools-resources-data/exploredata.html,POINT (-80.08734 48.13032)
npri-1568-2023-173,2023,1568,Macassa Mine,Agnico Eagle Mines,mining,-80.08734,48.13032,Boreal Shield,St. Lawrence Drainage Area,NA - 03,Cadmium (and its compounds),kg,On-Site Disposal / Élimination sur le site,Tailings,34.0,https://www.canada.ca/en/environment-climate-change/services/national-pollutant-release-inventory/tools-resources-data/exploredata.html,POINT (-80.08734 48.13032)
npri-1568-2023-174,2023,1568,Macassa Mine,Agnico Eagle Mines,mining,-80.08734,48.13032,Boreal Shield,St. Lawrence Drainage Area,NA - 04,Chromium (and its compounds),tonnes,On-Site Disposal / Élimination sur le site,Tailings,23.86,https://www.canada.ca/en/environment-climate-change/services/national-pollutant-release-inventory/tools-resources-data/exploredata.html,POINT (-80.08734 48.13032)
npri-1568-2023-175,2023,1568,Macassa Mine,Agnico Eagle Mines,mining,-80.08734,48.13032,Boreal Shield,St. Lawrence Drainage Area,NA - 05,Cobalt (and its compounds),kg,On-Site Disposal / Élimination sur le site,Tailings,5630.0,https://www.canada.ca/en/environment-climate-change/services/national-pollutant-release-inventory/tools-resources-data/exploredata.html,POINT (-80.08734 48.13032)
npri-1568-2023-176,2023,1568,Macassa Mine,Agnico Eagle Mines,mining,-80.08734,48.13032,Boreal Shield,St. Lawrence Drainage Area,NA - 06,Copper (and its compounds),tonnes,On-Site Disposal / Élimination sur le site,Tailings,16.058,https://www.canada.ca/en/environment-climate-change/services/national-pollutant-release-inventory/tools-resources-data/exploredata.html,POINT (-80.08734 48.13032)
npri-1568-2023-177,2023,1568,Macassa Mine,Agnico Eagle Mines,mining,-80.08734,48.13032,Boreal Shield,St. Lawrence Drainage Area,NA - 07,Cyanides (ionic),tonnes,On-Site Disposal / Élimination sur le site,Tailings,12.09,https://www.canada.ca/en/environment-climate-change/services/national-pollutant-release-inventory/tools-resources-data/exploredata.html,POINT (-80.08734 48.13032)
npri-1568-2023-178,2023,1568,Macassa Mine,Agnico Eagle Mines,mining,-80.08734,48.13032,Boreal Shield,St. Lawrence Drainage Area,NA - 08,Lead (and its compounds),kg,On-Site Disposal / Élimination sur le site,Tailings,13404.0,https://www.canada.ca/en/environment-climate-change/services/national-pollutant-release-inventory/tools-resources-data/exploredata.html,POINT (-80.08734 48.13032)
npri-1568-2023-179,2023,1568,Macassa Mine,Agnico Eagle Mines,mining,-80.08734,48.13032,Boreal Shield,St. Lawrence Drainage Area,NA - 09,Manganese (and its compounds),tonnes,On-Site Disposal / Élimination sur le site,Tailings,303.476,https://www.canada.ca/en/environment-climate-change/services/national-pollutant-release-inventory/tools-resources-data/exploredata.html,POINT (-80.08734 48.13032)
npri-1568-2023-180,2023,1568,Macassa Mine,Agnico Eagle Mines,mining,-80.08734,48.13032,Boreal Shield,St. Lawrence Drainage Area,NA - 10,Mercury (and its compounds),kg,On-Site Disposal / Élimination sur le site,Tailings,81.0,https://www.canada.ca/en/environment-climate-change/services/national-pollutant-release-inventory/tools-resources-data/exploredata.html,POINT (-80.08734 48.13032)
npri-1568-2023-181,2023,1568,Macassa Mine,Agnico Eagle Mines,mining,-80.08734,48.13032,Boreal Shield,St. Lawrence Drainage Area,NA - 11,Nickel (and its compounds),tonnes,On-Site Disposal / Élimination sur le site,Tailings,13.592,https://www.canada.ca/en/environment-climate-change/services/national-pollutant-release-inventory/tools-resources-data/exploredata.html,POINT (-80.08734 48.13032)
npri-1568-2023-182,2023,1568,Macassa Mine,Agnico Eagle Mines,mining,-80.08734,48.13032,Boreal Shield,St. Lawrence Drainage Area,NA - 17,Nitrate ion in solution at pH >= 6.0,tonnes,On-Site Disposal / Élimination sur le site,Tailings,5.754,https://www.canada.ca/en/environment-climate-change/services/national-pollutant-release-inventory/tools-resources-data/exploredata.html,POINT (-80.08734 48.13032)
npri-1568-2023-183,2023,1568,Macassa Mine,Agnico Eagle Mines,mining,-80.08734,48.13032,Boreal Shield,St. Lawrence Drainage Area,NA - 22,Phosphorus (total),tonnes,On-Site Disposal / Élimination sur le site,Tailings,479.88,https://www.canada.ca/en/environment-climate-change/services/national-pollutant-release-inventory/tools-resources-data/exploredata.html,POINT (-80.08734 48.13032)
npri-1568-2023-184,2023,1568,Macassa Mine,Agnico Eagle Mines,mining,-80.08734,48.13032,Boreal Shield,St. Lawrence Drainage Area,NA - 37,Thallium (and its compounds),kg,On-Site Disposal / Élimination sur le site,Tailings,301.0,https://www.canada.ca/en/environment-climate-change/services/national-pollutant-release-inventory/tools-resources-data/exploredata.html,POINT (-80.08734 48.13032)
npri-1568-2023-185,2023,1568,Macassa Mine,Agnico Eagle Mines,mining,-80.08734,48.13032,Boreal Shield,St. Lawrence Drainage Area,NA - 40,Vanadium (and its compounds),tonnes,On-Site Disposal / Élimination sur le site,Tailings,44.503,https://www.canada.ca/en/environment-climate-change/services/national-pollutant-release-inventory/tools-resources-data/exploredata.html,POINT (-80.08734 48.13032)
npri-1568-2023-186,2023,1568,Macassa Mine,Agnico Eagle Mines,mining,-80.08734,48.13032,Boreal Shield,St. Lawrence Drainage Area,NA - 14,Zinc (and its compounds),tonnes,On-Site Disposal / Élimination sur le site,Tailings,23.002,https://www.canada.ca/en/environment-climate-change/services/national-pollutant-release-inventory/tools-resources-data/exploredata.html,POINT (-80.08734 48.13032)
npri-25188-2023-157,2023,25188,Mine Canadian Malartic,Agnico Eagle Mines Limited (MAIN),mining,-78.129272,48.124507,Boreal Shield,Southwestern Hudson Bay Drainage Area,NA - 02,Arsenic (and its compounds),kg,On-Site Disposal / Élimination sur le site,Tailings,19340.0,https://www.canada.ca/en/environment-climate-change/services/national-pollutant-release-inventory/tools-resources-data/exploredata.html,POINT (-78.129272 48.124507)
npri-25188-2023-158,2023,25188,Mine Canadian Malartic,Agnico Eagle Mines Limited (MAIN),mining,-78.129272,48.124507,Boreal Shield,Southwestern Hudson Bay Drainage Area,NA - 03,Cadmium (and its compounds),kg,On-Site Disposal / Élimination sur le site,Tailings,1615.0,https://www.canada.ca/en/environment-climate-change/services/national-pollutant-release-inventory/tools-resources-data/exploredata.html,POINT (-78.129272 48.124507)
npri-25188-2023-159,2023,25188,Mine Canadian Malartic,Agnico Eagle Mines Limited (MAIN),mining,-78.129272,48.124507,Boreal Shield,Southwestern Hudson Bay Drainage Area,NA - 04,Chromium (and its compounds),tonnes,On-Site Disposal / Élimination sur le site,Tailings,8131.0,https://www.canada.ca/en/environment-climate-change/services/national-pollutant-release-inventory/tools-resources-data/exploredata.html,POINT (-78.129272 48.124507)
npri-25188-2023-160,2023,25188,Mine Canadian Malartic,Agnico Eagle Mines Limited (MAIN),mining,-78.129272,48.124507,Boreal Shield,Southwestern Hudson Bay Drainage Area,NA - 05,Cobalt (and its compounds),kg,On-Site Disposal / Élimination sur le site,Tailings,470904.0,https://www.canada.ca/en/environment-climate-change/services/national-pollutant-release-inventory/tools-resources-data/exploredata.html,POINT (-78.129272 48.124507)
npri-25188-2023-161,2023,25188,Mine Canadian Malartic,Agnico Eagle Mines Limited (MAIN),mining,-78.129272,48.124507,Boreal Shield,Southwestern Hudson Bay Drainage Area,NA - 06,Copper (and its compounds),tonnes,On-Site Disposal / Élimination sur le site,Tailings,884.0,https://www.canada.ca/en/environment-climate-change/services/national-pollutant-release-inventory/tools-resources-data/exploredata.html,POINT (-78.129272 48.124507)
npri-25188-2023-162,2023,25188,Mine Canadian Malartic,Agnico Eagle Mines Limited (MAIN),mining,-78.129272,48.124507,Boreal Shield,Southwestern Hudson Bay Drainage Area,NA - 08,Lead (and its compounds),kg,On-Site Disposal / Élimination sur le site,Tailings,205703.0,https://www.canada.ca/en/environment-climate-change/services/national-pollutant-release-inventory/tools-resources-data/exploredata.html,POINT (-78.129272 48.124507)
npri-25188-2023-163,2023,25188,Mine Canadian Malartic,Agnico Eagle Mines Limited (MAIN),mining,-78.129272,48.124507,Boreal Shield,Southwestern Hudson Bay Drainage Area,NA - 09,Manganese (and its compounds),tonnes,On-Site Disposal / Élimination sur le site,Tailings,10017.0,https://www.canada.ca/en/environment-climate-change/services/national-pollutant-release-inventory/tools-resources-data/exploredata.html,POINT (-78.129272 48.124507)
npri-25188-2023-164,2023,25188,Mine Canadian Malartic,Agnico Eagle Mines Limited (MAIN),mining,-78.129272,48.124507,Boreal Shield,Southwestern Hudson Bay Drainage Area,NA - 10,Mercury (and its compounds),kg,On-Site Disposal / Élimination sur le site,Tailings,222.0,https://www.canada.ca/en/environment-climate-change/services/national-pollutant-release-inventory/tools-resources-data/exploredata.html,POINT (-78.129272 48.124507)
npri-25188-2023-165,2023,25188,Mine Canadian Malartic,Agnico Eagle Mines Limited (MAIN),mining,-78.129272,48.124507,Boreal Shield,Southwestern Hudson Bay Drainage Area,NA - 11,Nickel (and its compounds),tonnes,On-Site Disposal / Élimination sur le site,Tailings,2811.0,https://www.canada.ca/en/environment-climate-change/services/national-pollutant-release-inventory/tools-resources-data/exploredata.html,POINT (-78.129272 48.124507)
npri-25188-2023-166,2023,25188,Mine Canadian Malartic,Agnico Eagle Mines Limited (MAIN),mining,-78.129272,48.124507,Boreal Shield,Southwestern Hudson Bay Drainage Area,NA - 12,Selenium (and its compounds),kg,On-Site Disposal / Élimination sur le site,Tailings,6605.0,https://www.canada.ca/en/environment-climate-change/services/national-pollutant-release-inventory/tools-resources-data/exploredata.html,POINT (-78.129272 48.124507)
npri-25188-2023-167,2023,25188,Mine Canadian Malartic,Agnico Eagle Mines Limited (MAIN),mining,-78.129272,48.124507,Boreal Shield,Southwestern Hudson Bay Drainage Area,NA - 37,Thallium (and its compounds),kg,On-Site Disposal / Élimination sur le site,Tailings,6550.0,https://www.canada.ca/en/environment-climate-change/services/national-pollutant-release-inventory/tools-resources-data/exploredata.html,POINT (-78.129272 48.124507)
npri-25188-2023-168,2023,25188,Mine Canadian Malartic,Agnico Eagle Mines Limited (MAIN),mining,-78.129272,48.124507,Boreal Shield,Southwestern Hudson Bay Drainage Area,NA - 40,Vanadium (and its compounds),tonnes,On-Site Disposal / Élimination sur le site,Tailings,1434.0,https://www.canada.ca/en/environment-climate-change/services/national-pollutant-release-inventory/tools-resources-data/exploredata.html,POINT (-78.129272 48.124507)
npri-25188-2023-169,2023,25188,Mine Canadian Malartic,Agnico Eagle Mines Limited (MAIN),mining,-78.129272,48.124507,Boreal Shield,Southwestern Hudson Bay Drainage Area,NA - 14,Zinc (and its compounds),tonnes,On-Site Disposal / Élimination sur le site,Tailings,1245.0,https://www.canada.ca/en/environment-climate-change/services/national-pollutant-release-inventory/tools-resources-data/exploredata.html,POINT (-78.129272 48.124507)
npri-24216-2023-184,2023,24216,Division Meadowbank,Agnico Eagle Mines Ltd.,mining,-96.0524,65.0149,Northern Arctic,Western and Northern Hudson Bay Drainage Area,NA - 01,Antimony (and its compounds),tonnes,On-Site Disposal / Élimination sur le site,Tailings,11.587321,https://www.canada.ca/en/environment-climate-change/services/national-pollutant-release-inventory/tools-resources-data/exploredata.html,POINT (-96.0524 65.0149)
npri-24216-2023-185,2023,24216,Division Meadowbank,Agnico Eagle Mines Ltd.,mining,-96.0524,65.0149,Northern Arctic,Western and Northern Hudson Bay Drainage Area,NA - 02,Arsenic (and its compounds),kg,On-Site Disposal / Élimination sur le site,Tailings,5839280.0,https://www.canada.ca/en/environment-climate-change/services/national-pollutant-release-inventory/tools-resources-data/exploredata.html,POINT (-96.0524 65.0149)
npri-29389-2023-170,2023,29389,Meliadine Gold Project,Agnico Eagle Mines Ltd.,mining,-92.13443,63.22418,Southern Arctic,Western and Northern Hudson Bay Drainage Area,NA - 02,Arsenic (and its compounds),kg,On-Site Disposal / Élimination sur le site,Tailings,12049742.598592,https://www.canada.ca/en/environment-climate-change/services/national-pollutant-release-inventory/tools-resources-data/exploredata.html,POINT (-92.13443 63.22418)
npri-24216-2023-186,2023,24216,Division Meadowbank,Agnico Eagle Mines Ltd.,mining,-96.0524,65.0149,Northern Arctic,Western and Northern Hudson Bay Drainage Area,NA - 03,Cadmium (and its compounds),kg,On-Site Disposal / Élimination sur le site,Tailings,2195.81258,https://www.canada.ca/en/environment-climate-change/services/national-pollutant-release-inventory/tools-resources-data/exploredata.html,POINT (-96.0524 65.0149)
npri-29389-2023-171,2023,29389,Meliadine Gold Project,Agnico Eagle Mines Ltd.,mining,-92.13443,63.22418,Southern Arctic,Western and Northern Hudson Bay Drainage Area,NA - 03,Cadmium (and its compounds),kg,On-Site Disposal / Élimination sur le site,Tailings,605.913492,https://www.canada.ca/en/environment-climate-change/services/national-pollutant-release-inventory/tools-resources-data/exploredata.html,POINT (-92.13443 63.22418)
npri-24216-2023-187,2023,24216,Division Meadowbank,Agnico Eagle Mines Ltd.,mining,-96.0524,65.0149,Northern Arctic,Western and Northern Hudson Bay Drainage Area,NA - 04,Chromium (and its compounds),tonnes,On-Site Disposal / Élimination sur le site,Tailings,2456.755408,https://www.canada.ca/en/environment-climate-change/services/national-pollutant-release-inventory/tools-resources-data/exploredata.html,POINT (-96.0524 65.0149)
npri-29389-2023-172,2023,29389,Meliadine Gold Project,Agnico Eagle Mines Ltd.,mining,-92.13443,63.22418,Southern Arctic,Western and Northern Hudson Bay Drainage Area,NA - 04,Chromium (and its compounds),tonnes,On-Site Disposal / Élimination sur le site,Tailings,107.52146,https://www.canada.ca/en/environment-climate-change/services/national-pollutant-release-inventory/tools-resources-data/exploredata.html,POINT (-92.13443 63.22418)
npri-24216-2023-188,2023,24216,Division Meadowbank,Agnico Eagle Mines Ltd.,mining,-96.0524,65.0149,Northern Arctic,Western and Northern Hudson Bay Drainage Area,NA - 05,Cobalt (and its compounds),kg,On-Site Disposal / Élimination sur le site,Tailings,161492.5875,https://www.canada.ca/en/environment-climate-change/services/national-pollutant-release-inventory/tools-resources-data/exploredata.html,POINT (-96.0524 65.0149)
npri-29389-2023-173,2023,29389,Meliadine Gold Project,Agnico Eagle Mines Ltd.,mining,-92.13443,63.22418,Southern Arctic,Western and Northern Hudson Bay Drainage Area,NA - 05,Cobalt (and its compounds),kg,On-Site Disposal / Élimination sur le site,Tailings,20056.377655,https://www.canada.ca/en/environment-climate-change/services/national-pollutant-release-inventory/tools-resources-data/exploredata.html,POINT (-92.13443 63.22418)
npri-24216-2023-189,2023,24216,Division Meadowbank,Agnico Eagle Mines Ltd.,mining,-96.0524,65.0149,Northern Arctic,Western and Northern Hudson Bay Drainage Area,NA - 06,Copper (and its compounds),tonnes,On-Site Disposal / Élimination sur le site,Tailings,409.661988,https://www.canada.ca/en/environment-climate-change/services/national-pollutant-release-inventory/tools-resources-data/exploredata.html,POINT (-96.0524 65.0149)
npri-29389-2023-174,2023,29389,Meliadine Gold Project,Agnico Eagle Mines Ltd.,mining,-92.13443,63.22418,Southern Arctic,Western and Northern Hudson Bay Drainage Area,NA - 06,Copper (and its compounds),tonnes,On-Site Disposal / Élimination sur le site,Tailings,118.353186,https://www.canada.ca/en/environment-climate-change/services/national-pollutant-release-inventory/tools-resources-data/exploredata.html,POINT (-92.13443 63.22418)
npri-24216-2023-190,2023,24216,Division Meadowbank,Agnico Eagle Mines Ltd.,mining,-96.0524,65.0149,Northern Arctic,Western and Northern Hudson Bay Drainage Area,NA - 07,Cyanides (ionic),tonnes,On-Site Disposal / Élimination sur le site,Tailings,92.759396,https://www.canada.ca/en/environment-climate-change/services/national-pollutant-release-inventory/tools-resources-data/exploredata.html,POINT (-96.0524 65.0149)
npri-29389-2023-175,2023,29389,Meliadine Gold Project,Agnico Eagle Mines Ltd.,mining,-92.13443,63.22418,Southern Arctic,Western and Northern Hudson Bay Drainage Area,NA - 07,Cyanides (ionic),tonnes,On-Site Disposal / Élimination sur le site,Tailings,33.402948,https://www.canada.ca/en/environment-climate-change/services/national-pollutant-release-inventory/tools-resources-data/exploredata.html,POINT (-92.13443 63.22418)
npri-24216-2023-191,2023,24216,Division Meadowbank,Agnico Eagle Mines Ltd.,mining,-96.0524,65.0149,Northern Arctic,Western and Northern Hudson Bay Drainage Area,NA - 08,Lead (and its compounds),kg,On-Site Disposal / Élimination sur le site,Tailings,420610.6375,https://www.canada.ca/en/environment-climate-change/services/national-pollutant-release-inventory/tools-resources-data/exploredata.html,POINT (-96.0524 65.0149)
npri-29389-2023-176,2023,29389,Meliadine Gold Project,Agnico Eagle Mines Ltd.,mining,-92.13443,63.22418,Southern Arctic,Western and Northern Hudson Bay Drainage Area,NA - 08,Lead (and its compounds),kg,On-Site Disposal / Élimination sur le site,Tailings,445869.21338,https://www.canada.ca/en/environment-climate-change/services/national-pollutant-release-inventory/tools-resources-data/exploredata.html,POINT (-92.13443 63.22418)
npri-24216-2023-192,2023,24216,Division Meadowbank,Agnico Eagle Mines Ltd.,mining,-96.0524,65.0149,Northern Arctic,Western and Northern Hudson Bay Drainage Area,NA - 09,Manganese (and its compounds),tonnes,On-Site Disposal / Élimination sur le site,Tailings,10249.152917,https://www.canada.ca/en/environment-climate-change/services/national-pollutant-release-inventory/tools-resources-data/exploredata.html,POINT (-96.0524 65.0149)
npri-29389-2023-177,2023,29389,Meliadine Gold Project,Agnico Eagle Mines Ltd.,mining,-92.13443,63.22418,Southern Arctic,Western and Northern Hudson Bay Drainage Area,NA - 09,Manganese (and its compounds),tonnes,On-Site Disposal / Élimination sur le site,Tailings,683.725075,https://www.canada.ca/en/environment-climate-change/services/national-pollutant-release-inventory/tools-resources-data/exploredata.html,POINT (-92.13443 63.22418)
npri-24216-2023-193,2023,24216,Division Meadowbank,Agnico Eagle Mines Ltd.,mining,-96.0524,65.0149,Northern Arctic,Western and Northern Hudson Bay Drainage Area,NA - 11,Nickel (and its compounds),tonnes,On-Site Disposal / Élimination sur le site,Tailings,1833.898875,https://www.canada.ca/en/environment-climate-change/services/national-pollutant-release-inventory/tools-resources-data/exploredata.html,POINT (-96.0524 65.0149)
npri-29389-2023-178,2023,29389,Meliadine Gold Project,Agnico Eagle Mines Ltd.,mining,-92.13443,63.22418,Southern Arctic,Western and Northern Hudson Bay Drainage Area,NA - 11,Nickel (and its compounds),tonnes,On-Site Disposal / Élimination sur le site,Tailings,51.682807,https://www.canada.ca/en/environment-climate-change/services/national-pollutant-release-inventory/tools-resources-data/exploredata.html,POINT (-92.13443 63.22418)
npri-24216-2023-194,2023,24216,Division Meadowbank,Agnico Eagle Mines Ltd.,mining,-96.0524,65.0149,Northern Arctic,Western and Northern Hudson Bay Drainage Area,NA - 22,Phosphorus (total),tonnes,On-Site Disposal / Élimination sur le site,Tailings,1350.3335,https://www.canada.ca/en/environment-climate-change/services/national-pollutant-release-inventory/tools-resources-data/exploredata.html,POINT (-96.0524 65.0149)
npri-29389-2023-179,2023,29389,Meliadine Gold Project,Agnico Eagle Mines Ltd.,mining,-92.13443,63.22418,Southern Arctic,Western and Northern Hudson Bay Drainage Area,NA - 22,Phosphorus (total),tonnes,On-Site Disposal / Élimination sur le site,Tailings,858.513765,https://www.canada.ca/en/environment-climate-change/services/national-pollutant-release-inventory/tools-resources-data/exploredata.html,POINT (-92.13443 63.22418)
npri-24216-2023-195,2023,24216,Division Meadowbank,Agnico Eagle Mines Ltd.,mining,-96.0524,65.0149,Northern Arctic,Western and Northern Hudson Bay Drainage Area,NA - 12,Selenium (and its compounds),kg,On-Site Disposal / Élimination sur le site,Tailings,4166.56958,https://www.canada.ca/en/environment-climate-change/services/national-pollutant-release-inventory/tools-resources-data/exploredata.html,POINT (-96.0524 65.0149)
npri-29389-2023-180,2023,29389,Meliadine Gold Project,Agnico Eagle Mines Ltd.,mining,-92.13443,63.22418,Southern Arctic,Western and Northern Hudson Bay Drainage Area,NA - 12,Selenium (and its compounds),kg,On-Site Disposal / Élimination sur le site,Tailings,1388.22938,https://www.canada.ca/en/environment-climate-change/services/national-pollutant-release-inventory/tools-resources-data/exploredata.html,POINT (-92.13443 63.22418)
npri-24216-2023-196,2023,24216,Division Meadowbank,Agnico Eagle Mines Ltd.,mining,-96.0524,65.0149,Northern Arctic,Western and Northern Hudson Bay Drainage Area,NA - 37,Thallium (and its compounds),kg,On-Site Disposal / Élimination sur le site,Tailings,1471.98517,https://www.canada.ca/en/environment-climate-change/services/national-pollutant-release-inventory/tools-resources-data/exploredata.html,POINT (-96.0524 65.0149)
npri-29389-2023-181,2023,29389,Meliadine Gold Project,Agnico Eagle Mines Ltd.,mining,-92.13443,63.22418,Southern Arctic,Western and Northern Hudson Bay Drainage Area,NA - 37,Thallium (and its compounds),kg,On-Site Disposal / Élimination sur le site,Tailings,620.945275,https://www.canada.ca/en/environment-climate-change/services/national-pollutant-release-inventory/tools-resources-data/exploredata.html,POINT (-92.13443 63.22418)
npri-24216-2023-197,2023,24216,Division Meadowbank,Agnico Eagle Mines Ltd.,mining,-96.0524,65.0149,Northern Arctic,Western and Northern Hudson Bay Drainage Area,NA - 40,Vanadium (and its compounds),tonnes,On-Site Disposal / Élimination sur le site,Tailings,341.232925,https://www.canada.ca/en/environment-climate-change/services/national-pollutant-release-inventory/tools-resources-data/exploredata.html,POINT (-96.0524 65.0149)
npri-29389-2023-182,2023,29389,Meliadine Gold Project,Agnico Eagle Mines Ltd.,mining,-92.13443,63.22418,Southern Arctic,Western and Northern Hudson Bay Drainage Area,NA - 40,Vanadium (and its compounds),tonnes,On-Site Disposal / Élimination sur le site,Tailings,94.611811,https://www.canada.ca/en/environment-climate-change/services/national-pollutant-release-inventory/tools-resources-data/exploredata.html,POINT (-92.13443 63.22418)
npri-24216-2023-198,2023,24216,Division Meadowbank,Agnico Eagle Mines Ltd.,mining,-96.0524,65.0149,Northern Arctic,Western and Northern Hudson Bay Drainage Area,NA - 14,Zinc (and its compounds),tonnes,On-Site Disposal / Élimination sur le site,Tailings,341.841183,https://www.canada.ca/en/environment-climate-change/services/national-pollutant-release-inventory/tools-resources-data/exploredata.html,POINT (-96.0524 65.0149)
npri-29389-2023-183,2023,29389,Meliadine Gold Project,Agnico Eagle Mines Ltd.,mining,-92.13443,63.22418,Southern Arctic,Western and Northern Hudson Bay Drainage Area,NA - 14,Zinc (and its compounds),tonnes,On-Site Disposal / Élimination sur le site,Tailings,154.296832,https://www.canada.ca/en/environment-climate-change/services/national-pollutant-release-inventory/tools-resources-data/exploredata.html,POINT (-92.13443 63.22418)
npri-8757-2023-84,2023,8757,Division Goldex,Agnico-Eagle Mines Lted,mining,-77.87222,48.0911,Boreal Shield,Southwestern Hudson Bay Drainage Area,NA - 02,Arsenic (and its compounds),kg,On-Site Disposal / Élimination sur le site,Tailings,159.44,https://www.canada.ca/en/environment-climate-change/services/national-pollutant-release-inventory/tools-resources-data/exploredata.html,POINT (-77.87222 48.0911)
npri-8757-2023-85,2023,8757,Division Goldex,Agnico-Eagle Mines Lted,mining,-77.87222,48.0911,Boreal Shield,Southwestern Hudson Bay Drainage Area,NA - 03,Cadmium (and its compounds),kg,On-Site Disposal / Élimination sur le site,Tailings,4.43,https://www.canada.ca/en/environment-climate-change/services/national-pollutant-release-inventory/tools-resources-data/exploredata.html,POINT (-77.87222 48.0911)
npri-8757-2023-86,2023,8757,Division Goldex,Agnico-Eagle Mines Lted,mining,-77.87222,48.0911,Boreal Shield,Southwestern Hudson Bay Drainage Area,NA - 04,Chromium (and its compounds),tonnes,On-Site Disposal / Élimination sur le site,Tailings,9.6,https://www.canada.ca/en/environment-climate-change/services/national-pollutant-release-inventory/tools-resources-data/exploredata.html,POINT (-77.87222 48.0911)
npri-8757-2023-87,2023,8757,Division Goldex,Agnico-Eagle Mines Lted,mining,-77.87222,48.0911,Boreal Shield,Southwestern Hudson Bay Drainage Area,NA - 05,Cobalt (and its compounds),kg,On-Site Disposal / Élimination sur le site,Tailings,1008.28,https://www.canada.ca/en/environment-climate-change/services/national-pollutant-release-inventory/tools-resources-data/exploredata.html,POINT (-77.87222 48.0911)
npri-8757-2023-88,2023,8757,Division Goldex,Agnico-Eagle Mines Lted,mining,-77.87222,48.0911,Boreal Shield,Southwestern Hudson Bay Drainage Area,NA - 06,Copper (and its compounds),tonnes,On-Site Disposal / Élimination sur le site,Tailings,1.24,https://www.canada.ca/en/environment-climate-change/services/national-pollutant-release-inventory/tools-resources-data/exploredata.html,POINT (-77.87222 48.0911)
npri-8757-2023-89,2023,8757,Division Goldex,Agnico-Eagle Mines Lted,mining,-77.87222,48.0911,Boreal Shield,Southwestern Hudson Bay Drainage Area,NA - 08,Lead (and its compounds),kg,On-Site Disposal / Élimination sur le site,Tailings,109.24,https://www.canada.ca/en/environment-climate-change/services/national-pollutant-release-inventory/tools-resources-data/exploredata.html,POINT (-77.87222 48.0911)
npri-8757-2023-90,2023,8757,Division Goldex,Agnico-Eagle Mines Lted,mining,-77.87222,48.0911,Boreal Shield,Southwestern Hudson Bay Drainage Area,NA - 09,Manganese (and its compounds),tonnes,On-Site Disposal / Élimination sur le site,Tailings,40.23,https://www.canada.ca/en/environment-climate-change/services/national-pollutant-release-inventory/tools-resources-data/exploredata.html,POINT (-77.87222 48.0911)
npri-8757-2023-91,2023,8757,Division Goldex,Agnico-Eagle Mines Lted,mining,-77.87222,48.0911,Boreal Shield,Southwestern Hudson Bay Drainage Area,NA - 11,Nickel (and its compounds),tonnes,On-Site Disposal / Élimination sur le site,Tailings,3.36,https://www.canada.ca/en/environment-climate-change/services/national-pollutant-release-inventory/tools-resources-data/exploredata.html,POINT (-77.87222 48.0911)
npri-8757-2023-92,2023,8757,Division Goldex,Agnico-Eagle Mines Lted,mining,-77.87222,48.0911,Boreal Shield,Southwestern Hudson Bay Drainage Area,NA - 40,Vanadium (and its compounds),tonnes,On-Site Disposal / Élimination sur le site,Tailings,4.72,https://www.canada.ca/en/environment-climate-change/services/national-pollutant-release-inventory/tools-resources-data/exploredata.html,POINT (-77.87222 48.0911)
npri-8757-2023-93,2023,8757,Division Goldex,Agnico-Eagle Mines Lted,mining,-77.87222,48.0911,Boreal Shield,Southwestern Hudson Bay Drainage Area,NA - 14,Zinc (and its compounds),tonnes,On-Site Disposal / Élimination sur le site,Tailings,3.32,https://www.canada.ca/en/environment-climate-change/services/national-pollutant-release-inventory/tools-resources-data/exploredata.html,POINT (-77.87222 48.0911)
npri-26132-2023-193,2023,26132,Young-Davidson,Alamos Gold Incorporated,mining,-80.67722,47.94722,Boreal Shield,St. Lawrence Drainage Area,NA - 01,Antimony (and its compounds),tonnes,On-Site Disposal / Élimination sur le site,Tailings,1.349,https://www.canada.ca/en/environment-climate-change/services/national-pollutant-release-inventory/tools-resources-data/exploredata.html,POINT (-80.67722 47.94722)
npri-11454-2023-149,2023,11454,Island Gold Mine,Alamos Gold Incorporated,mining,-84.43404,48.30072,Boreal Shield,St. Lawrence Drainage Area,NA - 02,Arsenic (and its compounds),kg,On-Site Disposal / Élimination sur le site,Tailings,18532.723,https://www.canada.ca/en/environment-climate-change/services/national-pollutant-release-inventory/tools-resources-data/exploredata.html,POINT (-84.43404 48.30072)
npri-26132-2023-194,2023,26132,Young-Davidson,Alamos Gold Incorporated,mining,-80.67722,47.94722,Boreal Shield,St. Lawrence Drainage Area,NA - 02,Arsenic (and its compounds),kg,On-Site Disposal / Élimination sur le site,Tailings,2794.974,https://www.canada.ca/en/environment-climate-change/services/national-pollutant-release-inventory/tools-resources-data/exploredata.html,POINT (-80.67722 47.94722)
npri-11454-2023-150,2023,11454,Island Gold Mine,Alamos Gold Incorporated,mining,-84.43404,48.30072,Boreal Shield,St. Lawrence Drainage Area,NA - 03,Cadmium (and its compounds),kg,On-Site Disposal / Élimination sur le site,Tailings,28.206,https://www.canada.ca/en/environment-climate-change/services/national-pollutant-release-inventory/tools-resources-data/exploredata.html,POINT (-84.43404 48.30072)
npri-26132-2023-195,2023,26132,Young-Davidson,Alamos Gold Incorporated,mining,-80.67722,47.94722,Boreal Shield,St. Lawrence Drainage Area,NA - 03,Cadmium (and its compounds),kg,On-Site Disposal / Élimination sur le site,Tailings,315.954,https://www.canada.ca/en/environment-climate-change/services/national-pollutant-release-inventory/tools-resources-data/exploredata.html,POINT (-80.67722 47.94722)
npri-11454-2023-151,2023,11454,Island Gold Mine,Alamos Gold Incorporated,mining,-84.43404,48.30072,Boreal Shield,St. Lawrence Drainage Area,NA - 04,Chromium (and its compounds),tonnes,On-Site Disposal / Élimination sur le site,Tailings,32.805,https://www.canada.ca/en/environment-climate-change/services/national-pollutant-release-inventory/tools-resources-data/exploredata.html,POINT (-84.43404 48.30072)
npri-26132-2023-196,2023,26132,Young-Davidson,Alamos Gold Incorporated,mining,-80.67722,47.94722,Boreal Shield,St. Lawrence Drainage Area,NA - 04,Chromium (and its compounds),tonnes,On-Site Disposal / Élimination sur le site,Tailings,123.222,https://www.canada.ca/en/environment-climate-change/services/national-pollutant-release-inventory/tools-resources-data/exploredata.html,POINT (-80.67722 47.94722)
npri-11454-2023-152,2023,11454,Island Gold Mine,Alamos Gold Incorporated,mining,-84.43404,48.30072,Boreal Shield,St. Lawrence Drainage Area,NA - 05,Cobalt (and its compounds),kg,On-Site Disposal / Élimination sur le site,Tailings,5805.881,https://www.canada.ca/en/environment-climate-change/services/national-pollutant-release-inventory/tools-resources-data/exploredata.html,POINT (-84.43404 48.30072)
npri-26132-2023-197,2023,26132,Young-Davidson,Alamos Gold Incorporated,mining,-80.67722,47.94722,Boreal Shield,St. Lawrence Drainage Area,NA - 05,Cobalt (and its compounds),kg,On-Site Disposal / Élimination sur le site,Tailings,17899.984,https://www.canada.ca/en/environment-climate-change/services/national-pollutant-release-inventory/tools-resources-data/exploredata.html,POINT (-80.67722 47.94722)
npri-11454-2023-153,2023,11454,Island Gold Mine,Alamos Gold Incorporated,mining,-84.43404,48.30072,Boreal Shield,St. Lawrence Drainage Area,NA - 06,Copper (and its compounds),tonnes,On-Site Disposal / Élimination sur le site,Tailings,14.689,https://www.canada.ca/en/environment-climate-change/services/national-pollutant-release-inventory/tools-resources-data/exploredata.html,POINT (-84.43404 48.30072)
npri-26132-2023-198,2023,26132,Young-Davidson,Alamos Gold Incorporated,mining,-80.67722,47.94722,Boreal Shield,St. Lawrence Drainage Area,NA - 06,Copper (and its compounds),tonnes,On-Site Disposal / Élimination sur le site,Tailings,267.224,https://www.canada.ca/en/environment-climate-change/services/national-pollutant-release-inventory/tools-resources-data/exploredata.html,POINT (-80.67722 47.94722)
npri-11454-2023-154,2023,11454,Island Gold Mine,Alamos Gold Incorporated,mining,-84.43404,48.30072,Boreal Shield,St. Lawrence Drainage Area,NA - 08,Lead (and its compounds),kg,On-Site Disposal / Élimination sur le site,Tailings,1656.158,https://www.canada.ca/en/environment-climate-change/services/national-pollutant-release-inventory/tools-resources-data/exploredata.html,POINT (-84.43404 48.30072)
npri-26132-2023-199,2023,26132,Young-Davidson,Alamos Gold Incorporated,mining,-80.67722,47.94722,Boreal Shield,St. Lawrence Drainage Area,NA - 08,Lead (and its compounds),kg,On-Site Disposal / Élimination sur le site,Tailings,55291.873,https://www.canada.ca/en/environment-climate-change/services/national-pollutant-release-inventory/tools-resources-data/exploredata.html,POINT (-80.67722 47.94722)
npri-11454-2023-155,2023,11454,Island Gold Mine,Alamos Gold Incorporated,mining,-84.43404,48.30072,Boreal Shield,St. Lawrence Drainage Area,NA - 09,Manganese (and its compounds),tonnes,On-Site Disposal / Élimination sur le site,Tailings,235.308,https://www.canada.ca/en/environment-climate-change/services/national-pollutant-release-inventory/tools-resources-data/exploredata.html,POINT (-84.43404 48.30072)
npri-26132-2023-200,2023,26132,Young-Davidson,Alamos Gold Incorporated,mining,-80.67722,47.94722,Boreal Shield,St. Lawrence Drainage Area,NA - 09,Manganese (and its compounds),tonnes,On-Site Disposal / Élimination sur le site,Tailings,1309.992,https://www.canada.ca/en/environment-climate-change/services/national-pollutant-release-inventory/tools-resources-data/exploredata.html,POINT (-80.67722 47.94722)
npri-11454-2023-156,2023,11454,Island Gold Mine,Alamos Gold Incorporated,mining,-84.43404,48.30072,Boreal Shield,St. Lawrence Drainage Area,NA - 10,Mercury (and its compounds),kg,On-Site Disposal / Élimination sur le site,Tailings,477.641,https://www.canada.ca/en/environment-climate-change/services/national-pollutant-release-inventory/tools-resources-data/exploredata.html,POINT (-84.43404 48.30072)
npri-11454-2023-157,2023,11454,Island Gold Mine,Alamos Gold Incorporated,mining,-84.43404,48.30072,Boreal Shield,St. Lawrence Drainage Area,NA - 11,Nickel (and its compounds),tonnes,On-Site Disposal / Élimination sur le site,Tailings,12.424,https://www.canada.ca/en/environment-climate-change/services/national-pollutant-release-inventory/tools-resources-data/exploredata.html,POINT (-84.43404 48.30072)
npri-26132-2023-201,2023,26132,Young-Davidson,Alamos Gold Incorporated,mining,-80.67722,47.94722,Boreal Shield,St. Lawrence Drainage Area,NA - 11,Nickel (and its compounds),tonnes,On-Site Disposal / Élimination sur le site,Tailings,48.608,https://www.canada.ca/en/environment-climate-change/services/national-pollutant-release-inventory/tools-resources-data/exploredata.html,POINT (-80.67722 47.94722)
npri-26132-2023-202,2023,26132,Young-Davidson,Alamos Gold Incorporated,mining,-80.67722,47.94722,Boreal Shield,St. Lawrence Drainage Area,NA - 22,Phosphorus (total),tonnes,On-Site Disposal / Élimination sur le site,Tailings,1697.643,https://www.canada.ca/en/environment-climate-change/services/national-pollutant-release-inventory/tools-resources-data/exploredata.html,POINT (-80.67722 47.94722)
npri-11454-2023-158,2023,11454,Island Gold Mine,Alamos Gold Incorporated,mining,-84.43404,48.30072,Boreal Shield,St. Lawrence Drainage Area,NA - 12,Selenium (and its compounds),kg,On-Site Disposal / Élimination sur le site,Tailings,193.164,https://www.canada.ca/en/environment-climate-change/services/national-pollutant-release-inventory/tools-resources-data/exploredata.html,POINT (-84.43404 48.30072)
npri-26132-2023-203,2023,26132,Young-Davidson,Alamos Gold Incorporated,mining,-80.67722,47.94722,Boreal Shield,St. Lawrence Drainage Area,NA - 12,Selenium (and its compounds),kg,On-Site Disposal / Élimination sur le site,Tailings,850.644,https://www.canada.ca/en/environment-climate-change/services/national-pollutant-release-inventory/tools-resources-data/exploredata.html,POINT (-80.67722 47.94722)
npri-26132-2023-204,2023,26132,Young-Davidson,Alamos Gold Incorporated,mining,-80.67722,47.94722,Boreal Shield,St. Lawrence Drainage Area,NA - 13,Silver (and its compounds),tonnes,On-Site Disposal / Élimination sur le site,Tailings,1.106,https://www.canada.ca/en/environment-climate-change/services/national-pollutant-release-inventory/tools-resources-data/exploredata.html,POINT (-80.67722 47.94722)
npri-26132-2023-205,2023,26132,Young-Davidson,Alamos Gold Incorporated,mining,-80.67722,47.94722,Boreal Shield,St. Lawrence Drainage Area,NA - 37,Thallium (and its compounds),kg,On-Site Disposal / Élimination sur le site,Tailings,1093.685,https://www.canada.ca/en/environment-climate-change/services/national-pollutant-release-inventory/tools-resources-data/exploredata.html,POINT (-80.67722 47.94722)
npri-26132-2023-206,2023,26132,Young-Davidson,Alamos Gold Incorporated,mining,-80.67722,47.94722,Boreal Shield,St. Lawrence Drainage Area,NA - 40,Vanadium (and its compounds),tonnes,On-Site Disposal / Élimination sur le site,Tailings,110.462,https://www.canada.ca/en/environment-climate-change/services/national-pollutant-release-inventory/tools-resources-data/exploredata.html,POINT (-80.67722 47.94722)
npri-11454-2023-159,2023,11454,Island Gold Mine,Alamos Gold Incorporated,mining,-84.43404,48.30072,Boreal Shield,St. Lawrence Drainage Area,NA - 14,Zinc (and its compounds),tonnes,On-Site Disposal / Élimination sur le site,Tailings,22.027,https://www.canada.ca/en/environment-climate-change/services/national-pollutant-release-inventory/tools-resources-data/exploredata.html,POINT (-84.43404 48.30072)
npri-26132-2023-207,2023,26132,Young-Davidson,Alamos Gold Incorporated,mining,-80.67722,47.94722,Boreal Shield,St. Lawrence Drainage Area,NA - 14,Zinc (and its compounds),tonnes,On-Site Disposal / Élimination sur le site,Tailings,75.343,https://www.canada.ca/en/environment-climate-change/services/national-pollutant-release-inventory/tools-resources-data/exploredata.html,POINT (-80.67722 47.94722)
npri-2000-2023-157,2023,2000,Usine de Bouletage de Port-Cartier,ArcelorMittal Exploitation Minière Canada s.e.n.c.,mining,-66.791,50.0334,Boreal Shield,St. Lawrence Drainage Area,NA - 02,Arsenic (and its compounds),kg,On-Site Disposal / Élimination sur le site,Tailings,301.292,https://www.canada.ca/en/environment-climate-change/services/national-pollutant-release-inventory/tools-resources-data/exploredata.html,POINT (-66.791 50.0334)
npri-2000-2023-158,2023,2000,Usine de Bouletage de Port-Cartier,ArcelorMittal Exploitation Minière Canada s.e.n.c.,mining,-66.791,50.0334,Boreal Shield,St. Lawrence Drainage Area,NA - 03,Cadmium (and its compounds),kg,On-Site Disposal / Élimination sur le site,Tailings,4.231,https://www.canada.ca/en/environment-climate-change/services/national-pollutant-release-inventory/tools-resources-data/exploredata.html,POINT (-66.791 50.0334)
npri-2000-2023-159,2023,2000,Usine de Bouletage de Port-Cartier,ArcelorMittal Exploitation Minière Canada s.e.n.c.,mining,-66.791,50.0334,Boreal Shield,St. Lawrence Drainage Area,NA - 04,Chromium (and its compounds),tonnes,On-Site Disposal / Élimination sur le site,Tailings,0.796,https://www.canada.ca/en/environment-climate-change/services/national-pollutant-release-inventory/tools-resources-data/exploredata.html,POINT (-66.791 50.0334)
npri-6217-2023-147,2023,6217,Mine de Mont-Wright,ArcelorMittal Exploitation Minière Canada s.e.n.c.,mining,-67.3197,52.7643,Boreal Shield,St. Lawrence Drainage Area,NA - 04,Chromium (and its compounds),tonnes,On-Site Disposal / Élimination sur le site,Tailings,104.758,https://www.canada.ca/en/environment-climate-change/services/national-pollutant-release-inventory/tools-resources-data/exploredata.html,POINT (-67.3197 52.7643)
npri-6217-2023-148,2023,6217,Mine de Mont-Wright,ArcelorMittal Exploitation Minière Canada s.e.n.c.,mining,-67.3197,52.7643,Boreal Shield,St. Lawrence Drainage Area,NA - 05,Cobalt (and its compounds),kg,On-Site Disposal / Élimination sur le site,Tailings,52441.757,https://www.canada.ca/en/environment-climate-change/services/national-pollutant-release-inventory/tools-resources-data/exploredata.html,POINT (-67.3197 52.7643)
npri-6217-2023-149,2023,6217,Mine de Mont-Wright,ArcelorMittal Exploitation Minière Canada s.e.n.c.,mining,-67.3197,52.7643,Boreal Shield,St. Lawrence Drainage Area,NA - 06,Copper (and its compounds),tonnes,On-Site Disposal / Élimination sur le site,Tailings,61.299,https://www.canada.ca/en/environment-climate-change/services/national-pollutant-release-inventory/tools-resources-data/exploredata.html,POINT (-67.3197 52.7643)
npri-2000-2023-160,2023,2000,Usine de Bouletage de Port-Cartier,ArcelorMittal Exploitation Minière Canada s.e.n.c.,mining,-66.791,50.0334,Boreal Shield,St. Lawrence Drainage Area,NA - 08,Lead (and its compounds),kg,On-Site Disposal / Élimination sur le site,Tailings,633.27,https://www.canada.ca/en/environment-climate-change/services/national-pollutant-release-inventory/tools-resources-data/exploredata.html,POINT (-66.791 50.0334)
npri-2000-2023-161,2023,2000,Usine de Bouletage de Port-Cartier,ArcelorMittal Exploitation Minière Canada s.e.n.c.,mining,-66.791,50.0334,Boreal Shield,St. Lawrence Drainage Area,NA - 09,Manganese (and its compounds),tonnes,On-Site Disposal / Élimination sur le site,Tailings,41.08,https://www.canada.ca/en/environment-climate-change/services/national-pollutant-release-inventory/tools-resources-data/exploredata.html,POINT (-66.791 50.0334)
npri-6217-2023-150,2023,6217,Mine de Mont-Wright,ArcelorMittal Exploitation Minière Canada s.e.n.c.,mining,-67.3197,52.7643,Boreal Shield,St. Lawrence Drainage Area,NA - 09,Manganese (and its compounds),tonnes,On-Site Disposal / Élimination sur le site,Tailings,4238.749,https://www.canada.ca/en/environment-climate-change/services/national-pollutant-release-inventory/tools-resources-data/exploredata.html,POINT (-67.3197 52.7643)
npri-6217-2023-151,2023,6217,Mine de Mont-Wright,ArcelorMittal Exploitation Minière Canada s.e.n.c.,mining,-67.3197,52.7643,Boreal Shield,St. Lawrence Drainage Area,NA - 10,Mercury (and its compounds),kg,On-Site Disposal / Élimination sur le site,Tailings,604.795,https://www.canada.ca/en/environment-climate-change/services/national-pollutant-release-inventory/tools-resources-data/exploredata.html,POINT (-67.3197 52.7643)
npri-6217-2023-152,2023,6217,Mine de Mont-Wright,ArcelorMittal Exploitation Minière Canada s.e.n.c.,mining,-67.3197,52.7643,Boreal Shield,St. Lawrence Drainage Area,NA - 11,Nickel (and its compounds),tonnes,On-Site Disposal / Élimination sur le site,Tailings,150.743,https://www.canada.ca/en/environment-climate-change/services/national-pollutant-release-inventory/tools-resources-data/exploredata.html,POINT (-67.3197 52.7643)
npri-2000-2023-162,2023,2000,Usine de Bouletage de Port-Cartier,ArcelorMittal Exploitation Minière Canada s.e.n.c.,mining,-66.791,50.0334,Boreal Shield,St. Lawrence Drainage Area,NA - 22,Phosphorus (total),tonnes,On-Site Disposal / Élimination sur le site,Tailings,236.58,https://www.canada.ca/en/environment-climate-change/services/national-pollutant-release-inventory/tools-resources-data/exploredata.html,POINT (-66.791 50.0334)
npri-6217-2023-153,2023,6217,Mine de Mont-Wright,ArcelorMittal Exploitation Minière Canada s.e.n.c.,mining,-67.3197,52.7643,Boreal Shield,St. Lawrence Drainage Area,NA - 22,Phosphorus (total),tonnes,On-Site Disposal / Élimination sur le site,Tailings,7465.76,https://www.canada.ca/en/environment-climate-change/services/national-pollutant-release-inventory/tools-resources-data/exploredata.html,POINT (-67.3197 52.7643)
npri-2000-2023-163,2023,2000,Usine de Bouletage de Port-Cartier,ArcelorMittal Exploitation Minière Canada s.e.n.c.,mining,-66.791,50.0334,Boreal Shield,St. Lawrence Drainage Area,NA - 37,Thallium (and its compounds),kg,On-Site Disposal / Élimination sur le site,Tailings,34.546,https://www.canada.ca/en/environment-climate-change/services/national-pollutant-release-inventory/tools-resources-data/exploredata.html,POINT (-66.791 50.0334)
npri-6217-2023-154,2023,6217,Mine de Mont-Wright,ArcelorMittal Exploitation Minière Canada s.e.n.c.,mining,-67.3197,52.7643,Boreal Shield,St. Lawrence Drainage Area,NA - 40,Vanadium (and its compounds),tonnes,On-Site Disposal / Élimination sur le site,Tailings,77.199,https://www.canada.ca/en/environment-climate-change/services/national-pollutant-release-inventory/tools-resources-data/exploredata.html,POINT (-67.3197 52.7643)
npri-1147-2023-37,2023,1147,Rabbit Lake Operation,Cameco Corporation,mining,-103.7158,58.1938,Boreal Shield,Great Slave Lake Drainage Area,NA - 02,Arsenic (and its compounds),kg,On-Site Disposal / Élimination sur le site,Tailings,1323.37,https://www.canada.ca/en/environment-climate-change/services/national-pollutant-release-inventory/tools-resources-data/exploredata.html,POINT (-103.7158 58.1938)
npri-1148-2023-129,2023,1148,Key Lake Operation,Cameco Corporation,mining,-105.6788,57.2122,Boreal Shield,Western and Northern Hudson Bay Drainage Area,NA - 02,Arsenic (and its compounds),kg,On-Site Disposal / Élimination sur le site,Tailings,179251.23,https://www.canada.ca/en/environment-climate-change/services/national-pollutant-release-inventory/tools-resources-data/exploredata.html,POINT (-105.6788 57.2122)
npri-1148-2023-130,2023,1148,Key Lake Operation,Cameco Corporation,mining,-105.6788,57.2122,Boreal Shield,Western and Northern Hudson Bay Drainage Area,NA - 03,Cadmium (and its compounds),kg,On-Site Disposal / Élimination sur le site,Tailings,82.1,https://www.canada.ca/en/environment-climate-change/services/national-pollutant-release-inventory/tools-resources-data/exploredata.html,POINT (-105.6788 57.2122)
npri-1148-2023-131,2023,1148,Key Lake Operation,Cameco Corporation,mining,-105.6788,57.2122,Boreal Shield,Western and Northern Hudson Bay Drainage Area,NA - 05,Cobalt (and its compounds),kg,On-Site Disposal / Élimination sur le site,Tailings,12588.64,https://www.canada.ca/en/environment-climate-change/services/national-pollutant-release-inventory/tools-resources-data/exploredata.html,POINT (-105.6788 57.2122)
npri-1148-2023-132,2023,1148,Key Lake Operation,Cameco Corporation,mining,-105.6788,57.2122,Boreal Shield,Western and Northern Hudson Bay Drainage Area,NA - 06,Copper (and its compounds),tonnes,On-Site Disposal / Élimination sur le site,Tailings,25.998,https://www.canada.ca/en/environment-climate-change/services/national-pollutant-release-inventory/tools-resources-data/exploredata.html,POINT (-105.6788 57.2122)
npri-1148-2023-133,2023,1148,Key Lake Operation,Cameco Corporation,mining,-105.6788,57.2122,Boreal Shield,Western and Northern Hudson Bay Drainage Area,NA - 08,Lead (and its compounds),kg,On-Site Disposal / Élimination sur le site,Tailings,8894.145,https://www.canada.ca/en/environment-climate-change/services/national-pollutant-release-inventory/tools-resources-data/exploredata.html,POINT (-105.6788 57.2122)
npri-1148-2023-134,2023,1148,Key Lake Operation,Cameco Corporation,mining,-105.6788,57.2122,Boreal Shield,Western and Northern Hudson Bay Drainage Area,NA - 09,Manganese (and its compounds),tonnes,On-Site Disposal / Élimination sur le site,Tailings,40.639,https://www.canada.ca/en/environment-climate-change/services/national-pollutant-release-inventory/tools-resources-data/exploredata.html,POINT (-105.6788 57.2122)
npri-1148-2023-135,2023,1148,Key Lake Operation,Cameco Corporation,mining,-105.6788,57.2122,Boreal Shield,Western and Northern Hudson Bay Drainage Area,NA - 11,Nickel (and its compounds),tonnes,On-Site Disposal / Élimination sur le site,Tailings,131.36,https://www.canada.ca/en/environment-climate-change/services/national-pollutant-release-inventory/tools-resources-data/exploredata.html,POINT (-105.6788 57.2122)
npri-1148-2023-136,2023,1148,Key Lake Operation,Cameco Corporation,mining,-105.6788,57.2122,Boreal Shield,Western and Northern Hudson Bay Drainage Area,NA - 12,Selenium (and its compounds),kg,On-Site Disposal / Élimination sur le site,Tailings,1122.03,https://www.canada.ca/en/environment-climate-change/services/national-pollutant-release-inventory/tools-resources-data/exploredata.html,POINT (-105.6788 57.2122)
npri-1148-2023-137,2023,1148,Key Lake Operation,Cameco Corporation,mining,-105.6788,57.2122,Boreal Shield,Western and Northern Hudson Bay Drainage Area,NA - 40,Vanadium (and its compounds),tonnes,On-Site Disposal / Élimination sur le site,Tailings,94.415,https://www.canada.ca/en/environment-climate-change/services/national-pollutant-release-inventory/tools-resources-data/exploredata.html,POINT (-105.6788 57.2122)
npri-1148-2023-138,2023,1148,Key Lake Operation,Cameco Corporation,mining,-105.6788,57.2122,Boreal Shield,Western and Northern Hudson Bay Drainage Area,NA - 14,Zinc (and its compounds),tonnes,On-Site Disposal / Élimination sur le site,Tailings,16.694,https://www.canada.ca/en/environment-climate-change/services/national-pollutant-release-inventory/tools-resources-data/exploredata.html,POINT (-105.6788 57.2122)
npri-29191-2023-87,2023,29191,Mount Milligan Mine,Centerra Gold Inc.,mining,-124.00305,55.12046,Montane Cordillera,Great Slave Lake Drainage Area,NA - 01,Antimony (and its compounds),tonnes,On-Site Disposal / Élimination sur le site,Tailings,17.258,https://www.canada.ca/en/environment-climate-change/services/national-pollutant-release-inventory/tools-resources-data/exploredata.html,POINT (-124.00305 55.12046)
npri-29191-2023-88,2023,29191,Mount Milligan Mine,Centerra Gold Inc.,mining,-124.00305,55.12046,Montane Cordillera,Great Slave Lake Drainage Area,NA - 02,Arsenic (and its compounds),kg,On-Site Disposal / Élimination sur le site,Tailings,181773.586,https://www.canada.ca/en/environment-climate-change/services/national-pollutant-release-inventory/tools-resources-data/exploredata.html,POINT (-124.00305 55.12046)
npri-29191-2023-89,2023,29191,Mount Milligan Mine,Centerra Gold Inc.,mining,-124.00305,55.12046,Montane Cordillera,Great Slave Lake Drainage Area,NA - 03,Cadmium (and its compounds),kg,On-Site Disposal / Élimination sur le site,Tailings,4260.629,https://www.canada.ca/en/environment-climate-change/services/national-pollutant-release-inventory/tools-resources-data/exploredata.html,POINT (-124.00305 55.12046)
npri-29191-2023-90,2023,29191,Mount Milligan Mine,Centerra Gold Inc.,mining,-124.00305,55.12046,Montane Cordillera,Great Slave Lake Drainage Area,NA - 04,Chromium (and its compounds),tonnes,On-Site Disposal / Élimination sur le site,Tailings,2229.071,https://www.canada.ca/en/environment-climate-change/services/national-pollutant-release-inventory/tools-resources-data/exploredata.html,POINT (-124.00305 55.12046)
npri-29191-2023-91,2023,29191,Mount Milligan Mine,Centerra Gold Inc.,mining,-124.00305,55.12046,Montane Cordillera,Great Slave Lake Drainage Area,NA - 05,Cobalt (and its compounds),kg,On-Site Disposal / Élimination sur le site,Tailings,363084.63,https://www.canada.ca/en/environment-climate-change/services/national-pollutant-release-inventory/tools-resources-data/exploredata.html,POINT (-124.00305 55.12046)
npri-29191-2023-92,2023,29191,Mount Milligan Mine,Centerra Gold Inc.,mining,-124.00305,55.12046,Montane Cordillera,Great Slave Lake Drainage Area,NA - 06,Copper (and its compounds),tonnes,On-Site Disposal / Élimination sur le site,Tailings,8641.29,https://www.canada.ca/en/environment-climate-change/services/national-pollutant-release-inventory/tools-resources-data/exploredata.html,POINT (-124.00305 55.12046)
npri-29191-2023-93,2023,29191,Mount Milligan Mine,Centerra Gold Inc.,mining,-124.00305,55.12046,Montane Cordillera,Great Slave Lake Drainage Area,NA - 08,Lead (and its compounds),kg,On-Site Disposal / Élimination sur le site,Tailings,98693.383,https://www.canada.ca/en/environment-climate-change/services/national-pollutant-release-inventory/tools-resources-data/exploredata.html,POINT (-124.00305 55.12046)
npri-29191-2023-94,2023,29191,Mount Milligan Mine,Centerra Gold Inc.,mining,-124.00305,55.12046,Montane Cordillera,Great Slave Lake Drainage Area,NA - 09,Manganese (and its compounds),tonnes,On-Site Disposal / Élimination sur le site,Tailings,13276.631,https://www.canada.ca/en/environment-climate-change/services/national-pollutant-release-inventory/tools-resources-data/exploredata.html,POINT (-124.00305 55.12046)
npri-29191-2023-95,2023,29191,Mount Milligan Mine,Centerra Gold Inc.,mining,-124.00305,55.12046,Montane Cordillera,Great Slave Lake Drainage Area,NA - 10,Mercury (and its compounds),kg,On-Site Disposal / Élimination sur le site,Tailings,4604.886,https://www.canada.ca/en/environment-climate-change/services/national-pollutant-release-inventory/tools-resources-data/exploredata.html,POINT (-124.00305 55.12046)
npri-29191-2023-96,2023,29191,Mount Milligan Mine,Centerra Gold Inc.,mining,-124.00305,55.12046,Montane Cordillera,Great Slave Lake Drainage Area,NA - 11,Nickel (and its compounds),tonnes,On-Site Disposal / Élimination sur le site,Tailings,570.877,https://www.canada.ca/en/environment-climate-change/services/national-pollutant-release-inventory/tools-resources-data/exploredata.html,POINT (-124.00305 55.12046)
npri-29191-2023-97,2023,29191,Mount Milligan Mine,Centerra Gold Inc.,mining,-124.00305,55.12046,Montane Cordillera,Great Slave Lake Drainage Area,NA - 22,Phosphorus (total),tonnes,On-Site Disposal / Élimination sur le site,Tailings,28829.813,https://www.canada.ca/en/environment-climate-change/services/national-pollutant-release-inventory/tools-resources-data/exploredata.html,POINT (-124.00305 55.12046)
npri-29191-2023-98,2023,29191,Mount Milligan Mine,Centerra Gold Inc.,mining,-124.00305,55.12046,Montane Cordillera,Great Slave Lake Drainage Area,NA - 12,Selenium (and its compounds),kg,On-Site Disposal / Élimination sur le site,Tailings,57661.869,https://www.canada.ca/en/environment-climate-change/services/national-pollutant-release-inventory/tools-resources-data/exploredata.html,POINT (-124.00305 55.12046)
npri-29191-2023-99,2023,29191,Mount Milligan Mine,Centerra Gold Inc.,mining,-124.00305,55.12046,Montane Cordillera,Great Slave Lake Drainage Area,NA - 37,Thallium (and its compounds),kg,On-Site Disposal / Élimination sur le site,Tailings,20911.855,https://www.canada.ca/en/environment-climate-change/services/national-pollutant-release-inventory/tools-resources-data/exploredata.html,POINT (-124.00305 55.12046)
npri-29191-2023-100,2023,29191,Mount Milligan Mine,Centerra Gold Inc.,mining,-124.00305,55.12046,Montane Cordillera,Great Slave Lake Drainage Area,NA - 40,Vanadium (and its compounds),tonnes,On-Site Disposal / Élimination sur le site,Tailings,2618.87,https://www.canada.ca/en/environment-climate-change/services/national-pollutant-release-inventory/tools-resources-data/exploredata.html,POINT (-124.00305 55.12046)
npri-29191-2023-101,2023,29191,Mount Milligan Mine,Centerra Gold Inc.,mining,-124.00305,55.12046,Montane Cordillera,Great Slave Lake Drainage Area,NA - 14,Zinc (and its compounds),tonnes,On-Site Disposal / Élimination sur le site,Tailings,930.559,https://www.canada.ca/en/environment-climate-change/services/national-pollutant-release-inventory/tools-resources-data/exploredata.html,POINT (-124.00305 55.12046)
npri-30798-2023-119,2023,30798,Copper Mountain Mine,Copper Mountain Mine (BC) Ltd.,mining,-120.51,49.34556,Montane Cordillera,Pacific Drainage Area,NA - 02,Arsenic (and its compounds),kg,On-Site Disposal / Élimination sur le site,Tailings,115763.88,https://www.canada.ca/en/environment-climate-change/services/national-pollutant-release-inventory/tools-resources-data/exploredata.html,POINT (-120.51 49.34556)
npri-30798-2023-120,2023,30798,Copper Mountain Mine,Copper Mountain Mine (BC) Ltd.,mining,-120.51,49.34556,Montane Cordillera,Pacific Drainage Area,NA - 03,Cadmium (and its compounds),kg,On-Site Disposal / Élimination sur le site,Tailings,2083.7498,https://www.canada.ca/en/environment-climate-change/services/national-pollutant-release-inventory/tools-resources-data/exploredata.html,POINT (-120.51 49.34556)
npri-30798-2023-121,2023,30798,Copper Mountain Mine,Copper Mountain Mine (BC) Ltd.,mining,-120.51,49.34556,Montane Cordillera,Pacific Drainage Area,NA - 04,Chromium (and its compounds),tonnes,On-Site Disposal / Élimination sur le site,Tailings,671.4305,https://www.canada.ca/en/environment-climate-change/services/national-pollutant-release-inventory/tools-resources-data/exploredata.html,POINT (-120.51 49.34556)
npri-30798-2023-122,2023,30798,Copper Mountain Mine,Copper Mountain Mine (BC) Ltd.,mining,-120.51,49.34556,Montane Cordillera,Pacific Drainage Area,NA - 05,Cobalt (and its compounds),kg,On-Site Disposal / Élimination sur le site,Tailings,221109.0108,https://www.canada.ca/en/environment-climate-change/services/national-pollutant-release-inventory/tools-resources-data/exploredata.html,POINT (-120.51 49.34556)
npri-30798-2023-123,2023,30798,Copper Mountain Mine,Copper Mountain Mine (BC) Ltd.,mining,-120.51,49.34556,Montane Cordillera,Pacific Drainage Area,NA - 06,Copper (and its compounds),tonnes,On-Site Disposal / Élimination sur le site,Tailings,6702.7287,https://www.canada.ca/en/environment-climate-change/services/national-pollutant-release-inventory/tools-resources-data/exploredata.html,POINT (-120.51 49.34556)
npri-30798-2023-124,2023,30798,Copper Mountain Mine,Copper Mountain Mine (BC) Ltd.,mining,-120.51,49.34556,Montane Cordillera,Pacific Drainage Area,NA - 08,Lead (and its compounds),kg,On-Site Disposal / Élimination sur le site,Tailings,50936.1072,https://www.canada.ca/en/environment-climate-change/services/national-pollutant-release-inventory/tools-resources-data/exploredata.html,POINT (-120.51 49.34556)
npri-30798-2023-125,2023,30798,Copper Mountain Mine,Copper Mountain Mine (BC) Ltd.,mining,-120.51,49.34556,Montane Cordillera,Pacific Drainage Area,NA - 09,Manganese (and its compounds),tonnes,On-Site Disposal / Élimination sur le site,Tailings,7397.3119,https://www.canada.ca/en/environment-climate-change/services/national-pollutant-release-inventory/tools-resources-data/exploredata.html,POINT (-120.51 49.34556)
npri-30798-2023-126,2023,30798,Copper Mountain Mine,Copper Mountain Mine (BC) Ltd.,mining,-120.51,49.34556,Montane Cordillera,Pacific Drainage Area,NA - 10,Mercury (and its compounds),kg,On-Site Disposal / Élimination sur le site,Tailings,231.5278,https://www.canada.ca/en/environment-climate-change/services/national-pollutant-release-inventory/tools-resources-data/exploredata.html,POINT (-120.51 49.34556)
npri-30798-2023-127,2023,30798,Copper Mountain Mine,Copper Mountain Mine (BC) Ltd.,mining,-120.51,49.34556,Montane Cordillera,Pacific Drainage Area,NA - 11,Nickel (and its compounds),tonnes,On-Site Disposal / Élimination sur le site,Tailings,185.2222,https://www.canada.ca/en/environment-climate-change/services/national-pollutant-release-inventory/tools-resources-data/exploredata.html,POINT (-120.51 49.34556)
npri-30798-2023-128,2023,30798,Copper Mountain Mine,Copper Mountain Mine (BC) Ltd.,mining,-120.51,49.34556,Montane Cordillera,Pacific Drainage Area,NA - 22,Phosphorus (total),tonnes,On-Site Disposal / Élimination sur le site,Tailings,15049.3044,https://www.canada.ca/en/environment-climate-change/services/national-pollutant-release-inventory/tools-resources-data/exploredata.html,POINT (-120.51 49.34556)
npri-30798-2023-129,2023,30798,Copper Mountain Mine,Copper Mountain Mine (BC) Ltd.,mining,-120.51,49.34556,Montane Cordillera,Pacific Drainage Area,NA - 12,Selenium (and its compounds),kg,On-Site Disposal / Élimination sur le site,Tailings,11576.388,https://www.canada.ca/en/environment-climate-change/services/national-pollutant-release-inventory/tools-resources-data/exploredata.html,POINT (-120.51 49.34556)
npri-30798-2023-130,2023,30798,Copper Mountain Mine,Copper Mountain Mine (BC) Ltd.,mining,-120.51,49.34556,Montane Cordillera,Pacific Drainage Area,NA - 13,Silver (and its compounds),tonnes,On-Site Disposal / Élimination sur le site,Tailings,4.399,https://www.canada.ca/en/environment-climate-change/services/national-pollutant-release-inventory/tools-resources-data/exploredata.html,POINT (-120.51 49.34556)
npri-30798-2023-131,2023,30798,Copper Mountain Mine,Copper Mountain Mine (BC) Ltd.,mining,-120.51,49.34556,Montane Cordillera,Pacific Drainage Area,NA - 37,Thallium (and its compounds),kg,On-Site Disposal / Élimination sur le site,Tailings,463.0555,https://www.canada.ca/en/environment-climate-change/services/national-pollutant-release-inventory/tools-resources-data/exploredata.html,POINT (-120.51 49.34556)
npri-30798-2023-132,2023,30798,Copper Mountain Mine,Copper Mountain Mine (BC) Ltd.,mining,-120.51,49.34556,Montane Cordillera,Pacific Drainage Area,NA - 40,Vanadium (and its compounds),tonnes,On-Site Disposal / Élimination sur le site,Tailings,1377.5902,https://www.canada.ca/en/environment-climate-change/services/national-pollutant-release-inventory/tools-resources-data/exploredata.html,POINT (-120.51 49.34556)
npri-30798-2023-133,2023,30798,Copper Mountain Mine,Copper Mountain Mine (BC) Ltd.,mining,-120.51,49.34556,Montane Cordillera,Pacific Drainage Area,NA - 14,Zinc (and its compounds),tonnes,On-Site Disposal / Élimination sur le site,Tailings,590.3958,https://www.canada.ca/en/environment-climate-change/services/national-pollutant-release-inventory/tools-resources-data/exploredata.html,POINT (-120.51 49.34556)
npri-30807-2023-106,2023,30807,Eldorado Gold (Québec) Inc.,Eldorado Gold (Québec) Inc.,mining,-77.585005,48.094314,Boreal Shield,Southwestern Hudson Bay Drainage Area,NA - 02,Arsenic (and its compounds),kg,On-Site Disposal / Élimination sur le site,Tailings,3362.0,https://www.canada.ca/en/environment-climate-change/services/national-pollutant-release-inventory/tools-resources-data/exploredata.html,POINT (-77.585005 48.094314)
npri-30807-2023-107,2023,30807,Eldorado Gold (Québec) Inc.,Eldorado Gold (Québec) Inc.,mining,-77.585005,48.094314,Boreal Shield,Southwestern Hudson Bay Drainage Area,NA - 03,Cadmium (and its compounds),kg,On-Site Disposal / Élimination sur le site,Tailings,620.0,https://www.canada.ca/en/environment-climate-change/services/national-pollutant-release-inventory/tools-resources-data/exploredata.html,POINT (-77.585005 48.094314)
npri-30807-2023-108,2023,30807,Eldorado Gold (Québec) Inc.,Eldorado Gold (Québec) Inc.,mining,-77.585005,48.094314,Boreal Shield,Southwestern Hudson Bay Drainage Area,NA - 04,Chromium (and its compounds),tonnes,On-Site Disposal / Élimination sur le site,Tailings,77.0,https://www.canada.ca/en/environment-climate-change/services/national-pollutant-release-inventory/tools-resources-data/exploredata.html,POINT (-77.585005 48.094314)
npri-30807-2023-109,2023,30807,Eldorado Gold (Québec) Inc.,Eldorado Gold (Québec) Inc.,mining,-77.585005,48.094314,Boreal Shield,Southwestern Hudson Bay Drainage Area,NA - 05,Cobalt (and its compounds),kg,On-Site Disposal / Élimination sur le site,Tailings,13859.0,https://www.canada.ca/en/environment-climate-change/services/national-pollutant-release-inventory/tools-resources-data/exploredata.html,POINT (-77.585005 48.094314)
npri-30807-2023-110,2023,30807,Eldorado Gold (Québec) Inc.,Eldorado Gold (Québec) Inc.,mining,-77.585005,48.094314,Boreal Shield,Southwestern Hudson Bay Drainage Area,NA - 06,Copper (and its compounds),tonnes,On-Site Disposal / Élimination sur le site,Tailings,113.0,https://www.canada.ca/en/environment-climate-change/services/national-pollutant-release-inventory/tools-resources-data/exploredata.html,POINT (-77.585005 48.094314)
npri-30807-2023-111,2023,30807,Eldorado Gold (Québec) Inc.,Eldorado Gold (Québec) Inc.,mining,-77.585005,48.094314,Boreal Shield,Southwestern Hudson Bay Drainage Area,NA - 07,Cyanides (ionic),tonnes,On-Site Disposal / Élimination sur le site,Tailings,1.2,https://www.canada.ca/en/environment-climate-change/services/national-pollutant-release-inventory/tools-resources-data/exploredata.html,POINT (-77.585005 48.094314)
npri-30807-2023-112,2023,30807,Eldorado Gold (Québec) Inc.,Eldorado Gold (Québec) Inc.,mining,-77.585005,48.094314,Boreal Shield,Southwestern Hudson Bay Drainage Area,NA - 08,Lead (and its compounds),kg,On-Site Disposal / Élimination sur le site,Tailings,3656.0,https://www.canada.ca/en/environment-climate-change/services/national-pollutant-release-inventory/tools-resources-data/exploredata.html,POINT (-77.585005 48.094314)
npri-30807-2023-113,2023,30807,Eldorado Gold (Québec) Inc.,Eldorado Gold (Québec) Inc.,mining,-77.585005,48.094314,Boreal Shield,Southwestern Hudson Bay Drainage Area,NA - 09,Manganese (and its compounds),tonnes,On-Site Disposal / Élimination sur le site,Tailings,755.0,https://www.canada.ca/en/environment-climate-change/services/national-pollutant-release-inventory/tools-resources-data/exploredata.html,POINT (-77.585005 48.094314)
npri-30807-2023-114,2023,30807,Eldorado Gold (Québec) Inc.,Eldorado Gold (Québec) Inc.,mining,-77.585005,48.094314,Boreal Shield,Southwestern Hudson Bay Drainage Area,NA - 10,Mercury (and its compounds),kg,On-Site Disposal / Élimination sur le site,Tailings,54.0,https://www.canada.ca/en/environment-climate-change/services/national-pollutant-release-inventory/tools-resources-data/exploredata.html,POINT (-77.585005 48.094314)
npri-30807-2023-115,2023,30807,Eldorado Gold (Québec) Inc.,Eldorado Gold (Québec) Inc.,mining,-77.585005,48.094314,Boreal Shield,Southwestern Hudson Bay Drainage Area,NA - 11,Nickel (and its compounds),tonnes,On-Site Disposal / Élimination sur le site,Tailings,20.0,https://www.canada.ca/en/environment-climate-change/services/national-pollutant-release-inventory/tools-resources-data/exploredata.html,POINT (-77.585005 48.094314)
npri-30807-2023-116,2023,30807,Eldorado Gold (Québec) Inc.,Eldorado Gold (Québec) Inc.,mining,-77.585005,48.094314,Boreal Shield,Southwestern Hudson Bay Drainage Area,NA - 12,Selenium (and its compounds),kg,On-Site Disposal / Élimination sur le site,Tailings,1484.0,https://www.canada.ca/en/environment-climate-change/services/national-pollutant-release-inventory/tools-resources-data/exploredata.html,POINT (-77.585005 48.094314)
npri-30807-2023-117,2023,30807,Eldorado Gold (Québec) Inc.,Eldorado Gold (Québec) Inc.,mining,-77.585005,48.094314,Boreal Shield,Southwestern Hudson Bay Drainage Area,NA - 14,Zinc (and its compounds),tonnes,On-Site Disposal / Élimination sur le site,Tailings,55.0,https://www.canada.ca/en/environment-climate-change/services/national-pollutant-release-inventory/tools-resources-data/exploredata.html,POINT (-77.585005 48.094314)
npri-2710-2023-105,2023,2710,Red Lake Operation,Evolution Mining Gold Operations Ltd.,mining,-93.74323,51.06183,Boreal Shield,Nelson River Drainage Area,NA - 01,Antimony (and its compounds),tonnes,On-Site Disposal / Élimination sur le site,Tailings,22.5637,https://www.canada.ca/en/environment-climate-change/services/national-pollutant-release-inventory/tools-resources-data/exploredata.html,POINT (-93.74323 51.06183)
npri-2710-2023-106,2023,2710,Red Lake Operation,Evolution Mining Gold Operations Ltd.,mining,-93.74323,51.06183,Boreal Shield,Nelson River Drainage Area,NA - 02,Arsenic (and its compounds),kg,On-Site Disposal / Élimination sur le site,Tailings,1793233.9636,https://www.canada.ca/en/environment-climate-change/services/national-pollutant-release-inventory/tools-resources-data/exploredata.html,POINT (-93.74323 51.06183)
npri-2710-2023-107,2023,2710,Red Lake Operation,Evolution Mining Gold Operations Ltd.,mining,-93.74323,51.06183,Boreal Shield,Nelson River Drainage Area,NA - 03,Cadmium (and its compounds),kg,On-Site Disposal / Élimination sur le site,Tailings,234.3202,https://www.canada.ca/en/environment-climate-change/services/national-pollutant-release-inventory/tools-resources-data/exploredata.html,POINT (-93.74323 51.06183)
npri-2710-2023-108,2023,2710,Red Lake Operation,Evolution Mining Gold Operations Ltd.,mining,-93.74323,51.06183,Boreal Shield,Nelson River Drainage Area,NA - 04,Chromium (and its compounds),tonnes,On-Site Disposal / Élimination sur le site,Tailings,79.3857,https://www.canada.ca/en/environment-climate-change/services/national-pollutant-release-inventory/tools-resources-data/exploredata.html,POINT (-93.74323 51.06183)
npri-2710-2023-109,2023,2710,Red Lake Operation,Evolution Mining Gold Operations Ltd.,mining,-93.74323,51.06183,Boreal Shield,Nelson River Drainage Area,NA - 05,Cobalt (and its compounds),kg,On-Site Disposal / Élimination sur le site,Tailings,22081.9482,https://www.canada.ca/en/environment-climate-change/services/national-pollutant-release-inventory/tools-resources-data/exploredata.html,POINT (-93.74323 51.06183)
npri-2710-2023-110,2023,2710,Red Lake Operation,Evolution Mining Gold Operations Ltd.,mining,-93.74323,51.06183,Boreal Shield,Nelson River Drainage Area,NA - 06,Copper (and its compounds),tonnes,On-Site Disposal / Élimination sur le site,Tailings,171.67,https://www.canada.ca/en/environment-climate-change/services/national-pollutant-release-inventory/tools-resources-data/exploredata.html,POINT (-93.74323 51.06183)
npri-2710-2023-111,2023,2710,Red Lake Operation,Evolution Mining Gold Operations Ltd.,mining,-93.74323,51.06183,Boreal Shield,Nelson River Drainage Area,NA - 08,Lead (and its compounds),kg,On-Site Disposal / Élimination sur le site,Tailings,84685.7357,https://www.canada.ca/en/environment-climate-change/services/national-pollutant-release-inventory/tools-resources-data/exploredata.html,POINT (-93.74323 51.06183)
npri-2710-2023-112,2023,2710,Red Lake Operation,Evolution Mining Gold Operations Ltd.,mining,-93.74323,51.06183,Boreal Shield,Nelson River Drainage Area,NA - 09,Manganese (and its compounds),tonnes,On-Site Disposal / Élimination sur le site,Tailings,490.3357,https://www.canada.ca/en/environment-climate-change/services/national-pollutant-release-inventory/tools-resources-data/exploredata.html,POINT (-93.74323 51.06183)
npri-2710-2023-113,2023,2710,Red Lake Operation,Evolution Mining Gold Operations Ltd.,mining,-93.74323,51.06183,Boreal Shield,Nelson River Drainage Area,NA - 10,Mercury (and its compounds),kg,On-Site Disposal / Élimination sur le site,Tailings,517.0702,https://www.canada.ca/en/environment-climate-change/services/national-pollutant-release-inventory/tools-resources-data/exploredata.html,POINT (-93.74323 51.06183)
npri-2710-2023-114,2023,2710,Red Lake Operation,Evolution Mining Gold Operations Ltd.,mining,-93.74323,51.06183,Boreal Shield,Nelson River Drainage Area,NA - 11,Nickel (and its compounds),tonnes,On-Site Disposal / Élimination sur le site,Tailings,71.7534,https://www.canada.ca/en/environment-climate-change/services/national-pollutant-release-inventory/tools-resources-data/exploredata.html,POINT (-93.74323 51.06183)
npri-2710-2023-115,2023,2710,Red Lake Operation,Evolution Mining Gold Operations Ltd.,mining,-93.74323,51.06183,Boreal Shield,Nelson River Drainage Area,NA - 12,Selenium (and its compounds),kg,On-Site Disposal / Élimination sur le site,Tailings,658.5962,https://www.canada.ca/en/environment-climate-change/services/national-pollutant-release-inventory/tools-resources-data/exploredata.html,POINT (-93.74323 51.06183)
npri-2710-2023-116,2023,2710,Red Lake Operation,Evolution Mining Gold Operations Ltd.,mining,-93.74323,51.06183,Boreal Shield,Nelson River Drainage Area,NA - 37,Thallium (and its compounds),kg,On-Site Disposal / Élimination sur le site,Tailings,468.5004,https://www.canada.ca/en/environment-climate-change/services/national-pollutant-release-inventory/tools-resources-data/exploredata.html,POINT (-93.74323 51.06183)
npri-2710-2023-117,2023,2710,Red Lake Operation,Evolution Mining Gold Operations Ltd.,mining,-93.74323,51.06183,Boreal Shield,Nelson River Drainage Area,NA - 40,Vanadium (and its compounds),tonnes,On-Site Disposal / Élimination sur le site,Tailings,91.7669,https://www.canada.ca/en/environment-climate-change/services/national-pollutant-release-inventory/tools-resources-data/exploredata.html,POINT (-93.74323 51.06183)
npri-2710-2023-118,2023,2710,Red Lake Operation,Evolution Mining Gold Operations Ltd.,mining,-93.74323,51.06183,Boreal Shield,Nelson River Drainage Area,NA - 14,Zinc (and its compounds),tonnes,On-Site Disposal / Élimination sur le site,Tailings,45.1681,https://www.canada.ca/en/environment-climate-change/services/national-pollutant-release-inventory/tools-resources-data/exploredata.html,POINT (-93.74323 51.06183)
npri-1303-2023-132,2023,1303,Gibraltar Mine (SFO),Gibraltar Mines Ltd.,mining,-122.2851,52.5299,Montane Cordillera,Pacific Drainage Area,NA - 02,Arsenic (and its compounds),kg,On-Site Disposal / Élimination sur le site,Tailings,32110.01127,https://www.canada.ca/en/environment-climate-change/services/national-pollutant-release-inventory/tools-resources-data/exploredata.html,POINT (-122.2851 52.5299)
npri-1303-2023-133,2023,1303,Gibraltar Mine (SFO),Gibraltar Mines Ltd.,mining,-122.2851,52.5299,Montane Cordillera,Pacific Drainage Area,NA - 03,Cadmium (and its compounds),kg,On-Site Disposal / Élimination sur le site,Tailings,2244.173351,https://www.canada.ca/en/environment-climate-change/services/national-pollutant-release-inventory/tools-resources-data/exploredata.html,POINT (-122.2851 52.5299)
npri-1303-2023-134,2023,1303,Gibraltar Mine (SFO),Gibraltar Mines Ltd.,mining,-122.2851,52.5299,Montane Cordillera,Pacific Drainage Area,NA - 04,Chromium (and its compounds),tonnes,On-Site Disposal / Élimination sur le site,Tailings,322.734695,https://www.canada.ca/en/environment-climate-change/services/national-pollutant-release-inventory/tools-resources-data/exploredata.html,POINT (-122.2851 52.5299)
npri-1303-2023-135,2023,1303,Gibraltar Mine (SFO),Gibraltar Mines Ltd.,mining,-122.2851,52.5299,Montane Cordillera,Pacific Drainage Area,NA - 05,Cobalt (and its compounds),kg,On-Site Disposal / Élimination sur le site,Tailings,310513.988025,https://www.canada.ca/en/environment-climate-change/services/national-pollutant-release-inventory/tools-resources-data/exploredata.html,POINT (-122.2851 52.5299)
npri-1303-2023-136,2023,1303,Gibraltar Mine (SFO),Gibraltar Mines Ltd.,mining,-122.2851,52.5299,Montane Cordillera,Pacific Drainage Area,NA - 06,Copper (and its compounds),tonnes,On-Site Disposal / Élimination sur le site,Tailings,11815.712712,https://www.canada.ca/en/environment-climate-change/services/national-pollutant-release-inventory/tools-resources-data/exploredata.html,POINT (-122.2851 52.5299)
npri-1303-2023-137,2023,1303,Gibraltar Mine (SFO),Gibraltar Mines Ltd.,mining,-122.2851,52.5299,Montane Cordillera,Pacific Drainage Area,NA - 08,Lead (and its compounds),kg,On-Site Disposal / Élimination sur le site,Tailings,131571.2097,https://www.canada.ca/en/environment-climate-change/services/national-pollutant-release-inventory/tools-resources-data/exploredata.html,POINT (-122.2851 52.5299)
npri-1303-2023-138,2023,1303,Gibraltar Mine (SFO),Gibraltar Mines Ltd.,mining,-122.2851,52.5299,Montane Cordillera,Pacific Drainage Area,NA - 09,Manganese (and its compounds),tonnes,On-Site Disposal / Élimination sur le site,Tailings,15991.269384,https://www.canada.ca/en/environment-climate-change/services/national-pollutant-release-inventory/tools-resources-data/exploredata.html,POINT (-122.2851 52.5299)
npri-1303-2023-139,2023,1303,Gibraltar Mine (SFO),Gibraltar Mines Ltd.,mining,-122.2851,52.5299,Montane Cordillera,Pacific Drainage Area,NA - 10,Mercury (and its compounds),kg,On-Site Disposal / Élimination sur le site,Tailings,129.381056,https://www.canada.ca/en/environment-climate-change/services/national-pollutant-release-inventory/tools-resources-data/exploredata.html,POINT (-122.2851 52.5299)
npri-1303-2023-140,2023,1303,Gibraltar Mine (SFO),Gibraltar Mines Ltd.,mining,-122.2851,52.5299,Montane Cordillera,Pacific Drainage Area,NA - 11,Nickel (and its compounds),tonnes,On-Site Disposal / Élimination sur le site,Tailings,231.874906,https://www.canada.ca/en/environment-climate-change/services/national-pollutant-release-inventory/tools-resources-data/exploredata.html,POINT (-122.2851 52.5299)
npri-1303-2023-141,2023,1303,Gibraltar Mine (SFO),Gibraltar Mines Ltd.,mining,-122.2851,52.5299,Montane Cordillera,Pacific Drainage Area,NA - 12,Selenium (and its compounds),kg,On-Site Disposal / Élimination sur le site,Tailings,25703.281125,https://www.canada.ca/en/environment-climate-change/services/national-pollutant-release-inventory/tools-resources-data/exploredata.html,POINT (-122.2851 52.5299)
npri-1303-2023-142,2023,1303,Gibraltar Mine (SFO),Gibraltar Mines Ltd.,mining,-122.2851,52.5299,Montane Cordillera,Pacific Drainage Area,NA - 13,Silver (and its compounds),tonnes,On-Site Disposal / Élimination sur le site,Tailings,4.704426,https://www.canada.ca/en/environment-climate-change/services/national-pollutant-release-inventory/tools-resources-data/exploredata.html,POINT (-122.2851 52.5299)
npri-1303-2023-143,2023,1303,Gibraltar Mine (SFO),Gibraltar Mines Ltd.,mining,-122.2851,52.5299,Montane Cordillera,Pacific Drainage Area,NA - 37,Thallium (and its compounds),kg,On-Site Disposal / Élimination sur le site,Tailings,3381.570653,https://www.canada.ca/en/environment-climate-change/services/national-pollutant-release-inventory/tools-resources-data/exploredata.html,POINT (-122.2851 52.5299)
npri-1303-2023-144,2023,1303,Gibraltar Mine (SFO),Gibraltar Mines Ltd.,mining,-122.2851,52.5299,Montane Cordillera,Pacific Drainage Area,NA - 40,Vanadium (and its compounds),tonnes,On-Site Disposal / Élimination sur le site,Tailings,2495.261283,https://www.canada.ca/en/environment-climate-change/services/national-pollutant-release-inventory/tools-resources-data/exploredata.html,POINT (-122.2851 52.5299)
npri-1303-2023-145,2023,1303,Gibraltar Mine (SFO),Gibraltar Mines Ltd.,mining,-122.2851,52.5299,Montane Cordillera,Pacific Drainage Area,NA - 14,Zinc (and its compounds),tonnes,On-Site Disposal / Élimination sur le site,Tailings,1984.212898,https://www.canada.ca/en/environment-climate-change/services/national-pollutant-release-inventory/tools-resources-data/exploredata.html,POINT (-122.2851 52.5299)
npri-2815-2023-145,2023,2815,Kidd Metallurgical Site,Glencore,mining,-81.078,48.5493,Boreal Shield,Southwestern Hudson Bay Drainage Area,NA - 02,Arsenic (and its compounds),kg,On-Site Disposal / Élimination sur le site,Tailings,270462.003772,https://www.canada.ca/en/environment-climate-change/services/national-pollutant-release-inventory/tools-resources-data/exploredata.html,POINT (-81.078 48.5493)
npri-5448-2023-182,2023,5448,Mine Raglan,Glencore,mining,-73.6666,61.6916,Northern Arctic,Northern Québec and Labrador Drainage Area,NA - 02,Arsenic (and its compounds),kg,On-Site Disposal / Élimination sur le site,Tailings,2799.8816,https://www.canada.ca/en/environment-climate-change/services/national-pollutant-release-inventory/tools-resources-data/exploredata.html,POINT (-73.6666 61.6916)
npri-2815-2023-146,2023,2815,Kidd Metallurgical Site,Glencore,mining,-81.078,48.5493,Boreal Shield,Southwestern Hudson Bay Drainage Area,NA - 03,Cadmium (and its compounds),kg,On-Site Disposal / Élimination sur le site,Tailings,24298.273139,https://www.canada.ca/en/environment-climate-change/services/national-pollutant-release-inventory/tools-resources-data/exploredata.html,POINT (-81.078 48.5493)
npri-5448-2023-183,2023,5448,Mine Raglan,Glencore,mining,-73.6666,61.6916,Northern Arctic,Northern Québec and Labrador Drainage Area,NA - 03,Cadmium (and its compounds),kg,On-Site Disposal / Élimination sur le site,Tailings,647.5497,https://www.canada.ca/en/environment-climate-change/services/national-pollutant-release-inventory/tools-resources-data/exploredata.html,POINT (-73.6666 61.6916)
npri-2815-2023-147,2023,2815,Kidd Metallurgical Site,Glencore,mining,-81.078,48.5493,Boreal Shield,Southwestern Hudson Bay Drainage Area,NA - 04,Chromium (and its compounds),tonnes,On-Site Disposal / Élimination sur le site,Tailings,225.191688,https://www.canada.ca/en/environment-climate-change/services/national-pollutant-release-inventory/tools-resources-data/exploredata.html,POINT (-81.078 48.5493)
npri-5448-2023-184,2023,5448,Mine Raglan,Glencore,mining,-73.6666,61.6916,Northern Arctic,Northern Québec and Labrador Drainage Area,NA - 04,Chromium (and its compounds),tonnes,On-Site Disposal / Élimination sur le site,Tailings,2435.369,https://www.canada.ca/en/environment-climate-change/services/national-pollutant-release-inventory/tools-resources-data/exploredata.html,POINT (-73.6666 61.6916)
npri-2815-2023-148,2023,2815,Kidd Metallurgical Site,Glencore,mining,-81.078,48.5493,Boreal Shield,Southwestern Hudson Bay Drainage Area,NA - 05,Cobalt (and its compounds),kg,On-Site Disposal / Élimination sur le site,Tailings,149186.250803,https://www.canada.ca/en/environment-climate-change/services/national-pollutant-release-inventory/tools-resources-data/exploredata.html,POINT (-81.078 48.5493)
npri-5448-2023-185,2023,5448,Mine Raglan,Glencore,mining,-73.6666,61.6916,Northern Arctic,Northern Québec and Labrador Drainage Area,NA - 05,Cobalt (and its compounds),kg,On-Site Disposal / Élimination sur le site,Tailings,99359.25027,https://www.canada.ca/en/environment-climate-change/services/national-pollutant-release-inventory/tools-resources-data/exploredata.html,POINT (-73.6666 61.6916)
npri-2815-2023-149,2023,2815,Kidd Metallurgical Site,Glencore,mining,-81.078,48.5493,Boreal Shield,Southwestern Hudson Bay Drainage Area,NA - 06,Copper (and its compounds),tonnes,On-Site Disposal / Élimination sur le site,Tailings,731.984943,https://www.canada.ca/en/environment-climate-change/services/national-pollutant-release-inventory/tools-resources-data/exploredata.html,POINT (-81.078 48.5493)
npri-5448-2023-186,2023,5448,Mine Raglan,Glencore,mining,-73.6666,61.6916,Northern Arctic,Northern Québec and Labrador Drainage Area,NA - 06,Copper (and its compounds),tonnes,On-Site Disposal / Élimination sur le site,Tailings,3077.711,https://www.canada.ca/en/environment-climate-change/services/national-pollutant-release-inventory/tools-resources-data/exploredata.html,POINT (-73.6666 61.6916)
npri-2815-2023-150,2023,2815,Kidd Metallurgical Site,Glencore,mining,-81.078,48.5493,Boreal Shield,Southwestern Hudson Bay Drainage Area,NA - 08,Lead (and its compounds),kg,On-Site Disposal / Élimination sur le site,Tailings,790343.409925,https://www.canada.ca/en/environment-climate-change/services/national-pollutant-release-inventory/tools-resources-data/exploredata.html,POINT (-81.078 48.5493)
npri-5448-2023-187,2023,5448,Mine Raglan,Glencore,mining,-73.6666,61.6916,Northern Arctic,Northern Québec and Labrador Drainage Area,NA - 08,Lead (and its compounds),kg,On-Site Disposal / Élimination sur le site,Tailings,11877.91,https://www.canada.ca/en/environment-climate-change/services/national-pollutant-release-inventory/tools-resources-data/exploredata.html,POINT (-73.6666 61.6916)
npri-2815-2023-151,2023,2815,Kidd Metallurgical Site,Glencore,mining,-81.078,48.5493,Boreal Shield,Southwestern Hudson Bay Drainage Area,NA - 09,Manganese (and its compounds),tonnes,On-Site Disposal / Élimination sur le site,Tailings,1379.676693,https://www.canada.ca/en/environment-climate-change/services/national-pollutant-release-inventory/tools-resources-data/exploredata.html,POINT (-81.078 48.5493)
npri-5448-2023-188,2023,5448,Mine Raglan,Glencore,mining,-73.6666,61.6916,Northern Arctic,Northern Québec and Labrador Drainage Area,NA - 09,Manganese (and its compounds),tonnes,On-Site Disposal / Élimination sur le site,Tailings,1249.59,https://www.canada.ca/en/environment-climate-change/services/national-pollutant-release-inventory/tools-resources-data/exploredata.html,POINT (-73.6666 61.6916)
npri-2815-2023-152,2023,2815,Kidd Metallurgical Site,Glencore,mining,-81.078,48.5493,Boreal Shield,Southwestern Hudson Bay Drainage Area,NA - 10,Mercury (and its compounds),kg,On-Site Disposal / Élimination sur le site,Tailings,5147.372653,https://www.canada.ca/en/environment-climate-change/services/national-pollutant-release-inventory/tools-resources-data/exploredata.html,POINT (-81.078 48.5493)
npri-5448-2023-189,2023,5448,Mine Raglan,Glencore,mining,-73.6666,61.6916,Northern Arctic,Northern Québec and Labrador Drainage Area,NA - 10,Mercury (and its compounds),kg,On-Site Disposal / Élimination sur le site,Tailings,20.351562,https://www.canada.ca/en/environment-climate-change/services/national-pollutant-release-inventory/tools-resources-data/exploredata.html,POINT (-73.6666 61.6916)
npri-2815-2023-153,2023,2815,Kidd Metallurgical Site,Glencore,mining,-81.078,48.5493,Boreal Shield,Southwestern Hudson Bay Drainage Area,NA - 11,Nickel (and its compounds),tonnes,On-Site Disposal / Élimination sur le site,Tailings,43.685666,https://www.canada.ca/en/environment-climate-change/services/national-pollutant-release-inventory/tools-resources-data/exploredata.html,POINT (-81.078 48.5493)
npri-5448-2023-190,2023,5448,Mine Raglan,Glencore,mining,-73.6666,61.6916,Northern Arctic,Northern Québec and Labrador Drainage Area,NA - 11,Nickel (and its compounds),tonnes,On-Site Disposal / Élimination sur le site,Tailings,5122.43,https://www.canada.ca/en/environment-climate-change/services/national-pollutant-release-inventory/tools-resources-data/exploredata.html,POINT (-73.6666 61.6916)
npri-5448-2023-191,2023,5448,Mine Raglan,Glencore,mining,-73.6666,61.6916,Northern Arctic,Northern Québec and Labrador Drainage Area,NA - 22,Phosphorus (total),tonnes,On-Site Disposal / Élimination sur le site,Tailings,102.375,https://www.canada.ca/en/environment-climate-change/services/national-pollutant-release-inventory/tools-resources-data/exploredata.html,POINT (-73.6666 61.6916)
npri-2815-2023-154,2023,2815,Kidd Metallurgical Site,Glencore,mining,-81.078,48.5493,Boreal Shield,Southwestern Hudson Bay Drainage Area,NA - 12,Selenium (and its compounds),kg,On-Site Disposal / Élimination sur le site,Tailings,39630.298877,https://www.canada.ca/en/environment-climate-change/services/national-pollutant-release-inventory/tools-resources-data/exploredata.html,POINT (-81.078 48.5493)
npri-5448-2023-192,2023,5448,Mine Raglan,Glencore,mining,-73.6666,61.6916,Northern Arctic,Northern Québec and Labrador Drainage Area,NA - 12,Selenium (and its compounds),kg,On-Site Disposal / Élimination sur le site,Tailings,15417.92103,https://www.canada.ca/en/environment-climate-change/services/national-pollutant-release-inventory/tools-resources-data/exploredata.html,POINT (-73.6666 61.6916)
npri-2815-2023-155,2023,2815,Kidd Metallurgical Site,Glencore,mining,-81.078,48.5493,Boreal Shield,Southwestern Hudson Bay Drainage Area,NA - 13,Silver (and its compounds),tonnes,On-Site Disposal / Élimination sur le site,Tailings,12.72429,https://www.canada.ca/en/environment-climate-change/services/national-pollutant-release-inventory/tools-resources-data/exploredata.html,POINT (-81.078 48.5493)
npri-2815-2023-156,2023,2815,Kidd Metallurgical Site,Glencore,mining,-81.078,48.5493,Boreal Shield,Southwestern Hudson Bay Drainage Area,NA - 37,Thallium (and its compounds),kg,On-Site Disposal / Élimination sur le site,Tailings,14088.161563,https://www.canada.ca/en/environment-climate-change/services/national-pollutant-release-inventory/tools-resources-data/exploredata.html,POINT (-81.078 48.5493)
npri-5448-2023-193,2023,5448,Mine Raglan,Glencore,mining,-73.6666,61.6916,Northern Arctic,Northern Québec and Labrador Drainage Area,NA - 37,Thallium (and its compounds),kg,On-Site Disposal / Élimination sur le site,Tailings,56.73769,https://www.canada.ca/en/environment-climate-change/services/national-pollutant-release-inventory/tools-resources-data/exploredata.html,POINT (-73.6666 61.6916)
npri-5448-2023-194,2023,5448,Mine Raglan,Glencore,mining,-73.6666,61.6916,Northern Arctic,Northern Québec and Labrador Drainage Area,NA - 40,Vanadium (and its compounds),tonnes,On-Site Disposal / Élimination sur le site,Tailings,116.066,https://www.canada.ca/en/environment-climate-change/services/national-pollutant-release-inventory/tools-resources-data/exploredata.html,POINT (-73.6666 61.6916)
npri-2815-2023-157,2023,2815,Kidd Metallurgical Site,Glencore,mining,-81.078,48.5493,Boreal Shield,Southwestern Hudson Bay Drainage Area,NA - 14,Zinc (and its compounds),tonnes,On-Site Disposal / Élimination sur le site,Tailings,3991.225429,https://www.canada.ca/en/environment-climate-change/services/national-pollutant-release-inventory/tools-resources-data/exploredata.html,POINT (-81.078 48.5493)
npri-5448-2023-195,2023,5448,Mine Raglan,Glencore,mining,-73.6666,61.6916,Northern Arctic,Northern Québec and Labrador Drainage Area,NA - 14,Zinc (and its compounds),tonnes,On-Site Disposal / Élimination sur le site,Tailings,102.004,https://www.canada.ca/en/environment-climate-change/services/national-pollutant-release-inventory/tools-resources-data/exploredata.html,POINT (-73.6666 61.6916)
npri-1233-2023-160,2023,1233,Sudbury Operations Mines Mill - Onaping Area,Glencore Canada Corporation,mining,-81.3425,46.6742,Boreal Shield,St. Lawrence Drainage Area,NA - 02,Arsenic (and its compounds),kg,On-Site Disposal / Élimination sur le site,Tailings,3925.254,https://www.canada.ca/en/environment-climate-change/services/national-pollutant-release-inventory/tools-resources-data/exploredata.html,POINT (-81.3425 46.6742)
npri-1233-2023-161,2023,1233,Sudbury Operations Mines Mill - Onaping Area,Glencore Canada Corporation,mining,-81.3425,46.6742,Boreal Shield,St. Lawrence Drainage Area,NA - 03,Cadmium (and its compounds),kg,On-Site Disposal / Élimination sur le site,Tailings,466.024,https://www.canada.ca/en/environment-climate-change/services/national-pollutant-release-inventory/tools-resources-data/exploredata.html,POINT (-81.3425 46.6742)
npri-1233-2023-162,2023,1233,Sudbury Operations Mines Mill - Onaping Area,Glencore Canada Corporation,mining,-81.3425,46.6742,Boreal Shield,St. Lawrence Drainage Area,NA - 04,Chromium (and its compounds),tonnes,On-Site Disposal / Élimination sur le site,Tailings,138.685,https://www.canada.ca/en/environment-climate-change/services/national-pollutant-release-inventory/tools-resources-data/exploredata.html,POINT (-81.3425 46.6742)
npri-1233-2023-163,2023,1233,Sudbury Operations Mines Mill - Onaping Area,Glencore Canada Corporation,mining,-81.3425,46.6742,Boreal Shield,St. Lawrence Drainage Area,NA - 05,Cobalt (and its compounds),kg,On-Site Disposal / Élimination sur le site,Tailings,61203.42,https://www.canada.ca/en/environment-climate-change/services/national-pollutant-release-inventory/tools-resources-data/exploredata.html,POINT (-81.3425 46.6742)
npri-1233-2023-164,2023,1233,Sudbury Operations Mines Mill - Onaping Area,Glencore Canada Corporation,mining,-81.3425,46.6742,Boreal Shield,St. Lawrence Drainage Area,NA - 06,Copper (and its compounds),tonnes,On-Site Disposal / Élimination sur le site,Tailings,1433.139,https://www.canada.ca/en/environment-climate-change/services/national-pollutant-release-inventory/tools-resources-data/exploredata.html,POINT (-81.3425 46.6742)
npri-1233-2023-165,2023,1233,Sudbury Operations Mines Mill - Onaping Area,Glencore Canada Corporation,mining,-81.3425,46.6742,Boreal Shield,St. Lawrence Drainage Area,NA - 08,Lead (and its compounds),kg,On-Site Disposal / Élimination sur le site,Tailings,414050.82,https://www.canada.ca/en/environment-climate-change/services/national-pollutant-release-inventory/tools-resources-data/exploredata.html,POINT (-81.3425 46.6742)
npri-1233-2023-166,2023,1233,Sudbury Operations Mines Mill - Onaping Area,Glencore Canada Corporation,mining,-81.3425,46.6742,Boreal Shield,St. Lawrence Drainage Area,NA - 09,Manganese (and its compounds),tonnes,On-Site Disposal / Élimination sur le site,Tailings,1704.932,https://www.canada.ca/en/environment-climate-change/services/national-pollutant-release-inventory/tools-resources-data/exploredata.html,POINT (-81.3425 46.6742)
npri-1233-2023-167,2023,1233,Sudbury Operations Mines Mill - Onaping Area,Glencore Canada Corporation,mining,-81.3425,46.6742,Boreal Shield,St. Lawrence Drainage Area,NA - 11,Nickel (and its compounds),tonnes,On-Site Disposal / Élimination sur le site,Tailings,3369.636,https://www.canada.ca/en/environment-climate-change/services/national-pollutant-release-inventory/tools-resources-data/exploredata.html,POINT (-81.3425 46.6742)
npri-1233-2023-168,2023,1233,Sudbury Operations Mines Mill - Onaping Area,Glencore Canada Corporation,mining,-81.3425,46.6742,Boreal Shield,St. Lawrence Drainage Area,NA - 12,Selenium (and its compounds),kg,On-Site Disposal / Élimination sur le site,Tailings,6811.052,https://www.canada.ca/en/environment-climate-change/services/national-pollutant-release-inventory/tools-resources-data/exploredata.html,POINT (-81.3425 46.6742)
npri-1233-2023-169,2023,1233,Sudbury Operations Mines Mill - Onaping Area,Glencore Canada Corporation,mining,-81.3425,46.6742,Boreal Shield,St. Lawrence Drainage Area,NA - 40,Vanadium (and its compounds),tonnes,On-Site Disposal / Élimination sur le site,Tailings,280.679,https://www.canada.ca/en/environment-climate-change/services/national-pollutant-release-inventory/tools-resources-data/exploredata.html,POINT (-81.3425 46.6742)
npri-1233-2023-170,2023,1233,Sudbury Operations Mines Mill - Onaping Area,Glencore Canada Corporation,mining,-81.3425,46.6742,Boreal Shield,St. Lawrence Drainage Area,NA - 14,Zinc (and its compounds),tonnes,On-Site Disposal / Élimination sur le site,Tailings,303.865,https://www.canada.ca/en/environment-climate-change/services/national-pollutant-release-inventory/tools-resources-data/exploredata.html,POINT (-81.3425 46.6742)
npri-5656-2023-126,2023,5656,Musselwhite Mine,GOLDCORP CANADA LTD,mining,-90.3682,52.6039,Boreal Shield,Southwestern Hudson Bay Drainage Area,NA - 01,Antimony (and its compounds),tonnes,On-Site Disposal / Élimination sur le site,Tailings,0.298,https://www.canada.ca/en/environment-climate-change/services/national-pollutant-release-inventory/tools-resources-data/exploredata.html,POINT (-90.3682 52.6039)
npri-8803-2023-138,2023,8803,Mine Éléonore,Goldcorp Canada Ltd,mining,-76.05828,52.69871,Hudson Plain,Northern Québec and Labrador Drainage Area,NA - 01,Antimony (and its compounds),tonnes,On-Site Disposal / Élimination sur le site,Tailings,65.83,https://www.canada.ca/en/environment-climate-change/services/national-pollutant-release-inventory/tools-resources-data/exploredata.html,POINT (-76.05828 52.69871)
npri-1941-2023-158,2023,1941,Porcupine Gold Mines,GOLDCORP CANADA LTD,mining,-81.2475,48.4633,Boreal Shield,Southwestern Hudson Bay Drainage Area,NA - 02,Arsenic (and its compounds),kg,On-Site Disposal / Élimination sur le site,Tailings,212748.765,https://www.canada.ca/en/environment-climate-change/services/national-pollutant-release-inventory/tools-resources-data/exploredata.html,POINT (-81.2475 48.4633)
npri-5656-2023-127,2023,5656,Musselwhite Mine,GOLDCORP CANADA LTD,mining,-90.3682,52.6039,Boreal Shield,Southwestern Hudson Bay Drainage Area,NA - 02,Arsenic (and its compounds),kg,On-Site Disposal / Élimination sur le site,Tailings,56571.0,https://www.canada.ca/en/environment-climate-change/services/national-pollutant-release-inventory/tools-resources-data/exploredata.html,POINT (-90.3682 52.6039)
npri-8803-2023-139,2023,8803,Mine Éléonore,Goldcorp Canada Ltd,mining,-76.05828,52.69871,Hudson Plain,Northern Québec and Labrador Drainage Area,NA - 02,Arsenic (and its compounds),kg,On-Site Disposal / Élimination sur le site,Tailings,870845.0,https://www.canada.ca/en/environment-climate-change/services/national-pollutant-release-inventory/tools-resources-data/exploredata.html,POINT (-76.05828 52.69871)
npri-1941-2023-159,2023,1941,Porcupine Gold Mines,GOLDCORP CANADA LTD,mining,-81.2475,48.4633,Boreal Shield,Southwestern Hudson Bay Drainage Area,NA - 03,Cadmium (and its compounds),kg,On-Site Disposal / Élimination sur le site,Tailings,464.624,https://www.canada.ca/en/environment-climate-change/services/national-pollutant-release-inventory/tools-resources-data/exploredata.html,POINT (-81.2475 48.4633)
npri-5656-2023-128,2023,5656,Musselwhite Mine,GOLDCORP CANADA LTD,mining,-90.3682,52.6039,Boreal Shield,Southwestern Hudson Bay Drainage Area,NA - 03,Cadmium (and its compounds),kg,On-Site Disposal / Élimination sur le site,Tailings,51.41,https://www.canada.ca/en/environment-climate-change/services/national-pollutant-release-inventory/tools-resources-data/exploredata.html,POINT (-90.3682 52.6039)
npri-8803-2023-140,2023,8803,Mine Éléonore,Goldcorp Canada Ltd,mining,-76.05828,52.69871,Hudson Plain,Northern Québec and Labrador Drainage Area,NA - 03,Cadmium (and its compounds),kg,On-Site Disposal / Élimination sur le site,Tailings,36.86,https://www.canada.ca/en/environment-climate-change/services/national-pollutant-release-inventory/tools-resources-data/exploredata.html,POINT (-76.05828 52.69871)
npri-1941-2023-160,2023,1941,Porcupine Gold Mines,GOLDCORP CANADA LTD,mining,-81.2475,48.4633,Boreal Shield,Southwestern Hudson Bay Drainage Area,NA - 04,Chromium (and its compounds),tonnes,On-Site Disposal / Élimination sur le site,Tailings,286.11,https://www.canada.ca/en/environment-climate-change/services/national-pollutant-release-inventory/tools-resources-data/exploredata.html,POINT (-81.2475 48.4633)
npri-5656-2023-129,2023,5656,Musselwhite Mine,GOLDCORP CANADA LTD,mining,-90.3682,52.6039,Boreal Shield,Southwestern Hudson Bay Drainage Area,NA - 04,Chromium (and its compounds),tonnes,On-Site Disposal / Élimination sur le site,Tailings,98.983,https://www.canada.ca/en/environment-climate-change/services/national-pollutant-release-inventory/tools-resources-data/exploredata.html,POINT (-90.3682 52.6039)
npri-8803-2023-141,2023,8803,Mine Éléonore,Goldcorp Canada Ltd,mining,-76.05828,52.69871,Hudson Plain,Northern Québec and Labrador Drainage Area,NA - 04,Chromium (and its compounds),tonnes,On-Site Disposal / Élimination sur le site,Tailings,274.35,https://www.canada.ca/en/environment-climate-change/services/national-pollutant-release-inventory/tools-resources-data/exploredata.html,POINT (-76.05828 52.69871)
npri-1941-2023-161,2023,1941,Porcupine Gold Mines,GOLDCORP CANADA LTD,mining,-81.2475,48.4633,Boreal Shield,Southwestern Hudson Bay Drainage Area,NA - 05,Cobalt (and its compounds),kg,On-Site Disposal / Élimination sur le site,Tailings,80697.807,https://www.canada.ca/en/environment-climate-change/services/national-pollutant-release-inventory/tools-resources-data/exploredata.html,POINT (-81.2475 48.4633)
npri-5656-2023-130,2023,5656,Musselwhite Mine,GOLDCORP CANADA LTD,mining,-90.3682,52.6039,Boreal Shield,Southwestern Hudson Bay Drainage Area,NA - 05,Cobalt (and its compounds),kg,On-Site Disposal / Élimination sur le site,Tailings,14138.0,https://www.canada.ca/en/environment-climate-change/services/national-pollutant-release-inventory/tools-resources-data/exploredata.html,POINT (-90.3682 52.6039)
npri-8803-2023-142,2023,8803,Mine Éléonore,Goldcorp Canada Ltd,mining,-76.05828,52.69871,Hudson Plain,Northern Québec and Labrador Drainage Area,NA - 05,Cobalt (and its compounds),kg,On-Site Disposal / Élimination sur le site,Tailings,6957.2,https://www.canada.ca/en/environment-climate-change/services/national-pollutant-release-inventory/tools-resources-data/exploredata.html,POINT (-76.05828 52.69871)
npri-1941-2023-162,2023,1941,Porcupine Gold Mines,GOLDCORP CANADA LTD,mining,-81.2475,48.4633,Boreal Shield,Southwestern Hudson Bay Drainage Area,NA - 06,Copper (and its compounds),tonnes,On-Site Disposal / Élimination sur le site,Tailings,220.085,https://www.canada.ca/en/environment-climate-change/services/national-pollutant-release-inventory/tools-resources-data/exploredata.html,POINT (-81.2475 48.4633)
npri-5656-2023-131,2023,5656,Musselwhite Mine,GOLDCORP CANADA LTD,mining,-90.3682,52.6039,Boreal Shield,Southwestern Hudson Bay Drainage Area,NA - 06,Copper (and its compounds),tonnes,On-Site Disposal / Élimination sur le site,Tailings,110.884,https://www.canada.ca/en/environment-climate-change/services/national-pollutant-release-inventory/tools-resources-data/exploredata.html,POINT (-90.3682 52.6039)
npri-8803-2023-143,2023,8803,Mine Éléonore,Goldcorp Canada Ltd,mining,-76.05828,52.69871,Hudson Plain,Northern Québec and Labrador Drainage Area,NA - 06,Copper (and its compounds),tonnes,On-Site Disposal / Élimination sur le site,Tailings,37.87,https://www.canada.ca/en/environment-climate-change/services/national-pollutant-release-inventory/tools-resources-data/exploredata.html,POINT (-76.05828 52.69871)
npri-5656-2023-132,2023,5656,Musselwhite Mine,GOLDCORP CANADA LTD,mining,-90.3682,52.6039,Boreal Shield,Southwestern Hudson Bay Drainage Area,NA - 07,Cyanides (ionic),tonnes,On-Site Disposal / Élimination sur le site,Tailings,10.16,https://www.canada.ca/en/environment-climate-change/services/national-pollutant-release-inventory/tools-resources-data/exploredata.html,POINT (-90.3682 52.6039)
npri-8803-2023-144,2023,8803,Mine Éléonore,Goldcorp Canada Ltd,mining,-76.05828,52.69871,Hudson Plain,Northern Québec and Labrador Drainage Area,NA - 07,Cyanides (ionic),tonnes,On-Site Disposal / Élimination sur le site,Tailings,0.288,https://www.canada.ca/en/environment-climate-change/services/national-pollutant-release-inventory/tools-resources-data/exploredata.html,POINT (-76.05828 52.69871)
npri-1941-2023-163,2023,1941,Porcupine Gold Mines,GOLDCORP CANADA LTD,mining,-81.2475,48.4633,Boreal Shield,Southwestern Hudson Bay Drainage Area,NA - 08,Lead (and its compounds),kg,On-Site Disposal / Élimination sur le site,Tailings,63580.091,https://www.canada.ca/en/environment-climate-change/services/national-pollutant-release-inventory/tools-resources-data/exploredata.html,POINT (-81.2475 48.4633)
npri-5656-2023-133,2023,5656,Musselwhite Mine,GOLDCORP CANADA LTD,mining,-90.3682,52.6039,Boreal Shield,Southwestern Hudson Bay Drainage Area,NA - 08,Lead (and its compounds),kg,On-Site Disposal / Élimination sur le site,Tailings,384386.0,https://www.canada.ca/en/environment-climate-change/services/national-pollutant-release-inventory/tools-resources-data/exploredata.html,POINT (-90.3682 52.6039)
npri-8803-2023-145,2023,8803,Mine Éléonore,Goldcorp Canada Ltd,mining,-76.05828,52.69871,Hudson Plain,Northern Québec and Labrador Drainage Area,NA - 08,Lead (and its compounds),kg,On-Site Disposal / Élimination sur le site,Tailings,16681.7,https://www.canada.ca/en/environment-climate-change/services/national-pollutant-release-inventory/tools-resources-data/exploredata.html,POINT (-76.05828 52.69871)
npri-1941-2023-164,2023,1941,Porcupine Gold Mines,GOLDCORP CANADA LTD,mining,-81.2475,48.4633,Boreal Shield,Southwestern Hudson Bay Drainage Area,NA - 09,Manganese (and its compounds),tonnes,On-Site Disposal / Élimination sur le site,Tailings,3232.803,https://www.canada.ca/en/environment-climate-change/services/national-pollutant-release-inventory/tools-resources-data/exploredata.html,POINT (-81.2475 48.4633)
npri-5656-2023-134,2023,5656,Musselwhite Mine,GOLDCORP CANADA LTD,mining,-90.3682,52.6039,Boreal Shield,Southwestern Hudson Bay Drainage Area,NA - 09,Manganese (and its compounds),tonnes,On-Site Disposal / Élimination sur le site,Tailings,573.45,https://www.canada.ca/en/environment-climate-change/services/national-pollutant-release-inventory/tools-resources-data/exploredata.html,POINT (-90.3682 52.6039)
npri-8803-2023-146,2023,8803,Mine Éléonore,Goldcorp Canada Ltd,mining,-76.05828,52.69871,Hudson Plain,Northern Québec and Labrador Drainage Area,NA - 09,Manganese (and its compounds),tonnes,On-Site Disposal / Élimination sur le site,Tailings,473.85,https://www.canada.ca/en/environment-climate-change/services/national-pollutant-release-inventory/tools-resources-data/exploredata.html,POINT (-76.05828 52.69871)
npri-5656-2023-135,2023,5656,Musselwhite Mine,GOLDCORP CANADA LTD,mining,-90.3682,52.6039,Boreal Shield,Southwestern Hudson Bay Drainage Area,NA - 10,Mercury (and its compounds),kg,On-Site Disposal / Élimination sur le site,Tailings,10.0,https://www.canada.ca/en/environment-climate-change/services/national-pollutant-release-inventory/tools-resources-data/exploredata.html,POINT (-90.3682 52.6039)
npri-8803-2023-147,2023,8803,Mine Éléonore,Goldcorp Canada Ltd,mining,-76.05828,52.69871,Hudson Plain,Northern Québec and Labrador Drainage Area,NA - 10,Mercury (and its compounds),kg,On-Site Disposal / Élimination sur le site,Tailings,10.0,https://www.canada.ca/en/environment-climate-change/services/national-pollutant-release-inventory/tools-resources-data/exploredata.html,POINT (-76.05828 52.69871)
npri-1941-2023-165,2023,1941,Porcupine Gold Mines,GOLDCORP CANADA LTD,mining,-81.2475,48.4633,Boreal Shield,Southwestern Hudson Bay Drainage Area,NA - 11,Nickel (and its compounds),tonnes,On-Site Disposal / Élimination sur le site,Tailings,171.177,https://www.canada.ca/en/environment-climate-change/services/national-pollutant-release-inventory/tools-resources-data/exploredata.html,POINT (-81.2475 48.4633)
npri-5656-2023-136,2023,5656,Musselwhite Mine,GOLDCORP CANADA LTD,mining,-90.3682,52.6039,Boreal Shield,Southwestern Hudson Bay Drainage Area,NA - 11,Nickel (and its compounds),tonnes,On-Site Disposal / Élimination sur le site,Tailings,39.328,https://www.canada.ca/en/environment-climate-change/services/national-pollutant-release-inventory/tools-resources-data/exploredata.html,POINT (-90.3682 52.6039)
npri-8803-2023-148,2023,8803,Mine Éléonore,Goldcorp Canada Ltd,mining,-76.05828,52.69871,Hudson Plain,Northern Québec and Labrador Drainage Area,NA - 11,Nickel (and its compounds),tonnes,On-Site Disposal / Élimination sur le site,Tailings,48.88,https://www.canada.ca/en/environment-climate-change/services/national-pollutant-release-inventory/tools-resources-data/exploredata.html,POINT (-76.05828 52.69871)
npri-5656-2023-137,2023,5656,Musselwhite Mine,GOLDCORP CANADA LTD,mining,-90.3682,52.6039,Boreal Shield,Southwestern Hudson Bay Drainage Area,NA - 22,Phosphorus (total),tonnes,On-Site Disposal / Élimination sur le site,Tailings,508.952,https://www.canada.ca/en/environment-climate-change/services/national-pollutant-release-inventory/tools-resources-data/exploredata.html,POINT (-90.3682 52.6039)
npri-8803-2023-149,2023,8803,Mine Éléonore,Goldcorp Canada Ltd,mining,-76.05828,52.69871,Hudson Plain,Northern Québec and Labrador Drainage Area,NA - 22,Phosphorus (total),tonnes,On-Site Disposal / Élimination sur le site,Tailings,781.67,https://www.canada.ca/en/environment-climate-change/services/national-pollutant-release-inventory/tools-resources-data/exploredata.html,POINT (-76.05828 52.69871)
npri-5656-2023-138,2023,5656,Musselwhite Mine,GOLDCORP CANADA LTD,mining,-90.3682,52.6039,Boreal Shield,Southwestern Hudson Bay Drainage Area,NA - 12,Selenium (and its compounds),kg,On-Site Disposal / Élimination sur le site,Tailings,4061.3,https://www.canada.ca/en/environment-climate-change/services/national-pollutant-release-inventory/tools-resources-data/exploredata.html,POINT (-90.3682 52.6039)
npri-8803-2023-150,2023,8803,Mine Éléonore,Goldcorp Canada Ltd,mining,-76.05828,52.69871,Hudson Plain,Northern Québec and Labrador Drainage Area,NA - 12,Selenium (and its compounds),kg,On-Site Disposal / Élimination sur le site,Tailings,696.96,https://www.canada.ca/en/environment-climate-change/services/national-pollutant-release-inventory/tools-resources-data/exploredata.html,POINT (-76.05828 52.69871)
npri-5656-2023-139,2023,5656,Musselwhite Mine,GOLDCORP CANADA LTD,mining,-90.3682,52.6039,Boreal Shield,Southwestern Hudson Bay Drainage Area,NA - 13,Silver (and its compounds),tonnes,On-Site Disposal / Élimination sur le site,Tailings,0.093,https://www.canada.ca/en/environment-climate-change/services/national-pollutant-release-inventory/tools-resources-data/exploredata.html,POINT (-90.3682 52.6039)
npri-1941-2023-166,2023,1941,Porcupine Gold Mines,GOLDCORP CANADA LTD,mining,-81.2475,48.4633,Boreal Shield,Southwestern Hudson Bay Drainage Area,NA - 37,Thallium (and its compounds),kg,On-Site Disposal / Élimination sur le site,Tailings,809.695,https://www.canada.ca/en/environment-climate-change/services/national-pollutant-release-inventory/tools-resources-data/exploredata.html,POINT (-81.2475 48.4633)
npri-5656-2023-140,2023,5656,Musselwhite Mine,GOLDCORP CANADA LTD,mining,-90.3682,52.6039,Boreal Shield,Southwestern Hudson Bay Drainage Area,NA - 37,Thallium (and its compounds),kg,On-Site Disposal / Élimination sur le site,Tailings,0.14,https://www.canada.ca/en/environment-climate-change/services/national-pollutant-release-inventory/tools-resources-data/exploredata.html,POINT (-90.3682 52.6039)
npri-8803-2023-151,2023,8803,Mine Éléonore,Goldcorp Canada Ltd,mining,-76.05828,52.69871,Hudson Plain,Northern Québec and Labrador Drainage Area,NA - 37,Thallium (and its compounds),kg,On-Site Disposal / Élimination sur le site,Tailings,1134.38,https://www.canada.ca/en/environment-climate-change/services/national-pollutant-release-inventory/tools-resources-data/exploredata.html,POINT (-76.05828 52.69871)
npri-1941-2023-167,2023,1941,Porcupine Gold Mines,GOLDCORP CANADA LTD,mining,-81.2475,48.4633,Boreal Shield,Southwestern Hudson Bay Drainage Area,NA - 40,Vanadium (and its compounds),tonnes,On-Site Disposal / Élimination sur le site,Tailings,217.64,https://www.canada.ca/en/environment-climate-change/services/national-pollutant-release-inventory/tools-resources-data/exploredata.html,POINT (-81.2475 48.4633)
npri-5656-2023-141,2023,5656,Musselwhite Mine,GOLDCORP CANADA LTD,mining,-90.3682,52.6039,Boreal Shield,Southwestern Hudson Bay Drainage Area,NA - 40,Vanadium (and its compounds),tonnes,On-Site Disposal / Élimination sur le site,Tailings,60.2,https://www.canada.ca/en/environment-climate-change/services/national-pollutant-release-inventory/tools-resources-data/exploredata.html,POINT (-90.3682 52.6039)
npri-8803-2023-152,2023,8803,Mine Éléonore,Goldcorp Canada Ltd,mining,-76.05828,52.69871,Hudson Plain,Northern Québec and Labrador Drainage Area,NA - 40,Vanadium (and its compounds),tonnes,On-Site Disposal / Élimination sur le site,Tailings,73.1,https://www.canada.ca/en/environment-climate-change/services/national-pollutant-release-inventory/tools-resources-data/exploredata.html,POINT (-76.05828 52.69871)
npri-1941-2023-168,2023,1941,Porcupine Gold Mines,GOLDCORP CANADA LTD,mining,-81.2475,48.4633,Boreal Shield,Southwestern Hudson Bay Drainage Area,NA - 14,Zinc (and its compounds),tonnes,On-Site Disposal / Élimination sur le site,Tailings,217.64,https://www.canada.ca/en/environment-climate-change/services/national-pollutant-release-inventory/tools-resources-data/exploredata.html,POINT (-81.2475 48.4633)
npri-5656-2023-142,2023,5656,Musselwhite Mine,GOLDCORP CANADA LTD,mining,-90.3682,52.6039,Boreal Shield,Southwestern Hudson Bay Drainage Area,NA - 14,Zinc (and its compounds),tonnes,On-Site Disposal / Élimination sur le site,Tailings,26.825,https://www.canada.ca/en/environment-climate-change/services/national-pollutant-release-inventory/tools-resources-data/exploredata.html,POINT (-90.3682 52.6039)
npri-8803-2023-153,2023,8803,Mine Éléonore,Goldcorp Canada Ltd,mining,-76.05828,52.69871,Hudson Plain,Northern Québec and Labrador Drainage Area,NA - 14,Zinc (and its compounds),tonnes,On-Site Disposal / Élimination sur le site,Tailings,50.25,https://www.canada.ca/en/environment-climate-change/services/national-pollutant-release-inventory/tools-resources-data/exploredata.html,POINT (-76.05828 52.69871)
npri-8600-2023-98,2023,8600,Casa Berardi,Hecla Québec Inc.,mining,-79.1646,49.3357,Boreal Shield,Southwestern Hudson Bay Drainage Area,NA - 02,Arsenic (and its compounds),kg,On-Site Disposal / Élimination sur le site,Tailings,4679032.8,https://www.canada.ca/en/environment-climate-change/services/national-pollutant-release-inventory/tools-resources-data/exploredata.html,POINT (-79.1646 49.3357)
npri-8600-2023-99,2023,8600,Casa Berardi,Hecla Québec Inc.,mining,-79.1646,49.3357,Boreal Shield,Southwestern Hudson Bay Drainage Area,NA - 03,Cadmium (and its compounds),kg,On-Site Disposal / Élimination sur le site,Tailings,173.96,https://www.canada.ca/en/environment-climate-change/services/national-pollutant-release-inventory/tools-resources-data/exploredata.html,POINT (-79.1646 49.3357)
npri-8600-2023-100,2023,8600,Casa Berardi,Hecla Québec Inc.,mining,-79.1646,49.3357,Boreal Shield,Southwestern Hudson Bay Drainage Area,NA - 04,Chromium (and its compounds),tonnes,On-Site Disposal / Élimination sur le site,Tailings,80.38,https://www.canada.ca/en/environment-climate-change/services/national-pollutant-release-inventory/tools-resources-data/exploredata.html,POINT (-79.1646 49.3357)
npri-8600-2023-101,2023,8600,Casa Berardi,Hecla Québec Inc.,mining,-79.1646,49.3357,Boreal Shield,Southwestern Hudson Bay Drainage Area,NA - 05,Cobalt (and its compounds),kg,On-Site Disposal / Élimination sur le site,Tailings,27294.36,https://www.canada.ca/en/environment-climate-change/services/national-pollutant-release-inventory/tools-resources-data/exploredata.html,POINT (-79.1646 49.3357)
npri-8600-2023-102,2023,8600,Casa Berardi,Hecla Québec Inc.,mining,-79.1646,49.3357,Boreal Shield,Southwestern Hudson Bay Drainage Area,NA - 06,Copper (and its compounds),tonnes,On-Site Disposal / Élimination sur le site,Tailings,116.08,https://www.canada.ca/en/environment-climate-change/services/national-pollutant-release-inventory/tools-resources-data/exploredata.html,POINT (-79.1646 49.3357)
npri-8600-2023-103,2023,8600,Casa Berardi,Hecla Québec Inc.,mining,-79.1646,49.3357,Boreal Shield,Southwestern Hudson Bay Drainage Area,NA - 08,Lead (and its compounds),kg,On-Site Disposal / Élimination sur le site,Tailings,48290.02,https://www.canada.ca/en/environment-climate-change/services/national-pollutant-release-inventory/tools-resources-data/exploredata.html,POINT (-79.1646 49.3357)
npri-8600-2023-104,2023,8600,Casa Berardi,Hecla Québec Inc.,mining,-79.1646,49.3357,Boreal Shield,Southwestern Hudson Bay Drainage Area,NA - 09,Manganese (and its compounds),tonnes,On-Site Disposal / Élimination sur le site,Tailings,1589.67,https://www.canada.ca/en/environment-climate-change/services/national-pollutant-release-inventory/tools-resources-data/exploredata.html,POINT (-79.1646 49.3357)
npri-8600-2023-105,2023,8600,Casa Berardi,Hecla Québec Inc.,mining,-79.1646,49.3357,Boreal Shield,Southwestern Hudson Bay Drainage Area,NA - 11,Nickel (and its compounds),tonnes,On-Site Disposal / Élimination sur le site,Tailings,74.08,https://www.canada.ca/en/environment-climate-change/services/national-pollutant-release-inventory/tools-resources-data/exploredata.html,POINT (-79.1646 49.3357)
npri-8600-2023-106,2023,8600,Casa Berardi,Hecla Québec Inc.,mining,-79.1646,49.3357,Boreal Shield,Southwestern Hudson Bay Drainage Area,NA - 12,Selenium (and its compounds),kg,On-Site Disposal / Élimination sur le site,Tailings,1022.79,https://www.canada.ca/en/environment-climate-change/services/national-pollutant-release-inventory/tools-resources-data/exploredata.html,POINT (-79.1646 49.3357)
npri-8600-2023-107,2023,8600,Casa Berardi,Hecla Québec Inc.,mining,-79.1646,49.3357,Boreal Shield,Southwestern Hudson Bay Drainage Area,NA - 40,Vanadium (and its compounds),tonnes,On-Site Disposal / Élimination sur le site,Tailings,26.39,https://www.canada.ca/en/environment-climate-change/services/national-pollutant-release-inventory/tools-resources-data/exploredata.html,POINT (-79.1646 49.3357)
npri-8600-2023-108,2023,8600,Casa Berardi,Hecla Québec Inc.,mining,-79.1646,49.3357,Boreal Shield,Southwestern Hudson Bay Drainage Area,NA - 14,Zinc (and its compounds),tonnes,On-Site Disposal / Élimination sur le site,Tailings,95.68,https://www.canada.ca/en/environment-climate-change/services/national-pollutant-release-inventory/tools-resources-data/exploredata.html,POINT (-79.1646 49.3357)
npri-3411-2023-60,2023,3411,HBMS Snow Lake Mill,Hudbay Minerals,mining,-99.9434,54.8561,Boreal Shield,Nelson River Drainage Area,NA - 02,Arsenic (and its compounds),kg,On-Site Disposal / Élimination sur le site,Tailings,298389.0,https://www.canada.ca/en/environment-climate-change/services/national-pollutant-release-inventory/tools-resources-data/exploredata.html,POINT (-99.9434 54.8561)
npri-3411-2023-61,2023,3411,HBMS Snow Lake Mill,Hudbay Minerals,mining,-99.9434,54.8561,Boreal Shield,Nelson River Drainage Area,NA - 03,Cadmium (and its compounds),kg,On-Site Disposal / Élimination sur le site,Tailings,10106.16,https://www.canada.ca/en/environment-climate-change/services/national-pollutant-release-inventory/tools-resources-data/exploredata.html,POINT (-99.9434 54.8561)
npri-3411-2023-62,2023,3411,HBMS Snow Lake Mill,Hudbay Minerals,mining,-99.9434,54.8561,Boreal Shield,Nelson River Drainage Area,NA - 06,Copper (and its compounds),tonnes,On-Site Disposal / Élimination sur le site,Tailings,374.7,https://www.canada.ca/en/environment-climate-change/services/national-pollutant-release-inventory/tools-resources-data/exploredata.html,POINT (-99.9434 54.8561)
npri-3411-2023-63,2023,3411,HBMS Snow Lake Mill,Hudbay Minerals,mining,-99.9434,54.8561,Boreal Shield,Nelson River Drainage Area,NA - 08,Lead (and its compounds),kg,On-Site Disposal / Élimination sur le site,Tailings,278528.2,https://www.canada.ca/en/environment-climate-change/services/national-pollutant-release-inventory/tools-resources-data/exploredata.html,POINT (-99.9434 54.8561)
npri-3411-2023-64,2023,3411,HBMS Snow Lake Mill,Hudbay Minerals,mining,-99.9434,54.8561,Boreal Shield,Nelson River Drainage Area,NA - 09,Manganese (and its compounds),tonnes,On-Site Disposal / Élimination sur le site,Tailings,12.22,https://www.canada.ca/en/environment-climate-change/services/national-pollutant-release-inventory/tools-resources-data/exploredata.html,POINT (-99.9434 54.8561)
npri-3411-2023-65,2023,3411,HBMS Snow Lake Mill,Hudbay Minerals,mining,-99.9434,54.8561,Boreal Shield,Nelson River Drainage Area,NA - 14,Zinc (and its compounds),tonnes,On-Site Disposal / Élimination sur le site,Tailings,2559.23,https://www.canada.ca/en/environment-climate-change/services/national-pollutant-release-inventory/tools-resources-data/exploredata.html,POINT (-99.9434 54.8561)
npri-1608-2023-58,2023,1608,La mine Doyon,Iamgold Corporation,mining,-78.52673,48.25856,Boreal Shield,St. Lawrence Drainage Area,NA - 02,Arsenic (and its compounds),kg,On-Site Disposal / Élimination sur le site,Tailings,9270.0,https://www.canada.ca/en/environment-climate-change/services/national-pollutant-release-inventory/tools-resources-data/exploredata.html,POINT (-78.52673 48.25856)
npri-1608-2023-59,2023,1608,La mine Doyon,Iamgold Corporation,mining,-78.52673,48.25856,Boreal Shield,St. Lawrence Drainage Area,NA - 05,Cobalt (and its compounds),kg,On-Site Disposal / Élimination sur le site,Tailings,16797.0,https://www.canada.ca/en/environment-climate-change/services/national-pollutant-release-inventory/tools-resources-data/exploredata.html,POINT (-78.52673 48.25856)
npri-1608-2023-60,2023,1608,La mine Doyon,Iamgold Corporation,mining,-78.52673,48.25856,Boreal Shield,St. Lawrence Drainage Area,NA - 06,Copper (and its compounds),tonnes,On-Site Disposal / Élimination sur le site,Tailings,228.025,https://www.canada.ca/en/environment-climate-change/services/national-pollutant-release-inventory/tools-resources-data/exploredata.html,POINT (-78.52673 48.25856)
npri-1608-2023-61,2023,1608,La mine Doyon,Iamgold Corporation,mining,-78.52673,48.25856,Boreal Shield,St. Lawrence Drainage Area,NA - 09,Manganese (and its compounds),tonnes,On-Site Disposal / Élimination sur le site,Tailings,923.7,https://www.canada.ca/en/environment-climate-change/services/national-pollutant-release-inventory/tools-resources-data/exploredata.html,POINT (-78.52673 48.25856)
npri-1608-2023-62,2023,1608,La mine Doyon,Iamgold Corporation,mining,-78.52673,48.25856,Boreal Shield,St. Lawrence Drainage Area,NA - 14,Zinc (and its compounds),tonnes,On-Site Disposal / Élimination sur le site,Tailings,724.245,https://www.canada.ca/en/environment-climate-change/services/national-pollutant-release-inventory/tools-resources-data/exploredata.html,POINT (-78.52673 48.25856)
npri-7369-2023-143,2023,7369,Impala Canada Ltd.,Impala Canada Ltd.,mining,-89.6167,49.1593,Boreal Shield,St. Lawrence Drainage Area,NA - 02,Arsenic (and its compounds),kg,On-Site Disposal / Élimination sur le site,Tailings,1084.0,https://www.canada.ca/en/environment-climate-change/services/national-pollutant-release-inventory/tools-resources-data/exploredata.html,POINT (-89.6167 49.1593)
npri-7369-2023-144,2023,7369,Impala Canada Ltd.,Impala Canada Ltd.,mining,-89.6167,49.1593,Boreal Shield,St. Lawrence Drainage Area,NA - 03,Cadmium (and its compounds),kg,On-Site Disposal / Élimination sur le site,Tailings,114.6,https://www.canada.ca/en/environment-climate-change/services/national-pollutant-release-inventory/tools-resources-data/exploredata.html,POINT (-89.6167 49.1593)
npri-7369-2023-145,2023,7369,Impala Canada Ltd.,Impala Canada Ltd.,mining,-89.6167,49.1593,Boreal Shield,St. Lawrence Drainage Area,NA - 04,Chromium (and its compounds),tonnes,On-Site Disposal / Élimination sur le site,Tailings,592.0,https://www.canada.ca/en/environment-climate-change/services/national-pollutant-release-inventory/tools-resources-data/exploredata.html,POINT (-89.6167 49.1593)
npri-7369-2023-146,2023,7369,Impala Canada Ltd.,Impala Canada Ltd.,mining,-89.6167,49.1593,Boreal Shield,St. Lawrence Drainage Area,NA - 05,Cobalt (and its compounds),kg,On-Site Disposal / Élimination sur le site,Tailings,122534.0,https://www.canada.ca/en/environment-climate-change/services/national-pollutant-release-inventory/tools-resources-data/exploredata.html,POINT (-89.6167 49.1593)
npri-7369-2023-147,2023,7369,Impala Canada Ltd.,Impala Canada Ltd.,mining,-89.6167,49.1593,Boreal Shield,St. Lawrence Drainage Area,NA - 06,Copper (and its compounds),tonnes,On-Site Disposal / Élimination sur le site,Tailings,335.0,https://www.canada.ca/en/environment-climate-change/services/national-pollutant-release-inventory/tools-resources-data/exploredata.html,POINT (-89.6167 49.1593)
npri-7369-2023-148,2023,7369,Impala Canada Ltd.,Impala Canada Ltd.,mining,-89.6167,49.1593,Boreal Shield,St. Lawrence Drainage Area,NA - 08,Lead (and its compounds),kg,On-Site Disposal / Élimination sur le site,Tailings,9506.0,https://www.canada.ca/en/environment-climate-change/services/national-pollutant-release-inventory/tools-resources-data/exploredata.html,POINT (-89.6167 49.1593)
npri-7369-2023-149,2023,7369,Impala Canada Ltd.,Impala Canada Ltd.,mining,-89.6167,49.1593,Boreal Shield,St. Lawrence Drainage Area,NA - 09,Manganese (and its compounds),tonnes,On-Site Disposal / Élimination sur le site,Tailings,3423.0,https://www.canada.ca/en/environment-climate-change/services/national-pollutant-release-inventory/tools-resources-data/exploredata.html,POINT (-89.6167 49.1593)
npri-7369-2023-150,2023,7369,Impala Canada Ltd.,Impala Canada Ltd.,mining,-89.6167,49.1593,Boreal Shield,St. Lawrence Drainage Area,NA - 10,Mercury (and its compounds),kg,On-Site Disposal / Élimination sur le site,Tailings,18.9335,https://www.canada.ca/en/environment-climate-change/services/national-pollutant-release-inventory/tools-resources-data/exploredata.html,POINT (-89.6167 49.1593)
npri-7369-2023-151,2023,7369,Impala Canada Ltd.,Impala Canada Ltd.,mining,-89.6167,49.1593,Boreal Shield,St. Lawrence Drainage Area,NA - 11,Nickel (and its compounds),tonnes,On-Site Disposal / Élimination sur le site,Tailings,2071.0,https://www.canada.ca/en/environment-climate-change/services/national-pollutant-release-inventory/tools-resources-data/exploredata.html,POINT (-89.6167 49.1593)
npri-7369-2023-152,2023,7369,Impala Canada Ltd.,Impala Canada Ltd.,mining,-89.6167,49.1593,Boreal Shield,St. Lawrence Drainage Area,NA - 22,Phosphorus (total),tonnes,On-Site Disposal / Élimination sur le site,Tailings,262.057,https://www.canada.ca/en/environment-climate-change/services/national-pollutant-release-inventory/tools-resources-data/exploredata.html,POINT (-89.6167 49.1593)
npri-7369-2023-153,2023,7369,Impala Canada Ltd.,Impala Canada Ltd.,mining,-89.6167,49.1593,Boreal Shield,St. Lawrence Drainage Area,NA - 12,Selenium (and its compounds),kg,On-Site Disposal / Élimination sur le site,Tailings,1175.0,https://www.canada.ca/en/environment-climate-change/services/national-pollutant-release-inventory/tools-resources-data/exploredata.html,POINT (-89.6167 49.1593)
npri-7369-2023-154,2023,7369,Impala Canada Ltd.,Impala Canada Ltd.,mining,-89.6167,49.1593,Boreal Shield,St. Lawrence Drainage Area,NA - 40,Vanadium (and its compounds),tonnes,On-Site Disposal / Élimination sur le site,Tailings,381.0,https://www.canada.ca/en/environment-climate-change/services/national-pollutant-release-inventory/tools-resources-data/exploredata.html,POINT (-89.6167 49.1593)
npri-7369-2023-155,2023,7369,Impala Canada Ltd.,Impala Canada Ltd.,mining,-89.6167,49.1593,Boreal Shield,St. Lawrence Drainage Area,NA - 14,Zinc (and its compounds),tonnes,On-Site Disposal / Élimination sur le site,Tailings,162.0,https://www.canada.ca/en/environment-climate-change/services/national-pollutant-release-inventory/tools-resources-data/exploredata.html,POINT (-89.6167 49.1593)
npri-5102-2023-133,2023,5102,Mount Polley Mine,Imperial Metals Corporation,mining,-121.637,52.5508,Montane Cordillera,Pacific Drainage Area,NA - 01,Antimony (and its compounds),tonnes,On-Site Disposal / Élimination sur le site,Tailings,2.7,https://www.canada.ca/en/environment-climate-change/services/national-pollutant-release-inventory/tools-resources-data/exploredata.html,POINT (-121.637 52.5508)
npri-5102-2023-134,2023,5102,Mount Polley Mine,Imperial Metals Corporation,mining,-121.637,52.5508,Montane Cordillera,Pacific Drainage Area,NA - 02,Arsenic (and its compounds),kg,On-Site Disposal / Élimination sur le site,Tailings,78480.86,https://www.canada.ca/en/environment-climate-change/services/national-pollutant-release-inventory/tools-resources-data/exploredata.html,POINT (-121.637 52.5508)
npri-5102-2023-135,2023,5102,Mount Polley Mine,Imperial Metals Corporation,mining,-121.637,52.5508,Montane Cordillera,Pacific Drainage Area,NA - 03,Cadmium (and its compounds),kg,On-Site Disposal / Élimination sur le site,Tailings,563.05,https://www.canada.ca/en/environment-climate-change/services/national-pollutant-release-inventory/tools-resources-data/exploredata.html,POINT (-121.637 52.5508)
npri-5102-2023-136,2023,5102,Mount Polley Mine,Imperial Metals Corporation,mining,-121.637,52.5508,Montane Cordillera,Pacific Drainage Area,NA - 04,Chromium (and its compounds),tonnes,On-Site Disposal / Élimination sur le site,Tailings,223.93,https://www.canada.ca/en/environment-climate-change/services/national-pollutant-release-inventory/tools-resources-data/exploredata.html,POINT (-121.637 52.5508)
npri-5102-2023-137,2023,5102,Mount Polley Mine,Imperial Metals Corporation,mining,-121.637,52.5508,Montane Cordillera,Pacific Drainage Area,NA - 05,Cobalt (and its compounds),kg,On-Site Disposal / Élimination sur le site,Tailings,111522.83,https://www.canada.ca/en/environment-climate-change/services/national-pollutant-release-inventory/tools-resources-data/exploredata.html,POINT (-121.637 52.5508)
npri-5102-2023-138,2023,5102,Mount Polley Mine,Imperial Metals Corporation,mining,-121.637,52.5508,Montane Cordillera,Pacific Drainage Area,NA - 06,Copper (and its compounds),tonnes,On-Site Disposal / Élimination sur le site,Tailings,3968.0,https://www.canada.ca/en/environment-climate-change/services/national-pollutant-release-inventory/tools-resources-data/exploredata.html,POINT (-121.637 52.5508)
npri-5102-2023-139,2023,5102,Mount Polley Mine,Imperial Metals Corporation,mining,-121.637,52.5508,Montane Cordillera,Pacific Drainage Area,NA - 08,Lead (and its compounds),kg,On-Site Disposal / Élimination sur le site,Tailings,18550.92,https://www.canada.ca/en/environment-climate-change/services/national-pollutant-release-inventory/tools-resources-data/exploredata.html,POINT (-121.637 52.5508)
npri-5102-2023-140,2023,5102,Mount Polley Mine,Imperial Metals Corporation,mining,-121.637,52.5508,Montane Cordillera,Pacific Drainage Area,NA - 09,Manganese (and its compounds),tonnes,On-Site Disposal / Élimination sur le site,Tailings,3621.78,https://www.canada.ca/en/environment-climate-change/services/national-pollutant-release-inventory/tools-resources-data/exploredata.html,POINT (-121.637 52.5508)
npri-5102-2023-141,2023,5102,Mount Polley Mine,Imperial Metals Corporation,mining,-121.637,52.5508,Montane Cordillera,Pacific Drainage Area,NA - 10,Mercury (and its compounds),kg,On-Site Disposal / Élimination sur le site,Tailings,448.91,https://www.canada.ca/en/environment-climate-change/services/national-pollutant-release-inventory/tools-resources-data/exploredata.html,POINT (-121.637 52.5508)
npri-5102-2023-142,2023,5102,Mount Polley Mine,Imperial Metals Corporation,mining,-121.637,52.5508,Montane Cordillera,Pacific Drainage Area,NA - 11,Nickel (and its compounds),tonnes,On-Site Disposal / Élimination sur le site,Tailings,92.32,https://www.canada.ca/en/environment-climate-change/services/national-pollutant-release-inventory/tools-resources-data/exploredata.html,POINT (-121.637 52.5508)
npri-5102-2023-143,2023,5102,Mount Polley Mine,Imperial Metals Corporation,mining,-121.637,52.5508,Montane Cordillera,Pacific Drainage Area,NA - 22,Phosphorus (total),tonnes,On-Site Disposal / Élimination sur le site,Tailings,7448.03,https://www.canada.ca/en/environment-climate-change/services/national-pollutant-release-inventory/tools-resources-data/exploredata.html,POINT (-121.637 52.5508)
npri-5102-2023-144,2023,5102,Mount Polley Mine,Imperial Metals Corporation,mining,-121.637,52.5508,Montane Cordillera,Pacific Drainage Area,NA - 12,Selenium (and its compounds),kg,On-Site Disposal / Élimination sur le site,Tailings,5719.37,https://www.canada.ca/en/environment-climate-change/services/national-pollutant-release-inventory/tools-resources-data/exploredata.html,POINT (-121.637 52.5508)
npri-5102-2023-145,2023,5102,Mount Polley Mine,Imperial Metals Corporation,mining,-121.637,52.5508,Montane Cordillera,Pacific Drainage Area,NA - 40,Vanadium (and its compounds),tonnes,On-Site Disposal / Élimination sur le site,Tailings,1339.46,https://www.canada.ca/en/environment-climate-change/services/national-pollutant-release-inventory/tools-resources-data/exploredata.html,POINT (-121.637 52.5508)
npri-5102-2023-146,2023,5102,Mount Polley Mine,Imperial Metals Corporation,mining,-121.637,52.5508,Montane Cordillera,Pacific Drainage Area,NA - 14,Zinc (and its compounds),tonnes,On-Site Disposal / Élimination sur le site,Tailings,321.73,https://www.canada.ca/en/environment-climate-change/services/national-pollutant-release-inventory/tools-resources-data/exploredata.html,POINT (-121.637 52.5508)
npri-5013-2023-199,2023,5013,Carol Project,Iron Ore Company of Canada,mining,-66.8936,52.9565,Boreal Shield,Northern Québec and Labrador Drainage Area,NA - 02,Arsenic (and its compounds),kg,On-Site Disposal / Élimination sur le site,Tailings,117028.8,https://www.canada.ca/en/environment-climate-change/services/national-pollutant-release-inventory/tools-resources-data/exploredata.html,POINT (-66.8936 52.9565)
npri-5013-2023-200,2023,5013,Carol Project,Iron Ore Company of Canada,mining,-66.8936,52.9565,Boreal Shield,Northern Québec and Labrador Drainage Area,NA - 03,Cadmium (and its compounds),kg,On-Site Disposal / Élimination sur le site,Tailings,3754.0,https://www.canada.ca/en/environment-climate-change/services/national-pollutant-release-inventory/tools-resources-data/exploredata.html,POINT (-66.8936 52.9565)
npri-5013-2023-201,2023,5013,Carol Project,Iron Ore Company of Canada,mining,-66.8936,52.9565,Boreal Shield,Northern Québec and Labrador Drainage Area,NA - 04,Chromium (and its compounds),tonnes,On-Site Disposal / Élimination sur le site,Tailings,136.47,https://www.canada.ca/en/environment-climate-change/services/national-pollutant-release-inventory/tools-resources-data/exploredata.html,POINT (-66.8936 52.9565)
npri-5013-2023-202,2023,5013,Carol Project,Iron Ore Company of Canada,mining,-66.8936,52.9565,Boreal Shield,Northern Québec and Labrador Drainage Area,NA - 05,Cobalt (and its compounds),kg,On-Site Disposal / Élimination sur le site,Tailings,151368.0,https://www.canada.ca/en/environment-climate-change/services/national-pollutant-release-inventory/tools-resources-data/exploredata.html,POINT (-66.8936 52.9565)
npri-5013-2023-203,2023,5013,Carol Project,Iron Ore Company of Canada,mining,-66.8936,52.9565,Boreal Shield,Northern Québec and Labrador Drainage Area,NA - 06,Copper (and its compounds),tonnes,On-Site Disposal / Élimination sur le site,Tailings,48.012,https://www.canada.ca/en/environment-climate-change/services/national-pollutant-release-inventory/tools-resources-data/exploredata.html,POINT (-66.8936 52.9565)
npri-5013-2023-204,2023,5013,Carol Project,Iron Ore Company of Canada,mining,-66.8936,52.9565,Boreal Shield,Northern Québec and Labrador Drainage Area,NA - 08,Lead (and its compounds),kg,On-Site Disposal / Élimination sur le site,Tailings,7271.13,https://www.canada.ca/en/environment-climate-change/services/national-pollutant-release-inventory/tools-resources-data/exploredata.html,POINT (-66.8936 52.9565)
npri-5013-2023-205,2023,5013,Carol Project,Iron Ore Company of Canada,mining,-66.8936,52.9565,Boreal Shield,Northern Québec and Labrador Drainage Area,NA - 09,Manganese (and its compounds),tonnes,On-Site Disposal / Élimination sur le site,Tailings,137394.607,https://www.canada.ca/en/environment-climate-change/services/national-pollutant-release-inventory/tools-resources-data/exploredata.html,POINT (-66.8936 52.9565)
npri-5013-2023-206,2023,5013,Carol Project,Iron Ore Company of Canada,mining,-66.8936,52.9565,Boreal Shield,Northern Québec and Labrador Drainage Area,NA - 10,Mercury (and its compounds),kg,On-Site Disposal / Élimination sur le site,Tailings,1492.23,https://www.canada.ca/en/environment-climate-change/services/national-pollutant-release-inventory/tools-resources-data/exploredata.html,POINT (-66.8936 52.9565)
npri-5013-2023-207,2023,5013,Carol Project,Iron Ore Company of Canada,mining,-66.8936,52.9565,Boreal Shield,Northern Québec and Labrador Drainage Area,NA - 11,Nickel (and its compounds),tonnes,On-Site Disposal / Élimination sur le site,Tailings,56.067,https://www.canada.ca/en/environment-climate-change/services/national-pollutant-release-inventory/tools-resources-data/exploredata.html,POINT (-66.8936 52.9565)
npri-5013-2023-208,2023,5013,Carol Project,Iron Ore Company of Canada,mining,-66.8936,52.9565,Boreal Shield,Northern Québec and Labrador Drainage Area,NA - 22,Phosphorus (total),tonnes,On-Site Disposal / Élimination sur le site,Tailings,7074.541,https://www.canada.ca/en/environment-climate-change/services/national-pollutant-release-inventory/tools-resources-data/exploredata.html,POINT (-66.8936 52.9565)
npri-5013-2023-209,2023,5013,Carol Project,Iron Ore Company of Canada,mining,-66.8936,52.9565,Boreal Shield,Northern Québec and Labrador Drainage Area,NA - 12,Selenium (and its compounds),kg,On-Site Disposal / Élimination sur le site,Tailings,9025.0,https://www.canada.ca/en/environment-climate-change/services/national-pollutant-release-inventory/tools-resources-data/exploredata.html,POINT (-66.8936 52.9565)
npri-5013-2023-210,2023,5013,Carol Project,Iron Ore Company of Canada,mining,-66.8936,52.9565,Boreal Shield,Northern Québec and Labrador Drainage Area,NA - 37,Thallium (and its compounds),kg,On-Site Disposal / Élimination sur le site,Tailings,50.0,https://www.canada.ca/en/environment-climate-change/services/national-pollutant-release-inventory/tools-resources-data/exploredata.html,POINT (-66.8936 52.9565)
npri-5013-2023-211,2023,5013,Carol Project,Iron Ore Company of Canada,mining,-66.8936,52.9565,Boreal Shield,Northern Québec and Labrador Drainage Area,NA - 40,Vanadium (and its compounds),tonnes,On-Site Disposal / Élimination sur le site,Tailings,109.477,https://www.canada.ca/en/environment-climate-change/services/national-pollutant-release-inventory/tools-resources-data/exploredata.html,POINT (-66.8936 52.9565)
npri-5013-2023-212,2023,5013,Carol Project,Iron Ore Company of Canada,mining,-66.8936,52.9565,Boreal Shield,Northern Québec and Labrador Drainage Area,NA - 14,Zinc (and its compounds),tonnes,On-Site Disposal / Élimination sur le site,Tailings,94.644,https://www.canada.ca/en/environment-climate-change/services/national-pollutant-release-inventory/tools-resources-data/exploredata.html,POINT (-66.8936 52.9565)
npri-11867-2023-144,2023,11867,Detour Lake Project,Kirkland Lake Gold Inc ,mining,-79.70393,50.0171,Boreal Shield,Southwestern Hudson Bay Drainage Area,NA - 16,Ammonia (total),tonnes,On-Site Disposal / Élimination sur le site,Tailings,2582.671,https://www.canada.ca/en/environment-climate-change/services/national-pollutant-release-inventory/tools-resources-data/exploredata.html,POINT (-79.70393 50.0171)
npri-11867-2023-145,2023,11867,Detour Lake Project,Kirkland Lake Gold Inc ,mining,-79.70393,50.0171,Boreal Shield,Southwestern Hudson Bay Drainage Area,NA - 01,Antimony (and its compounds),tonnes,On-Site Disposal / Élimination sur le site,Tailings,0.978,https://www.canada.ca/en/environment-climate-change/services/national-pollutant-release-inventory/tools-resources-data/exploredata.html,POINT (-79.70393 50.0171)
npri-11867-2023-146,2023,11867,Detour Lake Project,Kirkland Lake Gold Inc ,mining,-79.70393,50.0171,Boreal Shield,Southwestern Hudson Bay Drainage Area,NA - 02,Arsenic (and its compounds),kg,On-Site Disposal / Élimination sur le site,Tailings,217133.077,https://www.canada.ca/en/environment-climate-change/services/national-pollutant-release-inventory/tools-resources-data/exploredata.html,POINT (-79.70393 50.0171)
npri-11867-2023-147,2023,11867,Detour Lake Project,Kirkland Lake Gold Inc ,mining,-79.70393,50.0171,Boreal Shield,Southwestern Hudson Bay Drainage Area,NA - 03,Cadmium (and its compounds),kg,On-Site Disposal / Élimination sur le site,Tailings,4909.946,https://www.canada.ca/en/environment-climate-change/services/national-pollutant-release-inventory/tools-resources-data/exploredata.html,POINT (-79.70393 50.0171)
npri-11867-2023-148,2023,11867,Detour Lake Project,Kirkland Lake Gold Inc ,mining,-79.70393,50.0171,Boreal Shield,Southwestern Hudson Bay Drainage Area,NA - 04,Chromium (and its compounds),tonnes,On-Site Disposal / Élimination sur le site,Tailings,2257.402,https://www.canada.ca/en/environment-climate-change/services/national-pollutant-release-inventory/tools-resources-data/exploredata.html,POINT (-79.70393 50.0171)
npri-11867-2023-149,2023,11867,Detour Lake Project,Kirkland Lake Gold Inc ,mining,-79.70393,50.0171,Boreal Shield,Southwestern Hudson Bay Drainage Area,NA - 05,Cobalt (and its compounds),kg,On-Site Disposal / Élimination sur le site,Tailings,748033.231,https://www.canada.ca/en/environment-climate-change/services/national-pollutant-release-inventory/tools-resources-data/exploredata.html,POINT (-79.70393 50.0171)
npri-11867-2023-150,2023,11867,Detour Lake Project,Kirkland Lake Gold Inc ,mining,-79.70393,50.0171,Boreal Shield,Southwestern Hudson Bay Drainage Area,NA - 06,Copper (and its compounds),tonnes,On-Site Disposal / Élimination sur le site,Tailings,6046.472,https://www.canada.ca/en/environment-climate-change/services/national-pollutant-release-inventory/tools-resources-data/exploredata.html,POINT (-79.70393 50.0171)
npri-11867-2023-151,2023,11867,Detour Lake Project,Kirkland Lake Gold Inc ,mining,-79.70393,50.0171,Boreal Shield,Southwestern Hudson Bay Drainage Area,NA - 08,Lead (and its compounds),kg,On-Site Disposal / Élimination sur le site,Tailings,1102097.077,https://www.canada.ca/en/environment-climate-change/services/national-pollutant-release-inventory/tools-resources-data/exploredata.html,POINT (-79.70393 50.0171)
npri-11867-2023-152,2023,11867,Detour Lake Project,Kirkland Lake Gold Inc ,mining,-79.70393,50.0171,Boreal Shield,Southwestern Hudson Bay Drainage Area,NA - 09,Manganese (and its compounds),tonnes,On-Site Disposal / Élimination sur le site,Tailings,13884.78,https://www.canada.ca/en/environment-climate-change/services/national-pollutant-release-inventory/tools-resources-data/exploredata.html,POINT (-79.70393 50.0171)
npri-11867-2023-153,2023,11867,Detour Lake Project,Kirkland Lake Gold Inc ,mining,-79.70393,50.0171,Boreal Shield,Southwestern Hudson Bay Drainage Area,NA - 10,Mercury (and its compounds),kg,On-Site Disposal / Élimination sur le site,Tailings,430.354,https://www.canada.ca/en/environment-climate-change/services/national-pollutant-release-inventory/tools-resources-data/exploredata.html,POINT (-79.70393 50.0171)
npri-11867-2023-154,2023,11867,Detour Lake Project,Kirkland Lake Gold Inc ,mining,-79.70393,50.0171,Boreal Shield,Southwestern Hudson Bay Drainage Area,NA - 11,Nickel (and its compounds),tonnes,On-Site Disposal / Élimination sur le site,Tailings,1392.782,https://www.canada.ca/en/environment-climate-change/services/national-pollutant-release-inventory/tools-resources-data/exploredata.html,POINT (-79.70393 50.0171)
npri-11867-2023-155,2023,11867,Detour Lake Project,Kirkland Lake Gold Inc ,mining,-79.70393,50.0171,Boreal Shield,Southwestern Hudson Bay Drainage Area,NA - 22,Phosphorus (total),tonnes,On-Site Disposal / Élimination sur le site,Tailings,12128.154,https://www.canada.ca/en/environment-climate-change/services/national-pollutant-release-inventory/tools-resources-data/exploredata.html,POINT (-79.70393 50.0171)
npri-11867-2023-156,2023,11867,Detour Lake Project,Kirkland Lake Gold Inc ,mining,-79.70393,50.0171,Boreal Shield,Southwestern Hudson Bay Drainage Area,NA - 12,Selenium (and its compounds),kg,On-Site Disposal / Élimination sur le site,Tailings,16627.308,https://www.canada.ca/en/environment-climate-change/services/national-pollutant-release-inventory/tools-resources-data/exploredata.html,POINT (-79.70393 50.0171)
npri-11867-2023-157,2023,11867,Detour Lake Project,Kirkland Lake Gold Inc ,mining,-79.70393,50.0171,Boreal Shield,Southwestern Hudson Bay Drainage Area,NA - 13,Silver (and its compounds),tonnes,On-Site Disposal / Élimination sur le site,Tailings,5.751,https://www.canada.ca/en/environment-climate-change/services/national-pollutant-release-inventory/tools-resources-data/exploredata.html,POINT (-79.70393 50.0171)
npri-11867-2023-158,2023,11867,Detour Lake Project,Kirkland Lake Gold Inc ,mining,-79.70393,50.0171,Boreal Shield,Southwestern Hudson Bay Drainage Area,NA - 37,Thallium (and its compounds),kg,On-Site Disposal / Élimination sur le site,Tailings,3227.654,https://www.canada.ca/en/environment-climate-change/services/national-pollutant-release-inventory/tools-resources-data/exploredata.html,POINT (-79.70393 50.0171)
npri-11867-2023-159,2023,11867,Detour Lake Project,Kirkland Lake Gold Inc ,mining,-79.70393,50.0171,Boreal Shield,Southwestern Hudson Bay Drainage Area,NA - 40,Vanadium (and its compounds),tonnes,On-Site Disposal / Élimination sur le site,Tailings,2290.656,https://www.canada.ca/en/environment-climate-change/services/national-pollutant-release-inventory/tools-resources-data/exploredata.html,POINT (-79.70393 50.0171)
npri-11867-2023-160,2023,11867,Detour Lake Project,Kirkland Lake Gold Inc ,mining,-79.70393,50.0171,Boreal Shield,Southwestern Hudson Bay Drainage Area,NA - 14,Zinc (and its compounds),tonnes,On-Site Disposal / Élimination sur le site,Tailings,1275.412,https://www.canada.ca/en/environment-climate-change/services/national-pollutant-release-inventory/tools-resources-data/exploredata.html,POINT (-79.70393 50.0171)
npri-11796-2023-175,2023,11796,Bell Creek Complex,Lake Shore Gold,mining,-81.0419,48.4741,Boreal Shield,Southwestern Hudson Bay Drainage Area,NA - 02,Arsenic (and its compounds),kg,On-Site Disposal / Élimination sur le site,Tailings,168874.541,https://www.canada.ca/en/environment-climate-change/services/national-pollutant-release-inventory/tools-resources-data/exploredata.html,POINT (-81.0419 48.4741)
npri-11796-2023-176,2023,11796,Bell Creek Complex,Lake Shore Gold,mining,-81.0419,48.4741,Boreal Shield,Southwestern Hudson Bay Drainage Area,NA - 03,Cadmium (and its compounds),kg,On-Site Disposal / Élimination sur le site,Tailings,387.967,https://www.canada.ca/en/environment-climate-change/services/national-pollutant-release-inventory/tools-resources-data/exploredata.html,POINT (-81.0419 48.4741)
npri-11796-2023-177,2023,11796,Bell Creek Complex,Lake Shore Gold,mining,-81.0419,48.4741,Boreal Shield,Southwestern Hudson Bay Drainage Area,NA - 04,Chromium (and its compounds),tonnes,On-Site Disposal / Élimination sur le site,Tailings,256.711,https://www.canada.ca/en/environment-climate-change/services/national-pollutant-release-inventory/tools-resources-data/exploredata.html,POINT (-81.0419 48.4741)
npri-11796-2023-178,2023,11796,Bell Creek Complex,Lake Shore Gold,mining,-81.0419,48.4741,Boreal Shield,Southwestern Hudson Bay Drainage Area,NA - 05,Cobalt (and its compounds),kg,On-Site Disposal / Élimination sur le site,Tailings,37960.757,https://www.canada.ca/en/environment-climate-change/services/national-pollutant-release-inventory/tools-resources-data/exploredata.html,POINT (-81.0419 48.4741)
npri-11796-2023-179,2023,11796,Bell Creek Complex,Lake Shore Gold,mining,-81.0419,48.4741,Boreal Shield,Southwestern Hudson Bay Drainage Area,NA - 06,Copper (and its compounds),tonnes,On-Site Disposal / Élimination sur le site,Tailings,85.125,https://www.canada.ca/en/environment-climate-change/services/national-pollutant-release-inventory/tools-resources-data/exploredata.html,POINT (-81.0419 48.4741)
npri-11796-2023-180,2023,11796,Bell Creek Complex,Lake Shore Gold,mining,-81.0419,48.4741,Boreal Shield,Southwestern Hudson Bay Drainage Area,NA - 08,Lead (and its compounds),kg,On-Site Disposal / Élimination sur le site,Tailings,45704.321,https://www.canada.ca/en/environment-climate-change/services/national-pollutant-release-inventory/tools-resources-data/exploredata.html,POINT (-81.0419 48.4741)
npri-11796-2023-181,2023,11796,Bell Creek Complex,Lake Shore Gold,mining,-81.0419,48.4741,Boreal Shield,Southwestern Hudson Bay Drainage Area,NA - 09,Manganese (and its compounds),tonnes,On-Site Disposal / Élimination sur le site,Tailings,1603.676,https://www.canada.ca/en/environment-climate-change/services/national-pollutant-release-inventory/tools-resources-data/exploredata.html,POINT (-81.0419 48.4741)
npri-11796-2023-182,2023,11796,Bell Creek Complex,Lake Shore Gold,mining,-81.0419,48.4741,Boreal Shield,Southwestern Hudson Bay Drainage Area,NA - 11,Nickel (and its compounds),tonnes,On-Site Disposal / Élimination sur le site,Tailings,98.323,https://www.canada.ca/en/environment-climate-change/services/national-pollutant-release-inventory/tools-resources-data/exploredata.html,POINT (-81.0419 48.4741)
npri-11796-2023-183,2023,11796,Bell Creek Complex,Lake Shore Gold,mining,-81.0419,48.4741,Boreal Shield,Southwestern Hudson Bay Drainage Area,NA - 22,Phosphorus (total),tonnes,On-Site Disposal / Élimination sur le site,Tailings,1500.18,https://www.canada.ca/en/environment-climate-change/services/national-pollutant-release-inventory/tools-resources-data/exploredata.html,POINT (-81.0419 48.4741)
npri-11796-2023-184,2023,11796,Bell Creek Complex,Lake Shore Gold,mining,-81.0419,48.4741,Boreal Shield,Southwestern Hudson Bay Drainage Area,NA - 12,Selenium (and its compounds),kg,On-Site Disposal / Élimination sur le site,Tailings,1962.362,https://www.canada.ca/en/environment-climate-change/services/national-pollutant-release-inventory/tools-resources-data/exploredata.html,POINT (-81.0419 48.4741)
npri-11796-2023-185,2023,11796,Bell Creek Complex,Lake Shore Gold,mining,-81.0419,48.4741,Boreal Shield,Southwestern Hudson Bay Drainage Area,NA - 37,Thallium (and its compounds),kg,On-Site Disposal / Élimination sur le site,Tailings,490.509,https://www.canada.ca/en/environment-climate-change/services/national-pollutant-release-inventory/tools-resources-data/exploredata.html,POINT (-81.0419 48.4741)
npri-11796-2023-186,2023,11796,Bell Creek Complex,Lake Shore Gold,mining,-81.0419,48.4741,Boreal Shield,Southwestern Hudson Bay Drainage Area,NA - 40,Vanadium (and its compounds),tonnes,On-Site Disposal / Élimination sur le site,Tailings,166.912,https://www.canada.ca/en/environment-climate-change/services/national-pollutant-release-inventory/tools-resources-data/exploredata.html,POINT (-81.0419 48.4741)
npri-11796-2023-187,2023,11796,Bell Creek Complex,Lake Shore Gold,mining,-81.0419,48.4741,Boreal Shield,Southwestern Hudson Bay Drainage Area,NA - 14,Zinc (and its compounds),tonnes,On-Site Disposal / Élimination sur le site,Tailings,170.035,https://www.canada.ca/en/environment-climate-change/services/national-pollutant-release-inventory/tools-resources-data/exploredata.html,POINT (-81.0419 48.4741)
npri-99-2023-139,2023,99,Division Laronde,Les Mines Agnico Eagle Limitée,mining,-78.44184,48.25072,Boreal Shield,St. Lawrence Drainage Area,NA - 02,Arsenic (and its compounds),kg,On-Site Disposal / Élimination sur le site,Tailings,134333.92,https://www.canada.ca/en/environment-climate-change/services/national-pollutant-release-inventory/tools-resources-data/exploredata.html,POINT (-78.44184 48.25072)
npri-99-2023-140,2023,99,Division Laronde,Les Mines Agnico Eagle Limitée,mining,-78.44184,48.25072,Boreal Shield,St. Lawrence Drainage Area,NA - 03,Cadmium (and its compounds),kg,On-Site Disposal / Élimination sur le site,Tailings,6802.62,https://www.canada.ca/en/environment-climate-change/services/national-pollutant-release-inventory/tools-resources-data/exploredata.html,POINT (-78.44184 48.25072)
npri-99-2023-141,2023,99,Division Laronde,Les Mines Agnico Eagle Limitée,mining,-78.44184,48.25072,Boreal Shield,St. Lawrence Drainage Area,NA - 04,Chromium (and its compounds),tonnes,On-Site Disposal / Élimination sur le site,Tailings,716.75,https://www.canada.ca/en/environment-climate-change/services/national-pollutant-release-inventory/tools-resources-data/exploredata.html,POINT (-78.44184 48.25072)
npri-99-2023-142,2023,99,Division Laronde,Les Mines Agnico Eagle Limitée,mining,-78.44184,48.25072,Boreal Shield,St. Lawrence Drainage Area,NA - 05,Cobalt (and its compounds),kg,On-Site Disposal / Élimination sur le site,Tailings,43629.09,https://www.canada.ca/en/environment-climate-change/services/national-pollutant-release-inventory/tools-resources-data/exploredata.html,POINT (-78.44184 48.25072)
npri-99-2023-143,2023,99,Division Laronde,Les Mines Agnico Eagle Limitée,mining,-78.44184,48.25072,Boreal Shield,St. Lawrence Drainage Area,NA - 06,Copper (and its compounds),tonnes,On-Site Disposal / Élimination sur le site,Tailings,670.38,https://www.canada.ca/en/environment-climate-change/services/national-pollutant-release-inventory/tools-resources-data/exploredata.html,POINT (-78.44184 48.25072)
npri-99-2023-144,2023,99,Division Laronde,Les Mines Agnico Eagle Limitée,mining,-78.44184,48.25072,Boreal Shield,St. Lawrence Drainage Area,NA - 07,Cyanides (ionic),tonnes,On-Site Disposal / Élimination sur le site,Tailings,8.79,https://www.canada.ca/en/environment-climate-change/services/national-pollutant-release-inventory/tools-resources-data/exploredata.html,POINT (-78.44184 48.25072)
npri-99-2023-145,2023,99,Division Laronde,Les Mines Agnico Eagle Limitée,mining,-78.44184,48.25072,Boreal Shield,St. Lawrence Drainage Area,NA - 08,Lead (and its compounds),kg,On-Site Disposal / Élimination sur le site,Tailings,252289.72,https://www.canada.ca/en/environment-climate-change/services/national-pollutant-release-inventory/tools-resources-data/exploredata.html,POINT (-78.44184 48.25072)
npri-99-2023-146,2023,99,Division Laronde,Les Mines Agnico Eagle Limitée,mining,-78.44184,48.25072,Boreal Shield,St. Lawrence Drainage Area,NA - 09,Manganese (and its compounds),tonnes,On-Site Disposal / Élimination sur le site,Tailings,1371.95,https://www.canada.ca/en/environment-climate-change/services/national-pollutant-release-inventory/tools-resources-data/exploredata.html,POINT (-78.44184 48.25072)
npri-99-2023-147,2023,99,Division Laronde,Les Mines Agnico Eagle Limitée,mining,-78.44184,48.25072,Boreal Shield,St. Lawrence Drainage Area,NA - 10,Mercury (and its compounds),kg,On-Site Disposal / Élimination sur le site,Tailings,78.55,https://www.canada.ca/en/environment-climate-change/services/national-pollutant-release-inventory/tools-resources-data/exploredata.html,POINT (-78.44184 48.25072)
npri-99-2023-148,2023,99,Division Laronde,Les Mines Agnico Eagle Limitée,mining,-78.44184,48.25072,Boreal Shield,St. Lawrence Drainage Area,NA - 11,Nickel (and its compounds),tonnes,On-Site Disposal / Élimination sur le site,Tailings,45.49,https://www.canada.ca/en/environment-climate-change/services/national-pollutant-release-inventory/tools-resources-data/exploredata.html,POINT (-78.44184 48.25072)
npri-99-2023-149,2023,99,Division Laronde,Les Mines Agnico Eagle Limitée,mining,-78.44184,48.25072,Boreal Shield,St. Lawrence Drainage Area,NA - 12,Selenium (and its compounds),kg,On-Site Disposal / Élimination sur le site,Tailings,26833.09,https://www.canada.ca/en/environment-climate-change/services/national-pollutant-release-inventory/tools-resources-data/exploredata.html,POINT (-78.44184 48.25072)
npri-99-2023-150,2023,99,Division Laronde,Les Mines Agnico Eagle Limitée,mining,-78.44184,48.25072,Boreal Shield,St. Lawrence Drainage Area,NA - 40,Vanadium (and its compounds),tonnes,On-Site Disposal / Élimination sur le site,Tailings,54.1,https://www.canada.ca/en/environment-climate-change/services/national-pollutant-release-inventory/tools-resources-data/exploredata.html,POINT (-78.44184 48.25072)
npri-99-2023-151,2023,99,Division Laronde,Les Mines Agnico Eagle Limitée,mining,-78.44184,48.25072,Boreal Shield,St. Lawrence Drainage Area,NA - 14,Zinc (and its compounds),tonnes,On-Site Disposal / Élimination sur le site,Tailings,2059.09,https://www.canada.ca/en/environment-climate-change/services/national-pollutant-release-inventory/tools-resources-data/exploredata.html,POINT (-78.44184 48.25072)
npri-2100-2023-85,2023,2100,La Mine Niobec,Magris Ressources,mining,-71.1578,48.5322,Boreal Shield,St. Lawrence Drainage Area,NA - 16,Ammonia (total),tonnes,On-Site Disposal / Élimination sur le site,Tailings,2.222,https://www.canada.ca/en/environment-climate-change/services/national-pollutant-release-inventory/tools-resources-data/exploredata.html,POINT (-71.1578 48.5322)
npri-2100-2023-86,2023,2100,La Mine Niobec,Magris Ressources,mining,-71.1578,48.5322,Boreal Shield,St. Lawrence Drainage Area,NA - 02,Arsenic (and its compounds),kg,On-Site Disposal / Élimination sur le site,Tailings,10666.848,https://www.canada.ca/en/environment-climate-change/services/national-pollutant-release-inventory/tools-resources-data/exploredata.html,POINT (-71.1578 48.5322)
npri-2100-2023-87,2023,2100,La Mine Niobec,Magris Ressources,mining,-71.1578,48.5322,Boreal Shield,St. Lawrence Drainage Area,NA - 03,Cadmium (and its compounds),kg,On-Site Disposal / Élimination sur le site,Tailings,1422.246,https://www.canada.ca/en/environment-climate-change/services/national-pollutant-release-inventory/tools-resources-data/exploredata.html,POINT (-71.1578 48.5322)
npri-2100-2023-88,2023,2100,La Mine Niobec,Magris Ressources,mining,-71.1578,48.5322,Boreal Shield,St. Lawrence Drainage Area,NA - 04,Chromium (and its compounds),tonnes,On-Site Disposal / Élimination sur le site,Tailings,5.022,https://www.canada.ca/en/environment-climate-change/services/national-pollutant-release-inventory/tools-resources-data/exploredata.html,POINT (-71.1578 48.5322)
npri-2100-2023-89,2023,2100,La Mine Niobec,Magris Ressources,mining,-71.1578,48.5322,Boreal Shield,St. Lawrence Drainage Area,NA - 05,Cobalt (and its compounds),kg,On-Site Disposal / Élimination sur le site,Tailings,6969.007,https://www.canada.ca/en/environment-climate-change/services/national-pollutant-release-inventory/tools-resources-data/exploredata.html,POINT (-71.1578 48.5322)
npri-2100-2023-90,2023,2100,La Mine Niobec,Magris Ressources,mining,-71.1578,48.5322,Boreal Shield,St. Lawrence Drainage Area,NA - 06,Copper (and its compounds),tonnes,On-Site Disposal / Élimination sur le site,Tailings,14.987,https://www.canada.ca/en/environment-climate-change/services/national-pollutant-release-inventory/tools-resources-data/exploredata.html,POINT (-71.1578 48.5322)
npri-2100-2023-91,2023,2100,La Mine Niobec,Magris Ressources,mining,-71.1578,48.5322,Boreal Shield,St. Lawrence Drainage Area,NA - 08,Lead (and its compounds),kg,On-Site Disposal / Élimination sur le site,Tailings,16426.946,https://www.canada.ca/en/environment-climate-change/services/national-pollutant-release-inventory/tools-resources-data/exploredata.html,POINT (-71.1578 48.5322)
npri-2100-2023-92,2023,2100,La Mine Niobec,Magris Ressources,mining,-71.1578,48.5322,Boreal Shield,St. Lawrence Drainage Area,NA - 09,Manganese (and its compounds),tonnes,On-Site Disposal / Élimination sur le site,Tailings,4997.154,https://www.canada.ca/en/environment-climate-change/services/national-pollutant-release-inventory/tools-resources-data/exploredata.html,POINT (-71.1578 48.5322)
npri-2100-2023-93,2023,2100,La Mine Niobec,Magris Ressources,mining,-71.1578,48.5322,Boreal Shield,St. Lawrence Drainage Area,NA - 17,Nitrate ion in solution at pH >= 6.0,tonnes,On-Site Disposal / Élimination sur le site,Tailings,9.093,https://www.canada.ca/en/environment-climate-change/services/national-pollutant-release-inventory/tools-resources-data/exploredata.html,POINT (-71.1578 48.5322)
npri-2100-2023-94,2023,2100,La Mine Niobec,Magris Ressources,mining,-71.1578,48.5322,Boreal Shield,St. Lawrence Drainage Area,NA - 22,Phosphorus (total),tonnes,On-Site Disposal / Élimination sur le site,Tailings,14753.378,https://www.canada.ca/en/environment-climate-change/services/national-pollutant-release-inventory/tools-resources-data/exploredata.html,POINT (-71.1578 48.5322)
npri-2100-2023-95,2023,2100,La Mine Niobec,Magris Ressources,mining,-71.1578,48.5322,Boreal Shield,St. Lawrence Drainage Area,NA - 12,Selenium (and its compounds),kg,On-Site Disposal / Élimination sur le site,Tailings,479.119,https://www.canada.ca/en/environment-climate-change/services/national-pollutant-release-inventory/tools-resources-data/exploredata.html,POINT (-71.1578 48.5322)
npri-2100-2023-96,2023,2100,La Mine Niobec,Magris Ressources,mining,-71.1578,48.5322,Boreal Shield,St. Lawrence Drainage Area,NA - 37,Thallium (and its compounds),kg,On-Site Disposal / Élimination sur le site,Tailings,206.226,https://www.canada.ca/en/environment-climate-change/services/national-pollutant-release-inventory/tools-resources-data/exploredata.html,POINT (-71.1578 48.5322)
npri-2100-2023-97,2023,2100,La Mine Niobec,Magris Ressources,mining,-71.1578,48.5322,Boreal Shield,St. Lawrence Drainage Area,NA - 40,Vanadium (and its compounds),tonnes,On-Site Disposal / Élimination sur le site,Tailings,76.588,https://www.canada.ca/en/environment-climate-change/services/national-pollutant-release-inventory/tools-resources-data/exploredata.html,POINT (-71.1578 48.5322)
npri-2100-2023-98,2023,2100,La Mine Niobec,Magris Ressources,mining,-71.1578,48.5322,Boreal Shield,St. Lawrence Drainage Area,NA - 14,Zinc (and its compounds),tonnes,On-Site Disposal / Élimination sur le site,Tailings,67.414,https://www.canada.ca/en/environment-climate-change/services/national-pollutant-release-inventory/tools-resources-data/exploredata.html,POINT (-71.1578 48.5322)
npri-3810-2023-114,2023,3810,McEwen Ontario Black Fox Mine,McEwen Mining,mining,-80.3416,48.5344,Boreal Shield,Southwestern Hudson Bay Drainage Area,NA - 02,Arsenic (and its compounds),kg,On-Site Disposal / Élimination sur le site,Tailings,-58.647,https://www.canada.ca/en/environment-climate-change/services/national-pollutant-release-inventory/tools-resources-data/exploredata.html,POINT (-80.3416 48.5344)
npri-11743-2023-114,2023,11743,McEwen Ontario Black Fox Mill,McEwen Ontario,mining,-80.7509,48.5515,Boreal Shield,Southwestern Hudson Bay Drainage Area,NA - 02,Arsenic (and its compounds),kg,On-Site Disposal / Élimination sur le site,Tailings,59388.03,https://www.canada.ca/en/environment-climate-change/services/national-pollutant-release-inventory/tools-resources-data/exploredata.html,POINT (-80.7509 48.5515)
npri-11743-2023-115,2023,11743,McEwen Ontario Black Fox Mill,McEwen Ontario,mining,-80.7509,48.5515,Boreal Shield,Southwestern Hudson Bay Drainage Area,NA - 03,Cadmium (and its compounds),kg,On-Site Disposal / Élimination sur le site,Tailings,73.093,https://www.canada.ca/en/environment-climate-change/services/national-pollutant-release-inventory/tools-resources-data/exploredata.html,POINT (-80.7509 48.5515)
npri-11743-2023-116,2023,11743,McEwen Ontario Black Fox Mill,McEwen Ontario,mining,-80.7509,48.5515,Boreal Shield,Southwestern Hudson Bay Drainage Area,NA - 04,Chromium (and its compounds),tonnes,On-Site Disposal / Élimination sur le site,Tailings,264.962,https://www.canada.ca/en/environment-climate-change/services/national-pollutant-release-inventory/tools-resources-data/exploredata.html,POINT (-80.7509 48.5515)
npri-11743-2023-117,2023,11743,McEwen Ontario Black Fox Mill,McEwen Ontario,mining,-80.7509,48.5515,Boreal Shield,Southwestern Hudson Bay Drainage Area,NA - 05,Cobalt (and its compounds),kg,On-Site Disposal / Élimination sur le site,Tailings,19186.902,https://www.canada.ca/en/environment-climate-change/services/national-pollutant-release-inventory/tools-resources-data/exploredata.html,POINT (-80.7509 48.5515)
npri-11743-2023-118,2023,11743,McEwen Ontario Black Fox Mill,McEwen Ontario,mining,-80.7509,48.5515,Boreal Shield,Southwestern Hudson Bay Drainage Area,NA - 06,Copper (and its compounds),tonnes,On-Site Disposal / Élimination sur le site,Tailings,40.201,https://www.canada.ca/en/environment-climate-change/services/national-pollutant-release-inventory/tools-resources-data/exploredata.html,POINT (-80.7509 48.5515)
npri-11743-2023-119,2023,11743,McEwen Ontario Black Fox Mill,McEwen Ontario,mining,-80.7509,48.5515,Boreal Shield,Southwestern Hudson Bay Drainage Area,NA - 08,Lead (and its compounds),kg,On-Site Disposal / Élimination sur le site,Tailings,5025.141,https://www.canada.ca/en/environment-climate-change/services/national-pollutant-release-inventory/tools-resources-data/exploredata.html,POINT (-80.7509 48.5515)
npri-11743-2023-120,2023,11743,McEwen Ontario Black Fox Mill,McEwen Ontario,mining,-80.7509,48.5515,Boreal Shield,Southwestern Hudson Bay Drainage Area,NA - 09,Manganese (and its compounds),tonnes,On-Site Disposal / Élimination sur le site,Tailings,436.73,https://www.canada.ca/en/environment-climate-change/services/national-pollutant-release-inventory/tools-resources-data/exploredata.html,POINT (-80.7509 48.5515)
npri-11743-2023-121,2023,11743,McEwen Ontario Black Fox Mill,McEwen Ontario,mining,-80.7509,48.5515,Boreal Shield,Southwestern Hudson Bay Drainage Area,NA - 11,Nickel (and its compounds),tonnes,On-Site Disposal / Élimination sur le site,Tailings,238.923,https://www.canada.ca/en/environment-climate-change/services/national-pollutant-release-inventory/tools-resources-data/exploredata.html,POINT (-80.7509 48.5515)
npri-11743-2023-122,2023,11743,McEwen Ontario Black Fox Mill,McEwen Ontario,mining,-80.7509,48.5515,Boreal Shield,Southwestern Hudson Bay Drainage Area,NA - 40,Vanadium (and its compounds),tonnes,On-Site Disposal / Élimination sur le site,Tailings,41.115,https://www.canada.ca/en/environment-climate-change/services/national-pollutant-release-inventory/tools-resources-data/exploredata.html,POINT (-80.7509 48.5515)
npri-11743-2023-123,2023,11743,McEwen Ontario Black Fox Mill,McEwen Ontario,mining,-80.7509,48.5515,Boreal Shield,Southwestern Hudson Bay Drainage Area,NA - 14,Zinc (and its compounds),tonnes,On-Site Disposal / Élimination sur le site,Tailings,19.644,https://www.canada.ca/en/environment-climate-change/services/national-pollutant-release-inventory/tools-resources-data/exploredata.html,POINT (-80.7509 48.5515)
npri-8783-2023-133,2023,8783,Mine du Lac Bloom,MINERAI DE FER QUÉBEC INC.,mining,-67.2761,52.8383,Boreal Shield,Northern Québec and Labrador Drainage Area,NA - 02,Arsenic (and its compounds),kg,On-Site Disposal / Élimination sur le site,Tailings,20924.19,https://www.canada.ca/en/environment-climate-change/services/national-pollutant-release-inventory/tools-resources-data/exploredata.html,POINT (-67.2761 52.8383)
npri-8783-2023-134,2023,8783,Mine du Lac Bloom,MINERAI DE FER QUÉBEC INC.,mining,-67.2761,52.8383,Boreal Shield,Northern Québec and Labrador Drainage Area,NA - 03,Cadmium (and its compounds),kg,On-Site Disposal / Élimination sur le site,Tailings,266.08,https://www.canada.ca/en/environment-climate-change/services/national-pollutant-release-inventory/tools-resources-data/exploredata.html,POINT (-67.2761 52.8383)
npri-8783-2023-135,2023,8783,Mine du Lac Bloom,MINERAI DE FER QUÉBEC INC.,mining,-67.2761,52.8383,Boreal Shield,Northern Québec and Labrador Drainage Area,NA - 04,Chromium (and its compounds),tonnes,On-Site Disposal / Élimination sur le site,Tailings,2705.06,https://www.canada.ca/en/environment-climate-change/services/national-pollutant-release-inventory/tools-resources-data/exploredata.html,POINT (-67.2761 52.8383)
npri-8783-2023-136,2023,8783,Mine du Lac Bloom,MINERAI DE FER QUÉBEC INC.,mining,-67.2761,52.8383,Boreal Shield,Northern Québec and Labrador Drainage Area,NA - 05,Cobalt (and its compounds),kg,On-Site Disposal / Élimination sur le site,Tailings,76101.42,https://www.canada.ca/en/environment-climate-change/services/national-pollutant-release-inventory/tools-resources-data/exploredata.html,POINT (-67.2761 52.8383)
npri-8783-2023-137,2023,8783,Mine du Lac Bloom,MINERAI DE FER QUÉBEC INC.,mining,-67.2761,52.8383,Boreal Shield,Northern Québec and Labrador Drainage Area,NA - 06,Copper (and its compounds),tonnes,On-Site Disposal / Élimination sur le site,Tailings,229.84,https://www.canada.ca/en/environment-climate-change/services/national-pollutant-release-inventory/tools-resources-data/exploredata.html,POINT (-67.2761 52.8383)
npri-8783-2023-138,2023,8783,Mine du Lac Bloom,MINERAI DE FER QUÉBEC INC.,mining,-67.2761,52.8383,Boreal Shield,Northern Québec and Labrador Drainage Area,NA - 08,Lead (and its compounds),kg,On-Site Disposal / Élimination sur le site,Tailings,15070.14,https://www.canada.ca/en/environment-climate-change/services/national-pollutant-release-inventory/tools-resources-data/exploredata.html,POINT (-67.2761 52.8383)
npri-8783-2023-139,2023,8783,Mine du Lac Bloom,MINERAI DE FER QUÉBEC INC.,mining,-67.2761,52.8383,Boreal Shield,Northern Québec and Labrador Drainage Area,NA - 09,Manganese (and its compounds),tonnes,On-Site Disposal / Élimination sur le site,Tailings,16642.24,https://www.canada.ca/en/environment-climate-change/services/national-pollutant-release-inventory/tools-resources-data/exploredata.html,POINT (-67.2761 52.8383)
npri-8783-2023-140,2023,8783,Mine du Lac Bloom,MINERAI DE FER QUÉBEC INC.,mining,-67.2761,52.8383,Boreal Shield,Northern Québec and Labrador Drainage Area,NA - 10,Mercury (and its compounds),kg,On-Site Disposal / Élimination sur le site,Tailings,622.98,https://www.canada.ca/en/environment-climate-change/services/national-pollutant-release-inventory/tools-resources-data/exploredata.html,POINT (-67.2761 52.8383)
npri-8783-2023-141,2023,8783,Mine du Lac Bloom,MINERAI DE FER QUÉBEC INC.,mining,-67.2761,52.8383,Boreal Shield,Northern Québec and Labrador Drainage Area,NA - 11,Nickel (and its compounds),tonnes,On-Site Disposal / Élimination sur le site,Tailings,159.64,https://www.canada.ca/en/environment-climate-change/services/national-pollutant-release-inventory/tools-resources-data/exploredata.html,POINT (-67.2761 52.8383)
npri-8783-2023-142,2023,8783,Mine du Lac Bloom,MINERAI DE FER QUÉBEC INC.,mining,-67.2761,52.8383,Boreal Shield,Northern Québec and Labrador Drainage Area,NA - 12,Selenium (and its compounds),kg,On-Site Disposal / Élimination sur le site,Tailings,1865.4,https://www.canada.ca/en/environment-climate-change/services/national-pollutant-release-inventory/tools-resources-data/exploredata.html,POINT (-67.2761 52.8383)
npri-8783-2023-143,2023,8783,Mine du Lac Bloom,MINERAI DE FER QUÉBEC INC.,mining,-67.2761,52.8383,Boreal Shield,Northern Québec and Labrador Drainage Area,NA - 37,Thallium (and its compounds),kg,On-Site Disposal / Élimination sur le site,Tailings,550.47,https://www.canada.ca/en/environment-climate-change/services/national-pollutant-release-inventory/tools-resources-data/exploredata.html,POINT (-67.2761 52.8383)
npri-8783-2023-144,2023,8783,Mine du Lac Bloom,MINERAI DE FER QUÉBEC INC.,mining,-67.2761,52.8383,Boreal Shield,Northern Québec and Labrador Drainage Area,NA - 40,Vanadium (and its compounds),tonnes,On-Site Disposal / Élimination sur le site,Tailings,133.18,https://www.canada.ca/en/environment-climate-change/services/national-pollutant-release-inventory/tools-resources-data/exploredata.html,POINT (-67.2761 52.8383)
npri-8783-2023-145,2023,8783,Mine du Lac Bloom,MINERAI DE FER QUÉBEC INC.,mining,-67.2761,52.8383,Boreal Shield,Northern Québec and Labrador Drainage Area,NA - 14,Zinc (and its compounds),tonnes,On-Site Disposal / Élimination sur le site,Tailings,181.08,https://www.canada.ca/en/environment-climate-change/services/national-pollutant-release-inventory/tools-resources-data/exploredata.html,POINT (-67.2761 52.8383)
npri-2935-2023-131,2023,2935,Complexe minier Kiena,Mines d'Or Wesdome limitée,mining,-77.91646,48.12065,Boreal Shield,Southwestern Hudson Bay Drainage Area,NA - 16,Ammonia (total),tonnes,On-Site Disposal / Élimination sur le site,Tailings,4.4299,https://www.canada.ca/en/environment-climate-change/services/national-pollutant-release-inventory/tools-resources-data/exploredata.html,POINT (-77.91646 48.12065)
npri-2935-2023-132,2023,2935,Complexe minier Kiena,Mines d'Or Wesdome limitée,mining,-77.91646,48.12065,Boreal Shield,Southwestern Hudson Bay Drainage Area,NA - 02,Arsenic (and its compounds),kg,On-Site Disposal / Élimination sur le site,Tailings,843.742,https://www.canada.ca/en/environment-climate-change/services/national-pollutant-release-inventory/tools-resources-data/exploredata.html,POINT (-77.91646 48.12065)
npri-2935-2023-133,2023,2935,Complexe minier Kiena,Mines d'Or Wesdome limitée,mining,-77.91646,48.12065,Boreal Shield,Southwestern Hudson Bay Drainage Area,NA - 03,Cadmium (and its compounds),kg,On-Site Disposal / Élimination sur le site,Tailings,98.9002,https://www.canada.ca/en/environment-climate-change/services/national-pollutant-release-inventory/tools-resources-data/exploredata.html,POINT (-77.91646 48.12065)
npri-2935-2023-134,2023,2935,Complexe minier Kiena,Mines d'Or Wesdome limitée,mining,-77.91646,48.12065,Boreal Shield,Southwestern Hudson Bay Drainage Area,NA - 04,Chromium (and its compounds),tonnes,On-Site Disposal / Élimination sur le site,Tailings,293.8612,https://www.canada.ca/en/environment-climate-change/services/national-pollutant-release-inventory/tools-resources-data/exploredata.html,POINT (-77.91646 48.12065)
npri-2935-2023-135,2023,2935,Complexe minier Kiena,Mines d'Or Wesdome limitée,mining,-77.91646,48.12065,Boreal Shield,Southwestern Hudson Bay Drainage Area,NA - 05,Cobalt (and its compounds),kg,On-Site Disposal / Élimination sur le site,Tailings,12537.6557,https://www.canada.ca/en/environment-climate-change/services/national-pollutant-release-inventory/tools-resources-data/exploredata.html,POINT (-77.91646 48.12065)
npri-2935-2023-136,2023,2935,Complexe minier Kiena,Mines d'Or Wesdome limitée,mining,-77.91646,48.12065,Boreal Shield,Southwestern Hudson Bay Drainage Area,NA - 06,Copper (and its compounds),tonnes,On-Site Disposal / Élimination sur le site,Tailings,23.6948,https://www.canada.ca/en/environment-climate-change/services/national-pollutant-release-inventory/tools-resources-data/exploredata.html,POINT (-77.91646 48.12065)
npri-2935-2023-137,2023,2935,Complexe minier Kiena,Mines d'Or Wesdome limitée,mining,-77.91646,48.12065,Boreal Shield,Southwestern Hudson Bay Drainage Area,NA - 07,Cyanides (ionic),tonnes,On-Site Disposal / Élimination sur le site,Tailings,0.41208,https://www.canada.ca/en/environment-climate-change/services/national-pollutant-release-inventory/tools-resources-data/exploredata.html,POINT (-77.91646 48.12065)
npri-2935-2023-138,2023,2935,Complexe minier Kiena,Mines d'Or Wesdome limitée,mining,-77.91646,48.12065,Boreal Shield,Southwestern Hudson Bay Drainage Area,NA - 08,Lead (and its compounds),kg,On-Site Disposal / Élimination sur le site,Tailings,47515.3456,https://www.canada.ca/en/environment-climate-change/services/national-pollutant-release-inventory/tools-resources-data/exploredata.html,POINT (-77.91646 48.12065)
npri-2935-2023-139,2023,2935,Complexe minier Kiena,Mines d'Or Wesdome limitée,mining,-77.91646,48.12065,Boreal Shield,Southwestern Hudson Bay Drainage Area,NA - 09,Manganese (and its compounds),tonnes,On-Site Disposal / Élimination sur le site,Tailings,405.2692,https://www.canada.ca/en/environment-climate-change/services/national-pollutant-release-inventory/tools-resources-data/exploredata.html,POINT (-77.91646 48.12065)
npri-2935-2023-140,2023,2935,Complexe minier Kiena,Mines d'Or Wesdome limitée,mining,-77.91646,48.12065,Boreal Shield,Southwestern Hudson Bay Drainage Area,NA - 10,Mercury (and its compounds),kg,On-Site Disposal / Élimination sur le site,Tailings,1.0302,https://www.canada.ca/en/environment-climate-change/services/national-pollutant-release-inventory/tools-resources-data/exploredata.html,POINT (-77.91646 48.12065)
npri-2935-2023-141,2023,2935,Complexe minier Kiena,Mines d'Or Wesdome limitée,mining,-77.91646,48.12065,Boreal Shield,Southwestern Hudson Bay Drainage Area,NA - 11,Nickel (and its compounds),tonnes,On-Site Disposal / Élimination sur le site,Tailings,88.5733,https://www.canada.ca/en/environment-climate-change/services/national-pollutant-release-inventory/tools-resources-data/exploredata.html,POINT (-77.91646 48.12065)
npri-2935-2023-142,2023,2935,Complexe minier Kiena,Mines d'Or Wesdome limitée,mining,-77.91646,48.12065,Boreal Shield,Southwestern Hudson Bay Drainage Area,NA - 12,Selenium (and its compounds),kg,On-Site Disposal / Élimination sur le site,Tailings,148.3502,https://www.canada.ca/en/environment-climate-change/services/national-pollutant-release-inventory/tools-resources-data/exploredata.html,POINT (-77.91646 48.12065)
npri-2935-2023-143,2023,2935,Complexe minier Kiena,Mines d'Or Wesdome limitée,mining,-77.91646,48.12065,Boreal Shield,Southwestern Hudson Bay Drainage Area,NA - 13,Silver (and its compounds),tonnes,On-Site Disposal / Élimination sur le site,Tailings,0.20604,https://www.canada.ca/en/environment-climate-change/services/national-pollutant-release-inventory/tools-resources-data/exploredata.html,POINT (-77.91646 48.12065)
npri-2935-2023-144,2023,2935,Complexe minier Kiena,Mines d'Or Wesdome limitée,mining,-77.91646,48.12065,Boreal Shield,Southwestern Hudson Bay Drainage Area,NA - 40,Vanadium (and its compounds),tonnes,On-Site Disposal / Élimination sur le site,Tailings,40.1988,https://www.canada.ca/en/environment-climate-change/services/national-pollutant-release-inventory/tools-resources-data/exploredata.html,POINT (-77.91646 48.12065)
npri-2935-2023-145,2023,2935,Complexe minier Kiena,Mines d'Or Wesdome limitée,mining,-77.91646,48.12065,Boreal Shield,Southwestern Hudson Bay Drainage Area,NA - 14,Zinc (and its compounds),tonnes,On-Site Disposal / Élimination sur le site,Tailings,14.6434,https://www.canada.ca/en/environment-climate-change/services/national-pollutant-release-inventory/tools-resources-data/exploredata.html,POINT (-77.91646 48.12065)
npri-2372-2023-229,2023,2372,Myra Falls Mine Ltd,Myra Falls Mine Ltd,mining,-125.602,49.5772,Pacific Maritime,Pacific Drainage Area,NA - 01,Antimony (and its compounds),tonnes,On-Site Disposal / Élimination sur le site,Tailings,3.903,https://www.canada.ca/en/environment-climate-change/services/national-pollutant-release-inventory/tools-resources-data/exploredata.html,POINT (-125.602 49.5772)
npri-2372-2023-230,2023,2372,Myra Falls Mine Ltd,Myra Falls Mine Ltd,mining,-125.602,49.5772,Pacific Maritime,Pacific Drainage Area,NA - 02,Arsenic (and its compounds),kg,On-Site Disposal / Élimination sur le site,Tailings,36047.0,https://www.canada.ca/en/environment-climate-change/services/national-pollutant-release-inventory/tools-resources-data/exploredata.html,POINT (-125.602 49.5772)
npri-2372-2023-231,2023,2372,Myra Falls Mine Ltd,Myra Falls Mine Ltd,mining,-125.602,49.5772,Pacific Maritime,Pacific Drainage Area,NA - 03,Cadmium (and its compounds),kg,On-Site Disposal / Élimination sur le site,Tailings,10664.0,https://www.canada.ca/en/environment-climate-change/services/national-pollutant-release-inventory/tools-resources-data/exploredata.html,POINT (-125.602 49.5772)
npri-2372-2023-232,2023,2372,Myra Falls Mine Ltd,Myra Falls Mine Ltd,mining,-125.602,49.5772,Pacific Maritime,Pacific Drainage Area,NA - 04,Chromium (and its compounds),tonnes,On-Site Disposal / Élimination sur le site,Tailings,7.08,https://www.canada.ca/en/environment-climate-change/services/national-pollutant-release-inventory/tools-resources-data/exploredata.html,POINT (-125.602 49.5772)
npri-2372-2023-233,2023,2372,Myra Falls Mine Ltd,Myra Falls Mine Ltd,mining,-125.602,49.5772,Pacific Maritime,Pacific Drainage Area,NA - 05,Cobalt (and its compounds),kg,On-Site Disposal / Élimination sur le site,Tailings,7008.0,https://www.canada.ca/en/environment-climate-change/services/national-pollutant-release-inventory/tools-resources-data/exploredata.html,POINT (-125.602 49.5772)
npri-2372-2023-234,2023,2372,Myra Falls Mine Ltd,Myra Falls Mine Ltd,mining,-125.602,49.5772,Pacific Maritime,Pacific Drainage Area,NA - 06,Copper (and its compounds),tonnes,On-Site Disposal / Élimination sur le site,Tailings,373.3,https://www.canada.ca/en/environment-climate-change/services/national-pollutant-release-inventory/tools-resources-data/exploredata.html,POINT (-125.602 49.5772)
npri-2372-2023-235,2023,2372,Myra Falls Mine Ltd,Myra Falls Mine Ltd,mining,-125.602,49.5772,Pacific Maritime,Pacific Drainage Area,NA - 08,Lead (and its compounds),kg,On-Site Disposal / Élimination sur le site,Tailings,542.343,https://www.canada.ca/en/environment-climate-change/services/national-pollutant-release-inventory/tools-resources-data/exploredata.html,POINT (-125.602 49.5772)
npri-2372-2023-236,2023,2372,Myra Falls Mine Ltd,Myra Falls Mine Ltd,mining,-125.602,49.5772,Pacific Maritime,Pacific Drainage Area,NA - 09,Manganese (and its compounds),tonnes,On-Site Disposal / Élimination sur le site,Tailings,492.0,https://www.canada.ca/en/environment-climate-change/services/national-pollutant-release-inventory/tools-resources-data/exploredata.html,POINT (-125.602 49.5772)
npri-2372-2023-237,2023,2372,Myra Falls Mine Ltd,Myra Falls Mine Ltd,mining,-125.602,49.5772,Pacific Maritime,Pacific Drainage Area,NA - 10,Mercury (and its compounds),kg,On-Site Disposal / Élimination sur le site,Tailings,86.1,https://www.canada.ca/en/environment-climate-change/services/national-pollutant-release-inventory/tools-resources-data/exploredata.html,POINT (-125.602 49.5772)
npri-2372-2023-238,2023,2372,Myra Falls Mine Ltd,Myra Falls Mine Ltd,mining,-125.602,49.5772,Pacific Maritime,Pacific Drainage Area,NA - 11,Nickel (and its compounds),tonnes,On-Site Disposal / Élimination sur le site,Tailings,14.46,https://www.canada.ca/en/environment-climate-change/services/national-pollutant-release-inventory/tools-resources-data/exploredata.html,POINT (-125.602 49.5772)
npri-2372-2023-239,2023,2372,Myra Falls Mine Ltd,Myra Falls Mine Ltd,mining,-125.602,49.5772,Pacific Maritime,Pacific Drainage Area,NA - 22,Phosphorus (total),tonnes,On-Site Disposal / Élimination sur le site,Tailings,426.88,https://www.canada.ca/en/environment-climate-change/services/national-pollutant-release-inventory/tools-resources-data/exploredata.html,POINT (-125.602 49.5772)
npri-2372-2023-240,2023,2372,Myra Falls Mine Ltd,Myra Falls Mine Ltd,mining,-125.602,49.5772,Pacific Maritime,Pacific Drainage Area,NA - 12,Selenium (and its compounds),kg,On-Site Disposal / Élimination sur le site,Tailings,1686.0,https://www.canada.ca/en/environment-climate-change/services/national-pollutant-release-inventory/tools-resources-data/exploredata.html,POINT (-125.602 49.5772)
npri-2372-2023-241,2023,2372,Myra Falls Mine Ltd,Myra Falls Mine Ltd,mining,-125.602,49.5772,Pacific Maritime,Pacific Drainage Area,NA - 13,Silver (and its compounds),tonnes,On-Site Disposal / Élimination sur le site,Tailings,4.41,https://www.canada.ca/en/environment-climate-change/services/national-pollutant-release-inventory/tools-resources-data/exploredata.html,POINT (-125.602 49.5772)
npri-2372-2023-242,2023,2372,Myra Falls Mine Ltd,Myra Falls Mine Ltd,mining,-125.602,49.5772,Pacific Maritime,Pacific Drainage Area,NA - 37,Thallium (and its compounds),kg,On-Site Disposal / Élimination sur le site,Tailings,403.0,https://www.canada.ca/en/environment-climate-change/services/national-pollutant-release-inventory/tools-resources-data/exploredata.html,POINT (-125.602 49.5772)
npri-2372-2023-243,2023,2372,Myra Falls Mine Ltd,Myra Falls Mine Ltd,mining,-125.602,49.5772,Pacific Maritime,Pacific Drainage Area,NA - 40,Vanadium (and its compounds),tonnes,On-Site Disposal / Élimination sur le site,Tailings,11.45,https://www.canada.ca/en/environment-climate-change/services/national-pollutant-release-inventory/tools-resources-data/exploredata.html,POINT (-125.602 49.5772)
npri-2372-2023-244,2023,2372,Myra Falls Mine Ltd,Myra Falls Mine Ltd,mining,-125.602,49.5772,Pacific Maritime,Pacific Drainage Area,NA - 14,Zinc (and its compounds),tonnes,On-Site Disposal / Élimination sur le site,Tailings,3150.0,https://www.canada.ca/en/environment-climate-change/services/national-pollutant-release-inventory/tools-resources-data/exploredata.html,POINT (-125.602 49.5772)
npri-29548-2023-47,2023,29548,Rainy River Mine,New Gold Inc.,mining,-94.003,48.848,Boreal Shield,Nelson River Drainage Area,NA - 16,Ammonia (total),tonnes,On-Site Disposal / Élimination sur le site,Tailings,301.252,https://www.canada.ca/en/environment-climate-change/services/national-pollutant-release-inventory/tools-resources-data/exploredata.html,POINT (-94.003 48.848)
npri-25434-2023-82,2023,25434,New Afton,New Gold Inc.,mining,-120.512424,50.66082,Montane Cordillera,Pacific Drainage Area,NA - 02,Arsenic (and its compounds),kg,On-Site Disposal / Élimination sur le site,Tailings,8965.729,https://www.canada.ca/en/environment-climate-change/services/national-pollutant-release-inventory/tools-resources-data/exploredata.html,POINT (-120.512424 50.66082)
npri-29548-2023-48,2023,29548,Rainy River Mine,New Gold Inc.,mining,-94.003,48.848,Boreal Shield,Nelson River Drainage Area,NA - 02,Arsenic (and its compounds),kg,On-Site Disposal / Élimination sur le site,Tailings,696598.046,https://www.canada.ca/en/environment-climate-change/services/national-pollutant-release-inventory/tools-resources-data/exploredata.html,POINT (-94.003 48.848)
npri-25434-2023-83,2023,25434,New Afton,New Gold Inc.,mining,-120.512424,50.66082,Montane Cordillera,Pacific Drainage Area,NA - 03,Cadmium (and its compounds),kg,On-Site Disposal / Élimination sur le site,Tailings,43.287,https://www.canada.ca/en/environment-climate-change/services/national-pollutant-release-inventory/tools-resources-data/exploredata.html,POINT (-120.512424 50.66082)
npri-29548-2023-49,2023,29548,Rainy River Mine,New Gold Inc.,mining,-94.003,48.848,Boreal Shield,Nelson River Drainage Area,NA - 03,Cadmium (and its compounds),kg,On-Site Disposal / Élimination sur le site,Tailings,27743.33,https://www.canada.ca/en/environment-climate-change/services/national-pollutant-release-inventory/tools-resources-data/exploredata.html,POINT (-94.003 48.848)
npri-25434-2023-84,2023,25434,New Afton,New Gold Inc.,mining,-120.512424,50.66082,Montane Cordillera,Pacific Drainage Area,NA - 04,Chromium (and its compounds),tonnes,On-Site Disposal / Élimination sur le site,Tailings,28.658,https://www.canada.ca/en/environment-climate-change/services/national-pollutant-release-inventory/tools-resources-data/exploredata.html,POINT (-120.512424 50.66082)
npri-29548-2023-50,2023,29548,Rainy River Mine,New Gold Inc.,mining,-94.003,48.848,Boreal Shield,Nelson River Drainage Area,NA - 04,Chromium (and its compounds),tonnes,On-Site Disposal / Élimination sur le site,Tailings,1088.03725,https://www.canada.ca/en/environment-climate-change/services/national-pollutant-release-inventory/tools-resources-data/exploredata.html,POINT (-94.003 48.848)
npri-25434-2023-85,2023,25434,New Afton,New Gold Inc.,mining,-120.512424,50.66082,Montane Cordillera,Pacific Drainage Area,NA - 05,Cobalt (and its compounds),kg,On-Site Disposal / Élimination sur le site,Tailings,14364.928,https://www.canada.ca/en/environment-climate-change/services/national-pollutant-release-inventory/tools-resources-data/exploredata.html,POINT (-120.512424 50.66082)
npri-29548-2023-51,2023,29548,Rainy River Mine,New Gold Inc.,mining,-94.003,48.848,Boreal Shield,Nelson River Drainage Area,NA - 05,Cobalt (and its compounds),kg,On-Site Disposal / Élimination sur le site,Tailings,104264.1,https://www.canada.ca/en/environment-climate-change/services/national-pollutant-release-inventory/tools-resources-data/exploredata.html,POINT (-94.003 48.848)
npri-25434-2023-86,2023,25434,New Afton,New Gold Inc.,mining,-120.512424,50.66082,Montane Cordillera,Pacific Drainage Area,NA - 06,Copper (and its compounds),tonnes,On-Site Disposal / Élimination sur le site,Tailings,239.214,https://www.canada.ca/en/environment-climate-change/services/national-pollutant-release-inventory/tools-resources-data/exploredata.html,POINT (-120.512424 50.66082)
npri-29548-2023-52,2023,29548,Rainy River Mine,New Gold Inc.,mining,-94.003,48.848,Boreal Shield,Nelson River Drainage Area,NA - 06,Copper (and its compounds),tonnes,On-Site Disposal / Élimination sur le site,Tailings,1161.816237,https://www.canada.ca/en/environment-climate-change/services/national-pollutant-release-inventory/tools-resources-data/exploredata.html,POINT (-94.003 48.848)
npri-29548-2023-53,2023,29548,Rainy River Mine,New Gold Inc.,mining,-94.003,48.848,Boreal Shield,Nelson River Drainage Area,NA - 07,Cyanides (ionic),tonnes,On-Site Disposal / Élimination sur le site,Tailings,9.55,https://www.canada.ca/en/environment-climate-change/services/national-pollutant-release-inventory/tools-resources-data/exploredata.html,POINT (-94.003 48.848)
npri-25434-2023-87,2023,25434,New Afton,New Gold Inc.,mining,-120.512424,50.66082,Montane Cordillera,Pacific Drainage Area,NA - 08,Lead (and its compounds),kg,On-Site Disposal / Élimination sur le site,Tailings,2122.071,https://www.canada.ca/en/environment-climate-change/services/national-pollutant-release-inventory/tools-resources-data/exploredata.html,POINT (-120.512424 50.66082)
npri-29548-2023-54,2023,29548,Rainy River Mine,New Gold Inc.,mining,-94.003,48.848,Boreal Shield,Nelson River Drainage Area,NA - 08,Lead (and its compounds),kg,On-Site Disposal / Élimination sur le site,Tailings,677043.134,https://www.canada.ca/en/environment-climate-change/services/national-pollutant-release-inventory/tools-resources-data/exploredata.html,POINT (-94.003 48.848)
npri-25434-2023-88,2023,25434,New Afton,New Gold Inc.,mining,-120.512424,50.66082,Montane Cordillera,Pacific Drainage Area,NA - 09,Manganese (and its compounds),tonnes,On-Site Disposal / Élimination sur le site,Tailings,254.785,https://www.canada.ca/en/environment-climate-change/services/national-pollutant-release-inventory/tools-resources-data/exploredata.html,POINT (-120.512424 50.66082)
npri-29548-2023-55,2023,29548,Rainy River Mine,New Gold Inc.,mining,-94.003,48.848,Boreal Shield,Nelson River Drainage Area,NA - 09,Manganese (and its compounds),tonnes,On-Site Disposal / Élimination sur le site,Tailings,4885.534696,https://www.canada.ca/en/environment-climate-change/services/national-pollutant-release-inventory/tools-resources-data/exploredata.html,POINT (-94.003 48.848)
npri-25434-2023-89,2023,25434,New Afton,New Gold Inc.,mining,-120.512424,50.66082,Montane Cordillera,Pacific Drainage Area,NA - 10,Mercury (and its compounds),kg,On-Site Disposal / Élimination sur le site,Tailings,32.739,https://www.canada.ca/en/environment-climate-change/services/national-pollutant-release-inventory/tools-resources-data/exploredata.html,POINT (-120.512424 50.66082)
npri-29548-2023-56,2023,29548,Rainy River Mine,New Gold Inc.,mining,-94.003,48.848,Boreal Shield,Nelson River Drainage Area,NA - 10,Mercury (and its compounds),kg,On-Site Disposal / Élimination sur le site,Tailings,4798.276,https://www.canada.ca/en/environment-climate-change/services/national-pollutant-release-inventory/tools-resources-data/exploredata.html,POINT (-94.003 48.848)
npri-25434-2023-90,2023,25434,New Afton,New Gold Inc.,mining,-120.512424,50.66082,Montane Cordillera,Pacific Drainage Area,NA - 11,Nickel (and its compounds),tonnes,On-Site Disposal / Élimination sur le site,Tailings,25.496,https://www.canada.ca/en/environment-climate-change/services/national-pollutant-release-inventory/tools-resources-data/exploredata.html,POINT (-120.512424 50.66082)
npri-29548-2023-57,2023,29548,Rainy River Mine,New Gold Inc.,mining,-94.003,48.848,Boreal Shield,Nelson River Drainage Area,NA - 11,Nickel (and its compounds),tonnes,On-Site Disposal / Élimination sur le site,Tailings,394.77,https://www.canada.ca/en/environment-climate-change/services/national-pollutant-release-inventory/tools-resources-data/exploredata.html,POINT (-94.003 48.848)
npri-25434-2023-91,2023,25434,New Afton,New Gold Inc.,mining,-120.512424,50.66082,Montane Cordillera,Pacific Drainage Area,NA - 22,Phosphorus (total),tonnes,On-Site Disposal / Élimination sur le site,Tailings,700.186,https://www.canada.ca/en/environment-climate-change/services/national-pollutant-release-inventory/tools-resources-data/exploredata.html,POINT (-120.512424 50.66082)
npri-29548-2023-58,2023,29548,Rainy River Mine,New Gold Inc.,mining,-94.003,48.848,Boreal Shield,Nelson River Drainage Area,NA - 22,Phosphorus (total),tonnes,On-Site Disposal / Élimination sur le site,Tailings,3846.21,https://www.canada.ca/en/environment-climate-change/services/national-pollutant-release-inventory/tools-resources-data/exploredata.html,POINT (-94.003 48.848)
npri-25434-2023-92,2023,25434,New Afton,New Gold Inc.,mining,-120.512424,50.66082,Montane Cordillera,Pacific Drainage Area,NA - 12,Selenium (and its compounds),kg,On-Site Disposal / Élimination sur le site,Tailings,1381.0,https://www.canada.ca/en/environment-climate-change/services/national-pollutant-release-inventory/tools-resources-data/exploredata.html,POINT (-120.512424 50.66082)
npri-29548-2023-59,2023,29548,Rainy River Mine,New Gold Inc.,mining,-94.003,48.848,Boreal Shield,Nelson River Drainage Area,NA - 12,Selenium (and its compounds),kg,On-Site Disposal / Élimination sur le site,Tailings,4382.24,https://www.canada.ca/en/environment-climate-change/services/national-pollutant-release-inventory/tools-resources-data/exploredata.html,POINT (-94.003 48.848)
npri-25434-2023-93,2023,25434,New Afton,New Gold Inc.,mining,-120.512424,50.66082,Montane Cordillera,Pacific Drainage Area,NA - 37,Thallium (and its compounds),kg,On-Site Disposal / Élimination sur le site,Tailings,64.484,https://www.canada.ca/en/environment-climate-change/services/national-pollutant-release-inventory/tools-resources-data/exploredata.html,POINT (-120.512424 50.66082)
npri-25434-2023-94,2023,25434,New Afton,New Gold Inc.,mining,-120.512424,50.66082,Montane Cordillera,Pacific Drainage Area,NA - 40,Vanadium (and its compounds),tonnes,On-Site Disposal / Élimination sur le site,Tailings,81.289,https://www.canada.ca/en/environment-climate-change/services/national-pollutant-release-inventory/tools-resources-data/exploredata.html,POINT (-120.512424 50.66082)
npri-25434-2023-95,2023,25434,New Afton,New Gold Inc.,mining,-120.512424,50.66082,Montane Cordillera,Pacific Drainage Area,NA - 14,Zinc (and its compounds),tonnes,On-Site Disposal / Élimination sur le site,Tailings,20.462,https://www.canada.ca/en/environment-climate-change/services/national-pollutant-release-inventory/tools-resources-data/exploredata.html,POINT (-120.512424 50.66082)
npri-29548-2023-60,2023,29548,Rainy River Mine,New Gold Inc.,mining,-94.003,48.848,Boreal Shield,Nelson River Drainage Area,NA - 14,Zinc (and its compounds),tonnes,On-Site Disposal / Élimination sur le site,Tailings,6460.42,https://www.canada.ca/en/environment-climate-change/services/national-pollutant-release-inventory/tools-resources-data/exploredata.html,POINT (-94.003 48.848)
npri-32235-2023-85,2023,32235,Red Chris Mine,NEWCREST RED CHRIS MINING LIMITED,mining,-129.7676,57.733,Boreal Cordillera,Pacific Drainage Area,NA - 01,Antimony (and its compounds),tonnes,On-Site Disposal / Élimination sur le site,Tailings,2.5794,https://www.canada.ca/en/environment-climate-change/services/national-pollutant-release-inventory/tools-resources-data/exploredata.html,POINT (-129.7676 57.733)
npri-32235-2023-86,2023,32235,Red Chris Mine,NEWCREST RED CHRIS MINING LIMITED,mining,-129.7676,57.733,Boreal Cordillera,Pacific Drainage Area,NA - 02,Arsenic (and its compounds),kg,On-Site Disposal / Élimination sur le site,Tailings,10233.0963,https://www.canada.ca/en/environment-climate-change/services/national-pollutant-release-inventory/tools-resources-data/exploredata.html,POINT (-129.7676 57.733)
npri-32235-2023-87,2023,32235,Red Chris Mine,NEWCREST RED CHRIS MINING LIMITED,mining,-129.7676,57.733,Boreal Cordillera,Pacific Drainage Area,NA - 03,Cadmium (and its compounds),kg,On-Site Disposal / Élimination sur le site,Tailings,734.1134,https://www.canada.ca/en/environment-climate-change/services/national-pollutant-release-inventory/tools-resources-data/exploredata.html,POINT (-129.7676 57.733)
npri-32235-2023-88,2023,32235,Red Chris Mine,NEWCREST RED CHRIS MINING LIMITED,mining,-129.7676,57.733,Boreal Cordillera,Pacific Drainage Area,NA - 04,Chromium (and its compounds),tonnes,On-Site Disposal / Élimination sur le site,Tailings,66.3157,https://www.canada.ca/en/environment-climate-change/services/national-pollutant-release-inventory/tools-resources-data/exploredata.html,POINT (-129.7676 57.733)
npri-32235-2023-89,2023,32235,Red Chris Mine,NEWCREST RED CHRIS MINING LIMITED,mining,-129.7676,57.733,Boreal Cordillera,Pacific Drainage Area,NA - 05,Cobalt (and its compounds),kg,On-Site Disposal / Élimination sur le site,Tailings,7298.9439,https://www.canada.ca/en/environment-climate-change/services/national-pollutant-release-inventory/tools-resources-data/exploredata.html,POINT (-129.7676 57.733)
npri-32235-2023-90,2023,32235,Red Chris Mine,NEWCREST RED CHRIS MINING LIMITED,mining,-129.7676,57.733,Boreal Cordillera,Pacific Drainage Area,NA - 06,Copper (and its compounds),tonnes,On-Site Disposal / Élimination sur le site,Tailings,899.2314,https://www.canada.ca/en/environment-climate-change/services/national-pollutant-release-inventory/tools-resources-data/exploredata.html,POINT (-129.7676 57.733)
npri-32235-2023-91,2023,32235,Red Chris Mine,NEWCREST RED CHRIS MINING LIMITED,mining,-129.7676,57.733,Boreal Cordillera,Pacific Drainage Area,NA - 08,Lead (and its compounds),kg,On-Site Disposal / Élimination sur le site,Tailings,40341.7193,https://www.canada.ca/en/environment-climate-change/services/national-pollutant-release-inventory/tools-resources-data/exploredata.html,POINT (-129.7676 57.733)
npri-32235-2023-92,2023,32235,Red Chris Mine,NEWCREST RED CHRIS MINING LIMITED,mining,-129.7676,57.733,Boreal Cordillera,Pacific Drainage Area,NA - 09,Manganese (and its compounds),tonnes,On-Site Disposal / Élimination sur le site,Tailings,794.7142,https://www.canada.ca/en/environment-climate-change/services/national-pollutant-release-inventory/tools-resources-data/exploredata.html,POINT (-129.7676 57.733)
npri-32235-2023-93,2023,32235,Red Chris Mine,NEWCREST RED CHRIS MINING LIMITED,mining,-129.7676,57.733,Boreal Cordillera,Pacific Drainage Area,NA - 10,Mercury (and its compounds),kg,On-Site Disposal / Élimination sur le site,Tailings,796.2484,https://www.canada.ca/en/environment-climate-change/services/national-pollutant-release-inventory/tools-resources-data/exploredata.html,POINT (-129.7676 57.733)
npri-32235-2023-94,2023,32235,Red Chris Mine,NEWCREST RED CHRIS MINING LIMITED,mining,-129.7676,57.733,Boreal Cordillera,Pacific Drainage Area,NA - 11,Nickel (and its compounds),tonnes,On-Site Disposal / Élimination sur le site,Tailings,11.472,https://www.canada.ca/en/environment-climate-change/services/national-pollutant-release-inventory/tools-resources-data/exploredata.html,POINT (-129.7676 57.733)
npri-32235-2023-95,2023,32235,Red Chris Mine,NEWCREST RED CHRIS MINING LIMITED,mining,-129.7676,57.733,Boreal Cordillera,Pacific Drainage Area,NA - 22,Phosphorus (total),tonnes,On-Site Disposal / Élimination sur le site,Tailings,1424.8858,https://www.canada.ca/en/environment-climate-change/services/national-pollutant-release-inventory/tools-resources-data/exploredata.html,POINT (-129.7676 57.733)
npri-32235-2023-96,2023,32235,Red Chris Mine,NEWCREST RED CHRIS MINING LIMITED,mining,-129.7676,57.733,Boreal Cordillera,Pacific Drainage Area,NA - 12,Selenium (and its compounds),kg,On-Site Disposal / Élimination sur le site,Tailings,5189.4225,https://www.canada.ca/en/environment-climate-change/services/national-pollutant-release-inventory/tools-resources-data/exploredata.html,POINT (-129.7676 57.733)
npri-32235-2023-97,2023,32235,Red Chris Mine,NEWCREST RED CHRIS MINING LIMITED,mining,-129.7676,57.733,Boreal Cordillera,Pacific Drainage Area,NA - 37,Thallium (and its compounds),kg,On-Site Disposal / Élimination sur le site,Tailings,248.9235,https://www.canada.ca/en/environment-climate-change/services/national-pollutant-release-inventory/tools-resources-data/exploredata.html,POINT (-129.7676 57.733)
npri-32235-2023-98,2023,32235,Red Chris Mine,NEWCREST RED CHRIS MINING LIMITED,mining,-129.7676,57.733,Boreal Cordillera,Pacific Drainage Area,NA - 40,Vanadium (and its compounds),tonnes,On-Site Disposal / Élimination sur le site,Tailings,42.8425,https://www.canada.ca/en/environment-climate-change/services/national-pollutant-release-inventory/tools-resources-data/exploredata.html,POINT (-129.7676 57.733)
npri-32235-2023-99,2023,32235,Red Chris Mine,NEWCREST RED CHRIS MINING LIMITED,mining,-129.7676,57.733,Boreal Cordillera,Pacific Drainage Area,NA - 14,Zinc (and its compounds),tonnes,On-Site Disposal / Élimination sur le site,Tailings,149.0856,https://www.canada.ca/en/environment-climate-change/services/national-pollutant-release-inventory/tools-resources-data/exploredata.html,POINT (-129.7676 57.733)
npri-4866-2023-151,2023,4866,McClean Lake Operations,Orano Canada Inc.,mining,-103.9172,58.2501,Boreal Shield,Great Slave Lake Drainage Area,NA - 16,Ammonia (total),tonnes,On-Site Disposal / Élimination sur le site,Tailings,4.222546,https://www.canada.ca/en/environment-climate-change/services/national-pollutant-release-inventory/tools-resources-data/exploredata.html,POINT (-103.9172 58.2501)
npri-4866-2023-152,2023,4866,McClean Lake Operations,Orano Canada Inc.,mining,-103.9172,58.2501,Boreal Shield,Great Slave Lake Drainage Area,NA - 02,Arsenic (and its compounds),kg,On-Site Disposal / Élimination sur le site,Tailings,1307403.302069,https://www.canada.ca/en/environment-climate-change/services/national-pollutant-release-inventory/tools-resources-data/exploredata.html,POINT (-103.9172 58.2501)
npri-4866-2023-153,2023,4866,McClean Lake Operations,Orano Canada Inc.,mining,-103.9172,58.2501,Boreal Shield,Great Slave Lake Drainage Area,NA - 03,Cadmium (and its compounds),kg,On-Site Disposal / Élimination sur le site,Tailings,126.72856,https://www.canada.ca/en/environment-climate-change/services/national-pollutant-release-inventory/tools-resources-data/exploredata.html,POINT (-103.9172 58.2501)
npri-4866-2023-154,2023,4866,McClean Lake Operations,Orano Canada Inc.,mining,-103.9172,58.2501,Boreal Shield,Great Slave Lake Drainage Area,NA - 05,Cobalt (and its compounds),kg,On-Site Disposal / Élimination sur le site,Tailings,92917.619849,https://www.canada.ca/en/environment-climate-change/services/national-pollutant-release-inventory/tools-resources-data/exploredata.html,POINT (-103.9172 58.2501)
npri-4866-2023-155,2023,4866,McClean Lake Operations,Orano Canada Inc.,mining,-103.9172,58.2501,Boreal Shield,Great Slave Lake Drainage Area,NA - 06,Copper (and its compounds),tonnes,On-Site Disposal / Élimination sur le site,Tailings,506.709269,https://www.canada.ca/en/environment-climate-change/services/national-pollutant-release-inventory/tools-resources-data/exploredata.html,POINT (-103.9172 58.2501)
npri-4866-2023-156,2023,4866,McClean Lake Operations,Orano Canada Inc.,mining,-103.9172,58.2501,Boreal Shield,Great Slave Lake Drainage Area,NA - 08,Lead (and its compounds),kg,On-Site Disposal / Élimination sur le site,Tailings,700943.987345,https://www.canada.ca/en/environment-climate-change/services/national-pollutant-release-inventory/tools-resources-data/exploredata.html,POINT (-103.9172 58.2501)
npri-4866-2023-157,2023,4866,McClean Lake Operations,Orano Canada Inc.,mining,-103.9172,58.2501,Boreal Shield,Great Slave Lake Drainage Area,NA - 09,Manganese (and its compounds),tonnes,On-Site Disposal / Élimination sur le site,Tailings,27.183919,https://www.canada.ca/en/environment-climate-change/services/national-pollutant-release-inventory/tools-resources-data/exploredata.html,POINT (-103.9172 58.2501)
npri-4866-2023-158,2023,4866,McClean Lake Operations,Orano Canada Inc.,mining,-103.9172,58.2501,Boreal Shield,Great Slave Lake Drainage Area,NA - 11,Nickel (and its compounds),tonnes,On-Site Disposal / Élimination sur le site,Tailings,899.692474,https://www.canada.ca/en/environment-climate-change/services/national-pollutant-release-inventory/tools-resources-data/exploredata.html,POINT (-103.9172 58.2501)
npri-4866-2023-159,2023,4866,McClean Lake Operations,Orano Canada Inc.,mining,-103.9172,58.2501,Boreal Shield,Great Slave Lake Drainage Area,NA - 17,Nitrate ion in solution at pH >= 6.0,tonnes,On-Site Disposal / Élimination sur le site,Tailings,0.044152,https://www.canada.ca/en/environment-climate-change/services/national-pollutant-release-inventory/tools-resources-data/exploredata.html,POINT (-103.9172 58.2501)
npri-4866-2023-160,2023,4866,McClean Lake Operations,Orano Canada Inc.,mining,-103.9172,58.2501,Boreal Shield,Great Slave Lake Drainage Area,NA - 12,Selenium (and its compounds),kg,On-Site Disposal / Élimination sur le site,Tailings,4676.977784,https://www.canada.ca/en/environment-climate-change/services/national-pollutant-release-inventory/tools-resources-data/exploredata.html,POINT (-103.9172 58.2501)
npri-4866-2023-161,2023,4866,McClean Lake Operations,Orano Canada Inc.,mining,-103.9172,58.2501,Boreal Shield,Great Slave Lake Drainage Area,NA - 37,Thallium (and its compounds),kg,On-Site Disposal / Élimination sur le site,Tailings,347.226312,https://www.canada.ca/en/environment-climate-change/services/national-pollutant-release-inventory/tools-resources-data/exploredata.html,POINT (-103.9172 58.2501)
npri-4866-2023-162,2023,4866,McClean Lake Operations,Orano Canada Inc.,mining,-103.9172,58.2501,Boreal Shield,Great Slave Lake Drainage Area,NA - 40,Vanadium (and its compounds),tonnes,On-Site Disposal / Élimination sur le site,Tailings,51.5156,https://www.canada.ca/en/environment-climate-change/services/national-pollutant-release-inventory/tools-resources-data/exploredata.html,POINT (-103.9172 58.2501)
npri-4866-2023-163,2023,4866,McClean Lake Operations,Orano Canada Inc.,mining,-103.9172,58.2501,Boreal Shield,Great Slave Lake Drainage Area,NA - 14,Zinc (and its compounds),tonnes,On-Site Disposal / Élimination sur le site,Tailings,21.116529,https://www.canada.ca/en/environment-climate-change/services/national-pollutant-release-inventory/tools-resources-data/exploredata.html,POINT (-103.9172 58.2501)
npri-33049-2023-147,2023,33049,Magino Mine,Prodigy Gold Inc.,mining,-84.464214,48.287553,Boreal Shield,St. Lawrence Drainage Area,NA - 02,Arsenic (and its compounds),kg,On-Site Disposal / Élimination sur le site,Tailings,23186.317,https://www.canada.ca/en/environment-climate-change/services/national-pollutant-release-inventory/tools-resources-data/exploredata.html,POINT (-84.464214 48.287553)
npri-33049-2023-148,2023,33049,Magino Mine,Prodigy Gold Inc.,mining,-84.464214,48.287553,Boreal Shield,St. Lawrence Drainage Area,NA - 04,Chromium (and its compounds),tonnes,On-Site Disposal / Élimination sur le site,Tailings,49.684965,https://www.canada.ca/en/environment-climate-change/services/national-pollutant-release-inventory/tools-resources-data/exploredata.html,POINT (-84.464214 48.287553)
npri-33049-2023-149,2023,33049,Magino Mine,Prodigy Gold Inc.,mining,-84.464214,48.287553,Boreal Shield,St. Lawrence Drainage Area,NA - 05,Cobalt (and its compounds),kg,On-Site Disposal / Élimination sur le site,Tailings,20777.349,https://www.canada.ca/en/environment-climate-change/services/national-pollutant-release-inventory/tools-resources-data/exploredata.html,POINT (-84.464214 48.287553)
npri-33049-2023-150,2023,33049,Magino Mine,Prodigy Gold Inc.,mining,-84.464214,48.287553,Boreal Shield,St. Lawrence Drainage Area,NA - 06,Copper (and its compounds),tonnes,On-Site Disposal / Élimination sur le site,Tailings,216.80712,https://www.canada.ca/en/environment-climate-change/services/national-pollutant-release-inventory/tools-resources-data/exploredata.html,POINT (-84.464214 48.287553)
npri-33049-2023-151,2023,33049,Magino Mine,Prodigy Gold Inc.,mining,-84.464214,48.287553,Boreal Shield,St. Lawrence Drainage Area,NA - 08,Lead (and its compounds),kg,On-Site Disposal / Élimination sur le site,Tailings,5119.057,https://www.canada.ca/en/environment-climate-change/services/national-pollutant-release-inventory/tools-resources-data/exploredata.html,POINT (-84.464214 48.287553)
npri-33049-2023-152,2023,33049,Magino Mine,Prodigy Gold Inc.,mining,-84.464214,48.287553,Boreal Shield,St. Lawrence Drainage Area,NA - 09,Manganese (and its compounds),tonnes,On-Site Disposal / Élimination sur le site,Tailings,638.37652,https://www.canada.ca/en/environment-climate-change/services/national-pollutant-release-inventory/tools-resources-data/exploredata.html,POINT (-84.464214 48.287553)
npri-33049-2023-153,2023,33049,Magino Mine,Prodigy Gold Inc.,mining,-84.464214,48.287553,Boreal Shield,St. Lawrence Drainage Area,NA - 11,Nickel (and its compounds),tonnes,On-Site Disposal / Élimination sur le site,Tailings,26.046967,https://www.canada.ca/en/environment-climate-change/services/national-pollutant-release-inventory/tools-resources-data/exploredata.html,POINT (-84.464214 48.287553)
npri-33049-2023-154,2023,33049,Magino Mine,Prodigy Gold Inc.,mining,-84.464214,48.287553,Boreal Shield,St. Lawrence Drainage Area,NA - 22,Phosphorus (total),tonnes,On-Site Disposal / Élimination sur le site,Tailings,677.52225,https://www.canada.ca/en/environment-climate-change/services/national-pollutant-release-inventory/tools-resources-data/exploredata.html,POINT (-84.464214 48.287553)
npri-33049-2023-155,2023,33049,Magino Mine,Prodigy Gold Inc.,mining,-84.464214,48.287553,Boreal Shield,St. Lawrence Drainage Area,NA - 12,Selenium (and its compounds),kg,On-Site Disposal / Élimination sur le site,Tailings,451.6815,https://www.canada.ca/en/environment-climate-change/services/national-pollutant-release-inventory/tools-resources-data/exploredata.html,POINT (-84.464214 48.287553)
npri-33049-2023-156,2023,33049,Magino Mine,Prodigy Gold Inc.,mining,-84.464214,48.287553,Boreal Shield,St. Lawrence Drainage Area,NA - 37,Thallium (and its compounds),kg,On-Site Disposal / Élimination sur le site,Tailings,180.6726,https://www.canada.ca/en/environment-climate-change/services/national-pollutant-release-inventory/tools-resources-data/exploredata.html,POINT (-84.464214 48.287553)
npri-33049-2023-157,2023,33049,Magino Mine,Prodigy Gold Inc.,mining,-84.464214,48.287553,Boreal Shield,St. Lawrence Drainage Area,NA - 40,Vanadium (and its compounds),tonnes,On-Site Disposal / Élimination sur le site,Tailings,94.853115,https://www.canada.ca/en/environment-climate-change/services/national-pollutant-release-inventory/tools-resources-data/exploredata.html,POINT (-84.464214 48.287553)
npri-33049-2023-158,2023,33049,Magino Mine,Prodigy Gold Inc.,mining,-84.464214,48.287553,Boreal Shield,St. Lawrence Drainage Area,NA - 14,Zinc (and its compounds),tonnes,On-Site Disposal / Élimination sur le site,Tailings,65.655588,https://www.canada.ca/en/environment-climate-change/services/national-pollutant-release-inventory/tools-resources-data/exploredata.html,POINT (-84.464214 48.287553)
npri-23273-2023-118,2023,23273,Seabee,SGO Mining Inc.,mining,-103.6151,55.6884,Boreal Shield,Western and Northern Hudson Bay Drainage Area,NA - 16,Ammonia (total),tonnes,On-Site Disposal / Élimination sur le site,Tailings,20.93,https://www.canada.ca/en/environment-climate-change/services/national-pollutant-release-inventory/tools-resources-data/exploredata.html,POINT (-103.6151 55.6884)
npri-23273-2023-119,2023,23273,Seabee,SGO Mining Inc.,mining,-103.6151,55.6884,Boreal Shield,Western and Northern Hudson Bay Drainage Area,NA - 02,Arsenic (and its compounds),kg,On-Site Disposal / Élimination sur le site,Tailings,456.4,https://www.canada.ca/en/environment-climate-change/services/national-pollutant-release-inventory/tools-resources-data/exploredata.html,POINT (-103.6151 55.6884)
npri-23273-2023-120,2023,23273,Seabee,SGO Mining Inc.,mining,-103.6151,55.6884,Boreal Shield,Western and Northern Hudson Bay Drainage Area,NA - 03,Cadmium (and its compounds),kg,On-Site Disposal / Élimination sur le site,Tailings,55.66,https://www.canada.ca/en/environment-climate-change/services/national-pollutant-release-inventory/tools-resources-data/exploredata.html,POINT (-103.6151 55.6884)
npri-23273-2023-121,2023,23273,Seabee,SGO Mining Inc.,mining,-103.6151,55.6884,Boreal Shield,Western and Northern Hudson Bay Drainage Area,NA - 04,Chromium (and its compounds),tonnes,On-Site Disposal / Élimination sur le site,Tailings,17.03,https://www.canada.ca/en/environment-climate-change/services/national-pollutant-release-inventory/tools-resources-data/exploredata.html,POINT (-103.6151 55.6884)
npri-23273-2023-122,2023,23273,Seabee,SGO Mining Inc.,mining,-103.6151,55.6884,Boreal Shield,Western and Northern Hudson Bay Drainage Area,NA - 05,Cobalt (and its compounds),kg,On-Site Disposal / Élimination sur le site,Tailings,7458.3,https://www.canada.ca/en/environment-climate-change/services/national-pollutant-release-inventory/tools-resources-data/exploredata.html,POINT (-103.6151 55.6884)
npri-23273-2023-123,2023,23273,Seabee,SGO Mining Inc.,mining,-103.6151,55.6884,Boreal Shield,Western and Northern Hudson Bay Drainage Area,NA - 06,Copper (and its compounds),tonnes,On-Site Disposal / Élimination sur le site,Tailings,70.13,https://www.canada.ca/en/environment-climate-change/services/national-pollutant-release-inventory/tools-resources-data/exploredata.html,POINT (-103.6151 55.6884)
npri-23273-2023-124,2023,23273,Seabee,SGO Mining Inc.,mining,-103.6151,55.6884,Boreal Shield,Western and Northern Hudson Bay Drainage Area,NA - 07,Cyanides (ionic),tonnes,On-Site Disposal / Élimination sur le site,Tailings,45.58,https://www.canada.ca/en/environment-climate-change/services/national-pollutant-release-inventory/tools-resources-data/exploredata.html,POINT (-103.6151 55.6884)
npri-23273-2023-125,2023,23273,Seabee,SGO Mining Inc.,mining,-103.6151,55.6884,Boreal Shield,Western and Northern Hudson Bay Drainage Area,NA - 08,Lead (and its compounds),kg,On-Site Disposal / Élimination sur le site,Tailings,3628.96,https://www.canada.ca/en/environment-climate-change/services/national-pollutant-release-inventory/tools-resources-data/exploredata.html,POINT (-103.6151 55.6884)
npri-23273-2023-126,2023,23273,Seabee,SGO Mining Inc.,mining,-103.6151,55.6884,Boreal Shield,Western and Northern Hudson Bay Drainage Area,NA - 09,Manganese (and its compounds),tonnes,On-Site Disposal / Élimination sur le site,Tailings,251.58,https://www.canada.ca/en/environment-climate-change/services/national-pollutant-release-inventory/tools-resources-data/exploredata.html,POINT (-103.6151 55.6884)
npri-23273-2023-127,2023,23273,Seabee,SGO Mining Inc.,mining,-103.6151,55.6884,Boreal Shield,Western and Northern Hudson Bay Drainage Area,NA - 11,Nickel (and its compounds),tonnes,On-Site Disposal / Élimination sur le site,Tailings,9.57,https://www.canada.ca/en/environment-climate-change/services/national-pollutant-release-inventory/tools-resources-data/exploredata.html,POINT (-103.6151 55.6884)
npri-23273-2023-128,2023,23273,Seabee,SGO Mining Inc.,mining,-103.6151,55.6884,Boreal Shield,Western and Northern Hudson Bay Drainage Area,NA - 17,Nitrate ion in solution at pH >= 6.0,tonnes,On-Site Disposal / Élimination sur le site,Tailings,58.66,https://www.canada.ca/en/environment-climate-change/services/national-pollutant-release-inventory/tools-resources-data/exploredata.html,POINT (-103.6151 55.6884)
npri-23273-2023-129,2023,23273,Seabee,SGO Mining Inc.,mining,-103.6151,55.6884,Boreal Shield,Western and Northern Hudson Bay Drainage Area,NA - 22,Phosphorus (total),tonnes,On-Site Disposal / Élimination sur le site,Tailings,300.56,https://www.canada.ca/en/environment-climate-change/services/national-pollutant-release-inventory/tools-resources-data/exploredata.html,POINT (-103.6151 55.6884)
npri-23273-2023-130,2023,23273,Seabee,SGO Mining Inc.,mining,-103.6151,55.6884,Boreal Shield,Western and Northern Hudson Bay Drainage Area,NA - 12,Selenium (and its compounds),kg,On-Site Disposal / Élimination sur le site,Tailings,166.98,https://www.canada.ca/en/environment-climate-change/services/national-pollutant-release-inventory/tools-resources-data/exploredata.html,POINT (-103.6151 55.6884)
npri-23273-2023-131,2023,23273,Seabee,SGO Mining Inc.,mining,-103.6151,55.6884,Boreal Shield,Western and Northern Hudson Bay Drainage Area,NA - 37,Thallium (and its compounds),kg,On-Site Disposal / Élimination sur le site,Tailings,122.45,https://www.canada.ca/en/environment-climate-change/services/national-pollutant-release-inventory/tools-resources-data/exploredata.html,POINT (-103.6151 55.6884)
npri-23273-2023-132,2023,23273,Seabee,SGO Mining Inc.,mining,-103.6151,55.6884,Boreal Shield,Western and Northern Hudson Bay Drainage Area,NA - 40,Vanadium (and its compounds),tonnes,On-Site Disposal / Élimination sur le site,Tailings,40.74,https://www.canada.ca/en/environment-climate-change/services/national-pollutant-release-inventory/tools-resources-data/exploredata.html,POINT (-103.6151 55.6884)
npri-23273-2023-133,2023,23273,Seabee,SGO Mining Inc.,mining,-103.6151,55.6884,Boreal Shield,Western and Northern Hudson Bay Drainage Area,NA - 14,Zinc (and its compounds),tonnes,On-Site Disposal / Élimination sur le site,Tailings,32.84,https://www.canada.ca/en/environment-climate-change/services/national-pollutant-release-inventory/tools-resources-data/exploredata.html,POINT (-103.6151 55.6884)
npri-29897-2023-113,2023,29897,Silver Lake Ontario Inc. - Sugar Zone Mine,Silver Lake Ontario Inc.,mining,-85.229848,48.622573,Boreal Shield,St. Lawrence Drainage Area,NA - 02,Arsenic (and its compounds),kg,On-Site Disposal / Élimination sur le site,Tailings,349.853,https://www.canada.ca/en/environment-climate-change/services/national-pollutant-release-inventory/tools-resources-data/exploredata.html,POINT (-85.229848 48.622573)
npri-29897-2023-114,2023,29897,Silver Lake Ontario Inc. - Sugar Zone Mine,Silver Lake Ontario Inc.,mining,-85.229848,48.622573,Boreal Shield,St. Lawrence Drainage Area,NA - 03,Cadmium (and its compounds),kg,On-Site Disposal / Élimination sur le site,Tailings,76.055,https://www.canada.ca/en/environment-climate-change/services/national-pollutant-release-inventory/tools-resources-data/exploredata.html,POINT (-85.229848 48.622573)
npri-29897-2023-115,2023,29897,Silver Lake Ontario Inc. - Sugar Zone Mine,Silver Lake Ontario Inc.,mining,-85.229848,48.622573,Boreal Shield,St. Lawrence Drainage Area,NA - 04,Chromium (and its compounds),tonnes,On-Site Disposal / Élimination sur le site,Tailings,7.499,https://www.canada.ca/en/environment-climate-change/services/national-pollutant-release-inventory/tools-resources-data/exploredata.html,POINT (-85.229848 48.622573)
npri-29897-2023-116,2023,29897,Silver Lake Ontario Inc. - Sugar Zone Mine,Silver Lake Ontario Inc.,mining,-85.229848,48.622573,Boreal Shield,St. Lawrence Drainage Area,NA - 05,Cobalt (and its compounds),kg,On-Site Disposal / Élimination sur le site,Tailings,1156.036,https://www.canada.ca/en/environment-climate-change/services/national-pollutant-release-inventory/tools-resources-data/exploredata.html,POINT (-85.229848 48.622573)
npri-29897-2023-117,2023,29897,Silver Lake Ontario Inc. - Sugar Zone Mine,Silver Lake Ontario Inc.,mining,-85.229848,48.622573,Boreal Shield,St. Lawrence Drainage Area,NA - 06,Copper (and its compounds),tonnes,On-Site Disposal / Élimination sur le site,Tailings,3.23994,https://www.canada.ca/en/environment-climate-change/services/national-pollutant-release-inventory/tools-resources-data/exploredata.html,POINT (-85.229848 48.622573)
npri-29897-2023-118,2023,29897,Silver Lake Ontario Inc. - Sugar Zone Mine,Silver Lake Ontario Inc.,mining,-85.229848,48.622573,Boreal Shield,St. Lawrence Drainage Area,NA - 08,Lead (and its compounds),kg,On-Site Disposal / Élimination sur le site,Tailings,5369.483,https://www.canada.ca/en/environment-climate-change/services/national-pollutant-release-inventory/tools-resources-data/exploredata.html,POINT (-85.229848 48.622573)
npri-29897-2023-119,2023,29897,Silver Lake Ontario Inc. - Sugar Zone Mine,Silver Lake Ontario Inc.,mining,-85.229848,48.622573,Boreal Shield,St. Lawrence Drainage Area,NA - 09,Manganese (and its compounds),tonnes,On-Site Disposal / Élimination sur le site,Tailings,29.55497,https://www.canada.ca/en/environment-climate-change/services/national-pollutant-release-inventory/tools-resources-data/exploredata.html,POINT (-85.229848 48.622573)
npri-29897-2023-120,2023,29897,Silver Lake Ontario Inc. - Sugar Zone Mine,Silver Lake Ontario Inc.,mining,-85.229848,48.622573,Boreal Shield,St. Lawrence Drainage Area,NA - 12,Selenium (and its compounds),kg,On-Site Disposal / Élimination sur le site,Tailings,60.844,https://www.canada.ca/en/environment-climate-change/services/national-pollutant-release-inventory/tools-resources-data/exploredata.html,POINT (-85.229848 48.622573)
npri-29897-2023-121,2023,29897,Silver Lake Ontario Inc. - Sugar Zone Mine,Silver Lake Ontario Inc.,mining,-85.229848,48.622573,Boreal Shield,St. Lawrence Drainage Area,NA - 14,Zinc (and its compounds),tonnes,On-Site Disposal / Élimination sur le site,Tailings,9.47645,https://www.canada.ca/en/environment-climate-change/services/national-pollutant-release-inventory/tools-resources-data/exploredata.html,POINT (-85.229848 48.622573)
npri-30745-2023-166,2023,30745,Touquoy Mine,St Barbara Limited,mining,-62.91917,44.97361,Atlantic Maritime,Maritime Provinces Drainage Area,NA - 16,Ammonia (total),tonnes,On-Site Disposal / Élimination sur le site,Tailings,72.962741,https://www.canada.ca/en/environment-climate-change/services/national-pollutant-release-inventory/tools-resources-data/exploredata.html,POINT (-62.91917 44.97361)
npri-30745-2023-167,2023,30745,Touquoy Mine,St Barbara Limited,mining,-62.91917,44.97361,Atlantic Maritime,Maritime Provinces Drainage Area,NA - 02,Arsenic (and its compounds),kg,On-Site Disposal / Élimination sur le site,Tailings,2489227.255238,https://www.canada.ca/en/environment-climate-change/services/national-pollutant-release-inventory/tools-resources-data/exploredata.html,POINT (-62.91917 44.97361)
npri-30745-2023-168,2023,30745,Touquoy Mine,St Barbara Limited,mining,-62.91917,44.97361,Atlantic Maritime,Maritime Provinces Drainage Area,NA - 03,Cadmium (and its compounds),kg,On-Site Disposal / Élimination sur le site,Tailings,477.16835,https://www.canada.ca/en/environment-climate-change/services/national-pollutant-release-inventory/tools-resources-data/exploredata.html,POINT (-62.91917 44.97361)
npri-30745-2023-169,2023,30745,Touquoy Mine,St Barbara Limited,mining,-62.91917,44.97361,Atlantic Maritime,Maritime Provinces Drainage Area,NA - 05,Cobalt (and its compounds),kg,On-Site Disposal / Élimination sur le site,Tailings,39033.826162,https://www.canada.ca/en/environment-climate-change/services/national-pollutant-release-inventory/tools-resources-data/exploredata.html,POINT (-62.91917 44.97361)
npri-30745-2023-170,2023,30745,Touquoy Mine,St Barbara Limited,mining,-62.91917,44.97361,Atlantic Maritime,Maritime Provinces Drainage Area,NA - 06,Copper (and its compounds),tonnes,On-Site Disposal / Élimination sur le site,Tailings,150.059572,https://www.canada.ca/en/environment-climate-change/services/national-pollutant-release-inventory/tools-resources-data/exploredata.html,POINT (-62.91917 44.97361)
npri-30745-2023-171,2023,30745,Touquoy Mine,St Barbara Limited,mining,-62.91917,44.97361,Atlantic Maritime,Maritime Provinces Drainage Area,NA - 07,Cyanides (ionic),tonnes,On-Site Disposal / Élimination sur le site,Tailings,363.633089,https://www.canada.ca/en/environment-climate-change/services/national-pollutant-release-inventory/tools-resources-data/exploredata.html,POINT (-62.91917 44.97361)
npri-30745-2023-172,2023,30745,Touquoy Mine,St Barbara Limited,mining,-62.91917,44.97361,Atlantic Maritime,Maritime Provinces Drainage Area,NA - 08,Lead (and its compounds),kg,On-Site Disposal / Élimination sur le site,Tailings,41237.21728,https://www.canada.ca/en/environment-climate-change/services/national-pollutant-release-inventory/tools-resources-data/exploredata.html,POINT (-62.91917 44.97361)
npri-30745-2023-173,2023,30745,Touquoy Mine,St Barbara Limited,mining,-62.91917,44.97361,Atlantic Maritime,Maritime Provinces Drainage Area,NA - 09,Manganese (and its compounds),tonnes,On-Site Disposal / Élimination sur le site,Tailings,1377.489592,https://www.canada.ca/en/environment-climate-change/services/national-pollutant-release-inventory/tools-resources-data/exploredata.html,POINT (-62.91917 44.97361)
npri-30745-2023-174,2023,30745,Touquoy Mine,St Barbara Limited,mining,-62.91917,44.97361,Atlantic Maritime,Maritime Provinces Drainage Area,NA - 10,Mercury (and its compounds),kg,On-Site Disposal / Élimination sur le site,Tailings,5.821454,https://www.canada.ca/en/environment-climate-change/services/national-pollutant-release-inventory/tools-resources-data/exploredata.html,POINT (-62.91917 44.97361)
npri-30745-2023-175,2023,30745,Touquoy Mine,St Barbara Limited,mining,-62.91917,44.97361,Atlantic Maritime,Maritime Provinces Drainage Area,NA - 11,Nickel (and its compounds),tonnes,On-Site Disposal / Élimination sur le site,Tailings,76.847853,https://www.canada.ca/en/environment-climate-change/services/national-pollutant-release-inventory/tools-resources-data/exploredata.html,POINT (-62.91917 44.97361)
npri-30745-2023-176,2023,30745,Touquoy Mine,St Barbara Limited,mining,-62.91917,44.97361,Atlantic Maritime,Maritime Provinces Drainage Area,NA - 22,Phosphorus (total),tonnes,On-Site Disposal / Élimination sur le site,Tailings,845.542316,https://www.canada.ca/en/environment-climate-change/services/national-pollutant-release-inventory/tools-resources-data/exploredata.html,POINT (-62.91917 44.97361)
npri-30745-2023-177,2023,30745,Touquoy Mine,St Barbara Limited,mining,-62.91917,44.97361,Atlantic Maritime,Maritime Provinces Drainage Area,NA - 12,Selenium (and its compounds),kg,On-Site Disposal / Élimination sur le site,Tailings,1918.597672,https://www.canada.ca/en/environment-climate-change/services/national-pollutant-release-inventory/tools-resources-data/exploredata.html,POINT (-62.91917 44.97361)
npri-30745-2023-178,2023,30745,Touquoy Mine,St Barbara Limited,mining,-62.91917,44.97361,Atlantic Maritime,Maritime Provinces Drainage Area,NA - 37,Thallium (and its compounds),kg,On-Site Disposal / Élimination sur le site,Tailings,9543.366996,https://www.canada.ca/en/environment-climate-change/services/national-pollutant-release-inventory/tools-resources-data/exploredata.html,POINT (-62.91917 44.97361)
npri-30745-2023-179,2023,30745,Touquoy Mine,St Barbara Limited,mining,-62.91917,44.97361,Atlantic Maritime,Maritime Provinces Drainage Area,NA - 40,Vanadium (and its compounds),tonnes,On-Site Disposal / Élimination sur le site,Tailings,45.428724,https://www.canada.ca/en/environment-climate-change/services/national-pollutant-release-inventory/tools-resources-data/exploredata.html,POINT (-62.91917 44.97361)
npri-30745-2023-180,2023,30745,Touquoy Mine,St Barbara Limited,mining,-62.91917,44.97361,Atlantic Maritime,Maritime Provinces Drainage Area,NA - 14,Zinc (and its compounds),tonnes,On-Site Disposal / Élimination sur le site,Tailings,179.797034,https://www.canada.ca/en/environment-climate-change/services/national-pollutant-release-inventory/tools-resources-data/exploredata.html,POINT (-62.91917 44.97361)
npri-5460-2023-90,2023,5460,Wabush Mines - Scully,Tacora Resources Inc.,mining,-66.9109,52.9077,Boreal Shield,Northern Québec and Labrador Drainage Area,NA - 16,Ammonia (total),tonnes,On-Site Disposal / Élimination sur le site,Tailings,19.515,https://www.canada.ca/en/environment-climate-change/services/national-pollutant-release-inventory/tools-resources-data/exploredata.html,POINT (-66.9109 52.9077)
npri-5460-2023-91,2023,5460,Wabush Mines - Scully,Tacora Resources Inc.,mining,-66.9109,52.9077,Boreal Shield,Northern Québec and Labrador Drainage Area,NA - 02,Arsenic (and its compounds),kg,On-Site Disposal / Élimination sur le site,Tailings,419.704,https://www.canada.ca/en/environment-climate-change/services/national-pollutant-release-inventory/tools-resources-data/exploredata.html,POINT (-66.9109 52.9077)
npri-5460-2023-92,2023,5460,Wabush Mines - Scully,Tacora Resources Inc.,mining,-66.9109,52.9077,Boreal Shield,Northern Québec and Labrador Drainage Area,NA - 03,Cadmium (and its compounds),kg,On-Site Disposal / Élimination sur le site,Tailings,18.663,https://www.canada.ca/en/environment-climate-change/services/national-pollutant-release-inventory/tools-resources-data/exploredata.html,POINT (-66.9109 52.9077)
npri-5460-2023-93,2023,5460,Wabush Mines - Scully,Tacora Resources Inc.,mining,-66.9109,52.9077,Boreal Shield,Northern Québec and Labrador Drainage Area,NA - 05,Cobalt (and its compounds),kg,On-Site Disposal / Élimination sur le site,Tailings,3800.771,https://www.canada.ca/en/environment-climate-change/services/national-pollutant-release-inventory/tools-resources-data/exploredata.html,POINT (-66.9109 52.9077)
npri-5460-2023-94,2023,5460,Wabush Mines - Scully,Tacora Resources Inc.,mining,-66.9109,52.9077,Boreal Shield,Northern Québec and Labrador Drainage Area,NA - 08,Lead (and its compounds),kg,On-Site Disposal / Élimination sur le site,Tailings,68.601,https://www.canada.ca/en/environment-climate-change/services/national-pollutant-release-inventory/tools-resources-data/exploredata.html,POINT (-66.9109 52.9077)
npri-5460-2023-95,2023,5460,Wabush Mines - Scully,Tacora Resources Inc.,mining,-66.9109,52.9077,Boreal Shield,Northern Québec and Labrador Drainage Area,NA - 09,Manganese (and its compounds),tonnes,On-Site Disposal / Élimination sur le site,Tailings,2556.573,https://www.canada.ca/en/environment-climate-change/services/national-pollutant-release-inventory/tools-resources-data/exploredata.html,POINT (-66.9109 52.9077)
npri-5460-2023-96,2023,5460,Wabush Mines - Scully,Tacora Resources Inc.,mining,-66.9109,52.9077,Boreal Shield,Northern Québec and Labrador Drainage Area,NA - 17,Nitrate ion in solution at pH >= 6.0,tonnes,On-Site Disposal / Élimination sur le site,Tailings,50.705,https://www.canada.ca/en/environment-climate-change/services/national-pollutant-release-inventory/tools-resources-data/exploredata.html,POINT (-66.9109 52.9077)
npri-5460-2023-97,2023,5460,Wabush Mines - Scully,Tacora Resources Inc.,mining,-66.9109,52.9077,Boreal Shield,Northern Québec and Labrador Drainage Area,NA - 22,Phosphorus (total),tonnes,On-Site Disposal / Élimination sur le site,Tailings,10.343,https://www.canada.ca/en/environment-climate-change/services/national-pollutant-release-inventory/tools-resources-data/exploredata.html,POINT (-66.9109 52.9077)
npri-2278-2023-24,2023,2278,Bernic Lake Minesite,Tantalum Mining Corporation of Canada Ltd,mining,-95.4537,50.4282,Boreal Shield,Nelson River Drainage Area,NA - 02,Arsenic (and its compounds),kg,On-Site Disposal / Élimination sur le site,Tailings,1022.0,https://www.canada.ca/en/environment-climate-change/services/national-pollutant-release-inventory/tools-resources-data/exploredata.html,POINT (-95.4537 50.4282)
npri-2278-2023-25,2023,2278,Bernic Lake Minesite,Tantalum Mining Corporation of Canada Ltd,mining,-95.4537,50.4282,Boreal Shield,Nelson River Drainage Area,NA - 03,Cadmium (and its compounds),kg,On-Site Disposal / Élimination sur le site,Tailings,24.0,https://www.canada.ca/en/environment-climate-change/services/national-pollutant-release-inventory/tools-resources-data/exploredata.html,POINT (-95.4537 50.4282)
npri-2278-2023-26,2023,2278,Bernic Lake Minesite,Tantalum Mining Corporation of Canada Ltd,mining,-95.4537,50.4282,Boreal Shield,Nelson River Drainage Area,NA - 05,Cobalt (and its compounds),kg,On-Site Disposal / Élimination sur le site,Tailings,241.0,https://www.canada.ca/en/environment-climate-change/services/national-pollutant-release-inventory/tools-resources-data/exploredata.html,POINT (-95.4537 50.4282)
npri-2278-2023-27,2023,2278,Bernic Lake Minesite,Tantalum Mining Corporation of Canada Ltd,mining,-95.4537,50.4282,Boreal Shield,Nelson River Drainage Area,NA - 08,Lead (and its compounds),kg,On-Site Disposal / Élimination sur le site,Tailings,1269.0,https://www.canada.ca/en/environment-climate-change/services/national-pollutant-release-inventory/tools-resources-data/exploredata.html,POINT (-95.4537 50.4282)
npri-2278-2023-28,2023,2278,Bernic Lake Minesite,Tantalum Mining Corporation of Canada Ltd,mining,-95.4537,50.4282,Boreal Shield,Nelson River Drainage Area,NA - 09,Manganese (and its compounds),tonnes,On-Site Disposal / Élimination sur le site,Tailings,49.372,https://www.canada.ca/en/environment-climate-change/services/national-pollutant-release-inventory/tools-resources-data/exploredata.html,POINT (-95.4537 50.4282)
npri-2278-2023-29,2023,2278,Bernic Lake Minesite,Tantalum Mining Corporation of Canada Ltd,mining,-95.4537,50.4282,Boreal Shield,Nelson River Drainage Area,NA - 10,Mercury (and its compounds),kg,On-Site Disposal / Élimination sur le site,Tailings,4.0,https://www.canada.ca/en/environment-climate-change/services/national-pollutant-release-inventory/tools-resources-data/exploredata.html,POINT (-95.4537 50.4282)
npri-2278-2023-30,2023,2278,Bernic Lake Minesite,Tantalum Mining Corporation of Canada Ltd,mining,-95.4537,50.4282,Boreal Shield,Nelson River Drainage Area,NA - 22,Phosphorus (total),tonnes,On-Site Disposal / Élimination sur le site,Tailings,157.47,https://www.canada.ca/en/environment-climate-change/services/national-pollutant-release-inventory/tools-resources-data/exploredata.html,POINT (-95.4537 50.4282)
npri-2278-2023-31,2023,2278,Bernic Lake Minesite,Tantalum Mining Corporation of Canada Ltd,mining,-95.4537,50.4282,Boreal Shield,Nelson River Drainage Area,NA - 12,Selenium (and its compounds),kg,On-Site Disposal / Élimination sur le site,Tailings,8.52,https://www.canada.ca/en/environment-climate-change/services/national-pollutant-release-inventory/tools-resources-data/exploredata.html,POINT (-95.4537 50.4282)
npri-2278-2023-32,2023,2278,Bernic Lake Minesite,Tantalum Mining Corporation of Canada Ltd,mining,-95.4537,50.4282,Boreal Shield,Nelson River Drainage Area,NA - 37,Thallium (and its compounds),kg,On-Site Disposal / Élimination sur le site,Tailings,4010.0,https://www.canada.ca/en/environment-climate-change/services/national-pollutant-release-inventory/tools-resources-data/exploredata.html,POINT (-95.4537 50.4282)
npri-3356-2023-106,2023,3356,Teck Highland Valley Copper Partnership,Teck Highland Valley Copper Partnership,mining,-121.027,50.4742,Montane Cordillera,Pacific Drainage Area,NA - 02,Arsenic (and its compounds),kg,On-Site Disposal / Élimination sur le site,Tailings,30834.744,https://www.canada.ca/en/environment-climate-change/services/national-pollutant-release-inventory/tools-resources-data/exploredata.html,POINT (-121.027 50.4742)
npri-3356-2023-107,2023,3356,Teck Highland Valley Copper Partnership,Teck Highland Valley Copper Partnership,mining,-121.027,50.4742,Montane Cordillera,Pacific Drainage Area,NA - 03,Cadmium (and its compounds),kg,On-Site Disposal / Élimination sur le site,Tailings,1541.737,https://www.canada.ca/en/environment-climate-change/services/national-pollutant-release-inventory/tools-resources-data/exploredata.html,POINT (-121.027 50.4742)
npri-3356-2023-108,2023,3356,Teck Highland Valley Copper Partnership,Teck Highland Valley Copper Partnership,mining,-121.027,50.4742,Montane Cordillera,Pacific Drainage Area,NA - 04,Chromium (and its compounds),tonnes,On-Site Disposal / Élimination sur le site,Tailings,246.678,https://www.canada.ca/en/environment-climate-change/services/national-pollutant-release-inventory/tools-resources-data/exploredata.html,POINT (-121.027 50.4742)
npri-3356-2023-109,2023,3356,Teck Highland Valley Copper Partnership,Teck Highland Valley Copper Partnership,mining,-121.027,50.4742,Montane Cordillera,Pacific Drainage Area,NA - 05,Cobalt (and its compounds),kg,On-Site Disposal / Élimination sur le site,Tailings,49335.591,https://www.canada.ca/en/environment-climate-change/services/national-pollutant-release-inventory/tools-resources-data/exploredata.html,POINT (-121.027 50.4742)
npri-3356-2023-110,2023,3356,Teck Highland Valley Copper Partnership,Teck Highland Valley Copper Partnership,mining,-121.027,50.4742,Montane Cordillera,Pacific Drainage Area,NA - 06,Copper (and its compounds),tonnes,On-Site Disposal / Élimination sur le site,Tailings,13275.282,https://www.canada.ca/en/environment-climate-change/services/national-pollutant-release-inventory/tools-resources-data/exploredata.html,POINT (-121.027 50.4742)
npri-3356-2023-111,2023,3356,Teck Highland Valley Copper Partnership,Teck Highland Valley Copper Partnership,mining,-121.027,50.4742,Montane Cordillera,Pacific Drainage Area,NA - 08,Lead (and its compounds),kg,On-Site Disposal / Élimination sur le site,Tailings,123338.977,https://www.canada.ca/en/environment-climate-change/services/national-pollutant-release-inventory/tools-resources-data/exploredata.html,POINT (-121.027 50.4742)
npri-3356-2023-112,2023,3356,Teck Highland Valley Copper Partnership,Teck Highland Valley Copper Partnership,mining,-121.027,50.4742,Montane Cordillera,Pacific Drainage Area,NA - 09,Manganese (and its compounds),tonnes,On-Site Disposal / Élimination sur le site,Tailings,10360.474,https://www.canada.ca/en/environment-climate-change/services/national-pollutant-release-inventory/tools-resources-data/exploredata.html,POINT (-121.027 50.4742)
npri-3356-2023-113,2023,3356,Teck Highland Valley Copper Partnership,Teck Highland Valley Copper Partnership,mining,-121.027,50.4742,Montane Cordillera,Pacific Drainage Area,NA - 11,Nickel (and its compounds),tonnes,On-Site Disposal / Élimination sur le site,Tailings,49.336,https://www.canada.ca/en/environment-climate-change/services/national-pollutant-release-inventory/tools-resources-data/exploredata.html,POINT (-121.027 50.4742)
npri-3356-2023-114,2023,3356,Teck Highland Valley Copper Partnership,Teck Highland Valley Copper Partnership,mining,-121.027,50.4742,Montane Cordillera,Pacific Drainage Area,NA - 22,Phosphorus (total),tonnes,On-Site Disposal / Élimination sur le site,Tailings,10298.805,https://www.canada.ca/en/environment-climate-change/services/national-pollutant-release-inventory/tools-resources-data/exploredata.html,POINT (-121.027 50.4742)
npri-3356-2023-115,2023,3356,Teck Highland Valley Copper Partnership,Teck Highland Valley Copper Partnership,mining,-121.027,50.4742,Montane Cordillera,Pacific Drainage Area,NA - 12,Selenium (and its compounds),kg,On-Site Disposal / Élimination sur le site,Tailings,1541.737,https://www.canada.ca/en/environment-climate-change/services/national-pollutant-release-inventory/tools-resources-data/exploredata.html,POINT (-121.027 50.4742)
npri-3356-2023-116,2023,3356,Teck Highland Valley Copper Partnership,Teck Highland Valley Copper Partnership,mining,-121.027,50.4742,Montane Cordillera,Pacific Drainage Area,NA - 40,Vanadium (and its compounds),tonnes,On-Site Disposal / Élimination sur le site,Tailings,986.712,https://www.canada.ca/en/environment-climate-change/services/national-pollutant-release-inventory/tools-resources-data/exploredata.html,POINT (-121.027 50.4742)
npri-3356-2023-117,2023,3356,Teck Highland Valley Copper Partnership,Teck Highland Valley Copper Partnership,mining,-121.027,50.4742,Montane Cordillera,Pacific Drainage Area,NA - 14,Zinc (and its compounds),tonnes,On-Site Disposal / Élimination sur le site,Tailings,955.877,https://www.canada.ca/en/environment-climate-change/services/national-pollutant-release-inventory/tools-resources-data/exploredata.html,POINT (-121.027 50.4742)
npri-1465-2023-155,2023,1465,Clarabelle Mill,Vale Canada Limited,mining,-81.0561,46.495,Boreal Shield,St. Lawrence Drainage Area,NA - 02,Arsenic (and its compounds),kg,On-Site Disposal / Élimination sur le site,Tailings,337373.0,https://www.canada.ca/en/environment-climate-change/services/national-pollutant-release-inventory/tools-resources-data/exploredata.html,POINT (-81.0561 46.495)
npri-1465-2023-156,2023,1465,Clarabelle Mill,Vale Canada Limited,mining,-81.0561,46.495,Boreal Shield,St. Lawrence Drainage Area,NA - 03,Cadmium (and its compounds),kg,On-Site Disposal / Élimination sur le site,Tailings,1309.0,https://www.canada.ca/en/environment-climate-change/services/national-pollutant-release-inventory/tools-resources-data/exploredata.html,POINT (-81.0561 46.495)
npri-1465-2023-157,2023,1465,Clarabelle Mill,Vale Canada Limited,mining,-81.0561,46.495,Boreal Shield,St. Lawrence Drainage Area,NA - 04,Chromium (and its compounds),tonnes,On-Site Disposal / Élimination sur le site,Tailings,808.0,https://www.canada.ca/en/environment-climate-change/services/national-pollutant-release-inventory/tools-resources-data/exploredata.html,POINT (-81.0561 46.495)
npri-1465-2023-158,2023,1465,Clarabelle Mill,Vale Canada Limited,mining,-81.0561,46.495,Boreal Shield,St. Lawrence Drainage Area,NA - 05,Cobalt (and its compounds),kg,On-Site Disposal / Élimination sur le site,Tailings,344542.0,https://www.canada.ca/en/environment-climate-change/services/national-pollutant-release-inventory/tools-resources-data/exploredata.html,POINT (-81.0561 46.495)
npri-1465-2023-159,2023,1465,Clarabelle Mill,Vale Canada Limited,mining,-81.0561,46.495,Boreal Shield,St. Lawrence Drainage Area,NA - 06,Copper (and its compounds),tonnes,On-Site Disposal / Élimination sur le site,Tailings,2615.0,https://www.canada.ca/en/environment-climate-change/services/national-pollutant-release-inventory/tools-resources-data/exploredata.html,POINT (-81.0561 46.495)
npri-1465-2023-160,2023,1465,Clarabelle Mill,Vale Canada Limited,mining,-81.0561,46.495,Boreal Shield,St. Lawrence Drainage Area,NA - 08,Lead (and its compounds),kg,On-Site Disposal / Élimination sur le site,Tailings,155652.0,https://www.canada.ca/en/environment-climate-change/services/national-pollutant-release-inventory/tools-resources-data/exploredata.html,POINT (-81.0561 46.495)
npri-1465-2023-161,2023,1465,Clarabelle Mill,Vale Canada Limited,mining,-81.0561,46.495,Boreal Shield,St. Lawrence Drainage Area,NA - 09,Manganese (and its compounds),tonnes,On-Site Disposal / Élimination sur le site,Tailings,2870.0,https://www.canada.ca/en/environment-climate-change/services/national-pollutant-release-inventory/tools-resources-data/exploredata.html,POINT (-81.0561 46.495)
npri-1465-2023-162,2023,1465,Clarabelle Mill,Vale Canada Limited,mining,-81.0561,46.495,Boreal Shield,St. Lawrence Drainage Area,NA - 10,Mercury (and its compounds),kg,On-Site Disposal / Élimination sur le site,Tailings,170.0,https://www.canada.ca/en/environment-climate-change/services/national-pollutant-release-inventory/tools-resources-data/exploredata.html,POINT (-81.0561 46.495)
npri-1465-2023-163,2023,1465,Clarabelle Mill,Vale Canada Limited,mining,-81.0561,46.495,Boreal Shield,St. Lawrence Drainage Area,NA - 11,Nickel (and its compounds),tonnes,On-Site Disposal / Élimination sur le site,Tailings,8590.0,https://www.canada.ca/en/environment-climate-change/services/national-pollutant-release-inventory/tools-resources-data/exploredata.html,POINT (-81.0561 46.495)
npri-1465-2023-164,2023,1465,Clarabelle Mill,Vale Canada Limited,mining,-81.0561,46.495,Boreal Shield,St. Lawrence Drainage Area,NA - 12,Selenium (and its compounds),kg,On-Site Disposal / Élimination sur le site,Tailings,20527.0,https://www.canada.ca/en/environment-climate-change/services/national-pollutant-release-inventory/tools-resources-data/exploredata.html,POINT (-81.0561 46.495)
npri-1465-2023-165,2023,1465,Clarabelle Mill,Vale Canada Limited,mining,-81.0561,46.495,Boreal Shield,St. Lawrence Drainage Area,NA - 37,Thallium (and its compounds),kg,On-Site Disposal / Élimination sur le site,Tailings,682.0,https://www.canada.ca/en/environment-climate-change/services/national-pollutant-release-inventory/tools-resources-data/exploredata.html,POINT (-81.0561 46.495)
npri-1465-2023-166,2023,1465,Clarabelle Mill,Vale Canada Limited,mining,-81.0561,46.495,Boreal Shield,St. Lawrence Drainage Area,NA - 14,Zinc (and its compounds),tonnes,On-Site Disposal / Élimination sur le site,Tailings,348.0,https://www.canada.ca/en/environment-climate-change/services/national-pollutant-release-inventory/tools-resources-data/exploredata.html,POINT (-81.0561 46.495)
npri-1473-2023-107,2023,1473,Thompson Operations,Vale Canada Ltd,mining,-97.85106,55.71286,Boreal Shield,Nelson River Drainage Area,NA - 01,Antimony (and its compounds),tonnes,On-Site Disposal / Élimination sur le site,Tailings,228.37,https://www.canada.ca/en/environment-climate-change/services/national-pollutant-release-inventory/tools-resources-data/exploredata.html,POINT (-97.85106 55.71286)
npri-1473-2023-108,2023,1473,Thompson Operations,Vale Canada Ltd,mining,-97.85106,55.71286,Boreal Shield,Nelson River Drainage Area,NA - 02,Arsenic (and its compounds),kg,On-Site Disposal / Élimination sur le site,Tailings,7563.0,https://www.canada.ca/en/environment-climate-change/services/national-pollutant-release-inventory/tools-resources-data/exploredata.html,POINT (-97.85106 55.71286)
npri-1473-2023-109,2023,1473,Thompson Operations,Vale Canada Ltd,mining,-97.85106,55.71286,Boreal Shield,Nelson River Drainage Area,NA - 03,Cadmium (and its compounds),kg,On-Site Disposal / Élimination sur le site,Tailings,6584.0,https://www.canada.ca/en/environment-climate-change/services/national-pollutant-release-inventory/tools-resources-data/exploredata.html,POINT (-97.85106 55.71286)
npri-1473-2023-110,2023,1473,Thompson Operations,Vale Canada Ltd,mining,-97.85106,55.71286,Boreal Shield,Nelson River Drainage Area,NA - 04,Chromium (and its compounds),tonnes,On-Site Disposal / Élimination sur le site,Tailings,249.61,https://www.canada.ca/en/environment-climate-change/services/national-pollutant-release-inventory/tools-resources-data/exploredata.html,POINT (-97.85106 55.71286)
npri-1473-2023-111,2023,1473,Thompson Operations,Vale Canada Ltd,mining,-97.85106,55.71286,Boreal Shield,Nelson River Drainage Area,NA - 05,Cobalt (and its compounds),kg,On-Site Disposal / Élimination sur le site,Tailings,25815.0,https://www.canada.ca/en/environment-climate-change/services/national-pollutant-release-inventory/tools-resources-data/exploredata.html,POINT (-97.85106 55.71286)
npri-1473-2023-112,2023,1473,Thompson Operations,Vale Canada Ltd,mining,-97.85106,55.71286,Boreal Shield,Nelson River Drainage Area,NA - 06,Copper (and its compounds),tonnes,On-Site Disposal / Élimination sur le site,Tailings,64.23,https://www.canada.ca/en/environment-climate-change/services/national-pollutant-release-inventory/tools-resources-data/exploredata.html,POINT (-97.85106 55.71286)
npri-1473-2023-113,2023,1473,Thompson Operations,Vale Canada Ltd,mining,-97.85106,55.71286,Boreal Shield,Nelson River Drainage Area,NA - 08,Lead (and its compounds),kg,On-Site Disposal / Élimination sur le site,Tailings,15077.5,https://www.canada.ca/en/environment-climate-change/services/national-pollutant-release-inventory/tools-resources-data/exploredata.html,POINT (-97.85106 55.71286)
npri-1473-2023-114,2023,1473,Thompson Operations,Vale Canada Ltd,mining,-97.85106,55.71286,Boreal Shield,Nelson River Drainage Area,NA - 09,Manganese (and its compounds),tonnes,On-Site Disposal / Élimination sur le site,Tailings,520.53,https://www.canada.ca/en/environment-climate-change/services/national-pollutant-release-inventory/tools-resources-data/exploredata.html,POINT (-97.85106 55.71286)
npri-1473-2023-115,2023,1473,Thompson Operations,Vale Canada Ltd,mining,-97.85106,55.71286,Boreal Shield,Nelson River Drainage Area,NA - 10,Mercury (and its compounds),kg,On-Site Disposal / Élimination sur le site,Tailings,0.67,https://www.canada.ca/en/environment-climate-change/services/national-pollutant-release-inventory/tools-resources-data/exploredata.html,POINT (-97.85106 55.71286)
npri-1473-2023-116,2023,1473,Thompson Operations,Vale Canada Ltd,mining,-97.85106,55.71286,Boreal Shield,Nelson River Drainage Area,NA - 11,Nickel (and its compounds),tonnes,On-Site Disposal / Élimination sur le site,Tailings,1505.88,https://www.canada.ca/en/environment-climate-change/services/national-pollutant-release-inventory/tools-resources-data/exploredata.html,POINT (-97.85106 55.71286)
npri-1473-2023-117,2023,1473,Thompson Operations,Vale Canada Ltd,mining,-97.85106,55.71286,Boreal Shield,Nelson River Drainage Area,NA - 12,Selenium (and its compounds),kg,On-Site Disposal / Élimination sur le site,Tailings,114182.0,https://www.canada.ca/en/environment-climate-change/services/national-pollutant-release-inventory/tools-resources-data/exploredata.html,POINT (-97.85106 55.71286)
npri-1473-2023-118,2023,1473,Thompson Operations,Vale Canada Ltd,mining,-97.85106,55.71286,Boreal Shield,Nelson River Drainage Area,NA - 37,Thallium (and its compounds),kg,On-Site Disposal / Élimination sur le site,Tailings,51541.0,https://www.canada.ca/en/environment-climate-change/services/national-pollutant-release-inventory/tools-resources-data/exploredata.html,POINT (-97.85106 55.71286)
npri-1473-2023-119,2023,1473,Thompson Operations,Vale Canada Ltd,mining,-97.85106,55.71286,Boreal Shield,Nelson River Drainage Area,NA - 14,Zinc (and its compounds),tonnes,On-Site Disposal / Élimination sur le site,Tailings,139.14,https://www.canada.ca/en/environment-climate-change/services/national-pollutant-release-inventory/tools-resources-data/exploredata.html,POINT (-97.85106 55.71286)
npri-6093-2023-187,2023,6093,Voisey's Bay Mine Site,Vale Newfoundland and Labrador Limited,mining,-62.0944,56.33778,Taiga Shield,Northern Québec and Labrador Drainage Area,NA - 02,Arsenic (and its compounds),kg,On-Site Disposal / Élimination sur le site,Tailings,1294.649,https://www.canada.ca/en/environment-climate-change/services/national-pollutant-release-inventory/tools-resources-data/exploredata.html,POINT (-62.0944 56.33778)
npri-6093-2023-188,2023,6093,Voisey's Bay Mine Site,Vale Newfoundland and Labrador Limited,mining,-62.0944,56.33778,Taiga Shield,Northern Québec and Labrador Drainage Area,NA - 03,Cadmium (and its compounds),kg,On-Site Disposal / Élimination sur le site,Tailings,1299.397,https://www.canada.ca/en/environment-climate-change/services/national-pollutant-release-inventory/tools-resources-data/exploredata.html,POINT (-62.0944 56.33778)
npri-6093-2023-189,2023,6093,Voisey's Bay Mine Site,Vale Newfoundland and Labrador Limited,mining,-62.0944,56.33778,Taiga Shield,Northern Québec and Labrador Drainage Area,NA - 04,Chromium (and its compounds),tonnes,On-Site Disposal / Élimination sur le site,Tailings,514.377,https://www.canada.ca/en/environment-climate-change/services/national-pollutant-release-inventory/tools-resources-data/exploredata.html,POINT (-62.0944 56.33778)
npri-6093-2023-190,2023,6093,Voisey's Bay Mine Site,Vale Newfoundland and Labrador Limited,mining,-62.0944,56.33778,Taiga Shield,Northern Québec and Labrador Drainage Area,NA - 05,Cobalt (and its compounds),kg,On-Site Disposal / Élimination sur le site,Tailings,225262.215,https://www.canada.ca/en/environment-climate-change/services/national-pollutant-release-inventory/tools-resources-data/exploredata.html,POINT (-62.0944 56.33778)
npri-6093-2023-191,2023,6093,Voisey's Bay Mine Site,Vale Newfoundland and Labrador Limited,mining,-62.0944,56.33778,Taiga Shield,Northern Québec and Labrador Drainage Area,NA - 06,Copper (and its compounds),tonnes,On-Site Disposal / Élimination sur le site,Tailings,923.879,https://www.canada.ca/en/environment-climate-change/services/national-pollutant-release-inventory/tools-resources-data/exploredata.html,POINT (-62.0944 56.33778)
npri-6093-2023-192,2023,6093,Voisey's Bay Mine Site,Vale Newfoundland and Labrador Limited,mining,-62.0944,56.33778,Taiga Shield,Northern Québec and Labrador Drainage Area,NA - 08,Lead (and its compounds),kg,On-Site Disposal / Élimination sur le site,Tailings,63149.728,https://www.canada.ca/en/environment-climate-change/services/national-pollutant-release-inventory/tools-resources-data/exploredata.html,POINT (-62.0944 56.33778)
npri-6093-2023-193,2023,6093,Voisey's Bay Mine Site,Vale Newfoundland and Labrador Limited,mining,-62.0944,56.33778,Taiga Shield,Northern Québec and Labrador Drainage Area,NA - 09,Manganese (and its compounds),tonnes,On-Site Disposal / Élimination sur le site,Tailings,1394.359,https://www.canada.ca/en/environment-climate-change/services/national-pollutant-release-inventory/tools-resources-data/exploredata.html,POINT (-62.0944 56.33778)
npri-6093-2023-194,2023,6093,Voisey's Bay Mine Site,Vale Newfoundland and Labrador Limited,mining,-62.0944,56.33778,Taiga Shield,Northern Québec and Labrador Drainage Area,NA - 10,Mercury (and its compounds),kg,On-Site Disposal / Élimination sur le site,Tailings,79.135,https://www.canada.ca/en/environment-climate-change/services/national-pollutant-release-inventory/tools-resources-data/exploredata.html,POINT (-62.0944 56.33778)
npri-6093-2023-195,2023,6093,Voisey's Bay Mine Site,Vale Newfoundland and Labrador Limited,mining,-62.0944,56.33778,Taiga Shield,Northern Québec and Labrador Drainage Area,NA - 11,Nickel (and its compounds),tonnes,On-Site Disposal / Élimination sur le site,Tailings,4647.545,https://www.canada.ca/en/environment-climate-change/services/national-pollutant-release-inventory/tools-resources-data/exploredata.html,POINT (-62.0944 56.33778)
npri-6093-2023-196,2023,6093,Voisey's Bay Mine Site,Vale Newfoundland and Labrador Limited,mining,-62.0944,56.33778,Taiga Shield,Northern Québec and Labrador Drainage Area,NA - 22,Phosphorus (total),tonnes,On-Site Disposal / Élimination sur le site,Tailings,1554.211,https://www.canada.ca/en/environment-climate-change/services/national-pollutant-release-inventory/tools-resources-data/exploredata.html,POINT (-62.0944 56.33778)
npri-6093-2023-197,2023,6093,Voisey's Bay Mine Site,Vale Newfoundland and Labrador Limited,mining,-62.0944,56.33778,Taiga Shield,Northern Québec and Labrador Drainage Area,NA - 12,Selenium (and its compounds),kg,On-Site Disposal / Élimination sur le site,Tailings,22474.339,https://www.canada.ca/en/environment-climate-change/services/national-pollutant-release-inventory/tools-resources-data/exploredata.html,POINT (-62.0944 56.33778)
npri-6093-2023-198,2023,6093,Voisey's Bay Mine Site,Vale Newfoundland and Labrador Limited,mining,-62.0944,56.33778,Taiga Shield,Northern Québec and Labrador Drainage Area,NA - 13,Silver (and its compounds),tonnes,On-Site Disposal / Élimination sur le site,Tailings,1.947,https://www.canada.ca/en/environment-climate-change/services/national-pollutant-release-inventory/tools-resources-data/exploredata.html,POINT (-62.0944 56.33778)
npri-6093-2023-199,2023,6093,Voisey's Bay Mine Site,Vale Newfoundland and Labrador Limited,mining,-62.0944,56.33778,Taiga Shield,Northern Québec and Labrador Drainage Area,NA - 40,Vanadium (and its compounds),tonnes,On-Site Disposal / Élimination sur le site,Tailings,155.421,https://www.canada.ca/en/environment-climate-change/services/national-pollutant-release-inventory/tools-resources-data/exploredata.html,POINT (-62.0944 56.33778)
npri-6093-2023-200,2023,6093,Voisey's Bay Mine Site,Vale Newfoundland and Labrador Limited,mining,-62.0944,56.33778,Taiga Shield,Northern Québec and Labrador Drainage Area,NA - 14,Zinc (and its compounds),tonnes,On-Site Disposal / Élimination sur le site,Tailings,159.853,https://www.canada.ca/en/environment-climate-change/services/national-pollutant-release-inventory/tools-resources-data/exploredata.html,POINT (-62.0944 56.33778)
npri-10010-2023-88,2023,10010,Eagle River Mine & Mill Complex,Wesdome Gold Mines Ltd.,mining,-85.46116,47.98562,Boreal Shield,St. Lawrence Drainage Area,NA - 02,Arsenic (and its compounds),kg,On-Site Disposal / Élimination sur le site,Tailings,876.6159,https://www.canada.ca/en/environment-climate-change/services/national-pollutant-release-inventory/tools-resources-data/exploredata.html,POINT (-85.46116 47.98562)
npri-10010-2023-89,2023,10010,Eagle River Mine & Mill Complex,Wesdome Gold Mines Ltd.,mining,-85.46116,47.98562,Boreal Shield,St. Lawrence Drainage Area,NA - 03,Cadmium (and its compounds),kg,On-Site Disposal / Élimination sur le site,Tailings,36.29682,https://www.canada.ca/en/environment-climate-change/services/national-pollutant-release-inventory/tools-resources-data/exploredata.html,POINT (-85.46116 47.98562)
npri-10010-2023-90,2023,10010,Eagle River Mine & Mill Complex,Wesdome Gold Mines Ltd.,mining,-85.46116,47.98562,Boreal Shield,St. Lawrence Drainage Area,NA - 04,Chromium (and its compounds),tonnes,On-Site Disposal / Élimination sur le site,Tailings,51.80691,https://www.canada.ca/en/environment-climate-change/services/national-pollutant-release-inventory/tools-resources-data/exploredata.html,POINT (-85.46116 47.98562)
npri-10010-2023-91,2023,10010,Eagle River Mine & Mill Complex,Wesdome Gold Mines Ltd.,mining,-85.46116,47.98562,Boreal Shield,St. Lawrence Drainage Area,NA - 05,Cobalt (and its compounds),kg,On-Site Disposal / Élimination sur le site,Tailings,4328.313,https://www.canada.ca/en/environment-climate-change/services/national-pollutant-release-inventory/tools-resources-data/exploredata.html,POINT (-85.46116 47.98562)
npri-10010-2023-92,2023,10010,Eagle River Mine & Mill Complex,Wesdome Gold Mines Ltd.,mining,-85.46116,47.98562,Boreal Shield,St. Lawrence Drainage Area,NA - 06,Copper (and its compounds),tonnes,On-Site Disposal / Élimination sur le site,Tailings,11.142423,https://www.canada.ca/en/environment-climate-change/services/national-pollutant-release-inventory/tools-resources-data/exploredata.html,POINT (-85.46116 47.98562)
npri-10010-2023-93,2023,10010,Eagle River Mine & Mill Complex,Wesdome Gold Mines Ltd.,mining,-85.46116,47.98562,Boreal Shield,St. Lawrence Drainage Area,NA - 08,Lead (and its compounds),kg,On-Site Disposal / Élimination sur le site,Tailings,2739.174,https://www.canada.ca/en/environment-climate-change/services/national-pollutant-release-inventory/tools-resources-data/exploredata.html,POINT (-85.46116 47.98562)
npri-10010-2023-94,2023,10010,Eagle River Mine & Mill Complex,Wesdome Gold Mines Ltd.,mining,-85.46116,47.98562,Boreal Shield,St. Lawrence Drainage Area,NA - 09,Manganese (and its compounds),tonnes,On-Site Disposal / Élimination sur le site,Tailings,123.84708,https://www.canada.ca/en/environment-climate-change/services/national-pollutant-release-inventory/tools-resources-data/exploredata.html,POINT (-85.46116 47.98562)
npri-10010-2023-95,2023,10010,Eagle River Mine & Mill Complex,Wesdome Gold Mines Ltd.,mining,-85.46116,47.98562,Boreal Shield,St. Lawrence Drainage Area,NA - 11,Nickel (and its compounds),tonnes,On-Site Disposal / Élimination sur le site,Tailings,16.460871,https://www.canada.ca/en/environment-climate-change/services/national-pollutant-release-inventory/tools-resources-data/exploredata.html,POINT (-85.46116 47.98562)
npri-10010-2023-96,2023,10010,Eagle River Mine & Mill Complex,Wesdome Gold Mines Ltd.,mining,-85.46116,47.98562,Boreal Shield,St. Lawrence Drainage Area,NA - 22,Phosphorus (total),tonnes,On-Site Disposal / Élimination sur le site,Tailings,103.31865,https://www.canada.ca/en/environment-climate-change/services/national-pollutant-release-inventory/tools-resources-data/exploredata.html,POINT (-85.46116 47.98562)
npri-10010-2023-97,2023,10010,Eagle River Mine & Mill Complex,Wesdome Gold Mines Ltd.,mining,-85.46116,47.98562,Boreal Shield,St. Lawrence Drainage Area,NA - 40,Vanadium (and its compounds),tonnes,On-Site Disposal / Élimination sur le site,Tailings,21.461988,https://www.canada.ca/en/environment-climate-change/services/national-pollutant-release-inventory/tools-resources-data/exploredata.html,POINT (-85.46116 47.98562)
npri-10010-2023-98,2023,10010,Eagle River Mine & Mill Complex,Wesdome Gold Mines Ltd.,mining,-85.46116,47.98562,Boreal Shield,St. Lawrence Drainage Area,NA - 14,Zinc (and its compounds),tonnes,On-Site Disposal / Élimination sur le site,Tailings,13.71432,https://www.canada.ca/en/environment-climate-change/services/national-pollutant-release-inventory/tools-resources-data/exploredata.html,POINT (-85.46116 47.98562)
npri-3197-2023-174,2023,3197,Williams Mine,Williams Operating Corporation,mining,-85.9188,48.6942,Boreal Shield,St. Lawrence Drainage Area,NA - 01,Antimony (and its compounds),tonnes,On-Site Disposal / Élimination sur le site,Tailings,8.41711,https://www.canada.ca/en/environment-climate-change/services/national-pollutant-release-inventory/tools-resources-data/exploredata.html,POINT (-85.9188 48.6942)
npri-3197-2023-175,2023,3197,Williams Mine,Williams Operating Corporation,mining,-85.9188,48.6942,Boreal Shield,St. Lawrence Drainage Area,NA - 02,Arsenic (and its compounds),kg,On-Site Disposal / Élimination sur le site,Tailings,29459.885,https://www.canada.ca/en/environment-climate-change/services/national-pollutant-release-inventory/tools-resources-data/exploredata.html,POINT (-85.9188 48.6942)
npri-3197-2023-176,2023,3197,Williams Mine,Williams Operating Corporation,mining,-85.9188,48.6942,Boreal Shield,St. Lawrence Drainage Area,NA - 03,Cadmium (and its compounds),kg,On-Site Disposal / Élimination sur le site,Tailings,1094.2243,https://www.canada.ca/en/environment-climate-change/services/national-pollutant-release-inventory/tools-resources-data/exploredata.html,POINT (-85.9188 48.6942)
npri-3197-2023-177,2023,3197,Williams Mine,Williams Operating Corporation,mining,-85.9188,48.6942,Boreal Shield,St. Lawrence Drainage Area,NA - 04,Chromium (and its compounds),tonnes,On-Site Disposal / Élimination sur le site,Tailings,92.58821,https://www.canada.ca/en/environment-climate-change/services/national-pollutant-release-inventory/tools-resources-data/exploredata.html,POINT (-85.9188 48.6942)
npri-3197-2023-178,2023,3197,Williams Mine,Williams Operating Corporation,mining,-85.9188,48.6942,Boreal Shield,St. Lawrence Drainage Area,NA - 05,Cobalt (and its compounds),kg,On-Site Disposal / Élimination sur le site,Tailings,7659.5701,https://www.canada.ca/en/environment-climate-change/services/national-pollutant-release-inventory/tools-resources-data/exploredata.html,POINT (-85.9188 48.6942)
npri-3197-2023-179,2023,3197,Williams Mine,Williams Operating Corporation,mining,-85.9188,48.6942,Boreal Shield,St. Lawrence Drainage Area,NA - 06,Copper (and its compounds),tonnes,On-Site Disposal / Élimination sur le site,Tailings,20.201064,https://www.canada.ca/en/environment-climate-change/services/national-pollutant-release-inventory/tools-resources-data/exploredata.html,POINT (-85.9188 48.6942)
npri-3197-2023-180,2023,3197,Williams Mine,Williams Operating Corporation,mining,-85.9188,48.6942,Boreal Shield,St. Lawrence Drainage Area,NA - 08,Lead (and its compounds),kg,On-Site Disposal / Élimination sur le site,Tailings,46294.105,https://www.canada.ca/en/environment-climate-change/services/national-pollutant-release-inventory/tools-resources-data/exploredata.html,POINT (-85.9188 48.6942)
npri-3197-2023-181,2023,3197,Williams Mine,Williams Operating Corporation,mining,-85.9188,48.6942,Boreal Shield,St. Lawrence Drainage Area,NA - 09,Manganese (and its compounds),tonnes,On-Site Disposal / Élimination sur le site,Tailings,210.42775,https://www.canada.ca/en/environment-climate-change/services/national-pollutant-release-inventory/tools-resources-data/exploredata.html,POINT (-85.9188 48.6942)
npri-3197-2023-182,2023,3197,Williams Mine,Williams Operating Corporation,mining,-85.9188,48.6942,Boreal Shield,St. Lawrence Drainage Area,NA - 10,Mercury (and its compounds),kg,On-Site Disposal / Élimination sur le site,Tailings,1776.01021,https://www.canada.ca/en/environment-climate-change/services/national-pollutant-release-inventory/tools-resources-data/exploredata.html,POINT (-85.9188 48.6942)
npri-3197-2023-183,2023,3197,Williams Mine,Williams Operating Corporation,mining,-85.9188,48.6942,Boreal Shield,St. Lawrence Drainage Area,NA - 11,Nickel (and its compounds),tonnes,On-Site Disposal / Élimination sur le site,Tailings,15.992509,https://www.canada.ca/en/environment-climate-change/services/national-pollutant-release-inventory/tools-resources-data/exploredata.html,POINT (-85.9188 48.6942)
npri-3197-2023-184,2023,3197,Williams Mine,Williams Operating Corporation,mining,-85.9188,48.6942,Boreal Shield,St. Lawrence Drainage Area,NA - 22,Phosphorus (total),tonnes,On-Site Disposal / Élimination sur le site,Tailings,336.6844,https://www.canada.ca/en/environment-climate-change/services/national-pollutant-release-inventory/tools-resources-data/exploredata.html,POINT (-85.9188 48.6942)
npri-3197-2023-185,2023,3197,Williams Mine,Williams Operating Corporation,mining,-85.9188,48.6942,Boreal Shield,St. Lawrence Drainage Area,NA - 12,Selenium (and its compounds),kg,On-Site Disposal / Élimination sur le site,Tailings,505.0266,https://www.canada.ca/en/environment-climate-change/services/national-pollutant-release-inventory/tools-resources-data/exploredata.html,POINT (-85.9188 48.6942)
npri-3197-2023-186,2023,3197,Williams Mine,Williams Operating Corporation,mining,-85.9188,48.6942,Boreal Shield,St. Lawrence Drainage Area,NA - 37,Thallium (and its compounds),kg,On-Site Disposal / Élimination sur le site,Tailings,1178.3954,https://www.canada.ca/en/environment-climate-change/services/national-pollutant-release-inventory/tools-resources-data/exploredata.html,POINT (-85.9188 48.6942)
npri-3197-2023-187,2023,3197,Williams Mine,Williams Operating Corporation,mining,-85.9188,48.6942,Boreal Shield,St. Lawrence Drainage Area,NA - 40,Vanadium (and its compounds),tonnes,On-Site Disposal / Élimination sur le site,Tailings,83.329389,https://www.canada.ca/en/environment-climate-change/services/national-pollutant-release-inventory/tools-resources-data/exploredata.html,POINT (-85.9188 48.6942)
npri-3197-2023-188,2023,3197,Williams Mine,Williams Operating Corporation,mining,-85.9188,48.6942,Boreal Shield,St. Lawrence Drainage Area,NA - 14,Zinc (and its compounds),tonnes,On-Site Disposal / Élimination sur le site,Tailings,336.6844,https://www.canada.ca/en/environment-climate-change/services/national-pollutant-release-inventory/tools-resources-data/exploredata.html,POINT (-85.9188 48.6942)
npri-25155-2023-46,2023,25155,Hope Bay Project,Agnico Eagle Mines Limited,mining,-106.574464,68.0399,Southern Arctic,Arctic Drainage Area,NA - 02,Arsenic (and its compounds),kg,On-Site Disposal / Élimination sur le site,Waste Rock,127.5,https://www.canada.ca/en/environment-climate-change/services/national-pollutant-release-inventory/tools-resources-data/exploredata.html,POINT (-106.574464 68.0399)
npri-25188-2023-170,2023,25188,Mine Canadian Malartic,Agnico Eagle Mines Limited (MAIN),mining,-78.129272,48.124507,Boreal Shield,Southwestern Hudson Bay Drainage Area,NA - 02,Arsenic (and its compounds),kg,On-Site Disposal / Élimination sur le site,Waste Rock,122668.0,https://www.canada.ca/en/environment-climate-change/services/national-pollutant-release-inventory/tools-resources-data/exploredata.html,POINT (-78.129272 48.124507)
npri-25188-2023-171,2023,25188,Mine Canadian Malartic,Agnico Eagle Mines Limited (MAIN),mining,-78.129272,48.124507,Boreal Shield,Southwestern Hudson Bay Drainage Area,NA - 03,Cadmium (and its compounds),kg,On-Site Disposal / Élimination sur le site,Waste Rock,4220.0,https://www.canada.ca/en/environment-climate-change/services/national-pollutant-release-inventory/tools-resources-data/exploredata.html,POINT (-78.129272 48.124507)
npri-25188-2023-172,2023,25188,Mine Canadian Malartic,Agnico Eagle Mines Limited (MAIN),mining,-78.129272,48.124507,Boreal Shield,Southwestern Hudson Bay Drainage Area,NA - 05,Cobalt (and its compounds),kg,On-Site Disposal / Élimination sur le site,Waste Rock,1725068.0,https://www.canada.ca/en/environment-climate-change/services/national-pollutant-release-inventory/tools-resources-data/exploredata.html,POINT (-78.129272 48.124507)
npri-25188-2023-173,2023,25188,Mine Canadian Malartic,Agnico Eagle Mines Limited (MAIN),mining,-78.129272,48.124507,Boreal Shield,Southwestern Hudson Bay Drainage Area,NA - 08,Lead (and its compounds),kg,On-Site Disposal / Élimination sur le site,Waste Rock,322845.0,https://www.canada.ca/en/environment-climate-change/services/national-pollutant-release-inventory/tools-resources-data/exploredata.html,POINT (-78.129272 48.124507)
npri-25188-2023-174,2023,25188,Mine Canadian Malartic,Agnico Eagle Mines Limited (MAIN),mining,-78.129272,48.124507,Boreal Shield,Southwestern Hudson Bay Drainage Area,NA - 10,Mercury (and its compounds),kg,On-Site Disposal / Élimination sur le site,Waste Rock,788.0,https://www.canada.ca/en/environment-climate-change/services/national-pollutant-release-inventory/tools-resources-data/exploredata.html,POINT (-78.129272 48.124507)
npri-25188-2023-175,2023,25188,Mine Canadian Malartic,Agnico Eagle Mines Limited (MAIN),mining,-78.129272,48.124507,Boreal Shield,Southwestern Hudson Bay Drainage Area,NA - 12,Selenium (and its compounds),kg,On-Site Disposal / Élimination sur le site,Waste Rock,16573.0,https://www.canada.ca/en/environment-climate-change/services/national-pollutant-release-inventory/tools-resources-data/exploredata.html,POINT (-78.129272 48.124507)
npri-25188-2023-176,2023,25188,Mine Canadian Malartic,Agnico Eagle Mines Limited (MAIN),mining,-78.129272,48.124507,Boreal Shield,Southwestern Hudson Bay Drainage Area,NA - 37,Thallium (and its compounds),kg,On-Site Disposal / Élimination sur le site,Waste Rock,257698.0,https://www.canada.ca/en/environment-climate-change/services/national-pollutant-release-inventory/tools-resources-data/exploredata.html,POINT (-78.129272 48.124507)
npri-24216-2023-199,2023,24216,Division Meadowbank,Agnico Eagle Mines Ltd.,mining,-96.0524,65.0149,Northern Arctic,Western and Northern Hudson Bay Drainage Area,NA - 01,Antimony (and its compounds),tonnes,On-Site Disposal / Élimination sur le site,Waste Rock,5.038827,https://www.canada.ca/en/environment-climate-change/services/national-pollutant-release-inventory/tools-resources-data/exploredata.html,POINT (-96.0524 65.0149)
npri-24216-2023-200,2023,24216,Division Meadowbank,Agnico Eagle Mines Ltd.,mining,-96.0524,65.0149,Northern Arctic,Western and Northern Hudson Bay Drainage Area,NA - 02,Arsenic (and its compounds),kg,On-Site Disposal / Élimination sur le site,Waste Rock,15055972.55548,https://www.canada.ca/en/environment-climate-change/services/national-pollutant-release-inventory/tools-resources-data/exploredata.html,POINT (-96.0524 65.0149)
npri-29389-2023-184,2023,29389,Meliadine Gold Project,Agnico Eagle Mines Ltd.,mining,-92.13443,63.22418,Southern Arctic,Western and Northern Hudson Bay Drainage Area,NA - 02,Arsenic (and its compounds),kg,On-Site Disposal / Élimination sur le site,Waste Rock,1103626.491337,https://www.canada.ca/en/environment-climate-change/services/national-pollutant-release-inventory/tools-resources-data/exploredata.html,POINT (-92.13443 63.22418)
npri-24216-2023-201,2023,24216,Division Meadowbank,Agnico Eagle Mines Ltd.,mining,-96.0524,65.0149,Northern Arctic,Western and Northern Hudson Bay Drainage Area,NA - 03,Cadmium (and its compounds),kg,On-Site Disposal / Élimination sur le site,Waste Rock,550.79068,https://www.canada.ca/en/environment-climate-change/services/national-pollutant-release-inventory/tools-resources-data/exploredata.html,POINT (-96.0524 65.0149)
npri-24216-2023-202,2023,24216,Division Meadowbank,Agnico Eagle Mines Ltd.,mining,-96.0524,65.0149,Northern Arctic,Western and Northern Hudson Bay Drainage Area,NA - 04,Chromium (and its compounds),tonnes,On-Site Disposal / Élimination sur le site,Waste Rock,213.053098,https://www.canada.ca/en/environment-climate-change/services/national-pollutant-release-inventory/tools-resources-data/exploredata.html,POINT (-96.0524 65.0149)
npri-24216-2023-203,2023,24216,Division Meadowbank,Agnico Eagle Mines Ltd.,mining,-96.0524,65.0149,Northern Arctic,Western and Northern Hudson Bay Drainage Area,NA - 05,Cobalt (and its compounds),kg,On-Site Disposal / Élimination sur le site,Waste Rock,37193.50246,https://www.canada.ca/en/environment-climate-change/services/national-pollutant-release-inventory/tools-resources-data/exploredata.html,POINT (-96.0524 65.0149)
npri-24216-2023-204,2023,24216,Division Meadowbank,Agnico Eagle Mines Ltd.,mining,-96.0524,65.0149,Northern Arctic,Western and Northern Hudson Bay Drainage Area,NA - 06,Copper (and its compounds),tonnes,On-Site Disposal / Élimination sur le site,Waste Rock,87.142954,https://www.canada.ca/en/environment-climate-change/services/national-pollutant-release-inventory/tools-resources-data/exploredata.html,POINT (-96.0524 65.0149)
npri-24216-2023-205,2023,24216,Division Meadowbank,Agnico Eagle Mines Ltd.,mining,-96.0524,65.0149,Northern Arctic,Western and Northern Hudson Bay Drainage Area,NA - 08,Lead (and its compounds),kg,On-Site Disposal / Élimination sur le site,Waste Rock,21441.4943,https://www.canada.ca/en/environment-climate-change/services/national-pollutant-release-inventory/tools-resources-data/exploredata.html,POINT (-96.0524 65.0149)
npri-24216-2023-206,2023,24216,Division Meadowbank,Agnico Eagle Mines Ltd.,mining,-96.0524,65.0149,Northern Arctic,Western and Northern Hudson Bay Drainage Area,NA - 09,Manganese (and its compounds),tonnes,On-Site Disposal / Élimination sur le site,Waste Rock,4264.08828,https://www.canada.ca/en/environment-climate-change/services/national-pollutant-release-inventory/tools-resources-data/exploredata.html,POINT (-96.0524 65.0149)
npri-24216-2023-207,2023,24216,Division Meadowbank,Agnico Eagle Mines Ltd.,mining,-96.0524,65.0149,Northern Arctic,Western and Northern Hudson Bay Drainage Area,NA - 11,Nickel (and its compounds),tonnes,On-Site Disposal / Élimination sur le site,Waste Rock,152.481255,https://www.canada.ca/en/environment-climate-change/services/national-pollutant-release-inventory/tools-resources-data/exploredata.html,POINT (-96.0524 65.0149)
npri-24216-2023-208,2023,24216,Division Meadowbank,Agnico Eagle Mines Ltd.,mining,-96.0524,65.0149,Northern Arctic,Western and Northern Hudson Bay Drainage Area,NA - 22,Phosphorus (total),tonnes,On-Site Disposal / Élimination sur le site,Waste Rock,1446.960404,https://www.canada.ca/en/environment-climate-change/services/national-pollutant-release-inventory/tools-resources-data/exploredata.html,POINT (-96.0524 65.0149)
npri-24216-2023-209,2023,24216,Division Meadowbank,Agnico Eagle Mines Ltd.,mining,-96.0524,65.0149,Northern Arctic,Western and Northern Hudson Bay Drainage Area,NA - 12,Selenium (and its compounds),kg,On-Site Disposal / Élimination sur le site,Waste Rock,2769.08501,https://www.canada.ca/en/environment-climate-change/services/national-pollutant-release-inventory/tools-resources-data/exploredata.html,POINT (-96.0524 65.0149)
npri-24216-2023-210,2023,24216,Division Meadowbank,Agnico Eagle Mines Ltd.,mining,-96.0524,65.0149,Northern Arctic,Western and Northern Hudson Bay Drainage Area,NA - 37,Thallium (and its compounds),kg,On-Site Disposal / Élimination sur le site,Waste Rock,765.65957,https://www.canada.ca/en/environment-climate-change/services/national-pollutant-release-inventory/tools-resources-data/exploredata.html,POINT (-96.0524 65.0149)
npri-24216-2023-211,2023,24216,Division Meadowbank,Agnico Eagle Mines Ltd.,mining,-96.0524,65.0149,Northern Arctic,Western and Northern Hudson Bay Drainage Area,NA - 40,Vanadium (and its compounds),tonnes,On-Site Disposal / Élimination sur le site,Waste Rock,125.1233,https://www.canada.ca/en/environment-climate-change/services/national-pollutant-release-inventory/tools-resources-data/exploredata.html,POINT (-96.0524 65.0149)
npri-24216-2023-212,2023,24216,Division Meadowbank,Agnico Eagle Mines Ltd.,mining,-96.0524,65.0149,Northern Arctic,Western and Northern Hudson Bay Drainage Area,NA - 14,Zinc (and its compounds),tonnes,On-Site Disposal / Élimination sur le site,Waste Rock,132.552922,https://www.canada.ca/en/environment-climate-change/services/national-pollutant-release-inventory/tools-resources-data/exploredata.html,POINT (-96.0524 65.0149)
npri-11454-2023-160,2023,11454,Island Gold Mine,Alamos Gold Incorporated,mining,-84.43404,48.30072,Boreal Shield,St. Lawrence Drainage Area,NA - 02,Arsenic (and its compounds),kg,On-Site Disposal / Élimination sur le site,Waste Rock,785.009,https://www.canada.ca/en/environment-climate-change/services/national-pollutant-release-inventory/tools-resources-data/exploredata.html,POINT (-84.43404 48.30072)
npri-26132-2023-208,2023,26132,Young-Davidson,Alamos Gold Incorporated,mining,-80.67722,47.94722,Boreal Shield,St. Lawrence Drainage Area,NA - 02,Arsenic (and its compounds),kg,On-Site Disposal / Élimination sur le site,Waste Rock,-210.82,https://www.canada.ca/en/environment-climate-change/services/national-pollutant-release-inventory/tools-resources-data/exploredata.html,POINT (-80.67722 47.94722)
npri-11454-2023-161,2023,11454,Island Gold Mine,Alamos Gold Incorporated,mining,-84.43404,48.30072,Boreal Shield,St. Lawrence Drainage Area,NA - 03,Cadmium (and its compounds),kg,On-Site Disposal / Élimination sur le site,Waste Rock,3.91,https://www.canada.ca/en/environment-climate-change/services/national-pollutant-release-inventory/tools-resources-data/exploredata.html,POINT (-84.43404 48.30072)
npri-26132-2023-209,2023,26132,Young-Davidson,Alamos Gold Incorporated,mining,-80.67722,47.94722,Boreal Shield,St. Lawrence Drainage Area,NA - 03,Cadmium (and its compounds),kg,On-Site Disposal / Élimination sur le site,Waste Rock,-3.543,https://www.canada.ca/en/environment-climate-change/services/national-pollutant-release-inventory/tools-resources-data/exploredata.html,POINT (-80.67722 47.94722)
npri-11454-2023-162,2023,11454,Island Gold Mine,Alamos Gold Incorporated,mining,-84.43404,48.30072,Boreal Shield,St. Lawrence Drainage Area,NA - 05,Cobalt (and its compounds),kg,On-Site Disposal / Élimination sur le site,Waste Rock,1647.623,https://www.canada.ca/en/environment-climate-change/services/national-pollutant-release-inventory/tools-resources-data/exploredata.html,POINT (-84.43404 48.30072)
npri-11454-2023-163,2023,11454,Island Gold Mine,Alamos Gold Incorporated,mining,-84.43404,48.30072,Boreal Shield,St. Lawrence Drainage Area,NA - 08,Lead (and its compounds),kg,On-Site Disposal / Élimination sur le site,Waste Rock,306.84,https://www.canada.ca/en/environment-climate-change/services/national-pollutant-release-inventory/tools-resources-data/exploredata.html,POINT (-84.43404 48.30072)
npri-26132-2023-210,2023,26132,Young-Davidson,Alamos Gold Incorporated,mining,-80.67722,47.94722,Boreal Shield,St. Lawrence Drainage Area,NA - 08,Lead (and its compounds),kg,On-Site Disposal / Élimination sur le site,Waste Rock,-533.252,https://www.canada.ca/en/environment-climate-change/services/national-pollutant-release-inventory/tools-resources-data/exploredata.html,POINT (-80.67722 47.94722)
npri-26132-2023-211,2023,26132,Young-Davidson,Alamos Gold Incorporated,mining,-80.67722,47.94722,Boreal Shield,St. Lawrence Drainage Area,NA - 10,Mercury (and its compounds),kg,On-Site Disposal / Élimination sur le site,Waste Rock,-0.266,https://www.canada.ca/en/environment-climate-change/services/national-pollutant-release-inventory/tools-resources-data/exploredata.html,POINT (-80.67722 47.94722)
npri-11454-2023-164,2023,11454,Island Gold Mine,Alamos Gold Incorporated,mining,-84.43404,48.30072,Boreal Shield,St. Lawrence Drainage Area,NA - 12,Selenium (and its compounds),kg,On-Site Disposal / Élimination sur le site,Waste Rock,39.4,https://www.canada.ca/en/environment-climate-change/services/national-pollutant-release-inventory/tools-resources-data/exploredata.html,POINT (-84.43404 48.30072)
npri-26132-2023-212,2023,26132,Young-Davidson,Alamos Gold Incorporated,mining,-80.67722,47.94722,Boreal Shield,St. Lawrence Drainage Area,NA - 12,Selenium (and its compounds),kg,On-Site Disposal / Élimination sur le site,Waste Rock,-12.401,https://www.canada.ca/en/environment-climate-change/services/national-pollutant-release-inventory/tools-resources-data/exploredata.html,POINT (-80.67722 47.94722)
npri-26132-2023-213,2023,26132,Young-Davidson,Alamos Gold Incorporated,mining,-80.67722,47.94722,Boreal Shield,St. Lawrence Drainage Area,NA - 37,Thallium (and its compounds),kg,On-Site Disposal / Élimination sur le site,Waste Rock,-7.618,https://www.canada.ca/en/environment-climate-change/services/national-pollutant-release-inventory/tools-resources-data/exploredata.html,POINT (-80.67722 47.94722)
npri-2371-2023-31,2023,2371,Premier Gold Mine,Ascot Resources Ltd,mining,-130.0167,56.05,Pacific Maritime,Pacific Drainage Area,NA - 02,Arsenic (and its compounds),kg,On-Site Disposal / Élimination sur le site,Waste Rock,1641.198667,https://www.canada.ca/en/environment-climate-change/services/national-pollutant-release-inventory/tools-resources-data/exploredata.html,POINT (-130.0167 56.05)
npri-2371-2023-32,2023,2371,Premier Gold Mine,Ascot Resources Ltd,mining,-130.0167,56.05,Pacific Maritime,Pacific Drainage Area,NA - 03,Cadmium (and its compounds),kg,On-Site Disposal / Élimination sur le site,Waste Rock,68.294667,https://www.canada.ca/en/environment-climate-change/services/national-pollutant-release-inventory/tools-resources-data/exploredata.html,POINT (-130.0167 56.05)
npri-2371-2023-33,2023,2371,Premier Gold Mine,Ascot Resources Ltd,mining,-130.0167,56.05,Pacific Maritime,Pacific Drainage Area,NA - 05,Cobalt (and its compounds),kg,On-Site Disposal / Élimination sur le site,Waste Rock,53.448,https://www.canada.ca/en/environment-climate-change/services/national-pollutant-release-inventory/tools-resources-data/exploredata.html,POINT (-130.0167 56.05)
npri-2371-2023-34,2023,2371,Premier Gold Mine,Ascot Resources Ltd,mining,-130.0167,56.05,Pacific Maritime,Pacific Drainage Area,NA - 08,Lead (and its compounds),kg,On-Site Disposal / Élimination sur le site,Waste Rock,1452.004,https://www.canada.ca/en/environment-climate-change/services/national-pollutant-release-inventory/tools-resources-data/exploredata.html,POINT (-130.0167 56.05)
npri-2371-2023-35,2023,2371,Premier Gold Mine,Ascot Resources Ltd,mining,-130.0167,56.05,Pacific Maritime,Pacific Drainage Area,NA - 09,Manganese (and its compounds),tonnes,On-Site Disposal / Élimination sur le site,Waste Rock,13.685657,https://www.canada.ca/en/environment-climate-change/services/national-pollutant-release-inventory/tools-resources-data/exploredata.html,POINT (-130.0167 56.05)
npri-33878-2023-57,2023,33878,Goose Property,B2Gold Back River Corp.,mining,-106.429291,65.544927,Southern Arctic,Arctic Drainage Area,NA - 02,Arsenic (and its compounds),kg,On-Site Disposal / Élimination sur le site,Waste Rock,896.9649,https://www.canada.ca/en/environment-climate-change/services/national-pollutant-release-inventory/tools-resources-data/exploredata.html,POINT (-106.429291 65.544927)
npri-33878-2023-58,2023,33878,Goose Property,B2Gold Back River Corp.,mining,-106.429291,65.544927,Southern Arctic,Arctic Drainage Area,NA - 05,Cobalt (and its compounds),kg,On-Site Disposal / Élimination sur le site,Waste Rock,249.5156,https://www.canada.ca/en/environment-climate-change/services/national-pollutant-release-inventory/tools-resources-data/exploredata.html,POINT (-106.429291 65.544927)
npri-33878-2023-59,2023,33878,Goose Property,B2Gold Back River Corp.,mining,-106.429291,65.544927,Southern Arctic,Arctic Drainage Area,NA - 08,Lead (and its compounds),kg,On-Site Disposal / Élimination sur le site,Waste Rock,65.5482,https://www.canada.ca/en/environment-climate-change/services/national-pollutant-release-inventory/tools-resources-data/exploredata.html,POINT (-106.429291 65.544927)
npri-28456-2023-138,2023,28456,Mary River Mine Site,Baffinland Iron Mines,mining,-79.28194,71.3146,Northern Arctic,Western and Northern Hudson Bay Drainage Area,NA - 03,Cadmium (and its compounds),kg,On-Site Disposal / Élimination sur le site,Waste Rock,47.0,https://www.canada.ca/en/environment-climate-change/services/national-pollutant-release-inventory/tools-resources-data/exploredata.html,POINT (-79.28194 71.3146)
npri-28456-2023-139,2023,28456,Mary River Mine Site,Baffinland Iron Mines,mining,-79.28194,71.3146,Northern Arctic,Western and Northern Hudson Bay Drainage Area,NA - 05,Cobalt (and its compounds),kg,On-Site Disposal / Élimination sur le site,Waste Rock,18312.0,https://www.canada.ca/en/environment-climate-change/services/national-pollutant-release-inventory/tools-resources-data/exploredata.html,POINT (-79.28194 71.3146)
npri-28456-2023-140,2023,28456,Mary River Mine Site,Baffinland Iron Mines,mining,-79.28194,71.3146,Northern Arctic,Western and Northern Hudson Bay Drainage Area,NA - 08,Lead (and its compounds),kg,On-Site Disposal / Élimination sur le site,Waste Rock,6638.0,https://www.canada.ca/en/environment-climate-change/services/national-pollutant-release-inventory/tools-resources-data/exploredata.html,POINT (-79.28194 71.3146)
npri-28456-2023-141,2023,28456,Mary River Mine Site,Baffinland Iron Mines,mining,-79.28194,71.3146,Northern Arctic,Western and Northern Hudson Bay Drainage Area,NA - 10,Mercury (and its compounds),kg,On-Site Disposal / Élimination sur le site,Waste Rock,114.0,https://www.canada.ca/en/environment-climate-change/services/national-pollutant-release-inventory/tools-resources-data/exploredata.html,POINT (-79.28194 71.3146)
npri-28456-2023-142,2023,28456,Mary River Mine Site,Baffinland Iron Mines,mining,-79.28194,71.3146,Northern Arctic,Western and Northern Hudson Bay Drainage Area,NA - 12,Selenium (and its compounds),kg,On-Site Disposal / Élimination sur le site,Waste Rock,1145.0,https://www.canada.ca/en/environment-climate-change/services/national-pollutant-release-inventory/tools-resources-data/exploredata.html,POINT (-79.28194 71.3146)
npri-28456-2023-143,2023,28456,Mary River Mine Site,Baffinland Iron Mines,mining,-79.28194,71.3146,Northern Arctic,Western and Northern Hudson Bay Drainage Area,NA - 37,Thallium (and its compounds),kg,On-Site Disposal / Élimination sur le site,Waste Rock,25.0,https://www.canada.ca/en/environment-climate-change/services/national-pollutant-release-inventory/tools-resources-data/exploredata.html,POINT (-79.28194 71.3146)
npri-19397-2023-43,2023,19397,Cigar Lake Operation,Cameco Corporation,mining,-104.542,58.0676,Boreal Shield,Great Slave Lake Drainage Area,NA - 02,Arsenic (and its compounds),kg,On-Site Disposal / Élimination sur le site,Waste Rock,1208.788,https://www.canada.ca/en/environment-climate-change/services/national-pollutant-release-inventory/tools-resources-data/exploredata.html,POINT (-104.542 58.0676)
npri-19397-2023-44,2023,19397,Cigar Lake Operation,Cameco Corporation,mining,-104.542,58.0676,Boreal Shield,Great Slave Lake Drainage Area,NA - 03,Cadmium (and its compounds),kg,On-Site Disposal / Élimination sur le site,Waste Rock,3.963,https://www.canada.ca/en/environment-climate-change/services/national-pollutant-release-inventory/tools-resources-data/exploredata.html,POINT (-104.542 58.0676)
npri-19397-2023-45,2023,19397,Cigar Lake Operation,Cameco Corporation,mining,-104.542,58.0676,Boreal Shield,Great Slave Lake Drainage Area,NA - 05,Cobalt (and its compounds),kg,On-Site Disposal / Élimination sur le site,Waste Rock,1109.707,https://www.canada.ca/en/environment-climate-change/services/national-pollutant-release-inventory/tools-resources-data/exploredata.html,POINT (-104.542 58.0676)
npri-19397-2023-46,2023,19397,Cigar Lake Operation,Cameco Corporation,mining,-104.542,58.0676,Boreal Shield,Great Slave Lake Drainage Area,NA - 08,Lead (and its compounds),kg,On-Site Disposal / Élimination sur le site,Waste Rock,673.751,https://www.canada.ca/en/environment-climate-change/services/national-pollutant-release-inventory/tools-resources-data/exploredata.html,POINT (-104.542 58.0676)
npri-29381-2023-79,2023,29381,Silvertip Mine,Coeur Silvertip Holdings Ltd.,mining,-130.3379,59.92809,Boreal Cordillera,Arctic Drainage Area,NA - 02,Arsenic (and its compounds),kg,On-Site Disposal / Élimination sur le site,Waste Rock,721.6905,https://www.canada.ca/en/environment-climate-change/services/national-pollutant-release-inventory/tools-resources-data/exploredata.html,POINT (-130.3379 59.92809)
npri-29381-2023-80,2023,29381,Silvertip Mine,Coeur Silvertip Holdings Ltd.,mining,-130.3379,59.92809,Boreal Cordillera,Arctic Drainage Area,NA - 03,Cadmium (and its compounds),kg,On-Site Disposal / Élimination sur le site,Waste Rock,390.2164,https://www.canada.ca/en/environment-climate-change/services/national-pollutant-release-inventory/tools-resources-data/exploredata.html,POINT (-130.3379 59.92809)
npri-29381-2023-81,2023,29381,Silvertip Mine,Coeur Silvertip Holdings Ltd.,mining,-130.3379,59.92809,Boreal Cordillera,Arctic Drainage Area,NA - 05,Cobalt (and its compounds),kg,On-Site Disposal / Élimination sur le site,Waste Rock,193.0103,https://www.canada.ca/en/environment-climate-change/services/national-pollutant-release-inventory/tools-resources-data/exploredata.html,POINT (-130.3379 59.92809)
npri-29381-2023-82,2023,29381,Silvertip Mine,Coeur Silvertip Holdings Ltd.,mining,-130.3379,59.92809,Boreal Cordillera,Arctic Drainage Area,NA - 08,Lead (and its compounds),kg,On-Site Disposal / Élimination sur le site,Waste Rock,3155.298,https://www.canada.ca/en/environment-climate-change/services/national-pollutant-release-inventory/tools-resources-data/exploredata.html,POINT (-130.3379 59.92809)
npri-29381-2023-83,2023,29381,Silvertip Mine,Coeur Silvertip Holdings Ltd.,mining,-130.3379,59.92809,Boreal Cordillera,Arctic Drainage Area,NA - 10,Mercury (and its compounds),kg,On-Site Disposal / Élimination sur le site,Waste Rock,16.7835,https://www.canada.ca/en/environment-climate-change/services/national-pollutant-release-inventory/tools-resources-data/exploredata.html,POINT (-130.3379 59.92809)
npri-29381-2023-84,2023,29381,Silvertip Mine,Coeur Silvertip Holdings Ltd.,mining,-130.3379,59.92809,Boreal Cordillera,Arctic Drainage Area,NA - 37,Thallium (and its compounds),kg,On-Site Disposal / Élimination sur le site,Waste Rock,167.835,https://www.canada.ca/en/environment-climate-change/services/national-pollutant-release-inventory/tools-resources-data/exploredata.html,POINT (-130.3379 59.92809)
npri-30807-2023-118,2023,30807,Eldorado Gold (Québec) Inc.,Eldorado Gold (Québec) Inc.,mining,-77.585005,48.094314,Boreal Shield,Southwestern Hudson Bay Drainage Area,NA - 02,Arsenic (and its compounds),kg,On-Site Disposal / Élimination sur le site,Waste Rock,949.0,https://www.canada.ca/en/environment-climate-change/services/national-pollutant-release-inventory/tools-resources-data/exploredata.html,POINT (-77.585005 48.094314)
npri-30807-2023-119,2023,30807,Eldorado Gold (Québec) Inc.,Eldorado Gold (Québec) Inc.,mining,-77.585005,48.094314,Boreal Shield,Southwestern Hudson Bay Drainage Area,NA - 03,Cadmium (and its compounds),kg,On-Site Disposal / Élimination sur le site,Waste Rock,28.0,https://www.canada.ca/en/environment-climate-change/services/national-pollutant-release-inventory/tools-resources-data/exploredata.html,POINT (-77.585005 48.094314)
npri-30807-2023-120,2023,30807,Eldorado Gold (Québec) Inc.,Eldorado Gold (Québec) Inc.,mining,-77.585005,48.094314,Boreal Shield,Southwestern Hudson Bay Drainage Area,NA - 04,Chromium (and its compounds),tonnes,On-Site Disposal / Élimination sur le site,Waste Rock,17.0,https://www.canada.ca/en/environment-climate-change/services/national-pollutant-release-inventory/tools-resources-data/exploredata.html,POINT (-77.585005 48.094314)
npri-30807-2023-121,2023,30807,Eldorado Gold (Québec) Inc.,Eldorado Gold (Québec) Inc.,mining,-77.585005,48.094314,Boreal Shield,Southwestern Hudson Bay Drainage Area,NA - 05,Cobalt (and its compounds),kg,On-Site Disposal / Élimination sur le site,Waste Rock,5163.0,https://www.canada.ca/en/environment-climate-change/services/national-pollutant-release-inventory/tools-resources-data/exploredata.html,POINT (-77.585005 48.094314)
npri-30807-2023-122,2023,30807,Eldorado Gold (Québec) Inc.,Eldorado Gold (Québec) Inc.,mining,-77.585005,48.094314,Boreal Shield,Southwestern Hudson Bay Drainage Area,NA - 06,Copper (and its compounds),tonnes,On-Site Disposal / Élimination sur le site,Waste Rock,17.0,https://www.canada.ca/en/environment-climate-change/services/national-pollutant-release-inventory/tools-resources-data/exploredata.html,POINT (-77.585005 48.094314)
npri-30807-2023-123,2023,30807,Eldorado Gold (Québec) Inc.,Eldorado Gold (Québec) Inc.,mining,-77.585005,48.094314,Boreal Shield,Southwestern Hudson Bay Drainage Area,NA - 08,Lead (and its compounds),kg,On-Site Disposal / Élimination sur le site,Waste Rock,488.0,https://www.canada.ca/en/environment-climate-change/services/national-pollutant-release-inventory/tools-resources-data/exploredata.html,POINT (-77.585005 48.094314)
npri-30807-2023-124,2023,30807,Eldorado Gold (Québec) Inc.,Eldorado Gold (Québec) Inc.,mining,-77.585005,48.094314,Boreal Shield,Southwestern Hudson Bay Drainage Area,NA - 09,Manganese (and its compounds),tonnes,On-Site Disposal / Élimination sur le site,Waste Rock,283.0,https://www.canada.ca/en/environment-climate-change/services/national-pollutant-release-inventory/tools-resources-data/exploredata.html,POINT (-77.585005 48.094314)
npri-30807-2023-125,2023,30807,Eldorado Gold (Québec) Inc.,Eldorado Gold (Québec) Inc.,mining,-77.585005,48.094314,Boreal Shield,Southwestern Hudson Bay Drainage Area,NA - 10,Mercury (and its compounds),kg,On-Site Disposal / Élimination sur le site,Waste Rock,2.2,https://www.canada.ca/en/environment-climate-change/services/national-pollutant-release-inventory/tools-resources-data/exploredata.html,POINT (-77.585005 48.094314)
npri-30807-2023-126,2023,30807,Eldorado Gold (Québec) Inc.,Eldorado Gold (Québec) Inc.,mining,-77.585005,48.094314,Boreal Shield,Southwestern Hudson Bay Drainage Area,NA - 11,Nickel (and its compounds),tonnes,On-Site Disposal / Élimination sur le site,Waste Rock,8.0,https://www.canada.ca/en/environment-climate-change/services/national-pollutant-release-inventory/tools-resources-data/exploredata.html,POINT (-77.585005 48.094314)
npri-30807-2023-127,2023,30807,Eldorado Gold (Québec) Inc.,Eldorado Gold (Québec) Inc.,mining,-77.585005,48.094314,Boreal Shield,Southwestern Hudson Bay Drainage Area,NA - 12,Selenium (and its compounds),kg,On-Site Disposal / Élimination sur le site,Waste Rock,247.0,https://www.canada.ca/en/environment-climate-change/services/national-pollutant-release-inventory/tools-resources-data/exploredata.html,POINT (-77.585005 48.094314)
npri-30807-2023-128,2023,30807,Eldorado Gold (Québec) Inc.,Eldorado Gold (Québec) Inc.,mining,-77.585005,48.094314,Boreal Shield,Southwestern Hudson Bay Drainage Area,NA - 14,Zinc (and its compounds),tonnes,On-Site Disposal / Élimination sur le site,Waste Rock,19.0,https://www.canada.ca/en/environment-climate-change/services/national-pollutant-release-inventory/tools-resources-data/exploredata.html,POINT (-77.585005 48.094314)
npri-2710-2023-119,2023,2710,Red Lake Operation,Evolution Mining Gold Operations Ltd.,mining,-93.74323,51.06183,Boreal Shield,Nelson River Drainage Area,NA - 02,Arsenic (and its compounds),kg,On-Site Disposal / Élimination sur le site,Waste Rock,496209.8564,https://www.canada.ca/en/environment-climate-change/services/national-pollutant-release-inventory/tools-resources-data/exploredata.html,POINT (-93.74323 51.06183)
npri-2710-2023-120,2023,2710,Red Lake Operation,Evolution Mining Gold Operations Ltd.,mining,-93.74323,51.06183,Boreal Shield,Nelson River Drainage Area,NA - 03,Cadmium (and its compounds),kg,On-Site Disposal / Élimination sur le site,Waste Rock,106.5722,https://www.canada.ca/en/environment-climate-change/services/national-pollutant-release-inventory/tools-resources-data/exploredata.html,POINT (-93.74323 51.06183)
npri-2710-2023-121,2023,2710,Red Lake Operation,Evolution Mining Gold Operations Ltd.,mining,-93.74323,51.06183,Boreal Shield,Nelson River Drainage Area,NA - 05,Cobalt (and its compounds),kg,On-Site Disposal / Élimination sur le site,Waste Rock,37503.5576,https://www.canada.ca/en/environment-climate-change/services/national-pollutant-release-inventory/tools-resources-data/exploredata.html,POINT (-93.74323 51.06183)
npri-2710-2023-122,2023,2710,Red Lake Operation,Evolution Mining Gold Operations Ltd.,mining,-93.74323,51.06183,Boreal Shield,Nelson River Drainage Area,NA - 08,Lead (and its compounds),kg,On-Site Disposal / Élimination sur le site,Waste Rock,3092.9396,https://www.canada.ca/en/environment-climate-change/services/national-pollutant-release-inventory/tools-resources-data/exploredata.html,POINT (-93.74323 51.06183)
npri-2710-2023-123,2023,2710,Red Lake Operation,Evolution Mining Gold Operations Ltd.,mining,-93.74323,51.06183,Boreal Shield,Nelson River Drainage Area,NA - 10,Mercury (and its compounds),kg,On-Site Disposal / Élimination sur le site,Waste Rock,189.0151,https://www.canada.ca/en/environment-climate-change/services/national-pollutant-release-inventory/tools-resources-data/exploredata.html,POINT (-93.74323 51.06183)
npri-2710-2023-124,2023,2710,Red Lake Operation,Evolution Mining Gold Operations Ltd.,mining,-93.74323,51.06183,Boreal Shield,Nelson River Drainage Area,NA - 12,Selenium (and its compounds),kg,On-Site Disposal / Élimination sur le site,Waste Rock,223.1223,https://www.canada.ca/en/environment-climate-change/services/national-pollutant-release-inventory/tools-resources-data/exploredata.html,POINT (-93.74323 51.06183)
npri-2710-2023-125,2023,2710,Red Lake Operation,Evolution Mining Gold Operations Ltd.,mining,-93.74323,51.06183,Boreal Shield,Nelson River Drainage Area,NA - 37,Thallium (and its compounds),kg,On-Site Disposal / Élimination sur le site,Waste Rock,248.8412,https://www.canada.ca/en/environment-climate-change/services/national-pollutant-release-inventory/tools-resources-data/exploredata.html,POINT (-93.74323 51.06183)
npri-1303-2023-146,2023,1303,Gibraltar Mine (SFO),Gibraltar Mines Ltd.,mining,-122.2851,52.5299,Montane Cordillera,Pacific Drainage Area,NA - 02,Arsenic (and its compounds),kg,On-Site Disposal / Élimination sur le site,Waste Rock,21497.66785,https://www.canada.ca/en/environment-climate-change/services/national-pollutant-release-inventory/tools-resources-data/exploredata.html,POINT (-122.2851 52.5299)
npri-1303-2023-147,2023,1303,Gibraltar Mine (SFO),Gibraltar Mines Ltd.,mining,-122.2851,52.5299,Montane Cordillera,Pacific Drainage Area,NA - 03,Cadmium (and its compounds),kg,On-Site Disposal / Élimination sur le site,Waste Rock,1706.684486,https://www.canada.ca/en/environment-climate-change/services/national-pollutant-release-inventory/tools-resources-data/exploredata.html,POINT (-122.2851 52.5299)
npri-1303-2023-148,2023,1303,Gibraltar Mine (SFO),Gibraltar Mines Ltd.,mining,-122.2851,52.5299,Montane Cordillera,Pacific Drainage Area,NA - 04,Chromium (and its compounds),tonnes,On-Site Disposal / Élimination sur le site,Waste Rock,289.503058,https://www.canada.ca/en/environment-climate-change/services/national-pollutant-release-inventory/tools-resources-data/exploredata.html,POINT (-122.2851 52.5299)
npri-1303-2023-149,2023,1303,Gibraltar Mine (SFO),Gibraltar Mines Ltd.,mining,-122.2851,52.5299,Montane Cordillera,Pacific Drainage Area,NA - 05,Cobalt (and its compounds),kg,On-Site Disposal / Élimination sur le site,Waste Rock,288695.457842,https://www.canada.ca/en/environment-climate-change/services/national-pollutant-release-inventory/tools-resources-data/exploredata.html,POINT (-122.2851 52.5299)
npri-1303-2023-150,2023,1303,Gibraltar Mine (SFO),Gibraltar Mines Ltd.,mining,-122.2851,52.5299,Montane Cordillera,Pacific Drainage Area,NA - 06,Copper (and its compounds),tonnes,On-Site Disposal / Élimination sur le site,Waste Rock,33361.32916,https://www.canada.ca/en/environment-climate-change/services/national-pollutant-release-inventory/tools-resources-data/exploredata.html,POINT (-122.2851 52.5299)
npri-1303-2023-151,2023,1303,Gibraltar Mine (SFO),Gibraltar Mines Ltd.,mining,-122.2851,52.5299,Montane Cordillera,Pacific Drainage Area,NA - 08,Lead (and its compounds),kg,On-Site Disposal / Élimination sur le site,Waste Rock,100633.173608,https://www.canada.ca/en/environment-climate-change/services/national-pollutant-release-inventory/tools-resources-data/exploredata.html,POINT (-122.2851 52.5299)
npri-1303-2023-152,2023,1303,Gibraltar Mine (SFO),Gibraltar Mines Ltd.,mining,-122.2851,52.5299,Montane Cordillera,Pacific Drainage Area,NA - 09,Manganese (and its compounds),tonnes,On-Site Disposal / Élimination sur le site,Waste Rock,13546.159877,https://www.canada.ca/en/environment-climate-change/services/national-pollutant-release-inventory/tools-resources-data/exploredata.html,POINT (-122.2851 52.5299)
npri-1303-2023-153,2023,1303,Gibraltar Mine (SFO),Gibraltar Mines Ltd.,mining,-122.2851,52.5299,Montane Cordillera,Pacific Drainage Area,NA - 10,Mercury (and its compounds),kg,On-Site Disposal / Élimination sur le site,Waste Rock,134.371482,https://www.canada.ca/en/environment-climate-change/services/national-pollutant-release-inventory/tools-resources-data/exploredata.html,POINT (-122.2851 52.5299)
npri-1303-2023-154,2023,1303,Gibraltar Mine (SFO),Gibraltar Mines Ltd.,mining,-122.2851,52.5299,Montane Cordillera,Pacific Drainage Area,NA - 11,Nickel (and its compounds),tonnes,On-Site Disposal / Élimination sur le site,Waste Rock,191.377335,https://www.canada.ca/en/environment-climate-change/services/national-pollutant-release-inventory/tools-resources-data/exploredata.html,POINT (-122.2851 52.5299)
npri-1303-2023-155,2023,1303,Gibraltar Mine (SFO),Gibraltar Mines Ltd.,mining,-122.2851,52.5299,Montane Cordillera,Pacific Drainage Area,NA - 12,Selenium (and its compounds),kg,On-Site Disposal / Élimination sur le site,Waste Rock,39041.021667,https://www.canada.ca/en/environment-climate-change/services/national-pollutant-release-inventory/tools-resources-data/exploredata.html,POINT (-122.2851 52.5299)
npri-1303-2023-156,2023,1303,Gibraltar Mine (SFO),Gibraltar Mines Ltd.,mining,-122.2851,52.5299,Montane Cordillera,Pacific Drainage Area,NA - 13,Silver (and its compounds),tonnes,On-Site Disposal / Élimination sur le site,Waste Rock,7.30495,https://www.canada.ca/en/environment-climate-change/services/national-pollutant-release-inventory/tools-resources-data/exploredata.html,POINT (-122.2851 52.5299)
npri-1303-2023-157,2023,1303,Gibraltar Mine (SFO),Gibraltar Mines Ltd.,mining,-122.2851,52.5299,Montane Cordillera,Pacific Drainage Area,NA - 37,Thallium (and its compounds),kg,On-Site Disposal / Élimination sur le site,Waste Rock,2928.432708,https://www.canada.ca/en/environment-climate-change/services/national-pollutant-release-inventory/tools-resources-data/exploredata.html,POINT (-122.2851 52.5299)
npri-1303-2023-158,2023,1303,Gibraltar Mine (SFO),Gibraltar Mines Ltd.,mining,-122.2851,52.5299,Montane Cordillera,Pacific Drainage Area,NA - 40,Vanadium (and its compounds),tonnes,On-Site Disposal / Élimination sur le site,Waste Rock,1997.213371,https://www.canada.ca/en/environment-climate-change/services/national-pollutant-release-inventory/tools-resources-data/exploredata.html,POINT (-122.2851 52.5299)
npri-1303-2023-159,2023,1303,Gibraltar Mine (SFO),Gibraltar Mines Ltd.,mining,-122.2851,52.5299,Montane Cordillera,Pacific Drainage Area,NA - 14,Zinc (and its compounds),tonnes,On-Site Disposal / Élimination sur le site,Waste Rock,1455.519737,https://www.canada.ca/en/environment-climate-change/services/national-pollutant-release-inventory/tools-resources-data/exploredata.html,POINT (-122.2851 52.5299)
npri-5448-2023-196,2023,5448,Mine Raglan,Glencore,mining,-73.6666,61.6916,Northern Arctic,Northern Québec and Labrador Drainage Area,NA - 02,Arsenic (and its compounds),kg,On-Site Disposal / Élimination sur le site,Waste Rock,6859.6335,https://www.canada.ca/en/environment-climate-change/services/national-pollutant-release-inventory/tools-resources-data/exploredata.html,POINT (-73.6666 61.6916)
npri-5448-2023-197,2023,5448,Mine Raglan,Glencore,mining,-73.6666,61.6916,Northern Arctic,Northern Québec and Labrador Drainage Area,NA - 03,Cadmium (and its compounds),kg,On-Site Disposal / Élimination sur le site,Waste Rock,926.392,https://www.canada.ca/en/environment-climate-change/services/national-pollutant-release-inventory/tools-resources-data/exploredata.html,POINT (-73.6666 61.6916)
npri-5448-2023-198,2023,5448,Mine Raglan,Glencore,mining,-73.6666,61.6916,Northern Arctic,Northern Québec and Labrador Drainage Area,NA - 04,Chromium (and its compounds),tonnes,On-Site Disposal / Élimination sur le site,Waste Rock,1478.069,https://www.canada.ca/en/environment-climate-change/services/national-pollutant-release-inventory/tools-resources-data/exploredata.html,POINT (-73.6666 61.6916)
npri-5448-2023-199,2023,5448,Mine Raglan,Glencore,mining,-73.6666,61.6916,Northern Arctic,Northern Québec and Labrador Drainage Area,NA - 05,Cobalt (and its compounds),kg,On-Site Disposal / Élimination sur le site,Waste Rock,142035.4341,https://www.canada.ca/en/environment-climate-change/services/national-pollutant-release-inventory/tools-resources-data/exploredata.html,POINT (-73.6666 61.6916)
npri-5448-2023-200,2023,5448,Mine Raglan,Glencore,mining,-73.6666,61.6916,Northern Arctic,Northern Québec and Labrador Drainage Area,NA - 06,Copper (and its compounds),tonnes,On-Site Disposal / Élimination sur le site,Waste Rock,1315.341,https://www.canada.ca/en/environment-climate-change/services/national-pollutant-release-inventory/tools-resources-data/exploredata.html,POINT (-73.6666 61.6916)
npri-5448-2023-201,2023,5448,Mine Raglan,Glencore,mining,-73.6666,61.6916,Northern Arctic,Northern Québec and Labrador Drainage Area,NA - 08,Lead (and its compounds),kg,On-Site Disposal / Élimination sur le site,Waste Rock,6654.53,https://www.canada.ca/en/environment-climate-change/services/national-pollutant-release-inventory/tools-resources-data/exploredata.html,POINT (-73.6666 61.6916)
npri-5448-2023-202,2023,5448,Mine Raglan,Glencore,mining,-73.6666,61.6916,Northern Arctic,Northern Québec and Labrador Drainage Area,NA - 09,Manganese (and its compounds),tonnes,On-Site Disposal / Élimination sur le site,Waste Rock,1104.32,https://www.canada.ca/en/environment-climate-change/services/national-pollutant-release-inventory/tools-resources-data/exploredata.html,POINT (-73.6666 61.6916)
npri-5448-2023-203,2023,5448,Mine Raglan,Glencore,mining,-73.6666,61.6916,Northern Arctic,Northern Québec and Labrador Drainage Area,NA - 11,Nickel (and its compounds),tonnes,On-Site Disposal / Élimination sur le site,Waste Rock,3896.23,https://www.canada.ca/en/environment-climate-change/services/national-pollutant-release-inventory/tools-resources-data/exploredata.html,POINT (-73.6666 61.6916)
npri-5448-2023-204,2023,5448,Mine Raglan,Glencore,mining,-73.6666,61.6916,Northern Arctic,Northern Québec and Labrador Drainage Area,NA - 12,Selenium (and its compounds),kg,On-Site Disposal / Élimination sur le site,Waste Rock,4067.922,https://www.canada.ca/en/environment-climate-change/services/national-pollutant-release-inventory/tools-resources-data/exploredata.html,POINT (-73.6666 61.6916)
npri-5448-2023-205,2023,5448,Mine Raglan,Glencore,mining,-73.6666,61.6916,Northern Arctic,Northern Québec and Labrador Drainage Area,NA - 37,Thallium (and its compounds),kg,On-Site Disposal / Élimination sur le site,Waste Rock,2412.266,https://www.canada.ca/en/environment-climate-change/services/national-pollutant-release-inventory/tools-resources-data/exploredata.html,POINT (-73.6666 61.6916)
npri-5448-2023-206,2023,5448,Mine Raglan,Glencore,mining,-73.6666,61.6916,Northern Arctic,Northern Québec and Labrador Drainage Area,NA - 40,Vanadium (and its compounds),tonnes,On-Site Disposal / Élimination sur le site,Waste Rock,138.674,https://www.canada.ca/en/environment-climate-change/services/national-pollutant-release-inventory/tools-resources-data/exploredata.html,POINT (-73.6666 61.6916)
npri-5448-2023-207,2023,5448,Mine Raglan,Glencore,mining,-73.6666,61.6916,Northern Arctic,Northern Québec and Labrador Drainage Area,NA - 14,Zinc (and its compounds),tonnes,On-Site Disposal / Élimination sur le site,Waste Rock,88.055,https://www.canada.ca/en/environment-climate-change/services/national-pollutant-release-inventory/tools-resources-data/exploredata.html,POINT (-73.6666 61.6916)
npri-1233-2023-171,2023,1233,Sudbury Operations Mines Mill - Onaping Area,Glencore Canada Corporation,mining,-81.3425,46.6742,Boreal Shield,St. Lawrence Drainage Area,NA - 02,Arsenic (and its compounds),kg,On-Site Disposal / Élimination sur le site,Waste Rock,26.068,https://www.canada.ca/en/environment-climate-change/services/national-pollutant-release-inventory/tools-resources-data/exploredata.html,POINT (-81.3425 46.6742)
npri-11588-2023-82,2023,11588,Nickel Rim South Mine,Glencore Canada Corporation,mining,-80.7972,46.658,Boreal Shield,St. Lawrence Drainage Area,NA - 02,Arsenic (and its compounds),kg,On-Site Disposal / Élimination sur le site,Waste Rock,41.687,https://www.canada.ca/en/environment-climate-change/services/national-pollutant-release-inventory/tools-resources-data/exploredata.html,POINT (-80.7972 46.658)
npri-1233-2023-172,2023,1233,Sudbury Operations Mines Mill - Onaping Area,Glencore Canada Corporation,mining,-81.3425,46.6742,Boreal Shield,St. Lawrence Drainage Area,NA - 03,Cadmium (and its compounds),kg,On-Site Disposal / Élimination sur le site,Waste Rock,9.384,https://www.canada.ca/en/environment-climate-change/services/national-pollutant-release-inventory/tools-resources-data/exploredata.html,POINT (-81.3425 46.6742)
npri-11588-2023-83,2023,11588,Nickel Rim South Mine,Glencore Canada Corporation,mining,-80.7972,46.658,Boreal Shield,St. Lawrence Drainage Area,NA - 03,Cadmium (and its compounds),kg,On-Site Disposal / Élimination sur le site,Waste Rock,25.429,https://www.canada.ca/en/environment-climate-change/services/national-pollutant-release-inventory/tools-resources-data/exploredata.html,POINT (-80.7972 46.658)
npri-1233-2023-173,2023,1233,Sudbury Operations Mines Mill - Onaping Area,Glencore Canada Corporation,mining,-81.3425,46.6742,Boreal Shield,St. Lawrence Drainage Area,NA - 05,Cobalt (and its compounds),kg,On-Site Disposal / Élimination sur le site,Waste Rock,4900.784,https://www.canada.ca/en/environment-climate-change/services/national-pollutant-release-inventory/tools-resources-data/exploredata.html,POINT (-81.3425 46.6742)
npri-11588-2023-84,2023,11588,Nickel Rim South Mine,Glencore Canada Corporation,mining,-80.7972,46.658,Boreal Shield,St. Lawrence Drainage Area,NA - 05,Cobalt (and its compounds),kg,On-Site Disposal / Élimination sur le site,Waste Rock,1417.358,https://www.canada.ca/en/environment-climate-change/services/national-pollutant-release-inventory/tools-resources-data/exploredata.html,POINT (-80.7972 46.658)
npri-1233-2023-174,2023,1233,Sudbury Operations Mines Mill - Onaping Area,Glencore Canada Corporation,mining,-81.3425,46.6742,Boreal Shield,St. Lawrence Drainage Area,NA - 08,Lead (and its compounds),kg,On-Site Disposal / Élimination sur le site,Waste Rock,1167.846,https://www.canada.ca/en/environment-climate-change/services/national-pollutant-release-inventory/tools-resources-data/exploredata.html,POINT (-81.3425 46.6742)
npri-11588-2023-85,2023,11588,Nickel Rim South Mine,Glencore Canada Corporation,mining,-80.7972,46.658,Boreal Shield,St. Lawrence Drainage Area,NA - 08,Lead (and its compounds),kg,On-Site Disposal / Élimination sur le site,Waste Rock,1500.732,https://www.canada.ca/en/environment-climate-change/services/national-pollutant-release-inventory/tools-resources-data/exploredata.html,POINT (-80.7972 46.658)
npri-11588-2023-86,2023,11588,Nickel Rim South Mine,Glencore Canada Corporation,mining,-80.7972,46.658,Boreal Shield,St. Lawrence Drainage Area,NA - 12,Selenium (and its compounds),kg,On-Site Disposal / Élimination sur le site,Waste Rock,70.868,https://www.canada.ca/en/environment-climate-change/services/national-pollutant-release-inventory/tools-resources-data/exploredata.html,POINT (-80.7972 46.658)
npri-11588-2023-87,2023,11588,Nickel Rim South Mine,Glencore Canada Corporation,mining,-80.7972,46.658,Boreal Shield,St. Lawrence Drainage Area,NA - 37,Thallium (and its compounds),kg,On-Site Disposal / Élimination sur le site,Waste Rock,18.342,https://www.canada.ca/en/environment-climate-change/services/national-pollutant-release-inventory/tools-resources-data/exploredata.html,POINT (-80.7972 46.658)
npri-1941-2023-169,2023,1941,Porcupine Gold Mines,GOLDCORP CANADA LTD,mining,-81.2475,48.4633,Boreal Shield,Southwestern Hudson Bay Drainage Area,NA - 02,Arsenic (and its compounds),kg,On-Site Disposal / Élimination sur le site,Waste Rock,253021.727,https://www.canada.ca/en/environment-climate-change/services/national-pollutant-release-inventory/tools-resources-data/exploredata.html,POINT (-81.2475 48.4633)
npri-5656-2023-143,2023,5656,Musselwhite Mine,GOLDCORP CANADA LTD,mining,-90.3682,52.6039,Boreal Shield,Southwestern Hudson Bay Drainage Area,NA - 02,Arsenic (and its compounds),kg,On-Site Disposal / Élimination sur le site,Waste Rock,4065.95,https://www.canada.ca/en/environment-climate-change/services/national-pollutant-release-inventory/tools-resources-data/exploredata.html,POINT (-90.3682 52.6039)
npri-8803-2023-154,2023,8803,Mine Éléonore,Goldcorp Canada Ltd,mining,-76.05828,52.69871,Hudson Plain,Northern Québec and Labrador Drainage Area,NA - 02,Arsenic (and its compounds),kg,On-Site Disposal / Élimination sur le site,Waste Rock,147928.0,https://www.canada.ca/en/environment-climate-change/services/national-pollutant-release-inventory/tools-resources-data/exploredata.html,POINT (-76.05828 52.69871)
npri-1941-2023-170,2023,1941,Porcupine Gold Mines,GOLDCORP CANADA LTD,mining,-81.2475,48.4633,Boreal Shield,Southwestern Hudson Bay Drainage Area,NA - 03,Cadmium (and its compounds),kg,On-Site Disposal / Élimination sur le site,Waste Rock,1727.664,https://www.canada.ca/en/environment-climate-change/services/national-pollutant-release-inventory/tools-resources-data/exploredata.html,POINT (-81.2475 48.4633)
npri-8803-2023-155,2023,8803,Mine Éléonore,Goldcorp Canada Ltd,mining,-76.05828,52.69871,Hudson Plain,Northern Québec and Labrador Drainage Area,NA - 03,Cadmium (and its compounds),kg,On-Site Disposal / Élimination sur le site,Waste Rock,16.6,https://www.canada.ca/en/environment-climate-change/services/national-pollutant-release-inventory/tools-resources-data/exploredata.html,POINT (-76.05828 52.69871)
npri-1941-2023-171,2023,1941,Porcupine Gold Mines,GOLDCORP CANADA LTD,mining,-81.2475,48.4633,Boreal Shield,Southwestern Hudson Bay Drainage Area,NA - 05,Cobalt (and its compounds),kg,On-Site Disposal / Élimination sur le site,Waste Rock,130464.328,https://www.canada.ca/en/environment-climate-change/services/national-pollutant-release-inventory/tools-resources-data/exploredata.html,POINT (-81.2475 48.4633)
npri-8803-2023-156,2023,8803,Mine Éléonore,Goldcorp Canada Ltd,mining,-76.05828,52.69871,Hudson Plain,Northern Québec and Labrador Drainage Area,NA - 05,Cobalt (and its compounds),kg,On-Site Disposal / Élimination sur le site,Waste Rock,6888.2,https://www.canada.ca/en/environment-climate-change/services/national-pollutant-release-inventory/tools-resources-data/exploredata.html,POINT (-76.05828 52.69871)
npri-1941-2023-172,2023,1941,Porcupine Gold Mines,GOLDCORP CANADA LTD,mining,-81.2475,48.4633,Boreal Shield,Southwestern Hudson Bay Drainage Area,NA - 08,Lead (and its compounds),kg,On-Site Disposal / Élimination sur le site,Waste Rock,37615.567,https://www.canada.ca/en/environment-climate-change/services/national-pollutant-release-inventory/tools-resources-data/exploredata.html,POINT (-81.2475 48.4633)
npri-8803-2023-157,2023,8803,Mine Éléonore,Goldcorp Canada Ltd,mining,-76.05828,52.69871,Hudson Plain,Northern Québec and Labrador Drainage Area,NA - 08,Lead (and its compounds),kg,On-Site Disposal / Élimination sur le site,Waste Rock,3782.29,https://www.canada.ca/en/environment-climate-change/services/national-pollutant-release-inventory/tools-resources-data/exploredata.html,POINT (-76.05828 52.69871)
npri-1941-2023-173,2023,1941,Porcupine Gold Mines,GOLDCORP CANADA LTD,mining,-81.2475,48.4633,Boreal Shield,Southwestern Hudson Bay Drainage Area,NA - 10,Mercury (and its compounds),kg,On-Site Disposal / Élimination sur le site,Waste Rock,541.321,https://www.canada.ca/en/environment-climate-change/services/national-pollutant-release-inventory/tools-resources-data/exploredata.html,POINT (-81.2475 48.4633)
npri-8803-2023-158,2023,8803,Mine Éléonore,Goldcorp Canada Ltd,mining,-76.05828,52.69871,Hudson Plain,Northern Québec and Labrador Drainage Area,NA - 10,Mercury (and its compounds),kg,On-Site Disposal / Élimination sur le site,Waste Rock,2.55,https://www.canada.ca/en/environment-climate-change/services/national-pollutant-release-inventory/tools-resources-data/exploredata.html,POINT (-76.05828 52.69871)
npri-1941-2023-174,2023,1941,Porcupine Gold Mines,GOLDCORP CANADA LTD,mining,-81.2475,48.4633,Boreal Shield,Southwestern Hudson Bay Drainage Area,NA - 12,Selenium (and its compounds),kg,On-Site Disposal / Élimination sur le site,Waste Rock,1581.386,https://www.canada.ca/en/environment-climate-change/services/national-pollutant-release-inventory/tools-resources-data/exploredata.html,POINT (-81.2475 48.4633)
npri-5656-2023-144,2023,5656,Musselwhite Mine,GOLDCORP CANADA LTD,mining,-90.3682,52.6039,Boreal Shield,Southwestern Hudson Bay Drainage Area,NA - 12,Selenium (and its compounds),kg,On-Site Disposal / Élimination sur le site,Waste Rock,3.95,https://www.canada.ca/en/environment-climate-change/services/national-pollutant-release-inventory/tools-resources-data/exploredata.html,POINT (-90.3682 52.6039)
npri-8803-2023-159,2023,8803,Mine Éléonore,Goldcorp Canada Ltd,mining,-76.05828,52.69871,Hudson Plain,Northern Québec and Labrador Drainage Area,NA - 12,Selenium (and its compounds),kg,On-Site Disposal / Élimination sur le site,Waste Rock,548.65,https://www.canada.ca/en/environment-climate-change/services/national-pollutant-release-inventory/tools-resources-data/exploredata.html,POINT (-76.05828 52.69871)
npri-1941-2023-175,2023,1941,Porcupine Gold Mines,GOLDCORP CANADA LTD,mining,-81.2475,48.4633,Boreal Shield,Southwestern Hudson Bay Drainage Area,NA - 37,Thallium (and its compounds),kg,On-Site Disposal / Élimination sur le site,Waste Rock,401.097,https://www.canada.ca/en/environment-climate-change/services/national-pollutant-release-inventory/tools-resources-data/exploredata.html,POINT (-81.2475 48.4633)
npri-5656-2023-145,2023,5656,Musselwhite Mine,GOLDCORP CANADA LTD,mining,-90.3682,52.6039,Boreal Shield,Southwestern Hudson Bay Drainage Area,NA - 37,Thallium (and its compounds),kg,On-Site Disposal / Élimination sur le site,Waste Rock,135.485,https://www.canada.ca/en/environment-climate-change/services/national-pollutant-release-inventory/tools-resources-data/exploredata.html,POINT (-90.3682 52.6039)
npri-8803-2023-160,2023,8803,Mine Éléonore,Goldcorp Canada Ltd,mining,-76.05828,52.69871,Hudson Plain,Northern Québec and Labrador Drainage Area,NA - 37,Thallium (and its compounds),kg,On-Site Disposal / Élimination sur le site,Waste Rock,408.68,https://www.canada.ca/en/environment-climate-change/services/national-pollutant-release-inventory/tools-resources-data/exploredata.html,POINT (-76.05828 52.69871)
npri-29815-2023-64,2023,29815,Bradshaw Gold Mine,Gowest Gold Ltd.,mining,-81.17775,48.74516,Boreal Shield,Southwestern Hudson Bay Drainage Area,NA - 02,Arsenic (and its compounds),kg,On-Site Disposal / Élimination sur le site,Waste Rock,379407.5,https://www.canada.ca/en/environment-climate-change/services/national-pollutant-release-inventory/tools-resources-data/exploredata.html,POINT (-81.17775 48.74516)
npri-29815-2023-65,2023,29815,Bradshaw Gold Mine,Gowest Gold Ltd.,mining,-81.17775,48.74516,Boreal Shield,Southwestern Hudson Bay Drainage Area,NA - 03,Cadmium (and its compounds),kg,On-Site Disposal / Élimination sur le site,Waste Rock,288.3497,https://www.canada.ca/en/environment-climate-change/services/national-pollutant-release-inventory/tools-resources-data/exploredata.html,POINT (-81.17775 48.74516)
npri-29815-2023-66,2023,29815,Bradshaw Gold Mine,Gowest Gold Ltd.,mining,-81.17775,48.74516,Boreal Shield,Southwestern Hudson Bay Drainage Area,NA - 05,Cobalt (and its compounds),kg,On-Site Disposal / Élimination sur le site,Waste Rock,18211.56,https://www.canada.ca/en/environment-climate-change/services/national-pollutant-release-inventory/tools-resources-data/exploredata.html,POINT (-81.17775 48.74516)
npri-29815-2023-67,2023,29815,Bradshaw Gold Mine,Gowest Gold Ltd.,mining,-81.17775,48.74516,Boreal Shield,Southwestern Hudson Bay Drainage Area,NA - 08,Lead (and its compounds),kg,On-Site Disposal / Élimination sur le site,Waste Rock,5311.705,https://www.canada.ca/en/environment-climate-change/services/national-pollutant-release-inventory/tools-resources-data/exploredata.html,POINT (-81.17775 48.74516)
npri-29815-2023-68,2023,29815,Bradshaw Gold Mine,Gowest Gold Ltd.,mining,-81.17775,48.74516,Boreal Shield,Southwestern Hudson Bay Drainage Area,NA - 12,Selenium (and its compounds),kg,On-Site Disposal / Élimination sur le site,Waste Rock,956.1069,https://www.canada.ca/en/environment-climate-change/services/national-pollutant-release-inventory/tools-resources-data/exploredata.html,POINT (-81.17775 48.74516)
npri-8600-2023-109,2023,8600,Casa Berardi,Hecla Québec Inc.,mining,-79.1646,49.3357,Boreal Shield,Southwestern Hudson Bay Drainage Area,NA - 02,Arsenic (and its compounds),kg,On-Site Disposal / Élimination sur le site,Waste Rock,650351.64,https://www.canada.ca/en/environment-climate-change/services/national-pollutant-release-inventory/tools-resources-data/exploredata.html,POINT (-79.1646 49.3357)
npri-8600-2023-110,2023,8600,Casa Berardi,Hecla Québec Inc.,mining,-79.1646,49.3357,Boreal Shield,Southwestern Hudson Bay Drainage Area,NA - 03,Cadmium (and its compounds),kg,On-Site Disposal / Élimination sur le site,Waste Rock,728.365,https://www.canada.ca/en/environment-climate-change/services/national-pollutant-release-inventory/tools-resources-data/exploredata.html,POINT (-79.1646 49.3357)
npri-8600-2023-111,2023,8600,Casa Berardi,Hecla Québec Inc.,mining,-79.1646,49.3357,Boreal Shield,Southwestern Hudson Bay Drainage Area,NA - 05,Cobalt (and its compounds),kg,On-Site Disposal / Élimination sur le site,Waste Rock,62403.21,https://www.canada.ca/en/environment-climate-change/services/national-pollutant-release-inventory/tools-resources-data/exploredata.html,POINT (-79.1646 49.3357)
npri-8600-2023-112,2023,8600,Casa Berardi,Hecla Québec Inc.,mining,-79.1646,49.3357,Boreal Shield,Southwestern Hudson Bay Drainage Area,NA - 08,Lead (and its compounds),kg,On-Site Disposal / Élimination sur le site,Waste Rock,24803.8,https://www.canada.ca/en/environment-climate-change/services/national-pollutant-release-inventory/tools-resources-data/exploredata.html,POINT (-79.1646 49.3357)
npri-8600-2023-113,2023,8600,Casa Berardi,Hecla Québec Inc.,mining,-79.1646,49.3357,Boreal Shield,Southwestern Hudson Bay Drainage Area,NA - 10,Mercury (and its compounds),kg,On-Site Disposal / Élimination sur le site,Waste Rock,7.97,https://www.canada.ca/en/environment-climate-change/services/national-pollutant-release-inventory/tools-resources-data/exploredata.html,POINT (-79.1646 49.3357)
npri-8600-2023-114,2023,8600,Casa Berardi,Hecla Québec Inc.,mining,-79.1646,49.3357,Boreal Shield,Southwestern Hudson Bay Drainage Area,NA - 12,Selenium (and its compounds),kg,On-Site Disposal / Élimination sur le site,Waste Rock,787.42,https://www.canada.ca/en/environment-climate-change/services/national-pollutant-release-inventory/tools-resources-data/exploredata.html,POINT (-79.1646 49.3357)
npri-8600-2023-115,2023,8600,Casa Berardi,Hecla Québec Inc.,mining,-79.1646,49.3357,Boreal Shield,Southwestern Hudson Bay Drainage Area,NA - 37,Thallium (and its compounds),kg,On-Site Disposal / Élimination sur le site,Waste Rock,181.11,https://www.canada.ca/en/environment-climate-change/services/national-pollutant-release-inventory/tools-resources-data/exploredata.html,POINT (-79.1646 49.3357)
npri-5102-2023-147,2023,5102,Mount Polley Mine,Imperial Metals Corporation,mining,-121.637,52.5508,Montane Cordillera,Pacific Drainage Area,NA - 01,Antimony (and its compounds),tonnes,On-Site Disposal / Élimination sur le site,Waste Rock,7.35,https://www.canada.ca/en/environment-climate-change/services/national-pollutant-release-inventory/tools-resources-data/exploredata.html,POINT (-121.637 52.5508)
npri-5102-2023-148,2023,5102,Mount Polley Mine,Imperial Metals Corporation,mining,-121.637,52.5508,Montane Cordillera,Pacific Drainage Area,NA - 02,Arsenic (and its compounds),kg,On-Site Disposal / Élimination sur le site,Waste Rock,149754.37,https://www.canada.ca/en/environment-climate-change/services/national-pollutant-release-inventory/tools-resources-data/exploredata.html,POINT (-121.637 52.5508)
npri-5102-2023-149,2023,5102,Mount Polley Mine,Imperial Metals Corporation,mining,-121.637,52.5508,Montane Cordillera,Pacific Drainage Area,NA - 03,Cadmium (and its compounds),kg,On-Site Disposal / Élimination sur le site,Waste Rock,3121.67,https://www.canada.ca/en/environment-climate-change/services/national-pollutant-release-inventory/tools-resources-data/exploredata.html,POINT (-121.637 52.5508)
npri-5102-2023-150,2023,5102,Mount Polley Mine,Imperial Metals Corporation,mining,-121.637,52.5508,Montane Cordillera,Pacific Drainage Area,NA - 04,Chromium (and its compounds),tonnes,On-Site Disposal / Élimination sur le site,Waste Rock,637.04,https://www.canada.ca/en/environment-climate-change/services/national-pollutant-release-inventory/tools-resources-data/exploredata.html,POINT (-121.637 52.5508)
npri-5102-2023-151,2023,5102,Mount Polley Mine,Imperial Metals Corporation,mining,-121.637,52.5508,Montane Cordillera,Pacific Drainage Area,NA - 05,Cobalt (and its compounds),kg,On-Site Disposal / Élimination sur le site,Waste Rock,210868.97,https://www.canada.ca/en/environment-climate-change/services/national-pollutant-release-inventory/tools-resources-data/exploredata.html,POINT (-121.637 52.5508)
npri-5102-2023-152,2023,5102,Mount Polley Mine,Imperial Metals Corporation,mining,-121.637,52.5508,Montane Cordillera,Pacific Drainage Area,NA - 06,Copper (and its compounds),tonnes,On-Site Disposal / Élimination sur le site,Waste Rock,15625.62,https://www.canada.ca/en/environment-climate-change/services/national-pollutant-release-inventory/tools-resources-data/exploredata.html,POINT (-121.637 52.5508)
npri-5102-2023-153,2023,5102,Mount Polley Mine,Imperial Metals Corporation,mining,-121.637,52.5508,Montane Cordillera,Pacific Drainage Area,NA - 08,Lead (and its compounds),kg,On-Site Disposal / Élimination sur le site,Waste Rock,85814.57,https://www.canada.ca/en/environment-climate-change/services/national-pollutant-release-inventory/tools-resources-data/exploredata.html,POINT (-121.637 52.5508)
npri-5102-2023-154,2023,5102,Mount Polley Mine,Imperial Metals Corporation,mining,-121.637,52.5508,Montane Cordillera,Pacific Drainage Area,NA - 09,Manganese (and its compounds),tonnes,On-Site Disposal / Élimination sur le site,Waste Rock,8976.12,https://www.canada.ca/en/environment-climate-change/services/national-pollutant-release-inventory/tools-resources-data/exploredata.html,POINT (-121.637 52.5508)
npri-5102-2023-155,2023,5102,Mount Polley Mine,Imperial Metals Corporation,mining,-121.637,52.5508,Montane Cordillera,Pacific Drainage Area,NA - 10,Mercury (and its compounds),kg,On-Site Disposal / Élimination sur le site,Waste Rock,1514.78,https://www.canada.ca/en/environment-climate-change/services/national-pollutant-release-inventory/tools-resources-data/exploredata.html,POINT (-121.637 52.5508)
npri-5102-2023-156,2023,5102,Mount Polley Mine,Imperial Metals Corporation,mining,-121.637,52.5508,Montane Cordillera,Pacific Drainage Area,NA - 11,Nickel (and its compounds),tonnes,On-Site Disposal / Élimination sur le site,Waste Rock,428.97,https://www.canada.ca/en/environment-climate-change/services/national-pollutant-release-inventory/tools-resources-data/exploredata.html,POINT (-121.637 52.5508)
npri-5102-2023-157,2023,5102,Mount Polley Mine,Imperial Metals Corporation,mining,-121.637,52.5508,Montane Cordillera,Pacific Drainage Area,NA - 22,Phosphorus (total),tonnes,On-Site Disposal / Élimination sur le site,Waste Rock,15022.12,https://www.canada.ca/en/environment-climate-change/services/national-pollutant-release-inventory/tools-resources-data/exploredata.html,POINT (-121.637 52.5508)
npri-5102-2023-158,2023,5102,Mount Polley Mine,Imperial Metals Corporation,mining,-121.637,52.5508,Montane Cordillera,Pacific Drainage Area,NA - 12,Selenium (and its compounds),kg,On-Site Disposal / Élimination sur le site,Waste Rock,27032.63,https://www.canada.ca/en/environment-climate-change/services/national-pollutant-release-inventory/tools-resources-data/exploredata.html,POINT (-121.637 52.5508)
npri-5102-2023-159,2023,5102,Mount Polley Mine,Imperial Metals Corporation,mining,-121.637,52.5508,Montane Cordillera,Pacific Drainage Area,NA - 37,Thallium (and its compounds),kg,On-Site Disposal / Élimination sur le site,Waste Rock,758.04,https://www.canada.ca/en/environment-climate-change/services/national-pollutant-release-inventory/tools-resources-data/exploredata.html,POINT (-121.637 52.5508)
npri-5102-2023-160,2023,5102,Mount Polley Mine,Imperial Metals Corporation,mining,-121.637,52.5508,Montane Cordillera,Pacific Drainage Area,NA - 40,Vanadium (and its compounds),tonnes,On-Site Disposal / Élimination sur le site,Waste Rock,2082.27,https://www.canada.ca/en/environment-climate-change/services/national-pollutant-release-inventory/tools-resources-data/exploredata.html,POINT (-121.637 52.5508)
npri-5102-2023-161,2023,5102,Mount Polley Mine,Imperial Metals Corporation,mining,-121.637,52.5508,Montane Cordillera,Pacific Drainage Area,NA - 14,Zinc (and its compounds),tonnes,On-Site Disposal / Élimination sur le site,Waste Rock,953.97,https://www.canada.ca/en/environment-climate-change/services/national-pollutant-release-inventory/tools-resources-data/exploredata.html,POINT (-121.637 52.5508)
npri-11867-2023-161,2023,11867,Detour Lake Project,Kirkland Lake Gold Inc ,mining,-79.70393,50.0171,Boreal Shield,Southwestern Hudson Bay Drainage Area,NA - 16,Ammonia (total),tonnes,On-Site Disposal / Élimination sur le site,Waste Rock,22.229,https://www.canada.ca/en/environment-climate-change/services/national-pollutant-release-inventory/tools-resources-data/exploredata.html,POINT (-79.70393 50.0171)
npri-11867-2023-162,2023,11867,Detour Lake Project,Kirkland Lake Gold Inc ,mining,-79.70393,50.0171,Boreal Shield,Southwestern Hudson Bay Drainage Area,NA - 01,Antimony (and its compounds),tonnes,On-Site Disposal / Élimination sur le site,Waste Rock,16.63,https://www.canada.ca/en/environment-climate-change/services/national-pollutant-release-inventory/tools-resources-data/exploredata.html,POINT (-79.70393 50.0171)
npri-11867-2023-163,2023,11867,Detour Lake Project,Kirkland Lake Gold Inc ,mining,-79.70393,50.0171,Boreal Shield,Southwestern Hudson Bay Drainage Area,NA - 02,Arsenic (and its compounds),kg,On-Site Disposal / Élimination sur le site,Waste Rock,141798.676,https://www.canada.ca/en/environment-climate-change/services/national-pollutant-release-inventory/tools-resources-data/exploredata.html,POINT (-79.70393 50.0171)
npri-11867-2023-164,2023,11867,Detour Lake Project,Kirkland Lake Gold Inc ,mining,-79.70393,50.0171,Boreal Shield,Southwestern Hudson Bay Drainage Area,NA - 03,Cadmium (and its compounds),kg,On-Site Disposal / Élimination sur le site,Waste Rock,15349.513,https://www.canada.ca/en/environment-climate-change/services/national-pollutant-release-inventory/tools-resources-data/exploredata.html,POINT (-79.70393 50.0171)
npri-11867-2023-165,2023,11867,Detour Lake Project,Kirkland Lake Gold Inc ,mining,-79.70393,50.0171,Boreal Shield,Southwestern Hudson Bay Drainage Area,NA - 04,Chromium (and its compounds),tonnes,On-Site Disposal / Élimination sur le site,Waste Rock,5850.775,https://www.canada.ca/en/environment-climate-change/services/national-pollutant-release-inventory/tools-resources-data/exploredata.html,POINT (-79.70393 50.0171)
npri-11867-2023-166,2023,11867,Detour Lake Project,Kirkland Lake Gold Inc ,mining,-79.70393,50.0171,Boreal Shield,Southwestern Hudson Bay Drainage Area,NA - 05,Cobalt (and its compounds),kg,On-Site Disposal / Élimination sur le site,Waste Rock,1553510.369,https://www.canada.ca/en/environment-climate-change/services/national-pollutant-release-inventory/tools-resources-data/exploredata.html,POINT (-79.70393 50.0171)
npri-11867-2023-167,2023,11867,Detour Lake Project,Kirkland Lake Gold Inc ,mining,-79.70393,50.0171,Boreal Shield,Southwestern Hudson Bay Drainage Area,NA - 06,Copper (and its compounds),tonnes,On-Site Disposal / Élimination sur le site,Waste Rock,9616.644,https://www.canada.ca/en/environment-climate-change/services/national-pollutant-release-inventory/tools-resources-data/exploredata.html,POINT (-79.70393 50.0171)
npri-11867-2023-168,2023,11867,Detour Lake Project,Kirkland Lake Gold Inc ,mining,-79.70393,50.0171,Boreal Shield,Southwestern Hudson Bay Drainage Area,NA - 08,Lead (and its compounds),kg,On-Site Disposal / Élimination sur le site,Waste Rock,116742.772,https://www.canada.ca/en/environment-climate-change/services/national-pollutant-release-inventory/tools-resources-data/exploredata.html,POINT (-79.70393 50.0171)
npri-11867-2023-169,2023,11867,Detour Lake Project,Kirkland Lake Gold Inc ,mining,-79.70393,50.0171,Boreal Shield,Southwestern Hudson Bay Drainage Area,NA - 09,Manganese (and its compounds),tonnes,On-Site Disposal / Élimination sur le site,Waste Rock,30515.541,https://www.canada.ca/en/environment-climate-change/services/national-pollutant-release-inventory/tools-resources-data/exploredata.html,POINT (-79.70393 50.0171)
npri-11867-2023-170,2023,11867,Detour Lake Project,Kirkland Lake Gold Inc ,mining,-79.70393,50.0171,Boreal Shield,Southwestern Hudson Bay Drainage Area,NA - 10,Mercury (and its compounds),kg,On-Site Disposal / Élimination sur le site,Waste Rock,8206.917,https://www.canada.ca/en/environment-climate-change/services/national-pollutant-release-inventory/tools-resources-data/exploredata.html,POINT (-79.70393 50.0171)
npri-11867-2023-171,2023,11867,Detour Lake Project,Kirkland Lake Gold Inc ,mining,-79.70393,50.0171,Boreal Shield,Southwestern Hudson Bay Drainage Area,NA - 11,Nickel (and its compounds),tonnes,On-Site Disposal / Élimination sur le site,Waste Rock,2952.827,https://www.canada.ca/en/environment-climate-change/services/national-pollutant-release-inventory/tools-resources-data/exploredata.html,POINT (-79.70393 50.0171)
npri-11867-2023-172,2023,11867,Detour Lake Project,Kirkland Lake Gold Inc ,mining,-79.70393,50.0171,Boreal Shield,Southwestern Hudson Bay Drainage Area,NA - 22,Phosphorus (total),tonnes,On-Site Disposal / Élimination sur le site,Waste Rock,35494.57,https://www.canada.ca/en/environment-climate-change/services/national-pollutant-release-inventory/tools-resources-data/exploredata.html,POINT (-79.70393 50.0171)
npri-11867-2023-173,2023,11867,Detour Lake Project,Kirkland Lake Gold Inc ,mining,-79.70393,50.0171,Boreal Shield,Southwestern Hudson Bay Drainage Area,NA - 12,Selenium (and its compounds),kg,On-Site Disposal / Élimination sur le site,Waste Rock,20842.964,https://www.canada.ca/en/environment-climate-change/services/national-pollutant-release-inventory/tools-resources-data/exploredata.html,POINT (-79.70393 50.0171)
npri-11867-2023-174,2023,11867,Detour Lake Project,Kirkland Lake Gold Inc ,mining,-79.70393,50.0171,Boreal Shield,Southwestern Hudson Bay Drainage Area,NA - 13,Silver (and its compounds),tonnes,On-Site Disposal / Élimination sur le site,Waste Rock,17.905,https://www.canada.ca/en/environment-climate-change/services/national-pollutant-release-inventory/tools-resources-data/exploredata.html,POINT (-79.70393 50.0171)
npri-11867-2023-175,2023,11867,Detour Lake Project,Kirkland Lake Gold Inc ,mining,-79.70393,50.0171,Boreal Shield,Southwestern Hudson Bay Drainage Area,NA - 37,Thallium (and its compounds),kg,On-Site Disposal / Élimination sur le site,Waste Rock,9978.015,https://www.canada.ca/en/environment-climate-change/services/national-pollutant-release-inventory/tools-resources-data/exploredata.html,POINT (-79.70393 50.0171)
npri-11867-2023-176,2023,11867,Detour Lake Project,Kirkland Lake Gold Inc ,mining,-79.70393,50.0171,Boreal Shield,Southwestern Hudson Bay Drainage Area,NA - 40,Vanadium (and its compounds),tonnes,On-Site Disposal / Élimination sur le site,Waste Rock,4393.431,https://www.canada.ca/en/environment-climate-change/services/national-pollutant-release-inventory/tools-resources-data/exploredata.html,POINT (-79.70393 50.0171)
npri-11867-2023-177,2023,11867,Detour Lake Project,Kirkland Lake Gold Inc ,mining,-79.70393,50.0171,Boreal Shield,Southwestern Hudson Bay Drainage Area,NA - 14,Zinc (and its compounds),tonnes,On-Site Disposal / Élimination sur le site,Waste Rock,2881.872,https://www.canada.ca/en/environment-climate-change/services/national-pollutant-release-inventory/tools-resources-data/exploredata.html,POINT (-79.70393 50.0171)
npri-11794-2023-32,2023,11794,Lake Shore Gold Timmins West Mine,Lake Shore Gold,mining,-81.5575,48.384,Boreal Shield,Southwestern Hudson Bay Drainage Area,NA - 02,Arsenic (and its compounds),kg,On-Site Disposal / Élimination sur le site,Waste Rock,1960.406,https://www.canada.ca/en/environment-climate-change/services/national-pollutant-release-inventory/tools-resources-data/exploredata.html,POINT (-81.5575 48.384)
npri-11796-2023-188,2023,11796,Bell Creek Complex,Lake Shore Gold,mining,-81.0419,48.4741,Boreal Shield,Southwestern Hudson Bay Drainage Area,NA - 02,Arsenic (and its compounds),kg,On-Site Disposal / Élimination sur le site,Waste Rock,16707.19,https://www.canada.ca/en/environment-climate-change/services/national-pollutant-release-inventory/tools-resources-data/exploredata.html,POINT (-81.0419 48.4741)
npri-99-2023-152,2023,99,Division Laronde,Les Mines Agnico Eagle Limitée,mining,-78.44184,48.25072,Boreal Shield,St. Lawrence Drainage Area,NA - 02,Arsenic (and its compounds),kg,On-Site Disposal / Élimination sur le site,Waste Rock,-6301.16,https://www.canada.ca/en/environment-climate-change/services/national-pollutant-release-inventory/tools-resources-data/exploredata.html,POINT (-78.44184 48.25072)
npri-99-2023-153,2023,99,Division Laronde,Les Mines Agnico Eagle Limitée,mining,-78.44184,48.25072,Boreal Shield,St. Lawrence Drainage Area,NA - 03,Cadmium (and its compounds),kg,On-Site Disposal / Élimination sur le site,Waste Rock,-429.24,https://www.canada.ca/en/environment-climate-change/services/national-pollutant-release-inventory/tools-resources-data/exploredata.html,POINT (-78.44184 48.25072)
npri-99-2023-154,2023,99,Division Laronde,Les Mines Agnico Eagle Limitée,mining,-78.44184,48.25072,Boreal Shield,St. Lawrence Drainage Area,NA - 04,Chromium (and its compounds),tonnes,On-Site Disposal / Élimination sur le site,Waste Rock,-46.17,https://www.canada.ca/en/environment-climate-change/services/national-pollutant-release-inventory/tools-resources-data/exploredata.html,POINT (-78.44184 48.25072)
npri-99-2023-155,2023,99,Division Laronde,Les Mines Agnico Eagle Limitée,mining,-78.44184,48.25072,Boreal Shield,St. Lawrence Drainage Area,NA - 05,Cobalt (and its compounds),kg,On-Site Disposal / Élimination sur le site,Waste Rock,-1994.42,https://www.canada.ca/en/environment-climate-change/services/national-pollutant-release-inventory/tools-resources-data/exploredata.html,POINT (-78.44184 48.25072)
npri-99-2023-156,2023,99,Division Laronde,Les Mines Agnico Eagle Limitée,mining,-78.44184,48.25072,Boreal Shield,St. Lawrence Drainage Area,NA - 06,Copper (and its compounds),tonnes,On-Site Disposal / Élimination sur le site,Waste Rock,-56.44,https://www.canada.ca/en/environment-climate-change/services/national-pollutant-release-inventory/tools-resources-data/exploredata.html,POINT (-78.44184 48.25072)
npri-99-2023-157,2023,99,Division Laronde,Les Mines Agnico Eagle Limitée,mining,-78.44184,48.25072,Boreal Shield,St. Lawrence Drainage Area,NA - 08,Lead (and its compounds),kg,On-Site Disposal / Élimination sur le site,Waste Rock,-11678.29,https://www.canada.ca/en/environment-climate-change/services/national-pollutant-release-inventory/tools-resources-data/exploredata.html,POINT (-78.44184 48.25072)
npri-99-2023-158,2023,99,Division Laronde,Les Mines Agnico Eagle Limitée,mining,-78.44184,48.25072,Boreal Shield,St. Lawrence Drainage Area,NA - 09,Manganese (and its compounds),tonnes,On-Site Disposal / Élimination sur le site,Waste Rock,-113.01,https://www.canada.ca/en/environment-climate-change/services/national-pollutant-release-inventory/tools-resources-data/exploredata.html,POINT (-78.44184 48.25072)
npri-99-2023-159,2023,99,Division Laronde,Les Mines Agnico Eagle Limitée,mining,-78.44184,48.25072,Boreal Shield,St. Lawrence Drainage Area,NA - 10,Mercury (and its compounds),kg,On-Site Disposal / Élimination sur le site,Waste Rock,-6.1,https://www.canada.ca/en/environment-climate-change/services/national-pollutant-release-inventory/tools-resources-data/exploredata.html,POINT (-78.44184 48.25072)
npri-99-2023-160,2023,99,Division Laronde,Les Mines Agnico Eagle Limitée,mining,-78.44184,48.25072,Boreal Shield,St. Lawrence Drainage Area,NA - 11,Nickel (and its compounds),tonnes,On-Site Disposal / Élimination sur le site,Waste Rock,-2.12,https://www.canada.ca/en/environment-climate-change/services/national-pollutant-release-inventory/tools-resources-data/exploredata.html,POINT (-78.44184 48.25072)
npri-99-2023-161,2023,99,Division Laronde,Les Mines Agnico Eagle Limitée,mining,-78.44184,48.25072,Boreal Shield,St. Lawrence Drainage Area,NA - 12,Selenium (and its compounds),kg,On-Site Disposal / Élimination sur le site,Waste Rock,-1608.05,https://www.canada.ca/en/environment-climate-change/services/national-pollutant-release-inventory/tools-resources-data/exploredata.html,POINT (-78.44184 48.25072)
npri-99-2023-162,2023,99,Division Laronde,Les Mines Agnico Eagle Limitée,mining,-78.44184,48.25072,Boreal Shield,St. Lawrence Drainage Area,NA - 40,Vanadium (and its compounds),tonnes,On-Site Disposal / Élimination sur le site,Waste Rock,-8.29,https://www.canada.ca/en/environment-climate-change/services/national-pollutant-release-inventory/tools-resources-data/exploredata.html,POINT (-78.44184 48.25072)
npri-99-2023-163,2023,99,Division Laronde,Les Mines Agnico Eagle Limitée,mining,-78.44184,48.25072,Boreal Shield,St. Lawrence Drainage Area,NA - 14,Zinc (and its compounds),tonnes,On-Site Disposal / Élimination sur le site,Waste Rock,-172.36,https://www.canada.ca/en/environment-climate-change/services/national-pollutant-release-inventory/tools-resources-data/exploredata.html,POINT (-78.44184 48.25072)
npri-2935-2023-146,2023,2935,Complexe minier Kiena,Mines d'Or Wesdome limitée,mining,-77.91646,48.12065,Boreal Shield,Southwestern Hudson Bay Drainage Area,NA - 16,Ammonia (total),tonnes,On-Site Disposal / Élimination sur le site,Waste Rock,6.7292,https://www.canada.ca/en/environment-climate-change/services/national-pollutant-release-inventory/tools-resources-data/exploredata.html,POINT (-77.91646 48.12065)
npri-2935-2023-147,2023,2935,Complexe minier Kiena,Mines d'Or Wesdome limitée,mining,-77.91646,48.12065,Boreal Shield,Southwestern Hudson Bay Drainage Area,NA - 02,Arsenic (and its compounds),kg,On-Site Disposal / Élimination sur le site,Waste Rock,20.2688,https://www.canada.ca/en/environment-climate-change/services/national-pollutant-release-inventory/tools-resources-data/exploredata.html,POINT (-77.91646 48.12065)
npri-2935-2023-148,2023,2935,Complexe minier Kiena,Mines d'Or Wesdome limitée,mining,-77.91646,48.12065,Boreal Shield,Southwestern Hudson Bay Drainage Area,NA - 03,Cadmium (and its compounds),kg,On-Site Disposal / Élimination sur le site,Waste Rock,69.7245,https://www.canada.ca/en/environment-climate-change/services/national-pollutant-release-inventory/tools-resources-data/exploredata.html,POINT (-77.91646 48.12065)
npri-2935-2023-149,2023,2935,Complexe minier Kiena,Mines d'Or Wesdome limitée,mining,-77.91646,48.12065,Boreal Shield,Southwestern Hudson Bay Drainage Area,NA - 04,Chromium (and its compounds),tonnes,On-Site Disposal / Élimination sur le site,Waste Rock,149.242,https://www.canada.ca/en/environment-climate-change/services/national-pollutant-release-inventory/tools-resources-data/exploredata.html,POINT (-77.91646 48.12065)
npri-2935-2023-150,2023,2935,Complexe minier Kiena,Mines d'Or Wesdome limitée,mining,-77.91646,48.12065,Boreal Shield,Southwestern Hudson Bay Drainage Area,NA - 05,Cobalt (and its compounds),kg,On-Site Disposal / Élimination sur le site,Waste Rock,4432.3703,https://www.canada.ca/en/environment-climate-change/services/national-pollutant-release-inventory/tools-resources-data/exploredata.html,POINT (-77.91646 48.12065)
npri-2935-2023-151,2023,2935,Complexe minier Kiena,Mines d'Or Wesdome limitée,mining,-77.91646,48.12065,Boreal Shield,Southwestern Hudson Bay Drainage Area,NA - 06,Copper (and its compounds),tonnes,On-Site Disposal / Élimination sur le site,Waste Rock,13.6206,https://www.canada.ca/en/environment-climate-change/services/national-pollutant-release-inventory/tools-resources-data/exploredata.html,POINT (-77.91646 48.12065)
npri-2935-2023-152,2023,2935,Complexe minier Kiena,Mines d'Or Wesdome limitée,mining,-77.91646,48.12065,Boreal Shield,Southwestern Hudson Bay Drainage Area,NA - 07,Cyanides (ionic),tonnes,On-Site Disposal / Élimination sur le site,Waste Rock,0.04054,https://www.canada.ca/en/environment-climate-change/services/national-pollutant-release-inventory/tools-resources-data/exploredata.html,POINT (-77.91646 48.12065)
npri-2935-2023-153,2023,2935,Complexe minier Kiena,Mines d'Or Wesdome limitée,mining,-77.91646,48.12065,Boreal Shield,Southwestern Hudson Bay Drainage Area,NA - 08,Lead (and its compounds),kg,On-Site Disposal / Élimination sur le site,Waste Rock,114.3158,https://www.canada.ca/en/environment-climate-change/services/national-pollutant-release-inventory/tools-resources-data/exploredata.html,POINT (-77.91646 48.12065)
npri-2935-2023-154,2023,2935,Complexe minier Kiena,Mines d'Or Wesdome limitée,mining,-77.91646,48.12065,Boreal Shield,Southwestern Hudson Bay Drainage Area,NA - 09,Manganese (and its compounds),tonnes,On-Site Disposal / Élimination sur le site,Waste Rock,1212.45,https://www.canada.ca/en/environment-climate-change/services/national-pollutant-release-inventory/tools-resources-data/exploredata.html,POINT (-77.91646 48.12065)
npri-2935-2023-155,2023,2935,Complexe minier Kiena,Mines d'Or Wesdome limitée,mining,-77.91646,48.12065,Boreal Shield,Southwestern Hudson Bay Drainage Area,NA - 10,Mercury (and its compounds),kg,On-Site Disposal / Élimination sur le site,Waste Rock,0.8108,https://www.canada.ca/en/environment-climate-change/services/national-pollutant-release-inventory/tools-resources-data/exploredata.html,POINT (-77.91646 48.12065)
npri-2935-2023-156,2023,2935,Complexe minier Kiena,Mines d'Or Wesdome limitée,mining,-77.91646,48.12065,Boreal Shield,Southwestern Hudson Bay Drainage Area,NA - 11,Nickel (and its compounds),tonnes,On-Site Disposal / Élimination sur le site,Waste Rock,29.7456,https://www.canada.ca/en/environment-climate-change/services/national-pollutant-release-inventory/tools-resources-data/exploredata.html,POINT (-77.91646 48.12065)
npri-2935-2023-157,2023,2935,Complexe minier Kiena,Mines d'Or Wesdome limitée,mining,-77.91646,48.12065,Boreal Shield,Southwestern Hudson Bay Drainage Area,NA - 12,Selenium (and its compounds),kg,On-Site Disposal / Élimination sur le site,Waste Rock,69.3191,https://www.canada.ca/en/environment-climate-change/services/national-pollutant-release-inventory/tools-resources-data/exploredata.html,POINT (-77.91646 48.12065)
npri-2935-2023-158,2023,2935,Complexe minier Kiena,Mines d'Or Wesdome limitée,mining,-77.91646,48.12065,Boreal Shield,Southwestern Hudson Bay Drainage Area,NA - 13,Silver (and its compounds),tonnes,On-Site Disposal / Élimination sur le site,Waste Rock,0.16215,https://www.canada.ca/en/environment-climate-change/services/national-pollutant-release-inventory/tools-resources-data/exploredata.html,POINT (-77.91646 48.12065)
npri-2935-2023-159,2023,2935,Complexe minier Kiena,Mines d'Or Wesdome limitée,mining,-77.91646,48.12065,Boreal Shield,Southwestern Hudson Bay Drainage Area,NA - 40,Vanadium (and its compounds),tonnes,On-Site Disposal / Élimination sur le site,Waste Rock,16.0934,https://www.canada.ca/en/environment-climate-change/services/national-pollutant-release-inventory/tools-resources-data/exploredata.html,POINT (-77.91646 48.12065)
npri-2935-2023-160,2023,2935,Complexe minier Kiena,Mines d'Or Wesdome limitée,mining,-77.91646,48.12065,Boreal Shield,Southwestern Hudson Bay Drainage Area,NA - 14,Zinc (and its compounds),tonnes,On-Site Disposal / Élimination sur le site,Waste Rock,6.2493,https://www.canada.ca/en/environment-climate-change/services/national-pollutant-release-inventory/tools-resources-data/exploredata.html,POINT (-77.91646 48.12065)
npri-2372-2023-245,2023,2372,Myra Falls Mine Ltd,Myra Falls Mine Ltd,mining,-125.602,49.5772,Pacific Maritime,Pacific Drainage Area,NA - 01,Antimony (and its compounds),tonnes,On-Site Disposal / Élimination sur le site,Waste Rock,0.786,https://www.canada.ca/en/environment-climate-change/services/national-pollutant-release-inventory/tools-resources-data/exploredata.html,POINT (-125.602 49.5772)
npri-2372-2023-246,2023,2372,Myra Falls Mine Ltd,Myra Falls Mine Ltd,mining,-125.602,49.5772,Pacific Maritime,Pacific Drainage Area,NA - 02,Arsenic (and its compounds),kg,On-Site Disposal / Élimination sur le site,Waste Rock,5342.0,https://www.canada.ca/en/environment-climate-change/services/national-pollutant-release-inventory/tools-resources-data/exploredata.html,POINT (-125.602 49.5772)
npri-2372-2023-247,2023,2372,Myra Falls Mine Ltd,Myra Falls Mine Ltd,mining,-125.602,49.5772,Pacific Maritime,Pacific Drainage Area,NA - 03,Cadmium (and its compounds),kg,On-Site Disposal / Élimination sur le site,Waste Rock,2697.0,https://www.canada.ca/en/environment-climate-change/services/national-pollutant-release-inventory/tools-resources-data/exploredata.html,POINT (-125.602 49.5772)
npri-2372-2023-248,2023,2372,Myra Falls Mine Ltd,Myra Falls Mine Ltd,mining,-125.602,49.5772,Pacific Maritime,Pacific Drainage Area,NA - 04,Chromium (and its compounds),tonnes,On-Site Disposal / Élimination sur le site,Waste Rock,2.51,https://www.canada.ca/en/environment-climate-change/services/national-pollutant-release-inventory/tools-resources-data/exploredata.html,POINT (-125.602 49.5772)
npri-2372-2023-249,2023,2372,Myra Falls Mine Ltd,Myra Falls Mine Ltd,mining,-125.602,49.5772,Pacific Maritime,Pacific Drainage Area,NA - 05,Cobalt (and its compounds),kg,On-Site Disposal / Élimination sur le site,Waste Rock,2510.0,https://www.canada.ca/en/environment-climate-change/services/national-pollutant-release-inventory/tools-resources-data/exploredata.html,POINT (-125.602 49.5772)
npri-2372-2023-250,2023,2372,Myra Falls Mine Ltd,Myra Falls Mine Ltd,mining,-125.602,49.5772,Pacific Maritime,Pacific Drainage Area,NA - 06,Copper (and its compounds),tonnes,On-Site Disposal / Élimination sur le site,Waste Rock,145.8,https://www.canada.ca/en/environment-climate-change/services/national-pollutant-release-inventory/tools-resources-data/exploredata.html,POINT (-125.602 49.5772)
npri-2372-2023-251,2023,2372,Myra Falls Mine Ltd,Myra Falls Mine Ltd,mining,-125.602,49.5772,Pacific Maritime,Pacific Drainage Area,NA - 08,Lead (and its compounds),kg,On-Site Disposal / Élimination sur le site,Waste Rock,61.055,https://www.canada.ca/en/environment-climate-change/services/national-pollutant-release-inventory/tools-resources-data/exploredata.html,POINT (-125.602 49.5772)
npri-2372-2023-252,2023,2372,Myra Falls Mine Ltd,Myra Falls Mine Ltd,mining,-125.602,49.5772,Pacific Maritime,Pacific Drainage Area,NA - 09,Manganese (and its compounds),tonnes,On-Site Disposal / Élimination sur le site,Waste Rock,144.7,https://www.canada.ca/en/environment-climate-change/services/national-pollutant-release-inventory/tools-resources-data/exploredata.html,POINT (-125.602 49.5772)
npri-2372-2023-253,2023,2372,Myra Falls Mine Ltd,Myra Falls Mine Ltd,mining,-125.602,49.5772,Pacific Maritime,Pacific Drainage Area,NA - 10,Mercury (and its compounds),kg,On-Site Disposal / Élimination sur le site,Waste Rock,54.5,https://www.canada.ca/en/environment-climate-change/services/national-pollutant-release-inventory/tools-resources-data/exploredata.html,POINT (-125.602 49.5772)
npri-2372-2023-254,2023,2372,Myra Falls Mine Ltd,Myra Falls Mine Ltd,mining,-125.602,49.5772,Pacific Maritime,Pacific Drainage Area,NA - 11,Nickel (and its compounds),tonnes,On-Site Disposal / Élimination sur le site,Waste Rock,3.3,https://www.canada.ca/en/environment-climate-change/services/national-pollutant-release-inventory/tools-resources-data/exploredata.html,POINT (-125.602 49.5772)
npri-2372-2023-255,2023,2372,Myra Falls Mine Ltd,Myra Falls Mine Ltd,mining,-125.602,49.5772,Pacific Maritime,Pacific Drainage Area,NA - 22,Phosphorus (total),tonnes,On-Site Disposal / Élimination sur le site,Waste Rock,126.76,https://www.canada.ca/en/environment-climate-change/services/national-pollutant-release-inventory/tools-resources-data/exploredata.html,POINT (-125.602 49.5772)
npri-2372-2023-256,2023,2372,Myra Falls Mine Ltd,Myra Falls Mine Ltd,mining,-125.602,49.5772,Pacific Maritime,Pacific Drainage Area,NA - 12,Selenium (and its compounds),kg,On-Site Disposal / Élimination sur le site,Waste Rock,326.0,https://www.canada.ca/en/environment-climate-change/services/national-pollutant-release-inventory/tools-resources-data/exploredata.html,POINT (-125.602 49.5772)
npri-2372-2023-257,2023,2372,Myra Falls Mine Ltd,Myra Falls Mine Ltd,mining,-125.602,49.5772,Pacific Maritime,Pacific Drainage Area,NA - 13,Silver (and its compounds),tonnes,On-Site Disposal / Élimination sur le site,Waste Rock,0.87,https://www.canada.ca/en/environment-climate-change/services/national-pollutant-release-inventory/tools-resources-data/exploredata.html,POINT (-125.602 49.5772)
npri-2372-2023-258,2023,2372,Myra Falls Mine Ltd,Myra Falls Mine Ltd,mining,-125.602,49.5772,Pacific Maritime,Pacific Drainage Area,NA - 37,Thallium (and its compounds),kg,On-Site Disposal / Élimination sur le site,Waste Rock,89.0,https://www.canada.ca/en/environment-climate-change/services/national-pollutant-release-inventory/tools-resources-data/exploredata.html,POINT (-125.602 49.5772)
npri-2372-2023-259,2023,2372,Myra Falls Mine Ltd,Myra Falls Mine Ltd,mining,-125.602,49.5772,Pacific Maritime,Pacific Drainage Area,NA - 40,Vanadium (and its compounds),tonnes,On-Site Disposal / Élimination sur le site,Waste Rock,10.25,https://www.canada.ca/en/environment-climate-change/services/national-pollutant-release-inventory/tools-resources-data/exploredata.html,POINT (-125.602 49.5772)
npri-2372-2023-260,2023,2372,Myra Falls Mine Ltd,Myra Falls Mine Ltd,mining,-125.602,49.5772,Pacific Maritime,Pacific Drainage Area,NA - 14,Zinc (and its compounds),tonnes,On-Site Disposal / Élimination sur le site,Waste Rock,590.7,https://www.canada.ca/en/environment-climate-change/services/national-pollutant-release-inventory/tools-resources-data/exploredata.html,POINT (-125.602 49.5772)
npri-25434-2023-96,2023,25434,New Afton,New Gold Inc.,mining,-120.512424,50.66082,Montane Cordillera,Pacific Drainage Area,NA - 02,Arsenic (and its compounds),kg,On-Site Disposal / Élimination sur le site,Waste Rock,13001.16,https://www.canada.ca/en/environment-climate-change/services/national-pollutant-release-inventory/tools-resources-data/exploredata.html,POINT (-120.512424 50.66082)
npri-29548-2023-61,2023,29548,Rainy River Mine,New Gold Inc.,mining,-94.003,48.848,Boreal Shield,Nelson River Drainage Area,NA - 02,Arsenic (and its compounds),kg,On-Site Disposal / Élimination sur le site,Waste Rock,146030.0156,https://www.canada.ca/en/environment-climate-change/services/national-pollutant-release-inventory/tools-resources-data/exploredata.html,POINT (-94.003 48.848)
npri-25434-2023-97,2023,25434,New Afton,New Gold Inc.,mining,-120.512424,50.66082,Montane Cordillera,Pacific Drainage Area,NA - 03,Cadmium (and its compounds),kg,On-Site Disposal / Élimination sur le site,Waste Rock,65.147,https://www.canada.ca/en/environment-climate-change/services/national-pollutant-release-inventory/tools-resources-data/exploredata.html,POINT (-120.512424 50.66082)
npri-29548-2023-62,2023,29548,Rainy River Mine,New Gold Inc.,mining,-94.003,48.848,Boreal Shield,Nelson River Drainage Area,NA - 03,Cadmium (and its compounds),kg,On-Site Disposal / Élimination sur le site,Waste Rock,5150.9272,https://www.canada.ca/en/environment-climate-change/services/national-pollutant-release-inventory/tools-resources-data/exploredata.html,POINT (-94.003 48.848)
npri-25434-2023-98,2023,25434,New Afton,New Gold Inc.,mining,-120.512424,50.66082,Montane Cordillera,Pacific Drainage Area,NA - 04,Chromium (and its compounds),tonnes,On-Site Disposal / Élimination sur le site,Waste Rock,33.427,https://www.canada.ca/en/environment-climate-change/services/national-pollutant-release-inventory/tools-resources-data/exploredata.html,POINT (-120.512424 50.66082)
npri-29548-2023-63,2023,29548,Rainy River Mine,New Gold Inc.,mining,-94.003,48.848,Boreal Shield,Nelson River Drainage Area,NA - 04,Chromium (and its compounds),tonnes,On-Site Disposal / Élimination sur le site,Waste Rock,875.430197,https://www.canada.ca/en/environment-climate-change/services/national-pollutant-release-inventory/tools-resources-data/exploredata.html,POINT (-94.003 48.848)
npri-25434-2023-99,2023,25434,New Afton,New Gold Inc.,mining,-120.512424,50.66082,Montane Cordillera,Pacific Drainage Area,NA - 05,Cobalt (and its compounds),kg,On-Site Disposal / Élimination sur le site,Waste Rock,29507.1,https://www.canada.ca/en/environment-climate-change/services/national-pollutant-release-inventory/tools-resources-data/exploredata.html,POINT (-120.512424 50.66082)
npri-29548-2023-64,2023,29548,Rainy River Mine,New Gold Inc.,mining,-94.003,48.848,Boreal Shield,Nelson River Drainage Area,NA - 05,Cobalt (and its compounds),kg,On-Site Disposal / Élimination sur le site,Waste Rock,89948.63,https://www.canada.ca/en/environment-climate-change/services/national-pollutant-release-inventory/tools-resources-data/exploredata.html,POINT (-94.003 48.848)
npri-25434-2023-100,2023,25434,New Afton,New Gold Inc.,mining,-120.512424,50.66082,Montane Cordillera,Pacific Drainage Area,NA - 06,Copper (and its compounds),tonnes,On-Site Disposal / Élimination sur le site,Waste Rock,478.132,https://www.canada.ca/en/environment-climate-change/services/national-pollutant-release-inventory/tools-resources-data/exploredata.html,POINT (-120.512424 50.66082)
npri-29548-2023-65,2023,29548,Rainy River Mine,New Gold Inc.,mining,-94.003,48.848,Boreal Shield,Nelson River Drainage Area,NA - 06,Copper (and its compounds),tonnes,On-Site Disposal / Élimination sur le site,Waste Rock,420.794282,https://www.canada.ca/en/environment-climate-change/services/national-pollutant-release-inventory/tools-resources-data/exploredata.html,POINT (-94.003 48.848)
npri-25434-2023-101,2023,25434,New Afton,New Gold Inc.,mining,-120.512424,50.66082,Montane Cordillera,Pacific Drainage Area,NA - 08,Lead (and its compounds),kg,On-Site Disposal / Élimination sur le site,Waste Rock,2409.41,https://www.canada.ca/en/environment-climate-change/services/national-pollutant-release-inventory/tools-resources-data/exploredata.html,POINT (-120.512424 50.66082)
npri-29548-2023-66,2023,29548,Rainy River Mine,New Gold Inc.,mining,-94.003,48.848,Boreal Shield,Nelson River Drainage Area,NA - 08,Lead (and its compounds),kg,On-Site Disposal / Élimination sur le site,Waste Rock,119038.4805,https://www.canada.ca/en/environment-climate-change/services/national-pollutant-release-inventory/tools-resources-data/exploredata.html,POINT (-94.003 48.848)
npri-25434-2023-102,2023,25434,New Afton,New Gold Inc.,mining,-120.512424,50.66082,Montane Cordillera,Pacific Drainage Area,NA - 09,Manganese (and its compounds),tonnes,On-Site Disposal / Élimination sur le site,Waste Rock,330.245,https://www.canada.ca/en/environment-climate-change/services/national-pollutant-release-inventory/tools-resources-data/exploredata.html,POINT (-120.512424 50.66082)
npri-29548-2023-67,2023,29548,Rainy River Mine,New Gold Inc.,mining,-94.003,48.848,Boreal Shield,Nelson River Drainage Area,NA - 09,Manganese (and its compounds),tonnes,On-Site Disposal / Élimination sur le site,Waste Rock,2571.45289,https://www.canada.ca/en/environment-climate-change/services/national-pollutant-release-inventory/tools-resources-data/exploredata.html,POINT (-94.003 48.848)
npri-25434-2023-103,2023,25434,New Afton,New Gold Inc.,mining,-120.512424,50.66082,Montane Cordillera,Pacific Drainage Area,NA - 10,Mercury (and its compounds),kg,On-Site Disposal / Élimination sur le site,Waste Rock,69.894,https://www.canada.ca/en/environment-climate-change/services/national-pollutant-release-inventory/tools-resources-data/exploredata.html,POINT (-120.512424 50.66082)
npri-29548-2023-68,2023,29548,Rainy River Mine,New Gold Inc.,mining,-94.003,48.848,Boreal Shield,Nelson River Drainage Area,NA - 10,Mercury (and its compounds),kg,On-Site Disposal / Élimination sur le site,Waste Rock,3351.99,https://www.canada.ca/en/environment-climate-change/services/national-pollutant-release-inventory/tools-resources-data/exploredata.html,POINT (-94.003 48.848)
npri-25434-2023-104,2023,25434,New Afton,New Gold Inc.,mining,-120.512424,50.66082,Montane Cordillera,Pacific Drainage Area,NA - 11,Nickel (and its compounds),tonnes,On-Site Disposal / Élimination sur le site,Waste Rock,19.712,https://www.canada.ca/en/environment-climate-change/services/national-pollutant-release-inventory/tools-resources-data/exploredata.html,POINT (-120.512424 50.66082)
npri-29548-2023-69,2023,29548,Rainy River Mine,New Gold Inc.,mining,-94.003,48.848,Boreal Shield,Nelson River Drainage Area,NA - 11,Nickel (and its compounds),tonnes,On-Site Disposal / Élimination sur le site,Waste Rock,200.52,https://www.canada.ca/en/environment-climate-change/services/national-pollutant-release-inventory/tools-resources-data/exploredata.html,POINT (-94.003 48.848)
npri-25434-2023-105,2023,25434,New Afton,New Gold Inc.,mining,-120.512424,50.66082,Montane Cordillera,Pacific Drainage Area,NA - 22,Phosphorus (total),tonnes,On-Site Disposal / Élimination sur le site,Waste Rock,786.762,https://www.canada.ca/en/environment-climate-change/services/national-pollutant-release-inventory/tools-resources-data/exploredata.html,POINT (-120.512424 50.66082)
npri-29548-2023-70,2023,29548,Rainy River Mine,New Gold Inc.,mining,-94.003,48.848,Boreal Shield,Nelson River Drainage Area,NA - 22,Phosphorus (total),tonnes,On-Site Disposal / Élimination sur le site,Waste Rock,2565.94,https://www.canada.ca/en/environment-climate-change/services/national-pollutant-release-inventory/tools-resources-data/exploredata.html,POINT (-94.003 48.848)
npri-25434-2023-106,2023,25434,New Afton,New Gold Inc.,mining,-120.512424,50.66082,Montane Cordillera,Pacific Drainage Area,NA - 12,Selenium (and its compounds),kg,On-Site Disposal / Élimination sur le site,Waste Rock,1359.0,https://www.canada.ca/en/environment-climate-change/services/national-pollutant-release-inventory/tools-resources-data/exploredata.html,POINT (-120.512424 50.66082)
npri-29548-2023-71,2023,29548,Rainy River Mine,New Gold Inc.,mining,-94.003,48.848,Boreal Shield,Nelson River Drainage Area,NA - 12,Selenium (and its compounds),kg,On-Site Disposal / Élimination sur le site,Waste Rock,2925.825,https://www.canada.ca/en/environment-climate-change/services/national-pollutant-release-inventory/tools-resources-data/exploredata.html,POINT (-94.003 48.848)
npri-25434-2023-107,2023,25434,New Afton,New Gold Inc.,mining,-120.512424,50.66082,Montane Cordillera,Pacific Drainage Area,NA - 37,Thallium (and its compounds),kg,On-Site Disposal / Élimination sur le site,Waste Rock,19.801,https://www.canada.ca/en/environment-climate-change/services/national-pollutant-release-inventory/tools-resources-data/exploredata.html,POINT (-120.512424 50.66082)
npri-25434-2023-108,2023,25434,New Afton,New Gold Inc.,mining,-120.512424,50.66082,Montane Cordillera,Pacific Drainage Area,NA - 40,Vanadium (and its compounds),tonnes,On-Site Disposal / Élimination sur le site,Waste Rock,91.898,https://www.canada.ca/en/environment-climate-change/services/national-pollutant-release-inventory/tools-resources-data/exploredata.html,POINT (-120.512424 50.66082)
npri-25434-2023-109,2023,25434,New Afton,New Gold Inc.,mining,-120.512424,50.66082,Montane Cordillera,Pacific Drainage Area,NA - 14,Zinc (and its compounds),tonnes,On-Site Disposal / Élimination sur le site,Waste Rock,26.099,https://www.canada.ca/en/environment-climate-change/services/national-pollutant-release-inventory/tools-resources-data/exploredata.html,POINT (-120.512424 50.66082)
npri-29548-2023-72,2023,29548,Rainy River Mine,New Gold Inc.,mining,-94.003,48.848,Boreal Shield,Nelson River Drainage Area,NA - 14,Zinc (and its compounds),tonnes,On-Site Disposal / Élimination sur le site,Waste Rock,1428.15,https://www.canada.ca/en/environment-climate-change/services/national-pollutant-release-inventory/tools-resources-data/exploredata.html,POINT (-94.003 48.848)
npri-32235-2023-100,2023,32235,Red Chris Mine,NEWCREST RED CHRIS MINING LIMITED,mining,-129.7676,57.733,Boreal Cordillera,Pacific Drainage Area,NA - 02,Arsenic (and its compounds),kg,On-Site Disposal / Élimination sur le site,Waste Rock,373410.8355,https://www.canada.ca/en/environment-climate-change/services/national-pollutant-release-inventory/tools-resources-data/exploredata.html,POINT (-129.7676 57.733)
npri-28726-2023-75,2023,28726,North American Lithium,North American Lithium inc.,mining,-77.82782,48.40579,Boreal Shield,Southwestern Hudson Bay Drainage Area,NA - 02,Arsenic (and its compounds),kg,On-Site Disposal / Élimination sur le site,Waste Rock,4191.2733,https://www.canada.ca/en/environment-climate-change/services/national-pollutant-release-inventory/tools-resources-data/exploredata.html,POINT (-77.82782 48.40579)
npri-28726-2023-76,2023,28726,North American Lithium,North American Lithium inc.,mining,-77.82782,48.40579,Boreal Shield,Southwestern Hudson Bay Drainage Area,NA - 03,Cadmium (and its compounds),kg,On-Site Disposal / Élimination sur le site,Waste Rock,9359.21,https://www.canada.ca/en/environment-climate-change/services/national-pollutant-release-inventory/tools-resources-data/exploredata.html,POINT (-77.82782 48.40579)
npri-28726-2023-77,2023,28726,North American Lithium,North American Lithium inc.,mining,-77.82782,48.40579,Boreal Shield,Southwestern Hudson Bay Drainage Area,NA - 05,Cobalt (and its compounds),kg,On-Site Disposal / Élimination sur le site,Waste Rock,130614.4451,https://www.canada.ca/en/environment-climate-change/services/national-pollutant-release-inventory/tools-resources-data/exploredata.html,POINT (-77.82782 48.40579)
npri-28726-2023-78,2023,28726,North American Lithium,North American Lithium inc.,mining,-77.82782,48.40579,Boreal Shield,Southwestern Hudson Bay Drainage Area,NA - 08,Lead (and its compounds),kg,On-Site Disposal / Élimination sur le site,Waste Rock,42555.5539,https://www.canada.ca/en/environment-climate-change/services/national-pollutant-release-inventory/tools-resources-data/exploredata.html,POINT (-77.82782 48.40579)
npri-28726-2023-79,2023,28726,North American Lithium,North American Lithium inc.,mining,-77.82782,48.40579,Boreal Shield,Southwestern Hudson Bay Drainage Area,NA - 10,Mercury (and its compounds),kg,On-Site Disposal / Élimination sur le site,Waste Rock,153.959,https://www.canada.ca/en/environment-climate-change/services/national-pollutant-release-inventory/tools-resources-data/exploredata.html,POINT (-77.82782 48.40579)
npri-28726-2023-80,2023,28726,North American Lithium,North American Lithium inc.,mining,-77.82782,48.40579,Boreal Shield,Southwestern Hudson Bay Drainage Area,NA - 12,Selenium (and its compounds),kg,On-Site Disposal / Élimination sur le site,Waste Rock,4789.848,https://www.canada.ca/en/environment-climate-change/services/national-pollutant-release-inventory/tools-resources-data/exploredata.html,POINT (-77.82782 48.40579)
npri-28726-2023-81,2023,28726,North American Lithium,North American Lithium inc.,mining,-77.82782,48.40579,Boreal Shield,Southwestern Hudson Bay Drainage Area,NA - 37,Thallium (and its compounds),kg,On-Site Disposal / Élimination sur le site,Waste Rock,52883.1685,https://www.canada.ca/en/environment-climate-change/services/national-pollutant-release-inventory/tools-resources-data/exploredata.html,POINT (-77.82782 48.40579)
npri-33049-2023-159,2023,33049,Magino Mine,Prodigy Gold Inc.,mining,-84.464214,48.287553,Boreal Shield,St. Lawrence Drainage Area,NA - 02,Arsenic (and its compounds),kg,On-Site Disposal / Élimination sur le site,Waste Rock,35576.062638,https://www.canada.ca/en/environment-climate-change/services/national-pollutant-release-inventory/tools-resources-data/exploredata.html,POINT (-84.464214 48.287553)
npri-33049-2023-160,2023,33049,Magino Mine,Prodigy Gold Inc.,mining,-84.464214,48.287553,Boreal Shield,St. Lawrence Drainage Area,NA - 04,Chromium (and its compounds),tonnes,On-Site Disposal / Élimination sur le site,Waste Rock,299.672967,https://www.canada.ca/en/environment-climate-change/services/national-pollutant-release-inventory/tools-resources-data/exploredata.html,POINT (-84.464214 48.287553)
npri-33049-2023-161,2023,33049,Magino Mine,Prodigy Gold Inc.,mining,-84.464214,48.287553,Boreal Shield,St. Lawrence Drainage Area,NA - 05,Cobalt (and its compounds),kg,On-Site Disposal / Élimination sur le site,Waste Rock,119933.841333,https://www.canada.ca/en/environment-climate-change/services/national-pollutant-release-inventory/tools-resources-data/exploredata.html,POINT (-84.464214 48.287553)
npri-33049-2023-162,2023,33049,Magino Mine,Prodigy Gold Inc.,mining,-84.464214,48.287553,Boreal Shield,St. Lawrence Drainage Area,NA - 06,Copper (and its compounds),tonnes,On-Site Disposal / Élimination sur le site,Waste Rock,493.013755,https://www.canada.ca/en/environment-climate-change/services/national-pollutant-release-inventory/tools-resources-data/exploredata.html,POINT (-84.464214 48.287553)
npri-33049-2023-163,2023,33049,Magino Mine,Prodigy Gold Inc.,mining,-84.464214,48.287553,Boreal Shield,St. Lawrence Drainage Area,NA - 08,Lead (and its compounds),kg,On-Site Disposal / Élimination sur le site,Waste Rock,14757.358105,https://www.canada.ca/en/environment-climate-change/services/national-pollutant-release-inventory/tools-resources-data/exploredata.html,POINT (-84.464214 48.287553)
npri-33049-2023-164,2023,33049,Magino Mine,Prodigy Gold Inc.,mining,-84.464214,48.287553,Boreal Shield,St. Lawrence Drainage Area,NA - 09,Manganese (and its compounds),tonnes,On-Site Disposal / Élimination sur le site,Waste Rock,5947.781042,https://www.canada.ca/en/environment-climate-change/services/national-pollutant-release-inventory/tools-resources-data/exploredata.html,POINT (-84.464214 48.287553)
npri-33049-2023-165,2023,33049,Magino Mine,Prodigy Gold Inc.,mining,-84.464214,48.287553,Boreal Shield,St. Lawrence Drainage Area,NA - 10,Mercury (and its compounds),kg,On-Site Disposal / Élimination sur le site,Waste Rock,4533.887129,https://www.canada.ca/en/environment-climate-change/services/national-pollutant-release-inventory/tools-resources-data/exploredata.html,POINT (-84.464214 48.287553)
npri-33049-2023-166,2023,33049,Magino Mine,Prodigy Gold Inc.,mining,-84.464214,48.287553,Boreal Shield,St. Lawrence Drainage Area,NA - 11,Nickel (and its compounds),tonnes,On-Site Disposal / Élimination sur le site,Waste Rock,219.307596,https://www.canada.ca/en/environment-climate-change/services/national-pollutant-release-inventory/tools-resources-data/exploredata.html,POINT (-84.464214 48.287553)
npri-33049-2023-167,2023,33049,Magino Mine,Prodigy Gold Inc.,mining,-84.464214,48.287553,Boreal Shield,St. Lawrence Drainage Area,NA - 22,Phosphorus (total),tonnes,On-Site Disposal / Élimination sur le site,Waste Rock,4174.24724,https://www.canada.ca/en/environment-climate-change/services/national-pollutant-release-inventory/tools-resources-data/exploredata.html,POINT (-84.464214 48.287553)
npri-33049-2023-168,2023,33049,Magino Mine,Prodigy Gold Inc.,mining,-84.464214,48.287553,Boreal Shield,St. Lawrence Drainage Area,NA - 40,Vanadium (and its compounds),tonnes,On-Site Disposal / Élimination sur le site,Waste Rock,480.88298,https://www.canada.ca/en/environment-climate-change/services/national-pollutant-release-inventory/tools-resources-data/exploredata.html,POINT (-84.464214 48.287553)
npri-33049-2023-169,2023,33049,Magino Mine,Prodigy Gold Inc.,mining,-84.464214,48.287553,Boreal Shield,St. Lawrence Drainage Area,NA - 14,Zinc (and its compounds),tonnes,On-Site Disposal / Élimination sur le site,Waste Rock,408.841858,https://www.canada.ca/en/environment-climate-change/services/national-pollutant-release-inventory/tools-resources-data/exploredata.html,POINT (-84.464214 48.287553)
npri-33819-2023-37,2023,33819,Red Lake Madsen Mine,Red Lake Madsen Mine Ltd.,mining,-93.91802,50.96764,Boreal Shield,Nelson River Drainage Area,NA - 02,Arsenic (and its compounds),kg,On-Site Disposal / Élimination sur le site,Waste Rock,8971.620933,https://www.canada.ca/en/environment-climate-change/services/national-pollutant-release-inventory/tools-resources-data/exploredata.html,POINT (-93.91802 50.96764)
npri-33819-2023-38,2023,33819,Red Lake Madsen Mine,Red Lake Madsen Mine Ltd.,mining,-93.91802,50.96764,Boreal Shield,Nelson River Drainage Area,NA - 05,Cobalt (and its compounds),kg,On-Site Disposal / Élimination sur le site,Waste Rock,1143.090667,https://www.canada.ca/en/environment-climate-change/services/national-pollutant-release-inventory/tools-resources-data/exploredata.html,POINT (-93.91802 50.96764)
npri-29897-2023-122,2023,29897,Silver Lake Ontario Inc. - Sugar Zone Mine,Silver Lake Ontario Inc.,mining,-85.229848,48.622573,Boreal Shield,St. Lawrence Drainage Area,NA - 02,Arsenic (and its compounds),kg,On-Site Disposal / Élimination sur le site,Waste Rock,111.13725,https://www.canada.ca/en/environment-climate-change/services/national-pollutant-release-inventory/tools-resources-data/exploredata.html,POINT (-85.229848 48.622573)
npri-29897-2023-123,2023,29897,Silver Lake Ontario Inc. - Sugar Zone Mine,Silver Lake Ontario Inc.,mining,-85.229848,48.622573,Boreal Shield,St. Lawrence Drainage Area,NA - 03,Cadmium (and its compounds),kg,On-Site Disposal / Élimination sur le site,Waste Rock,6.85876,https://www.canada.ca/en/environment-climate-change/services/national-pollutant-release-inventory/tools-resources-data/exploredata.html,POINT (-85.229848 48.622573)
npri-29897-2023-124,2023,29897,Silver Lake Ontario Inc. - Sugar Zone Mine,Silver Lake Ontario Inc.,mining,-85.229848,48.622573,Boreal Shield,St. Lawrence Drainage Area,NA - 04,Chromium (and its compounds),tonnes,On-Site Disposal / Élimination sur le site,Waste Rock,5.9506,https://www.canada.ca/en/environment-climate-change/services/national-pollutant-release-inventory/tools-resources-data/exploredata.html,POINT (-85.229848 48.622573)
npri-29897-2023-125,2023,29897,Silver Lake Ontario Inc. - Sugar Zone Mine,Silver Lake Ontario Inc.,mining,-85.229848,48.622573,Boreal Shield,St. Lawrence Drainage Area,NA - 05,Cobalt (and its compounds),kg,On-Site Disposal / Élimination sur le site,Waste Rock,1574.84659,https://www.canada.ca/en/environment-climate-change/services/national-pollutant-release-inventory/tools-resources-data/exploredata.html,POINT (-85.229848 48.622573)
npri-29897-2023-126,2023,29897,Silver Lake Ontario Inc. - Sugar Zone Mine,Silver Lake Ontario Inc.,mining,-85.229848,48.622573,Boreal Shield,St. Lawrence Drainage Area,NA - 06,Copper (and its compounds),tonnes,On-Site Disposal / Élimination sur le site,Waste Rock,18.1376,https://www.canada.ca/en/environment-climate-change/services/national-pollutant-release-inventory/tools-resources-data/exploredata.html,POINT (-85.229848 48.622573)
npri-29897-2023-127,2023,29897,Silver Lake Ontario Inc. - Sugar Zone Mine,Silver Lake Ontario Inc.,mining,-85.229848,48.622573,Boreal Shield,St. Lawrence Drainage Area,NA - 08,Lead (and its compounds),kg,On-Site Disposal / Élimination sur le site,Waste Rock,247.23275,https://www.canada.ca/en/environment-climate-change/services/national-pollutant-release-inventory/tools-resources-data/exploredata.html,POINT (-85.229848 48.622573)
npri-29897-2023-128,2023,29897,Silver Lake Ontario Inc. - Sugar Zone Mine,Silver Lake Ontario Inc.,mining,-85.229848,48.622573,Boreal Shield,St. Lawrence Drainage Area,NA - 09,Manganese (and its compounds),tonnes,On-Site Disposal / Élimination sur le site,Waste Rock,32.00753,https://www.canada.ca/en/environment-climate-change/services/national-pollutant-release-inventory/tools-resources-data/exploredata.html,POINT (-85.229848 48.622573)
npri-29897-2023-129,2023,29897,Silver Lake Ontario Inc. - Sugar Zone Mine,Silver Lake Ontario Inc.,mining,-85.229848,48.622573,Boreal Shield,St. Lawrence Drainage Area,NA - 12,Selenium (and its compounds),kg,On-Site Disposal / Élimination sur le site,Waste Rock,51.44067,https://www.canada.ca/en/environment-climate-change/services/national-pollutant-release-inventory/tools-resources-data/exploredata.html,POINT (-85.229848 48.622573)
npri-29897-2023-130,2023,29897,Silver Lake Ontario Inc. - Sugar Zone Mine,Silver Lake Ontario Inc.,mining,-85.229848,48.622573,Boreal Shield,St. Lawrence Drainage Area,NA - 14,Zinc (and its compounds),tonnes,On-Site Disposal / Élimination sur le site,Waste Rock,4.40675,https://www.canada.ca/en/environment-climate-change/services/national-pollutant-release-inventory/tools-resources-data/exploredata.html,POINT (-85.229848 48.622573)
npri-30745-2023-181,2023,30745,Touquoy Mine,St Barbara Limited,mining,-62.91917,44.97361,Atlantic Maritime,Maritime Provinces Drainage Area,NA - 02,Arsenic (and its compounds),kg,On-Site Disposal / Élimination sur le site,Waste Rock,74785.943577,https://www.canada.ca/en/environment-climate-change/services/national-pollutant-release-inventory/tools-resources-data/exploredata.html,POINT (-62.91917 44.97361)
npri-30745-2023-182,2023,30745,Touquoy Mine,St Barbara Limited,mining,-62.91917,44.97361,Atlantic Maritime,Maritime Provinces Drainage Area,NA - 05,Cobalt (and its compounds),kg,On-Site Disposal / Élimination sur le site,Waste Rock,1882.955772,https://www.canada.ca/en/environment-climate-change/services/national-pollutant-release-inventory/tools-resources-data/exploredata.html,POINT (-62.91917 44.97361)
npri-30745-2023-183,2023,30745,Touquoy Mine,St Barbara Limited,mining,-62.91917,44.97361,Atlantic Maritime,Maritime Provinces Drainage Area,NA - 08,Lead (and its compounds),kg,On-Site Disposal / Élimination sur le site,Waste Rock,1774.284098,https://www.canada.ca/en/environment-climate-change/services/national-pollutant-release-inventory/tools-resources-data/exploredata.html,POINT (-62.91917 44.97361)
npri-30745-2023-184,2023,30745,Touquoy Mine,St Barbara Limited,mining,-62.91917,44.97361,Atlantic Maritime,Maritime Provinces Drainage Area,NA - 10,Mercury (and its compounds),kg,On-Site Disposal / Élimination sur le site,Waste Rock,104.42,https://www.canada.ca/en/environment-climate-change/services/national-pollutant-release-inventory/tools-resources-data/exploredata.html,POINT (-62.91917 44.97361)
npri-10202-2023-104,2023,10202,Garson Mine,Vale Canada Limited,mining,-80.8562,46.5667,Boreal Shield,St. Lawrence Drainage Area,NA - 02,Arsenic (and its compounds),kg,On-Site Disposal / Élimination sur le site,Waste Rock,7550.0,https://www.canada.ca/en/environment-climate-change/services/national-pollutant-release-inventory/tools-resources-data/exploredata.html,POINT (-80.8562 46.5667)
npri-10203-2023-68,2023,10203,Copper Cliff Mine (North),Vale Canada Limited,mining,-81.091,46.4746,Boreal Shield,St. Lawrence Drainage Area,NA - 02,Arsenic (and its compounds),kg,On-Site Disposal / Élimination sur le site,Waste Rock,5150.0,https://www.canada.ca/en/environment-climate-change/services/national-pollutant-release-inventory/tools-resources-data/exploredata.html,POINT (-81.091 46.4746)
npri-11878-2023-99,2023,11878,Totten Mine,Vale Canada Limited,mining,-81.4541,46.3813,Boreal Shield,St. Lawrence Drainage Area,NA - 02,Arsenic (and its compounds),kg,On-Site Disposal / Élimination sur le site,Waste Rock,610.0,https://www.canada.ca/en/environment-climate-change/services/national-pollutant-release-inventory/tools-resources-data/exploredata.html,POINT (-81.4541 46.3813)
npri-10201-2023-64,2023,10201,Creighton Mine,Vale Canada Limited,mining,-81.1854,46.4729,Boreal Shield,St. Lawrence Drainage Area,NA - 03,Cadmium (and its compounds),kg,On-Site Disposal / Élimination sur le site,Waste Rock,7.6,https://www.canada.ca/en/environment-climate-change/services/national-pollutant-release-inventory/tools-resources-data/exploredata.html,POINT (-81.1854 46.4729)
npri-10202-2023-105,2023,10202,Garson Mine,Vale Canada Limited,mining,-80.8562,46.5667,Boreal Shield,St. Lawrence Drainage Area,NA - 03,Cadmium (and its compounds),kg,On-Site Disposal / Élimination sur le site,Waste Rock,41.7,https://www.canada.ca/en/environment-climate-change/services/national-pollutant-release-inventory/tools-resources-data/exploredata.html,POINT (-80.8562 46.5667)
npri-10203-2023-69,2023,10203,Copper Cliff Mine (North),Vale Canada Limited,mining,-81.091,46.4746,Boreal Shield,St. Lawrence Drainage Area,NA - 03,Cadmium (and its compounds),kg,On-Site Disposal / Élimination sur le site,Waste Rock,1030.0,https://www.canada.ca/en/environment-climate-change/services/national-pollutant-release-inventory/tools-resources-data/exploredata.html,POINT (-81.091 46.4746)
npri-11878-2023-100,2023,11878,Totten Mine,Vale Canada Limited,mining,-81.4541,46.3813,Boreal Shield,St. Lawrence Drainage Area,NA - 03,Cadmium (and its compounds),kg,On-Site Disposal / Élimination sur le site,Waste Rock,9.9,https://www.canada.ca/en/environment-climate-change/services/national-pollutant-release-inventory/tools-resources-data/exploredata.html,POINT (-81.4541 46.3813)
npri-10201-2023-65,2023,10201,Creighton Mine,Vale Canada Limited,mining,-81.1854,46.4729,Boreal Shield,St. Lawrence Drainage Area,NA - 05,Cobalt (and its compounds),kg,On-Site Disposal / Élimination sur le site,Waste Rock,777.0,https://www.canada.ca/en/environment-climate-change/services/national-pollutant-release-inventory/tools-resources-data/exploredata.html,POINT (-81.1854 46.4729)
npri-10202-2023-106,2023,10202,Garson Mine,Vale Canada Limited,mining,-80.8562,46.5667,Boreal Shield,St. Lawrence Drainage Area,NA - 05,Cobalt (and its compounds),kg,On-Site Disposal / Élimination sur le site,Waste Rock,8146.0,https://www.canada.ca/en/environment-climate-change/services/national-pollutant-release-inventory/tools-resources-data/exploredata.html,POINT (-80.8562 46.5667)
npri-10203-2023-70,2023,10203,Copper Cliff Mine (North),Vale Canada Limited,mining,-81.091,46.4746,Boreal Shield,St. Lawrence Drainage Area,NA - 05,Cobalt (and its compounds),kg,On-Site Disposal / Élimination sur le site,Waste Rock,30728.0,https://www.canada.ca/en/environment-climate-change/services/national-pollutant-release-inventory/tools-resources-data/exploredata.html,POINT (-81.091 46.4746)
npri-11878-2023-101,2023,11878,Totten Mine,Vale Canada Limited,mining,-81.4541,46.3813,Boreal Shield,St. Lawrence Drainage Area,NA - 05,Cobalt (and its compounds),kg,On-Site Disposal / Élimination sur le site,Waste Rock,846.0,https://www.canada.ca/en/environment-climate-change/services/national-pollutant-release-inventory/tools-resources-data/exploredata.html,POINT (-81.4541 46.3813)
npri-10201-2023-66,2023,10201,Creighton Mine,Vale Canada Limited,mining,-81.1854,46.4729,Boreal Shield,St. Lawrence Drainage Area,NA - 08,Lead (and its compounds),kg,On-Site Disposal / Élimination sur le site,Waste Rock,1160.0,https://www.canada.ca/en/environment-climate-change/services/national-pollutant-release-inventory/tools-resources-data/exploredata.html,POINT (-81.1854 46.4729)
npri-10202-2023-107,2023,10202,Garson Mine,Vale Canada Limited,mining,-80.8562,46.5667,Boreal Shield,St. Lawrence Drainage Area,NA - 08,Lead (and its compounds),kg,On-Site Disposal / Élimination sur le site,Waste Rock,2185.0,https://www.canada.ca/en/environment-climate-change/services/national-pollutant-release-inventory/tools-resources-data/exploredata.html,POINT (-80.8562 46.5667)
npri-10203-2023-71,2023,10203,Copper Cliff Mine (North),Vale Canada Limited,mining,-81.091,46.4746,Boreal Shield,St. Lawrence Drainage Area,NA - 08,Lead (and its compounds),kg,On-Site Disposal / Élimination sur le site,Waste Rock,30900.0,https://www.canada.ca/en/environment-climate-change/services/national-pollutant-release-inventory/tools-resources-data/exploredata.html,POINT (-81.091 46.4746)
npri-11878-2023-102,2023,11878,Totten Mine,Vale Canada Limited,mining,-81.4541,46.3813,Boreal Shield,St. Lawrence Drainage Area,NA - 08,Lead (and its compounds),kg,On-Site Disposal / Élimination sur le site,Waste Rock,702.0,https://www.canada.ca/en/environment-climate-change/services/national-pollutant-release-inventory/tools-resources-data/exploredata.html,POINT (-81.4541 46.3813)
npri-10202-2023-108,2023,10202,Garson Mine,Vale Canada Limited,mining,-80.8562,46.5667,Boreal Shield,St. Lawrence Drainage Area,NA - 10,Mercury (and its compounds),kg,On-Site Disposal / Élimination sur le site,Waste Rock,9.9,https://www.canada.ca/en/environment-climate-change/services/national-pollutant-release-inventory/tools-resources-data/exploredata.html,POINT (-80.8562 46.5667)
npri-10203-2023-72,2023,10203,Copper Cliff Mine (North),Vale Canada Limited,mining,-81.091,46.4746,Boreal Shield,St. Lawrence Drainage Area,NA - 10,Mercury (and its compounds),kg,On-Site Disposal / Élimination sur le site,Waste Rock,10.3,https://www.canada.ca/en/environment-climate-change/services/national-pollutant-release-inventory/tools-resources-data/exploredata.html,POINT (-81.091 46.4746)
npri-11878-2023-103,2023,11878,Totten Mine,Vale Canada Limited,mining,-81.4541,46.3813,Boreal Shield,St. Lawrence Drainage Area,NA - 10,Mercury (and its compounds),kg,On-Site Disposal / Élimination sur le site,Waste Rock,2.7,https://www.canada.ca/en/environment-climate-change/services/national-pollutant-release-inventory/tools-resources-data/exploredata.html,POINT (-81.4541 46.3813)
npri-10201-2023-67,2023,10201,Creighton Mine,Vale Canada Limited,mining,-81.1854,46.4729,Boreal Shield,St. Lawrence Drainage Area,NA - 12,Selenium (and its compounds),kg,On-Site Disposal / Élimination sur le site,Waste Rock,42.0,https://www.canada.ca/en/environment-climate-change/services/national-pollutant-release-inventory/tools-resources-data/exploredata.html,POINT (-81.1854 46.4729)
npri-10202-2023-109,2023,10202,Garson Mine,Vale Canada Limited,mining,-80.8562,46.5667,Boreal Shield,St. Lawrence Drainage Area,NA - 12,Selenium (and its compounds),kg,On-Site Disposal / Élimination sur le site,Waste Rock,252.0,https://www.canada.ca/en/environment-climate-change/services/national-pollutant-release-inventory/tools-resources-data/exploredata.html,POINT (-80.8562 46.5667)
npri-10203-2023-73,2023,10203,Copper Cliff Mine (North),Vale Canada Limited,mining,-81.091,46.4746,Boreal Shield,St. Lawrence Drainage Area,NA - 12,Selenium (and its compounds),kg,On-Site Disposal / Élimination sur le site,Waste Rock,3090.0,https://www.canada.ca/en/environment-climate-change/services/national-pollutant-release-inventory/tools-resources-data/exploredata.html,POINT (-81.091 46.4746)
npri-11878-2023-104,2023,11878,Totten Mine,Vale Canada Limited,mining,-81.4541,46.3813,Boreal Shield,St. Lawrence Drainage Area,NA - 12,Selenium (and its compounds),kg,On-Site Disposal / Élimination sur le site,Waste Rock,19.0,https://www.canada.ca/en/environment-climate-change/services/national-pollutant-release-inventory/tools-resources-data/exploredata.html,POINT (-81.4541 46.3813)
npri-6093-2023-201,2023,6093,Voisey's Bay Mine Site,Vale Newfoundland and Labrador Limited,mining,-62.0944,56.33778,Taiga Shield,Northern Québec and Labrador Drainage Area,NA - 02,Arsenic (and its compounds),kg,On-Site Disposal / Élimination sur le site,Waste Rock,120.925,https://www.canada.ca/en/environment-climate-change/services/national-pollutant-release-inventory/tools-resources-data/exploredata.html,POINT (-62.0944 56.33778)
npri-6093-2023-202,2023,6093,Voisey's Bay Mine Site,Vale Newfoundland and Labrador Limited,mining,-62.0944,56.33778,Taiga Shield,Northern Québec and Labrador Drainage Area,NA - 03,Cadmium (and its compounds),kg,On-Site Disposal / Élimination sur le site,Waste Rock,303.039,https://www.canada.ca/en/environment-climate-change/services/national-pollutant-release-inventory/tools-resources-data/exploredata.html,POINT (-62.0944 56.33778)
npri-6093-2023-203,2023,6093,Voisey's Bay Mine Site,Vale Newfoundland and Labrador Limited,mining,-62.0944,56.33778,Taiga Shield,Northern Québec and Labrador Drainage Area,NA - 04,Chromium (and its compounds),tonnes,On-Site Disposal / Élimination sur le site,Waste Rock,49.096,https://www.canada.ca/en/environment-climate-change/services/national-pollutant-release-inventory/tools-resources-data/exploredata.html,POINT (-62.0944 56.33778)
npri-6093-2023-204,2023,6093,Voisey's Bay Mine Site,Vale Newfoundland and Labrador Limited,mining,-62.0944,56.33778,Taiga Shield,Northern Québec and Labrador Drainage Area,NA - 05,Cobalt (and its compounds),kg,On-Site Disposal / Élimination sur le site,Waste Rock,16463.679,https://www.canada.ca/en/environment-climate-change/services/national-pollutant-release-inventory/tools-resources-data/exploredata.html,POINT (-62.0944 56.33778)
npri-6093-2023-205,2023,6093,Voisey's Bay Mine Site,Vale Newfoundland and Labrador Limited,mining,-62.0944,56.33778,Taiga Shield,Northern Québec and Labrador Drainage Area,NA - 06,Copper (and its compounds),tonnes,On-Site Disposal / Élimination sur le site,Waste Rock,313.779,https://www.canada.ca/en/environment-climate-change/services/national-pollutant-release-inventory/tools-resources-data/exploredata.html,POINT (-62.0944 56.33778)
npri-6093-2023-206,2023,6093,Voisey's Bay Mine Site,Vale Newfoundland and Labrador Limited,mining,-62.0944,56.33778,Taiga Shield,Northern Québec and Labrador Drainage Area,NA - 08,Lead (and its compounds),kg,On-Site Disposal / Élimination sur le site,Waste Rock,9915.8705,https://www.canada.ca/en/environment-climate-change/services/national-pollutant-release-inventory/tools-resources-data/exploredata.html,POINT (-62.0944 56.33778)
npri-6093-2023-207,2023,6093,Voisey's Bay Mine Site,Vale Newfoundland and Labrador Limited,mining,-62.0944,56.33778,Taiga Shield,Northern Québec and Labrador Drainage Area,NA - 09,Manganese (and its compounds),tonnes,On-Site Disposal / Élimination sur le site,Waste Rock,367.129,https://www.canada.ca/en/environment-climate-change/services/national-pollutant-release-inventory/tools-resources-data/exploredata.html,POINT (-62.0944 56.33778)
npri-6093-2023-208,2023,6093,Voisey's Bay Mine Site,Vale Newfoundland and Labrador Limited,mining,-62.0944,56.33778,Taiga Shield,Northern Québec and Labrador Drainage Area,NA - 10,Mercury (and its compounds),kg,On-Site Disposal / Élimination sur le site,Waste Rock,24.185,https://www.canada.ca/en/environment-climate-change/services/national-pollutant-release-inventory/tools-resources-data/exploredata.html,POINT (-62.0944 56.33778)
npri-6093-2023-209,2023,6093,Voisey's Bay Mine Site,Vale Newfoundland and Labrador Limited,mining,-62.0944,56.33778,Taiga Shield,Northern Québec and Labrador Drainage Area,NA - 11,Nickel (and its compounds),tonnes,On-Site Disposal / Élimination sur le site,Waste Rock,212.557,https://www.canada.ca/en/environment-climate-change/services/national-pollutant-release-inventory/tools-resources-data/exploredata.html,POINT (-62.0944 56.33778)
npri-6093-2023-210,2023,6093,Voisey's Bay Mine Site,Vale Newfoundland and Labrador Limited,mining,-62.0944,56.33778,Taiga Shield,Northern Québec and Labrador Drainage Area,NA - 22,Phosphorus (total),tonnes,On-Site Disposal / Élimination sur le site,Waste Rock,621.556,https://www.canada.ca/en/environment-climate-change/services/national-pollutant-release-inventory/tools-resources-data/exploredata.html,POINT (-62.0944 56.33778)
npri-6093-2023-211,2023,6093,Voisey's Bay Mine Site,Vale Newfoundland and Labrador Limited,mining,-62.0944,56.33778,Taiga Shield,Northern Québec and Labrador Drainage Area,NA - 12,Selenium (and its compounds),kg,On-Site Disposal / Élimination sur le site,Waste Rock,1344.689,https://www.canada.ca/en/environment-climate-change/services/national-pollutant-release-inventory/tools-resources-data/exploredata.html,POINT (-62.0944 56.33778)
npri-6093-2023-212,2023,6093,Voisey's Bay Mine Site,Vale Newfoundland and Labrador Limited,mining,-62.0944,56.33778,Taiga Shield,Northern Québec and Labrador Drainage Area,NA - 13,Silver (and its compounds),tonnes,On-Site Disposal / Élimination sur le site,Waste Rock,0.45,https://www.canada.ca/en/environment-climate-change/services/national-pollutant-release-inventory/tools-resources-data/exploredata.html,POINT (-62.0944 56.33778)
npri-6093-2023-213,2023,6093,Voisey's Bay Mine Site,Vale Newfoundland and Labrador Limited,mining,-62.0944,56.33778,Taiga Shield,Northern Québec and Labrador Drainage Area,NA - 40,Vanadium (and its compounds),tonnes,On-Site Disposal / Élimination sur le site,Waste Rock,44.815,https://www.canada.ca/en/environment-climate-change/services/national-pollutant-release-inventory/tools-resources-data/exploredata.html,POINT (-62.0944 56.33778)
npri-6093-2023-214,2023,6093,Voisey's Bay Mine Site,Vale Newfoundland and Labrador Limited,mining,-62.0944,56.33778,Taiga Shield,Northern Québec and Labrador Drainage Area,NA - 14,Zinc (and its compounds),tonnes,On-Site Disposal / Élimination sur le site,Waste Rock,44.549,https://www.canada.ca/en/environment-climate-change/services/national-pollutant-release-inventory/tools-resources-data/exploredata.html,POINT (-62.0944 56.33778)
npri-32238-2023-45,2023,32238,Eagle Gold Mine,Victoria Gold Corp.,mining,-135.8343,64.02545,Boreal Cordillera,Yukon River Drainage Area,NA - 02,Arsenic (and its compounds),kg,On-Site Disposal / Élimination sur le site,Waste Rock,2195180.531,https://www.canada.ca/en/environment-climate-change/services/national-pollutant-release-inventory/tools-resources-data/exploredata.html,POINT (-135.8343 64.02545)
npri-11123-2023-75,2023,11123,Eagle River Mine Site,Wesdome Gold Mines Ltd.,mining,-85.4614,47.9863,Boreal Shield,St. Lawrence Drainage Area,NA - 02,Arsenic (and its compounds),kg,On-Site Disposal / Élimination sur le site,Waste Rock,36.14,https://www.canada.ca/en/environment-climate-change/services/national-pollutant-release-inventory/tools-resources-data/exploredata.html,POINT (-85.4614 47.9863)
npri-30745-2023-200,2023,30745,Touquoy Mine,St Barbara Limited,mining,-62.91917,44.97361,Atlantic Maritime,Maritime Provinces Drainage Area,NA - 02,Arsenic (and its compounds),kg,Off-Site Disposal / Élimination hors site,Land Fill,227.14841,https://www.canada.ca/en/environment-climate-change/services/national-pollutant-release-inventory/tools-resources-data/exploredata.html,POINT (-62.91917 44.97361)
npri-30745-2023-201,2023,30745,Touquoy Mine,St Barbara Limited,mining,-62.91917,44.97361,Atlantic Maritime,Maritime Provinces Drainage Area,NA - 03,Cadmium (and its compounds),kg,Off-Site Disposal / Élimination hors site,Land Fill,0.049311,https://www.canada.ca/en/environment-climate-change/services/national-pollutant-release-inventory/tools-resources-data/exploredata.html,POINT (-62.91917 44.97361)
npri-30745-2023-202,2023,30745,Touquoy Mine,St Barbara Limited,mining,-62.91917,44.97361,Atlantic Maritime,Maritime Provinces Drainage Area,NA - 05,Cobalt (and its compounds),kg,Off-Site Disposal / Élimination hors site,Land Fill,6.518929,https://www.canada.ca/en/environment-climate-change/services/national-pollutant-release-inventory/tools-resources-data/exploredata.html,POINT (-62.91917 44.97361)
npri-30745-2023-203,2023,30745,Touquoy Mine,St Barbara Limited,mining,-62.91917,44.97361,Atlantic Maritime,Maritime Provinces Drainage Area,NA - 06,Copper (and its compounds),tonnes,Off-Site Disposal / Élimination hors site,Land Fill,0.01098,https://www.canada.ca/en/environment-climate-change/services/national-pollutant-release-inventory/tools-resources-data/exploredata.html,POINT (-62.91917 44.97361)
npri-30745-2023-204,2023,30745,Touquoy Mine,St Barbara Limited,mining,-62.91917,44.97361,Atlantic Maritime,Maritime Provinces Drainage Area,NA - 08,Lead (and its compounds),kg,Off-Site Disposal / Élimination hors site,Land Fill,6.281677,https://www.canada.ca/en/environment-climate-change/services/national-pollutant-release-inventory/tools-resources-data/exploredata.html,POINT (-62.91917 44.97361)
npri-30745-2023-205,2023,30745,Touquoy Mine,St Barbara Limited,mining,-62.91917,44.97361,Atlantic Maritime,Maritime Provinces Drainage Area,NA - 09,Manganese (and its compounds),tonnes,Off-Site Disposal / Élimination hors site,Land Fill,0.258253,https://www.canada.ca/en/environment-climate-change/services/national-pollutant-release-inventory/tools-resources-data/exploredata.html,POINT (-62.91917 44.97361)
npri-30745-2023-206,2023,30745,Touquoy Mine,St Barbara Limited,mining,-62.91917,44.97361,Atlantic Maritime,Maritime Provinces Drainage Area,NA - 10,Mercury (and its compounds),kg,Off-Site Disposal / Élimination hors site,Land Fill,0.016437,https://www.canada.ca/en/environment-climate-change/services/national-pollutant-release-inventory/tools-resources-data/exploredata.html,POINT (-62.91917 44.97361)
npri-30745-2023-207,2023,30745,Touquoy Mine,St Barbara Limited,mining,-62.91917,44.97361,Atlantic Maritime,Maritime Provinces Drainage Area,NA - 11,Nickel (and its compounds),tonnes,Off-Site Disposal / Élimination hors site,Land Fill,0.012276,https://www.canada.ca/en/environment-climate-change/services/national-pollutant-release-inventory/tools-resources-data/exploredata.html,POINT (-62.91917 44.97361)
npri-30745-2023-208,2023,30745,Touquoy Mine,St Barbara Limited,mining,-62.91917,44.97361,Atlantic Maritime,Maritime Provinces Drainage Area,NA - 12,Selenium (and its compounds),kg,Off-Site Disposal / Élimination hors site,Land Fill,0.082185,https://www.canada.ca/en/environment-climate-change/services/national-pollutant-release-inventory/tools-resources-data/exploredata.html,POINT (-62.91917 44.97361)
npri-30745-2023-209,2023,30745,Touquoy Mine,St Barbara Limited,mining,-62.91917,44.97361,Atlantic Maritime,Maritime Provinces Drainage Area,NA - 37,Thallium (and its compounds),kg,Off-Site Disposal / Élimination hors site,Land Fill,0.00035,https://www.canada.ca/en/environment-climate-change/services/national-pollutant-release-inventory/tools-resources-data/exploredata.html,POINT (-62.91917 44.97361)
npri-30745-2023-210,2023,30745,Touquoy Mine,St Barbara Limited,mining,-62.91917,44.97361,Atlantic Maritime,Maritime Provinces Drainage Area,NA - 40,Vanadium (and its compounds),tonnes,Off-Site Disposal / Élimination hors site,Land Fill,0.005065,https://www.canada.ca/en/environment-climate-change/services/national-pollutant-release-inventory/tools-resources-data/exploredata.html,POINT (-62.91917 44.97361)
npri-30745-2023-211,2023,30745,Touquoy Mine,St Barbara Limited,mining,-62.91917,44.97361,Atlantic Maritime,Maritime Provinces Drainage Area,NA - 14,Zinc (and its compounds),tonnes,Off-Site Disposal / Élimination hors site,Land Fill,0.026893,https://www.canada.ca/en/environment-climate-change/services/national-pollutant-release-inventory/tools-resources-data/exploredata.html,POINT (-62.91917 44.97361)
npri-33878-2023-63,2023,33878,Goose Property,B2Gold Back River Corp.,mining,-106.429291,65.544927,Southern Arctic,Arctic Drainage Area,NA - D/F,Dioxins and furans - total,g TEQ,Off-Site Disposal / Élimination hors site,Storage,0.0006,https://www.canada.ca/en/environment-climate-change/services/national-pollutant-release-inventory/tools-resources-data/exploredata.html,POINT (-106.429291 65.544927)
npri-8757-2023-104,2023,8757,Division Goldex,Agnico-Eagle Mines Lted,mining,-77.87222,48.0911,Boreal Shield,Southwestern Hudson Bay Drainage Area,NA - 02,Arsenic (and its compounds),kg,Off-Site Disposal / Élimination hors site,Tailings,1449.03,https://www.canada.ca/en/environment-climate-change/services/national-pollutant-release-inventory/tools-resources-data/exploredata.html,POINT (-77.87222 48.0911)
npri-8757-2023-105,2023,8757,Division Goldex,Agnico-Eagle Mines Lted,mining,-77.87222,48.0911,Boreal Shield,Southwestern Hudson Bay Drainage Area,NA - 03,Cadmium (and its compounds),kg,Off-Site Disposal / Élimination hors site,Tailings,40.25,https://www.canada.ca/en/environment-climate-change/services/national-pollutant-release-inventory/tools-resources-data/exploredata.html,POINT (-77.87222 48.0911)
npri-8757-2023-106,2023,8757,Division Goldex,Agnico-Eagle Mines Lted,mining,-77.87222,48.0911,Boreal Shield,Southwestern Hudson Bay Drainage Area,NA - 04,Chromium (and its compounds),tonnes,Off-Site Disposal / Élimination hors site,Tailings,87.21,https://www.canada.ca/en/environment-climate-change/services/national-pollutant-release-inventory/tools-resources-data/exploredata.html,POINT (-77.87222 48.0911)
npri-8757-2023-107,2023,8757,Division Goldex,Agnico-Eagle Mines Lted,mining,-77.87222,48.0911,Boreal Shield,Southwestern Hudson Bay Drainage Area,NA - 05,Cobalt (and its compounds),kg,Off-Site Disposal / Élimination hors site,Tailings,9163.8,https://www.canada.ca/en/environment-climate-change/services/national-pollutant-release-inventory/tools-resources-data/exploredata.html,POINT (-77.87222 48.0911)
npri-8757-2023-108,2023,8757,Division Goldex,Agnico-Eagle Mines Lted,mining,-77.87222,48.0911,Boreal Shield,Southwestern Hudson Bay Drainage Area,NA - 06,Copper (and its compounds),tonnes,Off-Site Disposal / Élimination hors site,Tailings,11.27,https://www.canada.ca/en/environment-climate-change/services/national-pollutant-release-inventory/tools-resources-data/exploredata.html,POINT (-77.87222 48.0911)
npri-8757-2023-109,2023,8757,Division Goldex,Agnico-Eagle Mines Lted,mining,-77.87222,48.0911,Boreal Shield,Southwestern Hudson Bay Drainage Area,NA - 08,Lead (and its compounds),kg,Off-Site Disposal / Élimination hors site,Tailings,992.86,https://www.canada.ca/en/environment-climate-change/services/national-pollutant-release-inventory/tools-resources-data/exploredata.html,POINT (-77.87222 48.0911)
npri-8757-2023-110,2023,8757,Division Goldex,Agnico-Eagle Mines Lted,mining,-77.87222,48.0911,Boreal Shield,Southwestern Hudson Bay Drainage Area,NA - 09,Manganese (and its compounds),tonnes,Off-Site Disposal / Élimination hors site,Tailings,365.61,https://www.canada.ca/en/environment-climate-change/services/national-pollutant-release-inventory/tools-resources-data/exploredata.html,POINT (-77.87222 48.0911)
npri-8757-2023-111,2023,8757,Division Goldex,Agnico-Eagle Mines Lted,mining,-77.87222,48.0911,Boreal Shield,Southwestern Hudson Bay Drainage Area,NA - 11,Nickel (and its compounds),tonnes,Off-Site Disposal / Élimination hors site,Tailings,30.52,https://www.canada.ca/en/environment-climate-change/services/national-pollutant-release-inventory/tools-resources-data/exploredata.html,POINT (-77.87222 48.0911)
npri-8757-2023-112,2023,8757,Division Goldex,Agnico-Eagle Mines Lted,mining,-77.87222,48.0911,Boreal Shield,Southwestern Hudson Bay Drainage Area,NA - 40,Vanadium (and its compounds),tonnes,Off-Site Disposal / Élimination hors site,Tailings,42.93,https://www.canada.ca/en/environment-climate-change/services/national-pollutant-release-inventory/tools-resources-data/exploredata.html,POINT (-77.87222 48.0911)
npri-8757-2023-113,2023,8757,Division Goldex,Agnico-Eagle Mines Lted,mining,-77.87222,48.0911,Boreal Shield,Southwestern Hudson Bay Drainage Area,NA - 14,Zinc (and its compounds),tonnes,Off-Site Disposal / Élimination hors site,Tailings,30.19,https://www.canada.ca/en/environment-climate-change/services/national-pollutant-release-inventory/tools-resources-data/exploredata.html,POINT (-77.87222 48.0911)
npri-5219-2023-32,2023,5219,New Britannia Mine,Hudbay Minerals,mining,-100.0228,54.8864,Boreal Shield,Nelson River Drainage Area,NA - 02,Arsenic (and its compounds),kg,Off-Site Disposal / Élimination hors site,Tailings,144195.6,https://www.canada.ca/en/environment-climate-change/services/national-pollutant-release-inventory/tools-resources-data/exploredata.html,POINT (-100.0228 54.8864)
npri-5219-2023-33,2023,5219,New Britannia Mine,Hudbay Minerals,mining,-100.0228,54.8864,Boreal Shield,Nelson River Drainage Area,NA - 03,Cadmium (and its compounds),kg,Off-Site Disposal / Élimination hors site,Tailings,10107.4,https://www.canada.ca/en/environment-climate-change/services/national-pollutant-release-inventory/tools-resources-data/exploredata.html,POINT (-100.0228 54.8864)
npri-5219-2023-34,2023,5219,New Britannia Mine,Hudbay Minerals,mining,-100.0228,54.8864,Boreal Shield,Nelson River Drainage Area,NA - 06,Copper (and its compounds),tonnes,Off-Site Disposal / Élimination hors site,Tailings,326.51,https://www.canada.ca/en/environment-climate-change/services/national-pollutant-release-inventory/tools-resources-data/exploredata.html,POINT (-100.0228 54.8864)
npri-5219-2023-35,2023,5219,New Britannia Mine,Hudbay Minerals,mining,-100.0228,54.8864,Boreal Shield,Nelson River Drainage Area,NA - 08,Lead (and its compounds),kg,Off-Site Disposal / Élimination hors site,Tailings,278528.2,https://www.canada.ca/en/environment-climate-change/services/national-pollutant-release-inventory/tools-resources-data/exploredata.html,POINT (-100.0228 54.8864)
npri-5219-2023-36,2023,5219,New Britannia Mine,Hudbay Minerals,mining,-100.0228,54.8864,Boreal Shield,Nelson River Drainage Area,NA - 09,Manganese (and its compounds),tonnes,Off-Site Disposal / Élimination hors site,Tailings,10.35,https://www.canada.ca/en/environment-climate-change/services/national-pollutant-release-inventory/tools-resources-data/exploredata.html,POINT (-100.0228 54.8864)
npri-5219-2023-37,2023,5219,New Britannia Mine,Hudbay Minerals,mining,-100.0228,54.8864,Boreal Shield,Nelson River Drainage Area,NA - 14,Zinc (and its compounds),tonnes,Off-Site Disposal / Élimination hors site,Tailings,2354.11,https://www.canada.ca/en/environment-climate-change/services/national-pollutant-release-inventory/tools-resources-data/exploredata.html,POINT (-100.0228 54.8864)
npri-11588-2023-94,2023,11588,Nickel Rim South Mine,Glencore Canada Corporation,mining,-80.7972,46.658,Boreal Shield,St. Lawrence Drainage Area,NA - 02,Arsenic (and its compounds),kg,Off-Site Disposal / Élimination hors site,Waste Rock,7.686,https://www.canada.ca/en/environment-climate-change/services/national-pollutant-release-inventory/tools-resources-data/exploredata.html,POINT (-80.7972 46.658)
npri-11588-2023-95,2023,11588,Nickel Rim South Mine,Glencore Canada Corporation,mining,-80.7972,46.658,Boreal Shield,St. Lawrence Drainage Area,NA - 03,Cadmium (and its compounds),kg,Off-Site Disposal / Élimination hors site,Waste Rock,4.688,https://www.canada.ca/en/environment-climate-change/services/national-pollutant-release-inventory/tools-resources-data/exploredata.html,POINT (-80.7972 46.658)
npri-11588-2023-96,2023,11588,Nickel Rim South Mine,Glencore Canada Corporation,mining,-80.7972,46.658,Boreal Shield,St. Lawrence Drainage Area,NA - 05,Cobalt (and its compounds),kg,Off-Site Disposal / Élimination hors site,Waste Rock,261.324,https://www.canada.ca/en/environment-climate-change/services/national-pollutant-release-inventory/tools-resources-data/exploredata.html,POINT (-80.7972 46.658)
npri-11588-2023-97,2023,11588,Nickel Rim South Mine,Glencore Canada Corporation,mining,-80.7972,46.658,Boreal Shield,St. Lawrence Drainage Area,NA - 08,Lead (and its compounds),kg,Off-Site Disposal / Élimination hors site,Waste Rock,276.696,https://www.canada.ca/en/environment-climate-change/services/national-pollutant-release-inventory/tools-resources-data/exploredata.html,POINT (-80.7972 46.658)
npri-11588-2023-98,2023,11588,Nickel Rim South Mine,Glencore Canada Corporation,mining,-80.7972,46.658,Boreal Shield,St. Lawrence Drainage Area,NA - 12,Selenium (and its compounds),kg,Off-Site Disposal / Élimination hors site,Waste Rock,13.066,https://www.canada.ca/en/environment-climate-change/services/national-pollutant-release-inventory/tools-resources-data/exploredata.html,POINT (-80.7972 46.658)
npri-11588-2023-99,2023,11588,Nickel Rim South Mine,Glencore Canada Corporation,mining,-80.7972,46.658,Boreal Shield,St. Lawrence Drainage Area,NA - 37,Thallium (and its compounds),kg,Off-Site Disposal / Élimination hors site,Waste Rock,3.382,https://www.canada.ca/en/environment-climate-change/services/national-pollutant-release-inventory/tools-resources-data/exploredata.html,POINT (-80.7972 46.658)
npri-6217-2023-163,2023,6217,Mine de Mont-Wright,ArcelorMittal Exploitation Minière Canada s.e.n.c.,mining,-67.3197,52.7643,Boreal Shield,St. Lawrence Drainage Area,107-21-1,Ethylene glycol,tonnes,Transfers for Treatment / Transferts pour traitement,Chemical Treatment,50.449,https://www.canada.ca/en/environment-climate-change/services/national-pollutant-release-inventory/tools-resources-data/exploredata.html,POINT (-67.3197 52.7643)
npri-5013-2023-241,2023,5013,Carol Project,Iron Ore Company of Canada,mining,-66.8936,52.9565,Boreal Shield,Northern Québec and Labrador Drainage Area,107-21-1,Ethylene glycol,tonnes,Transfers for Recycling / Transferts pour recyclage,Energy Recovery,3.055,https://www.canada.ca/en/environment-climate-change/services/national-pollutant-release-inventory/tools-resources-data/exploredata.html,POINT (-66.8936 52.9565)
npri-8783-2023-172,2023,8783,Mine du Lac Bloom,MINERAI DE FER QUÉBEC INC.,mining,-67.2761,52.8383,Boreal Shield,Northern Québec and Labrador Drainage Area,107-21-1,Ethylene glycol,tonnes,Transfers for Recycling / Transferts pour recyclage,Solvent Recovery,10.007,https://www.canada.ca/en/environment-climate-change/services/national-pollutant-release-inventory/tools-resources-data/exploredata.html,POINT (-67.2761 52.8383)
npri-5448-2023-236,2023,5448,Mine Raglan,Glencore,mining,-73.6666,61.6916,Northern Arctic,Northern Québec and Labrador Drainage Area,107-21-1,Ethylene glycol,tonnes,Transfers for Recycling / Transferts pour recyclage,Organic Compound Recovery,8.474,https://www.canada.ca/en/environment-climate-change/services/national-pollutant-release-inventory/tools-resources-data/exploredata.html,POINT (-73.6666 61.6916)
npri-25188-2023-203,2023,25188,Mine Canadian Malartic,Agnico Eagle Mines Limited (MAIN),mining,-78.129272,48.124507,Boreal Shield,Southwestern Hudson Bay Drainage Area,NA - 04,Chromium (and its compounds),tonnes,Transfers for Recycling / Transferts pour recyclage,Metal Recovery,11.22,https://www.canada.ca/en/environment-climate-change/services/national-pollutant-release-inventory/tools-resources-data/exploredata.html,POINT (-78.129272 48.124507)
npri-25188-2023-204,2023,25188,Mine Canadian Malartic,Agnico Eagle Mines Limited (MAIN),mining,-78.129272,48.124507,Boreal Shield,Southwestern Hudson Bay Drainage Area,NA - 09,Manganese (and its compounds),tonnes,Transfers for Recycling / Transferts pour recyclage,Metal Recovery,4.44,https://www.canada.ca/en/environment-climate-change/services/national-pollutant-release-inventory/tools-resources-data/exploredata.html,POINT (-78.129272 48.124507)
npri-5448-2023-237,2023,5448,Mine Raglan,Glencore,mining,-73.6666,61.6916,Northern Arctic,Northern Québec and Labrador Drainage Area,NA - 06,Copper (and its compounds),tonnes,Transfers for Recycling / Transferts pour recyclage,Metal Recovery,46.75,https://www.canada.ca/en/environment-climate-change/services/national-pollutant-release-inventory/tools-resources-data/exploredata.html,POINT (-73.6666 61.6916)
npri-8803-2023-193,2023,8803,Mine Éléonore,Goldcorp Canada Ltd,mining,-76.05828,52.69871,Hudson Plain,Northern Québec and Labrador Drainage Area,NA - 08,Lead (and its compounds),kg,Transfers for Recycling / Transferts pour recyclage,Metal Recovery,5275.0,https://www.canada.ca/en/environment-climate-change/services/national-pollutant-release-inventory/tools-resources-data/exploredata.html,POINT (-76.05828 52.69871)
npri-8803-2023-194,2023,8803,Mine Éléonore,Goldcorp Canada Ltd,mining,-76.05828,52.69871,Hudson Plain,Northern Québec and Labrador Drainage Area,NA - 10,Mercury (and its compounds),kg,Transfers for Recycling / Transferts pour recyclage,Metal Recovery,0.00434,https://www.canada.ca/en/environment-climate-change/services/national-pollutant-release-inventory/tools-resources-data/exploredata.html,POINT (-76.05828 52.69871)
npri-3356-2023-142,2023,3356,Teck Highland Valley Copper Partnership,Teck Highland Valley Copper Partnership,mining,-121.027,50.4742,Montane Cordillera,Pacific Drainage Area,NA - 04,Chromium (and its compounds),tonnes,Transfers for Recycling / Transferts pour recyclage,Metal Recovery,89.766,https://www.canada.ca/en/environment-climate-change/services/national-pollutant-release-inventory/tools-resources-data/exploredata.html,POINT (-121.027 50.4742)
npri-3356-2023-143,2023,3356,Teck Highland Valley Copper Partnership,Teck Highland Valley Copper Partnership,mining,-121.027,50.4742,Montane Cordillera,Pacific Drainage Area,NA - 06,Copper (and its compounds),tonnes,Transfers for Recycling / Transferts pour recyclage,Metal Recovery,4.707,https://www.canada.ca/en/environment-climate-change/services/national-pollutant-release-inventory/tools-resources-data/exploredata.html,POINT (-121.027 50.4742)
npri-3356-2023-144,2023,3356,Teck Highland Valley Copper Partnership,Teck Highland Valley Copper Partnership,mining,-121.027,50.4742,Montane Cordillera,Pacific Drainage Area,NA - 09,Manganese (and its compounds),tonnes,Transfers for Recycling / Transferts pour recyclage,Metal Recovery,25.455,https://www.canada.ca/en/environment-climate-change/services/national-pollutant-release-inventory/tools-resources-data/exploredata.html,POINT (-121.027 50.4742)
npri-3356-2023-145,2023,3356,Teck Highland Valley Copper Partnership,Teck Highland Valley Copper Partnership,mining,-121.027,50.4742,Montane Cordillera,Pacific Drainage Area,NA - 11,Nickel (and its compounds),tonnes,Transfers for Recycling / Transferts pour recyclage,Metal Recovery,1.961,https://www.canada.ca/en/environment-climate-change/services/national-pollutant-release-inventory/tools-resources-data/exploredata.html,POINT (-121.027 50.4742)
npri-3356-2023-146,2023,3356,Teck Highland Valley Copper Partnership,Teck Highland Valley Copper Partnership,mining,-121.027,50.4742,Montane Cordillera,Pacific Drainage Area,NA - 22,Phosphorus (total),tonnes,Transfers for Recycling / Transferts pour recyclage,Metal Recovery,0.979,https://www.canada.ca/en/environment-climate-change/services/national-pollutant-release-inventory/tools-resources-data/exploredata.html,POINT (-121.027 50.4742)
npri-1147-2023-40,2023,1147,Rabbit Lake Operation,Cameco Corporation,mining,-103.7158,58.1938,Boreal Shield,Great Slave Lake Drainage Area,NA - 02,Arsenic (and its compounds),kg,Transfers for Recycling / Transferts pour recyclage,Used Oil Recovery,629.982,https://www.canada.ca/en/environment-climate-change/services/national-pollutant-release-inventory/tools-resources-data/exploredata.html,POINT (-103.7158 58.1938)
npri-1148-2023-159,2023,1148,Key Lake Operation,Cameco Corporation,mining,-105.6788,57.2122,Boreal Shield,Western and Northern Hudson Bay Drainage Area,NA - 02,Arsenic (and its compounds),kg,Transfers for Recycling / Transferts pour recyclage,Used Oil Recovery,556.24,https://www.canada.ca/en/environment-climate-change/services/national-pollutant-release-inventory/tools-resources-data/exploredata.html,POINT (-105.6788 57.2122)
npri-1149-2023-51,2023,1149,McArthur River Operation,Cameco Corporation,mining,-105.05,57.7622,Boreal Shield,Great Slave Lake Drainage Area,NA - 02,Arsenic (and its compounds),kg,Transfers for Recycling / Transferts pour recyclage,Used Oil Recovery,666.0,https://www.canada.ca/en/environment-climate-change/services/national-pollutant-release-inventory/tools-resources-data/exploredata.html,POINT (-105.05 57.7622)
npri-19397-2023-55,2023,19397,Cigar Lake Operation,Cameco Corporation,mining,-104.542,58.0676,Boreal Shield,Great Slave Lake Drainage Area,NA - 02,Arsenic (and its compounds),kg,Transfers for Recycling / Transferts pour recyclage,Used Oil Recovery,385.56,https://www.canada.ca/en/environment-climate-change/services/national-pollutant-release-inventory/tools-resources-data/exploredata.html,POINT (-104.542 58.0676)
npri-1147-2023-41,2023,1147,Rabbit Lake Operation,Cameco Corporation,mining,-103.7158,58.1938,Boreal Shield,Great Slave Lake Drainage Area,NA - 03,Cadmium (and its compounds),kg,Transfers for Recycling / Transferts pour recyclage,Used Oil Recovery,629.982,https://www.canada.ca/en/environment-climate-change/services/national-pollutant-release-inventory/tools-resources-data/exploredata.html,POINT (-103.7158 58.1938)
npri-1148-2023-160,2023,1148,Key Lake Operation,Cameco Corporation,mining,-105.6788,57.2122,Boreal Shield,Western and Northern Hudson Bay Drainage Area,NA - 03,Cadmium (and its compounds),kg,Transfers for Recycling / Transferts pour recyclage,Used Oil Recovery,556.24,https://www.canada.ca/en/environment-climate-change/services/national-pollutant-release-inventory/tools-resources-data/exploredata.html,POINT (-105.6788 57.2122)
npri-1149-2023-52,2023,1149,McArthur River Operation,Cameco Corporation,mining,-105.05,57.7622,Boreal Shield,Great Slave Lake Drainage Area,NA - 03,Cadmium (and its compounds),kg,Transfers for Recycling / Transferts pour recyclage,Used Oil Recovery,666.0,https://www.canada.ca/en/environment-climate-change/services/national-pollutant-release-inventory/tools-resources-data/exploredata.html,POINT (-105.05 57.7622)
npri-19397-2023-56,2023,19397,Cigar Lake Operation,Cameco Corporation,mining,-104.542,58.0676,Boreal Shield,Great Slave Lake Drainage Area,NA - 03,Cadmium (and its compounds),kg,Transfers for Recycling / Transferts pour recyclage,Used Oil Recovery,385.56,https://www.canada.ca/en/environment-climate-change/services/national-pollutant-release-inventory/tools-resources-data/exploredata.html,POINT (-104.542 58.0676)
npri-1147-2023-42,2023,1147,Rabbit Lake Operation,Cameco Corporation,mining,-103.7158,58.1938,Boreal Shield,Great Slave Lake Drainage Area,NA - 08,Lead (and its compounds),kg,Transfers for Recycling / Transferts pour recyclage,Used Oil Recovery,629.982,https://www.canada.ca/en/environment-climate-change/services/national-pollutant-release-inventory/tools-resources-data/exploredata.html,POINT (-103.7158 58.1938)
npri-1148-2023-161,2023,1148,Key Lake Operation,Cameco Corporation,mining,-105.6788,57.2122,Boreal Shield,Western and Northern Hudson Bay Drainage Area,NA - 08,Lead (and its compounds),kg,Transfers for Recycling / Transferts pour recyclage,Used Oil Recovery,556.24,https://www.canada.ca/en/environment-climate-change/services/national-pollutant-release-inventory/tools-resources-data/exploredata.html,POINT (-105.6788 57.2122)
npri-1149-2023-53,2023,1149,McArthur River Operation,Cameco Corporation,mining,-105.05,57.7622,Boreal Shield,Great Slave Lake Drainage Area,NA - 08,Lead (and its compounds),kg,Transfers for Recycling / Transferts pour recyclage,Used Oil Recovery,666.0,https://www.canada.ca/en/environment-climate-change/services/national-pollutant-release-inventory/tools-resources-data/exploredata.html,POINT (-105.05 57.7622)
npri-19397-2023-57,2023,19397,Cigar Lake Operation,Cameco Corporation,mining,-104.542,58.0676,Boreal Shield,Great Slave Lake Drainage Area,NA - 08,Lead (and its compounds),kg,Transfers for Recycling / Transferts pour recyclage,Used Oil Recovery,385.56,https://www.canada.ca/en/environment-climate-change/services/national-pollutant-release-inventory/tools-resources-data/exploredata.html,POINT (-104.542 58.0676)
npri-1148-2023-162,2023,1148,Key Lake Operation,Cameco Corporation,mining,-105.6788,57.2122,Boreal Shield,Western and Northern Hudson Bay Drainage Area,NA - 14,Zinc (and its compounds),tonnes,Transfers for Recycling / Transferts pour recyclage,Used Oil Recovery,0.556,https://www.canada.ca/en/environment-climate-change/services/national-pollutant-release-inventory/tools-resources-data/exploredata.html,POINT (-105.6788 57.2122)
npri-25434-2023-138,2023,25434,New Afton,New Gold Inc.,mining,-120.512424,50.66082,Montane Cordillera,Pacific Drainage Area,NA - P/H,"PAHs, total unspeciated",kg,Transfers for Recycling / Transferts pour recyclage,Used Oil Recovery,540.0,https://www.canada.ca/en/environment-climate-change/services/national-pollutant-release-inventory/tools-resources-data/exploredata.html,POINT (-120.512424 50.66082)
npri-6093-2023-243,2023,6093,Voisey's Bay Mine Site,Vale Newfoundland and Labrador Limited,mining,-62.0944,56.33778,Taiga Shield,Northern Québec and Labrador Drainage Area,107-21-1,Ethylene glycol,tonnes,Transfers for Recycling / Transferts pour recyclage,Other,56.975,https://www.canada.ca/en/environment-climate-change/services/national-pollutant-release-inventory/tools-resources-data/exploredata.html,POINT (-62.0944 56.33778)
npri-2986-2023-128,2023,2986,ArcelorMittal Contrecoeur Ouest,,manufacturing,-73.2661,45.8206,Mixedwood Plain,St. Lawrence Drainage Area,7429-90-5,Aluminum (fume or dust only),tonnes,On-Site Disposal / Élimination sur le site,Land Fill,73.456,https://www.canada.ca/en/environment-climate-change/services/national-pollutant-release-inventory/tools-resources-data/exploredata.html,POINT (-73.2661 45.8206)
npri-3649-2023-134,2023,3649,ArcelorMittal Contrecoeur Est,,manufacturing,-73.261054,45.833684,Mixedwood Plain,St. Lawrence Drainage Area,7429-90-5,Aluminum (fume or dust only),tonnes,On-Site Disposal / Élimination sur le site,Land Fill,78.311,https://www.canada.ca/en/environment-climate-change/services/national-pollutant-release-inventory/tools-resources-data/exploredata.html,POINT (-73.261054 45.833684)
npri-2986-2023-129,2023,2986,ArcelorMittal Contrecoeur Ouest,,manufacturing,-73.2661,45.8206,Mixedwood Plain,St. Lawrence Drainage Area,NA - 02,Arsenic (and its compounds),kg,On-Site Disposal / Élimination sur le site,Land Fill,131.613,https://www.canada.ca/en/environment-climate-change/services/national-pollutant-release-inventory/tools-resources-data/exploredata.html,POINT (-73.2661 45.8206)
npri-3649-2023-135,2023,3649,ArcelorMittal Contrecoeur Est,,manufacturing,-73.261054,45.833684,Mixedwood Plain,St. Lawrence Drainage Area,NA - 02,Arsenic (and its compounds),kg,On-Site Disposal / Élimination sur le site,Land Fill,247.776,https://www.canada.ca/en/environment-climate-change/services/national-pollutant-release-inventory/tools-resources-data/exploredata.html,POINT (-73.261054 45.833684)
npri-2986-2023-130,2023,2986,ArcelorMittal Contrecoeur Ouest,,manufacturing,-73.2661,45.8206,Mixedwood Plain,St. Lawrence Drainage Area,NA - 03,Cadmium (and its compounds),kg,On-Site Disposal / Élimination sur le site,Land Fill,229.675,https://www.canada.ca/en/environment-climate-change/services/national-pollutant-release-inventory/tools-resources-data/exploredata.html,POINT (-73.2661 45.8206)
npri-3649-2023-136,2023,3649,ArcelorMittal Contrecoeur Est,,manufacturing,-73.261054,45.833684,Mixedwood Plain,St. Lawrence Drainage Area,NA - 03,Cadmium (and its compounds),kg,On-Site Disposal / Élimination sur le site,Land Fill,1242.183,https://www.canada.ca/en/environment-climate-change/services/national-pollutant-release-inventory/tools-resources-data/exploredata.html,POINT (-73.261054 45.833684)
npri-2986-2023-131,2023,2986,ArcelorMittal Contrecoeur Ouest,,manufacturing,-73.2661,45.8206,Mixedwood Plain,St. Lawrence Drainage Area,7789-75-5,Calcium fluoride,tonnes,On-Site Disposal / Élimination sur le site,Land Fill,53.189,https://www.canada.ca/en/environment-climate-change/services/national-pollutant-release-inventory/tools-resources-data/exploredata.html,POINT (-73.2661 45.8206)
npri-3649-2023-137,2023,3649,ArcelorMittal Contrecoeur Est,,manufacturing,-73.261054,45.833684,Mixedwood Plain,St. Lawrence Drainage Area,7789-75-5,Calcium fluoride,tonnes,On-Site Disposal / Élimination sur le site,Land Fill,88.792,https://www.canada.ca/en/environment-climate-change/services/national-pollutant-release-inventory/tools-resources-data/exploredata.html,POINT (-73.261054 45.833684)
npri-2986-2023-132,2023,2986,ArcelorMittal Contrecoeur Ouest,,manufacturing,-73.2661,45.8206,Mixedwood Plain,St. Lawrence Drainage Area,NA - 04,Chromium (and its compounds),tonnes,On-Site Disposal / Élimination sur le site,Land Fill,27.141,https://www.canada.ca/en/environment-climate-change/services/national-pollutant-release-inventory/tools-resources-data/exploredata.html,POINT (-73.2661 45.8206)
npri-3649-2023-138,2023,3649,ArcelorMittal Contrecoeur Est,,manufacturing,-73.261054,45.833684,Mixedwood Plain,St. Lawrence Drainage Area,NA - 04,Chromium (and its compounds),tonnes,On-Site Disposal / Élimination sur le site,Land Fill,23.859,https://www.canada.ca/en/environment-climate-change/services/national-pollutant-release-inventory/tools-resources-data/exploredata.html,POINT (-73.261054 45.833684)
npri-2986-2023-133,2023,2986,ArcelorMittal Contrecoeur Ouest,,manufacturing,-73.2661,45.8206,Mixedwood Plain,St. Lawrence Drainage Area,NA - 06,Copper (and its compounds),tonnes,On-Site Disposal / Élimination sur le site,Land Fill,15.649,https://www.canada.ca/en/environment-climate-change/services/national-pollutant-release-inventory/tools-resources-data/exploredata.html,POINT (-73.2661 45.8206)
npri-3649-2023-139,2023,3649,ArcelorMittal Contrecoeur Est,,manufacturing,-73.261054,45.833684,Mixedwood Plain,St. Lawrence Drainage Area,NA - 06,Copper (and its compounds),tonnes,On-Site Disposal / Élimination sur le site,Land Fill,15.762,https://www.canada.ca/en/environment-climate-change/services/national-pollutant-release-inventory/tools-resources-data/exploredata.html,POINT (-73.261054 45.833684)
npri-2986-2023-134,2023,2986,ArcelorMittal Contrecoeur Ouest,,manufacturing,-73.2661,45.8206,Mixedwood Plain,St. Lawrence Drainage Area,NA - D/F,Dioxins and furans - total,g TEQ,On-Site Disposal / Élimination sur le site,Land Fill,0.372,https://www.canada.ca/en/environment-climate-change/services/national-pollutant-release-inventory/tools-resources-data/exploredata.html,POINT (-73.2661 45.8206)
npri-3649-2023-140,2023,3649,ArcelorMittal Contrecoeur Est,,manufacturing,-73.261054,45.833684,Mixedwood Plain,St. Lawrence Drainage Area,NA - D/F,Dioxins and furans - total,g TEQ,On-Site Disposal / Élimination sur le site,Land Fill,0.87,https://www.canada.ca/en/environment-climate-change/services/national-pollutant-release-inventory/tools-resources-data/exploredata.html,POINT (-73.261054 45.833684)
npri-2986-2023-135,2023,2986,ArcelorMittal Contrecoeur Ouest,,manufacturing,-73.2661,45.8206,Mixedwood Plain,St. Lawrence Drainage Area,NA - 08,Lead (and its compounds),kg,On-Site Disposal / Élimination sur le site,Land Fill,21280.907,https://www.canada.ca/en/environment-climate-change/services/national-pollutant-release-inventory/tools-resources-data/exploredata.html,POINT (-73.2661 45.8206)
npri-3649-2023-141,2023,3649,ArcelorMittal Contrecoeur Est,,manufacturing,-73.261054,45.833684,Mixedwood Plain,St. Lawrence Drainage Area,NA - 08,Lead (and its compounds),kg,On-Site Disposal / Élimination sur le site,Land Fill,25947.438,https://www.canada.ca/en/environment-climate-change/services/national-pollutant-release-inventory/tools-resources-data/exploredata.html,POINT (-73.261054 45.833684)
npri-2986-2023-136,2023,2986,ArcelorMittal Contrecoeur Ouest,,manufacturing,-73.2661,45.8206,Mixedwood Plain,St. Lawrence Drainage Area,NA - 09,Manganese (and its compounds),tonnes,On-Site Disposal / Élimination sur le site,Land Fill,223.977,https://www.canada.ca/en/environment-climate-change/services/national-pollutant-release-inventory/tools-resources-data/exploredata.html,POINT (-73.2661 45.8206)
npri-3649-2023-142,2023,3649,ArcelorMittal Contrecoeur Est,,manufacturing,-73.261054,45.833684,Mixedwood Plain,St. Lawrence Drainage Area,NA - 09,Manganese (and its compounds),tonnes,On-Site Disposal / Élimination sur le site,Land Fill,236.887,https://www.canada.ca/en/environment-climate-change/services/national-pollutant-release-inventory/tools-resources-data/exploredata.html,POINT (-73.261054 45.833684)
npri-2986-2023-137,2023,2986,ArcelorMittal Contrecoeur Ouest,,manufacturing,-73.2661,45.8206,Mixedwood Plain,St. Lawrence Drainage Area,NA - 10,Mercury (and its compounds),kg,On-Site Disposal / Élimination sur le site,Land Fill,5.66,https://www.canada.ca/en/environment-climate-change/services/national-pollutant-release-inventory/tools-resources-data/exploredata.html,POINT (-73.2661 45.8206)
npri-3649-2023-143,2023,3649,ArcelorMittal Contrecoeur Est,,manufacturing,-73.261054,45.833684,Mixedwood Plain,St. Lawrence Drainage Area,NA - 10,Mercury (and its compounds),kg,On-Site Disposal / Élimination sur le site,Land Fill,6.542,https://www.canada.ca/en/environment-climate-change/services/national-pollutant-release-inventory/tools-resources-data/exploredata.html,POINT (-73.261054 45.833684)
npri-2986-2023-138,2023,2986,ArcelorMittal Contrecoeur Ouest,,manufacturing,-73.2661,45.8206,Mixedwood Plain,St. Lawrence Drainage Area,NA - 12,Selenium (and its compounds),kg,On-Site Disposal / Élimination sur le site,Land Fill,132.284,https://www.canada.ca/en/environment-climate-change/services/national-pollutant-release-inventory/tools-resources-data/exploredata.html,POINT (-73.2661 45.8206)
npri-3649-2023-144,2023,3649,ArcelorMittal Contrecoeur Est,,manufacturing,-73.261054,45.833684,Mixedwood Plain,St. Lawrence Drainage Area,NA - 12,Selenium (and its compounds),kg,On-Site Disposal / Élimination sur le site,Land Fill,181.415,https://www.canada.ca/en/environment-climate-change/services/national-pollutant-release-inventory/tools-resources-data/exploredata.html,POINT (-73.261054 45.833684)
npri-2986-2023-139,2023,2986,ArcelorMittal Contrecoeur Ouest,,manufacturing,-73.2661,45.8206,Mixedwood Plain,St. Lawrence Drainage Area,NA - 14,Zinc (and its compounds),tonnes,On-Site Disposal / Élimination sur le site,Land Fill,858.686,https://www.canada.ca/en/environment-climate-change/services/national-pollutant-release-inventory/tools-resources-data/exploredata.html,POINT (-73.2661 45.8206)
npri-3649-2023-145,2023,3649,ArcelorMittal Contrecoeur Est,,manufacturing,-73.261054,45.833684,Mixedwood Plain,St. Lawrence Drainage Area,NA - 14,Zinc (and its compounds),tonnes,On-Site Disposal / Élimination sur le site,Land Fill,1158.631,https://www.canada.ca/en/environment-climate-change/services/national-pollutant-release-inventory/tools-resources-data/exploredata.html,POINT (-73.261054 45.833684)
npri-3824-2023-106,2023,3824,"Gerdau Ameristeel Corporation, Whitby Mill",,manufacturing,-78.9097,43.8578,Mixedwood Plain,St. Lawrence Drainage Area,NA - 02,Arsenic (and its compounds),kg,On-Site Disposal / Élimination sur le site,Land Fill,1830.0533,https://www.canada.ca/en/environment-climate-change/services/national-pollutant-release-inventory/tools-resources-data/exploredata.html,POINT (-78.9097 43.8578)
npri-3824-2023-107,2023,3824,"Gerdau Ameristeel Corporation, Whitby Mill",,manufacturing,-78.9097,43.8578,Mixedwood Plain,St. Lawrence Drainage Area,NA - 03,Cadmium (and its compounds),kg,On-Site Disposal / Élimination sur le site,Land Fill,1914.0792,https://www.canada.ca/en/environment-climate-change/services/national-pollutant-release-inventory/tools-resources-data/exploredata.html,POINT (-78.9097 43.8578)
npri-3824-2023-108,2023,3824,"Gerdau Ameristeel Corporation, Whitby Mill",,manufacturing,-78.9097,43.8578,Mixedwood Plain,St. Lawrence Drainage Area,NA - 04,Chromium (and its compounds),tonnes,On-Site Disposal / Élimination sur le site,Land Fill,59.8136,https://www.canada.ca/en/environment-climate-change/services/national-pollutant-release-inventory/tools-resources-data/exploredata.html,POINT (-78.9097 43.8578)
npri-3824-2023-109,2023,3824,"Gerdau Ameristeel Corporation, Whitby Mill",,manufacturing,-78.9097,43.8578,Mixedwood Plain,St. Lawrence Drainage Area,NA - 06,Copper (and its compounds),tonnes,On-Site Disposal / Élimination sur le site,Land Fill,298.9882,https://www.canada.ca/en/environment-climate-change/services/national-pollutant-release-inventory/tools-resources-data/exploredata.html,POINT (-78.9097 43.8578)
npri-1651-2023-94,2023,1651,"Gerdau Ameristeel Corporation, Manitoba Mill",,manufacturing,-96.9013,50.1302,Boreal Plain,Nelson River Drainage Area,NA - D/F,Dioxins and furans - total,g TEQ,On-Site Disposal / Élimination sur le site,Land Fill,15.458664,https://www.canada.ca/en/environment-climate-change/services/national-pollutant-release-inventory/tools-resources-data/exploredata.html,POINT (-96.9013 50.1302)
npri-1651-2023-95,2023,1651,"Gerdau Ameristeel Corporation, Manitoba Mill",,manufacturing,-96.9013,50.1302,Boreal Plain,Nelson River Drainage Area,118-74-1,Hexachlorobenzene,grams,On-Site Disposal / Élimination sur le site,Land Fill,200.97,https://www.canada.ca/en/environment-climate-change/services/national-pollutant-release-inventory/tools-resources-data/exploredata.html,POINT (-96.9013 50.1302)
npri-1651-2023-96,2023,1651,"Gerdau Ameristeel Corporation, Manitoba Mill",,manufacturing,-96.9013,50.1302,Boreal Plain,Nelson River Drainage Area,NA - 08,Lead (and its compounds),kg,On-Site Disposal / Élimination sur le site,Land Fill,204214.94,https://www.canada.ca/en/environment-climate-change/services/national-pollutant-release-inventory/tools-resources-data/exploredata.html,POINT (-96.9013 50.1302)
npri-3824-2023-110,2023,3824,"Gerdau Ameristeel Corporation, Whitby Mill",,manufacturing,-78.9097,43.8578,Mixedwood Plain,St. Lawrence Drainage Area,NA - 08,Lead (and its compounds),kg,On-Site Disposal / Élimination sur le site,Land Fill,154524.1636,https://www.canada.ca/en/environment-climate-change/services/national-pollutant-release-inventory/tools-resources-data/exploredata.html,POINT (-78.9097 43.8578)
npri-1651-2023-97,2023,1651,"Gerdau Ameristeel Corporation, Manitoba Mill",,manufacturing,-96.9013,50.1302,Boreal Plain,Nelson River Drainage Area,NA - 09,Manganese (and its compounds),tonnes,On-Site Disposal / Élimination sur le site,Land Fill,204.239,https://www.canada.ca/en/environment-climate-change/services/national-pollutant-release-inventory/tools-resources-data/exploredata.html,POINT (-96.9013 50.1302)
npri-3824-2023-111,2023,3824,"Gerdau Ameristeel Corporation, Whitby Mill",,manufacturing,-78.9097,43.8578,Mixedwood Plain,St. Lawrence Drainage Area,NA - 09,Manganese (and its compounds),tonnes,On-Site Disposal / Élimination sur le site,Land Fill,279.42,https://www.canada.ca/en/environment-climate-change/services/national-pollutant-release-inventory/tools-resources-data/exploredata.html,POINT (-78.9097 43.8578)
npri-1651-2023-98,2023,1651,"Gerdau Ameristeel Corporation, Manitoba Mill",,manufacturing,-96.9013,50.1302,Boreal Plain,Nelson River Drainage Area,NA - 10,Mercury (and its compounds),kg,On-Site Disposal / Élimination sur le site,Land Fill,123.96,https://www.canada.ca/en/environment-climate-change/services/national-pollutant-release-inventory/tools-resources-data/exploredata.html,POINT (-96.9013 50.1302)
npri-3824-2023-112,2023,3824,"Gerdau Ameristeel Corporation, Whitby Mill",,manufacturing,-78.9097,43.8578,Mixedwood Plain,St. Lawrence Drainage Area,NA - 10,Mercury (and its compounds),kg,On-Site Disposal / Élimination sur le site,Land Fill,298.7508,https://www.canada.ca/en/environment-climate-change/services/national-pollutant-release-inventory/tools-resources-data/exploredata.html,POINT (-78.9097 43.8578)
npri-3824-2023-113,2023,3824,"Gerdau Ameristeel Corporation, Whitby Mill",,manufacturing,-78.9097,43.8578,Mixedwood Plain,St. Lawrence Drainage Area,NA - 11,Nickel (and its compounds),tonnes,On-Site Disposal / Élimination sur le site,Land Fill,35.49,https://www.canada.ca/en/environment-climate-change/services/national-pollutant-release-inventory/tools-resources-data/exploredata.html,POINT (-78.9097 43.8578)
npri-3824-2023-114,2023,3824,"Gerdau Ameristeel Corporation, Whitby Mill",,manufacturing,-78.9097,43.8578,Mixedwood Plain,St. Lawrence Drainage Area,NA - 22,Phosphorus (total),tonnes,On-Site Disposal / Élimination sur le site,Land Fill,84.2207,https://www.canada.ca/en/environment-climate-change/services/national-pollutant-release-inventory/tools-resources-data/exploredata.html,POINT (-78.9097 43.8578)
npri-1651-2023-99,2023,1651,"Gerdau Ameristeel Corporation, Manitoba Mill",,manufacturing,-96.9013,50.1302,Boreal Plain,Nelson River Drainage Area,NA - 12,Selenium (and its compounds),kg,On-Site Disposal / Élimination sur le site,Land Fill,129.51,https://www.canada.ca/en/environment-climate-change/services/national-pollutant-release-inventory/tools-resources-data/exploredata.html,POINT (-96.9013 50.1302)
npri-1651-2023-100,2023,1651,"Gerdau Ameristeel Corporation, Manitoba Mill",,manufacturing,-96.9013,50.1302,Boreal Plain,Nelson River Drainage Area,NA - 14,Zinc (and its compounds),tonnes,On-Site Disposal / Élimination sur le site,Land Fill,1155.96,https://www.canada.ca/en/environment-climate-change/services/national-pollutant-release-inventory/tools-resources-data/exploredata.html,POINT (-96.9013 50.1302)
npri-3824-2023-115,2023,3824,"Gerdau Ameristeel Corporation, Whitby Mill",,manufacturing,-78.9097,43.8578,Mixedwood Plain,St. Lawrence Drainage Area,NA - 14,Zinc (and its compounds),tonnes,On-Site Disposal / Élimination sur le site,Land Fill,1639.719,https://www.canada.ca/en/environment-climate-change/services/national-pollutant-release-inventory/tools-resources-data/exploredata.html,POINT (-78.9097 43.8578)
npri-1236-2023-203,2023,1236,Sudbury Integrated Nickel Operations Smelter,,manufacturing,-80.8042,46.5775,Boreal Shield,St. Lawrence Drainage Area,NA - 02,Arsenic (and its compounds),kg,On-Site Disposal / Élimination sur le site,Land Fill,0.4001,https://www.canada.ca/en/environment-climate-change/services/national-pollutant-release-inventory/tools-resources-data/exploredata.html,POINT (-80.8042 46.5775)
npri-1236-2023-204,2023,1236,Sudbury Integrated Nickel Operations Smelter,,manufacturing,-80.8042,46.5775,Boreal Shield,St. Lawrence Drainage Area,NA - 03,Cadmium (and its compounds),kg,On-Site Disposal / Élimination sur le site,Land Fill,1.4939,https://www.canada.ca/en/environment-climate-change/services/national-pollutant-release-inventory/tools-resources-data/exploredata.html,POINT (-80.8042 46.5775)
npri-1236-2023-205,2023,1236,Sudbury Integrated Nickel Operations Smelter,,manufacturing,-80.8042,46.5775,Boreal Shield,St. Lawrence Drainage Area,NA - 04,Chromium (and its compounds),tonnes,On-Site Disposal / Élimination sur le site,Land Fill,0.0058,https://www.canada.ca/en/environment-climate-change/services/national-pollutant-release-inventory/tools-resources-data/exploredata.html,POINT (-80.8042 46.5775)
npri-1236-2023-206,2023,1236,Sudbury Integrated Nickel Operations Smelter,,manufacturing,-80.8042,46.5775,Boreal Shield,St. Lawrence Drainage Area,NA - 05,Cobalt (and its compounds),kg,On-Site Disposal / Élimination sur le site,Land Fill,7.0899,https://www.canada.ca/en/environment-climate-change/services/national-pollutant-release-inventory/tools-resources-data/exploredata.html,POINT (-80.8042 46.5775)
npri-1236-2023-207,2023,1236,Sudbury Integrated Nickel Operations Smelter,,manufacturing,-80.8042,46.5775,Boreal Shield,St. Lawrence Drainage Area,NA - 06,Copper (and its compounds),tonnes,On-Site Disposal / Élimination sur le site,Land Fill,0.0122,https://www.canada.ca/en/environment-climate-change/services/national-pollutant-release-inventory/tools-resources-data/exploredata.html,POINT (-80.8042 46.5775)
npri-1236-2023-208,2023,1236,Sudbury Integrated Nickel Operations Smelter,,manufacturing,-80.8042,46.5775,Boreal Shield,St. Lawrence Drainage Area,NA - 08,Lead (and its compounds),kg,On-Site Disposal / Élimination sur le site,Land Fill,0.9116,https://www.canada.ca/en/environment-climate-change/services/national-pollutant-release-inventory/tools-resources-data/exploredata.html,POINT (-80.8042 46.5775)
npri-1236-2023-209,2023,1236,Sudbury Integrated Nickel Operations Smelter,,manufacturing,-80.8042,46.5775,Boreal Shield,St. Lawrence Drainage Area,NA - 09,Manganese (and its compounds),tonnes,On-Site Disposal / Élimination sur le site,Land Fill,0.0012,https://www.canada.ca/en/environment-climate-change/services/national-pollutant-release-inventory/tools-resources-data/exploredata.html,POINT (-80.8042 46.5775)
npri-1236-2023-210,2023,1236,Sudbury Integrated Nickel Operations Smelter,,manufacturing,-80.8042,46.5775,Boreal Shield,St. Lawrence Drainage Area,NA - 11,Nickel (and its compounds),tonnes,On-Site Disposal / Élimination sur le site,Land Fill,0.0261,https://www.canada.ca/en/environment-climate-change/services/national-pollutant-release-inventory/tools-resources-data/exploredata.html,POINT (-80.8042 46.5775)
npri-1236-2023-211,2023,1236,Sudbury Integrated Nickel Operations Smelter,,manufacturing,-80.8042,46.5775,Boreal Shield,St. Lawrence Drainage Area,NA - 12,Selenium (and its compounds),kg,On-Site Disposal / Élimination sur le site,Land Fill,0.0279,https://www.canada.ca/en/environment-climate-change/services/national-pollutant-release-inventory/tools-resources-data/exploredata.html,POINT (-80.8042 46.5775)
npri-1236-2023-212,2023,1236,Sudbury Integrated Nickel Operations Smelter,,manufacturing,-80.8042,46.5775,Boreal Shield,St. Lawrence Drainage Area,NA - 40,Vanadium (and its compounds),tonnes,On-Site Disposal / Élimination sur le site,Land Fill,0.0013,https://www.canada.ca/en/environment-climate-change/services/national-pollutant-release-inventory/tools-resources-data/exploredata.html,POINT (-80.8042 46.5775)
npri-1236-2023-213,2023,1236,Sudbury Integrated Nickel Operations Smelter,,manufacturing,-80.8042,46.5775,Boreal Shield,St. Lawrence Drainage Area,NA - 14,Zinc (and its compounds),tonnes,On-Site Disposal / Élimination sur le site,Land Fill,0.0009,https://www.canada.ca/en/environment-climate-change/services/national-pollutant-release-inventory/tools-resources-data/exploredata.html,POINT (-80.8042 46.5775)
npri-6279-2023-10,2023,6279,METRA ALUMINIUM INC.,,manufacturing,-73.724527,45.577583,Mixedwood Plain,St. Lawrence Drainage Area,NA - 19,Hexavalent chromium (and its compounds),kg,On-Site Disposal / Élimination sur le site,Land Fill,490.0,https://www.canada.ca/en/environment-climate-change/services/national-pollutant-release-inventory/tools-resources-data/exploredata.html,POINT (-73.724527 45.577583)
npri-959-2023-21,2023,959,Usine de coulée continue de Montréal-Est,,manufacturing,-73.5132,45.6291,Mixedwood Plain,St. Lawrence Drainage Area,NA - 06,Copper (and its compounds),tonnes,On-Site Disposal / Élimination sur le site,Land Fill,0.5,https://www.canada.ca/en/environment-climate-change/services/national-pollutant-release-inventory/tools-resources-data/exploredata.html,POINT (-73.5132 45.6291)
npri-2788-2023-201,2023,2788,Rio Tinto Alcan Inc.,,manufacturing,-128.7036,54.0102,Pacific Maritime,Pacific Drainage Area,NA - 10,Mercury (and its compounds),kg,On-Site Disposal / Élimination sur le site,Land Fill,0.001,https://www.canada.ca/en/environment-climate-change/services/national-pollutant-release-inventory/tools-resources-data/exploredata.html,POINT (-128.7036 54.0102)
npri-2978-2023-42,2023,2978,Usine Vaudreuil,,manufacturing,-71.17462,48.42787,Boreal Shield,St. Lawrence Drainage Area,NA - 12,Selenium (and its compounds),kg,On-Site Disposal / Élimination sur le site,Land Fill,5738.0,https://www.canada.ca/en/environment-climate-change/services/national-pollutant-release-inventory/tools-resources-data/exploredata.html,POINT (-71.17462 48.42787)
npri-3855-2023-300,2023,3855,Lake Erie,,manufacturing,-80.0967,42.81,Mixedwood Plain,St. Lawrence Drainage Area,NA - 02,Arsenic (and its compounds),kg,On-Site Disposal / Élimination sur le site,Land Fill,615.21,https://www.canada.ca/en/environment-climate-change/services/national-pollutant-release-inventory/tools-resources-data/exploredata.html,POINT (-80.0967 42.81)
npri-3855-2023-301,2023,3855,Lake Erie,,manufacturing,-80.0967,42.81,Mixedwood Plain,St. Lawrence Drainage Area,NA - 03,Cadmium (and its compounds),kg,On-Site Disposal / Élimination sur le site,Land Fill,254.9,https://www.canada.ca/en/environment-climate-change/services/national-pollutant-release-inventory/tools-resources-data/exploredata.html,POINT (-80.0967 42.81)
npri-3855-2023-302,2023,3855,Lake Erie,,manufacturing,-80.0967,42.81,Mixedwood Plain,St. Lawrence Drainage Area,NA - 04,Chromium (and its compounds),tonnes,On-Site Disposal / Élimination sur le site,Land Fill,7.0334,https://www.canada.ca/en/environment-climate-change/services/national-pollutant-release-inventory/tools-resources-data/exploredata.html,POINT (-80.0967 42.81)
npri-3855-2023-303,2023,3855,Lake Erie,,manufacturing,-80.0967,42.81,Mixedwood Plain,St. Lawrence Drainage Area,NA - 05,Cobalt (and its compounds),kg,On-Site Disposal / Élimination sur le site,Land Fill,181.6,https://www.canada.ca/en/environment-climate-change/services/national-pollutant-release-inventory/tools-resources-data/exploredata.html,POINT (-80.0967 42.81)
npri-3855-2023-304,2023,3855,Lake Erie,,manufacturing,-80.0967,42.81,Mixedwood Plain,St. Lawrence Drainage Area,NA - 06,Copper (and its compounds),tonnes,On-Site Disposal / Élimination sur le site,Land Fill,1.6171,https://www.canada.ca/en/environment-climate-change/services/national-pollutant-release-inventory/tools-resources-data/exploredata.html,POINT (-80.0967 42.81)
npri-3855-2023-305,2023,3855,Lake Erie,,manufacturing,-80.0967,42.81,Mixedwood Plain,St. Lawrence Drainage Area,NA - 09,Manganese (and its compounds),tonnes,On-Site Disposal / Élimination sur le site,Land Fill,148.1593,https://www.canada.ca/en/environment-climate-change/services/national-pollutant-release-inventory/tools-resources-data/exploredata.html,POINT (-80.0967 42.81)
npri-3855-2023-306,2023,3855,Lake Erie,,manufacturing,-80.0967,42.81,Mixedwood Plain,St. Lawrence Drainage Area,NA - 10,Mercury (and its compounds),kg,On-Site Disposal / Élimination sur le site,Land Fill,4.394,https://www.canada.ca/en/environment-climate-change/services/national-pollutant-release-inventory/tools-resources-data/exploredata.html,POINT (-80.0967 42.81)
npri-3855-2023-307,2023,3855,Lake Erie,,manufacturing,-80.0967,42.81,Mixedwood Plain,St. Lawrence Drainage Area,NA - 11,Nickel (and its compounds),tonnes,On-Site Disposal / Élimination sur le site,Land Fill,1.1132,https://www.canada.ca/en/environment-climate-change/services/national-pollutant-release-inventory/tools-resources-data/exploredata.html,POINT (-80.0967 42.81)
npri-3855-2023-308,2023,3855,Lake Erie,,manufacturing,-80.0967,42.81,Mixedwood Plain,St. Lawrence Drainage Area,NA - 12,Selenium (and its compounds),kg,On-Site Disposal / Élimination sur le site,Land Fill,146.478,https://www.canada.ca/en/environment-climate-change/services/national-pollutant-release-inventory/tools-resources-data/exploredata.html,POINT (-80.0967 42.81)
npri-3855-2023-309,2023,3855,Lake Erie,,manufacturing,-80.0967,42.81,Mixedwood Plain,St. Lawrence Drainage Area,NA - 40,Vanadium (and its compounds),tonnes,On-Site Disposal / Élimination sur le site,Land Fill,4.1178,https://www.canada.ca/en/environment-climate-change/services/national-pollutant-release-inventory/tools-resources-data/exploredata.html,POINT (-80.0967 42.81)
npri-3802-2023-178,2023,3802,Trail Operations,,manufacturing,-117.7178,49.0999,Montane Cordillera,Pacific Drainage Area,NA - 02,Arsenic (and its compounds),kg,On-Site Disposal / Élimination sur le site,Land Fill,0.93,https://www.canada.ca/en/environment-climate-change/services/national-pollutant-release-inventory/tools-resources-data/exploredata.html,POINT (-117.7178 49.0999)
npri-3802-2023-179,2023,3802,Trail Operations,,manufacturing,-117.7178,49.0999,Montane Cordillera,Pacific Drainage Area,1332-21-4,Asbestos (friable form only),tonnes,On-Site Disposal / Élimination sur le site,Land Fill,0.28,https://www.canada.ca/en/environment-climate-change/services/national-pollutant-release-inventory/tools-resources-data/exploredata.html,POINT (-117.7178 49.0999)
npri-1471-2023-88,2023,1471,Port Colborne Refinery,,manufacturing,-79.2405,42.8826,Mixedwood Plain,St. Lawrence Drainage Area,NA - 02,Arsenic (and its compounds),kg,On-Site Disposal / Élimination sur le site,Land Fill,1420.0,https://www.canada.ca/en/environment-climate-change/services/national-pollutant-release-inventory/tools-resources-data/exploredata.html,POINT (-79.2405 42.8826)
npri-1471-2023-89,2023,1471,Port Colborne Refinery,,manufacturing,-79.2405,42.8826,Mixedwood Plain,St. Lawrence Drainage Area,NA - 05,Cobalt (and its compounds),kg,On-Site Disposal / Élimination sur le site,Land Fill,9230.0,https://www.canada.ca/en/environment-climate-change/services/national-pollutant-release-inventory/tools-resources-data/exploredata.html,POINT (-79.2405 42.8826)
npri-1471-2023-90,2023,1471,Port Colborne Refinery,,manufacturing,-79.2405,42.8826,Mixedwood Plain,St. Lawrence Drainage Area,NA - 06,Copper (and its compounds),tonnes,On-Site Disposal / Élimination sur le site,Land Fill,8.98,https://www.canada.ca/en/environment-climate-change/services/national-pollutant-release-inventory/tools-resources-data/exploredata.html,POINT (-79.2405 42.8826)
npri-1471-2023-91,2023,1471,Port Colborne Refinery,,manufacturing,-79.2405,42.8826,Mixedwood Plain,St. Lawrence Drainage Area,NA - 08,Lead (and its compounds),kg,On-Site Disposal / Élimination sur le site,Land Fill,179.73,https://www.canada.ca/en/environment-climate-change/services/national-pollutant-release-inventory/tools-resources-data/exploredata.html,POINT (-79.2405 42.8826)
npri-1471-2023-92,2023,1471,Port Colborne Refinery,,manufacturing,-79.2405,42.8826,Mixedwood Plain,St. Lawrence Drainage Area,NA - 11,Nickel (and its compounds),tonnes,On-Site Disposal / Élimination sur le site,Land Fill,14.83,https://www.canada.ca/en/environment-climate-change/services/national-pollutant-release-inventory/tools-resources-data/exploredata.html,POINT (-79.2405 42.8826)
npri-1070-2023-258,2023,1070,Algoma Steel Inc,,manufacturing,-84.3697,46.5208,Boreal Shield,St. Lawrence Drainage Area,NA - 16,Ammonia (total),tonnes,On-Site Disposal / Élimination sur le site,Land Treatment,2461.0,https://www.canada.ca/en/environment-climate-change/services/national-pollutant-release-inventory/tools-resources-data/exploredata.html,POINT (-84.3697 46.5208)
npri-7080-2023-18,2023,7080,"Magellan Aerospace, Haley",,manufacturing,-76.74959,45.59646,Mixedwood Plain,St. Lawrence Drainage Area,NA - 14,Zinc (and its compounds),tonnes,On-Site Disposal / Élimination sur le site,Land Treatment,0.178,https://www.canada.ca/en/environment-climate-change/services/national-pollutant-release-inventory/tools-resources-data/exploredata.html,POINT (-76.74959 45.59646)
npri-34014-2023-11,2023,34014,Cobalt Camp Refinery Ltd.,,manufacturing,-79.62202,47.40684,Boreal Shield,St. Lawrence Drainage Area,NA - 05,Cobalt (and its compounds),kg,On-Site Disposal / Élimination sur le site,Tailings,85.0,https://www.canada.ca/en/environment-climate-change/services/national-pollutant-release-inventory/tools-resources-data/exploredata.html,POINT (-79.62202 47.40684)
npri-3623-2023-163,2023,3623,Glencore Canada Corporation - Fonderie Horne,,manufacturing,-79.00796,48.25935,Boreal Shield,St. Lawrence Drainage Area,NA - 02,Arsenic (and its compounds),kg,On-Site Disposal / Élimination sur le site,Tailings,831443.16,https://www.canada.ca/en/environment-climate-change/services/national-pollutant-release-inventory/tools-resources-data/exploredata.html,POINT (-79.00796 48.25935)
npri-3623-2023-164,2023,3623,Glencore Canada Corporation - Fonderie Horne,,manufacturing,-79.00796,48.25935,Boreal Shield,St. Lawrence Drainage Area,NA - 03,Cadmium (and its compounds),kg,On-Site Disposal / Élimination sur le site,Tailings,101002.3,https://www.canada.ca/en/environment-climate-change/services/national-pollutant-release-inventory/tools-resources-data/exploredata.html,POINT (-79.00796 48.25935)
npri-3623-2023-165,2023,3623,Glencore Canada Corporation - Fonderie Horne,,manufacturing,-79.00796,48.25935,Boreal Shield,St. Lawrence Drainage Area,NA - 04,Chromium (and its compounds),tonnes,On-Site Disposal / Élimination sur le site,Tailings,612.8937,https://www.canada.ca/en/environment-climate-change/services/national-pollutant-release-inventory/tools-resources-data/exploredata.html,POINT (-79.00796 48.25935)
npri-3623-2023-166,2023,3623,Glencore Canada Corporation - Fonderie Horne,,manufacturing,-79.00796,48.25935,Boreal Shield,St. Lawrence Drainage Area,NA - 05,Cobalt (and its compounds),kg,On-Site Disposal / Élimination sur le site,Tailings,162146.62,https://www.canada.ca/en/environment-climate-change/services/national-pollutant-release-inventory/tools-resources-data/exploredata.html,POINT (-79.00796 48.25935)
npri-3623-2023-167,2023,3623,Glencore Canada Corporation - Fonderie Horne,,manufacturing,-79.00796,48.25935,Boreal Shield,St. Lawrence Drainage Area,NA - 06,Copper (and its compounds),tonnes,On-Site Disposal / Élimination sur le site,Tailings,5355.5343,https://www.canada.ca/en/environment-climate-change/services/national-pollutant-release-inventory/tools-resources-data/exploredata.html,POINT (-79.00796 48.25935)
npri-3623-2023-168,2023,3623,Glencore Canada Corporation - Fonderie Horne,,manufacturing,-79.00796,48.25935,Boreal Shield,St. Lawrence Drainage Area,NA - 08,Lead (and its compounds),kg,On-Site Disposal / Élimination sur le site,Tailings,1275333.45,https://www.canada.ca/en/environment-climate-change/services/national-pollutant-release-inventory/tools-resources-data/exploredata.html,POINT (-79.00796 48.25935)
npri-3623-2023-169,2023,3623,Glencore Canada Corporation - Fonderie Horne,,manufacturing,-79.00796,48.25935,Boreal Shield,St. Lawrence Drainage Area,NA - 09,Manganese (and its compounds),tonnes,On-Site Disposal / Élimination sur le site,Tailings,551.453,https://www.canada.ca/en/environment-climate-change/services/national-pollutant-release-inventory/tools-resources-data/exploredata.html,POINT (-79.00796 48.25935)
npri-3623-2023-170,2023,3623,Glencore Canada Corporation - Fonderie Horne,,manufacturing,-79.00796,48.25935,Boreal Shield,St. Lawrence Drainage Area,NA - 10,Mercury (and its compounds),kg,On-Site Disposal / Élimination sur le site,Tailings,3451.45,https://www.canada.ca/en/environment-climate-change/services/national-pollutant-release-inventory/tools-resources-data/exploredata.html,POINT (-79.00796 48.25935)
npri-3623-2023-171,2023,3623,Glencore Canada Corporation - Fonderie Horne,,manufacturing,-79.00796,48.25935,Boreal Shield,St. Lawrence Drainage Area,NA - 11,Nickel (and its compounds),tonnes,On-Site Disposal / Élimination sur le site,Tailings,1409.088,https://www.canada.ca/en/environment-climate-change/services/national-pollutant-release-inventory/tools-resources-data/exploredata.html,POINT (-79.00796 48.25935)
npri-3623-2023-172,2023,3623,Glencore Canada Corporation - Fonderie Horne,,manufacturing,-79.00796,48.25935,Boreal Shield,St. Lawrence Drainage Area,NA - 12,Selenium (and its compounds),kg,On-Site Disposal / Élimination sur le site,Tailings,31184.18,https://www.canada.ca/en/environment-climate-change/services/national-pollutant-release-inventory/tools-resources-data/exploredata.html,POINT (-79.00796 48.25935)
npri-3623-2023-173,2023,3623,Glencore Canada Corporation - Fonderie Horne,,manufacturing,-79.00796,48.25935,Boreal Shield,St. Lawrence Drainage Area,NA - 14,Zinc (and its compounds),tonnes,On-Site Disposal / Élimination sur le site,Tailings,16774.3998,https://www.canada.ca/en/environment-climate-change/services/national-pollutant-release-inventory/tools-resources-data/exploredata.html,POINT (-79.00796 48.25935)
npri-4806-2023-164,2023,4806,Rio Tinto Fer et Titane inc.- Complexe  de Sorel-Tracy,,manufacturing,-73.13692,46.04043,Mixedwood Plain,St. Lawrence Drainage Area,NA - 02,Arsenic (and its compounds),kg,On-Site Disposal / Élimination sur le site,Tailings,381.022,https://www.canada.ca/en/environment-climate-change/services/national-pollutant-release-inventory/tools-resources-data/exploredata.html,POINT (-73.13692 46.04043)
npri-4806-2023-165,2023,4806,Rio Tinto Fer et Titane inc.- Complexe  de Sorel-Tracy,,manufacturing,-73.13692,46.04043,Mixedwood Plain,St. Lawrence Drainage Area,NA - 03,Cadmium (and its compounds),kg,On-Site Disposal / Élimination sur le site,Tailings,104.0,https://www.canada.ca/en/environment-climate-change/services/national-pollutant-release-inventory/tools-resources-data/exploredata.html,POINT (-73.13692 46.04043)
npri-4806-2023-166,2023,4806,Rio Tinto Fer et Titane inc.- Complexe  de Sorel-Tracy,,manufacturing,-73.13692,46.04043,Mixedwood Plain,St. Lawrence Drainage Area,NA - 04,Chromium (and its compounds),tonnes,On-Site Disposal / Élimination sur le site,Tailings,102.6,https://www.canada.ca/en/environment-climate-change/services/national-pollutant-release-inventory/tools-resources-data/exploredata.html,POINT (-73.13692 46.04043)
npri-4806-2023-167,2023,4806,Rio Tinto Fer et Titane inc.- Complexe  de Sorel-Tracy,,manufacturing,-73.13692,46.04043,Mixedwood Plain,St. Lawrence Drainage Area,NA - 05,Cobalt (and its compounds),kg,On-Site Disposal / Élimination sur le site,Tailings,94110.0,https://www.canada.ca/en/environment-climate-change/services/national-pollutant-release-inventory/tools-resources-data/exploredata.html,POINT (-73.13692 46.04043)
npri-4806-2023-168,2023,4806,Rio Tinto Fer et Titane inc.- Complexe  de Sorel-Tracy,,manufacturing,-73.13692,46.04043,Mixedwood Plain,St. Lawrence Drainage Area,NA - 06,Copper (and its compounds),tonnes,On-Site Disposal / Élimination sur le site,Tailings,36.13,https://www.canada.ca/en/environment-climate-change/services/national-pollutant-release-inventory/tools-resources-data/exploredata.html,POINT (-73.13692 46.04043)
npri-4806-2023-169,2023,4806,Rio Tinto Fer et Titane inc.- Complexe  de Sorel-Tracy,,manufacturing,-73.13692,46.04043,Mixedwood Plain,St. Lawrence Drainage Area,NA - 08,Lead (and its compounds),kg,On-Site Disposal / Élimination sur le site,Tailings,23312.0,https://www.canada.ca/en/environment-climate-change/services/national-pollutant-release-inventory/tools-resources-data/exploredata.html,POINT (-73.13692 46.04043)
npri-4806-2023-170,2023,4806,Rio Tinto Fer et Titane inc.- Complexe  de Sorel-Tracy,,manufacturing,-73.13692,46.04043,Mixedwood Plain,St. Lawrence Drainage Area,NA - 09,Manganese (and its compounds),tonnes,On-Site Disposal / Élimination sur le site,Tailings,239.6,https://www.canada.ca/en/environment-climate-change/services/national-pollutant-release-inventory/tools-resources-data/exploredata.html,POINT (-73.13692 46.04043)
npri-4806-2023-171,2023,4806,Rio Tinto Fer et Titane inc.- Complexe  de Sorel-Tracy,,manufacturing,-73.13692,46.04043,Mixedwood Plain,St. Lawrence Drainage Area,NA - 10,Mercury (and its compounds),kg,On-Site Disposal / Élimination sur le site,Tailings,424.174,https://www.canada.ca/en/environment-climate-change/services/national-pollutant-release-inventory/tools-resources-data/exploredata.html,POINT (-73.13692 46.04043)
npri-4806-2023-172,2023,4806,Rio Tinto Fer et Titane inc.- Complexe  de Sorel-Tracy,,manufacturing,-73.13692,46.04043,Mixedwood Plain,St. Lawrence Drainage Area,NA - 11,Nickel (and its compounds),tonnes,On-Site Disposal / Élimination sur le site,Tailings,10.43,https://www.canada.ca/en/environment-climate-change/services/national-pollutant-release-inventory/tools-resources-data/exploredata.html,POINT (-73.13692 46.04043)
npri-4806-2023-173,2023,4806,Rio Tinto Fer et Titane inc.- Complexe  de Sorel-Tracy,,manufacturing,-73.13692,46.04043,Mixedwood Plain,St. Lawrence Drainage Area,NA - 22,Phosphorus (total),tonnes,On-Site Disposal / Élimination sur le site,Tailings,0.001,https://www.canada.ca/en/environment-climate-change/services/national-pollutant-release-inventory/tools-resources-data/exploredata.html,POINT (-73.13692 46.04043)
npri-4806-2023-174,2023,4806,Rio Tinto Fer et Titane inc.- Complexe  de Sorel-Tracy,,manufacturing,-73.13692,46.04043,Mixedwood Plain,St. Lawrence Drainage Area,NA - 12,Selenium (and its compounds),kg,On-Site Disposal / Élimination sur le site,Tailings,215.6,https://www.canada.ca/en/environment-climate-change/services/national-pollutant-release-inventory/tools-resources-data/exploredata.html,POINT (-73.13692 46.04043)
npri-4806-2023-175,2023,4806,Rio Tinto Fer et Titane inc.- Complexe  de Sorel-Tracy,,manufacturing,-73.13692,46.04043,Mixedwood Plain,St. Lawrence Drainage Area,NA - 40,Vanadium (and its compounds),tonnes,On-Site Disposal / Élimination sur le site,Tailings,16.76,https://www.canada.ca/en/environment-climate-change/services/national-pollutant-release-inventory/tools-resources-data/exploredata.html,POINT (-73.13692 46.04043)
npri-4806-2023-176,2023,4806,Rio Tinto Fer et Titane inc.- Complexe  de Sorel-Tracy,,manufacturing,-73.13692,46.04043,Mixedwood Plain,St. Lawrence Drainage Area,NA - 14,Zinc (and its compounds),tonnes,On-Site Disposal / Élimination sur le site,Tailings,260.61,https://www.canada.ca/en/environment-climate-change/services/national-pollutant-release-inventory/tools-resources-data/exploredata.html,POINT (-73.13692 46.04043)
npri-10622-2023-55,2023,10622,SMC (Canada) Ltd.,,manufacturing,-79.6663,47.3727,Boreal Shield,St. Lawrence Drainage Area,NA - 02,Arsenic (and its compounds),kg,On-Site Disposal / Élimination sur le site,Tailings,111.472,https://www.canada.ca/en/environment-climate-change/services/national-pollutant-release-inventory/tools-resources-data/exploredata.html,POINT (-79.6663 47.3727)
npri-10622-2023-56,2023,10622,SMC (Canada) Ltd.,,manufacturing,-79.6663,47.3727,Boreal Shield,St. Lawrence Drainage Area,NA - 03,Cadmium (and its compounds),kg,On-Site Disposal / Élimination sur le site,Tailings,84.871,https://www.canada.ca/en/environment-climate-change/services/national-pollutant-release-inventory/tools-resources-data/exploredata.html,POINT (-79.6663 47.3727)
npri-10622-2023-57,2023,10622,SMC (Canada) Ltd.,,manufacturing,-79.6663,47.3727,Boreal Shield,St. Lawrence Drainage Area,NA - 04,Chromium (and its compounds),tonnes,On-Site Disposal / Élimination sur le site,Tailings,11.110662,https://www.canada.ca/en/environment-climate-change/services/national-pollutant-release-inventory/tools-resources-data/exploredata.html,POINT (-79.6663 47.3727)
npri-10622-2023-58,2023,10622,SMC (Canada) Ltd.,,manufacturing,-79.6663,47.3727,Boreal Shield,St. Lawrence Drainage Area,NA - 06,Copper (and its compounds),tonnes,On-Site Disposal / Élimination sur le site,Tailings,25.605164,https://www.canada.ca/en/environment-climate-change/services/national-pollutant-release-inventory/tools-resources-data/exploredata.html,POINT (-79.6663 47.3727)
npri-10622-2023-59,2023,10622,SMC (Canada) Ltd.,,manufacturing,-79.6663,47.3727,Boreal Shield,St. Lawrence Drainage Area,NA - 08,Lead (and its compounds),kg,On-Site Disposal / Élimination sur le site,Tailings,2671.564,https://www.canada.ca/en/environment-climate-change/services/national-pollutant-release-inventory/tools-resources-data/exploredata.html,POINT (-79.6663 47.3727)
npri-10622-2023-60,2023,10622,SMC (Canada) Ltd.,,manufacturing,-79.6663,47.3727,Boreal Shield,St. Lawrence Drainage Area,NA - 22,Phosphorus (total),tonnes,On-Site Disposal / Élimination sur le site,Tailings,4.3838,https://www.canada.ca/en/environment-climate-change/services/national-pollutant-release-inventory/tools-resources-data/exploredata.html,POINT (-79.6663 47.3727)
npri-10622-2023-61,2023,10622,SMC (Canada) Ltd.,,manufacturing,-79.6663,47.3727,Boreal Shield,St. Lawrence Drainage Area,NA - 14,Zinc (and its compounds),tonnes,On-Site Disposal / Élimination sur le site,Tailings,46.680892,https://www.canada.ca/en/environment-climate-change/services/national-pollutant-release-inventory/tools-resources-data/exploredata.html,POINT (-79.6663 47.3727)
npri-28761-2023-84,2023,28761,Long Harbour Operations,,manufacturing,-53.81169,47.40915,Boreal Shield,St. Lawrence Drainage Area,NA - 05,Cobalt (and its compounds),kg,On-Site Disposal / Élimination sur le site,Tailings,101062.99,https://www.canada.ca/en/environment-climate-change/services/national-pollutant-release-inventory/tools-resources-data/exploredata.html,POINT (-53.81169 47.40915)
npri-28761-2023-85,2023,28761,Long Harbour Operations,,manufacturing,-53.81169,47.40915,Boreal Shield,St. Lawrence Drainage Area,NA - 06,Copper (and its compounds),tonnes,On-Site Disposal / Élimination sur le site,Tailings,975.16131,https://www.canada.ca/en/environment-climate-change/services/national-pollutant-release-inventory/tools-resources-data/exploredata.html,POINT (-53.81169 47.40915)
npri-28761-2023-86,2023,28761,Long Harbour Operations,,manufacturing,-53.81169,47.40915,Boreal Shield,St. Lawrence Drainage Area,NA - 11,Nickel (and its compounds),tonnes,On-Site Disposal / Élimination sur le site,Tailings,3050.887885,https://www.canada.ca/en/environment-climate-change/services/national-pollutant-release-inventory/tools-resources-data/exploredata.html,POINT (-53.81169 47.40915)
npri-1236-2023-214,2023,1236,Sudbury Integrated Nickel Operations Smelter,,manufacturing,-80.8042,46.5775,Boreal Shield,St. Lawrence Drainage Area,NA - 02,Arsenic (and its compounds),kg,On-Site Disposal / Élimination sur le site,Waste Rock,194.9288,https://www.canada.ca/en/environment-climate-change/services/national-pollutant-release-inventory/tools-resources-data/exploredata.html,POINT (-80.8042 46.5775)
npri-1236-2023-215,2023,1236,Sudbury Integrated Nickel Operations Smelter,,manufacturing,-80.8042,46.5775,Boreal Shield,St. Lawrence Drainage Area,NA - 03,Cadmium (and its compounds),kg,On-Site Disposal / Élimination sur le site,Waste Rock,39.8718,https://www.canada.ca/en/environment-climate-change/services/national-pollutant-release-inventory/tools-resources-data/exploredata.html,POINT (-80.8042 46.5775)
npri-1236-2023-216,2023,1236,Sudbury Integrated Nickel Operations Smelter,,manufacturing,-80.8042,46.5775,Boreal Shield,St. Lawrence Drainage Area,NA - 05,Cobalt (and its compounds),kg,On-Site Disposal / Élimination sur le site,Waste Rock,4252.992,https://www.canada.ca/en/environment-climate-change/services/national-pollutant-release-inventory/tools-resources-data/exploredata.html,POINT (-80.8042 46.5775)
npri-1236-2023-217,2023,1236,Sudbury Integrated Nickel Operations Smelter,,manufacturing,-80.8042,46.5775,Boreal Shield,St. Lawrence Drainage Area,NA - 08,Lead (and its compounds),kg,On-Site Disposal / Élimination sur le site,Waste Rock,2923.932,https://www.canada.ca/en/environment-climate-change/services/national-pollutant-release-inventory/tools-resources-data/exploredata.html,POINT (-80.8042 46.5775)
npri-1236-2023-218,2023,1236,Sudbury Integrated Nickel Operations Smelter,,manufacturing,-80.8042,46.5775,Boreal Shield,St. Lawrence Drainage Area,NA - 12,Selenium (and its compounds),kg,On-Site Disposal / Élimination sur le site,Waste Rock,186.0684,https://www.canada.ca/en/environment-climate-change/services/national-pollutant-release-inventory/tools-resources-data/exploredata.html,POINT (-80.8042 46.5775)
npri-1236-2023-219,2023,1236,Sudbury Integrated Nickel Operations Smelter,,manufacturing,-80.8042,46.5775,Boreal Shield,St. Lawrence Drainage Area,NA - 37,Thallium (and its compounds),kg,On-Site Disposal / Élimination sur le site,Waste Rock,39.8718,https://www.canada.ca/en/environment-climate-change/services/national-pollutant-release-inventory/tools-resources-data/exploredata.html,POINT (-80.8042 46.5775)
npri-8576-2023-1,2023,8576,"4405, rue Garand",,manufacturing,-73.7179,45.49134,Mixedwood Plain,St. Lawrence Drainage Area,NA - 01,Antimony (and its compounds),tonnes,Off-Site Disposal / Élimination hors site,Land Fill,0.036,https://www.canada.ca/en/environment-climate-change/services/national-pollutant-release-inventory/tools-resources-data/exploredata.html,POINT (-73.7179 45.49134)
npri-8604-2023-1,2023,8604,"4385, rue Garand",,manufacturing,-73.71788,45.49139,Mixedwood Plain,St. Lawrence Drainage Area,NA - 01,Antimony (and its compounds),tonnes,Off-Site Disposal / Élimination hors site,Land Fill,0.011,https://www.canada.ca/en/environment-climate-change/services/national-pollutant-release-inventory/tools-resources-data/exploredata.html,POINT (-73.71788 45.49139)
npri-30738-2023-1,2023,30738,"1405, rue Pomba",,manufacturing,-73.719374,45.492423,Mixedwood Plain,St. Lawrence Drainage Area,NA - 01,Antimony (and its compounds),tonnes,Off-Site Disposal / Élimination hors site,Land Fill,0.005,https://www.canada.ca/en/environment-climate-change/services/national-pollutant-release-inventory/tools-resources-data/exploredata.html,POINT (-73.719374 45.492423)
npri-8576-2023-2,2023,8576,"4405, rue Garand",,manufacturing,-73.7179,45.49134,Mixedwood Plain,St. Lawrence Drainage Area,NA - 02,Arsenic (and its compounds),kg,Off-Site Disposal / Élimination hors site,Land Fill,337.0,https://www.canada.ca/en/environment-climate-change/services/national-pollutant-release-inventory/tools-resources-data/exploredata.html,POINT (-73.7179 45.49134)
npri-30738-2023-2,2023,30738,"1405, rue Pomba",,manufacturing,-73.719374,45.492423,Mixedwood Plain,St. Lawrence Drainage Area,NA - 02,Arsenic (and its compounds),kg,Off-Site Disposal / Élimination hors site,Land Fill,17.4,https://www.canada.ca/en/environment-climate-change/services/national-pollutant-release-inventory/tools-resources-data/exploredata.html,POINT (-73.719374 45.492423)
npri-8576-2023-3,2023,8576,"4405, rue Garand",,manufacturing,-73.7179,45.49134,Mixedwood Plain,St. Lawrence Drainage Area,NA - 03,Cadmium (and its compounds),kg,Off-Site Disposal / Élimination hors site,Land Fill,93.0,https://www.canada.ca/en/environment-climate-change/services/national-pollutant-release-inventory/tools-resources-data/exploredata.html,POINT (-73.7179 45.49134)
npri-8604-2023-2,2023,8604,"4385, rue Garand",,manufacturing,-73.71788,45.49139,Mixedwood Plain,St. Lawrence Drainage Area,NA - 03,Cadmium (and its compounds),kg,Off-Site Disposal / Élimination hors site,Land Fill,115.2,https://www.canada.ca/en/environment-climate-change/services/national-pollutant-release-inventory/tools-resources-data/exploredata.html,POINT (-73.71788 45.49139)
npri-30738-2023-3,2023,30738,"1405, rue Pomba",,manufacturing,-73.719374,45.492423,Mixedwood Plain,St. Lawrence Drainage Area,NA - 03,Cadmium (and its compounds),kg,Off-Site Disposal / Élimination hors site,Land Fill,249.0,https://www.canada.ca/en/environment-climate-change/services/national-pollutant-release-inventory/tools-resources-data/exploredata.html,POINT (-73.719374 45.492423)
npri-8576-2023-4,2023,8576,"4405, rue Garand",,manufacturing,-73.7179,45.49134,Mixedwood Plain,St. Lawrence Drainage Area,NA - 06,Copper (and its compounds),tonnes,Off-Site Disposal / Élimination hors site,Land Fill,0.469,https://www.canada.ca/en/environment-climate-change/services/national-pollutant-release-inventory/tools-resources-data/exploredata.html,POINT (-73.7179 45.49134)
npri-30738-2023-4,2023,30738,"1405, rue Pomba",,manufacturing,-73.719374,45.492423,Mixedwood Plain,St. Lawrence Drainage Area,NA - 06,Copper (and its compounds),tonnes,Off-Site Disposal / Élimination hors site,Land Fill,0.024,https://www.canada.ca/en/environment-climate-change/services/national-pollutant-release-inventory/tools-resources-data/exploredata.html,POINT (-73.719374 45.492423)
npri-8576-2023-5,2023,8576,"4405, rue Garand",,manufacturing,-73.7179,45.49134,Mixedwood Plain,St. Lawrence Drainage Area,NA - 08,Lead (and its compounds),kg,Off-Site Disposal / Élimination hors site,Land Fill,4.0,https://www.canada.ca/en/environment-climate-change/services/national-pollutant-release-inventory/tools-resources-data/exploredata.html,POINT (-73.7179 45.49134)
npri-30738-2023-5,2023,30738,"1405, rue Pomba",,manufacturing,-73.719374,45.492423,Mixedwood Plain,St. Lawrence Drainage Area,NA - 08,Lead (and its compounds),kg,Off-Site Disposal / Élimination hors site,Land Fill,98.0,https://www.canada.ca/en/environment-climate-change/services/national-pollutant-release-inventory/tools-resources-data/exploredata.html,POINT (-73.719374 45.492423)
npri-8576-2023-6,2023,8576,"4405, rue Garand",,manufacturing,-73.7179,45.49134,Mixedwood Plain,St. Lawrence Drainage Area,NA - 12,Selenium (and its compounds),kg,Off-Site Disposal / Élimination hors site,Land Fill,572.0,https://www.canada.ca/en/environment-climate-change/services/national-pollutant-release-inventory/tools-resources-data/exploredata.html,POINT (-73.7179 45.49134)
npri-30738-2023-6,2023,30738,"1405, rue Pomba",,manufacturing,-73.719374,45.492423,Mixedwood Plain,St. Lawrence Drainage Area,NA - 12,Selenium (and its compounds),kg,Off-Site Disposal / Élimination hors site,Land Fill,36.2,https://www.canada.ca/en/environment-climate-change/services/national-pollutant-release-inventory/tools-resources-data/exploredata.html,POINT (-73.719374 45.492423)
npri-8576-2023-7,2023,8576,"4405, rue Garand",,manufacturing,-73.7179,45.49134,Mixedwood Plain,St. Lawrence Drainage Area,NA - 14,Zinc (and its compounds),tonnes,Off-Site Disposal / Élimination hors site,Land Fill,0.123,https://www.canada.ca/en/environment-climate-change/services/national-pollutant-release-inventory/tools-resources-data/exploredata.html,POINT (-73.7179 45.49134)
npri-8604-2023-3,2023,8604,"4385, rue Garand",,manufacturing,-73.71788,45.49139,Mixedwood Plain,St. Lawrence Drainage Area,NA - 14,Zinc (and its compounds),tonnes,Off-Site Disposal / Élimination hors site,Land Fill,0.072,https://www.canada.ca/en/environment-climate-change/services/national-pollutant-release-inventory/tools-resources-data/exploredata.html,POINT (-73.71788 45.49139)
npri-30738-2023-7,2023,30738,"1405, rue Pomba",,manufacturing,-73.719374,45.492423,Mixedwood Plain,St. Lawrence Drainage Area,NA - 14,Zinc (and its compounds),tonnes,Off-Site Disposal / Élimination hors site,Land Fill,0.017,https://www.canada.ca/en/environment-climate-change/services/national-pollutant-release-inventory/tools-resources-data/exploredata.html,POINT (-73.719374 45.492423)
npri-1106-2023-158,2023,1106,AltaSteel Inc.,,manufacturing,-113.3875,53.5291,Prairie,Nelson River Drainage Area,NA - 02,Arsenic (and its compounds),kg,Off-Site Disposal / Élimination hors site,Land Fill,241.894,https://www.canada.ca/en/environment-climate-change/services/national-pollutant-release-inventory/tools-resources-data/exploredata.html,POINT (-113.3875 53.5291)
npri-1106-2023-159,2023,1106,AltaSteel Inc.,,manufacturing,-113.3875,53.5291,Prairie,Nelson River Drainage Area,NA - 03,Cadmium (and its compounds),kg,Off-Site Disposal / Élimination hors site,Land Fill,690.487,https://www.canada.ca/en/environment-climate-change/services/national-pollutant-release-inventory/tools-resources-data/exploredata.html,POINT (-113.3875 53.5291)
npri-1106-2023-160,2023,1106,AltaSteel Inc.,,manufacturing,-113.3875,53.5291,Prairie,Nelson River Drainage Area,7789-75-5,Calcium fluoride,tonnes,Off-Site Disposal / Élimination hors site,Land Fill,41.709,https://www.canada.ca/en/environment-climate-change/services/national-pollutant-release-inventory/tools-resources-data/exploredata.html,POINT (-113.3875 53.5291)
npri-1106-2023-161,2023,1106,AltaSteel Inc.,,manufacturing,-113.3875,53.5291,Prairie,Nelson River Drainage Area,NA - 04,Chromium (and its compounds),tonnes,Off-Site Disposal / Élimination hors site,Land Fill,21.577,https://www.canada.ca/en/environment-climate-change/services/national-pollutant-release-inventory/tools-resources-data/exploredata.html,POINT (-113.3875 53.5291)
npri-1106-2023-162,2023,1106,AltaSteel Inc.,,manufacturing,-113.3875,53.5291,Prairie,Nelson River Drainage Area,NA - 06,Copper (and its compounds),tonnes,Off-Site Disposal / Élimination hors site,Land Fill,15.424,https://www.canada.ca/en/environment-climate-change/services/national-pollutant-release-inventory/tools-resources-data/exploredata.html,POINT (-113.3875 53.5291)
npri-1106-2023-163,2023,1106,AltaSteel Inc.,,manufacturing,-113.3875,53.5291,Prairie,Nelson River Drainage Area,NA - D/F,Dioxins and furans - total,g TEQ,Off-Site Disposal / Élimination hors site,Land Fill,3.2353,https://www.canada.ca/en/environment-climate-change/services/national-pollutant-release-inventory/tools-resources-data/exploredata.html,POINT (-113.3875 53.5291)
npri-1106-2023-164,2023,1106,AltaSteel Inc.,,manufacturing,-113.3875,53.5291,Prairie,Nelson River Drainage Area,118-74-1,Hexachlorobenzene,grams,Off-Site Disposal / Élimination hors site,Land Fill,133.55,https://www.canada.ca/en/environment-climate-change/services/national-pollutant-release-inventory/tools-resources-data/exploredata.html,POINT (-113.3875 53.5291)
npri-1106-2023-165,2023,1106,AltaSteel Inc.,,manufacturing,-113.3875,53.5291,Prairie,Nelson River Drainage Area,NA - 19,Hexavalent chromium (and its compounds),kg,Off-Site Disposal / Élimination hors site,Land Fill,5.49,https://www.canada.ca/en/environment-climate-change/services/national-pollutant-release-inventory/tools-resources-data/exploredata.html,POINT (-113.3875 53.5291)
npri-1106-2023-166,2023,1106,AltaSteel Inc.,,manufacturing,-113.3875,53.5291,Prairie,Nelson River Drainage Area,NA - 08,Lead (and its compounds),kg,Off-Site Disposal / Élimination hors site,Land Fill,41106.0,https://www.canada.ca/en/environment-climate-change/services/national-pollutant-release-inventory/tools-resources-data/exploredata.html,POINT (-113.3875 53.5291)
npri-1106-2023-167,2023,1106,AltaSteel Inc.,,manufacturing,-113.3875,53.5291,Prairie,Nelson River Drainage Area,NA - 09,Manganese (and its compounds),tonnes,Off-Site Disposal / Élimination hors site,Land Fill,276.004,https://www.canada.ca/en/environment-climate-change/services/national-pollutant-release-inventory/tools-resources-data/exploredata.html,POINT (-113.3875 53.5291)
npri-1106-2023-168,2023,1106,AltaSteel Inc.,,manufacturing,-113.3875,53.5291,Prairie,Nelson River Drainage Area,NA - 10,Mercury (and its compounds),kg,Off-Site Disposal / Élimination hors site,Land Fill,14.87,https://www.canada.ca/en/environment-climate-change/services/national-pollutant-release-inventory/tools-resources-data/exploredata.html,POINT (-113.3875 53.5291)
npri-1106-2023-169,2023,1106,AltaSteel Inc.,,manufacturing,-113.3875,53.5291,Prairie,Nelson River Drainage Area,NA - 11,Nickel (and its compounds),tonnes,Off-Site Disposal / Élimination hors site,Land Fill,2.191,https://www.canada.ca/en/environment-climate-change/services/national-pollutant-release-inventory/tools-resources-data/exploredata.html,POINT (-113.3875 53.5291)
npri-1106-2023-170,2023,1106,AltaSteel Inc.,,manufacturing,-113.3875,53.5291,Prairie,Nelson River Drainage Area,NA - 12,Selenium (and its compounds),kg,Off-Site Disposal / Élimination hors site,Land Fill,33.96,https://www.canada.ca/en/environment-climate-change/services/national-pollutant-release-inventory/tools-resources-data/exploredata.html,POINT (-113.3875 53.5291)
npri-1106-2023-171,2023,1106,AltaSteel Inc.,,manufacturing,-113.3875,53.5291,Prairie,Nelson River Drainage Area,NA - 40,Vanadium (and its compounds),tonnes,Off-Site Disposal / Élimination hors site,Land Fill,0.624,https://www.canada.ca/en/environment-climate-change/services/national-pollutant-release-inventory/tools-resources-data/exploredata.html,POINT (-113.3875 53.5291)
npri-1106-2023-172,2023,1106,AltaSteel Inc.,,manufacturing,-113.3875,53.5291,Prairie,Nelson River Drainage Area,NA - 14,Zinc (and its compounds),tonnes,Off-Site Disposal / Élimination hors site,Land Fill,649.513,https://www.canada.ca/en/environment-climate-change/services/national-pollutant-release-inventory/tools-resources-data/exploredata.html,POINT (-113.3875 53.5291)
npri-3713-2023-438,2023,3713,ArcelorMittal Dofasco,,manufacturing,-79.8111,43.2597,Mixedwood Plain,St. Lawrence Drainage Area,120-12-7,Anthracene,kg,Off-Site Disposal / Élimination hors site,Land Fill,0.020424,https://www.canada.ca/en/environment-climate-change/services/national-pollutant-release-inventory/tools-resources-data/exploredata.html,POINT (-79.8111 43.2597)
npri-3713-2023-439,2023,3713,ArcelorMittal Dofasco,,manufacturing,-79.8111,43.2597,Mixedwood Plain,St. Lawrence Drainage Area,NA - 01,Antimony (and its compounds),tonnes,Off-Site Disposal / Élimination hors site,Land Fill,2.615909,https://www.canada.ca/en/environment-climate-change/services/national-pollutant-release-inventory/tools-resources-data/exploredata.html,POINT (-79.8111 43.2597)
npri-3713-2023-440,2023,3713,ArcelorMittal Dofasco,,manufacturing,-79.8111,43.2597,Mixedwood Plain,St. Lawrence Drainage Area,NA - 02,Arsenic (and its compounds),kg,Off-Site Disposal / Élimination hors site,Land Fill,1283.096427,https://www.canada.ca/en/environment-climate-change/services/national-pollutant-release-inventory/tools-resources-data/exploredata.html,POINT (-79.8111 43.2597)
npri-3713-2023-441,2023,3713,ArcelorMittal Dofasco,,manufacturing,-79.8111,43.2597,Mixedwood Plain,St. Lawrence Drainage Area,56-55-3,Benz[a]anthracene,kg,Off-Site Disposal / Élimination hors site,Land Fill,93.72611,https://www.canada.ca/en/environment-climate-change/services/national-pollutant-release-inventory/tools-resources-data/exploredata.html,POINT (-79.8111 43.2597)
npri-3713-2023-442,2023,3713,ArcelorMittal Dofasco,,manufacturing,-79.8111,43.2597,Mixedwood Plain,St. Lawrence Drainage Area,71-43-2,Benzene,tonnes,Off-Site Disposal / Élimination hors site,Land Fill,0.000143,https://www.canada.ca/en/environment-climate-change/services/national-pollutant-release-inventory/tools-resources-data/exploredata.html,POINT (-79.8111 43.2597)
npri-3713-2023-443,2023,3713,ArcelorMittal Dofasco,,manufacturing,-79.8111,43.2597,Mixedwood Plain,St. Lawrence Drainage Area,50-32-8,Benzo[a]pyrene,kg,Off-Site Disposal / Élimination hors site,Land Fill,18.146728,https://www.canada.ca/en/environment-climate-change/services/national-pollutant-release-inventory/tools-resources-data/exploredata.html,POINT (-79.8111 43.2597)
npri-3713-2023-444,2023,3713,ArcelorMittal Dofasco,,manufacturing,-79.8111,43.2597,Mixedwood Plain,St. Lawrence Drainage Area,205-99-2,Benzo[b]fluoranthene,kg,Off-Site Disposal / Élimination hors site,Land Fill,0.047255,https://www.canada.ca/en/environment-climate-change/services/national-pollutant-release-inventory/tools-resources-data/exploredata.html,POINT (-79.8111 43.2597)
npri-3713-2023-445,2023,3713,ArcelorMittal Dofasco,,manufacturing,-79.8111,43.2597,Mixedwood Plain,St. Lawrence Drainage Area,192-97-2,Benzo[e]pyrene,kg,Off-Site Disposal / Élimination hors site,Land Fill,15.304502,https://www.canada.ca/en/environment-climate-change/services/national-pollutant-release-inventory/tools-resources-data/exploredata.html,POINT (-79.8111 43.2597)
npri-3713-2023-446,2023,3713,ArcelorMittal Dofasco,,manufacturing,-79.8111,43.2597,Mixedwood Plain,St. Lawrence Drainage Area,191-24-2,Benzo[ghi]perylene,kg,Off-Site Disposal / Élimination hors site,Land Fill,27.439682,https://www.canada.ca/en/environment-climate-change/services/national-pollutant-release-inventory/tools-resources-data/exploredata.html,POINT (-79.8111 43.2597)
npri-3713-2023-447,2023,3713,ArcelorMittal Dofasco,,manufacturing,-79.8111,43.2597,Mixedwood Plain,St. Lawrence Drainage Area,207-08-9,Benzo[k]fluoranthene,kg,Off-Site Disposal / Élimination hors site,Land Fill,0.178717,https://www.canada.ca/en/environment-climate-change/services/national-pollutant-release-inventory/tools-resources-data/exploredata.html,POINT (-79.8111 43.2597)
npri-3713-2023-448,2023,3713,ArcelorMittal Dofasco,,manufacturing,-79.8111,43.2597,Mixedwood Plain,St. Lawrence Drainage Area,NA - 03,Cadmium (and its compounds),kg,Off-Site Disposal / Élimination hors site,Land Fill,1728.661991,https://www.canada.ca/en/environment-climate-change/services/national-pollutant-release-inventory/tools-resources-data/exploredata.html,POINT (-79.8111 43.2597)
npri-3713-2023-449,2023,3713,ArcelorMittal Dofasco,,manufacturing,-79.8111,43.2597,Mixedwood Plain,St. Lawrence Drainage Area,7789-75-5,Calcium fluoride,tonnes,Off-Site Disposal / Élimination hors site,Land Fill,0.747254,https://www.canada.ca/en/environment-climate-change/services/national-pollutant-release-inventory/tools-resources-data/exploredata.html,POINT (-79.8111 43.2597)
npri-3713-2023-450,2023,3713,ArcelorMittal Dofasco,,manufacturing,-79.8111,43.2597,Mixedwood Plain,St. Lawrence Drainage Area,NA - 04,Chromium (and its compounds),tonnes,Off-Site Disposal / Élimination hors site,Land Fill,36.875083,https://www.canada.ca/en/environment-climate-change/services/national-pollutant-release-inventory/tools-resources-data/exploredata.html,POINT (-79.8111 43.2597)
npri-3713-2023-451,2023,3713,ArcelorMittal Dofasco,,manufacturing,-79.8111,43.2597,Mixedwood Plain,St. Lawrence Drainage Area,218-01-9,Chrysene,kg,Off-Site Disposal / Élimination hors site,Land Fill,0.040553,https://www.canada.ca/en/environment-climate-change/services/national-pollutant-release-inventory/tools-resources-data/exploredata.html,POINT (-79.8111 43.2597)
npri-3713-2023-452,2023,3713,ArcelorMittal Dofasco,,manufacturing,-79.8111,43.2597,Mixedwood Plain,St. Lawrence Drainage Area,NA - 05,Cobalt (and its compounds),kg,Off-Site Disposal / Élimination hors site,Land Fill,333.457325,https://www.canada.ca/en/environment-climate-change/services/national-pollutant-release-inventory/tools-resources-data/exploredata.html,POINT (-79.8111 43.2597)
npri-3713-2023-453,2023,3713,ArcelorMittal Dofasco,,manufacturing,-79.8111,43.2597,Mixedwood Plain,St. Lawrence Drainage Area,NA - 06,Copper (and its compounds),tonnes,Off-Site Disposal / Élimination hors site,Land Fill,28.292541,https://www.canada.ca/en/environment-climate-change/services/national-pollutant-release-inventory/tools-resources-data/exploredata.html,POINT (-79.8111 43.2597)
npri-3713-2023-454,2023,3713,ArcelorMittal Dofasco,,manufacturing,-79.8111,43.2597,Mixedwood Plain,St. Lawrence Drainage Area,53-70-3,"Dibenz[a,h]anthracene",kg,Off-Site Disposal / Élimination hors site,Land Fill,10.703318,https://www.canada.ca/en/environment-climate-change/services/national-pollutant-release-inventory/tools-resources-data/exploredata.html,POINT (-79.8111 43.2597)
npri-3713-2023-455,2023,3713,ArcelorMittal Dofasco,,manufacturing,-79.8111,43.2597,Mixedwood Plain,St. Lawrence Drainage Area,206-44-0,Fluoranthene,kg,Off-Site Disposal / Élimination hors site,Land Fill,418.3686,https://www.canada.ca/en/environment-climate-change/services/national-pollutant-release-inventory/tools-resources-data/exploredata.html,POINT (-79.8111 43.2597)
npri-3713-2023-456,2023,3713,ArcelorMittal Dofasco,,manufacturing,-79.8111,43.2597,Mixedwood Plain,St. Lawrence Drainage Area,193-39-5,"Indeno[1,2,3-cd]pyrene",kg,Off-Site Disposal / Élimination hors site,Land Fill,0.028163,https://www.canada.ca/en/environment-climate-change/services/national-pollutant-release-inventory/tools-resources-data/exploredata.html,POINT (-79.8111 43.2597)
npri-3713-2023-457,2023,3713,ArcelorMittal Dofasco,,manufacturing,-79.8111,43.2597,Mixedwood Plain,St. Lawrence Drainage Area,NA - 08,Lead (and its compounds),kg,Off-Site Disposal / Élimination hors site,Land Fill,79790.700556,https://www.canada.ca/en/environment-climate-change/services/national-pollutant-release-inventory/tools-resources-data/exploredata.html,POINT (-79.8111 43.2597)
npri-3713-2023-458,2023,3713,ArcelorMittal Dofasco,,manufacturing,-79.8111,43.2597,Mixedwood Plain,St. Lawrence Drainage Area,NA - 09,Manganese (and its compounds),tonnes,Off-Site Disposal / Élimination hors site,Land Fill,939.014076,https://www.canada.ca/en/environment-climate-change/services/national-pollutant-release-inventory/tools-resources-data/exploredata.html,POINT (-79.8111 43.2597)
npri-3713-2023-459,2023,3713,ArcelorMittal Dofasco,,manufacturing,-79.8111,43.2597,Mixedwood Plain,St. Lawrence Drainage Area,NA - 10,Mercury (and its compounds),kg,Off-Site Disposal / Élimination hors site,Land Fill,19.434736,https://www.canada.ca/en/environment-climate-change/services/national-pollutant-release-inventory/tools-resources-data/exploredata.html,POINT (-79.8111 43.2597)
npri-3713-2023-460,2023,3713,ArcelorMittal Dofasco,,manufacturing,-79.8111,43.2597,Mixedwood Plain,St. Lawrence Drainage Area,91-20-3,Naphthalene,tonnes,Off-Site Disposal / Élimination hors site,Land Fill,0.169991,https://www.canada.ca/en/environment-climate-change/services/national-pollutant-release-inventory/tools-resources-data/exploredata.html,POINT (-79.8111 43.2597)
npri-3713-2023-461,2023,3713,ArcelorMittal Dofasco,,manufacturing,-79.8111,43.2597,Mixedwood Plain,St. Lawrence Drainage Area,NA - 11,Nickel (and its compounds),tonnes,Off-Site Disposal / Élimination hors site,Land Fill,4.389728,https://www.canada.ca/en/environment-climate-change/services/national-pollutant-release-inventory/tools-resources-data/exploredata.html,POINT (-79.8111 43.2597)
npri-3713-2023-462,2023,3713,ArcelorMittal Dofasco,,manufacturing,-79.8111,43.2597,Mixedwood Plain,St. Lawrence Drainage Area,85-01-8,Phenanthrene,kg,Off-Site Disposal / Élimination hors site,Land Fill,203.507118,https://www.canada.ca/en/environment-climate-change/services/national-pollutant-release-inventory/tools-resources-data/exploredata.html,POINT (-79.8111 43.2597)
npri-3713-2023-463,2023,3713,ArcelorMittal Dofasco,,manufacturing,-79.8111,43.2597,Mixedwood Plain,St. Lawrence Drainage Area,NA - 22,Phosphorus (total),tonnes,Off-Site Disposal / Élimination hors site,Land Fill,31.027138,https://www.canada.ca/en/environment-climate-change/services/national-pollutant-release-inventory/tools-resources-data/exploredata.html,POINT (-79.8111 43.2597)
npri-3713-2023-464,2023,3713,ArcelorMittal Dofasco,,manufacturing,-79.8111,43.2597,Mixedwood Plain,St. Lawrence Drainage Area,129-00-0,Pyrene,kg,Off-Site Disposal / Élimination hors site,Land Fill,203.655563,https://www.canada.ca/en/environment-climate-change/services/national-pollutant-release-inventory/tools-resources-data/exploredata.html,POINT (-79.8111 43.2597)
npri-3713-2023-465,2023,3713,ArcelorMittal Dofasco,,manufacturing,-79.8111,43.2597,Mixedwood Plain,St. Lawrence Drainage Area,NA - 12,Selenium (and its compounds),kg,Off-Site Disposal / Élimination hors site,Land Fill,14786.463193,https://www.canada.ca/en/environment-climate-change/services/national-pollutant-release-inventory/tools-resources-data/exploredata.html,POINT (-79.8111 43.2597)
npri-3713-2023-466,2023,3713,ArcelorMittal Dofasco,,manufacturing,-79.8111,43.2597,Mixedwood Plain,St. Lawrence Drainage Area,NA - 37,Thallium (and its compounds),kg,Off-Site Disposal / Élimination hors site,Land Fill,164.287031,https://www.canada.ca/en/environment-climate-change/services/national-pollutant-release-inventory/tools-resources-data/exploredata.html,POINT (-79.8111 43.2597)
npri-3713-2023-467,2023,3713,ArcelorMittal Dofasco,,manufacturing,-79.8111,43.2597,Mixedwood Plain,St. Lawrence Drainage Area,108-88-3,Toluene,tonnes,Off-Site Disposal / Élimination hors site,Land Fill,0.00075,https://www.canada.ca/en/environment-climate-change/services/national-pollutant-release-inventory/tools-resources-data/exploredata.html,POINT (-79.8111 43.2597)
npri-3713-2023-468,2023,3713,ArcelorMittal Dofasco,,manufacturing,-79.8111,43.2597,Mixedwood Plain,St. Lawrence Drainage Area,NA - 40,Vanadium (and its compounds),tonnes,Off-Site Disposal / Élimination hors site,Land Fill,10.975867,https://www.canada.ca/en/environment-climate-change/services/national-pollutant-release-inventory/tools-resources-data/exploredata.html,POINT (-79.8111 43.2597)
npri-3713-2023-469,2023,3713,ArcelorMittal Dofasco,,manufacturing,-79.8111,43.2597,Mixedwood Plain,St. Lawrence Drainage Area,NA - 14,Zinc (and its compounds),tonnes,Off-Site Disposal / Élimination hors site,Land Fill,1743.329722,https://www.canada.ca/en/environment-climate-change/services/national-pollutant-release-inventory/tools-resources-data/exploredata.html,POINT (-79.8111 43.2597)
npri-2986-2023-152,2023,2986,ArcelorMittal Contrecoeur Ouest,,manufacturing,-73.2661,45.8206,Mixedwood Plain,St. Lawrence Drainage Area,7429-90-5,Aluminum (fume or dust only),tonnes,Off-Site Disposal / Élimination hors site,Land Fill,23.31,https://www.canada.ca/en/environment-climate-change/services/national-pollutant-release-inventory/tools-resources-data/exploredata.html,POINT (-73.2661 45.8206)
npri-3649-2023-158,2023,3649,ArcelorMittal Contrecoeur Est,,manufacturing,-73.261054,45.833684,Mixedwood Plain,St. Lawrence Drainage Area,7429-90-5,Aluminum (fume or dust only),tonnes,Off-Site Disposal / Élimination hors site,Land Fill,32.257,https://www.canada.ca/en/environment-climate-change/services/national-pollutant-release-inventory/tools-resources-data/exploredata.html,POINT (-73.261054 45.833684)
npri-2986-2023-153,2023,2986,ArcelorMittal Contrecoeur Ouest,,manufacturing,-73.2661,45.8206,Mixedwood Plain,St. Lawrence Drainage Area,NA - 02,Arsenic (and its compounds),kg,Off-Site Disposal / Élimination hors site,Land Fill,74.466,https://www.canada.ca/en/environment-climate-change/services/national-pollutant-release-inventory/tools-resources-data/exploredata.html,POINT (-73.2661 45.8206)
npri-3649-2023-159,2023,3649,ArcelorMittal Contrecoeur Est,,manufacturing,-73.261054,45.833684,Mixedwood Plain,St. Lawrence Drainage Area,NA - 02,Arsenic (and its compounds),kg,Off-Site Disposal / Élimination hors site,Land Fill,101.652,https://www.canada.ca/en/environment-climate-change/services/national-pollutant-release-inventory/tools-resources-data/exploredata.html,POINT (-73.261054 45.833684)
npri-2986-2023-154,2023,2986,ArcelorMittal Contrecoeur Ouest,,manufacturing,-73.2661,45.8206,Mixedwood Plain,St. Lawrence Drainage Area,NA - 03,Cadmium (and its compounds),kg,Off-Site Disposal / Élimination hors site,Land Fill,129.95,https://www.canada.ca/en/environment-climate-change/services/national-pollutant-release-inventory/tools-resources-data/exploredata.html,POINT (-73.2661 45.8206)
npri-3649-2023-160,2023,3649,ArcelorMittal Contrecoeur Est,,manufacturing,-73.261054,45.833684,Mixedwood Plain,St. Lawrence Drainage Area,NA - 03,Cadmium (and its compounds),kg,Off-Site Disposal / Élimination hors site,Land Fill,652.304,https://www.canada.ca/en/environment-climate-change/services/national-pollutant-release-inventory/tools-resources-data/exploredata.html,POINT (-73.261054 45.833684)
npri-2986-2023-155,2023,2986,ArcelorMittal Contrecoeur Ouest,,manufacturing,-73.2661,45.8206,Mixedwood Plain,St. Lawrence Drainage Area,7789-75-5,Calcium fluoride,tonnes,Off-Site Disposal / Élimination hors site,Land Fill,0.943,https://www.canada.ca/en/environment-climate-change/services/national-pollutant-release-inventory/tools-resources-data/exploredata.html,POINT (-73.2661 45.8206)
npri-3649-2023-161,2023,3649,ArcelorMittal Contrecoeur Est,,manufacturing,-73.261054,45.833684,Mixedwood Plain,St. Lawrence Drainage Area,7789-75-5,Calcium fluoride,tonnes,Off-Site Disposal / Élimination hors site,Land Fill,51.5231,https://www.canada.ca/en/environment-climate-change/services/national-pollutant-release-inventory/tools-resources-data/exploredata.html,POINT (-73.261054 45.833684)
npri-2986-2023-156,2023,2986,ArcelorMittal Contrecoeur Ouest,,manufacturing,-73.2661,45.8206,Mixedwood Plain,St. Lawrence Drainage Area,NA - 04,Chromium (and its compounds),tonnes,Off-Site Disposal / Élimination hors site,Land Fill,74.338,https://www.canada.ca/en/environment-climate-change/services/national-pollutant-release-inventory/tools-resources-data/exploredata.html,POINT (-73.2661 45.8206)
npri-3649-2023-162,2023,3649,ArcelorMittal Contrecoeur Est,,manufacturing,-73.261054,45.833684,Mixedwood Plain,St. Lawrence Drainage Area,NA - 04,Chromium (and its compounds),tonnes,Off-Site Disposal / Élimination hors site,Land Fill,7.46369,https://www.canada.ca/en/environment-climate-change/services/national-pollutant-release-inventory/tools-resources-data/exploredata.html,POINT (-73.261054 45.833684)
npri-2986-2023-157,2023,2986,ArcelorMittal Contrecoeur Ouest,,manufacturing,-73.2661,45.8206,Mixedwood Plain,St. Lawrence Drainage Area,NA - 06,Copper (and its compounds),tonnes,Off-Site Disposal / Élimination hors site,Land Fill,19.163,https://www.canada.ca/en/environment-climate-change/services/national-pollutant-release-inventory/tools-resources-data/exploredata.html,POINT (-73.2661 45.8206)
npri-3649-2023-163,2023,3649,ArcelorMittal Contrecoeur Est,,manufacturing,-73.261054,45.833684,Mixedwood Plain,St. Lawrence Drainage Area,NA - 06,Copper (and its compounds),tonnes,Off-Site Disposal / Élimination hors site,Land Fill,6.06459,https://www.canada.ca/en/environment-climate-change/services/national-pollutant-release-inventory/tools-resources-data/exploredata.html,POINT (-73.261054 45.833684)
npri-2986-2023-158,2023,2986,ArcelorMittal Contrecoeur Ouest,,manufacturing,-73.2661,45.8206,Mixedwood Plain,St. Lawrence Drainage Area,NA - D/F,Dioxins and furans - total,g TEQ,Off-Site Disposal / Élimination hors site,Land Fill,0.2105,https://www.canada.ca/en/environment-climate-change/services/national-pollutant-release-inventory/tools-resources-data/exploredata.html,POINT (-73.2661 45.8206)
npri-3649-2023-164,2023,3649,ArcelorMittal Contrecoeur Est,,manufacturing,-73.261054,45.833684,Mixedwood Plain,St. Lawrence Drainage Area,NA - D/F,Dioxins and furans - total,g TEQ,Off-Site Disposal / Élimination hors site,Land Fill,0.496,https://www.canada.ca/en/environment-climate-change/services/national-pollutant-release-inventory/tools-resources-data/exploredata.html,POINT (-73.261054 45.833684)
npri-2986-2023-159,2023,2986,ArcelorMittal Contrecoeur Ouest,,manufacturing,-73.2661,45.8206,Mixedwood Plain,St. Lawrence Drainage Area,NA - 08,Lead (and its compounds),kg,Off-Site Disposal / Élimination hors site,Land Fill,12040.717,https://www.canada.ca/en/environment-climate-change/services/national-pollutant-release-inventory/tools-resources-data/exploredata.html,POINT (-73.2661 45.8206)
npri-3649-2023-165,2023,3649,ArcelorMittal Contrecoeur Est,,manufacturing,-73.261054,45.833684,Mixedwood Plain,St. Lawrence Drainage Area,NA - 08,Lead (and its compounds),kg,Off-Site Disposal / Élimination hors site,Land Fill,8158.165,https://www.canada.ca/en/environment-climate-change/services/national-pollutant-release-inventory/tools-resources-data/exploredata.html,POINT (-73.261054 45.833684)
npri-2986-2023-160,2023,2986,ArcelorMittal Contrecoeur Ouest,,manufacturing,-73.2661,45.8206,Mixedwood Plain,St. Lawrence Drainage Area,NA - 09,Manganese (and its compounds),tonnes,Off-Site Disposal / Élimination hors site,Land Fill,177.814,https://www.canada.ca/en/environment-climate-change/services/national-pollutant-release-inventory/tools-resources-data/exploredata.html,POINT (-73.2661 45.8206)
npri-3649-2023-166,2023,3649,ArcelorMittal Contrecoeur Est,,manufacturing,-73.261054,45.833684,Mixedwood Plain,St. Lawrence Drainage Area,NA - 09,Manganese (and its compounds),tonnes,Off-Site Disposal / Élimination hors site,Land Fill,96.7008,https://www.canada.ca/en/environment-climate-change/services/national-pollutant-release-inventory/tools-resources-data/exploredata.html,POINT (-73.261054 45.833684)
npri-2986-2023-161,2023,2986,ArcelorMittal Contrecoeur Ouest,,manufacturing,-73.2661,45.8206,Mixedwood Plain,St. Lawrence Drainage Area,NA - 10,Mercury (and its compounds),kg,Off-Site Disposal / Élimination hors site,Land Fill,3.203,https://www.canada.ca/en/environment-climate-change/services/national-pollutant-release-inventory/tools-resources-data/exploredata.html,POINT (-73.2661 45.8206)
npri-3649-2023-167,2023,3649,ArcelorMittal Contrecoeur Est,,manufacturing,-73.261054,45.833684,Mixedwood Plain,St. Lawrence Drainage Area,NA - 10,Mercury (and its compounds),kg,Off-Site Disposal / Élimination hors site,Land Fill,1.958,https://www.canada.ca/en/environment-climate-change/services/national-pollutant-release-inventory/tools-resources-data/exploredata.html,POINT (-73.261054 45.833684)
npri-2986-2023-162,2023,2986,ArcelorMittal Contrecoeur Ouest,,manufacturing,-73.2661,45.8206,Mixedwood Plain,St. Lawrence Drainage Area,NA - 12,Selenium (and its compounds),kg,Off-Site Disposal / Élimination hors site,Land Fill,21.921,https://www.canada.ca/en/environment-climate-change/services/national-pollutant-release-inventory/tools-resources-data/exploredata.html,POINT (-73.2661 45.8206)
npri-3649-2023-168,2023,3649,ArcelorMittal Contrecoeur Est,,manufacturing,-73.261054,45.833684,Mixedwood Plain,St. Lawrence Drainage Area,NA - 12,Selenium (and its compounds),kg,Off-Site Disposal / Élimination hors site,Land Fill,93.5426,https://www.canada.ca/en/environment-climate-change/services/national-pollutant-release-inventory/tools-resources-data/exploredata.html,POINT (-73.261054 45.833684)
npri-2986-2023-163,2023,2986,ArcelorMittal Contrecoeur Ouest,,manufacturing,-73.2661,45.8206,Mixedwood Plain,St. Lawrence Drainage Area,NA - 14,Zinc (and its compounds),tonnes,Off-Site Disposal / Élimination hors site,Land Fill,153.093,https://www.canada.ca/en/environment-climate-change/services/national-pollutant-release-inventory/tools-resources-data/exploredata.html,POINT (-73.2661 45.8206)
npri-3649-2023-169,2023,3649,ArcelorMittal Contrecoeur Est,,manufacturing,-73.261054,45.833684,Mixedwood Plain,St. Lawrence Drainage Area,NA - 14,Zinc (and its compounds),tonnes,Off-Site Disposal / Élimination hors site,Land Fill,590.59545,https://www.canada.ca/en/environment-climate-change/services/national-pollutant-release-inventory/tools-resources-data/exploredata.html,POINT (-73.261054 45.833684)
npri-3991-2023-33,2023,3991,Precious Metals Division,,manufacturing,-79.7219,43.6912,Mixedwood Plain,St. Lawrence Drainage Area,NA - 08,Lead (and its compounds),kg,Off-Site Disposal / Élimination hors site,Land Fill,955.4,https://www.canada.ca/en/environment-climate-change/services/national-pollutant-release-inventory/tools-resources-data/exploredata.html,POINT (-79.7219 43.6912)
npri-123-2023-10,2023,123,A.T.I,,manufacturing,-79.3514,43.8236,Mixedwood Plain,St. Lawrence Drainage Area,NA - 20,Nonylphenol and its ethoxylates,kg,Off-Site Disposal / Élimination hors site,Land Fill,405.9,https://www.canada.ca/en/environment-climate-change/services/national-pollutant-release-inventory/tools-resources-data/exploredata.html,POINT (-79.3514 43.8236)
npri-11004-2023-5,2023,11004,Atlas Tube Harrow,,manufacturing,-82.9236,42.0412,Mixedwood Plain,St. Lawrence Drainage Area,NA - 09,Manganese (and its compounds),tonnes,Off-Site Disposal / Élimination hors site,Land Fill,12.788,https://www.canada.ca/en/environment-climate-change/services/national-pollutant-release-inventory/tools-resources-data/exploredata.html,POINT (-82.9236 42.0412)
npri-4495-2023-1,2023,4495,DOMTECH INC.,,manufacturing,-77.5939,44.115,Mixedwood Plain,St. Lawrence Drainage Area,NA - 01,Antimony (and its compounds),tonnes,Off-Site Disposal / Élimination hors site,Land Fill,0.157,https://www.canada.ca/en/environment-climate-change/services/national-pollutant-release-inventory/tools-resources-data/exploredata.html,POINT (-77.5939 44.115)
npri-2740-2023-192,2023,2740,EVRAZ Inc NA Canada - Regina Facilities,,manufacturing,-104.6301,50.5176,Prairie,Nelson River Drainage Area,208-96-8,Acenaphthylene,kg,Off-Site Disposal / Élimination hors site,Land Fill,1.5043,https://www.canada.ca/en/environment-climate-change/services/national-pollutant-release-inventory/tools-resources-data/exploredata.html,POINT (-104.6301 50.5176)
npri-2740-2023-193,2023,2740,EVRAZ Inc NA Canada - Regina Facilities,,manufacturing,-104.6301,50.5176,Prairie,Nelson River Drainage Area,7429-90-5,Aluminum (fume or dust only),tonnes,Off-Site Disposal / Élimination hors site,Land Fill,7.4955,https://www.canada.ca/en/environment-climate-change/services/national-pollutant-release-inventory/tools-resources-data/exploredata.html,POINT (-104.6301 50.5176)
npri-2740-2023-194,2023,2740,EVRAZ Inc NA Canada - Regina Facilities,,manufacturing,-104.6301,50.5176,Prairie,Nelson River Drainage Area,120-12-7,Anthracene,kg,Off-Site Disposal / Élimination hors site,Land Fill,0.4811,https://www.canada.ca/en/environment-climate-change/services/national-pollutant-release-inventory/tools-resources-data/exploredata.html,POINT (-104.6301 50.5176)
npri-2740-2023-195,2023,2740,EVRAZ Inc NA Canada - Regina Facilities,,manufacturing,-104.6301,50.5176,Prairie,Nelson River Drainage Area,NA - 02,Arsenic (and its compounds),kg,Off-Site Disposal / Élimination hors site,Land Fill,866.3543,https://www.canada.ca/en/environment-climate-change/services/national-pollutant-release-inventory/tools-resources-data/exploredata.html,POINT (-104.6301 50.5176)
npri-2740-2023-196,2023,2740,EVRAZ Inc NA Canada - Regina Facilities,,manufacturing,-104.6301,50.5176,Prairie,Nelson River Drainage Area,192-97-2,Benzo[e]pyrene,kg,Off-Site Disposal / Élimination hors site,Land Fill,5.6066,https://www.canada.ca/en/environment-climate-change/services/national-pollutant-release-inventory/tools-resources-data/exploredata.html,POINT (-104.6301 50.5176)
npri-2740-2023-197,2023,2740,EVRAZ Inc NA Canada - Regina Facilities,,manufacturing,-104.6301,50.5176,Prairie,Nelson River Drainage Area,191-24-2,Benzo[ghi]perylene,kg,Off-Site Disposal / Élimination hors site,Land Fill,5.7924,https://www.canada.ca/en/environment-climate-change/services/national-pollutant-release-inventory/tools-resources-data/exploredata.html,POINT (-104.6301 50.5176)
npri-2740-2023-198,2023,2740,EVRAZ Inc NA Canada - Regina Facilities,,manufacturing,-104.6301,50.5176,Prairie,Nelson River Drainage Area,NA - 03,Cadmium (and its compounds),kg,Off-Site Disposal / Élimination hors site,Land Fill,2201.2403,https://www.canada.ca/en/environment-climate-change/services/national-pollutant-release-inventory/tools-resources-data/exploredata.html,POINT (-104.6301 50.5176)
npri-2740-2023-199,2023,2740,EVRAZ Inc NA Canada - Regina Facilities,,manufacturing,-104.6301,50.5176,Prairie,Nelson River Drainage Area,7789-75-5,Calcium fluoride,tonnes,Off-Site Disposal / Élimination hors site,Land Fill,179.8662,https://www.canada.ca/en/environment-climate-change/services/national-pollutant-release-inventory/tools-resources-data/exploredata.html,POINT (-104.6301 50.5176)
npri-2740-2023-200,2023,2740,EVRAZ Inc NA Canada - Regina Facilities,,manufacturing,-104.6301,50.5176,Prairie,Nelson River Drainage Area,NA - 04,Chromium (and its compounds),tonnes,Off-Site Disposal / Élimination hors site,Land Fill,52.0962,https://www.canada.ca/en/environment-climate-change/services/national-pollutant-release-inventory/tools-resources-data/exploredata.html,POINT (-104.6301 50.5176)
npri-2740-2023-201,2023,2740,EVRAZ Inc NA Canada - Regina Facilities,,manufacturing,-104.6301,50.5176,Prairie,Nelson River Drainage Area,218-01-9,Chrysene,kg,Off-Site Disposal / Élimination hors site,Land Fill,6.9717,https://www.canada.ca/en/environment-climate-change/services/national-pollutant-release-inventory/tools-resources-data/exploredata.html,POINT (-104.6301 50.5176)
npri-2740-2023-202,2023,2740,EVRAZ Inc NA Canada - Regina Facilities,,manufacturing,-104.6301,50.5176,Prairie,Nelson River Drainage Area,NA - 05,Cobalt (and its compounds),kg,Off-Site Disposal / Élimination hors site,Land Fill,1026.4559,https://www.canada.ca/en/environment-climate-change/services/national-pollutant-release-inventory/tools-resources-data/exploredata.html,POINT (-104.6301 50.5176)
npri-2740-2023-203,2023,2740,EVRAZ Inc NA Canada - Regina Facilities,,manufacturing,-104.6301,50.5176,Prairie,Nelson River Drainage Area,NA - 06,Copper (and its compounds),tonnes,Off-Site Disposal / Élimination hors site,Land Fill,134.5378,https://www.canada.ca/en/environment-climate-change/services/national-pollutant-release-inventory/tools-resources-data/exploredata.html,POINT (-104.6301 50.5176)
npri-2740-2023-204,2023,2740,EVRAZ Inc NA Canada - Regina Facilities,,manufacturing,-104.6301,50.5176,Prairie,Nelson River Drainage Area,NA - D/F,Dioxins and furans - total,g TEQ,Off-Site Disposal / Élimination hors site,Land Fill,8.898098,https://www.canada.ca/en/environment-climate-change/services/national-pollutant-release-inventory/tools-resources-data/exploredata.html,POINT (-104.6301 50.5176)
npri-2740-2023-205,2023,2740,EVRAZ Inc NA Canada - Regina Facilities,,manufacturing,-104.6301,50.5176,Prairie,Nelson River Drainage Area,206-44-0,Fluoranthene,kg,Off-Site Disposal / Élimination hors site,Land Fill,14.7396,https://www.canada.ca/en/environment-climate-change/services/national-pollutant-release-inventory/tools-resources-data/exploredata.html,POINT (-104.6301 50.5176)
npri-2740-2023-206,2023,2740,EVRAZ Inc NA Canada - Regina Facilities,,manufacturing,-104.6301,50.5176,Prairie,Nelson River Drainage Area,86-73-7,Fluorene,kg,Off-Site Disposal / Élimination hors site,Land Fill,0.5906,https://www.canada.ca/en/environment-climate-change/services/national-pollutant-release-inventory/tools-resources-data/exploredata.html,POINT (-104.6301 50.5176)
npri-2740-2023-207,2023,2740,EVRAZ Inc NA Canada - Regina Facilities,,manufacturing,-104.6301,50.5176,Prairie,Nelson River Drainage Area,NA - 19,Hexavalent chromium (and its compounds),kg,Off-Site Disposal / Élimination hors site,Land Fill,4.0879,https://www.canada.ca/en/environment-climate-change/services/national-pollutant-release-inventory/tools-resources-data/exploredata.html,POINT (-104.6301 50.5176)
npri-2740-2023-208,2023,2740,EVRAZ Inc NA Canada - Regina Facilities,,manufacturing,-104.6301,50.5176,Prairie,Nelson River Drainage Area,NA - 08,Lead (and its compounds),kg,Off-Site Disposal / Élimination hors site,Land Fill,229592.0695,https://www.canada.ca/en/environment-climate-change/services/national-pollutant-release-inventory/tools-resources-data/exploredata.html,POINT (-104.6301 50.5176)
npri-2740-2023-209,2023,2740,EVRAZ Inc NA Canada - Regina Facilities,,manufacturing,-104.6301,50.5176,Prairie,Nelson River Drainage Area,NA - 09,Manganese (and its compounds),tonnes,Off-Site Disposal / Élimination hors site,Land Fill,279.0178,https://www.canada.ca/en/environment-climate-change/services/national-pollutant-release-inventory/tools-resources-data/exploredata.html,POINT (-104.6301 50.5176)
npri-2740-2023-210,2023,2740,EVRAZ Inc NA Canada - Regina Facilities,,manufacturing,-104.6301,50.5176,Prairie,Nelson River Drainage Area,NA - 10,Mercury (and its compounds),kg,Off-Site Disposal / Élimination hors site,Land Fill,343.8361,https://www.canada.ca/en/environment-climate-change/services/national-pollutant-release-inventory/tools-resources-data/exploredata.html,POINT (-104.6301 50.5176)
npri-2740-2023-211,2023,2740,EVRAZ Inc NA Canada - Regina Facilities,,manufacturing,-104.6301,50.5176,Prairie,Nelson River Drainage Area,NA - 11,Nickel (and its compounds),tonnes,Off-Site Disposal / Élimination hors site,Land Fill,6.8333,https://www.canada.ca/en/environment-climate-change/services/national-pollutant-release-inventory/tools-resources-data/exploredata.html,POINT (-104.6301 50.5176)
npri-2740-2023-212,2023,2740,EVRAZ Inc NA Canada - Regina Facilities,,manufacturing,-104.6301,50.5176,Prairie,Nelson River Drainage Area,85-01-8,Phenanthrene,kg,Off-Site Disposal / Élimination hors site,Land Fill,10.5546,https://www.canada.ca/en/environment-climate-change/services/national-pollutant-release-inventory/tools-resources-data/exploredata.html,POINT (-104.6301 50.5176)
npri-2740-2023-213,2023,2740,EVRAZ Inc NA Canada - Regina Facilities,,manufacturing,-104.6301,50.5176,Prairie,Nelson River Drainage Area,NA - 22,Phosphorus (total),tonnes,Off-Site Disposal / Élimination hors site,Land Fill,21.2905,https://www.canada.ca/en/environment-climate-change/services/national-pollutant-release-inventory/tools-resources-data/exploredata.html,POINT (-104.6301 50.5176)
npri-2740-2023-214,2023,2740,EVRAZ Inc NA Canada - Regina Facilities,,manufacturing,-104.6301,50.5176,Prairie,Nelson River Drainage Area,129-00-0,Pyrene,kg,Off-Site Disposal / Élimination hors site,Land Fill,8.7193,https://www.canada.ca/en/environment-climate-change/services/national-pollutant-release-inventory/tools-resources-data/exploredata.html,POINT (-104.6301 50.5176)
npri-2740-2023-215,2023,2740,EVRAZ Inc NA Canada - Regina Facilities,,manufacturing,-104.6301,50.5176,Prairie,Nelson River Drainage Area,91-22-5,Quinoline,kg,Off-Site Disposal / Élimination hors site,Land Fill,3.91,https://www.canada.ca/en/environment-climate-change/services/national-pollutant-release-inventory/tools-resources-data/exploredata.html,POINT (-104.6301 50.5176)
npri-2740-2023-216,2023,2740,EVRAZ Inc NA Canada - Regina Facilities,,manufacturing,-104.6301,50.5176,Prairie,Nelson River Drainage Area,NA - 12,Selenium (and its compounds),kg,Off-Site Disposal / Élimination hors site,Land Fill,147.0069,https://www.canada.ca/en/environment-climate-change/services/national-pollutant-release-inventory/tools-resources-data/exploredata.html,POINT (-104.6301 50.5176)
npri-2740-2023-217,2023,2740,EVRAZ Inc NA Canada - Regina Facilities,,manufacturing,-104.6301,50.5176,Prairie,Nelson River Drainage Area,NA - 40,Vanadium (and its compounds),tonnes,Off-Site Disposal / Élimination hors site,Land Fill,2.0365,https://www.canada.ca/en/environment-climate-change/services/national-pollutant-release-inventory/tools-resources-data/exploredata.html,POINT (-104.6301 50.5176)
npri-2740-2023-218,2023,2740,EVRAZ Inc NA Canada - Regina Facilities,,manufacturing,-104.6301,50.5176,Prairie,Nelson River Drainage Area,NA - 14,Zinc (and its compounds),tonnes,Off-Site Disposal / Élimination hors site,Land Fill,1749.1184,https://www.canada.ca/en/environment-climate-change/services/national-pollutant-release-inventory/tools-resources-data/exploredata.html,POINT (-104.6301 50.5176)
npri-3824-2023-126,2023,3824,"Gerdau Ameristeel Corporation, Whitby Mill",,manufacturing,-78.9097,43.8578,Mixedwood Plain,St. Lawrence Drainage Area,NA - 02,Arsenic (and its compounds),kg,Off-Site Disposal / Élimination hors site,Land Fill,4.5133,https://www.canada.ca/en/environment-climate-change/services/national-pollutant-release-inventory/tools-resources-data/exploredata.html,POINT (-78.9097 43.8578)
npri-3824-2023-127,2023,3824,"Gerdau Ameristeel Corporation, Whitby Mill",,manufacturing,-78.9097,43.8578,Mixedwood Plain,St. Lawrence Drainage Area,NA - 03,Cadmium (and its compounds),kg,Off-Site Disposal / Élimination hors site,Land Fill,4.8142,https://www.canada.ca/en/environment-climate-change/services/national-pollutant-release-inventory/tools-resources-data/exploredata.html,POINT (-78.9097 43.8578)
npri-3824-2023-128,2023,3824,"Gerdau Ameristeel Corporation, Whitby Mill",,manufacturing,-78.9097,43.8578,Mixedwood Plain,St. Lawrence Drainage Area,NA - 04,Chromium (and its compounds),tonnes,Off-Site Disposal / Élimination hors site,Land Fill,3.1683,https://www.canada.ca/en/environment-climate-change/services/national-pollutant-release-inventory/tools-resources-data/exploredata.html,POINT (-78.9097 43.8578)
npri-3824-2023-129,2023,3824,"Gerdau Ameristeel Corporation, Whitby Mill",,manufacturing,-78.9097,43.8578,Mixedwood Plain,St. Lawrence Drainage Area,NA - 06,Copper (and its compounds),tonnes,Off-Site Disposal / Élimination hors site,Land Fill,1.3034,https://www.canada.ca/en/environment-climate-change/services/national-pollutant-release-inventory/tools-resources-data/exploredata.html,POINT (-78.9097 43.8578)
npri-3824-2023-130,2023,3824,"Gerdau Ameristeel Corporation, Whitby Mill",,manufacturing,-78.9097,43.8578,Mixedwood Plain,St. Lawrence Drainage Area,NA - 08,Lead (and its compounds),kg,Off-Site Disposal / Élimination hors site,Land Fill,200.9928,https://www.canada.ca/en/environment-climate-change/services/national-pollutant-release-inventory/tools-resources-data/exploredata.html,POINT (-78.9097 43.8578)
npri-3824-2023-131,2023,3824,"Gerdau Ameristeel Corporation, Whitby Mill",,manufacturing,-78.9097,43.8578,Mixedwood Plain,St. Lawrence Drainage Area,NA - 09,Manganese (and its compounds),tonnes,Off-Site Disposal / Élimination hors site,Land Fill,30.7627,https://www.canada.ca/en/environment-climate-change/services/national-pollutant-release-inventory/tools-resources-data/exploredata.html,POINT (-78.9097 43.8578)
npri-3824-2023-132,2023,3824,"Gerdau Ameristeel Corporation, Whitby Mill",,manufacturing,-78.9097,43.8578,Mixedwood Plain,St. Lawrence Drainage Area,NA - 10,Mercury (and its compounds),kg,Off-Site Disposal / Élimination hors site,Land Fill,0.0451,https://www.canada.ca/en/environment-climate-change/services/national-pollutant-release-inventory/tools-resources-data/exploredata.html,POINT (-78.9097 43.8578)
npri-3824-2023-133,2023,3824,"Gerdau Ameristeel Corporation, Whitby Mill",,manufacturing,-78.9097,43.8578,Mixedwood Plain,St. Lawrence Drainage Area,NA - 11,Nickel (and its compounds),tonnes,Off-Site Disposal / Élimination hors site,Land Fill,0.1649,https://www.canada.ca/en/environment-climate-change/services/national-pollutant-release-inventory/tools-resources-data/exploredata.html,POINT (-78.9097 43.8578)
npri-3824-2023-134,2023,3824,"Gerdau Ameristeel Corporation, Whitby Mill",,manufacturing,-78.9097,43.8578,Mixedwood Plain,St. Lawrence Drainage Area,NA - 22,Phosphorus (total),tonnes,Off-Site Disposal / Élimination hors site,Land Fill,0.9123,https://www.canada.ca/en/environment-climate-change/services/national-pollutant-release-inventory/tools-resources-data/exploredata.html,POINT (-78.9097 43.8578)
npri-3824-2023-135,2023,3824,"Gerdau Ameristeel Corporation, Whitby Mill",,manufacturing,-78.9097,43.8578,Mixedwood Plain,St. Lawrence Drainage Area,NA - 14,Zinc (and its compounds),tonnes,Off-Site Disposal / Élimination hors site,Land Fill,2.3578,https://www.canada.ca/en/environment-climate-change/services/national-pollutant-release-inventory/tools-resources-data/exploredata.html,POINT (-78.9097 43.8578)
npri-3916-2023-105,2023,3916,"Glencore Canada Corporation, CCR refinery",,manufacturing,-73.50475,45.62731,Mixedwood Plain,St. Lawrence Drainage Area,NA - 01,Antimony (and its compounds),tonnes,Off-Site Disposal / Élimination hors site,Land Fill,24.235,https://www.canada.ca/en/environment-climate-change/services/national-pollutant-release-inventory/tools-resources-data/exploredata.html,POINT (-73.50475 45.62731)
npri-1236-2023-232,2023,1236,Sudbury Integrated Nickel Operations Smelter,,manufacturing,-80.8042,46.5775,Boreal Shield,St. Lawrence Drainage Area,NA - 02,Arsenic (and its compounds),kg,Off-Site Disposal / Élimination hors site,Land Fill,7.6325,https://www.canada.ca/en/environment-climate-change/services/national-pollutant-release-inventory/tools-resources-data/exploredata.html,POINT (-80.8042 46.5775)
npri-3916-2023-106,2023,3916,"Glencore Canada Corporation, CCR refinery",,manufacturing,-73.50475,45.62731,Mixedwood Plain,St. Lawrence Drainage Area,NA - 02,Arsenic (and its compounds),kg,Off-Site Disposal / Élimination hors site,Land Fill,13149.28,https://www.canada.ca/en/environment-climate-change/services/national-pollutant-release-inventory/tools-resources-data/exploredata.html,POINT (-73.50475 45.62731)
npri-1236-2023-233,2023,1236,Sudbury Integrated Nickel Operations Smelter,,manufacturing,-80.8042,46.5775,Boreal Shield,St. Lawrence Drainage Area,NA - 03,Cadmium (and its compounds),kg,Off-Site Disposal / Élimination hors site,Land Fill,2013.5672,https://www.canada.ca/en/environment-climate-change/services/national-pollutant-release-inventory/tools-resources-data/exploredata.html,POINT (-80.8042 46.5775)
npri-3916-2023-107,2023,3916,"Glencore Canada Corporation, CCR refinery",,manufacturing,-73.50475,45.62731,Mixedwood Plain,St. Lawrence Drainage Area,NA - 03,Cadmium (and its compounds),kg,Off-Site Disposal / Élimination hors site,Land Fill,7.7578,https://www.canada.ca/en/environment-climate-change/services/national-pollutant-release-inventory/tools-resources-data/exploredata.html,POINT (-73.50475 45.62731)
npri-1236-2023-234,2023,1236,Sudbury Integrated Nickel Operations Smelter,,manufacturing,-80.8042,46.5775,Boreal Shield,St. Lawrence Drainage Area,NA - 04,Chromium (and its compounds),tonnes,Off-Site Disposal / Élimination hors site,Land Fill,0.1571,https://www.canada.ca/en/environment-climate-change/services/national-pollutant-release-inventory/tools-resources-data/exploredata.html,POINT (-80.8042 46.5775)
npri-3916-2023-108,2023,3916,"Glencore Canada Corporation, CCR refinery",,manufacturing,-73.50475,45.62731,Mixedwood Plain,St. Lawrence Drainage Area,NA - 04,Chromium (and its compounds),tonnes,Off-Site Disposal / Élimination hors site,Land Fill,0.0256,https://www.canada.ca/en/environment-climate-change/services/national-pollutant-release-inventory/tools-resources-data/exploredata.html,POINT (-73.50475 45.62731)
npri-1236-2023-235,2023,1236,Sudbury Integrated Nickel Operations Smelter,,manufacturing,-80.8042,46.5775,Boreal Shield,St. Lawrence Drainage Area,NA - 05,Cobalt (and its compounds),kg,Off-Site Disposal / Élimination hors site,Land Fill,128.0348,https://www.canada.ca/en/environment-climate-change/services/national-pollutant-release-inventory/tools-resources-data/exploredata.html,POINT (-80.8042 46.5775)
npri-3916-2023-109,2023,3916,"Glencore Canada Corporation, CCR refinery",,manufacturing,-73.50475,45.62731,Mixedwood Plain,St. Lawrence Drainage Area,NA - 05,Cobalt (and its compounds),kg,Off-Site Disposal / Élimination hors site,Land Fill,5.1437,https://www.canada.ca/en/environment-climate-change/services/national-pollutant-release-inventory/tools-resources-data/exploredata.html,POINT (-73.50475 45.62731)
npri-1236-2023-236,2023,1236,Sudbury Integrated Nickel Operations Smelter,,manufacturing,-80.8042,46.5775,Boreal Shield,St. Lawrence Drainage Area,NA - 06,Copper (and its compounds),tonnes,Off-Site Disposal / Élimination hors site,Land Fill,1.237,https://www.canada.ca/en/environment-climate-change/services/national-pollutant-release-inventory/tools-resources-data/exploredata.html,POINT (-80.8042 46.5775)
npri-3916-2023-110,2023,3916,"Glencore Canada Corporation, CCR refinery",,manufacturing,-73.50475,45.62731,Mixedwood Plain,St. Lawrence Drainage Area,NA - 06,Copper (and its compounds),tonnes,Off-Site Disposal / Élimination hors site,Land Fill,20.1754,https://www.canada.ca/en/environment-climate-change/services/national-pollutant-release-inventory/tools-resources-data/exploredata.html,POINT (-73.50475 45.62731)
npri-1236-2023-237,2023,1236,Sudbury Integrated Nickel Operations Smelter,,manufacturing,-80.8042,46.5775,Boreal Shield,St. Lawrence Drainage Area,NA - 08,Lead (and its compounds),kg,Off-Site Disposal / Élimination hors site,Land Fill,506.5185,https://www.canada.ca/en/environment-climate-change/services/national-pollutant-release-inventory/tools-resources-data/exploredata.html,POINT (-80.8042 46.5775)
npri-3916-2023-111,2023,3916,"Glencore Canada Corporation, CCR refinery",,manufacturing,-73.50475,45.62731,Mixedwood Plain,St. Lawrence Drainage Area,NA - 08,Lead (and its compounds),kg,Off-Site Disposal / Élimination hors site,Land Fill,519.714,https://www.canada.ca/en/environment-climate-change/services/national-pollutant-release-inventory/tools-resources-data/exploredata.html,POINT (-73.50475 45.62731)
npri-1236-2023-238,2023,1236,Sudbury Integrated Nickel Operations Smelter,,manufacturing,-80.8042,46.5775,Boreal Shield,St. Lawrence Drainage Area,NA - 09,Manganese (and its compounds),tonnes,Off-Site Disposal / Élimination hors site,Land Fill,0.0045,https://www.canada.ca/en/environment-climate-change/services/national-pollutant-release-inventory/tools-resources-data/exploredata.html,POINT (-80.8042 46.5775)
npri-1236-2023-239,2023,1236,Sudbury Integrated Nickel Operations Smelter,,manufacturing,-80.8042,46.5775,Boreal Shield,St. Lawrence Drainage Area,NA - 10,Mercury (and its compounds),kg,Off-Site Disposal / Élimination hors site,Land Fill,0.001,https://www.canada.ca/en/environment-climate-change/services/national-pollutant-release-inventory/tools-resources-data/exploredata.html,POINT (-80.8042 46.5775)
npri-3916-2023-112,2023,3916,"Glencore Canada Corporation, CCR refinery",,manufacturing,-73.50475,45.62731,Mixedwood Plain,St. Lawrence Drainage Area,NA - 10,Mercury (and its compounds),kg,Off-Site Disposal / Élimination hors site,Land Fill,0.09769,https://www.canada.ca/en/environment-climate-change/services/national-pollutant-release-inventory/tools-resources-data/exploredata.html,POINT (-73.50475 45.62731)
npri-1236-2023-240,2023,1236,Sudbury Integrated Nickel Operations Smelter,,manufacturing,-80.8042,46.5775,Boreal Shield,St. Lawrence Drainage Area,NA - 11,Nickel (and its compounds),tonnes,Off-Site Disposal / Élimination hors site,Land Fill,3.5986,https://www.canada.ca/en/environment-climate-change/services/national-pollutant-release-inventory/tools-resources-data/exploredata.html,POINT (-80.8042 46.5775)
npri-3916-2023-113,2023,3916,"Glencore Canada Corporation, CCR refinery",,manufacturing,-73.50475,45.62731,Mixedwood Plain,St. Lawrence Drainage Area,NA - 11,Nickel (and its compounds),tonnes,Off-Site Disposal / Élimination hors site,Land Fill,2.3443,https://www.canada.ca/en/environment-climate-change/services/national-pollutant-release-inventory/tools-resources-data/exploredata.html,POINT (-73.50475 45.62731)
npri-1236-2023-241,2023,1236,Sudbury Integrated Nickel Operations Smelter,,manufacturing,-80.8042,46.5775,Boreal Shield,St. Lawrence Drainage Area,NA - 12,Selenium (and its compounds),kg,Off-Site Disposal / Élimination hors site,Land Fill,6.3836,https://www.canada.ca/en/environment-climate-change/services/national-pollutant-release-inventory/tools-resources-data/exploredata.html,POINT (-80.8042 46.5775)
npri-3916-2023-114,2023,3916,"Glencore Canada Corporation, CCR refinery",,manufacturing,-73.50475,45.62731,Mixedwood Plain,St. Lawrence Drainage Area,NA - 12,Selenium (and its compounds),kg,Off-Site Disposal / Élimination hors site,Land Fill,281.497,https://www.canada.ca/en/environment-climate-change/services/national-pollutant-release-inventory/tools-resources-data/exploredata.html,POINT (-73.50475 45.62731)
npri-3916-2023-115,2023,3916,"Glencore Canada Corporation, CCR refinery",,manufacturing,-73.50475,45.62731,Mixedwood Plain,St. Lawrence Drainage Area,NA - 13,Silver (and its compounds),tonnes,Off-Site Disposal / Élimination hors site,Land Fill,0.0832,https://www.canada.ca/en/environment-climate-change/services/national-pollutant-release-inventory/tools-resources-data/exploredata.html,POINT (-73.50475 45.62731)
npri-1236-2023-242,2023,1236,Sudbury Integrated Nickel Operations Smelter,,manufacturing,-80.8042,46.5775,Boreal Shield,St. Lawrence Drainage Area,NA - 37,Thallium (and its compounds),kg,Off-Site Disposal / Élimination hors site,Land Fill,6.4316,https://www.canada.ca/en/environment-climate-change/services/national-pollutant-release-inventory/tools-resources-data/exploredata.html,POINT (-80.8042 46.5775)
npri-1236-2023-243,2023,1236,Sudbury Integrated Nickel Operations Smelter,,manufacturing,-80.8042,46.5775,Boreal Shield,St. Lawrence Drainage Area,NA - 40,Vanadium (and its compounds),tonnes,Off-Site Disposal / Élimination hors site,Land Fill,0.0012,https://www.canada.ca/en/environment-climate-change/services/national-pollutant-release-inventory/tools-resources-data/exploredata.html,POINT (-80.8042 46.5775)
npri-1236-2023-244,2023,1236,Sudbury Integrated Nickel Operations Smelter,,manufacturing,-80.8042,46.5775,Boreal Shield,St. Lawrence Drainage Area,NA - 14,Zinc (and its compounds),tonnes,Off-Site Disposal / Élimination hors site,Land Fill,6.1888,https://www.canada.ca/en/environment-climate-change/services/national-pollutant-release-inventory/tools-resources-data/exploredata.html,POINT (-80.8042 46.5775)
npri-3916-2023-116,2023,3916,"Glencore Canada Corporation, CCR refinery",,manufacturing,-73.50475,45.62731,Mixedwood Plain,St. Lawrence Drainage Area,NA - 14,Zinc (and its compounds),tonnes,Off-Site Disposal / Élimination hors site,Land Fill,0.2216,https://www.canada.ca/en/environment-climate-change/services/national-pollutant-release-inventory/tools-resources-data/exploredata.html,POINT (-73.50475 45.62731)
npri-2396-2023-18,2023,2396,Great Lakes Copper Ltd.,,manufacturing,-81.1842,43.0233,Mixedwood Plain,St. Lawrence Drainage Area,NA - 06,Copper (and its compounds),tonnes,Off-Site Disposal / Élimination hors site,Land Fill,0.422,https://www.canada.ca/en/environment-climate-change/services/national-pollutant-release-inventory/tools-resources-data/exploredata.html,POINT (-81.1842 43.0233)
npri-3812-2023-21,2023,3812,Sivaco Québec,,manufacturing,-73.167875,45.429756,Mixedwood Plain,St. Lawrence Drainage Area,NA - 08,Lead (and its compounds),kg,Off-Site Disposal / Élimination hors site,Land Fill,75881.0,https://www.canada.ca/en/environment-climate-change/services/national-pollutant-release-inventory/tools-resources-data/exploredata.html,POINT (-73.167875 45.429756)
npri-5649-2023-17,2023,5649,Kaiser Aluminum Canada Limited,,manufacturing,-81.1408,42.9862,Mixedwood Plain,St. Lawrence Drainage Area,NA - 14,Zinc (and its compounds),tonnes,Off-Site Disposal / Élimination hors site,Land Fill,9.43,https://www.canada.ca/en/environment-climate-change/services/national-pollutant-release-inventory/tools-resources-data/exploredata.html,POINT (-81.1408 42.9862)
npri-1541-2023-36,2023,1541,Lethbridge,,manufacturing,-112.7819,49.7201,Prairie,Nelson River Drainage Area,NA - 04,Chromium (and its compounds),tonnes,Off-Site Disposal / Élimination hors site,Land Fill,0.07,https://www.canada.ca/en/environment-climate-change/services/national-pollutant-release-inventory/tools-resources-data/exploredata.html,POINT (-112.7819 49.7201)
npri-1541-2023-37,2023,1541,Lethbridge,,manufacturing,-112.7819,49.7201,Prairie,Nelson River Drainage Area,NA - 11,Nickel (and its compounds),tonnes,Off-Site Disposal / Élimination hors site,Land Fill,0.045,https://www.canada.ca/en/environment-climate-change/services/national-pollutant-release-inventory/tools-resources-data/exploredata.html,POINT (-112.7819 49.7201)
npri-4799-2023-24,2023,4799,Magotteaux ltée,,manufacturing,-72.1444,45.2717,Atlantic Maritime,St. Lawrence Drainage Area,NA - 04,Chromium (and its compounds),tonnes,Off-Site Disposal / Élimination hors site,Land Fill,19.05,https://www.canada.ca/en/environment-climate-change/services/national-pollutant-release-inventory/tools-resources-data/exploredata.html,POINT (-72.1444 45.2717)
npri-6366-2023-9,2023,6366,Métallurgie Castech inc.,,manufacturing,-71.3053,46.1078,Atlantic Maritime,St. Lawrence Drainage Area,NA - 04,Chromium (and its compounds),tonnes,Off-Site Disposal / Élimination hors site,Land Fill,1.83,https://www.canada.ca/en/environment-climate-change/services/national-pollutant-release-inventory/tools-resources-data/exploredata.html,POINT (-71.3053 46.1078)
npri-6366-2023-10,2023,6366,Métallurgie Castech inc.,,manufacturing,-71.3053,46.1078,Atlantic Maritime,St. Lawrence Drainage Area,NA - 09,Manganese (and its compounds),tonnes,Off-Site Disposal / Élimination hors site,Land Fill,1.46,https://www.canada.ca/en/environment-climate-change/services/national-pollutant-release-inventory/tools-resources-data/exploredata.html,POINT (-71.3053 46.1078)
npri-6366-2023-11,2023,6366,Métallurgie Castech inc.,,manufacturing,-71.3053,46.1078,Atlantic Maritime,St. Lawrence Drainage Area,NA - 11,Nickel (and its compounds),tonnes,Off-Site Disposal / Élimination hors site,Land Fill,0.14,https://www.canada.ca/en/environment-climate-change/services/national-pollutant-release-inventory/tools-resources-data/exploredata.html,POINT (-71.3053 46.1078)
npri-5761-2023-25,2023,5761,Niagara Investment Castings,,manufacturing,-79.2164,43.1664,Mixedwood Plain,St. Lawrence Drainage Area,NA - 04,Chromium (and its compounds),tonnes,Off-Site Disposal / Élimination hors site,Land Fill,0.1969,https://www.canada.ca/en/environment-climate-change/services/national-pollutant-release-inventory/tools-resources-data/exploredata.html,POINT (-79.2164 43.1664)
npri-5761-2023-26,2023,5761,Niagara Investment Castings,,manufacturing,-79.2164,43.1664,Mixedwood Plain,St. Lawrence Drainage Area,NA - 05,Cobalt (and its compounds),kg,Off-Site Disposal / Élimination hors site,Land Fill,4.4105,https://www.canada.ca/en/environment-climate-change/services/national-pollutant-release-inventory/tools-resources-data/exploredata.html,POINT (-79.2164 43.1664)
npri-5761-2023-27,2023,5761,Niagara Investment Castings,,manufacturing,-79.2164,43.1664,Mixedwood Plain,St. Lawrence Drainage Area,NA - 06,Copper (and its compounds),tonnes,Off-Site Disposal / Élimination hors site,Land Fill,0.1489,https://www.canada.ca/en/environment-climate-change/services/national-pollutant-release-inventory/tools-resources-data/exploredata.html,POINT (-79.2164 43.1664)
npri-5761-2023-28,2023,5761,Niagara Investment Castings,,manufacturing,-79.2164,43.1664,Mixedwood Plain,St. Lawrence Drainage Area,NA - 08,Lead (and its compounds),kg,Off-Site Disposal / Élimination hors site,Land Fill,29.2249,https://www.canada.ca/en/environment-climate-change/services/national-pollutant-release-inventory/tools-resources-data/exploredata.html,POINT (-79.2164 43.1664)
npri-5761-2023-29,2023,5761,Niagara Investment Castings,,manufacturing,-79.2164,43.1664,Mixedwood Plain,St. Lawrence Drainage Area,NA - 11,Nickel (and its compounds),tonnes,Off-Site Disposal / Élimination hors site,Land Fill,0.1105,https://www.canada.ca/en/environment-climate-change/services/national-pollutant-release-inventory/tools-resources-data/exploredata.html,POINT (-79.2164 43.1664)
npri-4197-2023-11,2023,4197,Kingston Works,,manufacturing,-76.5094,44.25036,Mixedwood Plain,St. Lawrence Drainage Area,NA - 09,Manganese (and its compounds),tonnes,Off-Site Disposal / Élimination hors site,Land Fill,0.0241,https://www.canada.ca/en/environment-climate-change/services/national-pollutant-release-inventory/tools-resources-data/exploredata.html,POINT (-76.5094 44.25036)
npri-5732-2023-29,2023,5732,Real Alloy Mississauga,,manufacturing,-79.6679,43.7014,Mixedwood Plain,St. Lawrence Drainage Area,7429-90-5,Aluminum (fume or dust only),tonnes,Off-Site Disposal / Élimination hors site,Land Fill,95.404,https://www.canada.ca/en/environment-climate-change/services/national-pollutant-release-inventory/tools-resources-data/exploredata.html,POINT (-79.6679 43.7014)
npri-5732-2023-30,2023,5732,Real Alloy Mississauga,,manufacturing,-79.6679,43.7014,Mixedwood Plain,St. Lawrence Drainage Area,NA - 06,Copper (and its compounds),tonnes,Off-Site Disposal / Élimination hors site,Land Fill,3.568,https://www.canada.ca/en/environment-climate-change/services/national-pollutant-release-inventory/tools-resources-data/exploredata.html,POINT (-79.6679 43.7014)
npri-5732-2023-31,2023,5732,Real Alloy Mississauga,,manufacturing,-79.6679,43.7014,Mixedwood Plain,St. Lawrence Drainage Area,NA - D/F,Dioxins and furans - total,g TEQ,Off-Site Disposal / Élimination hors site,Land Fill,44.925883,https://www.canada.ca/en/environment-climate-change/services/national-pollutant-release-inventory/tools-resources-data/exploredata.html,POINT (-79.6679 43.7014)
npri-5732-2023-32,2023,5732,Real Alloy Mississauga,,manufacturing,-79.6679,43.7014,Mixedwood Plain,St. Lawrence Drainage Area,NA - 14,Zinc (and its compounds),tonnes,Off-Site Disposal / Élimination hors site,Land Fill,5.528,https://www.canada.ca/en/environment-climate-change/services/national-pollutant-release-inventory/tools-resources-data/exploredata.html,POINT (-79.6679 43.7014)
npri-2788-2023-203,2023,2788,Rio Tinto Alcan Inc.,,manufacturing,-128.7036,54.0102,Pacific Maritime,Pacific Drainage Area,7789-75-5,Calcium fluoride,tonnes,Off-Site Disposal / Élimination hors site,Land Fill,0.11,https://www.canada.ca/en/environment-climate-change/services/national-pollutant-release-inventory/tools-resources-data/exploredata.html,POINT (-128.7036 54.0102)
npri-2788-2023-204,2023,2788,Rio Tinto Alcan Inc.,,manufacturing,-128.7036,54.0102,Pacific Maritime,Pacific Drainage Area,7681-49-4,Sodium fluoride,tonnes,Off-Site Disposal / Élimination hors site,Land Fill,0.83,https://www.canada.ca/en/environment-climate-change/services/national-pollutant-release-inventory/tools-resources-data/exploredata.html,POINT (-128.7036 54.0102)
npri-2544-2023-14,2023,2544,Riverside Brass - Waterloo Street,,manufacturing,-80.7141,43.3817,Mixedwood Plain,St. Lawrence Drainage Area,NA - 06,Copper (and its compounds),tonnes,Off-Site Disposal / Élimination hors site,Land Fill,3.4e-05,https://www.canada.ca/en/environment-climate-change/services/national-pollutant-release-inventory/tools-resources-data/exploredata.html,POINT (-80.7141 43.3817)
npri-4978-2023-13,2023,4978,Riverside Brass - Hamilton Road,,manufacturing,-80.7027,43.3857,Mixedwood Plain,St. Lawrence Drainage Area,NA - 06,Copper (and its compounds),tonnes,Off-Site Disposal / Élimination hors site,Land Fill,1.4e-05,https://www.canada.ca/en/environment-climate-change/services/national-pollutant-release-inventory/tools-resources-data/exploredata.html,POINT (-80.7027 43.3857)
npri-2544-2023-15,2023,2544,Riverside Brass - Waterloo Street,,manufacturing,-80.7141,43.3817,Mixedwood Plain,St. Lawrence Drainage Area,NA - 11,Nickel (and its compounds),tonnes,Off-Site Disposal / Élimination hors site,Land Fill,1e-05,https://www.canada.ca/en/environment-climate-change/services/national-pollutant-release-inventory/tools-resources-data/exploredata.html,POINT (-80.7141 43.3817)
npri-4978-2023-14,2023,4978,Riverside Brass - Hamilton Road,,manufacturing,-80.7027,43.3857,Mixedwood Plain,St. Lawrence Drainage Area,NA - 11,Nickel (and its compounds),tonnes,Off-Site Disposal / Élimination hors site,Land Fill,1e-06,https://www.canada.ca/en/environment-climate-change/services/national-pollutant-release-inventory/tools-resources-data/exploredata.html,POINT (-80.7027 43.3857)
npri-2544-2023-16,2023,2544,Riverside Brass - Waterloo Street,,manufacturing,-80.7141,43.3817,Mixedwood Plain,St. Lawrence Drainage Area,NA - 14,Zinc (and its compounds),tonnes,Off-Site Disposal / Élimination hors site,Land Fill,3e-06,https://www.canada.ca/en/environment-climate-change/services/national-pollutant-release-inventory/tools-resources-data/exploredata.html,POINT (-80.7141 43.3817)
npri-4978-2023-15,2023,4978,Riverside Brass - Hamilton Road,,manufacturing,-80.7027,43.3857,Mixedwood Plain,St. Lawrence Drainage Area,NA - 14,Zinc (and its compounds),tonnes,Off-Site Disposal / Élimination hors site,Land Fill,1e-06,https://www.canada.ca/en/environment-climate-change/services/national-pollutant-release-inventory/tools-resources-data/exploredata.html,POINT (-80.7027 43.3857)
npri-31053-2023-19,2023,31053,Rochester Aluminum Smelting Canada Limited,,manufacturing,-79.51162,43.79254,Mixedwood Plain,St. Lawrence Drainage Area,NA - 06,Copper (and its compounds),tonnes,Off-Site Disposal / Élimination hors site,Land Fill,8.23,https://www.canada.ca/en/environment-climate-change/services/national-pollutant-release-inventory/tools-resources-data/exploredata.html,POINT (-79.51162 43.79254)
npri-31053-2023-20,2023,31053,Rochester Aluminum Smelting Canada Limited,,manufacturing,-79.51162,43.79254,Mixedwood Plain,St. Lawrence Drainage Area,NA - D/F,Dioxins and furans - total,g TEQ,Off-Site Disposal / Élimination hors site,Land Fill,1.466541,https://www.canada.ca/en/environment-climate-change/services/national-pollutant-release-inventory/tools-resources-data/exploredata.html,POINT (-79.51162 43.79254)
npri-29088-2023-44,2023,29088,Scepter Aluminium Saguenay,,manufacturing,-71.12872,48.41042,Boreal Shield,St. Lawrence Drainage Area,7429-90-5,Aluminum (fume or dust only),tonnes,Off-Site Disposal / Élimination hors site,Land Fill,530.3,https://www.canada.ca/en/environment-climate-change/services/national-pollutant-release-inventory/tools-resources-data/exploredata.html,POINT (-71.12872 48.41042)
npri-29088-2023-45,2023,29088,Scepter Aluminium Saguenay,,manufacturing,-71.12872,48.41042,Boreal Shield,St. Lawrence Drainage Area,NA - 04,Chromium (and its compounds),tonnes,Off-Site Disposal / Élimination hors site,Land Fill,3.7,https://www.canada.ca/en/environment-climate-change/services/national-pollutant-release-inventory/tools-resources-data/exploredata.html,POINT (-71.12872 48.41042)
npri-29088-2023-46,2023,29088,Scepter Aluminium Saguenay,,manufacturing,-71.12872,48.41042,Boreal Shield,St. Lawrence Drainage Area,NA - 09,Manganese (and its compounds),tonnes,Off-Site Disposal / Élimination hors site,Land Fill,55.6,https://www.canada.ca/en/environment-climate-change/services/national-pollutant-release-inventory/tools-resources-data/exploredata.html,POINT (-71.12872 48.41042)
npri-29088-2023-47,2023,29088,Scepter Aluminium Saguenay,,manufacturing,-71.12872,48.41042,Boreal Shield,St. Lawrence Drainage Area,NA - 40,Vanadium (and its compounds),tonnes,Off-Site Disposal / Élimination hors site,Land Fill,14.2,https://www.canada.ca/en/environment-climate-change/services/national-pollutant-release-inventory/tools-resources-data/exploredata.html,POINT (-71.12872 48.41042)
npri-29088-2023-48,2023,29088,Scepter Aluminium Saguenay,,manufacturing,-71.12872,48.41042,Boreal Shield,St. Lawrence Drainage Area,NA - 14,Zinc (and its compounds),tonnes,Off-Site Disposal / Élimination hors site,Land Fill,23.3,https://www.canada.ca/en/environment-climate-change/services/national-pollutant-release-inventory/tools-resources-data/exploredata.html,POINT (-71.12872 48.41042)
npri-2132-2023-40,2023,2132,Fort Saskatchewan,,manufacturing,-113.19026,53.71967,Prairie,Nelson River Drainage Area,1332-21-4,Asbestos (friable form only),tonnes,Off-Site Disposal / Élimination hors site,Land Fill,6.604,https://www.canada.ca/en/environment-climate-change/services/national-pollutant-release-inventory/tools-resources-data/exploredata.html,POINT (-113.19026 53.71967)
npri-2132-2023-41,2023,2132,Fort Saskatchewan,,manufacturing,-113.19026,53.71967,Prairie,Nelson River Drainage Area,NA - 05,Cobalt (and its compounds),kg,Off-Site Disposal / Élimination hors site,Land Fill,0.397,https://www.canada.ca/en/environment-climate-change/services/national-pollutant-release-inventory/tools-resources-data/exploredata.html,POINT (-113.19026 53.71967)
npri-3032-2023-26,2023,3032,Sivaco Ontario,,manufacturing,-80.892,43.0293,Mixedwood Plain,St. Lawrence Drainage Area,NA - 22,Phosphorus (total),tonnes,Off-Site Disposal / Élimination hors site,Land Fill,2.291363,https://www.canada.ca/en/environment-climate-change/services/national-pollutant-release-inventory/tools-resources-data/exploredata.html,POINT (-80.892 43.0293)
npri-3032-2023-27,2023,3032,Sivaco Ontario,,manufacturing,-80.892,43.0293,Mixedwood Plain,St. Lawrence Drainage Area,NA - 14,Zinc (and its compounds),tonnes,Off-Site Disposal / Élimination hors site,Land Fill,3.098759,https://www.canada.ca/en/environment-climate-change/services/national-pollutant-release-inventory/tools-resources-data/exploredata.html,POINT (-80.892 43.0293)
npri-31796-2023-42,2023,31796,Soucy Belgen inc.,,manufacturing,-72.44711,45.84556,Mixedwood Plain,St. Lawrence Drainage Area,NA - 03,Cadmium (and its compounds),kg,Off-Site Disposal / Élimination hors site,Land Fill,0.00682,https://www.canada.ca/en/environment-climate-change/services/national-pollutant-release-inventory/tools-resources-data/exploredata.html,POINT (-72.44711 45.84556)
npri-31796-2023-43,2023,31796,Soucy Belgen inc.,,manufacturing,-72.44711,45.84556,Mixedwood Plain,St. Lawrence Drainage Area,NA - 04,Chromium (and its compounds),tonnes,Off-Site Disposal / Élimination hors site,Land Fill,8e-05,https://www.canada.ca/en/environment-climate-change/services/national-pollutant-release-inventory/tools-resources-data/exploredata.html,POINT (-72.44711 45.84556)
npri-31796-2023-44,2023,31796,Soucy Belgen inc.,,manufacturing,-72.44711,45.84556,Mixedwood Plain,St. Lawrence Drainage Area,NA - 08,Lead (and its compounds),kg,Off-Site Disposal / Élimination hors site,Land Fill,0.0341,https://www.canada.ca/en/environment-climate-change/services/national-pollutant-release-inventory/tools-resources-data/exploredata.html,POINT (-72.44711 45.84556)
npri-2984-2023-242,2023,2984,Hamilton,,manufacturing,-79.8246,43.26926,Mixedwood Plain,St. Lawrence Drainage Area,208-96-8,Acenaphthylene,kg,Off-Site Disposal / Élimination hors site,Land Fill,242.7235,https://www.canada.ca/en/environment-climate-change/services/national-pollutant-release-inventory/tools-resources-data/exploredata.html,POINT (-79.8246 43.26926)
npri-3855-2023-320,2023,3855,Lake Erie,,manufacturing,-80.0967,42.81,Mixedwood Plain,St. Lawrence Drainage Area,208-96-8,Acenaphthylene,kg,Off-Site Disposal / Élimination hors site,Land Fill,0.0171,https://www.canada.ca/en/environment-climate-change/services/national-pollutant-release-inventory/tools-resources-data/exploredata.html,POINT (-80.0967 42.81)
npri-3855-2023-321,2023,3855,Lake Erie,,manufacturing,-80.0967,42.81,Mixedwood Plain,St. Lawrence Drainage Area,NA - 16,Ammonia (total),tonnes,Off-Site Disposal / Élimination hors site,Land Fill,0.02941,https://www.canada.ca/en/environment-climate-change/services/national-pollutant-release-inventory/tools-resources-data/exploredata.html,POINT (-80.0967 42.81)
npri-2984-2023-243,2023,2984,Hamilton,,manufacturing,-79.8246,43.26926,Mixedwood Plain,St. Lawrence Drainage Area,120-12-7,Anthracene,kg,Off-Site Disposal / Élimination hors site,Land Fill,171.569,https://www.canada.ca/en/environment-climate-change/services/national-pollutant-release-inventory/tools-resources-data/exploredata.html,POINT (-79.8246 43.26926)
npri-3855-2023-322,2023,3855,Lake Erie,,manufacturing,-80.0967,42.81,Mixedwood Plain,St. Lawrence Drainage Area,120-12-7,Anthracene,kg,Off-Site Disposal / Élimination hors site,Land Fill,0.00212,https://www.canada.ca/en/environment-climate-change/services/national-pollutant-release-inventory/tools-resources-data/exploredata.html,POINT (-80.0967 42.81)
npri-2984-2023-244,2023,2984,Hamilton,,manufacturing,-79.8246,43.26926,Mixedwood Plain,St. Lawrence Drainage Area,1332-21-4,Asbestos (friable form only),tonnes,Off-Site Disposal / Élimination hors site,Land Fill,415.84041,https://www.canada.ca/en/environment-climate-change/services/national-pollutant-release-inventory/tools-resources-data/exploredata.html,POINT (-79.8246 43.26926)
npri-2984-2023-245,2023,2984,Hamilton,,manufacturing,-79.8246,43.26926,Mixedwood Plain,St. Lawrence Drainage Area,56-55-3,Benz[a]anthracene,kg,Off-Site Disposal / Élimination hors site,Land Fill,78.714999,https://www.canada.ca/en/environment-climate-change/services/national-pollutant-release-inventory/tools-resources-data/exploredata.html,POINT (-79.8246 43.26926)
npri-3855-2023-323,2023,3855,Lake Erie,,manufacturing,-80.0967,42.81,Mixedwood Plain,St. Lawrence Drainage Area,56-55-3,Benz[a]anthracene,kg,Off-Site Disposal / Élimination hors site,Land Fill,0.0011,https://www.canada.ca/en/environment-climate-change/services/national-pollutant-release-inventory/tools-resources-data/exploredata.html,POINT (-80.0967 42.81)
npri-2984-2023-246,2023,2984,Hamilton,,manufacturing,-79.8246,43.26926,Mixedwood Plain,St. Lawrence Drainage Area,50-32-8,Benzo[a]pyrene,kg,Off-Site Disposal / Élimination hors site,Land Fill,75.614799,https://www.canada.ca/en/environment-climate-change/services/national-pollutant-release-inventory/tools-resources-data/exploredata.html,POINT (-79.8246 43.26926)
npri-3855-2023-324,2023,3855,Lake Erie,,manufacturing,-80.0967,42.81,Mixedwood Plain,St. Lawrence Drainage Area,50-32-8,Benzo[a]pyrene,kg,Off-Site Disposal / Élimination hors site,Land Fill,0.00074,https://www.canada.ca/en/environment-climate-change/services/national-pollutant-release-inventory/tools-resources-data/exploredata.html,POINT (-80.0967 42.81)
npri-2984-2023-247,2023,2984,Hamilton,,manufacturing,-79.8246,43.26926,Mixedwood Plain,St. Lawrence Drainage Area,205-99-2,Benzo[b]fluoranthene,kg,Off-Site Disposal / Élimination hors site,Land Fill,74.3293,https://www.canada.ca/en/environment-climate-change/services/national-pollutant-release-inventory/tools-resources-data/exploredata.html,POINT (-79.8246 43.26926)
npri-3855-2023-325,2023,3855,Lake Erie,,manufacturing,-80.0967,42.81,Mixedwood Plain,St. Lawrence Drainage Area,205-99-2,Benzo[b]fluoranthene,kg,Off-Site Disposal / Élimination hors site,Land Fill,0.000999,https://www.canada.ca/en/environment-climate-change/services/national-pollutant-release-inventory/tools-resources-data/exploredata.html,POINT (-80.0967 42.81)
npri-2984-2023-248,2023,2984,Hamilton,,manufacturing,-79.8246,43.26926,Mixedwood Plain,St. Lawrence Drainage Area,192-97-2,Benzo[e]pyrene,kg,Off-Site Disposal / Élimination hors site,Land Fill,3.0246,https://www.canada.ca/en/environment-climate-change/services/national-pollutant-release-inventory/tools-resources-data/exploredata.html,POINT (-79.8246 43.26926)
npri-2984-2023-249,2023,2984,Hamilton,,manufacturing,-79.8246,43.26926,Mixedwood Plain,St. Lawrence Drainage Area,191-24-2,Benzo[ghi]perylene,kg,Off-Site Disposal / Élimination hors site,Land Fill,2.0416,https://www.canada.ca/en/environment-climate-change/services/national-pollutant-release-inventory/tools-resources-data/exploredata.html,POINT (-79.8246 43.26926)
npri-3855-2023-326,2023,3855,Lake Erie,,manufacturing,-80.0967,42.81,Mixedwood Plain,St. Lawrence Drainage Area,191-24-2,Benzo[ghi]perylene,kg,Off-Site Disposal / Élimination hors site,Land Fill,0.00035,https://www.canada.ca/en/environment-climate-change/services/national-pollutant-release-inventory/tools-resources-data/exploredata.html,POINT (-80.0967 42.81)
npri-2984-2023-250,2023,2984,Hamilton,,manufacturing,-79.8246,43.26926,Mixedwood Plain,St. Lawrence Drainage Area,205-82-3,Benzo[j]fluoranthene,kg,Off-Site Disposal / Élimination hors site,Land Fill,5.0662,https://www.canada.ca/en/environment-climate-change/services/national-pollutant-release-inventory/tools-resources-data/exploredata.html,POINT (-79.8246 43.26926)
npri-2984-2023-251,2023,2984,Hamilton,,manufacturing,-79.8246,43.26926,Mixedwood Plain,St. Lawrence Drainage Area,207-08-9,Benzo[k]fluoranthene,kg,Off-Site Disposal / Élimination hors site,Land Fill,47.7129,https://www.canada.ca/en/environment-climate-change/services/national-pollutant-release-inventory/tools-resources-data/exploredata.html,POINT (-79.8246 43.26926)
npri-3855-2023-327,2023,3855,Lake Erie,,manufacturing,-80.0967,42.81,Mixedwood Plain,St. Lawrence Drainage Area,207-08-9,Benzo[k]fluoranthene,kg,Off-Site Disposal / Élimination hors site,Land Fill,0.00041,https://www.canada.ca/en/environment-climate-change/services/national-pollutant-release-inventory/tools-resources-data/exploredata.html,POINT (-80.0967 42.81)
npri-2984-2023-252,2023,2984,Hamilton,,manufacturing,-79.8246,43.26926,Mixedwood Plain,St. Lawrence Drainage Area,NA - 04,Chromium (and its compounds),tonnes,Off-Site Disposal / Élimination hors site,Land Fill,2.70434,https://www.canada.ca/en/environment-climate-change/services/national-pollutant-release-inventory/tools-resources-data/exploredata.html,POINT (-79.8246 43.26926)
npri-3855-2023-328,2023,3855,Lake Erie,,manufacturing,-80.0967,42.81,Mixedwood Plain,St. Lawrence Drainage Area,NA - 04,Chromium (and its compounds),tonnes,Off-Site Disposal / Élimination hors site,Land Fill,3e-05,https://www.canada.ca/en/environment-climate-change/services/national-pollutant-release-inventory/tools-resources-data/exploredata.html,POINT (-80.0967 42.81)
npri-2984-2023-253,2023,2984,Hamilton,,manufacturing,-79.8246,43.26926,Mixedwood Plain,St. Lawrence Drainage Area,218-01-9,Chrysene,kg,Off-Site Disposal / Élimination hors site,Land Fill,120.756799,https://www.canada.ca/en/environment-climate-change/services/national-pollutant-release-inventory/tools-resources-data/exploredata.html,POINT (-79.8246 43.26926)
npri-3855-2023-329,2023,3855,Lake Erie,,manufacturing,-80.0967,42.81,Mixedwood Plain,St. Lawrence Drainage Area,218-01-9,Chrysene,kg,Off-Site Disposal / Élimination hors site,Land Fill,0.00094,https://www.canada.ca/en/environment-climate-change/services/national-pollutant-release-inventory/tools-resources-data/exploredata.html,POINT (-80.0967 42.81)
npri-3855-2023-330,2023,3855,Lake Erie,,manufacturing,-80.0967,42.81,Mixedwood Plain,St. Lawrence Drainage Area,NA - 06,Copper (and its compounds),tonnes,Off-Site Disposal / Élimination hors site,Land Fill,3e-05,https://www.canada.ca/en/environment-climate-change/services/national-pollutant-release-inventory/tools-resources-data/exploredata.html,POINT (-80.0967 42.81)
npri-2984-2023-254,2023,2984,Hamilton,,manufacturing,-79.8246,43.26926,Mixedwood Plain,St. Lawrence Drainage Area,53-70-3,"Dibenz[a,h]anthracene",kg,Off-Site Disposal / Élimination hors site,Land Fill,84.3861,https://www.canada.ca/en/environment-climate-change/services/national-pollutant-release-inventory/tools-resources-data/exploredata.html,POINT (-79.8246 43.26926)
npri-2984-2023-255,2023,2984,Hamilton,,manufacturing,-79.8246,43.26926,Mixedwood Plain,St. Lawrence Drainage Area,189-55-9,"Dibenzo[a,i]pyrene",kg,Off-Site Disposal / Élimination hors site,Land Fill,75.614799,https://www.canada.ca/en/environment-climate-change/services/national-pollutant-release-inventory/tools-resources-data/exploredata.html,POINT (-79.8246 43.26926)
npri-2984-2023-256,2023,2984,Hamilton,,manufacturing,-79.8246,43.26926,Mixedwood Plain,St. Lawrence Drainage Area,206-44-0,Fluoranthene,kg,Off-Site Disposal / Élimination hors site,Land Fill,158.8667,https://www.canada.ca/en/environment-climate-change/services/national-pollutant-release-inventory/tools-resources-data/exploredata.html,POINT (-79.8246 43.26926)
npri-3855-2023-331,2023,3855,Lake Erie,,manufacturing,-80.0967,42.81,Mixedwood Plain,St. Lawrence Drainage Area,206-44-0,Fluoranthene,kg,Off-Site Disposal / Élimination hors site,Land Fill,0.0047,https://www.canada.ca/en/environment-climate-change/services/national-pollutant-release-inventory/tools-resources-data/exploredata.html,POINT (-80.0967 42.81)
npri-2984-2023-257,2023,2984,Hamilton,,manufacturing,-79.8246,43.26926,Mixedwood Plain,St. Lawrence Drainage Area,NA - 19,Hexavalent chromium (and its compounds),kg,Off-Site Disposal / Élimination hors site,Land Fill,1.010339,https://www.canada.ca/en/environment-climate-change/services/national-pollutant-release-inventory/tools-resources-data/exploredata.html,POINT (-79.8246 43.26926)
npri-2984-2023-258,2023,2984,Hamilton,,manufacturing,-79.8246,43.26926,Mixedwood Plain,St. Lawrence Drainage Area,193-39-5,"Indeno[1,2,3-cd]pyrene",kg,Off-Site Disposal / Élimination hors site,Land Fill,28.582496,https://www.canada.ca/en/environment-climate-change/services/national-pollutant-release-inventory/tools-resources-data/exploredata.html,POINT (-79.8246 43.26926)
npri-3855-2023-332,2023,3855,Lake Erie,,manufacturing,-80.0967,42.81,Mixedwood Plain,St. Lawrence Drainage Area,193-39-5,"Indeno[1,2,3-cd]pyrene",kg,Off-Site Disposal / Élimination hors site,Land Fill,0.000412,https://www.canada.ca/en/environment-climate-change/services/national-pollutant-release-inventory/tools-resources-data/exploredata.html,POINT (-80.0967 42.81)
npri-2984-2023-259,2023,2984,Hamilton,,manufacturing,-79.8246,43.26926,Mixedwood Plain,St. Lawrence Drainage Area,NA - 08,Lead (and its compounds),kg,Off-Site Disposal / Élimination hors site,Land Fill,3117.123836,https://www.canada.ca/en/environment-climate-change/services/national-pollutant-release-inventory/tools-resources-data/exploredata.html,POINT (-79.8246 43.26926)
npri-3855-2023-333,2023,3855,Lake Erie,,manufacturing,-80.0967,42.81,Mixedwood Plain,St. Lawrence Drainage Area,NA - 08,Lead (and its compounds),kg,Off-Site Disposal / Élimination hors site,Land Fill,1.511,https://www.canada.ca/en/environment-climate-change/services/national-pollutant-release-inventory/tools-resources-data/exploredata.html,POINT (-80.0967 42.81)
npri-2984-2023-260,2023,2984,Hamilton,,manufacturing,-79.8246,43.26926,Mixedwood Plain,St. Lawrence Drainage Area,NA - 09,Manganese (and its compounds),tonnes,Off-Site Disposal / Élimination hors site,Land Fill,48.642986,https://www.canada.ca/en/environment-climate-change/services/national-pollutant-release-inventory/tools-resources-data/exploredata.html,POINT (-79.8246 43.26926)
npri-3855-2023-334,2023,3855,Lake Erie,,manufacturing,-80.0967,42.81,Mixedwood Plain,St. Lawrence Drainage Area,NA - 09,Manganese (and its compounds),tonnes,Off-Site Disposal / Élimination hors site,Land Fill,8e-05,https://www.canada.ca/en/environment-climate-change/services/national-pollutant-release-inventory/tools-resources-data/exploredata.html,POINT (-80.0967 42.81)
npri-2984-2023-261,2023,2984,Hamilton,,manufacturing,-79.8246,43.26926,Mixedwood Plain,St. Lawrence Drainage Area,NA - 10,Mercury (and its compounds),kg,Off-Site Disposal / Élimination hors site,Land Fill,0.072923,https://www.canada.ca/en/environment-climate-change/services/national-pollutant-release-inventory/tools-resources-data/exploredata.html,POINT (-79.8246 43.26926)
npri-2984-2023-262,2023,2984,Hamilton,,manufacturing,-79.8246,43.26926,Mixedwood Plain,St. Lawrence Drainage Area,91-20-3,Naphthalene,tonnes,Off-Site Disposal / Élimination hors site,Land Fill,0.9349,https://www.canada.ca/en/environment-climate-change/services/national-pollutant-release-inventory/tools-resources-data/exploredata.html,POINT (-79.8246 43.26926)
npri-3855-2023-335,2023,3855,Lake Erie,,manufacturing,-80.0967,42.81,Mixedwood Plain,St. Lawrence Drainage Area,91-20-3,Naphthalene,tonnes,Off-Site Disposal / Élimination hors site,Land Fill,3.8991,https://www.canada.ca/en/environment-climate-change/services/national-pollutant-release-inventory/tools-resources-data/exploredata.html,POINT (-80.0967 42.81)
npri-2984-2023-263,2023,2984,Hamilton,,manufacturing,-79.8246,43.26926,Mixedwood Plain,St. Lawrence Drainage Area,198-55-0,Perylene,kg,Off-Site Disposal / Élimination hors site,Land Fill,20.1892,https://www.canada.ca/en/environment-climate-change/services/national-pollutant-release-inventory/tools-resources-data/exploredata.html,POINT (-79.8246 43.26926)
npri-3855-2023-336,2023,3855,Lake Erie,,manufacturing,-80.0967,42.81,Mixedwood Plain,St. Lawrence Drainage Area,198-55-0,Perylene,kg,Off-Site Disposal / Élimination hors site,Land Fill,0.00026,https://www.canada.ca/en/environment-climate-change/services/national-pollutant-release-inventory/tools-resources-data/exploredata.html,POINT (-80.0967 42.81)
npri-2984-2023-264,2023,2984,Hamilton,,manufacturing,-79.8246,43.26926,Mixedwood Plain,St. Lawrence Drainage Area,85-01-8,Phenanthrene,kg,Off-Site Disposal / Élimination hors site,Land Fill,247.7897,https://www.canada.ca/en/environment-climate-change/services/national-pollutant-release-inventory/tools-resources-data/exploredata.html,POINT (-79.8246 43.26926)
npri-3855-2023-337,2023,3855,Lake Erie,,manufacturing,-80.0967,42.81,Mixedwood Plain,St. Lawrence Drainage Area,85-01-8,Phenanthrene,kg,Off-Site Disposal / Élimination hors site,Land Fill,0.01,https://www.canada.ca/en/environment-climate-change/services/national-pollutant-release-inventory/tools-resources-data/exploredata.html,POINT (-80.0967 42.81)
npri-2984-2023-265,2023,2984,Hamilton,,manufacturing,-79.8246,43.26926,Mixedwood Plain,St. Lawrence Drainage Area,NA - 22,Phosphorus (total),tonnes,Off-Site Disposal / Élimination hors site,Land Fill,0.026602,https://www.canada.ca/en/environment-climate-change/services/national-pollutant-release-inventory/tools-resources-data/exploredata.html,POINT (-79.8246 43.26926)
npri-2984-2023-266,2023,2984,Hamilton,,manufacturing,-79.8246,43.26926,Mixedwood Plain,St. Lawrence Drainage Area,129-00-0,Pyrene,kg,Off-Site Disposal / Élimination hors site,Land Fill,133.0064,https://www.canada.ca/en/environment-climate-change/services/national-pollutant-release-inventory/tools-resources-data/exploredata.html,POINT (-79.8246 43.26926)
npri-3855-2023-338,2023,3855,Lake Erie,,manufacturing,-80.0967,42.81,Mixedwood Plain,St. Lawrence Drainage Area,129-00-0,Pyrene,kg,Off-Site Disposal / Élimination hors site,Land Fill,0.0029,https://www.canada.ca/en/environment-climate-change/services/national-pollutant-release-inventory/tools-resources-data/exploredata.html,POINT (-80.0967 42.81)
npri-2984-2023-267,2023,2984,Hamilton,,manufacturing,-79.8246,43.26926,Mixedwood Plain,St. Lawrence Drainage Area,NA - 12,Selenium (and its compounds),kg,Off-Site Disposal / Élimination hors site,Land Fill,0.140235,https://www.canada.ca/en/environment-climate-change/services/national-pollutant-release-inventory/tools-resources-data/exploredata.html,POINT (-79.8246 43.26926)
npri-3855-2023-339,2023,3855,Lake Erie,,manufacturing,-80.0967,42.81,Mixedwood Plain,St. Lawrence Drainage Area,108-88-3,Toluene,tonnes,Off-Site Disposal / Élimination hors site,Land Fill,0.003737,https://www.canada.ca/en/environment-climate-change/services/national-pollutant-release-inventory/tools-resources-data/exploredata.html,POINT (-80.0967 42.81)
npri-3855-2023-340,2023,3855,Lake Erie,,manufacturing,-80.0967,42.81,Mixedwood Plain,St. Lawrence Drainage Area,1330-20-7,Xylene (all isomers),tonnes,Off-Site Disposal / Élimination hors site,Land Fill,0.02076,https://www.canada.ca/en/environment-climate-change/services/national-pollutant-release-inventory/tools-resources-data/exploredata.html,POINT (-80.0967 42.81)
npri-2984-2023-268,2023,2984,Hamilton,,manufacturing,-79.8246,43.26926,Mixedwood Plain,St. Lawrence Drainage Area,NA - 14,Zinc (and its compounds),tonnes,Off-Site Disposal / Élimination hors site,Land Fill,8.012,https://www.canada.ca/en/environment-climate-change/services/national-pollutant-release-inventory/tools-resources-data/exploredata.html,POINT (-79.8246 43.26926)
npri-3802-2023-182,2023,3802,Trail Operations,,manufacturing,-117.7178,49.0999,Montane Cordillera,Pacific Drainage Area,NA - 03,Cadmium (and its compounds),kg,Off-Site Disposal / Élimination hors site,Land Fill,292.0,https://www.canada.ca/en/environment-climate-change/services/national-pollutant-release-inventory/tools-resources-data/exploredata.html,POINT (-117.7178 49.0999)
npri-3802-2023-183,2023,3802,Trail Operations,,manufacturing,-117.7178,49.0999,Montane Cordillera,Pacific Drainage Area,NA - 06,Copper (and its compounds),tonnes,Off-Site Disposal / Élimination hors site,Land Fill,0.04,https://www.canada.ca/en/environment-climate-change/services/national-pollutant-release-inventory/tools-resources-data/exploredata.html,POINT (-117.7178 49.0999)
npri-3802-2023-184,2023,3802,Trail Operations,,manufacturing,-117.7178,49.0999,Montane Cordillera,Pacific Drainage Area,NA - 08,Lead (and its compounds),kg,Off-Site Disposal / Élimination hors site,Land Fill,193.0,https://www.canada.ca/en/environment-climate-change/services/national-pollutant-release-inventory/tools-resources-data/exploredata.html,POINT (-117.7178 49.0999)
npri-3802-2023-185,2023,3802,Trail Operations,,manufacturing,-117.7178,49.0999,Montane Cordillera,Pacific Drainage Area,NA - 10,Mercury (and its compounds),kg,Off-Site Disposal / Élimination hors site,Land Fill,56343.22,https://www.canada.ca/en/environment-climate-change/services/national-pollutant-release-inventory/tools-resources-data/exploredata.html,POINT (-117.7178 49.0999)
npri-3802-2023-186,2023,3802,Trail Operations,,manufacturing,-117.7178,49.0999,Montane Cordillera,Pacific Drainage Area,NA - 12,Selenium (and its compounds),kg,Off-Site Disposal / Élimination hors site,Land Fill,589.15,https://www.canada.ca/en/environment-climate-change/services/national-pollutant-release-inventory/tools-resources-data/exploredata.html,POINT (-117.7178 49.0999)
npri-3802-2023-187,2023,3802,Trail Operations,,manufacturing,-117.7178,49.0999,Montane Cordillera,Pacific Drainage Area,NA - 37,Thallium (and its compounds),kg,Off-Site Disposal / Élimination hors site,Land Fill,7952.3,https://www.canada.ca/en/environment-climate-change/services/national-pollutant-release-inventory/tools-resources-data/exploredata.html,POINT (-117.7178 49.0999)
npri-2256-2023-33,2023,2256,Tonolli Canada,,manufacturing,-79.57999,43.60378,Mixedwood Plain,St. Lawrence Drainage Area,NA - 01,Antimony (and its compounds),tonnes,Off-Site Disposal / Élimination hors site,Land Fill,12.371,https://www.canada.ca/en/environment-climate-change/services/national-pollutant-release-inventory/tools-resources-data/exploredata.html,POINT (-79.57999 43.60378)
npri-2256-2023-34,2023,2256,Tonolli Canada,,manufacturing,-79.57999,43.60378,Mixedwood Plain,St. Lawrence Drainage Area,NA - 02,Arsenic (and its compounds),kg,Off-Site Disposal / Élimination hors site,Land Fill,2504.1,https://www.canada.ca/en/environment-climate-change/services/national-pollutant-release-inventory/tools-resources-data/exploredata.html,POINT (-79.57999 43.60378)
npri-2256-2023-35,2023,2256,Tonolli Canada,,manufacturing,-79.57999,43.60378,Mixedwood Plain,St. Lawrence Drainage Area,NA - 03,Cadmium (and its compounds),kg,Off-Site Disposal / Élimination hors site,Land Fill,638.62,https://www.canada.ca/en/environment-climate-change/services/national-pollutant-release-inventory/tools-resources-data/exploredata.html,POINT (-79.57999 43.60378)
npri-2256-2023-36,2023,2256,Tonolli Canada,,manufacturing,-79.57999,43.60378,Mixedwood Plain,St. Lawrence Drainage Area,NA - 05,Cobalt (and its compounds),kg,Off-Site Disposal / Élimination hors site,Land Fill,410.0,https://www.canada.ca/en/environment-climate-change/services/national-pollutant-release-inventory/tools-resources-data/exploredata.html,POINT (-79.57999 43.60378)
npri-2256-2023-37,2023,2256,Tonolli Canada,,manufacturing,-79.57999,43.60378,Mixedwood Plain,St. Lawrence Drainage Area,NA - 08,Lead (and its compounds),kg,Off-Site Disposal / Élimination hors site,Land Fill,833882.0,https://www.canada.ca/en/environment-climate-change/services/national-pollutant-release-inventory/tools-resources-data/exploredata.html,POINT (-79.57999 43.60378)
npri-2256-2023-38,2023,2256,Tonolli Canada,,manufacturing,-79.57999,43.60378,Mixedwood Plain,St. Lawrence Drainage Area,NA - 12,Selenium (and its compounds),kg,Off-Site Disposal / Élimination hors site,Land Fill,1048.0,https://www.canada.ca/en/environment-climate-change/services/national-pollutant-release-inventory/tools-resources-data/exploredata.html,POINT (-79.57999 43.60378)
npri-2256-2023-39,2023,2256,Tonolli Canada,,manufacturing,-79.57999,43.60378,Mixedwood Plain,St. Lawrence Drainage Area,7664-93-9,Sulphuric acid,tonnes,Off-Site Disposal / Élimination hors site,Land Fill,1629.6,https://www.canada.ca/en/environment-climate-change/services/national-pollutant-release-inventory/tools-resources-data/exploredata.html,POINT (-79.57999 43.60378)
npri-4402-2023-38,2023,4402,VSC,,manufacturing,-73.6,45.4,Mixedwood Plain,St. Lawrence Drainage Area,7664-93-9,Sulphuric acid,tonnes,Off-Site Disposal / Élimination hors site,Land Fill,3267.0,https://www.canada.ca/en/environment-climate-change/services/national-pollutant-release-inventory/tools-resources-data/exploredata.html,POINT (-73.6 45.4)
npri-4868-2023-44,2023,4868,Fort Saskatchewan,,manufacturing,-113.1927,53.7218,Prairie,Nelson River Drainage Area,1332-21-4,Asbestos (friable form only),tonnes,Off-Site Disposal / Élimination hors site,Land Fill,2.03,https://www.canada.ca/en/environment-climate-change/services/national-pollutant-release-inventory/tools-resources-data/exploredata.html,POINT (-113.1927 53.7218)
npri-4868-2023-45,2023,4868,Fort Saskatchewan,,manufacturing,-113.1927,53.7218,Prairie,Nelson River Drainage Area,NA - 05,Cobalt (and its compounds),kg,Off-Site Disposal / Élimination hors site,Land Fill,5819.959,https://www.canada.ca/en/environment-climate-change/services/national-pollutant-release-inventory/tools-resources-data/exploredata.html,POINT (-113.1927 53.7218)
npri-4868-2023-46,2023,4868,Fort Saskatchewan,,manufacturing,-113.1927,53.7218,Prairie,Nelson River Drainage Area,NA - 06,Copper (and its compounds),tonnes,Off-Site Disposal / Élimination hors site,Land Fill,0.305,https://www.canada.ca/en/environment-climate-change/services/national-pollutant-release-inventory/tools-resources-data/exploredata.html,POINT (-113.1927 53.7218)
npri-4868-2023-47,2023,4868,Fort Saskatchewan,,manufacturing,-113.1927,53.7218,Prairie,Nelson River Drainage Area,NA - 10,Mercury (and its compounds),kg,Off-Site Disposal / Élimination hors site,Land Fill,0.187,https://www.canada.ca/en/environment-climate-change/services/national-pollutant-release-inventory/tools-resources-data/exploredata.html,POINT (-113.1927 53.7218)
npri-4868-2023-48,2023,4868,Fort Saskatchewan,,manufacturing,-113.1927,53.7218,Prairie,Nelson River Drainage Area,NA - 11,Nickel (and its compounds),tonnes,Off-Site Disposal / Élimination hors site,Land Fill,53.911,https://www.canada.ca/en/environment-climate-change/services/national-pollutant-release-inventory/tools-resources-data/exploredata.html,POINT (-113.1927 53.7218)
npri-4868-2023-49,2023,4868,Fort Saskatchewan,,manufacturing,-113.1927,53.7218,Prairie,Nelson River Drainage Area,NA - 12,Selenium (and its compounds),kg,Off-Site Disposal / Élimination hors site,Land Fill,1.62,https://www.canada.ca/en/environment-climate-change/services/national-pollutant-release-inventory/tools-resources-data/exploredata.html,POINT (-113.1927 53.7218)
npri-4868-2023-50,2023,4868,Fort Saskatchewan,,manufacturing,-113.1927,53.7218,Prairie,Nelson River Drainage Area,NA - 14,Zinc (and its compounds),tonnes,Off-Site Disposal / Élimination hors site,Land Fill,1.197,https://www.canada.ca/en/environment-climate-change/services/national-pollutant-release-inventory/tools-resources-data/exploredata.html,POINT (-113.1927 53.7218)
npri-5183-2023-55,2023,5183,Tree Island Industries Ltd.,,manufacturing,-122.9585,49.188,Pacific Maritime,Pacific Drainage Area,NA - 16,Ammonia (total),tonnes,Off-Site Disposal / Élimination hors site,Land Fill,8.335,https://www.canada.ca/en/environment-climate-change/services/national-pollutant-release-inventory/tools-resources-data/exploredata.html,POINT (-122.9585 49.188)
npri-5183-2023-56,2023,5183,Tree Island Industries Ltd.,,manufacturing,-122.9585,49.188,Pacific Maritime,Pacific Drainage Area,NA - 08,Lead (and its compounds),kg,Off-Site Disposal / Élimination hors site,Land Fill,18305.0,https://www.canada.ca/en/environment-climate-change/services/national-pollutant-release-inventory/tools-resources-data/exploredata.html,POINT (-122.9585 49.188)
npri-5183-2023-57,2023,5183,Tree Island Industries Ltd.,,manufacturing,-122.9585,49.188,Pacific Maritime,Pacific Drainage Area,NA - 14,Zinc (and its compounds),tonnes,Off-Site Disposal / Élimination hors site,Land Fill,556.802,https://www.canada.ca/en/environment-climate-change/services/national-pollutant-release-inventory/tools-resources-data/exploredata.html,POINT (-122.9585 49.188)
npri-11603-2023-17,2023,11603,Umicore Precious Metals Canada Inc,,manufacturing,-79.346,43.823,Mixedwood Plain,St. Lawrence Drainage Area,7647-01-0,Hydrochloric acid,tonnes,Off-Site Disposal / Élimination hors site,Land Fill,11.91,https://www.canada.ca/en/environment-climate-change/services/national-pollutant-release-inventory/tools-resources-data/exploredata.html,POINT (-79.346 43.823)
npri-11603-2023-18,2023,11603,Umicore Precious Metals Canada Inc,,manufacturing,-79.346,43.823,Mixedwood Plain,St. Lawrence Drainage Area,NA - 08,Lead (and its compounds),kg,Off-Site Disposal / Élimination hors site,Land Fill,241.12,https://www.canada.ca/en/environment-climate-change/services/national-pollutant-release-inventory/tools-resources-data/exploredata.html,POINT (-79.346 43.823)
npri-3158-2023-70,2023,3158,Valbruna ASW Inc.,,manufacturing,-79.2356,42.999,Mixedwood Plain,St. Lawrence Drainage Area,NA - 03,Cadmium (and its compounds),kg,Off-Site Disposal / Élimination hors site,Land Fill,125.0,https://www.canada.ca/en/environment-climate-change/services/national-pollutant-release-inventory/tools-resources-data/exploredata.html,POINT (-79.2356 42.999)
npri-3158-2023-71,2023,3158,Valbruna ASW Inc.,,manufacturing,-79.2356,42.999,Mixedwood Plain,St. Lawrence Drainage Area,NA - 04,Chromium (and its compounds),tonnes,Off-Site Disposal / Élimination hors site,Land Fill,79.918,https://www.canada.ca/en/environment-climate-change/services/national-pollutant-release-inventory/tools-resources-data/exploredata.html,POINT (-79.2356 42.999)
npri-3158-2023-72,2023,3158,Valbruna ASW Inc.,,manufacturing,-79.2356,42.999,Mixedwood Plain,St. Lawrence Drainage Area,NA - 05,Cobalt (and its compounds),kg,Off-Site Disposal / Élimination hors site,Land Fill,104.8,https://www.canada.ca/en/environment-climate-change/services/national-pollutant-release-inventory/tools-resources-data/exploredata.html,POINT (-79.2356 42.999)
npri-3158-2023-73,2023,3158,Valbruna ASW Inc.,,manufacturing,-79.2356,42.999,Mixedwood Plain,St. Lawrence Drainage Area,NA - 06,Copper (and its compounds),tonnes,Off-Site Disposal / Élimination hors site,Land Fill,19.17,https://www.canada.ca/en/environment-climate-change/services/national-pollutant-release-inventory/tools-resources-data/exploredata.html,POINT (-79.2356 42.999)
npri-3158-2023-74,2023,3158,Valbruna ASW Inc.,,manufacturing,-79.2356,42.999,Mixedwood Plain,St. Lawrence Drainage Area,NA - 08,Lead (and its compounds),kg,Off-Site Disposal / Élimination hors site,Land Fill,1677.4,https://www.canada.ca/en/environment-climate-change/services/national-pollutant-release-inventory/tools-resources-data/exploredata.html,POINT (-79.2356 42.999)
npri-3158-2023-75,2023,3158,Valbruna ASW Inc.,,manufacturing,-79.2356,42.999,Mixedwood Plain,St. Lawrence Drainage Area,NA - 09,Manganese (and its compounds),tonnes,Off-Site Disposal / Élimination hors site,Land Fill,259.0,https://www.canada.ca/en/environment-climate-change/services/national-pollutant-release-inventory/tools-resources-data/exploredata.html,POINT (-79.2356 42.999)
npri-3158-2023-76,2023,3158,Valbruna ASW Inc.,,manufacturing,-79.2356,42.999,Mixedwood Plain,St. Lawrence Drainage Area,NA - 10,Mercury (and its compounds),kg,Off-Site Disposal / Élimination hors site,Land Fill,3.3,https://www.canada.ca/en/environment-climate-change/services/national-pollutant-release-inventory/tools-resources-data/exploredata.html,POINT (-79.2356 42.999)
npri-3158-2023-77,2023,3158,Valbruna ASW Inc.,,manufacturing,-79.2356,42.999,Mixedwood Plain,St. Lawrence Drainage Area,NA - 11,Nickel (and its compounds),tonnes,Off-Site Disposal / Élimination hors site,Land Fill,17.155,https://www.canada.ca/en/environment-climate-change/services/national-pollutant-release-inventory/tools-resources-data/exploredata.html,POINT (-79.2356 42.999)
npri-3158-2023-78,2023,3158,Valbruna ASW Inc.,,manufacturing,-79.2356,42.999,Mixedwood Plain,St. Lawrence Drainage Area,NA - 14,Zinc (and its compounds),tonnes,Off-Site Disposal / Élimination hors site,Land Fill,159.4,https://www.canada.ca/en/environment-climate-change/services/national-pollutant-release-inventory/tools-resources-data/exploredata.html,POINT (-79.2356 42.999)
npri-28761-2023-90,2023,28761,Long Harbour Operations,,manufacturing,-53.81169,47.40915,Boreal Shield,St. Lawrence Drainage Area,NA - 03,Cadmium (and its compounds),kg,Off-Site Disposal / Élimination hors site,Land Fill,4892.45,https://www.canada.ca/en/environment-climate-change/services/national-pollutant-release-inventory/tools-resources-data/exploredata.html,POINT (-53.81169 47.40915)
npri-28761-2023-91,2023,28761,Long Harbour Operations,,manufacturing,-53.81169,47.40915,Boreal Shield,St. Lawrence Drainage Area,NA - 06,Copper (and its compounds),tonnes,Off-Site Disposal / Élimination hors site,Land Fill,24.86225,https://www.canada.ca/en/environment-climate-change/services/national-pollutant-release-inventory/tools-resources-data/exploredata.html,POINT (-53.81169 47.40915)
npri-28761-2023-92,2023,28761,Long Harbour Operations,,manufacturing,-53.81169,47.40915,Boreal Shield,St. Lawrence Drainage Area,NA - 09,Manganese (and its compounds),tonnes,Off-Site Disposal / Élimination hors site,Land Fill,7.0,https://www.canada.ca/en/environment-climate-change/services/national-pollutant-release-inventory/tools-resources-data/exploredata.html,POINT (-53.81169 47.40915)
npri-28761-2023-93,2023,28761,Long Harbour Operations,,manufacturing,-53.81169,47.40915,Boreal Shield,St. Lawrence Drainage Area,NA - 11,Nickel (and its compounds),tonnes,Off-Site Disposal / Élimination hors site,Land Fill,19.8698,https://www.canada.ca/en/environment-climate-change/services/national-pollutant-release-inventory/tools-resources-data/exploredata.html,POINT (-53.81169 47.40915)
npri-28761-2023-94,2023,28761,Long Harbour Operations,,manufacturing,-53.81169,47.40915,Boreal Shield,St. Lawrence Drainage Area,NA - 14,Zinc (and its compounds),tonnes,Off-Site Disposal / Élimination hors site,Land Fill,39.1396,https://www.canada.ca/en/environment-climate-change/services/national-pollutant-release-inventory/tools-resources-data/exploredata.html,POINT (-53.81169 47.40915)
npri-4868-2023-51,2023,4868,Fort Saskatchewan,,manufacturing,-113.1927,53.7218,Prairie,Nelson River Drainage Area,NA - 16,Ammonia (total),tonnes,Off-Site Disposal / Élimination hors site,Underground Injection,3.769,https://www.canada.ca/en/environment-climate-change/services/national-pollutant-release-inventory/tools-resources-data/exploredata.html,POINT (-113.1927 53.7218)
npri-4868-2023-52,2023,4868,Fort Saskatchewan,,manufacturing,-113.1927,53.7218,Prairie,Nelson River Drainage Area,NA - 05,Cobalt (and its compounds),kg,Off-Site Disposal / Élimination hors site,Underground Injection,222.89,https://www.canada.ca/en/environment-climate-change/services/national-pollutant-release-inventory/tools-resources-data/exploredata.html,POINT (-113.1927 53.7218)
npri-4868-2023-53,2023,4868,Fort Saskatchewan,,manufacturing,-113.1927,53.7218,Prairie,Nelson River Drainage Area,NA - 14,Zinc (and its compounds),tonnes,Off-Site Disposal / Élimination hors site,Underground Injection,0.045,https://www.canada.ca/en/environment-climate-change/services/national-pollutant-release-inventory/tools-resources-data/exploredata.html,POINT (-113.1927 53.7218)
npri-1471-2023-98,2023,1471,Port Colborne Refinery,,manufacturing,-79.2405,42.8826,Mixedwood Plain,St. Lawrence Drainage Area,NA - 02,Arsenic (and its compounds),kg,Off-Site Disposal / Élimination hors site,Underground Injection,3152.0,https://www.canada.ca/en/environment-climate-change/services/national-pollutant-release-inventory/tools-resources-data/exploredata.html,POINT (-79.2405 42.8826)
npri-1471-2023-99,2023,1471,Port Colborne Refinery,,manufacturing,-79.2405,42.8826,Mixedwood Plain,St. Lawrence Drainage Area,NA - 06,Copper (and its compounds),tonnes,Off-Site Disposal / Élimination hors site,Underground Injection,0.002,https://www.canada.ca/en/environment-climate-change/services/national-pollutant-release-inventory/tools-resources-data/exploredata.html,POINT (-79.2405 42.8826)
npri-1471-2023-100,2023,1471,Port Colborne Refinery,,manufacturing,-79.2405,42.8826,Mixedwood Plain,St. Lawrence Drainage Area,NA - 08,Lead (and its compounds),kg,Off-Site Disposal / Élimination hors site,Underground Injection,0.118,https://www.canada.ca/en/environment-climate-change/services/national-pollutant-release-inventory/tools-resources-data/exploredata.html,POINT (-79.2405 42.8826)
npri-1471-2023-101,2023,1471,Port Colborne Refinery,,manufacturing,-79.2405,42.8826,Mixedwood Plain,St. Lawrence Drainage Area,NA - 12,Selenium (and its compounds),kg,Off-Site Disposal / Élimination hors site,Underground Injection,1066.62,https://www.canada.ca/en/environment-climate-change/services/national-pollutant-release-inventory/tools-resources-data/exploredata.html,POINT (-79.2405 42.8826)
npri-4045-2023-23,2023,4045,ArcelorMittal long Products Canada - Hamilton East,,manufacturing,-79.7857,43.2625,Mixedwood Plain,St. Lawrence Drainage Area,NA - 08,Lead (and its compounds),kg,Off-Site Disposal / Élimination hors site,Storage,4.373033,https://www.canada.ca/en/environment-climate-change/services/national-pollutant-release-inventory/tools-resources-data/exploredata.html,POINT (-79.7857 43.2625)
npri-4045-2023-24,2023,4045,ArcelorMittal long Products Canada - Hamilton East,,manufacturing,-79.7857,43.2625,Mixedwood Plain,St. Lawrence Drainage Area,NA - 09,Manganese (and its compounds),tonnes,Off-Site Disposal / Élimination hors site,Storage,1.769848,https://www.canada.ca/en/environment-climate-change/services/national-pollutant-release-inventory/tools-resources-data/exploredata.html,POINT (-79.7857 43.2625)
npri-7080-2023-20,2023,7080,"Magellan Aerospace, Haley",,manufacturing,-76.74959,45.59646,Mixedwood Plain,St. Lawrence Drainage Area,101-68-8,Methylenebis(phenylisocyanate),tonnes,Off-Site Disposal / Élimination hors site,Storage,0.692,https://www.canada.ca/en/environment-climate-change/services/national-pollutant-release-inventory/tools-resources-data/exploredata.html,POINT (-76.74959 45.59646)
npri-7080-2023-21,2023,7080,"Magellan Aerospace, Haley",,manufacturing,-76.74959,45.59646,Mixedwood Plain,St. Lawrence Drainage Area,9016-87-9,Polymeric diphenylmethane diisocyanate,tonnes,Off-Site Disposal / Élimination hors site,Storage,0.707,https://www.canada.ca/en/environment-climate-change/services/national-pollutant-release-inventory/tools-resources-data/exploredata.html,POINT (-76.74959 45.59646)
npri-4806-2023-190,2023,4806,Rio Tinto Fer et Titane inc.- Complexe  de Sorel-Tracy,,manufacturing,-73.13692,46.04043,Mixedwood Plain,St. Lawrence Drainage Area,NA - 02,Arsenic (and its compounds),kg,Off-Site Disposal / Élimination hors site,Tailings,1356.248,https://www.canada.ca/en/environment-climate-change/services/national-pollutant-release-inventory/tools-resources-data/exploredata.html,POINT (-73.13692 46.04043)
npri-4806-2023-191,2023,4806,Rio Tinto Fer et Titane inc.- Complexe  de Sorel-Tracy,,manufacturing,-73.13692,46.04043,Mixedwood Plain,St. Lawrence Drainage Area,NA - 03,Cadmium (and its compounds),kg,Off-Site Disposal / Élimination hors site,Tailings,0.134,https://www.canada.ca/en/environment-climate-change/services/national-pollutant-release-inventory/tools-resources-data/exploredata.html,POINT (-73.13692 46.04043)
npri-4806-2023-192,2023,4806,Rio Tinto Fer et Titane inc.- Complexe  de Sorel-Tracy,,manufacturing,-73.13692,46.04043,Mixedwood Plain,St. Lawrence Drainage Area,NA - 04,Chromium (and its compounds),tonnes,Off-Site Disposal / Élimination hors site,Tailings,0.029,https://www.canada.ca/en/environment-climate-change/services/national-pollutant-release-inventory/tools-resources-data/exploredata.html,POINT (-73.13692 46.04043)
npri-4806-2023-193,2023,4806,Rio Tinto Fer et Titane inc.- Complexe  de Sorel-Tracy,,manufacturing,-73.13692,46.04043,Mixedwood Plain,St. Lawrence Drainage Area,NA - 05,Cobalt (and its compounds),kg,Off-Site Disposal / Élimination hors site,Tailings,8.986,https://www.canada.ca/en/environment-climate-change/services/national-pollutant-release-inventory/tools-resources-data/exploredata.html,POINT (-73.13692 46.04043)
npri-4806-2023-194,2023,4806,Rio Tinto Fer et Titane inc.- Complexe  de Sorel-Tracy,,manufacturing,-73.13692,46.04043,Mixedwood Plain,St. Lawrence Drainage Area,NA - 06,Copper (and its compounds),tonnes,Off-Site Disposal / Élimination hors site,Tailings,1.072,https://www.canada.ca/en/environment-climate-change/services/national-pollutant-release-inventory/tools-resources-data/exploredata.html,POINT (-73.13692 46.04043)
npri-4806-2023-195,2023,4806,Rio Tinto Fer et Titane inc.- Complexe  de Sorel-Tracy,,manufacturing,-73.13692,46.04043,Mixedwood Plain,St. Lawrence Drainage Area,NA - 08,Lead (and its compounds),kg,Off-Site Disposal / Élimination hors site,Tailings,6.002,https://www.canada.ca/en/environment-climate-change/services/national-pollutant-release-inventory/tools-resources-data/exploredata.html,POINT (-73.13692 46.04043)
npri-4806-2023-196,2023,4806,Rio Tinto Fer et Titane inc.- Complexe  de Sorel-Tracy,,manufacturing,-73.13692,46.04043,Mixedwood Plain,St. Lawrence Drainage Area,NA - 09,Manganese (and its compounds),tonnes,Off-Site Disposal / Élimination hors site,Tailings,3.175,https://www.canada.ca/en/environment-climate-change/services/national-pollutant-release-inventory/tools-resources-data/exploredata.html,POINT (-73.13692 46.04043)
npri-4806-2023-197,2023,4806,Rio Tinto Fer et Titane inc.- Complexe  de Sorel-Tracy,,manufacturing,-73.13692,46.04043,Mixedwood Plain,St. Lawrence Drainage Area,NA - 10,Mercury (and its compounds),kg,Off-Site Disposal / Élimination hors site,Tailings,0.013,https://www.canada.ca/en/environment-climate-change/services/national-pollutant-release-inventory/tools-resources-data/exploredata.html,POINT (-73.13692 46.04043)
npri-4806-2023-198,2023,4806,Rio Tinto Fer et Titane inc.- Complexe  de Sorel-Tracy,,manufacturing,-73.13692,46.04043,Mixedwood Plain,St. Lawrence Drainage Area,NA - 11,Nickel (and its compounds),tonnes,Off-Site Disposal / Élimination hors site,Tailings,4.862,https://www.canada.ca/en/environment-climate-change/services/national-pollutant-release-inventory/tools-resources-data/exploredata.html,POINT (-73.13692 46.04043)
npri-4806-2023-199,2023,4806,Rio Tinto Fer et Titane inc.- Complexe  de Sorel-Tracy,,manufacturing,-73.13692,46.04043,Mixedwood Plain,St. Lawrence Drainage Area,NA - 22,Phosphorus (total),tonnes,Off-Site Disposal / Élimination hors site,Tailings,0.023,https://www.canada.ca/en/environment-climate-change/services/national-pollutant-release-inventory/tools-resources-data/exploredata.html,POINT (-73.13692 46.04043)
npri-4806-2023-200,2023,4806,Rio Tinto Fer et Titane inc.- Complexe  de Sorel-Tracy,,manufacturing,-73.13692,46.04043,Mixedwood Plain,St. Lawrence Drainage Area,NA - 12,Selenium (and its compounds),kg,Off-Site Disposal / Élimination hors site,Tailings,0.885,https://www.canada.ca/en/environment-climate-change/services/national-pollutant-release-inventory/tools-resources-data/exploredata.html,POINT (-73.13692 46.04043)
npri-4806-2023-201,2023,4806,Rio Tinto Fer et Titane inc.- Complexe  de Sorel-Tracy,,manufacturing,-73.13692,46.04043,Mixedwood Plain,St. Lawrence Drainage Area,NA - 14,Zinc (and its compounds),tonnes,Off-Site Disposal / Élimination hors site,Tailings,0.037,https://www.canada.ca/en/environment-climate-change/services/national-pollutant-release-inventory/tools-resources-data/exploredata.html,POINT (-73.13692 46.04043)
npri-4045-2023-27,2023,4045,ArcelorMittal long Products Canada - Hamilton East,,manufacturing,-79.7857,43.2625,Mixedwood Plain,St. Lawrence Drainage Area,7647-01-0,Hydrochloric acid,tonnes,Transfers for Treatment / Transferts pour traitement,Physical Treatment,0.47956,https://www.canada.ca/en/environment-climate-change/services/national-pollutant-release-inventory/tools-resources-data/exploredata.html,POINT (-79.7857 43.2625)
npri-4045-2023-28,2023,4045,ArcelorMittal long Products Canada - Hamilton East,,manufacturing,-79.7857,43.2625,Mixedwood Plain,St. Lawrence Drainage Area,NA - 08,Lead (and its compounds),kg,Transfers for Treatment / Transferts pour traitement,Physical Treatment,0.768126,https://www.canada.ca/en/environment-climate-change/services/national-pollutant-release-inventory/tools-resources-data/exploredata.html,POINT (-79.7857 43.2625)
npri-4045-2023-29,2023,4045,ArcelorMittal long Products Canada - Hamilton East,,manufacturing,-79.7857,43.2625,Mixedwood Plain,St. Lawrence Drainage Area,NA - 09,Manganese (and its compounds),tonnes,Transfers for Treatment / Transferts pour traitement,Physical Treatment,3.701352,https://www.canada.ca/en/environment-climate-change/services/national-pollutant-release-inventory/tools-resources-data/exploredata.html,POINT (-79.7857 43.2625)
npri-3653-2023-9,2023,3653,ArcelorMittal Saint-Patrick,,manufacturing,-73.605684,45.459107,Mixedwood Plain,St. Lawrence Drainage Area,NA - 08,Lead (and its compounds),kg,Transfers for Treatment / Transferts pour traitement,Physical Treatment,11854.4667,https://www.canada.ca/en/environment-climate-change/services/national-pollutant-release-inventory/tools-resources-data/exploredata.html,POINT (-73.605684 45.459107)
npri-7977-2023-2,2023,7977,DAVIS WIRE INDUSTRIES - DELTA,,manufacturing,-122.93415,49.17051,Pacific Maritime,Pacific Drainage Area,NA - 14,Zinc (and its compounds),tonnes,Transfers for Treatment / Transferts pour traitement,Physical Treatment,17.2692,https://www.canada.ca/en/environment-climate-change/services/national-pollutant-release-inventory/tools-resources-data/exploredata.html,POINT (-122.93415 49.17051)
npri-25232-2023-1,2023,25232,Techmire,,manufacturing,-73.788155,45.46489,Mixedwood Plain,St. Lawrence Drainage Area,NA - 14,Zinc (and its compounds),tonnes,Transfers for Treatment / Transferts pour traitement,Physical Treatment,0.79,https://www.canada.ca/en/environment-climate-change/services/national-pollutant-release-inventory/tools-resources-data/exploredata.html,POINT (-73.788155 45.46489)
npri-953-2023-30,2023,953,Essex Group Canada Inc.,,manufacturing,-80.3025,42.8503,Mixedwood Plain,St. Lawrence Drainage Area,NA - 06,Copper (and its compounds),tonnes,Transfers for Treatment / Transferts pour traitement,Physical Treatment,0.183,https://www.canada.ca/en/environment-climate-change/services/national-pollutant-release-inventory/tools-resources-data/exploredata.html,POINT (-80.3025 42.8503)
npri-3812-2023-23,2023,3812,Sivaco Québec,,manufacturing,-73.167875,45.429756,Mixedwood Plain,St. Lawrence Drainage Area,NA - 08,Lead (and its compounds),kg,Transfers for Treatment / Transferts pour traitement,Physical Treatment,1668.574,https://www.canada.ca/en/environment-climate-change/services/national-pollutant-release-inventory/tools-resources-data/exploredata.html,POINT (-73.167875 45.429756)
npri-3812-2023-24,2023,3812,Sivaco Québec,,manufacturing,-73.167875,45.429756,Mixedwood Plain,St. Lawrence Drainage Area,NA - 14,Zinc (and its compounds),tonnes,Transfers for Treatment / Transferts pour traitement,Physical Treatment,8.8807,https://www.canada.ca/en/environment-climate-change/services/national-pollutant-release-inventory/tools-resources-data/exploredata.html,POINT (-73.167875 45.429756)
npri-2737-2023-21,2023,2737,Extrusion North America - Mississauga,,manufacturing,-79.6575,43.6306,Mixedwood Plain,St. Lawrence Drainage Area,108-88-3,Toluene,tonnes,Transfers for Treatment / Transferts pour traitement,Physical Treatment,2.548,https://www.canada.ca/en/environment-climate-change/services/national-pollutant-release-inventory/tools-resources-data/exploredata.html,POINT (-79.6575 43.6306)
npri-2737-2023-22,2023,2737,Extrusion North America - Mississauga,,manufacturing,-79.6575,43.6306,Mixedwood Plain,St. Lawrence Drainage Area,1330-20-7,Xylene (all isomers),tonnes,Transfers for Treatment / Transferts pour traitement,Physical Treatment,31.45,https://www.canada.ca/en/environment-climate-change/services/national-pollutant-release-inventory/tools-resources-data/exploredata.html,POINT (-79.6575 43.6306)
npri-449-2023-15,2023,449,INFASCO,,manufacturing,-73.1673,45.431,Mixedwood Plain,St. Lawrence Drainage Area,NA - 22,Phosphorus (total),tonnes,Transfers for Treatment / Transferts pour traitement,Physical Treatment,67.0,https://www.canada.ca/en/environment-climate-change/services/national-pollutant-release-inventory/tools-resources-data/exploredata.html,POINT (-73.1673 45.431)
npri-449-2023-16,2023,449,INFASCO,,manufacturing,-73.1673,45.431,Mixedwood Plain,St. Lawrence Drainage Area,7664-93-9,Sulphuric acid,tonnes,Transfers for Treatment / Transferts pour traitement,Physical Treatment,259.0,https://www.canada.ca/en/environment-climate-change/services/national-pollutant-release-inventory/tools-resources-data/exploredata.html,POINT (-73.1673 45.431)
npri-959-2023-23,2023,959,Usine de coulée continue de Montréal-Est,,manufacturing,-73.5132,45.6291,Mixedwood Plain,St. Lawrence Drainage Area,NA - 06,Copper (and its compounds),tonnes,Transfers for Treatment / Transferts pour traitement,Physical Treatment,16.09,https://www.canada.ca/en/environment-climate-change/services/national-pollutant-release-inventory/tools-resources-data/exploredata.html,POINT (-73.5132 45.6291)
npri-2938-2023-100,2023,2938,SOCIÉTÉ EN COMMANDITE REVENU NORANDA - VALLEYFIELD,,manufacturing,-74.0981,45.2283,Mixedwood Plain,St. Lawrence Drainage Area,NA - 02,Arsenic (and its compounds),kg,Transfers for Treatment / Transferts pour traitement,Physical Treatment,361.84,https://www.canada.ca/en/environment-climate-change/services/national-pollutant-release-inventory/tools-resources-data/exploredata.html,POINT (-74.0981 45.2283)
npri-2938-2023-101,2023,2938,SOCIÉTÉ EN COMMANDITE REVENU NORANDA - VALLEYFIELD,,manufacturing,-74.0981,45.2283,Mixedwood Plain,St. Lawrence Drainage Area,NA - 03,Cadmium (and its compounds),kg,Transfers for Treatment / Transferts pour traitement,Physical Treatment,612357.52,https://www.canada.ca/en/environment-climate-change/services/national-pollutant-release-inventory/tools-resources-data/exploredata.html,POINT (-74.0981 45.2283)
npri-2938-2023-102,2023,2938,SOCIÉTÉ EN COMMANDITE REVENU NORANDA - VALLEYFIELD,,manufacturing,-74.0981,45.2283,Mixedwood Plain,St. Lawrence Drainage Area,NA - 06,Copper (and its compounds),tonnes,Transfers for Treatment / Transferts pour traitement,Physical Treatment,7.87,https://www.canada.ca/en/environment-climate-change/services/national-pollutant-release-inventory/tools-resources-data/exploredata.html,POINT (-74.0981 45.2283)
npri-2938-2023-103,2023,2938,SOCIÉTÉ EN COMMANDITE REVENU NORANDA - VALLEYFIELD,,manufacturing,-74.0981,45.2283,Mixedwood Plain,St. Lawrence Drainage Area,NA - 08,Lead (and its compounds),kg,Transfers for Treatment / Transferts pour traitement,Physical Treatment,11015.3,https://www.canada.ca/en/environment-climate-change/services/national-pollutant-release-inventory/tools-resources-data/exploredata.html,POINT (-74.0981 45.2283)
npri-2938-2023-104,2023,2938,SOCIÉTÉ EN COMMANDITE REVENU NORANDA - VALLEYFIELD,,manufacturing,-74.0981,45.2283,Mixedwood Plain,St. Lawrence Drainage Area,NA - 09,Manganese (and its compounds),tonnes,Transfers for Treatment / Transferts pour traitement,Physical Treatment,1.84,https://www.canada.ca/en/environment-climate-change/services/national-pollutant-release-inventory/tools-resources-data/exploredata.html,POINT (-74.0981 45.2283)
npri-2938-2023-105,2023,2938,SOCIÉTÉ EN COMMANDITE REVENU NORANDA - VALLEYFIELD,,manufacturing,-74.0981,45.2283,Mixedwood Plain,St. Lawrence Drainage Area,NA - 10,Mercury (and its compounds),kg,Transfers for Treatment / Transferts pour traitement,Physical Treatment,20417.3,https://www.canada.ca/en/environment-climate-change/services/national-pollutant-release-inventory/tools-resources-data/exploredata.html,POINT (-74.0981 45.2283)
npri-2938-2023-106,2023,2938,SOCIÉTÉ EN COMMANDITE REVENU NORANDA - VALLEYFIELD,,manufacturing,-74.0981,45.2283,Mixedwood Plain,St. Lawrence Drainage Area,NA - 12,Selenium (and its compounds),kg,Transfers for Treatment / Transferts pour traitement,Physical Treatment,16505.9,https://www.canada.ca/en/environment-climate-change/services/national-pollutant-release-inventory/tools-resources-data/exploredata.html,POINT (-74.0981 45.2283)
npri-2938-2023-107,2023,2938,SOCIÉTÉ EN COMMANDITE REVENU NORANDA - VALLEYFIELD,,manufacturing,-74.0981,45.2283,Mixedwood Plain,St. Lawrence Drainage Area,NA - 14,Zinc (and its compounds),tonnes,Transfers for Treatment / Transferts pour traitement,Physical Treatment,64.2,https://www.canada.ca/en/environment-climate-change/services/national-pollutant-release-inventory/tools-resources-data/exploredata.html,POINT (-74.0981 45.2283)
npri-8576-2023-15,2023,8576,"4405, rue Garand",,manufacturing,-73.7179,45.49134,Mixedwood Plain,St. Lawrence Drainage Area,NA - 01,Antimony (and its compounds),tonnes,Transfers for Treatment / Transferts pour traitement,Chemical Treatment,0.015,https://www.canada.ca/en/environment-climate-change/services/national-pollutant-release-inventory/tools-resources-data/exploredata.html,POINT (-73.7179 45.49134)
npri-8576-2023-16,2023,8576,"4405, rue Garand",,manufacturing,-73.7179,45.49134,Mixedwood Plain,St. Lawrence Drainage Area,NA - 02,Arsenic (and its compounds),kg,Transfers for Treatment / Transferts pour traitement,Chemical Treatment,333.2,https://www.canada.ca/en/environment-climate-change/services/national-pollutant-release-inventory/tools-resources-data/exploredata.html,POINT (-73.7179 45.49134)
npri-8576-2023-17,2023,8576,"4405, rue Garand",,manufacturing,-73.7179,45.49134,Mixedwood Plain,St. Lawrence Drainage Area,NA - 03,Cadmium (and its compounds),kg,Transfers for Treatment / Transferts pour traitement,Chemical Treatment,3.0,https://www.canada.ca/en/environment-climate-change/services/national-pollutant-release-inventory/tools-resources-data/exploredata.html,POINT (-73.7179 45.49134)
npri-8604-2023-7,2023,8604,"4385, rue Garand",,manufacturing,-73.71788,45.49139,Mixedwood Plain,St. Lawrence Drainage Area,NA - 03,Cadmium (and its compounds),kg,Transfers for Treatment / Transferts pour traitement,Chemical Treatment,47.8,https://www.canada.ca/en/environment-climate-change/services/national-pollutant-release-inventory/tools-resources-data/exploredata.html,POINT (-73.71788 45.49139)
npri-8576-2023-18,2023,8576,"4405, rue Garand",,manufacturing,-73.7179,45.49134,Mixedwood Plain,St. Lawrence Drainage Area,NA - 06,Copper (and its compounds),tonnes,Transfers for Treatment / Transferts pour traitement,Chemical Treatment,0.004,https://www.canada.ca/en/environment-climate-change/services/national-pollutant-release-inventory/tools-resources-data/exploredata.html,POINT (-73.7179 45.49134)
npri-8576-2023-19,2023,8576,"4405, rue Garand",,manufacturing,-73.7179,45.49134,Mixedwood Plain,St. Lawrence Drainage Area,NA - 08,Lead (and its compounds),kg,Transfers for Treatment / Transferts pour traitement,Chemical Treatment,2.4,https://www.canada.ca/en/environment-climate-change/services/national-pollutant-release-inventory/tools-resources-data/exploredata.html,POINT (-73.7179 45.49134)
npri-8576-2023-20,2023,8576,"4405, rue Garand",,manufacturing,-73.7179,45.49134,Mixedwood Plain,St. Lawrence Drainage Area,NA - 12,Selenium (and its compounds),kg,Transfers for Treatment / Transferts pour traitement,Chemical Treatment,34.0,https://www.canada.ca/en/environment-climate-change/services/national-pollutant-release-inventory/tools-resources-data/exploredata.html,POINT (-73.7179 45.49134)
npri-8576-2023-21,2023,8576,"4405, rue Garand",,manufacturing,-73.7179,45.49134,Mixedwood Plain,St. Lawrence Drainage Area,NA - 14,Zinc (and its compounds),tonnes,Transfers for Treatment / Transferts pour traitement,Chemical Treatment,0.007,https://www.canada.ca/en/environment-climate-change/services/national-pollutant-release-inventory/tools-resources-data/exploredata.html,POINT (-73.7179 45.49134)
npri-8604-2023-8,2023,8604,"4385, rue Garand",,manufacturing,-73.71788,45.49139,Mixedwood Plain,St. Lawrence Drainage Area,NA - 14,Zinc (and its compounds),tonnes,Transfers for Treatment / Transferts pour traitement,Chemical Treatment,0.006,https://www.canada.ca/en/environment-climate-change/services/national-pollutant-release-inventory/tools-resources-data/exploredata.html,POINT (-73.71788 45.49139)
npri-109-2023-5,2023,109,ALUMABRITE ANODIZING,,manufacturing,-79.7439,43.2344,Mixedwood Plain,St. Lawrence Drainage Area,7664-93-9,Sulphuric acid,tonnes,Transfers for Treatment / Transferts pour traitement,Chemical Treatment,40.09,https://www.canada.ca/en/environment-climate-change/services/national-pollutant-release-inventory/tools-resources-data/exploredata.html,POINT (-79.7439 43.2344)
npri-1071-2023-130,2023,1071,Aluminerie de Bécancour inc.,,manufacturing,-72.3874,46.3829,Mixedwood Plain,St. Lawrence Drainage Area,7789-75-5,Calcium fluoride,tonnes,Transfers for Treatment / Transferts pour traitement,Chemical Treatment,66.1,https://www.canada.ca/en/environment-climate-change/services/national-pollutant-release-inventory/tools-resources-data/exploredata.html,POINT (-72.3874 46.3829)
npri-3219-2023-49,2023,3219,APEL EXTRUSIONS,,manufacturing,-113.9884,50.983,Prairie,Nelson River Drainage Area,NA - 19,Hexavalent chromium (and its compounds),kg,Transfers for Treatment / Transferts pour traitement,Chemical Treatment,106.92,https://www.canada.ca/en/environment-climate-change/services/national-pollutant-release-inventory/tools-resources-data/exploredata.html,POINT (-113.9884 50.983)
npri-3713-2023-502,2023,3713,ArcelorMittal Dofasco,,manufacturing,-79.8111,43.2597,Mixedwood Plain,St. Lawrence Drainage Area,120-12-7,Anthracene,kg,Transfers for Treatment / Transferts pour traitement,Chemical Treatment,0.020792,https://www.canada.ca/en/environment-climate-change/services/national-pollutant-release-inventory/tools-resources-data/exploredata.html,POINT (-79.8111 43.2597)
npri-3713-2023-503,2023,3713,ArcelorMittal Dofasco,,manufacturing,-79.8111,43.2597,Mixedwood Plain,St. Lawrence Drainage Area,NA - 01,Antimony (and its compounds),tonnes,Transfers for Treatment / Transferts pour traitement,Chemical Treatment,0.000893,https://www.canada.ca/en/environment-climate-change/services/national-pollutant-release-inventory/tools-resources-data/exploredata.html,POINT (-79.8111 43.2597)
npri-3713-2023-504,2023,3713,ArcelorMittal Dofasco,,manufacturing,-79.8111,43.2597,Mixedwood Plain,St. Lawrence Drainage Area,50-32-8,Benzo[a]pyrene,kg,Transfers for Treatment / Transferts pour traitement,Chemical Treatment,0.023315,https://www.canada.ca/en/environment-climate-change/services/national-pollutant-release-inventory/tools-resources-data/exploredata.html,POINT (-79.8111 43.2597)
npri-3713-2023-505,2023,3713,ArcelorMittal Dofasco,,manufacturing,-79.8111,43.2597,Mixedwood Plain,St. Lawrence Drainage Area,205-99-2,Benzo[b]fluoranthene,kg,Transfers for Treatment / Transferts pour traitement,Chemical Treatment,0.028937,https://www.canada.ca/en/environment-climate-change/services/national-pollutant-release-inventory/tools-resources-data/exploredata.html,POINT (-79.8111 43.2597)
npri-3713-2023-506,2023,3713,ArcelorMittal Dofasco,,manufacturing,-79.8111,43.2597,Mixedwood Plain,St. Lawrence Drainage Area,191-24-2,Benzo[ghi]perylene,kg,Transfers for Treatment / Transferts pour traitement,Chemical Treatment,0.012702,https://www.canada.ca/en/environment-climate-change/services/national-pollutant-release-inventory/tools-resources-data/exploredata.html,POINT (-79.8111 43.2597)
npri-3713-2023-507,2023,3713,ArcelorMittal Dofasco,,manufacturing,-79.8111,43.2597,Mixedwood Plain,St. Lawrence Drainage Area,207-08-9,Benzo[k]fluoranthene,kg,Transfers for Treatment / Transferts pour traitement,Chemical Treatment,0.007875,https://www.canada.ca/en/environment-climate-change/services/national-pollutant-release-inventory/tools-resources-data/exploredata.html,POINT (-79.8111 43.2597)
npri-3713-2023-508,2023,3713,ArcelorMittal Dofasco,,manufacturing,-79.8111,43.2597,Mixedwood Plain,St. Lawrence Drainage Area,NA - 04,Chromium (and its compounds),tonnes,Transfers for Treatment / Transferts pour traitement,Chemical Treatment,9.636447,https://www.canada.ca/en/environment-climate-change/services/national-pollutant-release-inventory/tools-resources-data/exploredata.html,POINT (-79.8111 43.2597)
npri-3713-2023-509,2023,3713,ArcelorMittal Dofasco,,manufacturing,-79.8111,43.2597,Mixedwood Plain,St. Lawrence Drainage Area,218-01-9,Chrysene,kg,Transfers for Treatment / Transferts pour traitement,Chemical Treatment,0.032217,https://www.canada.ca/en/environment-climate-change/services/national-pollutant-release-inventory/tools-resources-data/exploredata.html,POINT (-79.8111 43.2597)
npri-3713-2023-510,2023,3713,ArcelorMittal Dofasco,,manufacturing,-79.8111,43.2597,Mixedwood Plain,St. Lawrence Drainage Area,NA - 06,Copper (and its compounds),tonnes,Transfers for Treatment / Transferts pour traitement,Chemical Treatment,8.966217,https://www.canada.ca/en/environment-climate-change/services/national-pollutant-release-inventory/tools-resources-data/exploredata.html,POINT (-79.8111 43.2597)
npri-3713-2023-511,2023,3713,ArcelorMittal Dofasco,,manufacturing,-79.8111,43.2597,Mixedwood Plain,St. Lawrence Drainage Area,53-70-3,"Dibenz[a,h]anthracene",kg,Transfers for Treatment / Transferts pour traitement,Chemical Treatment,0.003557,https://www.canada.ca/en/environment-climate-change/services/national-pollutant-release-inventory/tools-resources-data/exploredata.html,POINT (-79.8111 43.2597)
npri-3713-2023-512,2023,3713,ArcelorMittal Dofasco,,manufacturing,-79.8111,43.2597,Mixedwood Plain,St. Lawrence Drainage Area,206-44-0,Fluoranthene,kg,Transfers for Treatment / Transferts pour traitement,Chemical Treatment,0.07959,https://www.canada.ca/en/environment-climate-change/services/national-pollutant-release-inventory/tools-resources-data/exploredata.html,POINT (-79.8111 43.2597)
npri-3713-2023-513,2023,3713,ArcelorMittal Dofasco,,manufacturing,-79.8111,43.2597,Mixedwood Plain,St. Lawrence Drainage Area,NA - 19,Hexavalent chromium (and its compounds),kg,Transfers for Treatment / Transferts pour traitement,Chemical Treatment,0.103383,https://www.canada.ca/en/environment-climate-change/services/national-pollutant-release-inventory/tools-resources-data/exploredata.html,POINT (-79.8111 43.2597)
npri-3713-2023-514,2023,3713,ArcelorMittal Dofasco,,manufacturing,-79.8111,43.2597,Mixedwood Plain,St. Lawrence Drainage Area,193-39-5,"Indeno[1,2,3-cd]pyrene",kg,Transfers for Treatment / Transferts pour traitement,Chemical Treatment,0.008637,https://www.canada.ca/en/environment-climate-change/services/national-pollutant-release-inventory/tools-resources-data/exploredata.html,POINT (-79.8111 43.2597)
npri-3713-2023-515,2023,3713,ArcelorMittal Dofasco,,manufacturing,-79.8111,43.2597,Mixedwood Plain,St. Lawrence Drainage Area,NA - 08,Lead (and its compounds),kg,Transfers for Treatment / Transferts pour traitement,Chemical Treatment,13.201604,https://www.canada.ca/en/environment-climate-change/services/national-pollutant-release-inventory/tools-resources-data/exploredata.html,POINT (-79.8111 43.2597)
npri-3713-2023-516,2023,3713,ArcelorMittal Dofasco,,manufacturing,-79.8111,43.2597,Mixedwood Plain,St. Lawrence Drainage Area,NA - 09,Manganese (and its compounds),tonnes,Transfers for Treatment / Transferts pour traitement,Chemical Treatment,74.227064,https://www.canada.ca/en/environment-climate-change/services/national-pollutant-release-inventory/tools-resources-data/exploredata.html,POINT (-79.8111 43.2597)
npri-3713-2023-517,2023,3713,ArcelorMittal Dofasco,,manufacturing,-79.8111,43.2597,Mixedwood Plain,St. Lawrence Drainage Area,91-20-3,Naphthalene,tonnes,Transfers for Treatment / Transferts pour traitement,Chemical Treatment,0.001008,https://www.canada.ca/en/environment-climate-change/services/national-pollutant-release-inventory/tools-resources-data/exploredata.html,POINT (-79.8111 43.2597)
npri-3713-2023-518,2023,3713,ArcelorMittal Dofasco,,manufacturing,-79.8111,43.2597,Mixedwood Plain,St. Lawrence Drainage Area,85-01-8,Phenanthrene,kg,Transfers for Treatment / Transferts pour traitement,Chemical Treatment,0.126789,https://www.canada.ca/en/environment-climate-change/services/national-pollutant-release-inventory/tools-resources-data/exploredata.html,POINT (-79.8111 43.2597)
npri-3713-2023-519,2023,3713,ArcelorMittal Dofasco,,manufacturing,-79.8111,43.2597,Mixedwood Plain,St. Lawrence Drainage Area,NA - 22,Phosphorus (total),tonnes,Transfers for Treatment / Transferts pour traitement,Chemical Treatment,6.516916,https://www.canada.ca/en/environment-climate-change/services/national-pollutant-release-inventory/tools-resources-data/exploredata.html,POINT (-79.8111 43.2597)
npri-3713-2023-520,2023,3713,ArcelorMittal Dofasco,,manufacturing,-79.8111,43.2597,Mixedwood Plain,St. Lawrence Drainage Area,129-00-0,Pyrene,kg,Transfers for Treatment / Transferts pour traitement,Chemical Treatment,0.068663,https://www.canada.ca/en/environment-climate-change/services/national-pollutant-release-inventory/tools-resources-data/exploredata.html,POINT (-79.8111 43.2597)
npri-3713-2023-521,2023,3713,ArcelorMittal Dofasco,,manufacturing,-79.8111,43.2597,Mixedwood Plain,St. Lawrence Drainage Area,108-88-3,Toluene,tonnes,Transfers for Treatment / Transferts pour traitement,Chemical Treatment,3e-06,https://www.canada.ca/en/environment-climate-change/services/national-pollutant-release-inventory/tools-resources-data/exploredata.html,POINT (-79.8111 43.2597)
npri-3713-2023-522,2023,3713,ArcelorMittal Dofasco,,manufacturing,-79.8111,43.2597,Mixedwood Plain,St. Lawrence Drainage Area,NA - 40,Vanadium (and its compounds),tonnes,Transfers for Treatment / Transferts pour traitement,Chemical Treatment,0.05348,https://www.canada.ca/en/environment-climate-change/services/national-pollutant-release-inventory/tools-resources-data/exploredata.html,POINT (-79.8111 43.2597)
npri-3713-2023-523,2023,3713,ArcelorMittal Dofasco,,manufacturing,-79.8111,43.2597,Mixedwood Plain,St. Lawrence Drainage Area,NA - 14,Zinc (and its compounds),tonnes,Transfers for Treatment / Transferts pour traitement,Chemical Treatment,23.054865,https://www.canada.ca/en/environment-climate-change/services/national-pollutant-release-inventory/tools-resources-data/exploredata.html,POINT (-79.8111 43.2597)
npri-4045-2023-30,2023,4045,ArcelorMittal long Products Canada - Hamilton East,,manufacturing,-79.7857,43.2625,Mixedwood Plain,St. Lawrence Drainage Area,7647-01-0,Hydrochloric acid,tonnes,Transfers for Treatment / Transferts pour traitement,Chemical Treatment,6.5037,https://www.canada.ca/en/environment-climate-change/services/national-pollutant-release-inventory/tools-resources-data/exploredata.html,POINT (-79.7857 43.2625)
npri-4045-2023-31,2023,4045,ArcelorMittal long Products Canada - Hamilton East,,manufacturing,-79.7857,43.2625,Mixedwood Plain,St. Lawrence Drainage Area,NA - 08,Lead (and its compounds),kg,Transfers for Treatment / Transferts pour traitement,Chemical Treatment,1.262553,https://www.canada.ca/en/environment-climate-change/services/national-pollutant-release-inventory/tools-resources-data/exploredata.html,POINT (-79.7857 43.2625)
npri-4045-2023-32,2023,4045,ArcelorMittal long Products Canada - Hamilton East,,manufacturing,-79.7857,43.2625,Mixedwood Plain,St. Lawrence Drainage Area,NA - 09,Manganese (and its compounds),tonnes,Transfers for Treatment / Transferts pour traitement,Chemical Treatment,1.700661,https://www.canada.ca/en/environment-climate-change/services/national-pollutant-release-inventory/tools-resources-data/exploredata.html,POINT (-79.7857 43.2625)
npri-4330-2023-35,2023,4330,Fonderie Bibby Ste-Croix,,manufacturing,-71.7361,46.6236,Mixedwood Plain,St. Lawrence Drainage Area,NA - 03,Cadmium (and its compounds),kg,Transfers for Treatment / Transferts pour traitement,Chemical Treatment,7.2,https://www.canada.ca/en/environment-climate-change/services/national-pollutant-release-inventory/tools-resources-data/exploredata.html,POINT (-71.7361 46.6236)
npri-4330-2023-36,2023,4330,Fonderie Bibby Ste-Croix,,manufacturing,-71.7361,46.6236,Mixedwood Plain,St. Lawrence Drainage Area,NA - 08,Lead (and its compounds),kg,Transfers for Treatment / Transferts pour traitement,Chemical Treatment,1908.87,https://www.canada.ca/en/environment-climate-change/services/national-pollutant-release-inventory/tools-resources-data/exploredata.html,POINT (-71.7361 46.6236)
npri-953-2023-31,2023,953,Essex Group Canada Inc.,,manufacturing,-80.3025,42.8503,Mixedwood Plain,St. Lawrence Drainage Area,95-63-6,"1,2,4-Trimethylbenzene",tonnes,Transfers for Treatment / Transferts pour traitement,Chemical Treatment,2.09,https://www.canada.ca/en/environment-climate-change/services/national-pollutant-release-inventory/tools-resources-data/exploredata.html,POINT (-80.3025 42.8503)
npri-953-2023-32,2023,953,Essex Group Canada Inc.,,manufacturing,-80.3025,42.8503,Mixedwood Plain,St. Lawrence Drainage Area,1319-77-3,"Cresol (all isomers, and their salts)",tonnes,Transfers for Treatment / Transferts pour traitement,Chemical Treatment,1.33,https://www.canada.ca/en/environment-climate-change/services/national-pollutant-release-inventory/tools-resources-data/exploredata.html,POINT (-80.3025 42.8503)
npri-953-2023-33,2023,953,Essex Group Canada Inc.,,manufacturing,-80.3025,42.8503,Mixedwood Plain,St. Lawrence Drainage Area,872-50-4,N-Methyl-2-pyrrolidone,tonnes,Transfers for Treatment / Transferts pour traitement,Chemical Treatment,7.76,https://www.canada.ca/en/environment-climate-change/services/national-pollutant-release-inventory/tools-resources-data/exploredata.html,POINT (-80.3025 42.8503)
npri-953-2023-34,2023,953,Essex Group Canada Inc.,,manufacturing,-80.3025,42.8503,Mixedwood Plain,St. Lawrence Drainage Area,108-95-2,Phenol (and its salts),tonnes,Transfers for Treatment / Transferts pour traitement,Chemical Treatment,1.58,https://www.canada.ca/en/environment-climate-change/services/national-pollutant-release-inventory/tools-resources-data/exploredata.html,POINT (-80.3025 42.8503)
npri-953-2023-35,2023,953,Essex Group Canada Inc.,,manufacturing,-80.3025,42.8503,Mixedwood Plain,St. Lawrence Drainage Area,1330-20-7,Xylene (all isomers),tonnes,Transfers for Treatment / Transferts pour traitement,Chemical Treatment,0.71,https://www.canada.ca/en/environment-climate-change/services/national-pollutant-release-inventory/tools-resources-data/exploredata.html,POINT (-80.3025 42.8503)
npri-188-2023-1,2023,188,"Fonderie Générale du Canada, Glencore Canada Corporation",,manufacturing,-73.67629,45.44856,Mixedwood Plain,St. Lawrence Drainage Area,NA - 08,Lead (and its compounds),kg,Transfers for Treatment / Transferts pour traitement,Chemical Treatment,4804.0,https://www.canada.ca/en/environment-climate-change/services/national-pollutant-release-inventory/tools-resources-data/exploredata.html,POINT (-73.67629 45.44856)
npri-3824-2023-146,2023,3824,"Gerdau Ameristeel Corporation, Whitby Mill",,manufacturing,-78.9097,43.8578,Mixedwood Plain,St. Lawrence Drainage Area,NA - 02,Arsenic (and its compounds),kg,Transfers for Treatment / Transferts pour traitement,Chemical Treatment,14.3888,https://www.canada.ca/en/environment-climate-change/services/national-pollutant-release-inventory/tools-resources-data/exploredata.html,POINT (-78.9097 43.8578)
npri-3824-2023-147,2023,3824,"Gerdau Ameristeel Corporation, Whitby Mill",,manufacturing,-78.9097,43.8578,Mixedwood Plain,St. Lawrence Drainage Area,NA - 03,Cadmium (and its compounds),kg,Transfers for Treatment / Transferts pour traitement,Chemical Treatment,142.5039,https://www.canada.ca/en/environment-climate-change/services/national-pollutant-release-inventory/tools-resources-data/exploredata.html,POINT (-78.9097 43.8578)
npri-3824-2023-148,2023,3824,"Gerdau Ameristeel Corporation, Whitby Mill",,manufacturing,-78.9097,43.8578,Mixedwood Plain,St. Lawrence Drainage Area,NA - 04,Chromium (and its compounds),tonnes,Transfers for Treatment / Transferts pour traitement,Chemical Treatment,1.1927,https://www.canada.ca/en/environment-climate-change/services/national-pollutant-release-inventory/tools-resources-data/exploredata.html,POINT (-78.9097 43.8578)
npri-3824-2023-149,2023,3824,"Gerdau Ameristeel Corporation, Whitby Mill",,manufacturing,-78.9097,43.8578,Mixedwood Plain,St. Lawrence Drainage Area,NA - 06,Copper (and its compounds),tonnes,Transfers for Treatment / Transferts pour traitement,Chemical Treatment,1.2228,https://www.canada.ca/en/environment-climate-change/services/national-pollutant-release-inventory/tools-resources-data/exploredata.html,POINT (-78.9097 43.8578)
npri-3824-2023-150,2023,3824,"Gerdau Ameristeel Corporation, Whitby Mill",,manufacturing,-78.9097,43.8578,Mixedwood Plain,St. Lawrence Drainage Area,NA - D/F,Dioxins and furans - total,g TEQ,Transfers for Treatment / Transferts pour traitement,Chemical Treatment,0.013465,https://www.canada.ca/en/environment-climate-change/services/national-pollutant-release-inventory/tools-resources-data/exploredata.html,POINT (-78.9097 43.8578)
npri-3824-2023-151,2023,3824,"Gerdau Ameristeel Corporation, Whitby Mill",,manufacturing,-78.9097,43.8578,Mixedwood Plain,St. Lawrence Drainage Area,NA - 08,Lead (and its compounds),kg,Transfers for Treatment / Transferts pour traitement,Chemical Treatment,3789.109,https://www.canada.ca/en/environment-climate-change/services/national-pollutant-release-inventory/tools-resources-data/exploredata.html,POINT (-78.9097 43.8578)
npri-3824-2023-152,2023,3824,"Gerdau Ameristeel Corporation, Whitby Mill",,manufacturing,-78.9097,43.8578,Mixedwood Plain,St. Lawrence Drainage Area,NA - 09,Manganese (and its compounds),tonnes,Transfers for Treatment / Transferts pour traitement,Chemical Treatment,23.6258,https://www.canada.ca/en/environment-climate-change/services/national-pollutant-release-inventory/tools-resources-data/exploredata.html,POINT (-78.9097 43.8578)
npri-3824-2023-153,2023,3824,"Gerdau Ameristeel Corporation, Whitby Mill",,manufacturing,-78.9097,43.8578,Mixedwood Plain,St. Lawrence Drainage Area,NA - 10,Mercury (and its compounds),kg,Transfers for Treatment / Transferts pour traitement,Chemical Treatment,0.5913,https://www.canada.ca/en/environment-climate-change/services/national-pollutant-release-inventory/tools-resources-data/exploredata.html,POINT (-78.9097 43.8578)
npri-3824-2023-154,2023,3824,"Gerdau Ameristeel Corporation, Whitby Mill",,manufacturing,-78.9097,43.8578,Mixedwood Plain,St. Lawrence Drainage Area,NA - 11,Nickel (and its compounds),tonnes,Transfers for Treatment / Transferts pour traitement,Chemical Treatment,0.1022,https://www.canada.ca/en/environment-climate-change/services/national-pollutant-release-inventory/tools-resources-data/exploredata.html,POINT (-78.9097 43.8578)
npri-3824-2023-155,2023,3824,"Gerdau Ameristeel Corporation, Whitby Mill",,manufacturing,-78.9097,43.8578,Mixedwood Plain,St. Lawrence Drainage Area,NA - 22,Phosphorus (total),tonnes,Transfers for Treatment / Transferts pour traitement,Chemical Treatment,0.2849,https://www.canada.ca/en/environment-climate-change/services/national-pollutant-release-inventory/tools-resources-data/exploredata.html,POINT (-78.9097 43.8578)
npri-3824-2023-156,2023,3824,"Gerdau Ameristeel Corporation, Whitby Mill",,manufacturing,-78.9097,43.8578,Mixedwood Plain,St. Lawrence Drainage Area,NA - 14,Zinc (and its compounds),tonnes,Transfers for Treatment / Transferts pour traitement,Chemical Treatment,72.6764,https://www.canada.ca/en/environment-climate-change/services/national-pollutant-release-inventory/tools-resources-data/exploredata.html,POINT (-78.9097 43.8578)
npri-3812-2023-25,2023,3812,Sivaco Québec,,manufacturing,-73.167875,45.429756,Mixedwood Plain,St. Lawrence Drainage Area,7647-01-0,Hydrochloric acid,tonnes,Transfers for Treatment / Transferts pour traitement,Chemical Treatment,0.9,https://www.canada.ca/en/environment-climate-change/services/national-pollutant-release-inventory/tools-resources-data/exploredata.html,POINT (-73.167875 45.429756)
npri-3812-2023-26,2023,3812,Sivaco Québec,,manufacturing,-73.167875,45.429756,Mixedwood Plain,St. Lawrence Drainage Area,NA - 08,Lead (and its compounds),kg,Transfers for Treatment / Transferts pour traitement,Chemical Treatment,172.0,https://www.canada.ca/en/environment-climate-change/services/national-pollutant-release-inventory/tools-resources-data/exploredata.html,POINT (-73.167875 45.429756)
npri-1520-2023-106,2023,1520,Ivaco Rolling Mills,,manufacturing,-74.705,45.6133,Mixedwood Plain,St. Lawrence Drainage Area,7429-90-5,Aluminum (fume or dust only),tonnes,Transfers for Treatment / Transferts pour traitement,Chemical Treatment,33.693657,https://www.canada.ca/en/environment-climate-change/services/national-pollutant-release-inventory/tools-resources-data/exploredata.html,POINT (-74.705 45.6133)
npri-1520-2023-107,2023,1520,Ivaco Rolling Mills,,manufacturing,-74.705,45.6133,Mixedwood Plain,St. Lawrence Drainage Area,NA - 02,Arsenic (and its compounds),kg,Transfers for Treatment / Transferts pour traitement,Chemical Treatment,135.339781,https://www.canada.ca/en/environment-climate-change/services/national-pollutant-release-inventory/tools-resources-data/exploredata.html,POINT (-74.705 45.6133)
npri-1520-2023-108,2023,1520,Ivaco Rolling Mills,,manufacturing,-74.705,45.6133,Mixedwood Plain,St. Lawrence Drainage Area,NA - 03,Cadmium (and its compounds),kg,Transfers for Treatment / Transferts pour traitement,Chemical Treatment,2111.151865,https://www.canada.ca/en/environment-climate-change/services/national-pollutant-release-inventory/tools-resources-data/exploredata.html,POINT (-74.705 45.6133)
npri-1520-2023-109,2023,1520,Ivaco Rolling Mills,,manufacturing,-74.705,45.6133,Mixedwood Plain,St. Lawrence Drainage Area,NA - 04,Chromium (and its compounds),tonnes,Transfers for Treatment / Transferts pour traitement,Chemical Treatment,12.329305,https://www.canada.ca/en/environment-climate-change/services/national-pollutant-release-inventory/tools-resources-data/exploredata.html,POINT (-74.705 45.6133)
npri-1520-2023-110,2023,1520,Ivaco Rolling Mills,,manufacturing,-74.705,45.6133,Mixedwood Plain,St. Lawrence Drainage Area,NA - 05,Cobalt (and its compounds),kg,Transfers for Treatment / Transferts pour traitement,Chemical Treatment,131.249843,https://www.canada.ca/en/environment-climate-change/services/national-pollutant-release-inventory/tools-resources-data/exploredata.html,POINT (-74.705 45.6133)
npri-1520-2023-111,2023,1520,Ivaco Rolling Mills,,manufacturing,-74.705,45.6133,Mixedwood Plain,St. Lawrence Drainage Area,NA - D/F,Dioxins and furans - total,g TEQ,Transfers for Treatment / Transferts pour traitement,Chemical Treatment,0.249665,https://www.canada.ca/en/environment-climate-change/services/national-pollutant-release-inventory/tools-resources-data/exploredata.html,POINT (-74.705 45.6133)
npri-1520-2023-112,2023,1520,Ivaco Rolling Mills,,manufacturing,-74.705,45.6133,Mixedwood Plain,St. Lawrence Drainage Area,118-74-1,Hexachlorobenzene,grams,Transfers for Treatment / Transferts pour traitement,Chemical Treatment,594.900138,https://www.canada.ca/en/environment-climate-change/services/national-pollutant-release-inventory/tools-resources-data/exploredata.html,POINT (-74.705 45.6133)
npri-1520-2023-113,2023,1520,Ivaco Rolling Mills,,manufacturing,-74.705,45.6133,Mixedwood Plain,St. Lawrence Drainage Area,NA - 08,Lead (and its compounds),kg,Transfers for Treatment / Transferts pour traitement,Chemical Treatment,23219.696011,https://www.canada.ca/en/environment-climate-change/services/national-pollutant-release-inventory/tools-resources-data/exploredata.html,POINT (-74.705 45.6133)
npri-1520-2023-114,2023,1520,Ivaco Rolling Mills,,manufacturing,-74.705,45.6133,Mixedwood Plain,St. Lawrence Drainage Area,NA - 09,Manganese (and its compounds),tonnes,Transfers for Treatment / Transferts pour traitement,Chemical Treatment,139.615626,https://www.canada.ca/en/environment-climate-change/services/national-pollutant-release-inventory/tools-resources-data/exploredata.html,POINT (-74.705 45.6133)
npri-1520-2023-115,2023,1520,Ivaco Rolling Mills,,manufacturing,-74.705,45.6133,Mixedwood Plain,St. Lawrence Drainage Area,NA - 10,Mercury (and its compounds),kg,Transfers for Treatment / Transferts pour traitement,Chemical Treatment,2.156513,https://www.canada.ca/en/environment-climate-change/services/national-pollutant-release-inventory/tools-resources-data/exploredata.html,POINT (-74.705 45.6133)
npri-1520-2023-116,2023,1520,Ivaco Rolling Mills,,manufacturing,-74.705,45.6133,Mixedwood Plain,St. Lawrence Drainage Area,NA - 14,Zinc (and its compounds),tonnes,Transfers for Treatment / Transferts pour traitement,Chemical Treatment,1720.005024,https://www.canada.ca/en/environment-climate-change/services/national-pollutant-release-inventory/tools-resources-data/exploredata.html,POINT (-74.705 45.6133)
npri-11787-2023-11,2023,11787,Maritime House Metals Inc - Napanee Facility,,manufacturing,-76.9636,44.2828,Mixedwood Plain,St. Lawrence Drainage Area,7647-01-0,Hydrochloric acid,tonnes,Transfers for Treatment / Transferts pour traitement,Chemical Treatment,22.416,https://www.canada.ca/en/environment-climate-change/services/national-pollutant-release-inventory/tools-resources-data/exploredata.html,POINT (-76.9636 44.2828)
npri-11787-2023-12,2023,11787,Maritime House Metals Inc - Napanee Facility,,manufacturing,-76.9636,44.2828,Mixedwood Plain,St. Lawrence Drainage Area,7697-37-2,Nitric acid,tonnes,Transfers for Treatment / Transferts pour traitement,Chemical Treatment,8.911,https://www.canada.ca/en/environment-climate-change/services/national-pollutant-release-inventory/tools-resources-data/exploredata.html,POINT (-76.9636 44.2828)
npri-6279-2023-12,2023,6279,METRA ALUMINIUM INC.,,manufacturing,-73.724527,45.577583,Mixedwood Plain,St. Lawrence Drainage Area,1330-20-7,Xylene (all isomers),tonnes,Transfers for Treatment / Transferts pour traitement,Chemical Treatment,15.8,https://www.canada.ca/en/environment-climate-change/services/national-pollutant-release-inventory/tools-resources-data/exploredata.html,POINT (-73.724527 45.577583)
npri-11713-2023-11,2023,11713,Neo Performance Materials ULC - Peterborough Facility,,manufacturing,-78.30007,44.27603,Mixedwood Plain,St. Lawrence Drainage Area,NA - 02,Arsenic (and its compounds),kg,Transfers for Treatment / Transferts pour traitement,Chemical Treatment,14213.0,https://www.canada.ca/en/environment-climate-change/services/national-pollutant-release-inventory/tools-resources-data/exploredata.html,POINT (-78.30007 44.27603)
npri-11713-2023-12,2023,11713,Neo Performance Materials ULC - Peterborough Facility,,manufacturing,-78.30007,44.27603,Mixedwood Plain,St. Lawrence Drainage Area,7647-01-0,Hydrochloric acid,tonnes,Transfers for Treatment / Transferts pour traitement,Chemical Treatment,0.732,https://www.canada.ca/en/environment-climate-change/services/national-pollutant-release-inventory/tools-resources-data/exploredata.html,POINT (-78.30007 44.27603)
npri-11713-2023-13,2023,11713,Neo Performance Materials ULC - Peterborough Facility,,manufacturing,-78.30007,44.27603,Mixedwood Plain,St. Lawrence Drainage Area,NA - 12,Selenium (and its compounds),kg,Transfers for Treatment / Transferts pour traitement,Chemical Treatment,11.91,https://www.canada.ca/en/environment-climate-change/services/national-pollutant-release-inventory/tools-resources-data/exploredata.html,POINT (-78.30007 44.27603)
npri-11713-2023-14,2023,11713,Neo Performance Materials ULC - Peterborough Facility,,manufacturing,-78.30007,44.27603,Mixedwood Plain,St. Lawrence Drainage Area,7664-93-9,Sulphuric acid,tonnes,Transfers for Treatment / Transferts pour traitement,Chemical Treatment,6.46,https://www.canada.ca/en/environment-climate-change/services/national-pollutant-release-inventory/tools-resources-data/exploredata.html,POINT (-78.30007 44.27603)
npri-3060-2023-93,2023,3060,Usine Laterrière,,manufacturing,-71.1289,48.3007,Boreal Shield,St. Lawrence Drainage Area,7789-75-5,Calcium fluoride,tonnes,Transfers for Treatment / Transferts pour traitement,Chemical Treatment,96.4,https://www.canada.ca/en/environment-climate-change/services/national-pollutant-release-inventory/tools-resources-data/exploredata.html,POINT (-71.1289 48.3007)
npri-3062-2023-158,2023,3062,Usine Grande-Baie,,manufacturing,-70.9267,48.3058,Boreal Shield,St. Lawrence Drainage Area,7789-75-5,Calcium fluoride,tonnes,Transfers for Treatment / Transferts pour traitement,Chemical Treatment,69.34,https://www.canada.ca/en/environment-climate-change/services/national-pollutant-release-inventory/tools-resources-data/exploredata.html,POINT (-70.9267 48.3058)
npri-3406-2023-152,2023,3406,Usine Arvida,,manufacturing,-71.1599,48.4274,Boreal Shield,St. Lawrence Drainage Area,7789-75-5,Calcium fluoride,tonnes,Transfers for Treatment / Transferts pour traitement,Chemical Treatment,113.7,https://www.canada.ca/en/environment-climate-change/services/national-pollutant-release-inventory/tools-resources-data/exploredata.html,POINT (-71.1599 48.4274)
npri-5510-2023-132,2023,5510,Usine Alma,,manufacturing,-71.6889,48.5837,Boreal Shield,St. Lawrence Drainage Area,7789-75-5,Calcium fluoride,tonnes,Transfers for Treatment / Transferts pour traitement,Chemical Treatment,220.9,https://www.canada.ca/en/environment-climate-change/services/national-pollutant-release-inventory/tools-resources-data/exploredata.html,POINT (-71.6889 48.5837)
npri-27853-2023-120,2023,27853,Aluminerie Arvida - Centre technologique AP60,,manufacturing,-71.156743,48.431927,Boreal Shield,St. Lawrence Drainage Area,7789-75-5,Calcium fluoride,tonnes,Transfers for Treatment / Transferts pour traitement,Chemical Treatment,47.318,https://www.canada.ca/en/environment-climate-change/services/national-pollutant-release-inventory/tools-resources-data/exploredata.html,POINT (-71.156743 48.431927)
npri-2788-2023-207,2023,2788,Rio Tinto Alcan Inc.,,manufacturing,-128.7036,54.0102,Pacific Maritime,Pacific Drainage Area,NA - 09,Manganese (and its compounds),tonnes,Transfers for Treatment / Transferts pour traitement,Chemical Treatment,5.87,https://www.canada.ca/en/environment-climate-change/services/national-pollutant-release-inventory/tools-resources-data/exploredata.html,POINT (-128.7036 54.0102)
npri-3060-2023-94,2023,3060,Usine Laterrière,,manufacturing,-71.1289,48.3007,Boreal Shield,St. Lawrence Drainage Area,NA - 10,Mercury (and its compounds),kg,Transfers for Treatment / Transferts pour traitement,Chemical Treatment,0.1928,https://www.canada.ca/en/environment-climate-change/services/national-pollutant-release-inventory/tools-resources-data/exploredata.html,POINT (-71.1289 48.3007)
npri-3062-2023-159,2023,3062,Usine Grande-Baie,,manufacturing,-70.9267,48.3058,Boreal Shield,St. Lawrence Drainage Area,NA - 10,Mercury (and its compounds),kg,Transfers for Treatment / Transferts pour traitement,Chemical Treatment,0.139,https://www.canada.ca/en/environment-climate-change/services/national-pollutant-release-inventory/tools-resources-data/exploredata.html,POINT (-70.9267 48.3058)
npri-3406-2023-153,2023,3406,Usine Arvida,,manufacturing,-71.1599,48.4274,Boreal Shield,St. Lawrence Drainage Area,NA - 10,Mercury (and its compounds),kg,Transfers for Treatment / Transferts pour traitement,Chemical Treatment,0.227,https://www.canada.ca/en/environment-climate-change/services/national-pollutant-release-inventory/tools-resources-data/exploredata.html,POINT (-71.1599 48.4274)
npri-3060-2023-95,2023,3060,Usine Laterrière,,manufacturing,-71.1289,48.3007,Boreal Shield,St. Lawrence Drainage Area,7681-49-4,Sodium fluoride,tonnes,Transfers for Treatment / Transferts pour traitement,Chemical Treatment,722.998,https://www.canada.ca/en/environment-climate-change/services/national-pollutant-release-inventory/tools-resources-data/exploredata.html,POINT (-71.1289 48.3007)
npri-3062-2023-160,2023,3062,Usine Grande-Baie,,manufacturing,-70.9267,48.3058,Boreal Shield,St. Lawrence Drainage Area,7681-49-4,Sodium fluoride,tonnes,Transfers for Treatment / Transferts pour traitement,Chemical Treatment,520.052,https://www.canada.ca/en/environment-climate-change/services/national-pollutant-release-inventory/tools-resources-data/exploredata.html,POINT (-70.9267 48.3058)
npri-3406-2023-154,2023,3406,Usine Arvida,,manufacturing,-71.1599,48.4274,Boreal Shield,St. Lawrence Drainage Area,7681-49-4,Sodium fluoride,tonnes,Transfers for Treatment / Transferts pour traitement,Chemical Treatment,852.9,https://www.canada.ca/en/environment-climate-change/services/national-pollutant-release-inventory/tools-resources-data/exploredata.html,POINT (-71.1599 48.4274)
npri-5510-2023-133,2023,5510,Usine Alma,,manufacturing,-71.6889,48.5837,Boreal Shield,St. Lawrence Drainage Area,7681-49-4,Sodium fluoride,tonnes,Transfers for Treatment / Transferts pour traitement,Chemical Treatment,1656.5,https://www.canada.ca/en/environment-climate-change/services/national-pollutant-release-inventory/tools-resources-data/exploredata.html,POINT (-71.6889 48.5837)
npri-27853-2023-121,2023,27853,Aluminerie Arvida - Centre technologique AP60,,manufacturing,-71.156743,48.431927,Boreal Shield,St. Lawrence Drainage Area,7681-49-4,Sodium fluoride,tonnes,Transfers for Treatment / Transferts pour traitement,Chemical Treatment,354.884,https://www.canada.ca/en/environment-climate-change/services/national-pollutant-release-inventory/tools-resources-data/exploredata.html,POINT (-71.156743 48.431927)
npri-3032-2023-30,2023,3032,Sivaco Ontario,,manufacturing,-80.892,43.0293,Mixedwood Plain,St. Lawrence Drainage Area,7664-93-9,Sulphuric acid,tonnes,Transfers for Treatment / Transferts pour traitement,Chemical Treatment,701.993,https://www.canada.ca/en/environment-climate-change/services/national-pollutant-release-inventory/tools-resources-data/exploredata.html,POINT (-80.892 43.0293)
npri-21-2023-9,2023,21,Bolton Plant,,manufacturing,-79.73171,43.86669,Mixedwood Plain,St. Lawrence Drainage Area,7647-01-0,Hydrochloric acid,tonnes,Transfers for Treatment / Transferts pour traitement,Chemical Treatment,7.014,https://www.canada.ca/en/environment-climate-change/services/national-pollutant-release-inventory/tools-resources-data/exploredata.html,POINT (-79.73171 43.86669)
npri-1070-2023-260,2023,1070,Algoma Steel Inc,,manufacturing,-84.3697,46.5208,Boreal Shield,St. Lawrence Drainage Area,NA - 16,Ammonia (total),tonnes,Transfers for Treatment / Transferts pour traitement,Biological Treatment,4.282,https://www.canada.ca/en/environment-climate-change/services/national-pollutant-release-inventory/tools-resources-data/exploredata.html,POINT (-84.3697 46.5208)
npri-31260-2023-5,2023,31260,3M Chicoutimi,,manufacturing,-71.08879,48.37981,Boreal Shield,St. Lawrence Drainage Area,7429-90-5,Aluminum (fume or dust only),tonnes,Transfers for Treatment / Transferts pour traitement,Incineration,5.734,https://www.canada.ca/en/environment-climate-change/services/national-pollutant-release-inventory/tools-resources-data/exploredata.html,POINT (-71.08879 48.37981)
npri-1071-2023-131,2023,1071,Aluminerie de Bécancour inc.,,manufacturing,-72.3874,46.3829,Mixedwood Plain,St. Lawrence Drainage Area,7789-75-5,Calcium fluoride,tonnes,Transfers for Treatment / Transferts pour traitement,Incineration,171.1,https://www.canada.ca/en/environment-climate-change/services/national-pollutant-release-inventory/tools-resources-data/exploredata.html,POINT (-72.3874 46.3829)
npri-1541-2023-40,2023,1541,Lethbridge,,manufacturing,-112.7819,49.7201,Prairie,Nelson River Drainage Area,NA - 04,Chromium (and its compounds),tonnes,Transfers for Treatment / Transferts pour traitement,Incineration,0.169,https://www.canada.ca/en/environment-climate-change/services/national-pollutant-release-inventory/tools-resources-data/exploredata.html,POINT (-112.7819 49.7201)
npri-1541-2023-41,2023,1541,Lethbridge,,manufacturing,-112.7819,49.7201,Prairie,Nelson River Drainage Area,NA - 05,Cobalt (and its compounds),kg,Transfers for Treatment / Transferts pour traitement,Incineration,23.881,https://www.canada.ca/en/environment-climate-change/services/national-pollutant-release-inventory/tools-resources-data/exploredata.html,POINT (-112.7819 49.7201)
npri-1541-2023-42,2023,1541,Lethbridge,,manufacturing,-112.7819,49.7201,Prairie,Nelson River Drainage Area,NA - 06,Copper (and its compounds),tonnes,Transfers for Treatment / Transferts pour traitement,Incineration,0.094,https://www.canada.ca/en/environment-climate-change/services/national-pollutant-release-inventory/tools-resources-data/exploredata.html,POINT (-112.7819 49.7201)
npri-1541-2023-43,2023,1541,Lethbridge,,manufacturing,-112.7819,49.7201,Prairie,Nelson River Drainage Area,NA - 11,Nickel (and its compounds),tonnes,Transfers for Treatment / Transferts pour traitement,Incineration,0.005,https://www.canada.ca/en/environment-climate-change/services/national-pollutant-release-inventory/tools-resources-data/exploredata.html,POINT (-112.7819 49.7201)
npri-1541-2023-44,2023,1541,Lethbridge,,manufacturing,-112.7819,49.7201,Prairie,Nelson River Drainage Area,NA - 14,Zinc (and its compounds),tonnes,Transfers for Treatment / Transferts pour traitement,Incineration,0.004,https://www.canada.ca/en/environment-climate-change/services/national-pollutant-release-inventory/tools-resources-data/exploredata.html,POINT (-112.7819 49.7201)
npri-11603-2023-21,2023,11603,Umicore Precious Metals Canada Inc,,manufacturing,-79.346,43.823,Mixedwood Plain,St. Lawrence Drainage Area,NA - 06,Copper (and its compounds),tonnes,Transfers for Treatment / Transferts pour traitement,Incineration,0.02,https://www.canada.ca/en/environment-climate-change/services/national-pollutant-release-inventory/tools-resources-data/exploredata.html,POINT (-79.346 43.823)
npri-11603-2023-22,2023,11603,Umicore Precious Metals Canada Inc,,manufacturing,-79.346,43.823,Mixedwood Plain,St. Lawrence Drainage Area,NA - 08,Lead (and its compounds),kg,Transfers for Treatment / Transferts pour traitement,Incineration,3.37,https://www.canada.ca/en/environment-climate-change/services/national-pollutant-release-inventory/tools-resources-data/exploredata.html,POINT (-79.346 43.823)
npri-11603-2023-23,2023,11603,Umicore Precious Metals Canada Inc,,manufacturing,-79.346,43.823,Mixedwood Plain,St. Lawrence Drainage Area,NA - 13,Silver (and its compounds),tonnes,Transfers for Treatment / Transferts pour traitement,Incineration,0.0162,https://www.canada.ca/en/environment-climate-change/services/national-pollutant-release-inventory/tools-resources-data/exploredata.html,POINT (-79.346 43.823)
npri-3713-2023-524,2023,3713,ArcelorMittal Dofasco,,manufacturing,-79.8111,43.2597,Mixedwood Plain,St. Lawrence Drainage Area,208-96-8,Acenaphthylene,kg,Transfers for Treatment / Transferts pour traitement,Transfer to a Municipal Sewage Treatment Plant,0.364,https://www.canada.ca/en/environment-climate-change/services/national-pollutant-release-inventory/tools-resources-data/exploredata.html,POINT (-79.8111 43.2597)
npri-3713-2023-525,2023,3713,ArcelorMittal Dofasco,,manufacturing,-79.8111,43.2597,Mixedwood Plain,St. Lawrence Drainage Area,NA - 16,Ammonia (total),tonnes,Transfers for Treatment / Transferts pour traitement,Transfer to a Municipal Sewage Treatment Plant,39.966,https://www.canada.ca/en/environment-climate-change/services/national-pollutant-release-inventory/tools-resources-data/exploredata.html,POINT (-79.8111 43.2597)
npri-3713-2023-526,2023,3713,ArcelorMittal Dofasco,,manufacturing,-79.8111,43.2597,Mixedwood Plain,St. Lawrence Drainage Area,NA - 01,Antimony (and its compounds),tonnes,Transfers for Treatment / Transferts pour traitement,Transfer to a Municipal Sewage Treatment Plant,0.009007,https://www.canada.ca/en/environment-climate-change/services/national-pollutant-release-inventory/tools-resources-data/exploredata.html,POINT (-79.8111 43.2597)
npri-3713-2023-527,2023,3713,ArcelorMittal Dofasco,,manufacturing,-79.8111,43.2597,Mixedwood Plain,St. Lawrence Drainage Area,NA - 02,Arsenic (and its compounds),kg,Transfers for Treatment / Transferts pour traitement,Transfer to a Municipal Sewage Treatment Plant,3.821,https://www.canada.ca/en/environment-climate-change/services/national-pollutant-release-inventory/tools-resources-data/exploredata.html,POINT (-79.8111 43.2597)
npri-3713-2023-528,2023,3713,ArcelorMittal Dofasco,,manufacturing,-79.8111,43.2597,Mixedwood Plain,St. Lawrence Drainage Area,56-55-3,Benz[a]anthracene,kg,Transfers for Treatment / Transferts pour traitement,Transfer to a Municipal Sewage Treatment Plant,0.16,https://www.canada.ca/en/environment-climate-change/services/national-pollutant-release-inventory/tools-resources-data/exploredata.html,POINT (-79.8111 43.2597)
npri-3713-2023-529,2023,3713,ArcelorMittal Dofasco,,manufacturing,-79.8111,43.2597,Mixedwood Plain,St. Lawrence Drainage Area,71-43-2,Benzene,tonnes,Transfers for Treatment / Transferts pour traitement,Transfer to a Municipal Sewage Treatment Plant,5.1e-05,https://www.canada.ca/en/environment-climate-change/services/national-pollutant-release-inventory/tools-resources-data/exploredata.html,POINT (-79.8111 43.2597)
npri-3713-2023-530,2023,3713,ArcelorMittal Dofasco,,manufacturing,-79.8111,43.2597,Mixedwood Plain,St. Lawrence Drainage Area,50-32-8,Benzo[a]pyrene,kg,Transfers for Treatment / Transferts pour traitement,Transfer to a Municipal Sewage Treatment Plant,0.16,https://www.canada.ca/en/environment-climate-change/services/national-pollutant-release-inventory/tools-resources-data/exploredata.html,POINT (-79.8111 43.2597)
npri-3713-2023-531,2023,3713,ArcelorMittal Dofasco,,manufacturing,-79.8111,43.2597,Mixedwood Plain,St. Lawrence Drainage Area,NA - 04,Chromium (and its compounds),tonnes,Transfers for Treatment / Transferts pour traitement,Transfer to a Municipal Sewage Treatment Plant,0.34686,https://www.canada.ca/en/environment-climate-change/services/national-pollutant-release-inventory/tools-resources-data/exploredata.html,POINT (-79.8111 43.2597)
npri-3713-2023-532,2023,3713,ArcelorMittal Dofasco,,manufacturing,-79.8111,43.2597,Mixedwood Plain,St. Lawrence Drainage Area,218-01-9,Chrysene,kg,Transfers for Treatment / Transferts pour traitement,Transfer to a Municipal Sewage Treatment Plant,0.165,https://www.canada.ca/en/environment-climate-change/services/national-pollutant-release-inventory/tools-resources-data/exploredata.html,POINT (-79.8111 43.2597)
npri-3713-2023-533,2023,3713,ArcelorMittal Dofasco,,manufacturing,-79.8111,43.2597,Mixedwood Plain,St. Lawrence Drainage Area,206-44-0,Fluoranthene,kg,Transfers for Treatment / Transferts pour traitement,Transfer to a Municipal Sewage Treatment Plant,0.405,https://www.canada.ca/en/environment-climate-change/services/national-pollutant-release-inventory/tools-resources-data/exploredata.html,POINT (-79.8111 43.2597)
npri-3713-2023-534,2023,3713,ArcelorMittal Dofasco,,manufacturing,-79.8111,43.2597,Mixedwood Plain,St. Lawrence Drainage Area,NA - 19,Hexavalent chromium (and its compounds),kg,Transfers for Treatment / Transferts pour traitement,Transfer to a Municipal Sewage Treatment Plant,0.367,https://www.canada.ca/en/environment-climate-change/services/national-pollutant-release-inventory/tools-resources-data/exploredata.html,POINT (-79.8111 43.2597)
npri-3713-2023-535,2023,3713,ArcelorMittal Dofasco,,manufacturing,-79.8111,43.2597,Mixedwood Plain,St. Lawrence Drainage Area,NA - 08,Lead (and its compounds),kg,Transfers for Treatment / Transferts pour traitement,Transfer to a Municipal Sewage Treatment Plant,16.448,https://www.canada.ca/en/environment-climate-change/services/national-pollutant-release-inventory/tools-resources-data/exploredata.html,POINT (-79.8111 43.2597)
npri-3713-2023-536,2023,3713,ArcelorMittal Dofasco,,manufacturing,-79.8111,43.2597,Mixedwood Plain,St. Lawrence Drainage Area,NA - 11,Nickel (and its compounds),tonnes,Transfers for Treatment / Transferts pour traitement,Transfer to a Municipal Sewage Treatment Plant,0.017734,https://www.canada.ca/en/environment-climate-change/services/national-pollutant-release-inventory/tools-resources-data/exploredata.html,POINT (-79.8111 43.2597)
npri-3713-2023-537,2023,3713,ArcelorMittal Dofasco,,manufacturing,-79.8111,43.2597,Mixedwood Plain,St. Lawrence Drainage Area,108-95-2,Phenol (and its salts),tonnes,Transfers for Treatment / Transferts pour traitement,Transfer to a Municipal Sewage Treatment Plant,0.237611,https://www.canada.ca/en/environment-climate-change/services/national-pollutant-release-inventory/tools-resources-data/exploredata.html,POINT (-79.8111 43.2597)
npri-3713-2023-538,2023,3713,ArcelorMittal Dofasco,,manufacturing,-79.8111,43.2597,Mixedwood Plain,St. Lawrence Drainage Area,NA - 22,Phosphorus (total),tonnes,Transfers for Treatment / Transferts pour traitement,Transfer to a Municipal Sewage Treatment Plant,1.210002,https://www.canada.ca/en/environment-climate-change/services/national-pollutant-release-inventory/tools-resources-data/exploredata.html,POINT (-79.8111 43.2597)
npri-3713-2023-539,2023,3713,ArcelorMittal Dofasco,,manufacturing,-79.8111,43.2597,Mixedwood Plain,St. Lawrence Drainage Area,NA - 40,Vanadium (and its compounds),tonnes,Transfers for Treatment / Transferts pour traitement,Transfer to a Municipal Sewage Treatment Plant,0.001023,https://www.canada.ca/en/environment-climate-change/services/national-pollutant-release-inventory/tools-resources-data/exploredata.html,POINT (-79.8111 43.2597)
npri-3713-2023-540,2023,3713,ArcelorMittal Dofasco,,manufacturing,-79.8111,43.2597,Mixedwood Plain,St. Lawrence Drainage Area,NA - 14,Zinc (and its compounds),tonnes,Transfers for Treatment / Transferts pour traitement,Transfer to a Municipal Sewage Treatment Plant,0.067641,https://www.canada.ca/en/environment-climate-change/services/national-pollutant-release-inventory/tools-resources-data/exploredata.html,POINT (-79.8111 43.2597)
npri-4045-2023-33,2023,4045,ArcelorMittal long Products Canada - Hamilton East,,manufacturing,-79.7857,43.2625,Mixedwood Plain,St. Lawrence Drainage Area,NA - 08,Lead (and its compounds),kg,Transfers for Treatment / Transferts pour traitement,Transfer to a Municipal Sewage Treatment Plant,4.577,https://www.canada.ca/en/environment-climate-change/services/national-pollutant-release-inventory/tools-resources-data/exploredata.html,POINT (-79.7857 43.2625)
npri-4045-2023-34,2023,4045,ArcelorMittal long Products Canada - Hamilton East,,manufacturing,-79.7857,43.2625,Mixedwood Plain,St. Lawrence Drainage Area,NA - 09,Manganese (and its compounds),tonnes,Transfers for Treatment / Transferts pour traitement,Transfer to a Municipal Sewage Treatment Plant,0.04641,https://www.canada.ca/en/environment-climate-change/services/national-pollutant-release-inventory/tools-resources-data/exploredata.html,POINT (-79.7857 43.2625)
npri-3653-2023-10,2023,3653,ArcelorMittal Saint-Patrick,,manufacturing,-73.605684,45.459107,Mixedwood Plain,St. Lawrence Drainage Area,NA - 08,Lead (and its compounds),kg,Transfers for Treatment / Transferts pour traitement,Transfer to a Municipal Sewage Treatment Plant,27.138,https://www.canada.ca/en/environment-climate-change/services/national-pollutant-release-inventory/tools-resources-data/exploredata.html,POINT (-73.605684 45.459107)
npri-3991-2023-35,2023,3991,Precious Metals Division,,manufacturing,-79.7219,43.6912,Mixedwood Plain,St. Lawrence Drainage Area,NA - 02,Arsenic (and its compounds),kg,Transfers for Treatment / Transferts pour traitement,Transfer to a Municipal Sewage Treatment Plant,0.656,https://www.canada.ca/en/environment-climate-change/services/national-pollutant-release-inventory/tools-resources-data/exploredata.html,POINT (-79.7219 43.6912)
npri-3991-2023-36,2023,3991,Precious Metals Division,,manufacturing,-79.7219,43.6912,Mixedwood Plain,St. Lawrence Drainage Area,NA - 03,Cadmium (and its compounds),kg,Transfers for Treatment / Transferts pour traitement,Transfer to a Municipal Sewage Treatment Plant,1.039,https://www.canada.ca/en/environment-climate-change/services/national-pollutant-release-inventory/tools-resources-data/exploredata.html,POINT (-79.7219 43.6912)
npri-3991-2023-37,2023,3991,Precious Metals Division,,manufacturing,-79.7219,43.6912,Mixedwood Plain,St. Lawrence Drainage Area,NA - 06,Copper (and its compounds),tonnes,Transfers for Treatment / Transferts pour traitement,Transfer to a Municipal Sewage Treatment Plant,0.009,https://www.canada.ca/en/environment-climate-change/services/national-pollutant-release-inventory/tools-resources-data/exploredata.html,POINT (-79.7219 43.6912)
npri-3991-2023-38,2023,3991,Precious Metals Division,,manufacturing,-79.7219,43.6912,Mixedwood Plain,St. Lawrence Drainage Area,NA - 08,Lead (and its compounds),kg,Transfers for Treatment / Transferts pour traitement,Transfer to a Municipal Sewage Treatment Plant,0.564,https://www.canada.ca/en/environment-climate-change/services/national-pollutant-release-inventory/tools-resources-data/exploredata.html,POINT (-79.7219 43.6912)
npri-3991-2023-39,2023,3991,Precious Metals Division,,manufacturing,-79.7219,43.6912,Mixedwood Plain,St. Lawrence Drainage Area,NA - 12,Selenium (and its compounds),kg,Transfers for Treatment / Transferts pour traitement,Transfer to a Municipal Sewage Treatment Plant,11.841,https://www.canada.ca/en/environment-climate-change/services/national-pollutant-release-inventory/tools-resources-data/exploredata.html,POINT (-79.7219 43.6912)
npri-3991-2023-40,2023,3991,Precious Metals Division,,manufacturing,-79.7219,43.6912,Mixedwood Plain,St. Lawrence Drainage Area,NA - 13,Silver (and its compounds),tonnes,Transfers for Treatment / Transferts pour traitement,Transfer to a Municipal Sewage Treatment Plant,0.0018,https://www.canada.ca/en/environment-climate-change/services/national-pollutant-release-inventory/tools-resources-data/exploredata.html,POINT (-79.7219 43.6912)
npri-3991-2023-41,2023,3991,Precious Metals Division,,manufacturing,-79.7219,43.6912,Mixedwood Plain,St. Lawrence Drainage Area,NA - 14,Zinc (and its compounds),tonnes,Transfers for Treatment / Transferts pour traitement,Transfer to a Municipal Sewage Treatment Plant,0.008,https://www.canada.ca/en/environment-climate-change/services/national-pollutant-release-inventory/tools-resources-data/exploredata.html,POINT (-79.7219 43.6912)
npri-3824-2023-157,2023,3824,"Gerdau Ameristeel Corporation, Whitby Mill",,manufacturing,-78.9097,43.8578,Mixedwood Plain,St. Lawrence Drainage Area,NA - 02,Arsenic (and its compounds),kg,Transfers for Treatment / Transferts pour traitement,Transfer to a Municipal Sewage Treatment Plant,3.875,https://www.canada.ca/en/environment-climate-change/services/national-pollutant-release-inventory/tools-resources-data/exploredata.html,POINT (-78.9097 43.8578)
npri-3824-2023-158,2023,3824,"Gerdau Ameristeel Corporation, Whitby Mill",,manufacturing,-78.9097,43.8578,Mixedwood Plain,St. Lawrence Drainage Area,NA - 03,Cadmium (and its compounds),kg,Transfers for Treatment / Transferts pour traitement,Transfer to a Municipal Sewage Treatment Plant,1.0956,https://www.canada.ca/en/environment-climate-change/services/national-pollutant-release-inventory/tools-resources-data/exploredata.html,POINT (-78.9097 43.8578)
npri-3824-2023-159,2023,3824,"Gerdau Ameristeel Corporation, Whitby Mill",,manufacturing,-78.9097,43.8578,Mixedwood Plain,St. Lawrence Drainage Area,NA - 04,Chromium (and its compounds),tonnes,Transfers for Treatment / Transferts pour traitement,Transfer to a Municipal Sewage Treatment Plant,0.0095,https://www.canada.ca/en/environment-climate-change/services/national-pollutant-release-inventory/tools-resources-data/exploredata.html,POINT (-78.9097 43.8578)
npri-3824-2023-160,2023,3824,"Gerdau Ameristeel Corporation, Whitby Mill",,manufacturing,-78.9097,43.8578,Mixedwood Plain,St. Lawrence Drainage Area,NA - 06,Copper (and its compounds),tonnes,Transfers for Treatment / Transferts pour traitement,Transfer to a Municipal Sewage Treatment Plant,0.0138,https://www.canada.ca/en/environment-climate-change/services/national-pollutant-release-inventory/tools-resources-data/exploredata.html,POINT (-78.9097 43.8578)
npri-3824-2023-161,2023,3824,"Gerdau Ameristeel Corporation, Whitby Mill",,manufacturing,-78.9097,43.8578,Mixedwood Plain,St. Lawrence Drainage Area,NA - 08,Lead (and its compounds),kg,Transfers for Treatment / Transferts pour traitement,Transfer to a Municipal Sewage Treatment Plant,3.6278,https://www.canada.ca/en/environment-climate-change/services/national-pollutant-release-inventory/tools-resources-data/exploredata.html,POINT (-78.9097 43.8578)
npri-3824-2023-162,2023,3824,"Gerdau Ameristeel Corporation, Whitby Mill",,manufacturing,-78.9097,43.8578,Mixedwood Plain,St. Lawrence Drainage Area,NA - 09,Manganese (and its compounds),tonnes,Transfers for Treatment / Transferts pour traitement,Transfer to a Municipal Sewage Treatment Plant,0.0092,https://www.canada.ca/en/environment-climate-change/services/national-pollutant-release-inventory/tools-resources-data/exploredata.html,POINT (-78.9097 43.8578)
npri-3824-2023-163,2023,3824,"Gerdau Ameristeel Corporation, Whitby Mill",,manufacturing,-78.9097,43.8578,Mixedwood Plain,St. Lawrence Drainage Area,NA - 10,Mercury (and its compounds),kg,Transfers for Treatment / Transferts pour traitement,Transfer to a Municipal Sewage Treatment Plant,0.0714,https://www.canada.ca/en/environment-climate-change/services/national-pollutant-release-inventory/tools-resources-data/exploredata.html,POINT (-78.9097 43.8578)
npri-3824-2023-164,2023,3824,"Gerdau Ameristeel Corporation, Whitby Mill",,manufacturing,-78.9097,43.8578,Mixedwood Plain,St. Lawrence Drainage Area,NA - 11,Nickel (and its compounds),tonnes,Transfers for Treatment / Transferts pour traitement,Transfer to a Municipal Sewage Treatment Plant,0.0196,https://www.canada.ca/en/environment-climate-change/services/national-pollutant-release-inventory/tools-resources-data/exploredata.html,POINT (-78.9097 43.8578)
npri-3824-2023-165,2023,3824,"Gerdau Ameristeel Corporation, Whitby Mill",,manufacturing,-78.9097,43.8578,Mixedwood Plain,St. Lawrence Drainage Area,NA - 22,Phosphorus (total),tonnes,Transfers for Treatment / Transferts pour traitement,Transfer to a Municipal Sewage Treatment Plant,0.3361,https://www.canada.ca/en/environment-climate-change/services/national-pollutant-release-inventory/tools-resources-data/exploredata.html,POINT (-78.9097 43.8578)
npri-3824-2023-166,2023,3824,"Gerdau Ameristeel Corporation, Whitby Mill",,manufacturing,-78.9097,43.8578,Mixedwood Plain,St. Lawrence Drainage Area,NA - 14,Zinc (and its compounds),tonnes,Transfers for Treatment / Transferts pour traitement,Transfer to a Municipal Sewage Treatment Plant,0.0204,https://www.canada.ca/en/environment-climate-change/services/national-pollutant-release-inventory/tools-resources-data/exploredata.html,POINT (-78.9097 43.8578)
npri-3916-2023-129,2023,3916,"Glencore Canada Corporation, CCR refinery",,manufacturing,-73.50475,45.62731,Mixedwood Plain,St. Lawrence Drainage Area,NA - 01,Antimony (and its compounds),tonnes,Transfers for Treatment / Transferts pour traitement,Transfer to a Municipal Sewage Treatment Plant,0.25264,https://www.canada.ca/en/environment-climate-change/services/national-pollutant-release-inventory/tools-resources-data/exploredata.html,POINT (-73.50475 45.62731)
npri-3916-2023-130,2023,3916,"Glencore Canada Corporation, CCR refinery",,manufacturing,-73.50475,45.62731,Mixedwood Plain,St. Lawrence Drainage Area,NA - 02,Arsenic (and its compounds),kg,Transfers for Treatment / Transferts pour traitement,Transfer to a Municipal Sewage Treatment Plant,169.8247,https://www.canada.ca/en/environment-climate-change/services/national-pollutant-release-inventory/tools-resources-data/exploredata.html,POINT (-73.50475 45.62731)
npri-3916-2023-131,2023,3916,"Glencore Canada Corporation, CCR refinery",,manufacturing,-73.50475,45.62731,Mixedwood Plain,St. Lawrence Drainage Area,NA - 03,Cadmium (and its compounds),kg,Transfers for Treatment / Transferts pour traitement,Transfer to a Municipal Sewage Treatment Plant,0.3415,https://www.canada.ca/en/environment-climate-change/services/national-pollutant-release-inventory/tools-resources-data/exploredata.html,POINT (-73.50475 45.62731)
npri-3916-2023-132,2023,3916,"Glencore Canada Corporation, CCR refinery",,manufacturing,-73.50475,45.62731,Mixedwood Plain,St. Lawrence Drainage Area,NA - 04,Chromium (and its compounds),tonnes,Transfers for Treatment / Transferts pour traitement,Transfer to a Municipal Sewage Treatment Plant,0.09426,https://www.canada.ca/en/environment-climate-change/services/national-pollutant-release-inventory/tools-resources-data/exploredata.html,POINT (-73.50475 45.62731)
npri-3916-2023-133,2023,3916,"Glencore Canada Corporation, CCR refinery",,manufacturing,-73.50475,45.62731,Mixedwood Plain,St. Lawrence Drainage Area,NA - 05,Cobalt (and its compounds),kg,Transfers for Treatment / Transferts pour traitement,Transfer to a Municipal Sewage Treatment Plant,9.78988,https://www.canada.ca/en/environment-climate-change/services/national-pollutant-release-inventory/tools-resources-data/exploredata.html,POINT (-73.50475 45.62731)
npri-3916-2023-134,2023,3916,"Glencore Canada Corporation, CCR refinery",,manufacturing,-73.50475,45.62731,Mixedwood Plain,St. Lawrence Drainage Area,NA - 06,Copper (and its compounds),tonnes,Transfers for Treatment / Transferts pour traitement,Transfer to a Municipal Sewage Treatment Plant,0.54427,https://www.canada.ca/en/environment-climate-change/services/national-pollutant-release-inventory/tools-resources-data/exploredata.html,POINT (-73.50475 45.62731)
npri-3916-2023-135,2023,3916,"Glencore Canada Corporation, CCR refinery",,manufacturing,-73.50475,45.62731,Mixedwood Plain,St. Lawrence Drainage Area,NA - 08,Lead (and its compounds),kg,Transfers for Treatment / Transferts pour traitement,Transfer to a Municipal Sewage Treatment Plant,37.9344,https://www.canada.ca/en/environment-climate-change/services/national-pollutant-release-inventory/tools-resources-data/exploredata.html,POINT (-73.50475 45.62731)
npri-3916-2023-136,2023,3916,"Glencore Canada Corporation, CCR refinery",,manufacturing,-73.50475,45.62731,Mixedwood Plain,St. Lawrence Drainage Area,NA - 10,Mercury (and its compounds),kg,Transfers for Treatment / Transferts pour traitement,Transfer to a Municipal Sewage Treatment Plant,0.02961,https://www.canada.ca/en/environment-climate-change/services/national-pollutant-release-inventory/tools-resources-data/exploredata.html,POINT (-73.50475 45.62731)
npri-3916-2023-137,2023,3916,"Glencore Canada Corporation, CCR refinery",,manufacturing,-73.50475,45.62731,Mixedwood Plain,St. Lawrence Drainage Area,NA - 11,Nickel (and its compounds),tonnes,Transfers for Treatment / Transferts pour traitement,Transfer to a Municipal Sewage Treatment Plant,1.28102,https://www.canada.ca/en/environment-climate-change/services/national-pollutant-release-inventory/tools-resources-data/exploredata.html,POINT (-73.50475 45.62731)
npri-3916-2023-138,2023,3916,"Glencore Canada Corporation, CCR refinery",,manufacturing,-73.50475,45.62731,Mixedwood Plain,St. Lawrence Drainage Area,NA - 12,Selenium (and its compounds),kg,Transfers for Treatment / Transferts pour traitement,Transfer to a Municipal Sewage Treatment Plant,512.4534,https://www.canada.ca/en/environment-climate-change/services/national-pollutant-release-inventory/tools-resources-data/exploredata.html,POINT (-73.50475 45.62731)
npri-3916-2023-139,2023,3916,"Glencore Canada Corporation, CCR refinery",,manufacturing,-73.50475,45.62731,Mixedwood Plain,St. Lawrence Drainage Area,NA - 13,Silver (and its compounds),tonnes,Transfers for Treatment / Transferts pour traitement,Transfer to a Municipal Sewage Treatment Plant,0.03936,https://www.canada.ca/en/environment-climate-change/services/national-pollutant-release-inventory/tools-resources-data/exploredata.html,POINT (-73.50475 45.62731)
npri-3916-2023-140,2023,3916,"Glencore Canada Corporation, CCR refinery",,manufacturing,-73.50475,45.62731,Mixedwood Plain,St. Lawrence Drainage Area,NA - 14,Zinc (and its compounds),tonnes,Transfers for Treatment / Transferts pour traitement,Transfer to a Municipal Sewage Treatment Plant,0.11938,https://www.canada.ca/en/environment-climate-change/services/national-pollutant-release-inventory/tools-resources-data/exploredata.html,POINT (-73.50475 45.62731)
npri-1541-2023-45,2023,1541,Lethbridge,,manufacturing,-112.7819,49.7201,Prairie,Nelson River Drainage Area,NA - 05,Cobalt (and its compounds),kg,Transfers for Treatment / Transferts pour traitement,Transfer to a Municipal Sewage Treatment Plant,0.012,https://www.canada.ca/en/environment-climate-change/services/national-pollutant-release-inventory/tools-resources-data/exploredata.html,POINT (-112.7819 49.7201)
npri-1541-2023-46,2023,1541,Lethbridge,,manufacturing,-112.7819,49.7201,Prairie,Nelson River Drainage Area,NA - 08,Lead (and its compounds),kg,Transfers for Treatment / Transferts pour traitement,Transfer to a Municipal Sewage Treatment Plant,0.012,https://www.canada.ca/en/environment-climate-change/services/national-pollutant-release-inventory/tools-resources-data/exploredata.html,POINT (-112.7819 49.7201)
npri-1541-2023-47,2023,1541,Lethbridge,,manufacturing,-112.7819,49.7201,Prairie,Nelson River Drainage Area,NA - 09,Manganese (and its compounds),tonnes,Transfers for Treatment / Transferts pour traitement,Transfer to a Municipal Sewage Treatment Plant,0.004,https://www.canada.ca/en/environment-climate-change/services/national-pollutant-release-inventory/tools-resources-data/exploredata.html,POINT (-112.7819 49.7201)
npri-1541-2023-48,2023,1541,Lethbridge,,manufacturing,-112.7819,49.7201,Prairie,Nelson River Drainage Area,NA - 11,Nickel (and its compounds),tonnes,Transfers for Treatment / Transferts pour traitement,Transfer to a Municipal Sewage Treatment Plant,0.001,https://www.canada.ca/en/environment-climate-change/services/national-pollutant-release-inventory/tools-resources-data/exploredata.html,POINT (-112.7819 49.7201)
npri-701-2023-36,2023,701,Kubota Materials Canada Corporation,,manufacturing,-79.43316,44.62859,Mixedwood Plain,St. Lawrence Drainage Area,NA - 46,Azo disperse dyes,kg,Transfers for Treatment / Transferts pour traitement,Transfer to a Municipal Sewage Treatment Plant,69.7795,https://www.canada.ca/en/environment-climate-change/services/national-pollutant-release-inventory/tools-resources-data/exploredata.html,POINT (-79.43316 44.62859)
npri-701-2023-37,2023,701,Kubota Materials Canada Corporation,,manufacturing,-79.43316,44.62859,Mixedwood Plain,St. Lawrence Drainage Area,7647-01-0,Hydrochloric acid,tonnes,Transfers for Treatment / Transferts pour traitement,Transfer to a Municipal Sewage Treatment Plant,22.7036,https://www.canada.ca/en/environment-climate-change/services/national-pollutant-release-inventory/tools-resources-data/exploredata.html,POINT (-79.43316 44.62859)
npri-701-2023-38,2023,701,Kubota Materials Canada Corporation,,manufacturing,-79.43316,44.62859,Mixedwood Plain,St. Lawrence Drainage Area,7664-93-9,Sulphuric acid,tonnes,Transfers for Treatment / Transferts pour traitement,Transfer to a Municipal Sewage Treatment Plant,81.0,https://www.canada.ca/en/environment-climate-change/services/national-pollutant-release-inventory/tools-resources-data/exploredata.html,POINT (-79.43316 44.62859)
npri-959-2023-24,2023,959,Usine de coulée continue de Montréal-Est,,manufacturing,-73.5132,45.6291,Mixedwood Plain,St. Lawrence Drainage Area,NA - 06,Copper (and its compounds),tonnes,Transfers for Treatment / Transferts pour traitement,Transfer to a Municipal Sewage Treatment Plant,0.023,https://www.canada.ca/en/environment-climate-change/services/national-pollutant-release-inventory/tools-resources-data/exploredata.html,POINT (-73.5132 45.6291)
npri-2132-2023-44,2023,2132,Fort Saskatchewan,,manufacturing,-113.19026,53.71967,Prairie,Nelson River Drainage Area,NA - 16,Ammonia (total),tonnes,Transfers for Treatment / Transferts pour traitement,Transfer to a Municipal Sewage Treatment Plant,17.944,https://www.canada.ca/en/environment-climate-change/services/national-pollutant-release-inventory/tools-resources-data/exploredata.html,POINT (-113.19026 53.71967)
npri-2132-2023-45,2023,2132,Fort Saskatchewan,,manufacturing,-113.19026,53.71967,Prairie,Nelson River Drainage Area,NA - 05,Cobalt (and its compounds),kg,Transfers for Treatment / Transferts pour traitement,Transfer to a Municipal Sewage Treatment Plant,9.104,https://www.canada.ca/en/environment-climate-change/services/national-pollutant-release-inventory/tools-resources-data/exploredata.html,POINT (-113.19026 53.71967)
npri-2132-2023-46,2023,2132,Fort Saskatchewan,,manufacturing,-113.19026,53.71967,Prairie,Nelson River Drainage Area,NA - 06,Copper (and its compounds),tonnes,Transfers for Treatment / Transferts pour traitement,Transfer to a Municipal Sewage Treatment Plant,0.001,https://www.canada.ca/en/environment-climate-change/services/national-pollutant-release-inventory/tools-resources-data/exploredata.html,POINT (-113.19026 53.71967)
npri-2132-2023-47,2023,2132,Fort Saskatchewan,,manufacturing,-113.19026,53.71967,Prairie,Nelson River Drainage Area,NA - 17,Nitrate ion in solution at pH >= 6.0,tonnes,Transfers for Treatment / Transferts pour traitement,Transfer to a Municipal Sewage Treatment Plant,8.149,https://www.canada.ca/en/environment-climate-change/services/national-pollutant-release-inventory/tools-resources-data/exploredata.html,POINT (-113.19026 53.71967)
npri-3282-2023-17,2023,3282,Pickering,,manufacturing,-79.0586,43.82688,Mixedwood Plain,St. Lawrence Drainage Area,NA - 06,Copper (and its compounds),tonnes,Transfers for Treatment / Transferts pour traitement,Transfer to a Municipal Sewage Treatment Plant,0.0043,https://www.canada.ca/en/environment-climate-change/services/national-pollutant-release-inventory/tools-resources-data/exploredata.html,POINT (-79.0586 43.82688)
npri-3282-2023-18,2023,3282,Pickering,,manufacturing,-79.0586,43.82688,Mixedwood Plain,St. Lawrence Drainage Area,NA - 09,Manganese (and its compounds),tonnes,Transfers for Treatment / Transferts pour traitement,Transfer to a Municipal Sewage Treatment Plant,0.00767,https://www.canada.ca/en/environment-climate-change/services/national-pollutant-release-inventory/tools-resources-data/exploredata.html,POINT (-79.0586 43.82688)
npri-3282-2023-19,2023,3282,Pickering,,manufacturing,-79.0586,43.82688,Mixedwood Plain,St. Lawrence Drainage Area,NA - 14,Zinc (and its compounds),tonnes,Transfers for Treatment / Transferts pour traitement,Transfer to a Municipal Sewage Treatment Plant,0.00677,https://www.canada.ca/en/environment-climate-change/services/national-pollutant-release-inventory/tools-resources-data/exploredata.html,POINT (-79.0586 43.82688)
npri-3032-2023-31,2023,3032,Sivaco Ontario,,manufacturing,-80.892,43.0293,Mixedwood Plain,St. Lawrence Drainage Area,NA - 22,Phosphorus (total),tonnes,Transfers for Treatment / Transferts pour traitement,Transfer to a Municipal Sewage Treatment Plant,3.1e-05,https://www.canada.ca/en/environment-climate-change/services/national-pollutant-release-inventory/tools-resources-data/exploredata.html,POINT (-80.892 43.0293)
npri-3032-2023-32,2023,3032,Sivaco Ontario,,manufacturing,-80.892,43.0293,Mixedwood Plain,St. Lawrence Drainage Area,NA - 14,Zinc (and its compounds),tonnes,Transfers for Treatment / Transferts pour traitement,Transfer to a Municipal Sewage Treatment Plant,1.1e-05,https://www.canada.ca/en/environment-climate-change/services/national-pollutant-release-inventory/tools-resources-data/exploredata.html,POINT (-80.892 43.0293)
npri-2984-2023-296,2023,2984,Hamilton,,manufacturing,-79.8246,43.26926,Mixedwood Plain,St. Lawrence Drainage Area,50-32-8,Benzo[a]pyrene,kg,Transfers for Treatment / Transferts pour traitement,Transfer to a Municipal Sewage Treatment Plant,2.912,https://www.canada.ca/en/environment-climate-change/services/national-pollutant-release-inventory/tools-resources-data/exploredata.html,POINT (-79.8246 43.26926)
npri-2984-2023-297,2023,2984,Hamilton,,manufacturing,-79.8246,43.26926,Mixedwood Plain,St. Lawrence Drainage Area,NA - 22,Phosphorus (total),tonnes,Transfers for Treatment / Transferts pour traitement,Transfer to a Municipal Sewage Treatment Plant,0.3057,https://www.canada.ca/en/environment-climate-change/services/national-pollutant-release-inventory/tools-resources-data/exploredata.html,POINT (-79.8246 43.26926)
npri-4868-2023-62,2023,4868,Fort Saskatchewan,,manufacturing,-113.1927,53.7218,Prairie,Nelson River Drainage Area,NA - 16,Ammonia (total),tonnes,Transfers for Treatment / Transferts pour traitement,Transfer to a Municipal Sewage Treatment Plant,15.83,https://www.canada.ca/en/environment-climate-change/services/national-pollutant-release-inventory/tools-resources-data/exploredata.html,POINT (-113.1927 53.7218)
npri-4868-2023-63,2023,4868,Fort Saskatchewan,,manufacturing,-113.1927,53.7218,Prairie,Nelson River Drainage Area,NA - 05,Cobalt (and its compounds),kg,Transfers for Treatment / Transferts pour traitement,Transfer to a Municipal Sewage Treatment Plant,115.55,https://www.canada.ca/en/environment-climate-change/services/national-pollutant-release-inventory/tools-resources-data/exploredata.html,POINT (-113.1927 53.7218)
npri-4868-2023-64,2023,4868,Fort Saskatchewan,,manufacturing,-113.1927,53.7218,Prairie,Nelson River Drainage Area,NA - 06,Copper (and its compounds),tonnes,Transfers for Treatment / Transferts pour traitement,Transfer to a Municipal Sewage Treatment Plant,0.008,https://www.canada.ca/en/environment-climate-change/services/national-pollutant-release-inventory/tools-resources-data/exploredata.html,POINT (-113.1927 53.7218)
npri-4868-2023-65,2023,4868,Fort Saskatchewan,,manufacturing,-113.1927,53.7218,Prairie,Nelson River Drainage Area,NA - 10,Mercury (and its compounds),kg,Transfers for Treatment / Transferts pour traitement,Transfer to a Municipal Sewage Treatment Plant,0.019,https://www.canada.ca/en/environment-climate-change/services/national-pollutant-release-inventory/tools-resources-data/exploredata.html,POINT (-113.1927 53.7218)
npri-4868-2023-66,2023,4868,Fort Saskatchewan,,manufacturing,-113.1927,53.7218,Prairie,Nelson River Drainage Area,NA - 11,Nickel (and its compounds),tonnes,Transfers for Treatment / Transferts pour traitement,Transfer to a Municipal Sewage Treatment Plant,0.406,https://www.canada.ca/en/environment-climate-change/services/national-pollutant-release-inventory/tools-resources-data/exploredata.html,POINT (-113.1927 53.7218)
npri-4868-2023-67,2023,4868,Fort Saskatchewan,,manufacturing,-113.1927,53.7218,Prairie,Nelson River Drainage Area,NA - 12,Selenium (and its compounds),kg,Transfers for Treatment / Transferts pour traitement,Transfer to a Municipal Sewage Treatment Plant,0.35,https://www.canada.ca/en/environment-climate-change/services/national-pollutant-release-inventory/tools-resources-data/exploredata.html,POINT (-113.1927 53.7218)
npri-4868-2023-68,2023,4868,Fort Saskatchewan,,manufacturing,-113.1927,53.7218,Prairie,Nelson River Drainage Area,NA - 14,Zinc (and its compounds),tonnes,Transfers for Treatment / Transferts pour traitement,Transfer to a Municipal Sewage Treatment Plant,0.116,https://www.canada.ca/en/environment-climate-change/services/national-pollutant-release-inventory/tools-resources-data/exploredata.html,POINT (-113.1927 53.7218)
npri-11603-2023-24,2023,11603,Umicore Precious Metals Canada Inc,,manufacturing,-79.346,43.823,Mixedwood Plain,St. Lawrence Drainage Area,NA - 06,Copper (and its compounds),tonnes,Transfers for Treatment / Transferts pour traitement,Transfer to a Municipal Sewage Treatment Plant,3e-06,https://www.canada.ca/en/environment-climate-change/services/national-pollutant-release-inventory/tools-resources-data/exploredata.html,POINT (-79.346 43.823)
npri-11603-2023-25,2023,11603,Umicore Precious Metals Canada Inc,,manufacturing,-79.346,43.823,Mixedwood Plain,St. Lawrence Drainage Area,NA - 08,Lead (and its compounds),kg,Transfers for Treatment / Transferts pour traitement,Transfer to a Municipal Sewage Treatment Plant,0.04,https://www.canada.ca/en/environment-climate-change/services/national-pollutant-release-inventory/tools-resources-data/exploredata.html,POINT (-79.346 43.823)
npri-11603-2023-26,2023,11603,Umicore Precious Metals Canada Inc,,manufacturing,-79.346,43.823,Mixedwood Plain,St. Lawrence Drainage Area,NA - 13,Silver (and its compounds),tonnes,Transfers for Treatment / Transferts pour traitement,Transfer to a Municipal Sewage Treatment Plant,4e-06,https://www.canada.ca/en/environment-climate-change/services/national-pollutant-release-inventory/tools-resources-data/exploredata.html,POINT (-79.346 43.823)
npri-1071-2023-134,2023,1071,Aluminerie de Bécancour inc.,,manufacturing,-72.3874,46.3829,Mixedwood Plain,St. Lawrence Drainage Area,7789-75-5,Calcium fluoride,tonnes,Transfers for Recycling / Transferts pour recyclage,Energy Recovery,21.6,https://www.canada.ca/en/environment-climate-change/services/national-pollutant-release-inventory/tools-resources-data/exploredata.html,POINT (-72.3874 46.3829)
npri-2984-2023-327,2023,2984,Hamilton,,manufacturing,-79.8246,43.26926,Mixedwood Plain,St. Lawrence Drainage Area,71-43-2,Benzene,tonnes,Transfers for Recycling / Transferts pour recyclage,Energy Recovery,0.000253,https://www.canada.ca/en/environment-climate-change/services/national-pollutant-release-inventory/tools-resources-data/exploredata.html,POINT (-79.8246 43.26926)
npri-2984-2023-328,2023,2984,Hamilton,,manufacturing,-79.8246,43.26926,Mixedwood Plain,St. Lawrence Drainage Area,NA - 04,Chromium (and its compounds),tonnes,Transfers for Recycling / Transferts pour recyclage,Energy Recovery,0.0703,https://www.canada.ca/en/environment-climate-change/services/national-pollutant-release-inventory/tools-resources-data/exploredata.html,POINT (-79.8246 43.26926)
npri-2984-2023-329,2023,2984,Hamilton,,manufacturing,-79.8246,43.26926,Mixedwood Plain,St. Lawrence Drainage Area,NA - 08,Lead (and its compounds),kg,Transfers for Recycling / Transferts pour recyclage,Energy Recovery,14.3631,https://www.canada.ca/en/environment-climate-change/services/national-pollutant-release-inventory/tools-resources-data/exploredata.html,POINT (-79.8246 43.26926)
npri-2984-2023-330,2023,2984,Hamilton,,manufacturing,-79.8246,43.26926,Mixedwood Plain,St. Lawrence Drainage Area,NA - 09,Manganese (and its compounds),tonnes,Transfers for Recycling / Transferts pour recyclage,Energy Recovery,0.69548,https://www.canada.ca/en/environment-climate-change/services/national-pollutant-release-inventory/tools-resources-data/exploredata.html,POINT (-79.8246 43.26926)
npri-2984-2023-331,2023,2984,Hamilton,,manufacturing,-79.8246,43.26926,Mixedwood Plain,St. Lawrence Drainage Area,NA - 10,Mercury (and its compounds),kg,Transfers for Recycling / Transferts pour recyclage,Energy Recovery,0.2268,https://www.canada.ca/en/environment-climate-change/services/national-pollutant-release-inventory/tools-resources-data/exploredata.html,POINT (-79.8246 43.26926)
npri-2984-2023-332,2023,2984,Hamilton,,manufacturing,-79.8246,43.26926,Mixedwood Plain,St. Lawrence Drainage Area,91-20-3,Naphthalene,tonnes,Transfers for Recycling / Transferts pour recyclage,Energy Recovery,0.0017,https://www.canada.ca/en/environment-climate-change/services/national-pollutant-release-inventory/tools-resources-data/exploredata.html,POINT (-79.8246 43.26926)
npri-2984-2023-333,2023,2984,Hamilton,,manufacturing,-79.8246,43.26926,Mixedwood Plain,St. Lawrence Drainage Area,110-54-3,n-Hexane,tonnes,Transfers for Recycling / Transferts pour recyclage,Energy Recovery,0.00052,https://www.canada.ca/en/environment-climate-change/services/national-pollutant-release-inventory/tools-resources-data/exploredata.html,POINT (-79.8246 43.26926)
npri-2984-2023-334,2023,2984,Hamilton,,manufacturing,-79.8246,43.26926,Mixedwood Plain,St. Lawrence Drainage Area,NA - 12,Selenium (and its compounds),kg,Transfers for Recycling / Transferts pour recyclage,Energy Recovery,15.1191,https://www.canada.ca/en/environment-climate-change/services/national-pollutant-release-inventory/tools-resources-data/exploredata.html,POINT (-79.8246 43.26926)
npri-2984-2023-335,2023,2984,Hamilton,,manufacturing,-79.8246,43.26926,Mixedwood Plain,St. Lawrence Drainage Area,108-88-3,Toluene,tonnes,Transfers for Recycling / Transferts pour recyclage,Energy Recovery,0.01058,https://www.canada.ca/en/environment-climate-change/services/national-pollutant-release-inventory/tools-resources-data/exploredata.html,POINT (-79.8246 43.26926)
npri-2984-2023-336,2023,2984,Hamilton,,manufacturing,-79.8246,43.26926,Mixedwood Plain,St. Lawrence Drainage Area,NA - 14,Zinc (and its compounds),tonnes,Transfers for Recycling / Transferts pour recyclage,Energy Recovery,0.0832,https://www.canada.ca/en/environment-climate-change/services/national-pollutant-release-inventory/tools-resources-data/exploredata.html,POINT (-79.8246 43.26926)
npri-1541-2023-63,2023,1541,Lethbridge,,manufacturing,-112.7819,49.7201,Prairie,Nelson River Drainage Area,1330-20-7,Xylene (all isomers),tonnes,Transfers for Recycling / Transferts pour recyclage,Solvent Recovery,13.083,https://www.canada.ca/en/environment-climate-change/services/national-pollutant-release-inventory/tools-resources-data/exploredata.html,POINT (-112.7819 49.7201)
npri-32495-2023-1,2023,32495,Ljunghall Canada Ltd.,,manufacturing,-81.502263,43.28931,Mixedwood Plain,St. Lawrence Drainage Area,107-21-1,Ethylene glycol,tonnes,Transfers for Recycling / Transferts pour recyclage,Solvent Recovery,4.15,https://www.canada.ca/en/environment-climate-change/services/national-pollutant-release-inventory/tools-resources-data/exploredata.html,POINT (-81.502263 43.28931)
npri-10568-2023-26,2023,10568,Mauser Canada Limited - Burlington,,manufacturing,-79.7991,43.3625,Mixedwood Plain,St. Lawrence Drainage Area,111-76-2,2-Butoxyethanol,tonnes,Transfers for Recycling / Transferts pour recyclage,Solvent Recovery,7.385,https://www.canada.ca/en/environment-climate-change/services/national-pollutant-release-inventory/tools-resources-data/exploredata.html,POINT (-79.7991 43.3625)
npri-10568-2023-27,2023,10568,Mauser Canada Limited - Burlington,,manufacturing,-79.7991,43.3625,Mixedwood Plain,St. Lawrence Drainage Area,78-93-3,Methyl ethyl ketone,tonnes,Transfers for Recycling / Transferts pour recyclage,Solvent Recovery,12.923,https://www.canada.ca/en/environment-climate-change/services/national-pollutant-release-inventory/tools-resources-data/exploredata.html,POINT (-79.7991 43.3625)
npri-10568-2023-28,2023,10568,Mauser Canada Limited - Burlington,,manufacturing,-79.7991,43.3625,Mixedwood Plain,St. Lawrence Drainage Area,1330-20-7,Xylene (all isomers),tonnes,Transfers for Recycling / Transferts pour recyclage,Solvent Recovery,5.165,https://www.canada.ca/en/environment-climate-change/services/national-pollutant-release-inventory/tools-resources-data/exploredata.html,POINT (-79.7991 43.3625)
npri-10537-2023-8,2023,10537,CALEDON TUBING,,manufacturing,-81.13396,43.2405,Mixedwood Plain,St. Lawrence Drainage Area,NA - 14,Zinc (and its compounds),tonnes,Transfers for Recycling / Transferts pour recyclage,Metal Recovery,47.061,https://www.canada.ca/en/environment-climate-change/services/national-pollutant-release-inventory/tools-resources-data/exploredata.html,POINT (-81.13396 43.2405)
npri-11215-2023-41,2023,11215,Tenaris Algoma Tubes,,manufacturing,-84.3714,46.52958,Boreal Shield,St. Lawrence Drainage Area,NA - 09,Manganese (and its compounds),tonnes,Transfers for Recycling / Transferts pour recyclage,Metal Recovery,372.7763,https://www.canada.ca/en/environment-climate-change/services/national-pollutant-release-inventory/tools-resources-data/exploredata.html,POINT (-84.3714 46.52958)
npri-28947-2023-25,2023,28947,Alumicast Technologies,,manufacturing,-79.67583,44.32993,Mixedwood Plain,St. Lawrence Drainage Area,NA - 14,Zinc (and its compounds),tonnes,Transfers for Recycling / Transferts pour recyclage,Metal Recovery,3.9,https://www.canada.ca/en/environment-climate-change/services/national-pollutant-release-inventory/tools-resources-data/exploredata.html,POINT (-79.67583 44.32993)
npri-5691-2023-1,2023,5691,ArcelorMittal Tubular Products Canada Inc.- Holtby,,manufacturing,-79.7838,43.6821,Mixedwood Plain,St. Lawrence Drainage Area,NA - 09,Manganese (and its compounds),tonnes,Transfers for Recycling / Transferts pour recyclage,Metal Recovery,85.481,https://www.canada.ca/en/environment-climate-change/services/national-pollutant-release-inventory/tools-resources-data/exploredata.html,POINT (-79.7838 43.6821)
npri-4545-2023-1,2023,4545,ARCELORMITTAL TUBULAR PRODUCTS INC. - WOODSTOCK,,manufacturing,-80.7724,43.1326,Mixedwood Plain,St. Lawrence Drainage Area,NA - 09,Manganese (and its compounds),tonnes,Transfers for Recycling / Transferts pour recyclage,Metal Recovery,42.0,https://www.canada.ca/en/environment-climate-change/services/national-pollutant-release-inventory/tools-resources-data/exploredata.html,POINT (-80.7724 43.1326)
npri-276-2023-17,2023,276,ARCELORMITTAL WINDSOR A DIVISION OF ARCELORMITTAL DOFASCO G.P.,,manufacturing,-83.09557,42.26166,Mixedwood Plain,St. Lawrence Drainage Area,NA - 14,Zinc (and its compounds),tonnes,Transfers for Recycling / Transferts pour recyclage,Metal Recovery,919.73,https://www.canada.ca/en/environment-climate-change/services/national-pollutant-release-inventory/tools-resources-data/exploredata.html,POINT (-83.09557 42.26166)
npri-3991-2023-56,2023,3991,Precious Metals Division,,manufacturing,-79.7219,43.6912,Mixedwood Plain,St. Lawrence Drainage Area,NA - 02,Arsenic (and its compounds),kg,Transfers for Recycling / Transferts pour recyclage,Metal Recovery,660.706,https://www.canada.ca/en/environment-climate-change/services/national-pollutant-release-inventory/tools-resources-data/exploredata.html,POINT (-79.7219 43.6912)
npri-3991-2023-57,2023,3991,Precious Metals Division,,manufacturing,-79.7219,43.6912,Mixedwood Plain,St. Lawrence Drainage Area,NA - 03,Cadmium (and its compounds),kg,Transfers for Recycling / Transferts pour recyclage,Metal Recovery,1018.267,https://www.canada.ca/en/environment-climate-change/services/national-pollutant-release-inventory/tools-resources-data/exploredata.html,POINT (-79.7219 43.6912)
npri-3991-2023-58,2023,3991,Precious Metals Division,,manufacturing,-79.7219,43.6912,Mixedwood Plain,St. Lawrence Drainage Area,NA - 06,Copper (and its compounds),tonnes,Transfers for Recycling / Transferts pour recyclage,Metal Recovery,47.189,https://www.canada.ca/en/environment-climate-change/services/national-pollutant-release-inventory/tools-resources-data/exploredata.html,POINT (-79.7219 43.6912)
npri-3991-2023-59,2023,3991,Precious Metals Division,,manufacturing,-79.7219,43.6912,Mixedwood Plain,St. Lawrence Drainage Area,NA - 08,Lead (and its compounds),kg,Transfers for Recycling / Transferts pour recyclage,Metal Recovery,4512.033,https://www.canada.ca/en/environment-climate-change/services/national-pollutant-release-inventory/tools-resources-data/exploredata.html,POINT (-79.7219 43.6912)
npri-3991-2023-60,2023,3991,Precious Metals Division,,manufacturing,-79.7219,43.6912,Mixedwood Plain,St. Lawrence Drainage Area,NA - 12,Selenium (and its compounds),kg,Transfers for Recycling / Transferts pour recyclage,Metal Recovery,97.186,https://www.canada.ca/en/environment-climate-change/services/national-pollutant-release-inventory/tools-resources-data/exploredata.html,POINT (-79.7219 43.6912)
npri-3991-2023-61,2023,3991,Precious Metals Division,,manufacturing,-79.7219,43.6912,Mixedwood Plain,St. Lawrence Drainage Area,NA - 13,Silver (and its compounds),tonnes,Transfers for Recycling / Transferts pour recyclage,Metal Recovery,29.686,https://www.canada.ca/en/environment-climate-change/services/national-pollutant-release-inventory/tools-resources-data/exploredata.html,POINT (-79.7219 43.6912)
npri-3991-2023-62,2023,3991,Precious Metals Division,,manufacturing,-79.7219,43.6912,Mixedwood Plain,St. Lawrence Drainage Area,NA - 14,Zinc (and its compounds),tonnes,Transfers for Recycling / Transferts pour recyclage,Metal Recovery,23.518,https://www.canada.ca/en/environment-climate-change/services/national-pollutant-release-inventory/tools-resources-data/exploredata.html,POINT (-79.7219 43.6912)
npri-7147-2023-5,2023,7147,ATLANTIC TUBE & STEEL,,manufacturing,-79.6512,43.6622,Mixedwood Plain,St. Lawrence Drainage Area,NA - 09,Manganese (and its compounds),tonnes,Transfers for Recycling / Transferts pour recyclage,Metal Recovery,17.8167,https://www.canada.ca/en/environment-climate-change/services/national-pollutant-release-inventory/tools-resources-data/exploredata.html,POINT (-79.6512 43.6622)
npri-7147-2023-6,2023,7147,ATLANTIC TUBE & STEEL,,manufacturing,-79.6512,43.6622,Mixedwood Plain,St. Lawrence Drainage Area,NA - 14,Zinc (and its compounds),tonnes,Transfers for Recycling / Transferts pour recyclage,Metal Recovery,8.0577,https://www.canada.ca/en/environment-climate-change/services/national-pollutant-release-inventory/tools-resources-data/exploredata.html,POINT (-79.6512 43.6622)
npri-11004-2023-8,2023,11004,Atlas Tube Harrow,,manufacturing,-82.9236,42.0412,Mixedwood Plain,St. Lawrence Drainage Area,NA - 09,Manganese (and its compounds),tonnes,Transfers for Recycling / Transferts pour recyclage,Metal Recovery,905.1,https://www.canada.ca/en/environment-climate-change/services/national-pollutant-release-inventory/tools-resources-data/exploredata.html,POINT (-82.9236 42.0412)
npri-11649-2023-26,2023,11649,Bradken Foundry,,manufacturing,-81.1577,43.0125,Mixedwood Plain,St. Lawrence Drainage Area,NA - 04,Chromium (and its compounds),tonnes,Transfers for Recycling / Transferts pour recyclage,Metal Recovery,56.6334,https://www.canada.ca/en/environment-climate-change/services/national-pollutant-release-inventory/tools-resources-data/exploredata.html,POINT (-81.1577 43.0125)
npri-11649-2023-27,2023,11649,Bradken Foundry,,manufacturing,-81.1577,43.0125,Mixedwood Plain,St. Lawrence Drainage Area,NA - 05,Cobalt (and its compounds),kg,Transfers for Recycling / Transferts pour recyclage,Metal Recovery,0.605,https://www.canada.ca/en/environment-climate-change/services/national-pollutant-release-inventory/tools-resources-data/exploredata.html,POINT (-81.1577 43.0125)
npri-11649-2023-28,2023,11649,Bradken Foundry,,manufacturing,-81.1577,43.0125,Mixedwood Plain,St. Lawrence Drainage Area,NA - 09,Manganese (and its compounds),tonnes,Transfers for Recycling / Transferts pour recyclage,Metal Recovery,6.5654,https://www.canada.ca/en/environment-climate-change/services/national-pollutant-release-inventory/tools-resources-data/exploredata.html,POINT (-81.1577 43.0125)
npri-11649-2023-29,2023,11649,Bradken Foundry,,manufacturing,-81.1577,43.0125,Mixedwood Plain,St. Lawrence Drainage Area,NA - 11,Nickel (and its compounds),tonnes,Transfers for Recycling / Transferts pour recyclage,Metal Recovery,22.3844,https://www.canada.ca/en/environment-climate-change/services/national-pollutant-release-inventory/tools-resources-data/exploredata.html,POINT (-81.1577 43.0125)
npri-4819-2023-53,2023,4819,Bradken Mont-Joli,,manufacturing,-68.1842,48.5889,Atlantic Maritime,St. Lawrence Drainage Area,NA - 04,Chromium (and its compounds),tonnes,Transfers for Recycling / Transferts pour recyclage,Metal Recovery,717.43,https://www.canada.ca/en/environment-climate-change/services/national-pollutant-release-inventory/tools-resources-data/exploredata.html,POINT (-68.1842 48.5889)
npri-4541-2023-12,2023,4541,Canadian Specialty Casting Inc.,,manufacturing,-79.06789,43.11256,Mixedwood Plain,St. Lawrence Drainage Area,NA - 04,Chromium (and its compounds),tonnes,Transfers for Recycling / Transferts pour recyclage,Metal Recovery,0.478,https://www.canada.ca/en/environment-climate-change/services/national-pollutant-release-inventory/tools-resources-data/exploredata.html,POINT (-79.06789 43.11256)
npri-4541-2023-13,2023,4541,Canadian Specialty Casting Inc.,,manufacturing,-79.06789,43.11256,Mixedwood Plain,St. Lawrence Drainage Area,NA - 06,Copper (and its compounds),tonnes,Transfers for Recycling / Transferts pour recyclage,Metal Recovery,0.257,https://www.canada.ca/en/environment-climate-change/services/national-pollutant-release-inventory/tools-resources-data/exploredata.html,POINT (-79.06789 43.11256)
npri-4541-2023-14,2023,4541,Canadian Specialty Casting Inc.,,manufacturing,-79.06789,43.11256,Mixedwood Plain,St. Lawrence Drainage Area,NA - 11,Nickel (and its compounds),tonnes,Transfers for Recycling / Transferts pour recyclage,Metal Recovery,0.238,https://www.canada.ca/en/environment-climate-change/services/national-pollutant-release-inventory/tools-resources-data/exploredata.html,POINT (-79.06789 43.11256)
npri-5411-2023-2,2023,5411,Boucherville,,manufacturing,-73.4533,45.5791,Mixedwood Plain,St. Lawrence Drainage Area,NA - 04,Chromium (and its compounds),tonnes,Transfers for Recycling / Transferts pour recyclage,Metal Recovery,13.8,https://www.canada.ca/en/environment-climate-change/services/national-pollutant-release-inventory/tools-resources-data/exploredata.html,POINT (-73.4533 45.5791)
npri-5411-2023-3,2023,5411,Boucherville,,manufacturing,-73.4533,45.5791,Mixedwood Plain,St. Lawrence Drainage Area,NA - 06,Copper (and its compounds),tonnes,Transfers for Recycling / Transferts pour recyclage,Metal Recovery,13.8,https://www.canada.ca/en/environment-climate-change/services/national-pollutant-release-inventory/tools-resources-data/exploredata.html,POINT (-73.4533 45.5791)
npri-5411-2023-4,2023,5411,Boucherville,,manufacturing,-73.4533,45.5791,Mixedwood Plain,St. Lawrence Drainage Area,NA - 09,Manganese (and its compounds),tonnes,Transfers for Recycling / Transferts pour recyclage,Metal Recovery,13.8,https://www.canada.ca/en/environment-climate-change/services/national-pollutant-release-inventory/tools-resources-data/exploredata.html,POINT (-73.4533 45.5791)
npri-5411-2023-5,2023,5411,Boucherville,,manufacturing,-73.4533,45.5791,Mixedwood Plain,St. Lawrence Drainage Area,NA - 11,Nickel (and its compounds),tonnes,Transfers for Recycling / Transferts pour recyclage,Metal Recovery,13.8,https://www.canada.ca/en/environment-climate-change/services/national-pollutant-release-inventory/tools-resources-data/exploredata.html,POINT (-73.4533 45.5791)
npri-5411-2023-6,2023,5411,Boucherville,,manufacturing,-73.4533,45.5791,Mixedwood Plain,St. Lawrence Drainage Area,NA - 14,Zinc (and its compounds),tonnes,Transfers for Recycling / Transferts pour recyclage,Metal Recovery,6.904,https://www.canada.ca/en/environment-climate-change/services/national-pollutant-release-inventory/tools-resources-data/exploredata.html,POINT (-73.4533 45.5791)
npri-4642-2023-1,2023,4642,Central Wire Perth,,manufacturing,-76.2481,44.9047,Mixedwood Plain,St. Lawrence Drainage Area,NA - 04,Chromium (and its compounds),tonnes,Transfers for Recycling / Transferts pour recyclage,Metal Recovery,15.13,https://www.canada.ca/en/environment-climate-change/services/national-pollutant-release-inventory/tools-resources-data/exploredata.html,POINT (-76.2481 44.9047)
npri-4642-2023-2,2023,4642,Central Wire Perth,,manufacturing,-76.2481,44.9047,Mixedwood Plain,St. Lawrence Drainage Area,NA - 06,Copper (and its compounds),tonnes,Transfers for Recycling / Transferts pour recyclage,Metal Recovery,0.56,https://www.canada.ca/en/environment-climate-change/services/national-pollutant-release-inventory/tools-resources-data/exploredata.html,POINT (-76.2481 44.9047)
npri-4642-2023-3,2023,4642,Central Wire Perth,,manufacturing,-76.2481,44.9047,Mixedwood Plain,St. Lawrence Drainage Area,NA - 09,Manganese (and its compounds),tonnes,Transfers for Recycling / Transferts pour recyclage,Metal Recovery,1.14,https://www.canada.ca/en/environment-climate-change/services/national-pollutant-release-inventory/tools-resources-data/exploredata.html,POINT (-76.2481 44.9047)
npri-4642-2023-4,2023,4642,Central Wire Perth,,manufacturing,-76.2481,44.9047,Mixedwood Plain,St. Lawrence Drainage Area,NA - 11,Nickel (and its compounds),tonnes,Transfers for Recycling / Transferts pour recyclage,Metal Recovery,14.44,https://www.canada.ca/en/environment-climate-change/services/national-pollutant-release-inventory/tools-resources-data/exploredata.html,POINT (-76.2481 44.9047)
npri-4495-2023-4,2023,4495,DOMTECH INC.,,manufacturing,-77.5939,44.115,Mixedwood Plain,St. Lawrence Drainage Area,NA - 06,Copper (and its compounds),tonnes,Transfers for Recycling / Transferts pour recyclage,Metal Recovery,241.74,https://www.canada.ca/en/environment-climate-change/services/national-pollutant-release-inventory/tools-resources-data/exploredata.html,POINT (-77.5939 44.115)
npri-25232-2023-4,2023,25232,Techmire,,manufacturing,-73.788155,45.46489,Mixedwood Plain,St. Lawrence Drainage Area,NA - 14,Zinc (and its compounds),tonnes,Transfers for Recycling / Transferts pour recyclage,Metal Recovery,426.0,https://www.canada.ca/en/environment-climate-change/services/national-pollutant-release-inventory/tools-resources-data/exploredata.html,POINT (-73.788155 45.46489)
npri-315-2023-31,2023,315,ESCO Limited,,manufacturing,-78.2847,43.9483,Mixedwood Plain,St. Lawrence Drainage Area,NA - 04,Chromium (and its compounds),tonnes,Transfers for Recycling / Transferts pour recyclage,Metal Recovery,375.623,https://www.canada.ca/en/environment-climate-change/services/national-pollutant-release-inventory/tools-resources-data/exploredata.html,POINT (-78.2847 43.9483)
npri-315-2023-32,2023,315,ESCO Limited,,manufacturing,-78.2847,43.9483,Mixedwood Plain,St. Lawrence Drainage Area,NA - 09,Manganese (and its compounds),tonnes,Transfers for Recycling / Transferts pour recyclage,Metal Recovery,325.2725,https://www.canada.ca/en/environment-climate-change/services/national-pollutant-release-inventory/tools-resources-data/exploredata.html,POINT (-78.2847 43.9483)
npri-315-2023-33,2023,315,ESCO Limited,,manufacturing,-78.2847,43.9483,Mixedwood Plain,St. Lawrence Drainage Area,NA - 11,Nickel (and its compounds),tonnes,Transfers for Recycling / Transferts pour recyclage,Metal Recovery,321.351,https://www.canada.ca/en/environment-climate-change/services/national-pollutant-release-inventory/tools-resources-data/exploredata.html,POINT (-78.2847 43.9483)
npri-953-2023-48,2023,953,Essex Group Canada Inc.,,manufacturing,-80.3025,42.8503,Mixedwood Plain,St. Lawrence Drainage Area,NA - 06,Copper (and its compounds),tonnes,Transfers for Recycling / Transferts pour recyclage,Metal Recovery,2051.68,https://www.canada.ca/en/environment-climate-change/services/national-pollutant-release-inventory/tools-resources-data/exploredata.html,POINT (-80.3025 42.8503)
npri-199-2023-18,2023,199,Etobicoke Casting Plant,,manufacturing,-79.5406,43.5958,Mixedwood Plain,St. Lawrence Drainage Area,NA - 06,Copper (and its compounds),tonnes,Transfers for Recycling / Transferts pour recyclage,Metal Recovery,61.723,https://www.canada.ca/en/environment-climate-change/services/national-pollutant-release-inventory/tools-resources-data/exploredata.html,POINT (-79.5406 43.5958)
npri-199-2023-19,2023,199,Etobicoke Casting Plant,,manufacturing,-79.5406,43.5958,Mixedwood Plain,St. Lawrence Drainage Area,NA - 14,Zinc (and its compounds),tonnes,Transfers for Recycling / Transferts pour recyclage,Metal Recovery,52.446,https://www.canada.ca/en/environment-climate-change/services/national-pollutant-release-inventory/tools-resources-data/exploredata.html,POINT (-79.5406 43.5958)
npri-11221-2023-7,2023,11221,fischer Canada Stainless Steel Tubing Inc.,,manufacturing,-80.52589,43.50989,Mixedwood Plain,St. Lawrence Drainage Area,NA - 04,Chromium (and its compounds),tonnes,Transfers for Recycling / Transferts pour recyclage,Metal Recovery,337.68,https://www.canada.ca/en/environment-climate-change/services/national-pollutant-release-inventory/tools-resources-data/exploredata.html,POINT (-80.52589 43.50989)
npri-11221-2023-8,2023,11221,fischer Canada Stainless Steel Tubing Inc.,,manufacturing,-80.52589,43.50989,Mixedwood Plain,St. Lawrence Drainage Area,NA - 09,Manganese (and its compounds),tonnes,Transfers for Recycling / Transferts pour recyclage,Metal Recovery,34.167,https://www.canada.ca/en/environment-climate-change/services/national-pollutant-release-inventory/tools-resources-data/exploredata.html,POINT (-80.52589 43.50989)
npri-11221-2023-9,2023,11221,fischer Canada Stainless Steel Tubing Inc.,,manufacturing,-80.52589,43.50989,Mixedwood Plain,St. Lawrence Drainage Area,NA - 11,Nickel (and its compounds),tonnes,Transfers for Recycling / Transferts pour recyclage,Metal Recovery,187.98,https://www.canada.ca/en/environment-climate-change/services/national-pollutant-release-inventory/tools-resources-data/exploredata.html,POINT (-80.52589 43.50989)
npri-188-2023-4,2023,188,"Fonderie Générale du Canada, Glencore Canada Corporation",,manufacturing,-73.67629,45.44856,Mixedwood Plain,St. Lawrence Drainage Area,NA - 08,Lead (and its compounds),kg,Transfers for Recycling / Transferts pour recyclage,Metal Recovery,390107.3,https://www.canada.ca/en/environment-climate-change/services/national-pollutant-release-inventory/tools-resources-data/exploredata.html,POINT (-73.67629 45.44856)
npri-188-2023-5,2023,188,"Fonderie Générale du Canada, Glencore Canada Corporation",,manufacturing,-73.67629,45.44856,Mixedwood Plain,St. Lawrence Drainage Area,NA - 13,Silver (and its compounds),tonnes,Transfers for Recycling / Transferts pour recyclage,Metal Recovery,1.9,https://www.canada.ca/en/environment-climate-change/services/national-pollutant-release-inventory/tools-resources-data/exploredata.html,POINT (-73.67629 45.44856)
npri-5874-2023-15,2023,5874,Richmond Hill,,manufacturing,-79.4272,43.8815,Mixedwood Plain,St. Lawrence Drainage Area,NA - 06,Copper (and its compounds),tonnes,Transfers for Recycling / Transferts pour recyclage,Metal Recovery,59.7753,https://www.canada.ca/en/environment-climate-change/services/national-pollutant-release-inventory/tools-resources-data/exploredata.html,POINT (-79.4272 43.8815)
npri-5874-2023-16,2023,5874,Richmond Hill,,manufacturing,-79.4272,43.8815,Mixedwood Plain,St. Lawrence Drainage Area,NA - 11,Nickel (and its compounds),tonnes,Transfers for Recycling / Transferts pour recyclage,Metal Recovery,0.758,https://www.canada.ca/en/environment-climate-change/services/national-pollutant-release-inventory/tools-resources-data/exploredata.html,POINT (-79.4272 43.8815)
npri-5874-2023-17,2023,5874,Richmond Hill,,manufacturing,-79.4272,43.8815,Mixedwood Plain,St. Lawrence Drainage Area,NA - 14,Zinc (and its compounds),tonnes,Transfers for Recycling / Transferts pour recyclage,Metal Recovery,3.4122,https://www.canada.ca/en/environment-climate-change/services/national-pollutant-release-inventory/tools-resources-data/exploredata.html,POINT (-79.4272 43.8815)
npri-4814-2023-1,2023,4814,Usine Lapointe,,manufacturing,-71.182381,48.421563,Boreal Shield,St. Lawrence Drainage Area,NA - 04,Chromium (and its compounds),tonnes,Transfers for Recycling / Transferts pour recyclage,Metal Recovery,0.15,https://www.canada.ca/en/environment-climate-change/services/national-pollutant-release-inventory/tools-resources-data/exploredata.html,POINT (-71.182381 48.421563)
npri-4814-2023-2,2023,4814,Usine Lapointe,,manufacturing,-71.182381,48.421563,Boreal Shield,St. Lawrence Drainage Area,NA - 09,Manganese (and its compounds),tonnes,Transfers for Recycling / Transferts pour recyclage,Metal Recovery,0.74,https://www.canada.ca/en/environment-climate-change/services/national-pollutant-release-inventory/tools-resources-data/exploredata.html,POINT (-71.182381 48.421563)
npri-3824-2023-189,2023,3824,"Gerdau Ameristeel Corporation, Whitby Mill",,manufacturing,-78.9097,43.8578,Mixedwood Plain,St. Lawrence Drainage Area,NA - 02,Arsenic (and its compounds),kg,Transfers for Recycling / Transferts pour recyclage,Metal Recovery,231.8891,https://www.canada.ca/en/environment-climate-change/services/national-pollutant-release-inventory/tools-resources-data/exploredata.html,POINT (-78.9097 43.8578)
npri-3824-2023-190,2023,3824,"Gerdau Ameristeel Corporation, Whitby Mill",,manufacturing,-78.9097,43.8578,Mixedwood Plain,St. Lawrence Drainage Area,NA - 03,Cadmium (and its compounds),kg,Transfers for Recycling / Transferts pour recyclage,Metal Recovery,3126.5712,https://www.canada.ca/en/environment-climate-change/services/national-pollutant-release-inventory/tools-resources-data/exploredata.html,POINT (-78.9097 43.8578)
npri-3824-2023-191,2023,3824,"Gerdau Ameristeel Corporation, Whitby Mill",,manufacturing,-78.9097,43.8578,Mixedwood Plain,St. Lawrence Drainage Area,NA - 04,Chromium (and its compounds),tonnes,Transfers for Recycling / Transferts pour recyclage,Metal Recovery,26.4323,https://www.canada.ca/en/environment-climate-change/services/national-pollutant-release-inventory/tools-resources-data/exploredata.html,POINT (-78.9097 43.8578)
npri-3824-2023-192,2023,3824,"Gerdau Ameristeel Corporation, Whitby Mill",,manufacturing,-78.9097,43.8578,Mixedwood Plain,St. Lawrence Drainage Area,NA - 06,Copper (and its compounds),tonnes,Transfers for Recycling / Transferts pour recyclage,Metal Recovery,21.6275,https://www.canada.ca/en/environment-climate-change/services/national-pollutant-release-inventory/tools-resources-data/exploredata.html,POINT (-78.9097 43.8578)
npri-3824-2023-193,2023,3824,"Gerdau Ameristeel Corporation, Whitby Mill",,manufacturing,-78.9097,43.8578,Mixedwood Plain,St. Lawrence Drainage Area,NA - D/F,Dioxins and furans - total,g TEQ,Transfers for Recycling / Transferts pour recyclage,Metal Recovery,0.73636,https://www.canada.ca/en/environment-climate-change/services/national-pollutant-release-inventory/tools-resources-data/exploredata.html,POINT (-78.9097 43.8578)
npri-3824-2023-194,2023,3824,"Gerdau Ameristeel Corporation, Whitby Mill",,manufacturing,-78.9097,43.8578,Mixedwood Plain,St. Lawrence Drainage Area,NA - 08,Lead (and its compounds),kg,Transfers for Recycling / Transferts pour recyclage,Metal Recovery,59854.2425,https://www.canada.ca/en/environment-climate-change/services/national-pollutant-release-inventory/tools-resources-data/exploredata.html,POINT (-78.9097 43.8578)
npri-3824-2023-195,2023,3824,"Gerdau Ameristeel Corporation, Whitby Mill",,manufacturing,-78.9097,43.8578,Mixedwood Plain,St. Lawrence Drainage Area,NA - 09,Manganese (and its compounds),tonnes,Transfers for Recycling / Transferts pour recyclage,Metal Recovery,152.5725,https://www.canada.ca/en/environment-climate-change/services/national-pollutant-release-inventory/tools-resources-data/exploredata.html,POINT (-78.9097 43.8578)
npri-3824-2023-196,2023,3824,"Gerdau Ameristeel Corporation, Whitby Mill",,manufacturing,-78.9097,43.8578,Mixedwood Plain,St. Lawrence Drainage Area,NA - 10,Mercury (and its compounds),kg,Transfers for Recycling / Transferts pour recyclage,Metal Recovery,17.5849,https://www.canada.ca/en/environment-climate-change/services/national-pollutant-release-inventory/tools-resources-data/exploredata.html,POINT (-78.9097 43.8578)
npri-3824-2023-197,2023,3824,"Gerdau Ameristeel Corporation, Whitby Mill",,manufacturing,-78.9097,43.8578,Mixedwood Plain,St. Lawrence Drainage Area,NA - 11,Nickel (and its compounds),tonnes,Transfers for Recycling / Transferts pour recyclage,Metal Recovery,1.6717,https://www.canada.ca/en/environment-climate-change/services/national-pollutant-release-inventory/tools-resources-data/exploredata.html,POINT (-78.9097 43.8578)
npri-3824-2023-198,2023,3824,"Gerdau Ameristeel Corporation, Whitby Mill",,manufacturing,-78.9097,43.8578,Mixedwood Plain,St. Lawrence Drainage Area,NA - 22,Phosphorus (total),tonnes,Transfers for Recycling / Transferts pour recyclage,Metal Recovery,4.3739,https://www.canada.ca/en/environment-climate-change/services/national-pollutant-release-inventory/tools-resources-data/exploredata.html,POINT (-78.9097 43.8578)
npri-3824-2023-199,2023,3824,"Gerdau Ameristeel Corporation, Whitby Mill",,manufacturing,-78.9097,43.8578,Mixedwood Plain,St. Lawrence Drainage Area,NA - 14,Zinc (and its compounds),tonnes,Transfers for Recycling / Transferts pour recyclage,Metal Recovery,1451.3999,https://www.canada.ca/en/environment-climate-change/services/national-pollutant-release-inventory/tools-resources-data/exploredata.html,POINT (-78.9097 43.8578)
npri-3916-2023-165,2023,3916,"Glencore Canada Corporation, CCR refinery",,manufacturing,-73.50475,45.62731,Mixedwood Plain,St. Lawrence Drainage Area,NA - 01,Antimony (and its compounds),tonnes,Transfers for Recycling / Transferts pour recyclage,Metal Recovery,142.5412,https://www.canada.ca/en/environment-climate-change/services/national-pollutant-release-inventory/tools-resources-data/exploredata.html,POINT (-73.50475 45.62731)
npri-3916-2023-166,2023,3916,"Glencore Canada Corporation, CCR refinery",,manufacturing,-73.50475,45.62731,Mixedwood Plain,St. Lawrence Drainage Area,NA - 02,Arsenic (and its compounds),kg,Transfers for Recycling / Transferts pour recyclage,Metal Recovery,295837.15,https://www.canada.ca/en/environment-climate-change/services/national-pollutant-release-inventory/tools-resources-data/exploredata.html,POINT (-73.50475 45.62731)
npri-3916-2023-167,2023,3916,"Glencore Canada Corporation, CCR refinery",,manufacturing,-73.50475,45.62731,Mixedwood Plain,St. Lawrence Drainage Area,NA - 03,Cadmium (and its compounds),kg,Transfers for Recycling / Transferts pour recyclage,Metal Recovery,61.0579,https://www.canada.ca/en/environment-climate-change/services/national-pollutant-release-inventory/tools-resources-data/exploredata.html,POINT (-73.50475 45.62731)
npri-3916-2023-168,2023,3916,"Glencore Canada Corporation, CCR refinery",,manufacturing,-73.50475,45.62731,Mixedwood Plain,St. Lawrence Drainage Area,NA - 04,Chromium (and its compounds),tonnes,Transfers for Recycling / Transferts pour recyclage,Metal Recovery,0.1767,https://www.canada.ca/en/environment-climate-change/services/national-pollutant-release-inventory/tools-resources-data/exploredata.html,POINT (-73.50475 45.62731)
npri-3916-2023-169,2023,3916,"Glencore Canada Corporation, CCR refinery",,manufacturing,-73.50475,45.62731,Mixedwood Plain,St. Lawrence Drainage Area,NA - 05,Cobalt (and its compounds),kg,Transfers for Recycling / Transferts pour recyclage,Metal Recovery,4446.4917,https://www.canada.ca/en/environment-climate-change/services/national-pollutant-release-inventory/tools-resources-data/exploredata.html,POINT (-73.50475 45.62731)
npri-3916-2023-170,2023,3916,"Glencore Canada Corporation, CCR refinery",,manufacturing,-73.50475,45.62731,Mixedwood Plain,St. Lawrence Drainage Area,NA - 06,Copper (and its compounds),tonnes,Transfers for Recycling / Transferts pour recyclage,Metal Recovery,3440.811,https://www.canada.ca/en/environment-climate-change/services/national-pollutant-release-inventory/tools-resources-data/exploredata.html,POINT (-73.50475 45.62731)
npri-1236-2023-271,2023,1236,Sudbury Integrated Nickel Operations Smelter,,manufacturing,-80.8042,46.5775,Boreal Shield,St. Lawrence Drainage Area,NA - 08,Lead (and its compounds),kg,Transfers for Recycling / Transferts pour recyclage,Metal Recovery,295.4545,https://www.canada.ca/en/environment-climate-change/services/national-pollutant-release-inventory/tools-resources-data/exploredata.html,POINT (-80.8042 46.5775)
npri-3916-2023-171,2023,3916,"Glencore Canada Corporation, CCR refinery",,manufacturing,-73.50475,45.62731,Mixedwood Plain,St. Lawrence Drainage Area,NA - 08,Lead (and its compounds),kg,Transfers for Recycling / Transferts pour recyclage,Metal Recovery,507786.61,https://www.canada.ca/en/environment-climate-change/services/national-pollutant-release-inventory/tools-resources-data/exploredata.html,POINT (-73.50475 45.62731)
npri-3916-2023-172,2023,3916,"Glencore Canada Corporation, CCR refinery",,manufacturing,-73.50475,45.62731,Mixedwood Plain,St. Lawrence Drainage Area,NA - 10,Mercury (and its compounds),kg,Transfers for Recycling / Transferts pour recyclage,Metal Recovery,1.62017,https://www.canada.ca/en/environment-climate-change/services/national-pollutant-release-inventory/tools-resources-data/exploredata.html,POINT (-73.50475 45.62731)
npri-3916-2023-173,2023,3916,"Glencore Canada Corporation, CCR refinery",,manufacturing,-73.50475,45.62731,Mixedwood Plain,St. Lawrence Drainage Area,NA - 11,Nickel (and its compounds),tonnes,Transfers for Recycling / Transferts pour recyclage,Metal Recovery,26.6898,https://www.canada.ca/en/environment-climate-change/services/national-pollutant-release-inventory/tools-resources-data/exploredata.html,POINT (-73.50475 45.62731)
npri-3916-2023-174,2023,3916,"Glencore Canada Corporation, CCR refinery",,manufacturing,-73.50475,45.62731,Mixedwood Plain,St. Lawrence Drainage Area,NA - 12,Selenium (and its compounds),kg,Transfers for Recycling / Transferts pour recyclage,Metal Recovery,5001.278,https://www.canada.ca/en/environment-climate-change/services/national-pollutant-release-inventory/tools-resources-data/exploredata.html,POINT (-73.50475 45.62731)
npri-3916-2023-175,2023,3916,"Glencore Canada Corporation, CCR refinery",,manufacturing,-73.50475,45.62731,Mixedwood Plain,St. Lawrence Drainage Area,NA - 13,Silver (and its compounds),tonnes,Transfers for Recycling / Transferts pour recyclage,Metal Recovery,9.67921,https://www.canada.ca/en/environment-climate-change/services/national-pollutant-release-inventory/tools-resources-data/exploredata.html,POINT (-73.50475 45.62731)
npri-3916-2023-176,2023,3916,"Glencore Canada Corporation, CCR refinery",,manufacturing,-73.50475,45.62731,Mixedwood Plain,St. Lawrence Drainage Area,NA - 14,Zinc (and its compounds),tonnes,Transfers for Recycling / Transferts pour recyclage,Metal Recovery,4.59977,https://www.canada.ca/en/environment-climate-change/services/national-pollutant-release-inventory/tools-resources-data/exploredata.html,POINT (-73.50475 45.62731)
npri-2396-2023-21,2023,2396,Great Lakes Copper Ltd.,,manufacturing,-81.1842,43.0233,Mixedwood Plain,St. Lawrence Drainage Area,NA - 06,Copper (and its compounds),tonnes,Transfers for Recycling / Transferts pour recyclage,Metal Recovery,78.493,https://www.canada.ca/en/environment-climate-change/services/national-pollutant-release-inventory/tools-resources-data/exploredata.html,POINT (-81.1842 43.0233)
npri-3812-2023-33,2023,3812,Sivaco Québec,,manufacturing,-73.167875,45.429756,Mixedwood Plain,St. Lawrence Drainage Area,NA - 14,Zinc (and its compounds),tonnes,Transfers for Recycling / Transferts pour recyclage,Metal Recovery,175.74,https://www.canada.ca/en/environment-climate-change/services/national-pollutant-release-inventory/tools-resources-data/exploredata.html,POINT (-73.167875 45.429756)
npri-1480-2023-27,2023,1480,North York Division,,manufacturing,-79.532,43.736,Mixedwood Plain,St. Lawrence Drainage Area,NA - 04,Chromium (and its compounds),tonnes,Transfers for Recycling / Transferts pour recyclage,Metal Recovery,0.358,https://www.canada.ca/en/environment-climate-change/services/national-pollutant-release-inventory/tools-resources-data/exploredata.html,POINT (-79.532 43.736)
npri-1480-2023-28,2023,1480,North York Division,,manufacturing,-79.532,43.736,Mixedwood Plain,St. Lawrence Drainage Area,NA - 06,Copper (and its compounds),tonnes,Transfers for Recycling / Transferts pour recyclage,Metal Recovery,1.241,https://www.canada.ca/en/environment-climate-change/services/national-pollutant-release-inventory/tools-resources-data/exploredata.html,POINT (-79.532 43.736)
npri-1480-2023-29,2023,1480,North York Division,,manufacturing,-79.532,43.736,Mixedwood Plain,St. Lawrence Drainage Area,NA - 09,Manganese (and its compounds),tonnes,Transfers for Recycling / Transferts pour recyclage,Metal Recovery,0.77,https://www.canada.ca/en/environment-climate-change/services/national-pollutant-release-inventory/tools-resources-data/exploredata.html,POINT (-79.532 43.736)
npri-455-2023-25,2023,455,INGOT METAL COMPANY LIMITED,,manufacturing,-79.54943,43.75888,Mixedwood Plain,St. Lawrence Drainage Area,NA - 06,Copper (and its compounds),tonnes,Transfers for Recycling / Transferts pour recyclage,Metal Recovery,132.897,https://www.canada.ca/en/environment-climate-change/services/national-pollutant-release-inventory/tools-resources-data/exploredata.html,POINT (-79.54943 43.75888)
npri-455-2023-26,2023,455,INGOT METAL COMPANY LIMITED,,manufacturing,-79.54943,43.75888,Mixedwood Plain,St. Lawrence Drainage Area,NA - 08,Lead (and its compounds),kg,Transfers for Recycling / Transferts pour recyclage,Metal Recovery,34879.436,https://www.canada.ca/en/environment-climate-change/services/national-pollutant-release-inventory/tools-resources-data/exploredata.html,POINT (-79.54943 43.75888)
npri-455-2023-27,2023,455,INGOT METAL COMPANY LIMITED,,manufacturing,-79.54943,43.75888,Mixedwood Plain,St. Lawrence Drainage Area,NA - 14,Zinc (and its compounds),tonnes,Transfers for Recycling / Transferts pour recyclage,Metal Recovery,251.82,https://www.canada.ca/en/environment-climate-change/services/national-pollutant-release-inventory/tools-resources-data/exploredata.html,POINT (-79.54943 43.75888)
npri-151-2023-14,2023,151,CANADA ALLOY CASTINGS,,manufacturing,-80.44804,43.40031,Mixedwood Plain,St. Lawrence Drainage Area,NA - 04,Chromium (and its compounds),tonnes,Transfers for Recycling / Transferts pour recyclage,Metal Recovery,11.02,https://www.canada.ca/en/environment-climate-change/services/national-pollutant-release-inventory/tools-resources-data/exploredata.html,POINT (-80.44804 43.40031)
npri-151-2023-15,2023,151,CANADA ALLOY CASTINGS,,manufacturing,-80.44804,43.40031,Mixedwood Plain,St. Lawrence Drainage Area,NA - 11,Nickel (and its compounds),tonnes,Transfers for Recycling / Transferts pour recyclage,Metal Recovery,6.469,https://www.canada.ca/en/environment-climate-change/services/national-pollutant-release-inventory/tools-resources-data/exploredata.html,POINT (-80.44804 43.40031)
npri-4746-2023-3,2023,4746,J&K Die Casting Limited,,manufacturing,-79.2645,43.7718,Mixedwood Plain,St. Lawrence Drainage Area,NA - 14,Zinc (and its compounds),tonnes,Transfers for Recycling / Transferts pour recyclage,Metal Recovery,23.6467,https://www.canada.ca/en/environment-climate-change/services/national-pollutant-release-inventory/tools-resources-data/exploredata.html,POINT (-79.2645 43.7718)
npri-5649-2023-20,2023,5649,Kaiser Aluminum Canada Limited,,manufacturing,-81.1408,42.9862,Mixedwood Plain,St. Lawrence Drainage Area,NA - 14,Zinc (and its compounds),tonnes,Transfers for Recycling / Transferts pour recyclage,Metal Recovery,29.268,https://www.canada.ca/en/environment-climate-change/services/national-pollutant-release-inventory/tools-resources-data/exploredata.html,POINT (-81.1408 42.9862)
npri-1541-2023-64,2023,1541,Lethbridge,,manufacturing,-112.7819,49.7201,Prairie,Nelson River Drainage Area,NA - 04,Chromium (and its compounds),tonnes,Transfers for Recycling / Transferts pour recyclage,Metal Recovery,0.595,https://www.canada.ca/en/environment-climate-change/services/national-pollutant-release-inventory/tools-resources-data/exploredata.html,POINT (-112.7819 49.7201)
npri-1541-2023-65,2023,1541,Lethbridge,,manufacturing,-112.7819,49.7201,Prairie,Nelson River Drainage Area,NA - 06,Copper (and its compounds),tonnes,Transfers for Recycling / Transferts pour recyclage,Metal Recovery,0.29,https://www.canada.ca/en/environment-climate-change/services/national-pollutant-release-inventory/tools-resources-data/exploredata.html,POINT (-112.7819 49.7201)
npri-1541-2023-66,2023,1541,Lethbridge,,manufacturing,-112.7819,49.7201,Prairie,Nelson River Drainage Area,NA - 08,Lead (and its compounds),kg,Transfers for Recycling / Transferts pour recyclage,Metal Recovery,9.65,https://www.canada.ca/en/environment-climate-change/services/national-pollutant-release-inventory/tools-resources-data/exploredata.html,POINT (-112.7819 49.7201)
npri-1541-2023-67,2023,1541,Lethbridge,,manufacturing,-112.7819,49.7201,Prairie,Nelson River Drainage Area,NA - 09,Manganese (and its compounds),tonnes,Transfers for Recycling / Transferts pour recyclage,Metal Recovery,0.986,https://www.canada.ca/en/environment-climate-change/services/national-pollutant-release-inventory/tools-resources-data/exploredata.html,POINT (-112.7819 49.7201)
npri-1541-2023-68,2023,1541,Lethbridge,,manufacturing,-112.7819,49.7201,Prairie,Nelson River Drainage Area,NA - 11,Nickel (and its compounds),tonnes,Transfers for Recycling / Transferts pour recyclage,Metal Recovery,0.379,https://www.canada.ca/en/environment-climate-change/services/national-pollutant-release-inventory/tools-resources-data/exploredata.html,POINT (-112.7819 49.7201)
npri-1541-2023-69,2023,1541,Lethbridge,,manufacturing,-112.7819,49.7201,Prairie,Nelson River Drainage Area,NA - 14,Zinc (and its compounds),tonnes,Transfers for Recycling / Transferts pour recyclage,Metal Recovery,0.193,https://www.canada.ca/en/environment-climate-change/services/national-pollutant-release-inventory/tools-resources-data/exploredata.html,POINT (-112.7819 49.7201)
npri-7830-2023-1,2023,7830,K.C. RECYCLING - TRAIL,,manufacturing,-117.6044,49.0436,Montane Cordillera,Pacific Drainage Area,NA - 08,Lead (and its compounds),kg,Transfers for Recycling / Transferts pour recyclage,Metal Recovery,31537954.0,https://www.canada.ca/en/environment-climate-change/services/national-pollutant-release-inventory/tools-resources-data/exploredata.html,POINT (-117.6044 49.0436)
npri-7154-2023-13,2023,7154,Kennametal Stellite Belleville Facility,,manufacturing,-77.3524,44.1664,Mixedwood Plain,St. Lawrence Drainage Area,NA - 04,Chromium (and its compounds),tonnes,Transfers for Recycling / Transferts pour recyclage,Metal Recovery,3.616,https://www.canada.ca/en/environment-climate-change/services/national-pollutant-release-inventory/tools-resources-data/exploredata.html,POINT (-77.3524 44.1664)
npri-7154-2023-14,2023,7154,Kennametal Stellite Belleville Facility,,manufacturing,-77.3524,44.1664,Mixedwood Plain,St. Lawrence Drainage Area,NA - 05,Cobalt (and its compounds),kg,Transfers for Recycling / Transferts pour recyclage,Metal Recovery,5303.788,https://www.canada.ca/en/environment-climate-change/services/national-pollutant-release-inventory/tools-resources-data/exploredata.html,POINT (-77.3524 44.1664)
npri-7154-2023-15,2023,7154,Kennametal Stellite Belleville Facility,,manufacturing,-77.3524,44.1664,Mixedwood Plain,St. Lawrence Drainage Area,NA - 11,Nickel (and its compounds),tonnes,Transfers for Recycling / Transferts pour recyclage,Metal Recovery,0.865,https://www.canada.ca/en/environment-climate-change/services/national-pollutant-release-inventory/tools-resources-data/exploredata.html,POINT (-77.3524 44.1664)
npri-701-2023-45,2023,701,Kubota Materials Canada Corporation,,manufacturing,-79.43316,44.62859,Mixedwood Plain,St. Lawrence Drainage Area,NA - 04,Chromium (and its compounds),tonnes,Transfers for Recycling / Transferts pour recyclage,Metal Recovery,159.4236,https://www.canada.ca/en/environment-climate-change/services/national-pollutant-release-inventory/tools-resources-data/exploredata.html,POINT (-79.43316 44.62859)
npri-701-2023-46,2023,701,Kubota Materials Canada Corporation,,manufacturing,-79.43316,44.62859,Mixedwood Plain,St. Lawrence Drainage Area,NA - 05,Cobalt (and its compounds),kg,Transfers for Recycling / Transferts pour recyclage,Metal Recovery,990.9293,https://www.canada.ca/en/environment-climate-change/services/national-pollutant-release-inventory/tools-resources-data/exploredata.html,POINT (-79.43316 44.62859)
npri-701-2023-47,2023,701,Kubota Materials Canada Corporation,,manufacturing,-79.43316,44.62859,Mixedwood Plain,St. Lawrence Drainage Area,NA - 09,Manganese (and its compounds),tonnes,Transfers for Recycling / Transferts pour recyclage,Metal Recovery,6.0272,https://www.canada.ca/en/environment-climate-change/services/national-pollutant-release-inventory/tools-resources-data/exploredata.html,POINT (-79.43316 44.62859)
npri-701-2023-48,2023,701,Kubota Materials Canada Corporation,,manufacturing,-79.43316,44.62859,Mixedwood Plain,St. Lawrence Drainage Area,NA - 11,Nickel (and its compounds),tonnes,Transfers for Recycling / Transferts pour recyclage,Metal Recovery,185.9615,https://www.canada.ca/en/environment-climate-change/services/national-pollutant-release-inventory/tools-resources-data/exploredata.html,POINT (-79.43316 44.62859)
npri-701-2023-49,2023,701,Kubota Materials Canada Corporation,,manufacturing,-79.43316,44.62859,Mixedwood Plain,St. Lawrence Drainage Area,NA - 12,Selenium (and its compounds),kg,Transfers for Recycling / Transferts pour recyclage,Metal Recovery,326.7207,https://www.canada.ca/en/environment-climate-change/services/national-pollutant-release-inventory/tools-resources-data/exploredata.html,POINT (-79.43316 44.62859)
npri-1578-2023-5,2023,1578,"Laurel Steel, A division of Harris Steel ULC",,manufacturing,-79.75506,43.38789,Mixedwood Plain,St. Lawrence Drainage Area,NA - 08,Lead (and its compounds),kg,Transfers for Recycling / Transferts pour recyclage,Metal Recovery,494.0,https://www.canada.ca/en/environment-climate-change/services/national-pollutant-release-inventory/tools-resources-data/exploredata.html,POINT (-79.75506 43.38789)
npri-5409-2023-1,2023,5409,LES PRODUITS NON-FERREUX GAUTHIER - MONTRÉAL,,manufacturing,-73.5153,45.6499,Mixedwood Plain,St. Lawrence Drainage Area,NA - 08,Lead (and its compounds),kg,Transfers for Recycling / Transferts pour recyclage,Metal Recovery,140098.0,https://www.canada.ca/en/environment-climate-change/services/national-pollutant-release-inventory/tools-resources-data/exploredata.html,POINT (-73.5153 45.6499)
npri-32495-2023-2,2023,32495,Ljunghall Canada Ltd.,,manufacturing,-81.502263,43.28931,Mixedwood Plain,St. Lawrence Drainage Area,NA - 06,Copper (and its compounds),tonnes,Transfers for Recycling / Transferts pour recyclage,Metal Recovery,13.97,https://www.canada.ca/en/environment-climate-change/services/national-pollutant-release-inventory/tools-resources-data/exploredata.html,POINT (-81.502263 43.28931)
npri-32495-2023-3,2023,32495,Ljunghall Canada Ltd.,,manufacturing,-81.502263,43.28931,Mixedwood Plain,St. Lawrence Drainage Area,NA - 14,Zinc (and its compounds),tonnes,Transfers for Recycling / Transferts pour recyclage,Metal Recovery,5.99,https://www.canada.ca/en/environment-climate-change/services/national-pollutant-release-inventory/tools-resources-data/exploredata.html,POINT (-81.502263 43.28931)
npri-7080-2023-27,2023,7080,"Magellan Aerospace, Haley",,manufacturing,-76.74959,45.59646,Mixedwood Plain,St. Lawrence Drainage Area,NA - 14,Zinc (and its compounds),tonnes,Transfers for Recycling / Transferts pour recyclage,Metal Recovery,2.898,https://www.canada.ca/en/environment-climate-change/services/national-pollutant-release-inventory/tools-resources-data/exploredata.html,POINT (-76.74959 45.59646)
npri-10568-2023-29,2023,10568,Mauser Canada Limited - Burlington,,manufacturing,-79.7991,43.3625,Mixedwood Plain,St. Lawrence Drainage Area,NA - 04,Chromium (and its compounds),tonnes,Transfers for Recycling / Transferts pour recyclage,Metal Recovery,16.3,https://www.canada.ca/en/environment-climate-change/services/national-pollutant-release-inventory/tools-resources-data/exploredata.html,POINT (-79.7991 43.3625)
npri-10568-2023-30,2023,10568,Mauser Canada Limited - Burlington,,manufacturing,-79.7991,43.3625,Mixedwood Plain,St. Lawrence Drainage Area,NA - 09,Manganese (and its compounds),tonnes,Transfers for Recycling / Transferts pour recyclage,Metal Recovery,24.4,https://www.canada.ca/en/environment-climate-change/services/national-pollutant-release-inventory/tools-resources-data/exploredata.html,POINT (-79.7991 43.3625)
npri-31751-2023-17,2023,31751,Max Aicher (North America) Limited,,manufacturing,-79.82236,43.26654,Mixedwood Plain,St. Lawrence Drainage Area,NA - 04,Chromium (and its compounds),tonnes,Transfers for Recycling / Transferts pour recyclage,Metal Recovery,49.705,https://www.canada.ca/en/environment-climate-change/services/national-pollutant-release-inventory/tools-resources-data/exploredata.html,POINT (-79.82236 43.26654)
npri-31751-2023-18,2023,31751,Max Aicher (North America) Limited,,manufacturing,-79.82236,43.26654,Mixedwood Plain,St. Lawrence Drainage Area,NA - 05,Cobalt (and its compounds),kg,Transfers for Recycling / Transferts pour recyclage,Metal Recovery,14283.961,https://www.canada.ca/en/environment-climate-change/services/national-pollutant-release-inventory/tools-resources-data/exploredata.html,POINT (-79.82236 43.26654)
npri-31751-2023-19,2023,31751,Max Aicher (North America) Limited,,manufacturing,-79.82236,43.26654,Mixedwood Plain,St. Lawrence Drainage Area,NA - 06,Copper (and its compounds),tonnes,Transfers for Recycling / Transferts pour recyclage,Metal Recovery,14.284,https://www.canada.ca/en/environment-climate-change/services/national-pollutant-release-inventory/tools-resources-data/exploredata.html,POINT (-79.82236 43.26654)
npri-31751-2023-20,2023,31751,Max Aicher (North America) Limited,,manufacturing,-79.82236,43.26654,Mixedwood Plain,St. Lawrence Drainage Area,NA - 09,Manganese (and its compounds),tonnes,Transfers for Recycling / Transferts pour recyclage,Metal Recovery,79.001,https://www.canada.ca/en/environment-climate-change/services/national-pollutant-release-inventory/tools-resources-data/exploredata.html,POINT (-79.82236 43.26654)
npri-31751-2023-21,2023,31751,Max Aicher (North America) Limited,,manufacturing,-79.82236,43.26654,Mixedwood Plain,St. Lawrence Drainage Area,NA - 11,Nickel (and its compounds),tonnes,Transfers for Recycling / Transferts pour recyclage,Metal Recovery,23.467,https://www.canada.ca/en/environment-climate-change/services/national-pollutant-release-inventory/tools-resources-data/exploredata.html,POINT (-79.82236 43.26654)
npri-31751-2023-22,2023,31751,Max Aicher (North America) Limited,,manufacturing,-79.82236,43.26654,Mixedwood Plain,St. Lawrence Drainage Area,NA - 22,Phosphorus (total),tonnes,Transfers for Recycling / Transferts pour recyclage,Metal Recovery,6.257,https://www.canada.ca/en/environment-climate-change/services/national-pollutant-release-inventory/tools-resources-data/exploredata.html,POINT (-79.82236 43.26654)
npri-31751-2023-23,2023,31751,Max Aicher (North America) Limited,,manufacturing,-79.82236,43.26654,Mixedwood Plain,St. Lawrence Drainage Area,NA - 40,Vanadium (and its compounds),tonnes,Transfers for Recycling / Transferts pour recyclage,Metal Recovery,7.464,https://www.canada.ca/en/environment-climate-change/services/national-pollutant-release-inventory/tools-resources-data/exploredata.html,POINT (-79.82236 43.26654)
npri-7674-2023-10,2023,7674,Meridian Lightweight Technologies Inc,,manufacturing,-81.6114,42.9595,Mixedwood Plain,St. Lawrence Drainage Area,NA - 06,Copper (and its compounds),tonnes,Transfers for Recycling / Transferts pour recyclage,Metal Recovery,3.045,https://www.canada.ca/en/environment-climate-change/services/national-pollutant-release-inventory/tools-resources-data/exploredata.html,POINT (-81.6114 42.9595)
npri-7675-2023-5,2023,7675,Meridian Lightweight Technologies Inc. Plant E,,manufacturing,-81.6208,42.9907,Mixedwood Plain,St. Lawrence Drainage Area,NA - 06,Copper (and its compounds),tonnes,Transfers for Recycling / Transferts pour recyclage,Metal Recovery,0.067,https://www.canada.ca/en/environment-climate-change/services/national-pollutant-release-inventory/tools-resources-data/exploredata.html,POINT (-81.6208 42.9907)
npri-7674-2023-11,2023,7674,Meridian Lightweight Technologies Inc,,manufacturing,-81.6114,42.9595,Mixedwood Plain,St. Lawrence Drainage Area,NA - 09,Manganese (and its compounds),tonnes,Transfers for Recycling / Transferts pour recyclage,Metal Recovery,14.399,https://www.canada.ca/en/environment-climate-change/services/national-pollutant-release-inventory/tools-resources-data/exploredata.html,POINT (-81.6114 42.9595)
npri-7675-2023-6,2023,7675,Meridian Lightweight Technologies Inc. Plant E,,manufacturing,-81.6208,42.9907,Mixedwood Plain,St. Lawrence Drainage Area,NA - 09,Manganese (and its compounds),tonnes,Transfers for Recycling / Transferts pour recyclage,Metal Recovery,14.31,https://www.canada.ca/en/environment-climate-change/services/national-pollutant-release-inventory/tools-resources-data/exploredata.html,POINT (-81.6208 42.9907)
npri-7674-2023-12,2023,7674,Meridian Lightweight Technologies Inc,,manufacturing,-81.6114,42.9595,Mixedwood Plain,St. Lawrence Drainage Area,NA - 14,Zinc (and its compounds),tonnes,Transfers for Recycling / Transferts pour recyclage,Metal Recovery,5.581,https://www.canada.ca/en/environment-climate-change/services/national-pollutant-release-inventory/tools-resources-data/exploredata.html,POINT (-81.6114 42.9595)
npri-7675-2023-7,2023,7675,Meridian Lightweight Technologies Inc. Plant E,,manufacturing,-81.6208,42.9907,Mixedwood Plain,St. Lawrence Drainage Area,NA - 14,Zinc (and its compounds),tonnes,Transfers for Recycling / Transferts pour recyclage,Metal Recovery,3.384,https://www.canada.ca/en/environment-climate-change/services/national-pollutant-release-inventory/tools-resources-data/exploredata.html,POINT (-81.6208 42.9907)
npri-5402-2023-1,2023,5402,MOULAGE SOUS PRESSION AMT - Usine 2,,manufacturing,-69.02436,47.89032,Atlantic Maritime,St. Lawrence Drainage Area,7429-90-5,Aluminum (fume or dust only),tonnes,Transfers for Recycling / Transferts pour recyclage,Metal Recovery,618.1,https://www.canada.ca/en/environment-climate-change/services/national-pollutant-release-inventory/tools-resources-data/exploredata.html,POINT (-69.02436 47.89032)
npri-7134-2023-22,2023,7134,NATT Tools Group Inc.,,manufacturing,-79.829,43.2663,Mixedwood Plain,St. Lawrence Drainage Area,NA - 09,Manganese (and its compounds),tonnes,Transfers for Recycling / Transferts pour recyclage,Metal Recovery,44.26,https://www.canada.ca/en/environment-climate-change/services/national-pollutant-release-inventory/tools-resources-data/exploredata.html,POINT (-79.829 43.2663)
npri-959-2023-27,2023,959,Usine de coulée continue de Montréal-Est,,manufacturing,-73.5132,45.6291,Mixedwood Plain,St. Lawrence Drainage Area,NA - 06,Copper (and its compounds),tonnes,Transfers for Recycling / Transferts pour recyclage,Metal Recovery,469.86,https://www.canada.ca/en/environment-climate-change/services/national-pollutant-release-inventory/tools-resources-data/exploredata.html,POINT (-73.5132 45.6291)
npri-5761-2023-40,2023,5761,Niagara Investment Castings,,manufacturing,-79.2164,43.1664,Mixedwood Plain,St. Lawrence Drainage Area,NA - 04,Chromium (and its compounds),tonnes,Transfers for Recycling / Transferts pour recyclage,Metal Recovery,7.106,https://www.canada.ca/en/environment-climate-change/services/national-pollutant-release-inventory/tools-resources-data/exploredata.html,POINT (-79.2164 43.1664)
npri-5761-2023-41,2023,5761,Niagara Investment Castings,,manufacturing,-79.2164,43.1664,Mixedwood Plain,St. Lawrence Drainage Area,NA - 06,Copper (and its compounds),tonnes,Transfers for Recycling / Transferts pour recyclage,Metal Recovery,2.8856,https://www.canada.ca/en/environment-climate-change/services/national-pollutant-release-inventory/tools-resources-data/exploredata.html,POINT (-79.2164 43.1664)
npri-5761-2023-42,2023,5761,Niagara Investment Castings,,manufacturing,-79.2164,43.1664,Mixedwood Plain,St. Lawrence Drainage Area,NA - 08,Lead (and its compounds),kg,Transfers for Recycling / Transferts pour recyclage,Metal Recovery,173.1845,https://www.canada.ca/en/environment-climate-change/services/national-pollutant-release-inventory/tools-resources-data/exploredata.html,POINT (-79.2164 43.1664)
npri-5761-2023-43,2023,5761,Niagara Investment Castings,,manufacturing,-79.2164,43.1664,Mixedwood Plain,St. Lawrence Drainage Area,NA - 11,Nickel (and its compounds),tonnes,Transfers for Recycling / Transferts pour recyclage,Metal Recovery,3.4006,https://www.canada.ca/en/environment-climate-change/services/national-pollutant-release-inventory/tools-resources-data/exploredata.html,POINT (-79.2164 43.1664)
npri-7165-2023-9,2023,7165,Nova Steel Inc. - Stoney Creek,,manufacturing,-79.6829,43.2261,Mixedwood Plain,St. Lawrence Drainage Area,NA - 09,Manganese (and its compounds),tonnes,Transfers for Recycling / Transferts pour recyclage,Metal Recovery,250.1,https://www.canada.ca/en/environment-climate-change/services/national-pollutant-release-inventory/tools-resources-data/exploredata.html,POINT (-79.6829 43.2261)
npri-4197-2023-14,2023,4197,Kingston Works,,manufacturing,-76.5094,44.25036,Mixedwood Plain,St. Lawrence Drainage Area,NA - 09,Manganese (and its compounds),tonnes,Transfers for Recycling / Transferts pour recyclage,Metal Recovery,113.36905,https://www.canada.ca/en/environment-climate-change/services/national-pollutant-release-inventory/tools-resources-data/exploredata.html,POINT (-76.5094 44.25036)
npri-7433-2023-5,2023,7433,Precise Castings Elmira,,manufacturing,-80.5518,43.5886,Mixedwood Plain,St. Lawrence Drainage Area,NA - 04,Chromium (and its compounds),tonnes,Transfers for Recycling / Transferts pour recyclage,Metal Recovery,5.089,https://www.canada.ca/en/environment-climate-change/services/national-pollutant-release-inventory/tools-resources-data/exploredata.html,POINT (-80.5518 43.5886)
npri-7433-2023-6,2023,7433,Precise Castings Elmira,,manufacturing,-80.5518,43.5886,Mixedwood Plain,St. Lawrence Drainage Area,NA - 11,Nickel (and its compounds),tonnes,Transfers for Recycling / Transferts pour recyclage,Metal Recovery,1.546,https://www.canada.ca/en/environment-climate-change/services/national-pollutant-release-inventory/tools-resources-data/exploredata.html,POINT (-80.5518 43.5886)
npri-11372-2023-17,2023,11372,Ramsden Industries Ltd.,,manufacturing,-81.2015,42.9864,Mixedwood Plain,St. Lawrence Drainage Area,NA - 06,Copper (and its compounds),tonnes,Transfers for Recycling / Transferts pour recyclage,Metal Recovery,2.06,https://www.canada.ca/en/environment-climate-change/services/national-pollutant-release-inventory/tools-resources-data/exploredata.html,POINT (-81.2015 42.9864)
npri-11372-2023-18,2023,11372,Ramsden Industries Ltd.,,manufacturing,-81.2015,42.9864,Mixedwood Plain,St. Lawrence Drainage Area,NA - 14,Zinc (and its compounds),tonnes,Transfers for Recycling / Transferts pour recyclage,Metal Recovery,0.81,https://www.canada.ca/en/environment-climate-change/services/national-pollutant-release-inventory/tools-resources-data/exploredata.html,POINT (-81.2015 42.9864)
npri-5732-2023-41,2023,5732,Real Alloy Mississauga,,manufacturing,-79.6679,43.7014,Mixedwood Plain,St. Lawrence Drainage Area,NA - 06,Copper (and its compounds),tonnes,Transfers for Recycling / Transferts pour recyclage,Metal Recovery,4.905,https://www.canada.ca/en/environment-climate-change/services/national-pollutant-release-inventory/tools-resources-data/exploredata.html,POINT (-79.6679 43.7014)
npri-5732-2023-42,2023,5732,Real Alloy Mississauga,,manufacturing,-79.6679,43.7014,Mixedwood Plain,St. Lawrence Drainage Area,NA - 14,Zinc (and its compounds),tonnes,Transfers for Recycling / Transferts pour recyclage,Metal Recovery,3.924,https://www.canada.ca/en/environment-climate-change/services/national-pollutant-release-inventory/tools-resources-data/exploredata.html,POINT (-79.6679 43.7014)
npri-3060-2023-102,2023,3060,Usine Laterrière,,manufacturing,-71.1289,48.3007,Boreal Shield,St. Lawrence Drainage Area,NA - 04,Chromium (and its compounds),tonnes,Transfers for Recycling / Transferts pour recyclage,Metal Recovery,1.708,https://www.canada.ca/en/environment-climate-change/services/national-pollutant-release-inventory/tools-resources-data/exploredata.html,POINT (-71.1289 48.3007)
npri-3062-2023-167,2023,3062,Usine Grande-Baie,,manufacturing,-70.9267,48.3058,Boreal Shield,St. Lawrence Drainage Area,NA - 04,Chromium (and its compounds),tonnes,Transfers for Recycling / Transferts pour recyclage,Metal Recovery,0.24,https://www.canada.ca/en/environment-climate-change/services/national-pollutant-release-inventory/tools-resources-data/exploredata.html,POINT (-70.9267 48.3058)
npri-3060-2023-103,2023,3060,Usine Laterrière,,manufacturing,-71.1289,48.3007,Boreal Shield,St. Lawrence Drainage Area,NA - 06,Copper (and its compounds),tonnes,Transfers for Recycling / Transferts pour recyclage,Metal Recovery,3.144,https://www.canada.ca/en/environment-climate-change/services/national-pollutant-release-inventory/tools-resources-data/exploredata.html,POINT (-71.1289 48.3007)
npri-3062-2023-168,2023,3062,Usine Grande-Baie,,manufacturing,-70.9267,48.3058,Boreal Shield,St. Lawrence Drainage Area,NA - 06,Copper (and its compounds),tonnes,Transfers for Recycling / Transferts pour recyclage,Metal Recovery,2.33,https://www.canada.ca/en/environment-climate-change/services/national-pollutant-release-inventory/tools-resources-data/exploredata.html,POINT (-70.9267 48.3058)
npri-8706-2023-29,2023,8706,Usine Dubuc,,manufacturing,-71.1301,48.4095,Boreal Shield,St. Lawrence Drainage Area,NA - 06,Copper (and its compounds),tonnes,Transfers for Recycling / Transferts pour recyclage,Metal Recovery,1.36,https://www.canada.ca/en/environment-climate-change/services/national-pollutant-release-inventory/tools-resources-data/exploredata.html,POINT (-71.1301 48.4095)
npri-2788-2023-213,2023,2788,Rio Tinto Alcan Inc.,,manufacturing,-128.7036,54.0102,Pacific Maritime,Pacific Drainage Area,NA - 09,Manganese (and its compounds),tonnes,Transfers for Recycling / Transferts pour recyclage,Metal Recovery,5.87,https://www.canada.ca/en/environment-climate-change/services/national-pollutant-release-inventory/tools-resources-data/exploredata.html,POINT (-128.7036 54.0102)
npri-3060-2023-104,2023,3060,Usine Laterrière,,manufacturing,-71.1289,48.3007,Boreal Shield,St. Lawrence Drainage Area,NA - 09,Manganese (and its compounds),tonnes,Transfers for Recycling / Transferts pour recyclage,Metal Recovery,15.802,https://www.canada.ca/en/environment-climate-change/services/national-pollutant-release-inventory/tools-resources-data/exploredata.html,POINT (-71.1289 48.3007)
npri-3062-2023-169,2023,3062,Usine Grande-Baie,,manufacturing,-70.9267,48.3058,Boreal Shield,St. Lawrence Drainage Area,NA - 09,Manganese (and its compounds),tonnes,Transfers for Recycling / Transferts pour recyclage,Metal Recovery,11.22,https://www.canada.ca/en/environment-climate-change/services/national-pollutant-release-inventory/tools-resources-data/exploredata.html,POINT (-70.9267 48.3058)
npri-3406-2023-161,2023,3406,Usine Arvida,,manufacturing,-71.1599,48.4274,Boreal Shield,St. Lawrence Drainage Area,NA - 09,Manganese (and its compounds),tonnes,Transfers for Recycling / Transferts pour recyclage,Metal Recovery,1.085,https://www.canada.ca/en/environment-climate-change/services/national-pollutant-release-inventory/tools-resources-data/exploredata.html,POINT (-71.1599 48.4274)
npri-3060-2023-105,2023,3060,Usine Laterrière,,manufacturing,-71.1289,48.3007,Boreal Shield,St. Lawrence Drainage Area,NA - 14,Zinc (and its compounds),tonnes,Transfers for Recycling / Transferts pour recyclage,Metal Recovery,3.836,https://www.canada.ca/en/environment-climate-change/services/national-pollutant-release-inventory/tools-resources-data/exploredata.html,POINT (-71.1289 48.3007)
npri-4806-2023-227,2023,4806,Rio Tinto Fer et Titane inc.- Complexe  de Sorel-Tracy,,manufacturing,-73.13692,46.04043,Mixedwood Plain,St. Lawrence Drainage Area,NA - 02,Arsenic (and its compounds),kg,Transfers for Recycling / Transferts pour recyclage,Metal Recovery,1351.9,https://www.canada.ca/en/environment-climate-change/services/national-pollutant-release-inventory/tools-resources-data/exploredata.html,POINT (-73.13692 46.04043)
npri-4806-2023-228,2023,4806,Rio Tinto Fer et Titane inc.- Complexe  de Sorel-Tracy,,manufacturing,-73.13692,46.04043,Mixedwood Plain,St. Lawrence Drainage Area,NA - 03,Cadmium (and its compounds),kg,Transfers for Recycling / Transferts pour recyclage,Metal Recovery,237.9,https://www.canada.ca/en/environment-climate-change/services/national-pollutant-release-inventory/tools-resources-data/exploredata.html,POINT (-73.13692 46.04043)
npri-4806-2023-229,2023,4806,Rio Tinto Fer et Titane inc.- Complexe  de Sorel-Tracy,,manufacturing,-73.13692,46.04043,Mixedwood Plain,St. Lawrence Drainage Area,NA - 04,Chromium (and its compounds),tonnes,Transfers for Recycling / Transferts pour recyclage,Metal Recovery,53.9,https://www.canada.ca/en/environment-climate-change/services/national-pollutant-release-inventory/tools-resources-data/exploredata.html,POINT (-73.13692 46.04043)
npri-4806-2023-230,2023,4806,Rio Tinto Fer et Titane inc.- Complexe  de Sorel-Tracy,,manufacturing,-73.13692,46.04043,Mixedwood Plain,St. Lawrence Drainage Area,NA - 05,Cobalt (and its compounds),kg,Transfers for Recycling / Transferts pour recyclage,Metal Recovery,32567.6,https://www.canada.ca/en/environment-climate-change/services/national-pollutant-release-inventory/tools-resources-data/exploredata.html,POINT (-73.13692 46.04043)
npri-4806-2023-231,2023,4806,Rio Tinto Fer et Titane inc.- Complexe  de Sorel-Tracy,,manufacturing,-73.13692,46.04043,Mixedwood Plain,St. Lawrence Drainage Area,NA - 06,Copper (and its compounds),tonnes,Transfers for Recycling / Transferts pour recyclage,Metal Recovery,16.5,https://www.canada.ca/en/environment-climate-change/services/national-pollutant-release-inventory/tools-resources-data/exploredata.html,POINT (-73.13692 46.04043)
npri-4806-2023-232,2023,4806,Rio Tinto Fer et Titane inc.- Complexe  de Sorel-Tracy,,manufacturing,-73.13692,46.04043,Mixedwood Plain,St. Lawrence Drainage Area,NA - 08,Lead (and its compounds),kg,Transfers for Recycling / Transferts pour recyclage,Metal Recovery,3547.4,https://www.canada.ca/en/environment-climate-change/services/national-pollutant-release-inventory/tools-resources-data/exploredata.html,POINT (-73.13692 46.04043)
npri-4806-2023-233,2023,4806,Rio Tinto Fer et Titane inc.- Complexe  de Sorel-Tracy,,manufacturing,-73.13692,46.04043,Mixedwood Plain,St. Lawrence Drainage Area,NA - 09,Manganese (and its compounds),tonnes,Transfers for Recycling / Transferts pour recyclage,Metal Recovery,72.6,https://www.canada.ca/en/environment-climate-change/services/national-pollutant-release-inventory/tools-resources-data/exploredata.html,POINT (-73.13692 46.04043)
npri-4806-2023-234,2023,4806,Rio Tinto Fer et Titane inc.- Complexe  de Sorel-Tracy,,manufacturing,-73.13692,46.04043,Mixedwood Plain,St. Lawrence Drainage Area,NA - 10,Mercury (and its compounds),kg,Transfers for Recycling / Transferts pour recyclage,Metal Recovery,328.6,https://www.canada.ca/en/environment-climate-change/services/national-pollutant-release-inventory/tools-resources-data/exploredata.html,POINT (-73.13692 46.04043)
npri-4806-2023-235,2023,4806,Rio Tinto Fer et Titane inc.- Complexe  de Sorel-Tracy,,manufacturing,-73.13692,46.04043,Mixedwood Plain,St. Lawrence Drainage Area,NA - 11,Nickel (and its compounds),tonnes,Transfers for Recycling / Transferts pour recyclage,Metal Recovery,16.0,https://www.canada.ca/en/environment-climate-change/services/national-pollutant-release-inventory/tools-resources-data/exploredata.html,POINT (-73.13692 46.04043)
npri-4806-2023-236,2023,4806,Rio Tinto Fer et Titane inc.- Complexe  de Sorel-Tracy,,manufacturing,-73.13692,46.04043,Mixedwood Plain,St. Lawrence Drainage Area,NA - 22,Phosphorus (total),tonnes,Transfers for Recycling / Transferts pour recyclage,Metal Recovery,4.4,https://www.canada.ca/en/environment-climate-change/services/national-pollutant-release-inventory/tools-resources-data/exploredata.html,POINT (-73.13692 46.04043)
npri-4806-2023-237,2023,4806,Rio Tinto Fer et Titane inc.- Complexe  de Sorel-Tracy,,manufacturing,-73.13692,46.04043,Mixedwood Plain,St. Lawrence Drainage Area,NA - 12,Selenium (and its compounds),kg,Transfers for Recycling / Transferts pour recyclage,Metal Recovery,300.3,https://www.canada.ca/en/environment-climate-change/services/national-pollutant-release-inventory/tools-resources-data/exploredata.html,POINT (-73.13692 46.04043)
npri-4806-2023-238,2023,4806,Rio Tinto Fer et Titane inc.- Complexe  de Sorel-Tracy,,manufacturing,-73.13692,46.04043,Mixedwood Plain,St. Lawrence Drainage Area,NA - 40,Vanadium (and its compounds),tonnes,Transfers for Recycling / Transferts pour recyclage,Metal Recovery,200.9,https://www.canada.ca/en/environment-climate-change/services/national-pollutant-release-inventory/tools-resources-data/exploredata.html,POINT (-73.13692 46.04043)
npri-4806-2023-239,2023,4806,Rio Tinto Fer et Titane inc.- Complexe  de Sorel-Tracy,,manufacturing,-73.13692,46.04043,Mixedwood Plain,St. Lawrence Drainage Area,NA - 14,Zinc (and its compounds),tonnes,Transfers for Recycling / Transferts pour recyclage,Metal Recovery,107.5,https://www.canada.ca/en/environment-climate-change/services/national-pollutant-release-inventory/tools-resources-data/exploredata.html,POINT (-73.13692 46.04043)
npri-2544-2023-23,2023,2544,Riverside Brass - Waterloo Street,,manufacturing,-80.7141,43.3817,Mixedwood Plain,St. Lawrence Drainage Area,NA - 06,Copper (and its compounds),tonnes,Transfers for Recycling / Transferts pour recyclage,Metal Recovery,59.584,https://www.canada.ca/en/environment-climate-change/services/national-pollutant-release-inventory/tools-resources-data/exploredata.html,POINT (-80.7141 43.3817)
npri-4978-2023-22,2023,4978,Riverside Brass - Hamilton Road,,manufacturing,-80.7027,43.3857,Mixedwood Plain,St. Lawrence Drainage Area,NA - 06,Copper (and its compounds),tonnes,Transfers for Recycling / Transferts pour recyclage,Metal Recovery,153.485,https://www.canada.ca/en/environment-climate-change/services/national-pollutant-release-inventory/tools-resources-data/exploredata.html,POINT (-80.7027 43.3857)
npri-2544-2023-24,2023,2544,Riverside Brass - Waterloo Street,,manufacturing,-80.7141,43.3817,Mixedwood Plain,St. Lawrence Drainage Area,NA - 11,Nickel (and its compounds),tonnes,Transfers for Recycling / Transferts pour recyclage,Metal Recovery,0.853,https://www.canada.ca/en/environment-climate-change/services/national-pollutant-release-inventory/tools-resources-data/exploredata.html,POINT (-80.7141 43.3817)
npri-4978-2023-23,2023,4978,Riverside Brass - Hamilton Road,,manufacturing,-80.7027,43.3857,Mixedwood Plain,St. Lawrence Drainage Area,NA - 11,Nickel (and its compounds),tonnes,Transfers for Recycling / Transferts pour recyclage,Metal Recovery,1.916,https://www.canada.ca/en/environment-climate-change/services/national-pollutant-release-inventory/tools-resources-data/exploredata.html,POINT (-80.7027 43.3857)
npri-2544-2023-25,2023,2544,Riverside Brass - Waterloo Street,,manufacturing,-80.7141,43.3817,Mixedwood Plain,St. Lawrence Drainage Area,NA - 14,Zinc (and its compounds),tonnes,Transfers for Recycling / Transferts pour recyclage,Metal Recovery,8.913,https://www.canada.ca/en/environment-climate-change/services/national-pollutant-release-inventory/tools-resources-data/exploredata.html,POINT (-80.7141 43.3817)
npri-4978-2023-24,2023,4978,Riverside Brass - Hamilton Road,,manufacturing,-80.7027,43.3857,Mixedwood Plain,St. Lawrence Drainage Area,NA - 14,Zinc (and its compounds),tonnes,Transfers for Recycling / Transferts pour recyclage,Metal Recovery,16.616,https://www.canada.ca/en/environment-climate-change/services/national-pollutant-release-inventory/tools-resources-data/exploredata.html,POINT (-80.7027 43.3857)
npri-29088-2023-59,2023,29088,Scepter Aluminium Saguenay,,manufacturing,-71.12872,48.41042,Boreal Shield,St. Lawrence Drainage Area,7429-90-5,Aluminum (fume or dust only),tonnes,Transfers for Recycling / Transferts pour recyclage,Metal Recovery,566.7,https://www.canada.ca/en/environment-climate-change/services/national-pollutant-release-inventory/tools-resources-data/exploredata.html,POINT (-71.12872 48.41042)
npri-29088-2023-60,2023,29088,Scepter Aluminium Saguenay,,manufacturing,-71.12872,48.41042,Boreal Shield,St. Lawrence Drainage Area,NA - 04,Chromium (and its compounds),tonnes,Transfers for Recycling / Transferts pour recyclage,Metal Recovery,4.0,https://www.canada.ca/en/environment-climate-change/services/national-pollutant-release-inventory/tools-resources-data/exploredata.html,POINT (-71.12872 48.41042)
npri-29088-2023-61,2023,29088,Scepter Aluminium Saguenay,,manufacturing,-71.12872,48.41042,Boreal Shield,St. Lawrence Drainage Area,NA - 09,Manganese (and its compounds),tonnes,Transfers for Recycling / Transferts pour recyclage,Metal Recovery,59.4,https://www.canada.ca/en/environment-climate-change/services/national-pollutant-release-inventory/tools-resources-data/exploredata.html,POINT (-71.12872 48.41042)
npri-29088-2023-62,2023,29088,Scepter Aluminium Saguenay,,manufacturing,-71.12872,48.41042,Boreal Shield,St. Lawrence Drainage Area,NA - 40,Vanadium (and its compounds),tonnes,Transfers for Recycling / Transferts pour recyclage,Metal Recovery,15.1,https://www.canada.ca/en/environment-climate-change/services/national-pollutant-release-inventory/tools-resources-data/exploredata.html,POINT (-71.12872 48.41042)
npri-29088-2023-63,2023,29088,Scepter Aluminium Saguenay,,manufacturing,-71.12872,48.41042,Boreal Shield,St. Lawrence Drainage Area,NA - 14,Zinc (and its compounds),tonnes,Transfers for Recycling / Transferts pour recyclage,Metal Recovery,24.9,https://www.canada.ca/en/environment-climate-change/services/national-pollutant-release-inventory/tools-resources-data/exploredata.html,POINT (-71.12872 48.41042)
npri-3282-2023-26,2023,3282,Pickering,,manufacturing,-79.0586,43.82688,Mixedwood Plain,St. Lawrence Drainage Area,NA - 06,Copper (and its compounds),tonnes,Transfers for Recycling / Transferts pour recyclage,Metal Recovery,0.918,https://www.canada.ca/en/environment-climate-change/services/national-pollutant-release-inventory/tools-resources-data/exploredata.html,POINT (-79.0586 43.82688)
npri-3282-2023-27,2023,3282,Pickering,,manufacturing,-79.0586,43.82688,Mixedwood Plain,St. Lawrence Drainage Area,NA - 09,Manganese (and its compounds),tonnes,Transfers for Recycling / Transferts pour recyclage,Metal Recovery,0.741,https://www.canada.ca/en/environment-climate-change/services/national-pollutant-release-inventory/tools-resources-data/exploredata.html,POINT (-79.0586 43.82688)
npri-3282-2023-28,2023,3282,Pickering,,manufacturing,-79.0586,43.82688,Mixedwood Plain,St. Lawrence Drainage Area,NA - 14,Zinc (and its compounds),tonnes,Transfers for Recycling / Transferts pour recyclage,Metal Recovery,10.09,https://www.canada.ca/en/environment-climate-change/services/national-pollutant-release-inventory/tools-resources-data/exploredata.html,POINT (-79.0586 43.82688)
npri-2938-2023-124,2023,2938,SOCIÉTÉ EN COMMANDITE REVENU NORANDA - VALLEYFIELD,,manufacturing,-74.0981,45.2283,Mixedwood Plain,St. Lawrence Drainage Area,NA - 02,Arsenic (and its compounds),kg,Transfers for Recycling / Transferts pour recyclage,Metal Recovery,1133.4,https://www.canada.ca/en/environment-climate-change/services/national-pollutant-release-inventory/tools-resources-data/exploredata.html,POINT (-74.0981 45.2283)
npri-2938-2023-125,2023,2938,SOCIÉTÉ EN COMMANDITE REVENU NORANDA - VALLEYFIELD,,manufacturing,-74.0981,45.2283,Mixedwood Plain,St. Lawrence Drainage Area,NA - 03,Cadmium (and its compounds),kg,Transfers for Recycling / Transferts pour recyclage,Metal Recovery,140834.1,https://www.canada.ca/en/environment-climate-change/services/national-pollutant-release-inventory/tools-resources-data/exploredata.html,POINT (-74.0981 45.2283)
npri-2938-2023-126,2023,2938,SOCIÉTÉ EN COMMANDITE REVENU NORANDA - VALLEYFIELD,,manufacturing,-74.0981,45.2283,Mixedwood Plain,St. Lawrence Drainage Area,NA - 05,Cobalt (and its compounds),kg,Transfers for Recycling / Transferts pour recyclage,Metal Recovery,17519.9,https://www.canada.ca/en/environment-climate-change/services/national-pollutant-release-inventory/tools-resources-data/exploredata.html,POINT (-74.0981 45.2283)
npri-2938-2023-127,2023,2938,SOCIÉTÉ EN COMMANDITE REVENU NORANDA - VALLEYFIELD,,manufacturing,-74.0981,45.2283,Mixedwood Plain,St. Lawrence Drainage Area,NA - 06,Copper (and its compounds),tonnes,Transfers for Recycling / Transferts pour recyclage,Metal Recovery,2517.5,https://www.canada.ca/en/environment-climate-change/services/national-pollutant-release-inventory/tools-resources-data/exploredata.html,POINT (-74.0981 45.2283)
npri-2938-2023-128,2023,2938,SOCIÉTÉ EN COMMANDITE REVENU NORANDA - VALLEYFIELD,,manufacturing,-74.0981,45.2283,Mixedwood Plain,St. Lawrence Drainage Area,NA - 08,Lead (and its compounds),kg,Transfers for Recycling / Transferts pour recyclage,Metal Recovery,657468.0,https://www.canada.ca/en/environment-climate-change/services/national-pollutant-release-inventory/tools-resources-data/exploredata.html,POINT (-74.0981 45.2283)
npri-2938-2023-129,2023,2938,SOCIÉTÉ EN COMMANDITE REVENU NORANDA - VALLEYFIELD,,manufacturing,-74.0981,45.2283,Mixedwood Plain,St. Lawrence Drainage Area,NA - 09,Manganese (and its compounds),tonnes,Transfers for Recycling / Transferts pour recyclage,Metal Recovery,260.2,https://www.canada.ca/en/environment-climate-change/services/national-pollutant-release-inventory/tools-resources-data/exploredata.html,POINT (-74.0981 45.2283)
npri-2938-2023-130,2023,2938,SOCIÉTÉ EN COMMANDITE REVENU NORANDA - VALLEYFIELD,,manufacturing,-74.0981,45.2283,Mixedwood Plain,St. Lawrence Drainage Area,NA - 14,Zinc (and its compounds),tonnes,Transfers for Recycling / Transferts pour recyclage,Metal Recovery,279.1,https://www.canada.ca/en/environment-climate-change/services/national-pollutant-release-inventory/tools-resources-data/exploredata.html,POINT (-74.0981 45.2283)
npri-3855-2023-390,2023,3855,Lake Erie,,manufacturing,-80.0967,42.81,Mixedwood Plain,St. Lawrence Drainage Area,NA - 03,Cadmium (and its compounds),kg,Transfers for Recycling / Transferts pour recyclage,Metal Recovery,634.1,https://www.canada.ca/en/environment-climate-change/services/national-pollutant-release-inventory/tools-resources-data/exploredata.html,POINT (-80.0967 42.81)
npri-2984-2023-337,2023,2984,Hamilton,,manufacturing,-79.8246,43.26926,Mixedwood Plain,St. Lawrence Drainage Area,NA - 04,Chromium (and its compounds),tonnes,Transfers for Recycling / Transferts pour recyclage,Metal Recovery,1.4216,https://www.canada.ca/en/environment-climate-change/services/national-pollutant-release-inventory/tools-resources-data/exploredata.html,POINT (-79.8246 43.26926)
npri-3855-2023-391,2023,3855,Lake Erie,,manufacturing,-80.0967,42.81,Mixedwood Plain,St. Lawrence Drainage Area,NA - 04,Chromium (and its compounds),tonnes,Transfers for Recycling / Transferts pour recyclage,Metal Recovery,262.216,https://www.canada.ca/en/environment-climate-change/services/national-pollutant-release-inventory/tools-resources-data/exploredata.html,POINT (-80.0967 42.81)
npri-3855-2023-392,2023,3855,Lake Erie,,manufacturing,-80.0967,42.81,Mixedwood Plain,St. Lawrence Drainage Area,NA - 05,Cobalt (and its compounds),kg,Transfers for Recycling / Transferts pour recyclage,Metal Recovery,3131.6,https://www.canada.ca/en/environment-climate-change/services/national-pollutant-release-inventory/tools-resources-data/exploredata.html,POINT (-80.0967 42.81)
npri-3855-2023-393,2023,3855,Lake Erie,,manufacturing,-80.0967,42.81,Mixedwood Plain,St. Lawrence Drainage Area,NA - 06,Copper (and its compounds),tonnes,Transfers for Recycling / Transferts pour recyclage,Metal Recovery,24.8202,https://www.canada.ca/en/environment-climate-change/services/national-pollutant-release-inventory/tools-resources-data/exploredata.html,POINT (-80.0967 42.81)
npri-2984-2023-338,2023,2984,Hamilton,,manufacturing,-79.8246,43.26926,Mixedwood Plain,St. Lawrence Drainage Area,NA - 08,Lead (and its compounds),kg,Transfers for Recycling / Transferts pour recyclage,Metal Recovery,4848.28,https://www.canada.ca/en/environment-climate-change/services/national-pollutant-release-inventory/tools-resources-data/exploredata.html,POINT (-79.8246 43.26926)
npri-3855-2023-394,2023,3855,Lake Erie,,manufacturing,-80.0967,42.81,Mixedwood Plain,St. Lawrence Drainage Area,NA - 08,Lead (and its compounds),kg,Transfers for Recycling / Transferts pour recyclage,Metal Recovery,13982.2,https://www.canada.ca/en/environment-climate-change/services/national-pollutant-release-inventory/tools-resources-data/exploredata.html,POINT (-80.0967 42.81)
npri-2984-2023-339,2023,2984,Hamilton,,manufacturing,-79.8246,43.26926,Mixedwood Plain,St. Lawrence Drainage Area,NA - 09,Manganese (and its compounds),tonnes,Transfers for Recycling / Transferts pour recyclage,Metal Recovery,34.5974,https://www.canada.ca/en/environment-climate-change/services/national-pollutant-release-inventory/tools-resources-data/exploredata.html,POINT (-79.8246 43.26926)
npri-3855-2023-395,2023,3855,Lake Erie,,manufacturing,-80.0967,42.81,Mixedwood Plain,St. Lawrence Drainage Area,NA - 09,Manganese (and its compounds),tonnes,Transfers for Recycling / Transferts pour recyclage,Metal Recovery,5592.396,https://www.canada.ca/en/environment-climate-change/services/national-pollutant-release-inventory/tools-resources-data/exploredata.html,POINT (-80.0967 42.81)
npri-3855-2023-396,2023,3855,Lake Erie,,manufacturing,-80.0967,42.81,Mixedwood Plain,St. Lawrence Drainage Area,NA - 10,Mercury (and its compounds),kg,Transfers for Recycling / Transferts pour recyclage,Metal Recovery,34.077,https://www.canada.ca/en/environment-climate-change/services/national-pollutant-release-inventory/tools-resources-data/exploredata.html,POINT (-80.0967 42.81)
npri-3855-2023-397,2023,3855,Lake Erie,,manufacturing,-80.0967,42.81,Mixedwood Plain,St. Lawrence Drainage Area,NA - 11,Nickel (and its compounds),tonnes,Transfers for Recycling / Transferts pour recyclage,Metal Recovery,16.9663,https://www.canada.ca/en/environment-climate-change/services/national-pollutant-release-inventory/tools-resources-data/exploredata.html,POINT (-80.0967 42.81)
npri-3855-2023-398,2023,3855,Lake Erie,,manufacturing,-80.0967,42.81,Mixedwood Plain,St. Lawrence Drainage Area,NA - 12,Selenium (and its compounds),kg,Transfers for Recycling / Transferts pour recyclage,Metal Recovery,4842.22,https://www.canada.ca/en/environment-climate-change/services/national-pollutant-release-inventory/tools-resources-data/exploredata.html,POINT (-80.0967 42.81)
npri-3855-2023-399,2023,3855,Lake Erie,,manufacturing,-80.0967,42.81,Mixedwood Plain,St. Lawrence Drainage Area,NA - 40,Vanadium (and its compounds),tonnes,Transfers for Recycling / Transferts pour recyclage,Metal Recovery,127.7477,https://www.canada.ca/en/environment-climate-change/services/national-pollutant-release-inventory/tools-resources-data/exploredata.html,POINT (-80.0967 42.81)
npri-2984-2023-340,2023,2984,Hamilton,,manufacturing,-79.8246,43.26926,Mixedwood Plain,St. Lawrence Drainage Area,NA - 14,Zinc (and its compounds),tonnes,Transfers for Recycling / Transferts pour recyclage,Metal Recovery,996.7439,https://www.canada.ca/en/environment-climate-change/services/national-pollutant-release-inventory/tools-resources-data/exploredata.html,POINT (-79.8246 43.26926)
npri-3855-2023-400,2023,3855,Lake Erie,,manufacturing,-80.0967,42.81,Mixedwood Plain,St. Lawrence Drainage Area,NA - 14,Zinc (and its compounds),tonnes,Transfers for Recycling / Transferts pour recyclage,Metal Recovery,1072.7919,https://www.canada.ca/en/environment-climate-change/services/national-pollutant-release-inventory/tools-resources-data/exploredata.html,POINT (-80.0967 42.81)
npri-21-2023-12,2023,21,Bolton Plant,,manufacturing,-79.73171,43.86669,Mixedwood Plain,St. Lawrence Drainage Area,NA - 14,Zinc (and its compounds),tonnes,Transfers for Recycling / Transferts pour recyclage,Metal Recovery,163.0,https://www.canada.ca/en/environment-climate-change/services/national-pollutant-release-inventory/tools-resources-data/exploredata.html,POINT (-79.73171 43.86669)
npri-4205-2023-3,2023,4205,A.H. TALLMAN BRONZE CO LTD,,manufacturing,-79.81432,43.34678,Mixedwood Plain,St. Lawrence Drainage Area,NA - 06,Copper (and its compounds),tonnes,Transfers for Recycling / Transferts pour recyclage,Metal Recovery,19.29,https://www.canada.ca/en/environment-climate-change/services/national-pollutant-release-inventory/tools-resources-data/exploredata.html,POINT (-79.81432 43.34678)
npri-3802-2023-202,2023,3802,Trail Operations,,manufacturing,-117.7178,49.0999,Montane Cordillera,Pacific Drainage Area,NA - 01,Antimony (and its compounds),tonnes,Transfers for Recycling / Transferts pour recyclage,Metal Recovery,220.2,https://www.canada.ca/en/environment-climate-change/services/national-pollutant-release-inventory/tools-resources-data/exploredata.html,POINT (-117.7178 49.0999)
npri-3802-2023-203,2023,3802,Trail Operations,,manufacturing,-117.7178,49.0999,Montane Cordillera,Pacific Drainage Area,NA - 02,Arsenic (and its compounds),kg,Transfers for Recycling / Transferts pour recyclage,Metal Recovery,58395.0,https://www.canada.ca/en/environment-climate-change/services/national-pollutant-release-inventory/tools-resources-data/exploredata.html,POINT (-117.7178 49.0999)
npri-3802-2023-204,2023,3802,Trail Operations,,manufacturing,-117.7178,49.0999,Montane Cordillera,Pacific Drainage Area,NA - 03,Cadmium (and its compounds),kg,Transfers for Recycling / Transferts pour recyclage,Metal Recovery,382506.0,https://www.canada.ca/en/environment-climate-change/services/national-pollutant-release-inventory/tools-resources-data/exploredata.html,POINT (-117.7178 49.0999)
npri-3802-2023-205,2023,3802,Trail Operations,,manufacturing,-117.7178,49.0999,Montane Cordillera,Pacific Drainage Area,NA - 06,Copper (and its compounds),tonnes,Transfers for Recycling / Transferts pour recyclage,Metal Recovery,594.75,https://www.canada.ca/en/environment-climate-change/services/national-pollutant-release-inventory/tools-resources-data/exploredata.html,POINT (-117.7178 49.0999)
npri-3802-2023-206,2023,3802,Trail Operations,,manufacturing,-117.7178,49.0999,Montane Cordillera,Pacific Drainage Area,NA - 08,Lead (and its compounds),kg,Transfers for Recycling / Transferts pour recyclage,Metal Recovery,923720.0,https://www.canada.ca/en/environment-climate-change/services/national-pollutant-release-inventory/tools-resources-data/exploredata.html,POINT (-117.7178 49.0999)
npri-3802-2023-207,2023,3802,Trail Operations,,manufacturing,-117.7178,49.0999,Montane Cordillera,Pacific Drainage Area,NA - 13,Silver (and its compounds),tonnes,Transfers for Recycling / Transferts pour recyclage,Metal Recovery,0.72,https://www.canada.ca/en/environment-climate-change/services/national-pollutant-release-inventory/tools-resources-data/exploredata.html,POINT (-117.7178 49.0999)
npri-3802-2023-208,2023,3802,Trail Operations,,manufacturing,-117.7178,49.0999,Montane Cordillera,Pacific Drainage Area,NA - 37,Thallium (and its compounds),kg,Transfers for Recycling / Transferts pour recyclage,Metal Recovery,32.98,https://www.canada.ca/en/environment-climate-change/services/national-pollutant-release-inventory/tools-resources-data/exploredata.html,POINT (-117.7178 49.0999)
npri-3802-2023-209,2023,3802,Trail Operations,,manufacturing,-117.7178,49.0999,Montane Cordillera,Pacific Drainage Area,NA - 14,Zinc (and its compounds),tonnes,Transfers for Recycling / Transferts pour recyclage,Metal Recovery,172.49,https://www.canada.ca/en/environment-climate-change/services/national-pollutant-release-inventory/tools-resources-data/exploredata.html,POINT (-117.7178 49.0999)
npri-27111-2023-16,2023,27111,Union Drawn Steel,,manufacturing,-79.80834,43.25923,Mixedwood Plain,St. Lawrence Drainage Area,NA - 04,Chromium (and its compounds),tonnes,Transfers for Recycling / Transferts pour recyclage,Metal Recovery,16.9235,https://www.canada.ca/en/environment-climate-change/services/national-pollutant-release-inventory/tools-resources-data/exploredata.html,POINT (-79.80834 43.25923)
npri-27111-2023-17,2023,27111,Union Drawn Steel,,manufacturing,-79.80834,43.25923,Mixedwood Plain,St. Lawrence Drainage Area,NA - 06,Copper (and its compounds),tonnes,Transfers for Recycling / Transferts pour recyclage,Metal Recovery,9.2367,https://www.canada.ca/en/environment-climate-change/services/national-pollutant-release-inventory/tools-resources-data/exploredata.html,POINT (-79.80834 43.25923)
npri-27111-2023-18,2023,27111,Union Drawn Steel,,manufacturing,-79.80834,43.25923,Mixedwood Plain,St. Lawrence Drainage Area,NA - 09,Manganese (and its compounds),tonnes,Transfers for Recycling / Transferts pour recyclage,Metal Recovery,25.8586,https://www.canada.ca/en/environment-climate-change/services/national-pollutant-release-inventory/tools-resources-data/exploredata.html,POINT (-79.80834 43.25923)
npri-27111-2023-19,2023,27111,Union Drawn Steel,,manufacturing,-79.80834,43.25923,Mixedwood Plain,St. Lawrence Drainage Area,NA - 11,Nickel (and its compounds),tonnes,Transfers for Recycling / Transferts pour recyclage,Metal Recovery,13.6858,https://www.canada.ca/en/environment-climate-change/services/national-pollutant-release-inventory/tools-resources-data/exploredata.html,POINT (-79.80834 43.25923)
npri-3991-2023-63,2023,3991,Precious Metals Division,,manufacturing,-79.7219,43.6912,Mixedwood Plain,St. Lawrence Drainage Area,7782-50-5,Chlorine,tonnes,Transfers for Recycling / Transferts pour recyclage,Inorganic Compound Recovery,14.959,https://www.canada.ca/en/environment-climate-change/services/national-pollutant-release-inventory/tools-resources-data/exploredata.html,POINT (-79.7219 43.6912)
npri-4330-2023-41,2023,4330,Fonderie Bibby Ste-Croix,,manufacturing,-71.7361,46.6236,Mixedwood Plain,St. Lawrence Drainage Area,NA - 03,Cadmium (and its compounds),kg,Transfers for Recycling / Transferts pour recyclage,Inorganic Compound Recovery,2.71,https://www.canada.ca/en/environment-climate-change/services/national-pollutant-release-inventory/tools-resources-data/exploredata.html,POINT (-71.7361 46.6236)
npri-4330-2023-42,2023,4330,Fonderie Bibby Ste-Croix,,manufacturing,-71.7361,46.6236,Mixedwood Plain,St. Lawrence Drainage Area,NA - 08,Lead (and its compounds),kg,Transfers for Recycling / Transferts pour recyclage,Inorganic Compound Recovery,90.48,https://www.canada.ca/en/environment-climate-change/services/national-pollutant-release-inventory/tools-resources-data/exploredata.html,POINT (-71.7361 46.6236)
npri-4799-2023-27,2023,4799,Magotteaux ltée,,manufacturing,-72.1444,45.2717,Atlantic Maritime,St. Lawrence Drainage Area,NA - 03,Cadmium (and its compounds),kg,Transfers for Recycling / Transferts pour recyclage,Inorganic Compound Recovery,12.054,https://www.canada.ca/en/environment-climate-change/services/national-pollutant-release-inventory/tools-resources-data/exploredata.html,POINT (-72.1444 45.2717)
npri-4799-2023-28,2023,4799,Magotteaux ltée,,manufacturing,-72.1444,45.2717,Atlantic Maritime,St. Lawrence Drainage Area,NA - 04,Chromium (and its compounds),tonnes,Transfers for Recycling / Transferts pour recyclage,Inorganic Compound Recovery,1.22,https://www.canada.ca/en/environment-climate-change/services/national-pollutant-release-inventory/tools-resources-data/exploredata.html,POINT (-72.1444 45.2717)
npri-4799-2023-29,2023,4799,Magotteaux ltée,,manufacturing,-72.1444,45.2717,Atlantic Maritime,St. Lawrence Drainage Area,NA - 08,Lead (and its compounds),kg,Transfers for Recycling / Transferts pour recyclage,Inorganic Compound Recovery,533.82,https://www.canada.ca/en/environment-climate-change/services/national-pollutant-release-inventory/tools-resources-data/exploredata.html,POINT (-72.1444 45.2717)
npri-4762-2023-3,2023,4762,MONARCH FABRICATING AND DIE CASTERS LTD.,,manufacturing,-79.4739,43.7065,Mixedwood Plain,St. Lawrence Drainage Area,NA - 14,Zinc (and its compounds),tonnes,Transfers for Recycling / Transferts pour recyclage,Inorganic Compound Recovery,0.015,https://www.canada.ca/en/environment-climate-change/services/national-pollutant-release-inventory/tools-resources-data/exploredata.html,POINT (-79.4739 43.7065)
npri-2978-2023-45,2023,2978,Usine Vaudreuil,,manufacturing,-71.17462,48.42787,Boreal Shield,St. Lawrence Drainage Area,7789-75-5,Calcium fluoride,tonnes,Transfers for Recycling / Transferts pour recyclage,Inorganic Compound Recovery,814.9,https://www.canada.ca/en/environment-climate-change/services/national-pollutant-release-inventory/tools-resources-data/exploredata.html,POINT (-71.17462 48.42787)
npri-32448-2023-17,2023,32448,Soucy Belgen Sainte-Claire inc,,manufacturing,-70.8621,46.60139,Mixedwood Plain,St. Lawrence Drainage Area,NA - 03,Cadmium (and its compounds),kg,Transfers for Recycling / Transferts pour recyclage,Inorganic Compound Recovery,0.0118,https://www.canada.ca/en/environment-climate-change/services/national-pollutant-release-inventory/tools-resources-data/exploredata.html,POINT (-70.8621 46.60139)
npri-32448-2023-18,2023,32448,Soucy Belgen Sainte-Claire inc,,manufacturing,-70.8621,46.60139,Mixedwood Plain,St. Lawrence Drainage Area,NA - 08,Lead (and its compounds),kg,Transfers for Recycling / Transferts pour recyclage,Inorganic Compound Recovery,0.0776,https://www.canada.ca/en/environment-climate-change/services/national-pollutant-release-inventory/tools-resources-data/exploredata.html,POINT (-70.8621 46.60139)
npri-3855-2023-401,2023,3855,Lake Erie,,manufacturing,-80.0967,42.81,Mixedwood Plain,St. Lawrence Drainage Area,NA - 02,Arsenic (and its compounds),kg,Transfers for Recycling / Transferts pour recyclage,Inorganic Compound Recovery,5561.0,https://www.canada.ca/en/environment-climate-change/services/national-pollutant-release-inventory/tools-resources-data/exploredata.html,POINT (-80.0967 42.81)
npri-5183-2023-64,2023,5183,Tree Island Industries Ltd.,,manufacturing,-122.9585,49.188,Pacific Maritime,Pacific Drainage Area,7647-01-0,Hydrochloric acid,tonnes,Transfers for Recycling / Transferts pour recyclage,Inorganic Compound Recovery,11.462,https://www.canada.ca/en/environment-climate-change/services/national-pollutant-release-inventory/tools-resources-data/exploredata.html,POINT (-122.9585 49.188)
npri-5183-2023-65,2023,5183,Tree Island Industries Ltd.,,manufacturing,-122.9585,49.188,Pacific Maritime,Pacific Drainage Area,NA - 14,Zinc (and its compounds),tonnes,Transfers for Recycling / Transferts pour recyclage,Inorganic Compound Recovery,0.027,https://www.canada.ca/en/environment-climate-change/services/national-pollutant-release-inventory/tools-resources-data/exploredata.html,POINT (-122.9585 49.188)
npri-109-2023-8,2023,109,ALUMABRITE ANODIZING,,manufacturing,-79.7439,43.2344,Mixedwood Plain,St. Lawrence Drainage Area,7664-93-9,Sulphuric acid,tonnes,Transfers for Recycling / Transferts pour recyclage,Acid or Base Recovery,15.05,https://www.canada.ca/en/environment-climate-change/services/national-pollutant-release-inventory/tools-resources-data/exploredata.html,POINT (-79.7439 43.2344)
npri-4045-2023-41,2023,4045,ArcelorMittal long Products Canada - Hamilton East,,manufacturing,-79.7857,43.2625,Mixedwood Plain,St. Lawrence Drainage Area,7647-01-0,Hydrochloric acid,tonnes,Transfers for Recycling / Transferts pour recyclage,Acid or Base Recovery,132.59484,https://www.canada.ca/en/environment-climate-change/services/national-pollutant-release-inventory/tools-resources-data/exploredata.html,POINT (-79.7857 43.2625)
npri-225-2023-7,2023,225,Dajcor Aluminum Ltd.,,manufacturing,-82.2136,42.3903,Mixedwood Plain,St. Lawrence Drainage Area,NA - 22,Phosphorus (total),tonnes,Transfers for Recycling / Transferts pour recyclage,Acid or Base Recovery,9.8135,https://www.canada.ca/en/environment-climate-change/services/national-pollutant-release-inventory/tools-resources-data/exploredata.html,POINT (-82.2136 42.3903)
npri-225-2023-8,2023,225,Dajcor Aluminum Ltd.,,manufacturing,-82.2136,42.3903,Mixedwood Plain,St. Lawrence Drainage Area,7664-93-9,Sulphuric acid,tonnes,Transfers for Recycling / Transferts pour recyclage,Acid or Base Recovery,2.3213,https://www.canada.ca/en/environment-climate-change/services/national-pollutant-release-inventory/tools-resources-data/exploredata.html,POINT (-82.2136 42.3903)
npri-3916-2023-177,2023,3916,"Glencore Canada Corporation, CCR refinery",,manufacturing,-73.50475,45.62731,Mixedwood Plain,St. Lawrence Drainage Area,7664-93-9,Sulphuric acid,tonnes,Transfers for Recycling / Transferts pour recyclage,Acid or Base Recovery,9.5941,https://www.canada.ca/en/environment-climate-change/services/national-pollutant-release-inventory/tools-resources-data/exploredata.html,POINT (-73.50475 45.62731)
npri-7830-2023-2,2023,7830,K.C. RECYCLING - TRAIL,,manufacturing,-117.6044,49.0436,Montane Cordillera,Pacific Drainage Area,7664-93-9,Sulphuric acid,tonnes,Transfers for Recycling / Transferts pour recyclage,Acid or Base Recovery,9784.17,https://www.canada.ca/en/environment-climate-change/services/national-pollutant-release-inventory/tools-resources-data/exploredata.html,POINT (-117.6044 49.0436)
npri-5768-2023-7,2023,5768,Glover Road,,manufacturing,-79.6762,43.2228,Mixedwood Plain,St. Lawrence Drainage Area,7647-01-0,Hydrochloric acid,tonnes,Transfers for Recycling / Transferts pour recyclage,Acid or Base Recovery,190.6,https://www.canada.ca/en/environment-climate-change/services/national-pollutant-release-inventory/tools-resources-data/exploredata.html,POINT (-79.6762 43.2228)
npri-7165-2023-10,2023,7165,Nova Steel Inc. - Stoney Creek,,manufacturing,-79.6829,43.2261,Mixedwood Plain,St. Lawrence Drainage Area,7647-01-0,Hydrochloric acid,tonnes,Transfers for Recycling / Transferts pour recyclage,Acid or Base Recovery,111.0,https://www.canada.ca/en/environment-climate-change/services/national-pollutant-release-inventory/tools-resources-data/exploredata.html,POINT (-79.6829 43.2261)
npri-3855-2023-402,2023,3855,Lake Erie,,manufacturing,-80.0967,42.81,Mixedwood Plain,St. Lawrence Drainage Area,7647-01-0,Hydrochloric acid,tonnes,Transfers for Recycling / Transferts pour recyclage,Acid or Base Recovery,787.449,https://www.canada.ca/en/environment-climate-change/services/national-pollutant-release-inventory/tools-resources-data/exploredata.html,POINT (-80.0967 42.81)
npri-11811-2023-19,2023,11811,374 HAMILTON ROAD,,manufacturing,-80.6968,43.37822,Mixedwood Plain,St. Lawrence Drainage Area,NA - 04,Chromium (and its compounds),tonnes,Transfers for Recycling / Transferts pour recyclage,Other,0.1727,https://www.canada.ca/en/environment-climate-change/services/national-pollutant-release-inventory/tools-resources-data/exploredata.html,POINT (-80.6968 43.37822)
npri-11811-2023-20,2023,11811,374 HAMILTON ROAD,,manufacturing,-80.6968,43.37822,Mixedwood Plain,St. Lawrence Drainage Area,NA - 11,Nickel (and its compounds),tonnes,Transfers for Recycling / Transferts pour recyclage,Other,0.1303,https://www.canada.ca/en/environment-climate-change/services/national-pollutant-release-inventory/tools-resources-data/exploredata.html,POINT (-80.6968 43.37822)
npri-3713-2023-606,2023,3713,ArcelorMittal Dofasco,,manufacturing,-79.8111,43.2597,Mixedwood Plain,St. Lawrence Drainage Area,NA - 01,Antimony (and its compounds),tonnes,Transfers for Recycling / Transferts pour recyclage,Other,2.331537,https://www.canada.ca/en/environment-climate-change/services/national-pollutant-release-inventory/tools-resources-data/exploredata.html,POINT (-79.8111 43.2597)
npri-3713-2023-607,2023,3713,ArcelorMittal Dofasco,,manufacturing,-79.8111,43.2597,Mixedwood Plain,St. Lawrence Drainage Area,NA - 02,Arsenic (and its compounds),kg,Transfers for Recycling / Transferts pour recyclage,Other,540.531162,https://www.canada.ca/en/environment-climate-change/services/national-pollutant-release-inventory/tools-resources-data/exploredata.html,POINT (-79.8111 43.2597)
npri-3713-2023-608,2023,3713,ArcelorMittal Dofasco,,manufacturing,-79.8111,43.2597,Mixedwood Plain,St. Lawrence Drainage Area,71-43-2,Benzene,tonnes,Transfers for Recycling / Transferts pour recyclage,Other,8.6e-05,https://www.canada.ca/en/environment-climate-change/services/national-pollutant-release-inventory/tools-resources-data/exploredata.html,POINT (-79.8111 43.2597)
npri-3713-2023-609,2023,3713,ArcelorMittal Dofasco,,manufacturing,-79.8111,43.2597,Mixedwood Plain,St. Lawrence Drainage Area,50-32-8,Benzo[a]pyrene,kg,Transfers for Recycling / Transferts pour recyclage,Other,0.171866,https://www.canada.ca/en/environment-climate-change/services/national-pollutant-release-inventory/tools-resources-data/exploredata.html,POINT (-79.8111 43.2597)
npri-3713-2023-610,2023,3713,ArcelorMittal Dofasco,,manufacturing,-79.8111,43.2597,Mixedwood Plain,St. Lawrence Drainage Area,205-99-2,Benzo[b]fluoranthene,kg,Transfers for Recycling / Transferts pour recyclage,Other,1.00255,https://www.canada.ca/en/environment-climate-change/services/national-pollutant-release-inventory/tools-resources-data/exploredata.html,POINT (-79.8111 43.2597)
npri-3713-2023-611,2023,3713,ArcelorMittal Dofasco,,manufacturing,-79.8111,43.2597,Mixedwood Plain,St. Lawrence Drainage Area,191-24-2,Benzo[ghi]perylene,kg,Transfers for Recycling / Transferts pour recyclage,Other,0.300765,https://www.canada.ca/en/environment-climate-change/services/national-pollutant-release-inventory/tools-resources-data/exploredata.html,POINT (-79.8111 43.2597)
npri-3713-2023-612,2023,3713,ArcelorMittal Dofasco,,manufacturing,-79.8111,43.2597,Mixedwood Plain,St. Lawrence Drainage Area,207-08-9,Benzo[k]fluoranthene,kg,Transfers for Recycling / Transferts pour recyclage,Other,0.157544,https://www.canada.ca/en/environment-climate-change/services/national-pollutant-release-inventory/tools-resources-data/exploredata.html,POINT (-79.8111 43.2597)
npri-3713-2023-613,2023,3713,ArcelorMittal Dofasco,,manufacturing,-79.8111,43.2597,Mixedwood Plain,St. Lawrence Drainage Area,NA - 03,Cadmium (and its compounds),kg,Transfers for Recycling / Transferts pour recyclage,Other,1632.725015,https://www.canada.ca/en/environment-climate-change/services/national-pollutant-release-inventory/tools-resources-data/exploredata.html,POINT (-79.8111 43.2597)
npri-3713-2023-614,2023,3713,ArcelorMittal Dofasco,,manufacturing,-79.8111,43.2597,Mixedwood Plain,St. Lawrence Drainage Area,NA - 04,Chromium (and its compounds),tonnes,Transfers for Recycling / Transferts pour recyclage,Other,185.163983,https://www.canada.ca/en/environment-climate-change/services/national-pollutant-release-inventory/tools-resources-data/exploredata.html,POINT (-79.8111 43.2597)
npri-3713-2023-615,2023,3713,ArcelorMittal Dofasco,,manufacturing,-79.8111,43.2597,Mixedwood Plain,St. Lawrence Drainage Area,218-01-9,Chrysene,kg,Transfers for Recycling / Transferts pour recyclage,Other,1.246027,https://www.canada.ca/en/environment-climate-change/services/national-pollutant-release-inventory/tools-resources-data/exploredata.html,POINT (-79.8111 43.2597)
npri-3713-2023-616,2023,3713,ArcelorMittal Dofasco,,manufacturing,-79.8111,43.2597,Mixedwood Plain,St. Lawrence Drainage Area,NA - 05,Cobalt (and its compounds),kg,Transfers for Recycling / Transferts pour recyclage,Other,396.628472,https://www.canada.ca/en/environment-climate-change/services/national-pollutant-release-inventory/tools-resources-data/exploredata.html,POINT (-79.8111 43.2597)
npri-3713-2023-617,2023,3713,ArcelorMittal Dofasco,,manufacturing,-79.8111,43.2597,Mixedwood Plain,St. Lawrence Drainage Area,NA - 06,Copper (and its compounds),tonnes,Transfers for Recycling / Transferts pour recyclage,Other,21.359727,https://www.canada.ca/en/environment-climate-change/services/national-pollutant-release-inventory/tools-resources-data/exploredata.html,POINT (-79.8111 43.2597)
npri-3713-2023-618,2023,3713,ArcelorMittal Dofasco,,manufacturing,-79.8111,43.2597,Mixedwood Plain,St. Lawrence Drainage Area,206-44-0,Fluoranthene,kg,Transfers for Recycling / Transferts pour recyclage,Other,2.577987,https://www.canada.ca/en/environment-climate-change/services/national-pollutant-release-inventory/tools-resources-data/exploredata.html,POINT (-79.8111 43.2597)
npri-3713-2023-619,2023,3713,ArcelorMittal Dofasco,,manufacturing,-79.8111,43.2597,Mixedwood Plain,St. Lawrence Drainage Area,NA - 19,Hexavalent chromium (and its compounds),kg,Transfers for Recycling / Transferts pour recyclage,Other,1613.770605,https://www.canada.ca/en/environment-climate-change/services/national-pollutant-release-inventory/tools-resources-data/exploredata.html,POINT (-79.8111 43.2597)
npri-3713-2023-620,2023,3713,ArcelorMittal Dofasco,,manufacturing,-79.8111,43.2597,Mixedwood Plain,St. Lawrence Drainage Area,193-39-5,"Indeno[1,2,3-cd]pyrene",kg,Transfers for Recycling / Transferts pour recyclage,Other,0.343732,https://www.canada.ca/en/environment-climate-change/services/national-pollutant-release-inventory/tools-resources-data/exploredata.html,POINT (-79.8111 43.2597)
npri-3713-2023-621,2023,3713,ArcelorMittal Dofasco,,manufacturing,-79.8111,43.2597,Mixedwood Plain,St. Lawrence Drainage Area,NA - 08,Lead (and its compounds),kg,Transfers for Recycling / Transferts pour recyclage,Other,125203.385735,https://www.canada.ca/en/environment-climate-change/services/national-pollutant-release-inventory/tools-resources-data/exploredata.html,POINT (-79.8111 43.2597)
npri-3713-2023-622,2023,3713,ArcelorMittal Dofasco,,manufacturing,-79.8111,43.2597,Mixedwood Plain,St. Lawrence Drainage Area,NA - 09,Manganese (and its compounds),tonnes,Transfers for Recycling / Transferts pour recyclage,Other,1722.620025,https://www.canada.ca/en/environment-climate-change/services/national-pollutant-release-inventory/tools-resources-data/exploredata.html,POINT (-79.8111 43.2597)
npri-3713-2023-623,2023,3713,ArcelorMittal Dofasco,,manufacturing,-79.8111,43.2597,Mixedwood Plain,St. Lawrence Drainage Area,NA - 10,Mercury (and its compounds),kg,Transfers for Recycling / Transferts pour recyclage,Other,15.754364,https://www.canada.ca/en/environment-climate-change/services/national-pollutant-release-inventory/tools-resources-data/exploredata.html,POINT (-79.8111 43.2597)
npri-3713-2023-624,2023,3713,ArcelorMittal Dofasco,,manufacturing,-79.8111,43.2597,Mixedwood Plain,St. Lawrence Drainage Area,91-20-3,Naphthalene,tonnes,Transfers for Recycling / Transferts pour recyclage,Other,0.000473,https://www.canada.ca/en/environment-climate-change/services/national-pollutant-release-inventory/tools-resources-data/exploredata.html,POINT (-79.8111 43.2597)
npri-3713-2023-625,2023,3713,ArcelorMittal Dofasco,,manufacturing,-79.8111,43.2597,Mixedwood Plain,St. Lawrence Drainage Area,NA - 11,Nickel (and its compounds),tonnes,Transfers for Recycling / Transferts pour recyclage,Other,2.624395,https://www.canada.ca/en/environment-climate-change/services/national-pollutant-release-inventory/tools-resources-data/exploredata.html,POINT (-79.8111 43.2597)
npri-3713-2023-626,2023,3713,ArcelorMittal Dofasco,,manufacturing,-79.8111,43.2597,Mixedwood Plain,St. Lawrence Drainage Area,85-01-8,Phenanthrene,kg,Transfers for Recycling / Transferts pour recyclage,Other,1.861879,https://www.canada.ca/en/environment-climate-change/services/national-pollutant-release-inventory/tools-resources-data/exploredata.html,POINT (-79.8111 43.2597)
npri-3713-2023-627,2023,3713,ArcelorMittal Dofasco,,manufacturing,-79.8111,43.2597,Mixedwood Plain,St. Lawrence Drainage Area,NA - 22,Phosphorus (total),tonnes,Transfers for Recycling / Transferts pour recyclage,Other,95.400641,https://www.canada.ca/en/environment-climate-change/services/national-pollutant-release-inventory/tools-resources-data/exploredata.html,POINT (-79.8111 43.2597)
npri-3713-2023-628,2023,3713,ArcelorMittal Dofasco,,manufacturing,-79.8111,43.2597,Mixedwood Plain,St. Lawrence Drainage Area,129-00-0,Pyrene,kg,Transfers for Recycling / Transferts pour recyclage,Other,0.501275,https://www.canada.ca/en/environment-climate-change/services/national-pollutant-release-inventory/tools-resources-data/exploredata.html,POINT (-79.8111 43.2597)
npri-3713-2023-629,2023,3713,ArcelorMittal Dofasco,,manufacturing,-79.8111,43.2597,Mixedwood Plain,St. Lawrence Drainage Area,NA - 12,Selenium (and its compounds),kg,Transfers for Recycling / Transferts pour recyclage,Other,2577.986866,https://www.canada.ca/en/environment-climate-change/services/national-pollutant-release-inventory/tools-resources-data/exploredata.html,POINT (-79.8111 43.2597)
npri-3713-2023-630,2023,3713,ArcelorMittal Dofasco,,manufacturing,-79.8111,43.2597,Mixedwood Plain,St. Lawrence Drainage Area,NA - 37,Thallium (and its compounds),kg,Transfers for Recycling / Transferts pour recyclage,Other,1861.879403,https://www.canada.ca/en/environment-climate-change/services/national-pollutant-release-inventory/tools-resources-data/exploredata.html,POINT (-79.8111 43.2597)
npri-3713-2023-631,2023,3713,ArcelorMittal Dofasco,,manufacturing,-79.8111,43.2597,Mixedwood Plain,St. Lawrence Drainage Area,108-88-3,Toluene,tonnes,Transfers for Recycling / Transferts pour recyclage,Other,7.2e-05,https://www.canada.ca/en/environment-climate-change/services/national-pollutant-release-inventory/tools-resources-data/exploredata.html,POINT (-79.8111 43.2597)
npri-3713-2023-632,2023,3713,ArcelorMittal Dofasco,,manufacturing,-79.8111,43.2597,Mixedwood Plain,St. Lawrence Drainage Area,NA - 40,Vanadium (and its compounds),tonnes,Transfers for Recycling / Transferts pour recyclage,Other,40.083391,https://www.canada.ca/en/environment-climate-change/services/national-pollutant-release-inventory/tools-resources-data/exploredata.html,POINT (-79.8111 43.2597)
npri-3713-2023-633,2023,3713,ArcelorMittal Dofasco,,manufacturing,-79.8111,43.2597,Mixedwood Plain,St. Lawrence Drainage Area,NA - 14,Zinc (and its compounds),tonnes,Transfers for Recycling / Transferts pour recyclage,Other,1667.337572,https://www.canada.ca/en/environment-climate-change/services/national-pollutant-release-inventory/tools-resources-data/exploredata.html,POINT (-79.8111 43.2597)
npri-7977-2023-5,2023,7977,DAVIS WIRE INDUSTRIES - DELTA,,manufacturing,-122.93415,49.17051,Pacific Maritime,Pacific Drainage Area,NA - 14,Zinc (and its compounds),tonnes,Transfers for Recycling / Transferts pour recyclage,Other,17.2692,https://www.canada.ca/en/environment-climate-change/services/national-pollutant-release-inventory/tools-resources-data/exploredata.html,POINT (-122.93415 49.17051)
npri-4495-2023-5,2023,4495,DOMTECH INC.,,manufacturing,-77.5939,44.115,Mixedwood Plain,St. Lawrence Drainage Area,NA - 01,Antimony (and its compounds),tonnes,Transfers for Recycling / Transferts pour recyclage,Other,1.468,https://www.canada.ca/en/environment-climate-change/services/national-pollutant-release-inventory/tools-resources-data/exploredata.html,POINT (-77.5939 44.115)
npri-188-2023-6,2023,188,"Fonderie Générale du Canada, Glencore Canada Corporation",,manufacturing,-73.67629,45.44856,Mixedwood Plain,St. Lawrence Drainage Area,NA - 09,Manganese (and its compounds),tonnes,Transfers for Recycling / Transferts pour recyclage,Other,23.6,https://www.canada.ca/en/environment-climate-change/services/national-pollutant-release-inventory/tools-resources-data/exploredata.html,POINT (-73.67629 45.44856)
npri-3824-2023-200,2023,3824,"Gerdau Ameristeel Corporation, Whitby Mill",,manufacturing,-78.9097,43.8578,Mixedwood Plain,St. Lawrence Drainage Area,NA - 02,Arsenic (and its compounds),kg,Transfers for Recycling / Transferts pour recyclage,Other,8.8484,https://www.canada.ca/en/environment-climate-change/services/national-pollutant-release-inventory/tools-resources-data/exploredata.html,POINT (-78.9097 43.8578)
npri-3824-2023-201,2023,3824,"Gerdau Ameristeel Corporation, Whitby Mill",,manufacturing,-78.9097,43.8578,Mixedwood Plain,St. Lawrence Drainage Area,NA - 03,Cadmium (and its compounds),kg,Transfers for Recycling / Transferts pour recyclage,Other,9.4383,https://www.canada.ca/en/environment-climate-change/services/national-pollutant-release-inventory/tools-resources-data/exploredata.html,POINT (-78.9097 43.8578)
npri-3824-2023-202,2023,3824,"Gerdau Ameristeel Corporation, Whitby Mill",,manufacturing,-78.9097,43.8578,Mixedwood Plain,St. Lawrence Drainage Area,NA - 06,Copper (and its compounds),tonnes,Transfers for Recycling / Transferts pour recyclage,Other,2.5554,https://www.canada.ca/en/environment-climate-change/services/national-pollutant-release-inventory/tools-resources-data/exploredata.html,POINT (-78.9097 43.8578)
npri-3824-2023-203,2023,3824,"Gerdau Ameristeel Corporation, Whitby Mill",,manufacturing,-78.9097,43.8578,Mixedwood Plain,St. Lawrence Drainage Area,NA - 08,Lead (and its compounds),kg,Transfers for Recycling / Transferts pour recyclage,Other,394.0504,https://www.canada.ca/en/environment-climate-change/services/national-pollutant-release-inventory/tools-resources-data/exploredata.html,POINT (-78.9097 43.8578)
npri-3824-2023-204,2023,3824,"Gerdau Ameristeel Corporation, Whitby Mill",,manufacturing,-78.9097,43.8578,Mixedwood Plain,St. Lawrence Drainage Area,NA - 09,Manganese (and its compounds),tonnes,Transfers for Recycling / Transferts pour recyclage,Other,60.3109,https://www.canada.ca/en/environment-climate-change/services/national-pollutant-release-inventory/tools-resources-data/exploredata.html,POINT (-78.9097 43.8578)
npri-3824-2023-205,2023,3824,"Gerdau Ameristeel Corporation, Whitby Mill",,manufacturing,-78.9097,43.8578,Mixedwood Plain,St. Lawrence Drainage Area,NA - 10,Mercury (and its compounds),kg,Transfers for Recycling / Transferts pour recyclage,Other,0.0885,https://www.canada.ca/en/environment-climate-change/services/national-pollutant-release-inventory/tools-resources-data/exploredata.html,POINT (-78.9097 43.8578)
npri-3824-2023-206,2023,3824,"Gerdau Ameristeel Corporation, Whitby Mill",,manufacturing,-78.9097,43.8578,Mixedwood Plain,St. Lawrence Drainage Area,NA - 11,Nickel (and its compounds),tonnes,Transfers for Recycling / Transferts pour recyclage,Other,0.3233,https://www.canada.ca/en/environment-climate-change/services/national-pollutant-release-inventory/tools-resources-data/exploredata.html,POINT (-78.9097 43.8578)
npri-3824-2023-207,2023,3824,"Gerdau Ameristeel Corporation, Whitby Mill",,manufacturing,-78.9097,43.8578,Mixedwood Plain,St. Lawrence Drainage Area,NA - 22,Phosphorus (total),tonnes,Transfers for Recycling / Transferts pour recyclage,Other,1.7886,https://www.canada.ca/en/environment-climate-change/services/national-pollutant-release-inventory/tools-resources-data/exploredata.html,POINT (-78.9097 43.8578)
npri-3824-2023-208,2023,3824,"Gerdau Ameristeel Corporation, Whitby Mill",,manufacturing,-78.9097,43.8578,Mixedwood Plain,St. Lawrence Drainage Area,NA - 14,Zinc (and its compounds),tonnes,Transfers for Recycling / Transferts pour recyclage,Other,4.6224,https://www.canada.ca/en/environment-climate-change/services/national-pollutant-release-inventory/tools-resources-data/exploredata.html,POINT (-78.9097 43.8578)
npri-3812-2023-34,2023,3812,Sivaco Québec,,manufacturing,-73.167875,45.429756,Mixedwood Plain,St. Lawrence Drainage Area,7647-01-0,Hydrochloric acid,tonnes,Transfers for Recycling / Transferts pour recyclage,Other,23.27,https://www.canada.ca/en/environment-climate-change/services/national-pollutant-release-inventory/tools-resources-data/exploredata.html,POINT (-73.167875 45.429756)
npri-2256-2023-54,2023,2256,Tonolli Canada,,manufacturing,-79.57999,43.60378,Mixedwood Plain,St. Lawrence Drainage Area,7664-93-9,Sulphuric acid,tonnes,Transfers for Recycling / Transferts pour recyclage,Other,328.5,https://www.canada.ca/en/environment-climate-change/services/national-pollutant-release-inventory/tools-resources-data/exploredata.html,POINT (-79.57999 43.60378)
