Facility ID,Facility name,Company name,City,Address,Postal code,Province,Latitude,Longitude,Total emissions,Units,Report year,Industry classification,Industry classification link,Facility information,Facility details
10001,Division Alma,Produits forestiers Résolu,Alma,1100 Melançon Street,G8B 5W2,Quebec,48.565,-71.65556,52.14,kilotonnes of carbon dioxide equivalents (kt CO2 eq),2023,Mechanical Pulp Mills,https://www23.statcan.gc.ca/imdb/p3VD.pl?Function=getVD&TVD=1369825&CVD=1370970&CPV=322111&CST=27012022&CLV=5&MLV=5,https://climate-change.canada.ca/facility-emissions/GHGRP-G10001-2023.html,"http://indicators-map.canada.ca/App/Detail?id=0110001&GoCTemplateCulture=en-CA
"
10003,"Foothills Pipeline, Alberta",Foothills Pipe Lines Ltd.,Airdrie,,T4A 2G7,Alberta,0,0,257.5,kilotonnes of carbon dioxide equivalents (kt CO2 eq),2023,Pipeline Transportation of Natural Gas,https://www23.statcan.gc.ca/imdb/p3VD.pl?Function=getVD&TVD=1369825&CVD=1370970&CPV=486210&CST=27012022&CLV=5&MLV=5,https://climate-change.canada.ca/facility-emissions/GHGRP-G10003-2023.html,"http://indicators-map.canada.ca/App/Detail?id=0110003&GoCTemplateCulture=en-CA
"
10004,Kingston CoGen,Kingston CoGen Limited Partnership,Bath,5146 Taylor-Kidd Boulevard,K0H 1G0,Ontario,44.2095,-76.7246,0.95,kilotonnes of carbon dioxide equivalents (kt CO2 eq),2023,Fossil-Fuel Electric Power Generation,https://www23.statcan.gc.ca/imdb/p3VD.pl?Function=getVD&TVD=1369825&CVD=1370970&CPV=221112&CST=27012022&CLV=5&MLV=5,https://climate-change.canada.ca/facility-emissions/GHGRP-G10004-2023.html,"http://indicators-map.canada.ca/App/Detail?id=0110004&GoCTemplateCulture=en-CA
"
10006,Redwater Fertilizer Operations,Nutrien (Canada) Holdings ULC,Sturgeon County,56225 SH643,T0A 2W0,Alberta,53.842,-113.093,1079.94,kilotonnes of carbon dioxide equivalents (kt CO2 eq),2023,Chemical Fertilizer (except Potash) Manufacturing,https://www23.statcan.gc.ca/imdb/p3VD.pl?Function=getVD&TVD=1369825&CVD=1370970&CPV=325313&CST=27012022&CLV=5&MLV=5,https://climate-change.canada.ca/facility-emissions/GHGRP-G10006-2023.html,"http://indicators-map.canada.ca/App/Detail?id=0110006&GoCTemplateCulture=en-CA
"
10007,Alberta Envirofuels,Keyera Corp,Edmonton,9511 17 Street Northwest,T6P 1Y3,Alberta,53.53199,-113.36492,345.48,kilotonnes of carbon dioxide equivalents (kt CO2 eq),2023,Petrochemical Manufacturing,https://www23.statcan.gc.ca/imdb/p3VD.pl?Function=getVD&TVD=1369825&CVD=1370970&CPV=325110&CST=27012022&CLV=5&MLV=5,https://climate-change.canada.ca/facility-emissions/GHGRP-G10007-2023.html,"http://indicators-map.canada.ca/App/Detail?id=0110007&GoCTemplateCulture=en-CA
"
10008,Alliance Pipeline Ltd. - AB Pipeline System,Alliance Pipeline Ltd. Partnership,Calgary,200 425 1st Street Southwest,T2P 3L8,Alberta,0,0,542.57,kilotonnes of carbon dioxide equivalents (kt CO2 eq),2023,Pipeline Transportation of Natural Gas,https://www23.statcan.gc.ca/imdb/p3VD.pl?Function=getVD&TVD=1369825&CVD=1370970&CPV=486210&CST=27012022&CLV=5&MLV=5,https://climate-change.canada.ca/facility-emissions/GHGRP-G10008-2023.html,"http://indicators-map.canada.ca/App/Detail?id=0110008&GoCTemplateCulture=en-CA
"
10009,Alberta-Pacific Forest Industries Inc.,Alberta-Pacific Forest Industries Inc.,County of Athabasca,,T0A 0M0,Alberta,54.92312,-112.86187,169.59,kilotonnes of carbon dioxide equivalents (kt CO2 eq),2023,Chemical Pulp Mills,https://www23.statcan.gc.ca/imdb/p3VD.pl?Function=getVD&TVD=1369825&CVD=1370970&CPV=322112&CST=27012022&CLV=5&MLV=5,https://climate-change.canada.ca/facility-emissions/GHGRP-G10009-2023.html,"http://indicators-map.canada.ca/App/Detail?id=0110009&GoCTemplateCulture=en-CA
"
10010,Rio Tinto Alcan Inc.,Rio Tinto Alcan Inc,Kitimat,1 Smeltersite Road,V8C 2H2,British Columbia,54.00286,-128.69531,809.15,kilotonnes of carbon dioxide equivalents (kt CO2 eq),2023,Primary Production of Alumina and Aluminum,https://www23.statcan.gc.ca/imdb/p3VD.pl?Function=getVD&TVD=1369825&CVD=1370970&CPV=331313&CST=27012022&CLV=5&MLV=5,https://climate-change.canada.ca/facility-emissions/GHGRP-G10010-2023.html,"http://indicators-map.canada.ca/App/Detail?id=0110010&GoCTemplateCulture=en-CA
"
10011,Algoma Steel Inc,Algoma Steel Inc.,Sault Ste. Marie,105 West Street North,P6A 7B4,Ontario,46.5217,-84.3637,4292.17,kilotonnes of carbon dioxide equivalents (kt CO2 eq),2023,Iron and Steel Mills and Ferro-Alloy Manufacturing,https://www23.statcan.gc.ca/imdb/p3VD.pl?Function=getVD&TVD=1369825&CVD=1370970&CPV=331110&CST=27012022&CLV=5&MLV=5,https://climate-change.canada.ca/facility-emissions/GHGRP-G10011-2023.html,"http://indicators-map.canada.ca/App/Detail?id=0110011&GoCTemplateCulture=en-CA
"
10012,Aluminerie Alouette inc.,Aluminerie Alouette inc.,SeptÎles,400 Chemin de de la Pointe-Noire,G4R 5M9,Quebec,50.1583,-66.4416,1108.31,kilotonnes of carbon dioxide equivalents (kt CO2 eq),2023,Primary Production of Alumina and Aluminum,https://www23.statcan.gc.ca/imdb/p3VD.pl?Function=getVD&TVD=1369825&CVD=1370970&CPV=331313&CST=27012022&CLV=5&MLV=5,https://climate-change.canada.ca/facility-emissions/GHGRP-G10012-2023.html,"http://indicators-map.canada.ca/App/Detail?id=0110012&GoCTemplateCulture=en-CA
"
10013,Aluminerie de Baie-Comeau,Ne pas prendre - Alcoa Canada Co.,Baie Comeau,0 100 Maritime Route,G4Z 2L6,Quebec,49.2583,-68.1461,537.95,kilotonnes of carbon dioxide equivalents (kt CO2 eq),2023,Primary Production of Alumina and Aluminum,https://www23.statcan.gc.ca/imdb/p3VD.pl?Function=getVD&TVD=1369825&CVD=1370970&CPV=331313&CST=27012022&CLV=5&MLV=5,https://climate-change.canada.ca/facility-emissions/GHGRP-G10013-2023.html,"http://indicators-map.canada.ca/App/Detail?id=0110013&GoCTemplateCulture=en-CA
"
10014,Aluminerie de Bécancour inc.,Aluminerie de Bécancour inc.,Bécancour,5555 Pierre Thibault,G9H 2T7,Quebec,46.3829,-72.3874,819.81,kilotonnes of carbon dioxide equivalents (kt CO2 eq),2023,Primary Production of Alumina and Aluminum,https://www23.statcan.gc.ca/imdb/p3VD.pl?Function=getVD&TVD=1369825&CVD=1370970&CPV=331313&CST=27012022&CLV=5&MLV=5,https://climate-change.canada.ca/facility-emissions/GHGRP-G10014-2023.html,"http://indicators-map.canada.ca/App/Detail?id=0110014&GoCTemplateCulture=en-CA
"
10015,ATCO Pipelines - Transmission System,ATCO Gas and Pipelines Ltd.,Edmonton,7210 42 Street Northwest,T6B 3H1,Alberta,0,0,103.35,kilotonnes of carbon dioxide equivalents (kt CO2 eq),2023,Pipeline Transportation of Natural Gas,https://www23.statcan.gc.ca/imdb/p3VD.pl?Function=getVD&TVD=1369825&CVD=1370970&CPV=486210&CST=27012022&CLV=5&MLV=5,https://climate-change.canada.ca/facility-emissions/GHGRP-G10015-2023.html,"http://indicators-map.canada.ca/App/Detail?id=0110015&GoCTemplateCulture=en-CA
"
10016,Atikokan Generating Station,Ontario Power Generation Inc.,Atikokan,15202 622 Highway,P0T 1C0,Ontario,48.8361,-91.5656,18.34,kilotonnes of carbon dioxide equivalents (kt CO2 eq),2023,Other Electric Power Generation,https://www23.statcan.gc.ca/imdb/p3VD.pl?Function=getVD&TVD=1369825&CVD=1370970&CPV=221119&CST=27012022&CLV=5&MLV=5,https://climate-change.canada.ca/facility-emissions/GHGRP-G10016-2023.html,"http://indicators-map.canada.ca/App/Detail?id=0110016&GoCTemplateCulture=en-CA
"
10018,Battle River Generating Station,Alberta Power 2000 Ltd.,Forestburg,,N/A,Alberta,52.5647,-112.1414,905.64,kilotonnes of carbon dioxide equivalents (kt CO2 eq),2023,Fossil-Fuel Electric Power Generation,https://www23.statcan.gc.ca/imdb/p3VD.pl?Function=getVD&TVD=1369825&CVD=1370970&CPV=221112&CST=27012022&CLV=5&MLV=5,https://climate-change.canada.ca/facility-emissions/GHGRP-G10018-2023.html,"http://indicators-map.canada.ca/App/Detail?id=0110018&GoCTemplateCulture=en-CA
"
10020,Bayside Power,New Brunswick Power Corporation,Saint John,509 Bayside Drive,E2J 1B4,New Brunswick,45.2753,-66.0269,564.86,kilotonnes of carbon dioxide equivalents (kt CO2 eq),2023,Fossil-Fuel Electric Power Generation,https://www23.statcan.gc.ca/imdb/p3VD.pl?Function=getVD&TVD=1369825&CVD=1370970&CPV=221112&CST=27012022&CLV=5&MLV=5,https://climate-change.canada.ca/facility-emissions/GHGRP-G10020-2023.html,"http://indicators-map.canada.ca/App/Detail?id=0110020&GoCTemplateCulture=en-CA
"
10021,Usine de Bedford,Graymont (QC) Inc.,Bedford,1015 de la Carriere Road,J0J 1A0,Quebec,45.1123,-73.0129,327.4,kilotonnes of carbon dioxide equivalents (kt CO2 eq),2023,Lime Manufacturing,https://www23.statcan.gc.ca/imdb/p3VD.pl?Function=getVD&TVD=1369825&CVD=1370970&CPV=327410&CST=27012022&CLV=5&MLV=5,https://climate-change.canada.ca/facility-emissions/GHGRP-G10021-2023.html,"http://indicators-map.canada.ca/App/Detail?id=0110021&GoCTemplateCulture=en-CA
"
10022,Belledune Generating Station,New Brunswick Power Corporation,Belledune,1558 Main Street,E8G 2M3,New Brunswick,47.90596,-65.86347,1586.76,kilotonnes of carbon dioxide equivalents (kt CO2 eq),2023,Fossil-Fuel Electric Power Generation,https://www23.statcan.gc.ca/imdb/p3VD.pl?Function=getVD&TVD=1369825&CVD=1370970&CPV=221112&CST=27012022&CLV=5&MLV=5,https://climate-change.canada.ca/facility-emissions/GHGRP-G10022-2023.html,"http://indicators-map.canada.ca/App/Detail?id=0110022&GoCTemplateCulture=en-CA
"
10024,Boundary Dam Power Station,Saskatchewan Power Corporation,Estevan,,S4A 2A6,Saskatchewan,49.09606,-103.0305,3428.68,kilotonnes of carbon dioxide equivalents (kt CO2 eq),2023,Fossil-Fuel Electric Power Generation,https://www23.statcan.gc.ca/imdb/p3VD.pl?Function=getVD&TVD=1369825&CVD=1370970&CPV=221112&CST=27012022&CLV=5&MLV=5,https://climate-change.canada.ca/facility-emissions/GHGRP-G10024-2023.html,"http://indicators-map.canada.ca/App/Detail?id=0110024&GoCTemplateCulture=en-CA
"
10025,Thunder Bay Operations,Thunder Bay Pulp and Paper Inc.,Thunder Bay,2001 Neebing Avenue,P7E 6S3,Ontario,48.3486,-89.3067,193.14,kilotonnes of carbon dioxide equivalents (kt CO2 eq),2023,Chemical Pulp Mills,https://www23.statcan.gc.ca/imdb/p3VD.pl?Function=getVD&TVD=1369825&CVD=1370970&CPV=322112&CST=27012022&CLV=5&MLV=5,https://climate-change.canada.ca/facility-emissions/GHGRP-G10025-2023.html,"http://indicators-map.canada.ca/App/Detail?id=0110025&GoCTemplateCulture=en-CA
"
10026,Brady Road Resource Management Facility,"City of Winnipeg, Water & Waste Department",Winnipeg,1901 Brady Road,R3Y 1T1,Manitoba,49.7583,-97.2004,499.49,kilotonnes of carbon dioxide equivalents (kt CO2 eq),2023,Waste Treatment and Disposal,https://www23.statcan.gc.ca/imdb/p3VD.pl?Function=getVD&TVD=1369825&CVD=1370970&CPV=562210&CST=27012022&CLV=5&MLV=5,https://climate-change.canada.ca/facility-emissions/GHGRP-G10026-2023.html,"http://indicators-map.canada.ca/App/Detail?id=0110026&GoCTemplateCulture=en-CA
"
10027,Brampton Assembly Plant,FCA Canada Inc.,Brampton,2000 Williams Parkway East,L6S 6B3,Ontario,43.7512,-79.7168,62.85,kilotonnes of carbon dioxide equivalents (kt CO2 eq),2023,Automobile and Light-Duty Motor Vehicle Manufacturing,https://www23.statcan.gc.ca/imdb/p3VD.pl?Function=getVD&TVD=1369825&CVD=1370970&CPV=336110&CST=27012022&CLV=5&MLV=5,https://climate-change.canada.ca/facility-emissions/GHGRP-G10027-2023.html,"http://indicators-map.canada.ca/App/Detail?id=0110027&GoCTemplateCulture=en-CA
"
10028,Brandon Generating Station,Manitoba Hydro,Brandon,3305 Victoria Avenue East,R7A 7J8,Manitoba,49.8449,-99.8896,45.73,kilotonnes of carbon dioxide equivalents (kt CO2 eq),2023,Fossil-Fuel Electric Power Generation,https://www23.statcan.gc.ca/imdb/p3VD.pl?Function=getVD&TVD=1369825&CVD=1370970&CPV=221112&CST=27012022&CLV=5&MLV=5,https://climate-change.canada.ca/facility-emissions/GHGRP-G10028-2023.html,"http://indicators-map.canada.ca/App/Detail?id=0110028&GoCTemplateCulture=en-CA
"
10029,Brazeau Gas Plant,Tidewater Midstream and Infrastructure Ltd.,Drayton Valley,,N/A,Alberta,53.1812,-115.7625,131.43,kilotonnes of carbon dioxide equivalents (kt CO2 eq),2023,Oil and gas extraction (except oil sands),https://www23.statcan.gc.ca/imdb/p3VD.pl?Function=getVD&TVD=1369825&CVD=1370970&CPV=211110&CST=27012022&CLV=5&MLV=5,https://climate-change.canada.ca/facility-emissions/GHGRP-G10029-2023.html,"http://indicators-map.canada.ca/App/Detail?id=0110029&GoCTemplateCulture=en-CA
"
10030,Brazeau River Gas Plant,Keyera Corp,Drayton Valley,,T7A 1S5,Alberta,52.94707,-115.9026,46.87,kilotonnes of carbon dioxide equivalents (kt CO2 eq),2023,Oil and gas extraction (except oil sands),https://www23.statcan.gc.ca/imdb/p3VD.pl?Function=getVD&TVD=1369825&CVD=1370970&CPV=211110&CST=27012022&CLV=5&MLV=5,https://climate-change.canada.ca/facility-emissions/GHGRP-G10030-2023.html,"http://indicators-map.canada.ca/App/Detail?id=0110030&GoCTemplateCulture=en-CA
"
10031,Brighton Beach Power,Brighton Beach Power L.P.,Windsor,100 Broadway Street,N9C 4J3,Ontario,42.2798,-83.0946,305.75,kilotonnes of carbon dioxide equivalents (kt CO2 eq),2023,Fossil-Fuel Electric Power Generation,https://www23.statcan.gc.ca/imdb/p3VD.pl?Function=getVD&TVD=1369825&CVD=1370970&CPV=221112&CST=27012022&CLV=5&MLV=5,https://climate-change.canada.ca/facility-emissions/GHGRP-G10031-2023.html,"http://indicators-map.canada.ca/App/Detail?id=0110031&GoCTemplateCulture=en-CA
"
10032,Brock West Landfill,City of Toronto,Pickering,1390 3rd Concession,L1X 2R4,Ontario,43.8685,-79.10054,55.11,kilotonnes of carbon dioxide equivalents (kt CO2 eq),2023,Waste Treatment and Disposal,https://www23.statcan.gc.ca/imdb/p3VD.pl?Function=getVD&TVD=1369825&CVD=1370970&CPV=562210&CST=27012022&CLV=5&MLV=5,https://climate-change.canada.ca/facility-emissions/GHGRP-G10032-2023.html,"http://indicators-map.canada.ca/App/Detail?id=0110032&GoCTemplateCulture=en-CA
"
10033,Brookfield Cement Plant,Lafarge Canada Inc.,Brookfield,87 Cement Plant Road,B0N 1C0,Nova Scotia,45.2393,-63.3347,213.43,kilotonnes of carbon dioxide equivalents (kt CO2 eq),2023,Cement Manufacturing,https://www23.statcan.gc.ca/imdb/p3VD.pl?Function=getVD&TVD=1369825&CVD=1370970&CPV=327310&CST=27012022&CLV=5&MLV=5,https://climate-change.canada.ca/facility-emissions/GHGRP-G10033-2023.html,"http://indicators-map.canada.ca/App/Detail?id=0110033&GoCTemplateCulture=en-CA
"
10036,Burnaby Refinery,Parkland Refining (B.C.) Ltd.,Burnaby,355 Willingdon Avenue,V5C 1X4,British Columbia,49.29444,-122.98888,409.05,kilotonnes of carbon dioxide equivalents (kt CO2 eq),2023,Petroleum Refineries,https://www23.statcan.gc.ca/imdb/p3VD.pl?Function=getVD&TVD=1369825&CVD=1370970&CPV=324110&CST=27012022&CLV=5&MLV=5,https://climate-change.canada.ca/facility-emissions/GHGRP-G10036-2023.html,"http://indicators-map.canada.ca/App/Detail?id=0110036&GoCTemplateCulture=en-CA
"
10038,"TransCanada Pipeline, Saskatchewan",TransCanada PipeLines Limited,Burstall,0,S0N 0H0,Saskatchewan,0,0,956.9,kilotonnes of carbon dioxide equivalents (kt CO2 eq),2023,Pipeline Transportation of Natural Gas,https://www23.statcan.gc.ca/imdb/p3VD.pl?Function=getVD&TVD=1369825&CVD=1370970&CPV=486210&CST=27012022&CLV=5&MLV=5,https://climate-change.canada.ca/facility-emissions/GHGRP-G10038-2023.html,"http://indicators-map.canada.ca/App/Detail?id=0110038&GoCTemplateCulture=en-CA
"
10039,Cabot Canada Limited,Cabot Canada Limited,Sarnia,800 Tashmoo Avenue,N7T 7N4,Ontario,42.9437,-82.4153,230.64,kilotonnes of carbon dioxide equivalents (kt CO2 eq),2023,All Other Basic Inorganic Chemical Manufacturing,https://www23.statcan.gc.ca/imdb/p3VD.pl?Function=getVD&TVD=1369825&CVD=1370970&CPV=325189&CST=27012022&CLV=5&MLV=5,https://climate-change.canada.ca/facility-emissions/GHGRP-G10039-2023.html,"http://indicators-map.canada.ca/App/Detail?id=0110039&GoCTemplateCulture=en-CA
"
10040,Calgary Energy Centre,Calgary Energy Centre No. 2 Inc.,Calgary,14417 68 Street Northeast,T3N 1C6,Alberta,51.18058,-113.9366,839.96,kilotonnes of carbon dioxide equivalents (kt CO2 eq),2023,Fossil-Fuel Electric Power Generation,https://www23.statcan.gc.ca/imdb/p3VD.pl?Function=getVD&TVD=1369825&CVD=1370970&CPV=221112&CST=27012022&CLV=5&MLV=5,https://climate-change.canada.ca/facility-emissions/GHGRP-G10040-2023.html,"http://indicators-map.canada.ca/App/Detail?id=0110040&GoCTemplateCulture=en-CA
"
10042,Calstock Power Plant,Atlantic Power LP,Hearst,11 Highway North,P0L 1N0,Ontario,49.0577,-81.0302,2.44,kilotonnes of carbon dioxide equivalents (kt CO2 eq),2023,Other Electric Power Generation,https://www23.statcan.gc.ca/imdb/p3VD.pl?Function=getVD&TVD=1369825&CVD=1370970&CPV=221119&CST=27012022&CLV=5&MLV=5,https://climate-change.canada.ca/facility-emissions/GHGRP-G10042-2023.html,"http://indicators-map.canada.ca/App/Detail?id=0110042&GoCTemplateCulture=en-CA
"
10043,Northern Lime Limited,Carmeuse Lime Canada Limited,Blind River,17 Highway 17 Highway East,P0R 1B0,Ontario,46.1982,-82.6989,118.63,kilotonnes of carbon dioxide equivalents (kt CO2 eq),2023,Lime Manufacturing,https://www23.statcan.gc.ca/imdb/p3VD.pl?Function=getVD&TVD=1369825&CVD=1370970&CPV=327410&CST=27012022&CLV=5&MLV=5,https://climate-change.canada.ca/facility-emissions/GHGRP-G10043-2023.html,"http://indicators-map.canada.ca/App/Detail?id=0110043&GoCTemplateCulture=en-CA
"
10044,Canadian Fertilizers Limited,Canadian Fertilizers Limited,Medicine Hat,1250 52 Street Northwest,T1A 7R9,Alberta,50.09071,-110.71901,1710.85,kilotonnes of carbon dioxide equivalents (kt CO2 eq),2023,Chemical Fertilizer (except Potash) Manufacturing,https://www23.statcan.gc.ca/imdb/p3VD.pl?Function=getVD&TVD=1369825&CVD=1370970&CPV=325313&CST=27012022&CLV=5&MLV=5,https://climate-change.canada.ca/facility-emissions/GHGRP-G10044-2023.html,"http://indicators-map.canada.ca/App/Detail?id=0110044&GoCTemplateCulture=en-CA
"
10045,Cancarb Ltd.,Cancarb Ltd.,Medicine Hat,1702 Brier Park Crescent Northwest,T1C 1T9,Alberta,50.0582,-110.7282,136.77,kilotonnes of carbon dioxide equivalents (kt CO2 eq),2023,All Other Basic Inorganic Chemical Manufacturing,https://www23.statcan.gc.ca/imdb/p3VD.pl?Function=getVD&TVD=1369825&CVD=1370970&CPV=325189&CST=27012022&CLV=5&MLV=5,https://climate-change.canada.ca/facility-emissions/GHGRP-G10045-2023.html,"http://indicators-map.canada.ca/App/Detail?id=0110045&GoCTemplateCulture=en-CA
"
10046,"TransCanada Pipeline, Alberta System",Nova Gas Transmission Ltd.,Fairview,,T0H 1L0,Alberta,0,0,4785.28,kilotonnes of carbon dioxide equivalents (kt CO2 eq),2023,Pipeline Transportation of Natural Gas,https://www23.statcan.gc.ca/imdb/p3VD.pl?Function=getVD&TVD=1369825&CVD=1370970&CPV=486210&CST=27012022&CLV=5&MLV=5,https://climate-change.canada.ca/facility-emissions/GHGRP-G10046-2023.html,"http://indicators-map.canada.ca/App/Detail?id=0110046&GoCTemplateCulture=en-CA
"
10047,Cardinal Power,"Cardinal Power of Canada, L.P.",Cardinal,170 Henry Street,K0E 1E0,Ontario,44.7846,-75.3773,31.47,kilotonnes of carbon dioxide equivalents (kt CO2 eq),2023,Fossil-Fuel Electric Power Generation,https://www23.statcan.gc.ca/imdb/p3VD.pl?Function=getVD&TVD=1369825&CVD=1370970&CPV=221112&CST=27012022&CLV=5&MLV=5,https://climate-change.canada.ca/facility-emissions/GHGRP-G10047-2023.html,"http://indicators-map.canada.ca/App/Detail?id=0110047&GoCTemplateCulture=en-CA
"
10048,Cariboo Pulp and Paper Company,Cariboo Pulp and Paper Company,Quesnel,50 North Star Road,V2J 3J6,British Columbia,52.99699,-122.48472,112.28,kilotonnes of carbon dioxide equivalents (kt CO2 eq),2023,Chemical Pulp Mills,https://www23.statcan.gc.ca/imdb/p3VD.pl?Function=getVD&TVD=1369825&CVD=1370970&CPV=322112&CST=27012022&CLV=5&MLV=5,https://climate-change.canada.ca/facility-emissions/GHGRP-G10048-2023.html,"http://indicators-map.canada.ca/App/Detail?id=0110048&GoCTemplateCulture=en-CA
"
10049,Caribou North Comp Stn 11-08,Cenovus Energy Inc.,Bonnyville,0,T9N 2H4,Alberta,55.0473,-110.5778,30.09,kilotonnes of carbon dioxide equivalents (kt CO2 eq),2023,Oil and gas extraction (except oil sands),https://www23.statcan.gc.ca/imdb/p3VD.pl?Function=getVD&TVD=1369825&CVD=1370970&CPV=211110&CST=27012022&CLV=5&MLV=5,https://climate-change.canada.ca/facility-emissions/GHGRP-G10049-2023.html,"http://indicators-map.canada.ca/App/Detail?id=0110049&GoCTemplateCulture=en-CA
"
10050,Dundas Operations,Carmeuse Lime Canada Limited,Dundas,600 highway # 5 Highway West,L9H 3S9,Ontario,43.3521,-79.8679,426.29,kilotonnes of carbon dioxide equivalents (kt CO2 eq),2023,Lime Manufacturing,https://www23.statcan.gc.ca/imdb/p3VD.pl?Function=getVD&TVD=1369825&CVD=1370970&CPV=327410&CST=27012022&CLV=5&MLV=5,https://climate-change.canada.ca/facility-emissions/GHGRP-G10050-2023.html,"http://indicators-map.canada.ca/App/Detail?id=0110050&GoCTemplateCulture=en-CA
"
10051,Beachville Operation,Carmeuse Lime Canada Limited,Ingersoll,374681 Oxford County 6 Road,N5C 3K5,Ontario,43.0687,-80.858,380.7,kilotonnes of carbon dioxide equivalents (kt CO2 eq),2023,Lime Manufacturing,https://www23.statcan.gc.ca/imdb/p3VD.pl?Function=getVD&TVD=1369825&CVD=1370970&CPV=327410&CST=27012022&CLV=5&MLV=5,https://climate-change.canada.ca/facility-emissions/GHGRP-G10051-2023.html,"http://indicators-map.canada.ca/App/Detail?id=0110051&GoCTemplateCulture=en-CA
"
10052,Carol Project,Iron Ore Company of Canada,Labrador City,2 avalon Drive,A2V 2Y6,Newfoundland and Labrador,52.9565,-66.8936,780.52,kilotonnes of carbon dioxide equivalents (kt CO2 eq),2023,Iron Ore Mining,https://www23.statcan.gc.ca/imdb/p3VD.pl?Function=getVD&TVD=1369825&CVD=1370970&CPV=212210&CST=27012022&CLV=5&MLV=5,https://climate-change.canada.ca/facility-emissions/GHGRP-G10052-2023.html,"http://indicators-map.canada.ca/App/Detail?id=0110052&GoCTemplateCulture=en-CA
"
10053,Carseland Nitrogen Operations,Nutrien (Canada) Holdings ULC,Wheatland County,265009 221 Township Road,N/A,Alberta,50.845,-113.591,557.23,kilotonnes of carbon dioxide equivalents (kt CO2 eq),2023,Chemical Fertilizer (except Potash) Manufacturing,https://www23.statcan.gc.ca/imdb/p3VD.pl?Function=getVD&TVD=1369825&CVD=1370970&CPV=325313&CST=27012022&CLV=5&MLV=5,https://climate-change.canada.ca/facility-emissions/GHGRP-G10053-2023.html,"http://indicators-map.canada.ca/App/Detail?id=0110053&GoCTemplateCulture=en-CA
"
10054,Carseland Power Plant,TransCanada Energy Ltd.,Carseland,,T0J 0M0,Alberta,50.90123,-113.39283,390.23,kilotonnes of carbon dioxide equivalents (kt CO2 eq),2023,Fossil-Fuel Electric Power Generation,https://www23.statcan.gc.ca/imdb/p3VD.pl?Function=getVD&TVD=1369825&CVD=1370970&CPV=221112&CST=27012022&CLV=5&MLV=5,https://climate-change.canada.ca/facility-emissions/GHGRP-G10054-2023.html,"http://indicators-map.canada.ca/App/Detail?id=0110054&GoCTemplateCulture=en-CA
"
10055,Orica Carseland,Orica Canada Inc.,Carseland,264077 221 TWP RD,T0J 0M0,Alberta,50.8467,-113.58117,36.33,kilotonnes of carbon dioxide equivalents (kt CO2 eq),2023,Chemical Fertilizer (except Potash) Manufacturing,https://www23.statcan.gc.ca/imdb/p3VD.pl?Function=getVD&TVD=1369825&CVD=1370970&CPV=325313&CST=27012022&CLV=5&MLV=5,https://climate-change.canada.ca/facility-emissions/GHGRP-G10055-2023.html,"http://indicators-map.canada.ca/App/Detail?id=0110055&GoCTemplateCulture=en-CA
"
10057,Ingredion Canada Incorporated - London Plant,Ingredion Canada Corporation,London,1100 Green Valley Road,N6N 1E3,Ontario,42.9217,-81.1942,129.38,kilotonnes of carbon dioxide equivalents (kt CO2 eq),2023,Wet Corn Milling,https://www23.statcan.gc.ca/imdb/p3VD.pl?Function=getVD&TVD=1369825&CVD=1370970&CPV=311221&CST=27012022&CLV=5&MLV=5,https://climate-change.canada.ca/facility-emissions/GHGRP-G10057-2023.html,"http://indicators-map.canada.ca/App/Detail?id=0110057&GoCTemplateCulture=en-CA
"
10058,Cavalier Energy Centre,ENMAX Cavalier GP Inc.,Strathmore,0,T1P 1K3,Alberta,51.0056,-113.1716,296,kilotonnes of carbon dioxide equivalents (kt CO2 eq),2023,Fossil-Fuel Electric Power Generation,https://www23.statcan.gc.ca/imdb/p3VD.pl?Function=getVD&TVD=1369825&CVD=1370970&CPV=221112&CST=27012022&CLV=5&MLV=5,https://climate-change.canada.ca/facility-emissions/GHGRP-G10058-2023.html,"http://indicators-map.canada.ca/App/Detail?id=0110058&GoCTemplateCulture=en-CA
"
10059,Cavendish Farms,Cavendish Farms Corporation,New Annan,25532 #2 Highway,C1N 4J9,Prince Edward Island,46.4222,-63.679,50.13,kilotonnes of carbon dioxide equivalents (kt CO2 eq),2023,Frozen Food Manufacturing,https://www23.statcan.gc.ca/imdb/p3VD.pl?Function=getVD&TVD=1369825&CVD=1370970&CPV=311410&CST=27012022&CLV=5&MLV=5,https://climate-change.canada.ca/facility-emissions/GHGRP-G10059-2023.html,"http://indicators-map.canada.ca/App/Detail?id=0110059&GoCTemplateCulture=en-CA
"
10060,Co-op Refinery Complex,Consumers' Co-operative Refineries Limited,Regina,550 East 9th Avenue North,S4P 3A1,Saskatchewan,50.4843,-104.5794,1874.85,kilotonnes of carbon dioxide equivalents (kt CO2 eq),2023,Petroleum Refineries,https://www23.statcan.gc.ca/imdb/p3VD.pl?Function=getVD&TVD=1369825&CVD=1370970&CPV=324110&CST=27012022&CLV=5&MLV=5,https://climate-change.canada.ca/facility-emissions/GHGRP-G10060-2023.html,"http://indicators-map.canada.ca/App/Detail?id=0110060&GoCTemplateCulture=en-CA
"
10061,Centrale de Cap-aux-Meules,Hydro-Québec,"Cap Aux Meules, Îles de La Mad",1034 de la Vernière Road,G4T 1R3,Quebec,47.3743,-61.8858,130.38,kilotonnes of carbon dioxide equivalents (kt CO2 eq),2023,Fossil-Fuel Electric Power Generation,https://www23.statcan.gc.ca/imdb/p3VD.pl?Function=getVD&TVD=1369825&CVD=1370970&CPV=221112&CST=27012022&CLV=5&MLV=5,https://climate-change.canada.ca/facility-emissions/GHGRP-G10061-2023.html,"http://indicators-map.canada.ca/App/Detail?id=0110061&GoCTemplateCulture=en-CA
"
10064,Chimie Parachem s.e.c,Chimie Parachem s.e.c,Montréal Est,3500 Broadway Street,H1B 5B4,Quebec,45.6324,-73.5244,170.37,kilotonnes of carbon dioxide equivalents (kt CO2 eq),2023,Petrochemical Manufacturing,https://www23.statcan.gc.ca/imdb/p3VD.pl?Function=getVD&TVD=1369825&CVD=1370970&CPV=325110&CST=27012022&CLV=5&MLV=5,https://climate-change.canada.ca/facility-emissions/GHGRP-G10064-2023.html,"http://indicators-map.canada.ca/App/Detail?id=0110064&GoCTemplateCulture=en-CA
"
10065,Christina Lake SAGD Bitumen Battery,Cenovus FCCL Ltd.,Lac La Biche,0,T0P 1J0,Alberta,55.5827,-110.8888,3887.28,kilotonnes of carbon dioxide equivalents (kt CO2 eq),2023,In-situ oil sands extraction,https://www23.statcan.gc.ca/imdb/p3VD.pl?Function=getVD&TVD=1369825&CVD=1370970&CPV=211141&CST=27012022&CLV=5&MLV=5,https://climate-change.canada.ca/facility-emissions/GHGRP-G10065-2023.html,"http://indicators-map.canada.ca/App/Detail?id=0110065&GoCTemplateCulture=en-CA
"
10066,Cimenterie de Saint-Basile,Ciment Québec inc.,Saint Basile,145 du Centenaire Boulevard,G0A 3G0,Quebec,46.7447,-71.8126,731.38,kilotonnes of carbon dioxide equivalents (kt CO2 eq),2023,Cement Manufacturing,https://www23.statcan.gc.ca/imdb/p3VD.pl?Function=getVD&TVD=1369825&CVD=1370970&CPV=327310&CST=27012022&CLV=5&MLV=5,https://climate-change.canada.ca/facility-emissions/GHGRP-G10066-2023.html,"http://indicators-map.canada.ca/App/Detail?id=0110066&GoCTemplateCulture=en-CA
"
10067,Cimenterie de Saint-Constant,Lafarge Canada Inc.,Saint Constant,1 Lafarge Road,J5A 2G4,Quebec,45.3401,-73.52367,678.87,kilotonnes of carbon dioxide equivalents (kt CO2 eq),2023,Cement Manufacturing,https://www23.statcan.gc.ca/imdb/p3VD.pl?Function=getVD&TVD=1369825&CVD=1370970&CPV=327310&CST=27012022&CLV=5&MLV=5,https://climate-change.canada.ca/facility-emissions/GHGRP-G10067-2023.html,"http://indicators-map.canada.ca/App/Detail?id=0110067&GoCTemplateCulture=en-CA
"
10068,Electric Utility - Generation,City of Medicine Hat,Medicine Hat,1502 Powerhouse Road,T1A 8E6,Alberta,50.04092,-110.7219,541.12,kilotonnes of carbon dioxide equivalents (kt CO2 eq),2023,Fossil-Fuel Electric Power Generation,https://www23.statcan.gc.ca/imdb/p3VD.pl?Function=getVD&TVD=1369825&CVD=1370970&CPV=221112&CST=27012022&CLV=5&MLV=5,https://climate-change.canada.ca/facility-emissions/GHGRP-G10068-2023.html,"http://indicators-map.canada.ca/App/Detail?id=0110068&GoCTemplateCulture=en-CA
"
10069,Clover Bar Energy Centre,Capital Power (Alberta) Limited Partnership,Edmonton,1515 130th Avenue,T6S 1E3,Alberta,53.5874,-113.3647,365.94,kilotonnes of carbon dioxide equivalents (kt CO2 eq),2023,Fossil-Fuel Electric Power Generation,https://www23.statcan.gc.ca/imdb/p3VD.pl?Function=getVD&TVD=1369825&CVD=1370970&CPV=221112&CST=27012022&CLV=5&MLV=5,https://climate-change.canada.ca/facility-emissions/GHGRP-G10069-2023.html,"http://indicators-map.canada.ca/App/Detail?id=0110069&GoCTemplateCulture=en-CA
"
10071,Cochrane Extraction Plant,Inter Pipeline Ltd.,Cochrane,262145 Range Road 43,T4C 1A4,Alberta,51.2225,-114.4956,468.99,kilotonnes of carbon dioxide equivalents (kt CO2 eq),2023,Oil and gas extraction (except oil sands),https://www23.statcan.gc.ca/imdb/p3VD.pl?Function=getVD&TVD=1369825&CVD=1370970&CPV=211110&CST=27012022&CLV=5&MLV=5,https://climate-change.canada.ca/facility-emissions/GHGRP-G10071-2023.html,"http://indicators-map.canada.ca/App/Detail?id=0110071&GoCTemplateCulture=en-CA
"
10073,Cold Lake,Imperial Oil Resources Limited,Bonnyville,PO Box 1020,T9N 2J7,Alberta,54.59702,-110.39972,5710.42,kilotonnes of carbon dioxide equivalents (kt CO2 eq),2023,In-situ oil sands extraction,https://www23.statcan.gc.ca/imdb/p3VD.pl?Function=getVD&TVD=1369825&CVD=1370970&CPV=211141&CST=27012022&CLV=5&MLV=5,https://climate-change.canada.ca/facility-emissions/GHGRP-G10073-2023.html,"http://indicators-map.canada.ca/App/Detail?id=0110073&GoCTemplateCulture=en-CA
"
10074,Coleson Cove Generating Station,New Brunswick Power Corporation,Saint John,4077 King William Road,E2M 7T7,New Brunswick,45.1582,-66.2013,475.92,kilotonnes of carbon dioxide equivalents (kt CO2 eq),2023,Fossil-Fuel Electric Power Generation,https://www23.statcan.gc.ca/imdb/p3VD.pl?Function=getVD&TVD=1369825&CVD=1370970&CPV=221112&CST=27012022&CLV=5&MLV=5,https://climate-change.canada.ca/facility-emissions/GHGRP-G10074-2023.html,"http://indicators-map.canada.ca/App/Detail?id=0110074&GoCTemplateCulture=en-CA
"
10075,Chatham,Greenfield Global Inc.,Chatham,275 Bloomfield Road,N7M 5J5,Ontario,42.3839,-82.2218,132.36,kilotonnes of carbon dioxide equivalents (kt CO2 eq),2023,Other Basic Organic Chemical Manufacturing,https://www23.statcan.gc.ca/imdb/p3VD.pl?Function=getVD&TVD=1369825&CVD=1370970&CPV=325190&CST=27012022&CLV=5&MLV=5,https://climate-change.canada.ca/facility-emissions/GHGRP-G10075-2023.html,"http://indicators-map.canada.ca/App/Detail?id=0110075&GoCTemplateCulture=en-CA
"
10076,Rio Tinto Fer et Titane inc.- Complexe  de Sorel-Tracy,Rio Tinto Fer et Titane inc.,Sorel Tracy,1625 Marie-Victorin,J3R 1M6,Quebec,46.0475,-73.13778,885.63,kilotonnes of carbon dioxide equivalents (kt CO2 eq),2023,Iron and Steel Mills and Ferro-Alloy Manufacturing,https://www23.statcan.gc.ca/imdb/p3VD.pl?Function=getVD&TVD=1369825&CVD=1370970&CPV=331110&CST=27012022&CLV=5&MLV=5,https://climate-change.canada.ca/facility-emissions/GHGRP-G10076-2023.html,"http://indicators-map.canada.ca/App/Detail?id=0110076&GoCTemplateCulture=en-CA
"
10079,Corner Brook Pulp and Paper,Corner Brook Pulp and Paper Ltd.,Corner Brook,1 Mill Road,A2H 6J4,Newfoundland and Labrador,48.9552,-57.9485,34.79,kilotonnes of carbon dioxide equivalents (kt CO2 eq),2023,Newsprint Mills,https://www23.statcan.gc.ca/imdb/p3VD.pl?Function=getVD&TVD=1369825&CVD=1370970&CPV=322122&CST=27012022&CLV=5&MLV=5,https://climate-change.canada.ca/facility-emissions/GHGRP-G10079-2023.html,"http://indicators-map.canada.ca/App/Detail?id=0110079&GoCTemplateCulture=en-CA
"
10080,Cory Cogeneration Station,Saskatchewan Power Corporation,Saskatoon,,S7K 3K1,Saskatchewan,52.0919,-106.8475,603.55,kilotonnes of carbon dioxide equivalents (kt CO2 eq),2023,Fossil-Fuel Electric Power Generation,https://www23.statcan.gc.ca/imdb/p3VD.pl?Function=getVD&TVD=1369825&CVD=1370970&CPV=221112&CST=27012022&CLV=5&MLV=5,https://climate-change.canada.ca/facility-emissions/GHGRP-G10080-2023.html,"http://indicators-map.canada.ca/App/Detail?id=0110080&GoCTemplateCulture=en-CA
"
10082,Crofton Division,Catalyst Paper Corporation,Crofton,8541 Hay Road,V0R 1R0,British Columbia,48.875,-123.645,91.53,kilotonnes of carbon dioxide equivalents (kt CO2 eq),2023,Chemical Pulp Mills,https://www23.statcan.gc.ca/imdb/p3VD.pl?Function=getVD&TVD=1369825&CVD=1370970&CPV=322112&CST=27012022&CLV=5&MLV=5,https://climate-change.canada.ca/facility-emissions/GHGRP-G10082-2023.html,"http://indicators-map.canada.ca/App/Detail?id=0110082&GoCTemplateCulture=en-CA
"
10085,Delta Plant,Heidelberg Materials Canada Limited,Delta,7777 Ross Road,V4G 1B8,British Columbia,49.1436,-123.023,755.88,kilotonnes of carbon dioxide equivalents (kt CO2 eq),2023,Cement Manufacturing,https://www23.statcan.gc.ca/imdb/p3VD.pl?Function=getVD&TVD=1369825&CVD=1370970&CPV=327310&CST=27012022&CLV=5&MLV=5,https://climate-change.canada.ca/facility-emissions/GHGRP-G10085-2023.html,"http://indicators-map.canada.ca/App/Detail?id=0110085&GoCTemplateCulture=en-CA
"
10086,ATCO Gas - Distribution System,ATCO Gas and Pipelines Ltd.,Edmonton,10035 105 Street Northwest,T5J 2V6,Alberta,0,0,165.8,kilotonnes of carbon dioxide equivalents (kt CO2 eq),2023,Natural Gas Distribution,https://www23.statcan.gc.ca/imdb/p3VD.pl?Function=getVD&TVD=1369825&CVD=1370970&CPV=221210&CST=27012022&CLV=5&MLV=5,https://climate-change.canada.ca/facility-emissions/GHGRP-G10086-2023.html,"http://indicators-map.canada.ca/App/Detail?id=0110086&GoCTemplateCulture=en-CA
"
10088,Kruger Trois-Rivières S.E.C.,Kruger inc,Trois Rivières,3735 Gene-H.-Kruger Boulevard,G9A 6B1,Quebec,46.33639,-72.55556,70.97,kilotonnes of carbon dioxide equivalents (kt CO2 eq),2023,Paperboard Mills,https://www23.statcan.gc.ca/imdb/p3VD.pl?Function=getVD&TVD=1369825&CVD=1370970&CPV=322130&CST=27012022&CLV=5&MLV=5,https://climate-change.canada.ca/facility-emissions/GHGRP-G10088-2023.html,"http://indicators-map.canada.ca/App/Detail?id=0110088&GoCTemplateCulture=en-CA
"
10089,Usine Kénogami,Produits forestiers Résolu,Saguenay,3750 de Champlain,G7X 1M1,Quebec,48.4289,-71.2437,27.67,kilotonnes of carbon dioxide equivalents (kt CO2 eq),2023,Newsprint Mills,https://www23.statcan.gc.ca/imdb/p3VD.pl?Function=getVD&TVD=1369825&CVD=1370970&CPV=322122&CST=27012022&CLV=5&MLV=5,https://climate-change.canada.ca/facility-emissions/GHGRP-G10089-2023.html,"http://indicators-map.canada.ca/App/Detail?id=0110089&GoCTemplateCulture=en-CA
"
10091,ArcelorMittal Dofasco,ArcelorMittal Canada MP Inc. and ArcelorMittal Canada Inc. p,Hamilton,1330 Burlington Street East,L8N 3J5,Ontario,43.2597,-79.8111,4168.28,kilotonnes of carbon dioxide equivalents (kt CO2 eq),2023,Iron and Steel Mills and Ferro-Alloy Manufacturing,https://www23.statcan.gc.ca/imdb/p3VD.pl?Function=getVD&TVD=1369825&CVD=1370970&CPV=331110&CST=27012022&CLV=5&MLV=5,https://climate-change.canada.ca/facility-emissions/GHGRP-G10091-2023.html,"http://indicators-map.canada.ca/App/Detail?id=0110091&GoCTemplateCulture=en-CA
"
10093,Espanola Mill,Domtar Inc.,Espanola,1 Station Road,P5E 1R6,Ontario,46.26806,-81.76806,187.88,kilotonnes of carbon dioxide equivalents (kt CO2 eq),2023,Paper (except Newsprint) Mills,https://www23.statcan.gc.ca/imdb/p3VD.pl?Function=getVD&TVD=1369825&CVD=1370970&CPV=322121&CST=27012022&CLV=5&MLV=5,https://climate-change.canada.ca/facility-emissions/GHGRP-G10093-2023.html,"http://indicators-map.canada.ca/App/Detail?id=0110093&GoCTemplateCulture=en-CA
"
10095,East Calgary Landfill,City of Calgary,Calgary,3801 68 Street Southeast,T2B 4R8,Alberta,51.0265,-113.9419,40.18,kilotonnes of carbon dioxide equivalents (kt CO2 eq),2023,Waste Treatment and Disposal,https://www23.statcan.gc.ca/imdb/p3VD.pl?Function=getVD&TVD=1369825&CVD=1370970&CPV=562210&CST=27012022&CLV=5&MLV=5,https://climate-change.canada.ca/facility-emissions/GHGRP-G10095-2023.html,"http://indicators-map.canada.ca/App/Detail?id=0110095&GoCTemplateCulture=en-CA
"
10096,East Crossfield Gas Plant 9-14-28-1W5,Taqa North Ltd.,Crossfield,0  Crossfield,T0M 0S0,Alberta,51.4001,-114.0343,63.18,kilotonnes of carbon dioxide equivalents (kt CO2 eq),2023,Oil and gas extraction (except oil sands),https://www23.statcan.gc.ca/imdb/p3VD.pl?Function=getVD&TVD=1369825&CVD=1370970&CPV=211110&CST=27012022&CLV=5&MLV=5,https://climate-change.canada.ca/facility-emissions/GHGRP-G10096-2023.html,"http://indicators-map.canada.ca/App/Detail?id=0110096&GoCTemplateCulture=en-CA
"
10097,Edmonton Site,Celanese Canada ULC.,Edmonton,4405 101st Avenue,T6A 0L2,Alberta,53.5397,-113.4092,28.32,kilotonnes of carbon dioxide equivalents (kt CO2 eq),2023,Resin and Synthetic Rubber Manufacturing,https://www23.statcan.gc.ca/imdb/p3VD.pl?Function=getVD&TVD=1369825&CVD=1370970&CPV=325210&CST=27012022&CLV=5&MLV=5,https://climate-change.canada.ca/facility-emissions/GHGRP-G10097-2023.html,"http://indicators-map.canada.ca/App/Detail?id=0110097&GoCTemplateCulture=en-CA
"
10098,Edmonton Refinery,Suncor Energy Products Partnership,Sherwood Park,801 Petroleum Way,T8H 2G2,Alberta,53.55877,-113.34961,1325.23,kilotonnes of carbon dioxide equivalents (kt CO2 eq),2023,Petroleum Refineries,https://www23.statcan.gc.ca/imdb/p3VD.pl?Function=getVD&TVD=1369825&CVD=1370970&CPV=324110&CST=27012022&CLV=5&MLV=5,https://climate-change.canada.ca/facility-emissions/GHGRP-G10098-2023.html,"http://indicators-map.canada.ca/App/Detail?id=0110098&GoCTemplateCulture=en-CA
"
10099,Twin Rivers Pulp Ltd.,Twin Rivers Paper Inc,Edmundston,27 Rice Street,E3V 1S9,New Brunswick,47.3749,-68.3333,52.72,kilotonnes of carbon dioxide equivalents (kt CO2 eq),2023,Chemical Pulp Mills,https://www23.statcan.gc.ca/imdb/p3VD.pl?Function=getVD&TVD=1369825&CVD=1370970&CPV=322112&CST=27012022&CLV=5&MLV=5,https://climate-change.canada.ca/facility-emissions/GHGRP-G10099-2023.html,"http://indicators-map.canada.ca/App/Detail?id=0110099&GoCTemplateCulture=en-CA
"
10100,Edson Gas Plant,Peyto Exploration and Development Corporation,Edson,,N/A,Alberta,53.5575,-116.5472,166.82,kilotonnes of carbon dioxide equivalents (kt CO2 eq),2023,Oil and gas extraction (except oil sands),https://www23.statcan.gc.ca/imdb/p3VD.pl?Function=getVD&TVD=1369825&CVD=1370970&CPV=211110&CST=27012022&CLV=5&MLV=5,https://climate-change.canada.ca/facility-emissions/GHGRP-G10100-2023.html,"http://indicators-map.canada.ca/App/Detail?id=0110100&GoCTemplateCulture=en-CA
"
10101,Ekati Diamond Mine,Burgundy Diamond Mines,Yellowknife,900 4920 52 Street,X1A 3T1,Northwest Territories,64.7195,-110.6201,170.09,kilotonnes of carbon dioxide equivalents (kt CO2 eq),2023,Diamond Mining,https://www23.statcan.gc.ca/imdb/p3VD.pl?Function=getVD&TVD=1369825&CVD=1370970&CPV=212392&CST=27012022&CLV=5&MLV=5,https://climate-change.canada.ca/facility-emissions/GHGRP-G10101-2023.html,"http://indicators-map.canada.ca/App/Detail?id=0110101&GoCTemplateCulture=en-CA
"
10103,Elkem Métal Chicoutimi,Elkem Metal Canada Inc.,Chicoutimi,2020 de la Réserve Road,G7J 0E1,Quebec,48.4124,-71.1307,115.96,kilotonnes of carbon dioxide equivalents (kt CO2 eq),2023,Iron and Steel Mills and Ferro-Alloy Manufacturing,https://www23.statcan.gc.ca/imdb/p3VD.pl?Function=getVD&TVD=1369825&CVD=1370970&CPV=331110&CST=27012022&CLV=5&MLV=5,https://climate-change.canada.ca/facility-emissions/GHGRP-G10103-2023.html,"http://indicators-map.canada.ca/App/Detail?id=0110103&GoCTemplateCulture=en-CA
"
10104,"Foothills Pipeline, British Columbia System",Foothills Pipe Lines (South B.C.) Ltd.,Cranbrook,,V1C 2N1,British Columbia,49.64782,-114.71692,407.73,kilotonnes of carbon dioxide equivalents (kt CO2 eq),2023,Pipeline Transportation of Natural Gas,https://www23.statcan.gc.ca/imdb/p3VD.pl?Function=getVD&TVD=1369825&CVD=1370970&CPV=486210&CST=27012022&CLV=5&MLV=5,https://climate-change.canada.ca/facility-emissions/GHGRP-G10104-2023.html,"http://indicators-map.canada.ca/App/Detail?id=0110104&GoCTemplateCulture=en-CA
"
10105,Elkview Operations,Teck Coal Limited,Sparwood,1 Highway 3 Highway,V0B 2G1,British Columbia,49.75808,-114.82594,579.38,kilotonnes of carbon dioxide equivalents (kt CO2 eq),2023,Bituminous Coal Mining,https://www23.statcan.gc.ca/imdb/p3VD.pl?Function=getVD&TVD=1369825&CVD=1370970&CPV=212114&CST=27012022&CLV=5&MLV=5,https://climate-change.canada.ca/facility-emissions/GHGRP-G10105-2023.html,"http://indicators-map.canada.ca/App/Detail?id=0110105&GoCTemplateCulture=en-CA
"
10106,Elmworth Gas Plant,Cenovus Energy Inc.,Elmworth,0,T0H 1J0,Alberta,55.0415,-119.631,183.42,kilotonnes of carbon dioxide equivalents (kt CO2 eq),2023,Oil and gas extraction (except oil sands),https://www23.statcan.gc.ca/imdb/p3VD.pl?Function=getVD&TVD=1369825&CVD=1370970&CPV=211110&CST=27012022&CLV=5&MLV=5,https://climate-change.canada.ca/facility-emissions/GHGRP-G10106-2023.html,"http://indicators-map.canada.ca/App/Detail?id=0110106&GoCTemplateCulture=en-CA
"
10107,Empress Gas Plant,Plains Midstream Canada ULC,Medicine Hat,,T1A 7H3,Alberta,50.676,-110.025,70.36,kilotonnes of carbon dioxide equivalents (kt CO2 eq),2023,Oil and gas extraction (except oil sands),https://www23.statcan.gc.ca/imdb/p3VD.pl?Function=getVD&TVD=1369825&CVD=1370970&CPV=211110&CST=27012022&CLV=5&MLV=5,https://climate-change.canada.ca/facility-emissions/GHGRP-G10107-2023.html,"http://indicators-map.canada.ca/App/Detail?id=0110107&GoCTemplateCulture=en-CA
"
10108,Empress 6,Plains Midstream Canada ULC,Medicine Hat,,T1A 7N2,Alberta,50.684,-110.03288,279.24,kilotonnes of carbon dioxide equivalents (kt CO2 eq),2023,Oil and gas extraction (except oil sands),https://www23.statcan.gc.ca/imdb/p3VD.pl?Function=getVD&TVD=1369825&CVD=1370970&CPV=211110&CST=27012022&CLV=5&MLV=5,https://climate-change.canada.ca/facility-emissions/GHGRP-G10108-2023.html,"http://indicators-map.canada.ca/App/Detail?id=0110108&GoCTemplateCulture=en-CA
"
10111,Exshaw Plant,Graymont Western Canada Inc.,Exshaw,1A Highway,T0L 2C0,Alberta,51.0682,-115.1364,178.82,kilotonnes of carbon dioxide equivalents (kt CO2 eq),2023,Lime Manufacturing,https://www23.statcan.gc.ca/imdb/p3VD.pl?Function=getVD&TVD=1369825&CVD=1370970&CPV=327410&CST=27012022&CLV=5&MLV=5,https://climate-change.canada.ca/facility-emissions/GHGRP-G10111-2023.html,"http://indicators-map.canada.ca/App/Detail?id=0110111&GoCTemplateCulture=en-CA
"
10112,Exshaw Cement Plant,Lafarge Canada Inc.,Exshaw,1A Highway,T0L 2C0,Alberta,51.0589,-115.1745,1195.52,kilotonnes of carbon dioxide equivalents (kt CO2 eq),2023,Cement Manufacturing,https://www23.statcan.gc.ca/imdb/p3VD.pl?Function=getVD&TVD=1369825&CVD=1370970&CPV=327310&CST=27012022&CLV=5&MLV=5,https://climate-change.canada.ca/facility-emissions/GHGRP-G10112-2023.html,"http://indicators-map.canada.ca/App/Detail?id=0110112&GoCTemplateCulture=en-CA
"
10113,Faulkner Plant,Graymont Western Canada Inc.,Faulkner,239 Highway West,R0C 0Y0,Manitoba,51.4135,-98.765,103.88,kilotonnes of carbon dioxide equivalents (kt CO2 eq),2023,Lime Manufacturing,https://www23.statcan.gc.ca/imdb/p3VD.pl?Function=getVD&TVD=1369825&CVD=1370970&CPV=327410&CST=27012022&CLV=5&MLV=5,https://climate-change.canada.ca/facility-emissions/GHGRP-G10113-2023.html,"http://indicators-map.canada.ca/App/Detail?id=0110113&GoCTemplateCulture=en-CA
"
10114,Woodstock Plant,Federal White Cement Ltd.,Woodstock,3551551 35th Line,N0J 1J0,Ontario,43.0989,-80.8943,400.16,kilotonnes of carbon dioxide equivalents (kt CO2 eq),2023,Cement Manufacturing,https://www23.statcan.gc.ca/imdb/p3VD.pl?Function=getVD&TVD=1369825&CVD=1370970&CPV=327310&CST=27012022&CLV=5&MLV=5,https://climate-change.canada.ca/facility-emissions/GHGRP-G10114-2023.html,"http://indicators-map.canada.ca/App/Detail?id=0110114&GoCTemplateCulture=en-CA
"
10115,Fording River Operations,Teck Coal Limited,Elkford,100 PO Box Route,V0B 1H0,British Columbia,50.18992,-114.87901,824.16,kilotonnes of carbon dioxide equivalents (kt CO2 eq),2023,Bituminous Coal Mining,https://www23.statcan.gc.ca/imdb/p3VD.pl?Function=getVD&TVD=1369825&CVD=1370970&CPV=212114&CST=27012022&CLV=5&MLV=5,https://climate-change.canada.ca/facility-emissions/GHGRP-G10115-2023.html,"http://indicators-map.canada.ca/App/Detail?id=0110115&GoCTemplateCulture=en-CA
"
10117,Fort Nelson Gas Plant,NorthRiver Midstream Inc.,Fort Nelson,0 285 Mile Alaska Highway,V0C 1R0,British Columbia,58.65461,-122.68815,374.22,kilotonnes of carbon dioxide equivalents (kt CO2 eq),2023,Oil and gas extraction (except oil sands),https://www23.statcan.gc.ca/imdb/p3VD.pl?Function=getVD&TVD=1369825&CVD=1370970&CPV=211110&CST=27012022&CLV=5&MLV=5,https://climate-change.canada.ca/facility-emissions/GHGRP-G10117-2023.html,"http://indicators-map.canada.ca/App/Detail?id=0110117&GoCTemplateCulture=en-CA
"
10118,Fort Nelson Generating Station,British Columbia Hydro and Power Authority,Fort Nelson,1 Alaska Highway,V0C 1R0,British Columbia,58.64,-122.67,113.31,kilotonnes of carbon dioxide equivalents (kt CO2 eq),2023,Fossil-Fuel Electric Power Generation,https://www23.statcan.gc.ca/imdb/p3VD.pl?Function=getVD&TVD=1369825&CVD=1370970&CPV=221112&CST=27012022&CLV=5&MLV=5,https://climate-change.canada.ca/facility-emissions/GHGRP-G10118-2023.html,"http://indicators-map.canada.ca/App/Detail?id=0110118&GoCTemplateCulture=en-CA
"
10119,Fort Saskatchewan,Sherritt International Corporation,Fort Saskatchewan,10101 114 Street,T8L 2T3,Alberta,53.7217,-113.1917,305.17,kilotonnes of carbon dioxide equivalents (kt CO2 eq),2023,Non-Ferrous Metal (except Aluminum) Smelting and Refining,https://www23.statcan.gc.ca/imdb/p3VD.pl?Function=getVD&TVD=1369825&CVD=1370970&CPV=331410&CST=27012022&CLV=5&MLV=5,https://climate-change.canada.ca/facility-emissions/GHGRP-G10119-2023.html,"http://indicators-map.canada.ca/App/Detail?id=0110119&GoCTemplateCulture=en-CA
"
10120,Fort Saskatchewan Thermal Electric(Cogeneration) Power Plant,TransAlta Cogeneration L.P.,Fort Saskatchewan,Highway 15 Highway,T8L 2P4,Alberta,53.7235,-113.1738,453.2,kilotonnes of carbon dioxide equivalents (kt CO2 eq),2023,Fossil-Fuel Electric Power Generation,https://www23.statcan.gc.ca/imdb/p3VD.pl?Function=getVD&TVD=1369825&CVD=1370970&CPV=221112&CST=27012022&CLV=5&MLV=5,https://climate-change.canada.ca/facility-emissions/GHGRP-G10120-2023.html,"http://indicators-map.canada.ca/App/Detail?id=0110120&GoCTemplateCulture=en-CA
"
10121,Fort Saskatchewan Nitrogen Operations,Nutrien (Canada) Holdings ULC,Fort Saskatchewan,11751 River Road,T8L 4J1,Alberta,53.72539,-113.193,561.22,kilotonnes of carbon dioxide equivalents (kt CO2 eq),2023,Chemical Fertilizer (except Potash) Manufacturing,https://www23.statcan.gc.ca/imdb/p3VD.pl?Function=getVD&TVD=1369825&CVD=1370970&CPV=325313&CST=27012022&CLV=5&MLV=5,https://climate-change.canada.ca/facility-emissions/GHGRP-G10121-2023.html,"http://indicators-map.canada.ca/App/Detail?id=0110121&GoCTemplateCulture=en-CA
"
10122,Fort Saskatchewan Storage and Fractionation,Plains Midstream Canada ULC,Fort Saskatchewan,11010 125 Street,T8L 2T2,Alberta,53.7575,-113.1499,104.66,kilotonnes of carbon dioxide equivalents (kt CO2 eq),2023,Oil and gas extraction (except oil sands),https://www23.statcan.gc.ca/imdb/p3VD.pl?Function=getVD&TVD=1369825&CVD=1370970&CPV=211110&CST=27012022&CLV=5&MLV=5,https://climate-change.canada.ca/facility-emissions/GHGRP-G10122-2023.html,"http://indicators-map.canada.ca/App/Detail?id=0110122&GoCTemplateCulture=en-CA
"
10125,Fort Saskatchewan EOEG,MEGlobal Canada ULC,Fort Saskatchewan,Highway 15,T8L 2P4,Alberta,53.7332,-113.175,34.01,kilotonnes of carbon dioxide equivalents (kt CO2 eq),2023,Other Basic Organic Chemical Manufacturing,https://www23.statcan.gc.ca/imdb/p3VD.pl?Function=getVD&TVD=1369825&CVD=1370970&CPV=325190&CST=27012022&CLV=5&MLV=5,https://climate-change.canada.ca/facility-emissions/GHGRP-G10125-2023.html,"http://indicators-map.canada.ca/App/Detail?id=0110125&GoCTemplateCulture=en-CA
"
10126,Gathering,NorthRiver Midstream Inc.,Fort St. John,53 Alaska Highway,V1J 4H7,British Columbia,56.09,-120.414,119.77,kilotonnes of carbon dioxide equivalents (kt CO2 eq),2023,Oil and gas extraction (except oil sands),https://www23.statcan.gc.ca/imdb/p3VD.pl?Function=getVD&TVD=1369825&CVD=1370970&CPV=211110&CST=27012022&CLV=5&MLV=5,https://climate-change.canada.ca/facility-emissions/GHGRP-G10126-2023.html,"http://indicators-map.canada.ca/App/Detail?id=0110126&GoCTemplateCulture=en-CA
"
10127,Genesee Thermal Generating Station,Capital Power Generation Services Inc.,Warburg,0 50444 Highway 770,T0C 2T0,Alberta,53.344,-114.305,7960.03,kilotonnes of carbon dioxide equivalents (kt CO2 eq),2023,Fossil-Fuel Electric Power Generation,https://www23.statcan.gc.ca/imdb/p3VD.pl?Function=getVD&TVD=1369825&CVD=1370970&CPV=221112&CST=27012022&CLV=5&MLV=5,https://climate-change.canada.ca/facility-emissions/GHGRP-G10127-2023.html,"http://indicators-map.canada.ca/App/Detail?id=0110127&GoCTemplateCulture=en-CA
"
10128,"Gerdau Ameristeel Corporation, Whitby Mill",Gerdau Ameristeel Corporation,Whitby,1 Gerdau Court,L1N 5T1,Ontario,43.8578,-78.9097,97.16,kilotonnes of carbon dioxide equivalents (kt CO2 eq),2023,Iron and Steel Mills and Ferro-Alloy Manufacturing,https://www23.statcan.gc.ca/imdb/p3VD.pl?Function=getVD&TVD=1369825&CVD=1370970&CPV=331110&CST=27012022&CLV=5&MLV=5,https://climate-change.canada.ca/facility-emissions/GHGRP-G10128-2023.html,"http://indicators-map.canada.ca/App/Detail?id=0110128&GoCTemplateCulture=en-CA
"
10130,International Paper Canadian Pulp Holdings ULC,International Paper Company,Grande Prairie,10 km SE on Resources Road,T8V 3A9,Alberta,55.07111,-118.69111,156.09,kilotonnes of carbon dioxide equivalents (kt CO2 eq),2023,Chemical Pulp Mills,https://www23.statcan.gc.ca/imdb/p3VD.pl?Function=getVD&TVD=1369825&CVD=1370970&CPV=322112&CST=27012022&CLV=5&MLV=5,https://climate-change.canada.ca/facility-emissions/GHGRP-G10130-2023.html,"http://indicators-map.canada.ca/App/Detail?id=0110130&GoCTemplateCulture=en-CA
"
10131,Greenhills Operations,Teck Coal Limited,Elkford,PO Box 5000 Highway,V0B 1H0,British Columbia,50.085,-114.871,486.22,kilotonnes of carbon dioxide equivalents (kt CO2 eq),2023,Bituminous Coal Mining,https://www23.statcan.gc.ca/imdb/p3VD.pl?Function=getVD&TVD=1369825&CVD=1370970&CPV=212114&CST=27012022&CLV=5&MLV=5,https://climate-change.canada.ca/facility-emissions/GHGRP-G10131-2023.html,"http://indicators-map.canada.ca/App/Detail?id=0110131&GoCTemplateCulture=en-CA
"
10133,Birla Carbon Canada Ltd.,Birla Carbon Canada Ltd.,Hamilton,755 Parkdale Avenue North,L8H 7N5,Ontario,43.2588,-79.7843,206,kilotonnes of carbon dioxide equivalents (kt CO2 eq),2023,All Other Basic Inorganic Chemical Manufacturing,https://www23.statcan.gc.ca/imdb/p3VD.pl?Function=getVD&TVD=1369825&CVD=1370970&CPV=325189&CST=27012022&CLV=5&MLV=5,https://climate-change.canada.ca/facility-emissions/GHGRP-G10133-2023.html,"http://indicators-map.canada.ca/App/Detail?id=0110133&GoCTemplateCulture=en-CA
"
10134,Hangingstone SAGD Demonstration Facility,Greenfire Resources Operating Corporation,Rm of Wood Buffalo,63 Highway,T9H 3G2,Alberta,56.3132,-111.6362,212.17,kilotonnes of carbon dioxide equivalents (kt CO2 eq),2023,In-situ oil sands extraction,https://www23.statcan.gc.ca/imdb/p3VD.pl?Function=getVD&TVD=1369825&CVD=1370970&CPV=211141&CST=27012022&CLV=5&MLV=5,https://climate-change.canada.ca/facility-emissions/GHGRP-G10134-2023.html,"http://indicators-map.canada.ca/App/Detail?id=0110134&GoCTemplateCulture=en-CA
"
10135,Hanlan Robb Gas Plant,Canlin Energy Corporation,Edson,,T7E 1T8,Alberta,53.2045,-116.8112,157.79,kilotonnes of carbon dioxide equivalents (kt CO2 eq),2023,Oil and gas extraction (except oil sands),https://www23.statcan.gc.ca/imdb/p3VD.pl?Function=getVD&TVD=1369825&CVD=1370970&CPV=211110&CST=27012022&CLV=5&MLV=5,https://climate-change.canada.ca/facility-emissions/GHGRP-G10135-2023.html,"http://indicators-map.canada.ca/App/Detail?id=0110135&GoCTemplateCulture=en-CA
"
10136,Harmac Pacific Operations,Nanaimo Forest Products Ltd.,Nanaimo,1000 Wave Place,V9X 1J2,British Columbia,49.13806,-123.85638,140.96,kilotonnes of carbon dioxide equivalents (kt CO2 eq),2023,Chemical Pulp Mills,https://www23.statcan.gc.ca/imdb/p3VD.pl?Function=getVD&TVD=1369825&CVD=1370970&CPV=322112&CST=27012022&CLV=5&MLV=5,https://climate-change.canada.ca/facility-emissions/GHGRP-G10136-2023.html,"http://indicators-map.canada.ca/App/Detail?id=0110136&GoCTemplateCulture=en-CA
"
10137,Harmattan Gas Processing Plant,AltaGas Ltd.,Didsbury,,T0M 0W0,Alberta,51.6969,-114.475,393.4,kilotonnes of carbon dioxide equivalents (kt CO2 eq),2023,Oil and gas extraction (except oil sands),https://www23.statcan.gc.ca/imdb/p3VD.pl?Function=getVD&TVD=1369825&CVD=1370970&CPV=211110&CST=27012022&CLV=5&MLV=5,https://climate-change.canada.ca/facility-emissions/GHGRP-G10137-2023.html,"http://indicators-map.canada.ca/App/Detail?id=0110137&GoCTemplateCulture=en-CA
"
10138,Havelock Plant,Graymont (NB) Inc.,Havelock,0 4634 880 Route,E4S 5K8,New Brunswick,45.99698,-65.30658,50,kilotonnes of carbon dioxide equivalents (kt CO2 eq),2023,Lime Manufacturing,https://www23.statcan.gc.ca/imdb/p3VD.pl?Function=getVD&TVD=1369825&CVD=1370970&CPV=327410&CST=27012022&CLV=5&MLV=5,https://climate-change.canada.ca/facility-emissions/GHGRP-G10138-2023.html,"http://indicators-map.canada.ca/App/Detail?id=0110138&GoCTemplateCulture=en-CA
"
10139,Hays Gas Plant 11-31-013-14 W4M,Canadian Natural Resources Limited,,,N/A,Alberta,50.1291,-111.9058,35.55,kilotonnes of carbon dioxide equivalents (kt CO2 eq),2023,Oil and gas extraction (except oil sands),https://www23.statcan.gc.ca/imdb/p3VD.pl?Function=getVD&TVD=1369825&CVD=1370970&CPV=211110&CST=27012022&CLV=5&MLV=5,https://climate-change.canada.ca/facility-emissions/GHGRP-G10139-2023.html,"http://indicators-map.canada.ca/App/Detail?id=0110139&GoCTemplateCulture=en-CA
"
10141,Hendrickson Springs,Hendrickson Canada ULC,Stratford,532 Romeo Street,N5A 4V4,Ontario,43.3615,-80.9642,12.66,kilotonnes of carbon dioxide equivalents (kt CO2 eq),2023,Spring (Heavy Gauge) Manufacturing,https://www23.statcan.gc.ca/imdb/p3VD.pl?Function=getVD&TVD=1369825&CVD=1370970&CPV=332611&CST=27012022&CLV=5&MLV=5,https://climate-change.canada.ca/facility-emissions/GHGRP-G10141-2023.html,"http://indicators-map.canada.ca/App/Detail?id=0110141&GoCTemplateCulture=en-CA
"
10142,Hibernia Platform,Hibernia Management and Development Company Limited,Jeanne D’arc Basin,,N/A,Newfoundland and Labrador,46.7504,-48.7829,497.11,kilotonnes of carbon dioxide equivalents (kt CO2 eq),2023,Oil and gas extraction (except oil sands),https://www23.statcan.gc.ca/imdb/p3VD.pl?Function=getVD&TVD=1369825&CVD=1370970&CPV=211110&CST=27012022&CLV=5&MLV=5,https://climate-change.canada.ca/facility-emissions/GHGRP-G10142-2023.html,"http://indicators-map.canada.ca/App/Detail?id=0110142&GoCTemplateCulture=en-CA
"
10144,"Hinton Pulp, a division of West Fraser Mills Ltd.",West Fraser Mills Ltd.,Hinton,760 Switzer Drive,T7V 1V7,Alberta,53.4133,-117.5706,155.05,kilotonnes of carbon dioxide equivalents (kt CO2 eq),2023,Chemical Pulp Mills,https://www23.statcan.gc.ca/imdb/p3VD.pl?Function=getVD&TVD=1369825&CVD=1370970&CPV=322112&CST=27012022&CLV=5&MLV=5,https://climate-change.canada.ca/facility-emissions/GHGRP-G10144-2023.html,"http://indicators-map.canada.ca/App/Detail?id=0110144&GoCTemplateCulture=en-CA
"
10145,Holyrood Thermal Generating Station,Newfoundland and Labrador Hydro,Holyrood,1 Thermal Plant Road,A0A 2R0,Newfoundland and Labrador,47.4506,-53.0963,608.2,kilotonnes of carbon dioxide equivalents (kt CO2 eq),2023,Fossil-Fuel Electric Power Generation,https://www23.statcan.gc.ca/imdb/p3VD.pl?Function=getVD&TVD=1369825&CVD=1370970&CPV=221112&CST=27012022&CLV=5&MLV=5,https://climate-change.canada.ca/facility-emissions/GHGRP-G10145-2023.html,"http://indicators-map.canada.ca/App/Detail?id=0110145&GoCTemplateCulture=en-CA
"
10146,Howe Sound Pulp and Paper Mill,Howe Sound Pulp & Paper Corporation,Port Mellon,3838 Port Mellon Highway,V0N 2S0,British Columbia,49.5237,-123.4837,101.27,kilotonnes of carbon dioxide equivalents (kt CO2 eq),2023,Chemical Pulp Mills,https://www23.statcan.gc.ca/imdb/p3VD.pl?Function=getVD&TVD=1369825&CVD=1370970&CPV=322112&CST=27012022&CLV=5&MLV=5,https://climate-change.canada.ca/facility-emissions/GHGRP-G10146-2023.html,"http://indicators-map.canada.ca/App/Detail?id=0110146&GoCTemplateCulture=en-CA
"
10147,Lloydminster Upgrader,Cenovus Energy Inc.,Lloydminster,16 Highway East,S9V 1M6,Saskatchewan,53.26311,-109.94889,1080.49,kilotonnes of carbon dioxide equivalents (kt CO2 eq),2023,Oil and gas extraction (except oil sands),https://www23.statcan.gc.ca/imdb/p3VD.pl?Function=getVD&TVD=1369825&CVD=1370970&CPV=211110&CST=27012022&CLV=5&MLV=5,https://climate-change.canada.ca/facility-emissions/GHGRP-G10147-2023.html,"http://indicators-map.canada.ca/App/Detail?id=0110147&GoCTemplateCulture=en-CA
"
10148,Entreprise Indorama PTA Montréal s.e.c.,Entreprise Indorama PTA Montréal s.e.c.,Montréal,10200 Sherbrooke Street East,H1B 1B4,Quebec,45.6203,-73.5183,105.96,kilotonnes of carbon dioxide equivalents (kt CO2 eq),2023,Other Basic Organic Chemical Manufacturing,https://www23.statcan.gc.ca/imdb/p3VD.pl?Function=getVD&TVD=1369825&CVD=1370970&CPV=325190&CST=27012022&CLV=5&MLV=5,https://climate-change.canada.ca/facility-emissions/GHGRP-G10148-2023.html,"http://indicators-map.canada.ca/App/Detail?id=0110148&GoCTemplateCulture=en-CA
"
10149,INVISTA (Canada) Company-Maitland Site,INVISTA (Canada) Company,Maitland,1400 County #2 Road East,K0E 1P0,Ontario,44.6606,-75.6017,84.06,kilotonnes of carbon dioxide equivalents (kt CO2 eq),2023,Other Basic Organic Chemical Manufacturing,https://www23.statcan.gc.ca/imdb/p3VD.pl?Function=getVD&TVD=1369825&CVD=1370970&CPV=325190&CST=27012022&CLV=5&MLV=5,https://climate-change.canada.ca/facility-emissions/GHGRP-G10149-2023.html,"http://indicators-map.canada.ca/App/Detail?id=0110149&GoCTemplateCulture=en-CA
"
10150,EVRAZ Inc NA Canada - Regina Facilities,EVRAZ Inc NA Canada,Rm of Sherwood,100 Armour Road,S4K 0A8,Saskatchewan,50.5176,-104.6301,213.77,kilotonnes of carbon dioxide equivalents (kt CO2 eq),2023,Iron and Steel Mills and Ferro-Alloy Manufacturing,https://www23.statcan.gc.ca/imdb/p3VD.pl?Function=getVD&TVD=1369825&CVD=1370970&CPV=331110&CST=27012022&CLV=5&MLV=5,https://climate-change.canada.ca/facility-emissions/GHGRP-G10150-2023.html,"http://indicators-map.canada.ca/App/Detail?id=0110150&GoCTemplateCulture=en-CA
"
10151,Iroquois Falls Generating Station,Iroquois Falls Power Corp.,Iroquois Falls,1 Northwest Industrial Road,P0K 1G0,Ontario,48.7696,-80.6669,1.95,kilotonnes of carbon dioxide equivalents (kt CO2 eq),2023,Fossil-Fuel Electric Power Generation,https://www23.statcan.gc.ca/imdb/p3VD.pl?Function=getVD&TVD=1369825&CVD=1370970&CPV=221112&CST=27012022&CLV=5&MLV=5,https://climate-change.canada.ca/facility-emissions/GHGRP-G10151-2023.html,"http://indicators-map.canada.ca/App/Detail?id=0110151&GoCTemplateCulture=en-CA
"
10152,Joffre LAO Plant,INEOS Canada Partnership,Joffre,2km South of Joffre on Hwy 815,T4N 6A1,Alberta,52.30827,-113.5415,131.5,kilotonnes of carbon dioxide equivalents (kt CO2 eq),2023,Petrochemical Manufacturing,https://www23.statcan.gc.ca/imdb/p3VD.pl?Function=getVD&TVD=1369825&CVD=1370970&CPV=325110&CST=27012022&CLV=5&MLV=5,https://climate-change.canada.ca/facility-emissions/GHGRP-G10152-2023.html,"http://indicators-map.canada.ca/App/Detail?id=0110152&GoCTemplateCulture=en-CA
"
10154,Usine de Joliette,CRH Canada Group Inc.,Joliette,966 des Prairies Road,J6E 0L4,Quebec,46.0297,-73.4024,565.23,kilotonnes of carbon dioxide equivalents (kt CO2 eq),2023,Cement Manufacturing,https://www23.statcan.gc.ca/imdb/p3VD.pl?Function=getVD&TVD=1369825&CVD=1370970&CPV=327310&CST=27012022&CLV=5&MLV=5,https://climate-change.canada.ca/facility-emissions/GHGRP-G10154-2023.html,"http://indicators-map.canada.ca/App/Detail?id=0110154&GoCTemplateCulture=en-CA
"
10155,Judy Creek Gas Conservation Plant,Conifer Energy Inc.,Swan Hills,1,N/A,Alberta,54.57229,-115.5231,51.46,kilotonnes of carbon dioxide equivalents (kt CO2 eq),2023,Oil and gas extraction (except oil sands),https://www23.statcan.gc.ca/imdb/p3VD.pl?Function=getVD&TVD=1369825&CVD=1370970&CPV=211110&CST=27012022&CLV=5&MLV=5,https://climate-change.canada.ca/facility-emissions/GHGRP-G10155-2023.html,"http://indicators-map.canada.ca/App/Detail?id=0110155&GoCTemplateCulture=en-CA
"
10157,Kamloops Mill (SFO),Kruger inc,Kamloops,2005 Mission Flats Road,V2C 1A9,British Columbia,50.686,-120.404,84.51,kilotonnes of carbon dioxide equivalents (kt CO2 eq),2023,Chemical Pulp Mills,https://www23.statcan.gc.ca/imdb/p3VD.pl?Function=getVD&TVD=1369825&CVD=1370970&CPV=322112&CST=27012022&CLV=5&MLV=5,https://climate-change.canada.ca/facility-emissions/GHGRP-G10157-2023.html,"http://indicators-map.canada.ca/App/Detail?id=0110157&GoCTemplateCulture=en-CA
"
10158,Karr 10-10-065-02 W6M,Canadian Natural Resources Limited,,,N/A,Alberta,54.6133,-118.2129,74.23,kilotonnes of carbon dioxide equivalents (kt CO2 eq),2023,Oil and gas extraction (except oil sands),https://www23.statcan.gc.ca/imdb/p3VD.pl?Function=getVD&TVD=1369825&CVD=1370970&CPV=211110&CST=27012022&CLV=5&MLV=5,https://climate-change.canada.ca/facility-emissions/GHGRP-G10158-2023.html,"http://indicators-map.canada.ca/App/Detail?id=0110158&GoCTemplateCulture=en-CA
"
10159,Kaybob Amalgamated Sour Gas Plant,PGI Processing ULC,Fox Creek,,T0H 1P0,Alberta,54.4272,-116.8843,143.74,kilotonnes of carbon dioxide equivalents (kt CO2 eq),2023,Oil and gas extraction (except oil sands),https://www23.statcan.gc.ca/imdb/p3VD.pl?Function=getVD&TVD=1369825&CVD=1370970&CPV=211110&CST=27012022&CLV=5&MLV=5,https://climate-change.canada.ca/facility-emissions/GHGRP-G10159-2023.html,"http://indicators-map.canada.ca/App/Detail?id=0110159&GoCTemplateCulture=en-CA
"
10160,Kaybob South #3 Gas Plant,PGI Processing ULC,Fox Creek,Kaybob South #3 Road,T0H 1P0,Alberta,54.1944,-116.6322,331.71,kilotonnes of carbon dioxide equivalents (kt CO2 eq),2023,Oil and gas extraction (except oil sands),https://www23.statcan.gc.ca/imdb/p3VD.pl?Function=getVD&TVD=1369825&CVD=1370970&CPV=211110&CST=27012022&CLV=5&MLV=5,https://climate-change.canada.ca/facility-emissions/GHGRP-G10160-2023.html,"http://indicators-map.canada.ca/App/Detail?id=0110160&GoCTemplateCulture=en-CA
"
10161,Keele Valley Landfill,City of Toronto,Maple,McNaughton Road,L6A 1S5,Ontario,43.8683,-79.4984,572.53,kilotonnes of carbon dioxide equivalents (kt CO2 eq),2023,Waste Treatment and Disposal,https://www23.statcan.gc.ca/imdb/p3VD.pl?Function=getVD&TVD=1369825&CVD=1370970&CPV=562210&CST=27012022&CLV=5&MLV=5,https://climate-change.canada.ca/facility-emissions/GHGRP-G10161-2023.html,"http://indicators-map.canada.ca/App/Detail?id=0110161&GoCTemplateCulture=en-CA
"
10162,Keephills Thermal Electric Power Generating Plant,TransAlta Generation Partnership,Duffield,"Site 3, Box 1, RR1",T0E 0N0,Alberta,53.4487,-114.4491,2745.32,kilotonnes of carbon dioxide equivalents (kt CO2 eq),2023,Fossil-Fuel Electric Power Generation,https://www23.statcan.gc.ca/imdb/p3VD.pl?Function=getVD&TVD=1369825&CVD=1370970&CPV=221112&CST=27012022&CLV=5&MLV=5,https://climate-change.canada.ca/facility-emissions/GHGRP-G10162-2023.html,"http://indicators-map.canada.ca/App/Detail?id=0110162&GoCTemplateCulture=en-CA
"
10163,"TransCanada Pipeline, Ontario",TransCanada PipeLines Limited,Kenora,1644 Veterans Drive,P9N 0C1,Ontario,0,0,1226.28,kilotonnes of carbon dioxide equivalents (kt CO2 eq),2023,Pipeline Transportation of Natural Gas,https://www23.statcan.gc.ca/imdb/p3VD.pl?Function=getVD&TVD=1369825&CVD=1370970&CPV=486210&CST=27012022&CLV=5&MLV=5,https://climate-change.canada.ca/facility-emissions/GHGRP-G10163-2023.html,"http://indicators-map.canada.ca/App/Detail?id=0110163&GoCTemplateCulture=en-CA
"
10164,Kidd Metallurgical Site,Glencore,Timmins District of Cochrane,10050 Highway 101 East Highway East,P4N 7K1,Ontario,48.57373,-81.09115,29.33,kilotonnes of carbon dioxide equivalents (kt CO2 eq),2023,Copper-Zinc Ore Mining,https://www23.statcan.gc.ca/imdb/p3VD.pl?Function=getVD&TVD=1369825&CVD=1370970&CPV=212233&CST=27012022&CLV=5&MLV=5,https://climate-change.canada.ca/facility-emissions/GHGRP-G10164-2023.html,"http://indicators-map.canada.ca/App/Detail?id=0110164&GoCTemplateCulture=en-CA
"
10165,Kirkland Lake Generating Station,Northland Power Inc.,Kirkland Lake,505 Archer's Drive,P2N 3M7,Ontario,48.1347,-80.0425,19.04,kilotonnes of carbon dioxide equivalents (kt CO2 eq),2023,Fossil-Fuel Electric Power Generation,https://www23.statcan.gc.ca/imdb/p3VD.pl?Function=getVD&TVD=1369825&CVD=1370970&CPV=221112&CST=27012022&CLV=5&MLV=5,https://climate-change.canada.ca/facility-emissions/GHGRP-G10165-2023.html,"http://indicators-map.canada.ca/App/Detail?id=0110165&GoCTemplateCulture=en-CA
"
10168,"KRONOS Canada, Inc.","KRONOS Canada, Inc.",Varennes,3390 Marie-Victorin Boulevard,J3X 1T4,Quebec,45.7125,-73.425,157.6,kilotonnes of carbon dioxide equivalents (kt CO2 eq),2023,All Other Basic Inorganic Chemical Manufacturing,https://www23.statcan.gc.ca/imdb/p3VD.pl?Function=getVD&TVD=1369825&CVD=1370970&CPV=325189&CST=27012022&CLV=5&MLV=5,https://climate-change.canada.ca/facility-emissions/GHGRP-G10168-2023.html,"http://indicators-map.canada.ca/App/Detail?id=0110168&GoCTemplateCulture=en-CA
"
10169,Kruger Wayagamack,Kruger Wayagamack S.E.C.,Trois Rivières,1 Ile de la Potherie Street,G9A 5E9,Quebec,46.3583,-72.5185,63.61,kilotonnes of carbon dioxide equivalents (kt CO2 eq),2023,Paper (except Newsprint) Mills,https://www23.statcan.gc.ca/imdb/p3VD.pl?Function=getVD&TVD=1369825&CVD=1370970&CPV=322121&CST=27012022&CLV=5&MLV=5,https://climate-change.canada.ca/facility-emissions/GHGRP-G10169-2023.html,"http://indicators-map.canada.ca/App/Detail?id=0110169&GoCTemplateCulture=en-CA
"
10170,Richmond Cement Plant,Lafarge Canada Inc.,Richmond,7611 No 9 Road,V6W 1H4,British Columbia,49.1591,-123.0032,549.04,kilotonnes of carbon dioxide equivalents (kt CO2 eq),2023,Cement Manufacturing,https://www23.statcan.gc.ca/imdb/p3VD.pl?Function=getVD&TVD=1369825&CVD=1370970&CPV=327310&CST=27012022&CLV=5&MLV=5,https://climate-change.canada.ca/facility-emissions/GHGRP-G10170-2023.html,"http://indicators-map.canada.ca/App/Detail?id=0110170&GoCTemplateCulture=en-CA
"
10171,Bath Cement Plant,Lafarge Canada Inc.,Bath,6501 Highway 33 Highway,K0H 1G0,Ontario,44.1664,-76.8026,708.92,kilotonnes of carbon dioxide equivalents (kt CO2 eq),2023,Cement Manufacturing,https://www23.statcan.gc.ca/imdb/p3VD.pl?Function=getVD&TVD=1369825&CVD=1370970&CPV=327310&CST=27012022&CLV=5&MLV=5,https://climate-change.canada.ca/facility-emissions/GHGRP-G10171-2023.html,"http://indicators-map.canada.ca/App/Detail?id=0110171&GoCTemplateCulture=en-CA
"
10176,Edmonton Plant,Heidelberg Materials Canada Limited,Edmonton,12640 Inland Way,T5V 1K2,Alberta,53.58051,-113.60328,607.27,kilotonnes of carbon dioxide equivalents (kt CO2 eq),2023,Cement Manufacturing,https://www23.statcan.gc.ca/imdb/p3VD.pl?Function=getVD&TVD=1369825&CVD=1370970&CPV=327310&CST=27012022&CLV=5&MLV=5,https://climate-change.canada.ca/facility-emissions/GHGRP-G10176-2023.html,"http://indicators-map.canada.ca/App/Detail?id=0110176&GoCTemplateCulture=en-CA
"
10177,Lennox Generating Station,Ontario Power Generation Inc.,Greater Napanee,7263 33 Highway,K0H 1G0,Ontario,44.1439,-76.8492,95.8,kilotonnes of carbon dioxide equivalents (kt CO2 eq),2023,Fossil-Fuel Electric Power Generation,https://www23.statcan.gc.ca/imdb/p3VD.pl?Function=getVD&TVD=1369825&CVD=1370970&CPV=221112&CST=27012022&CLV=5&MLV=5,https://climate-change.canada.ca/facility-emissions/GHGRP-G10177-2023.html,"http://indicators-map.canada.ca/App/Detail?id=0110177&GoCTemplateCulture=en-CA
"
10178,Lingan Generating Station,Nova Scotia Power Incorporated,Lingan,0 2599 Hinchey Avenue,B1H 5E6,Nova Scotia,46.2358,-60.0386,1542.33,kilotonnes of carbon dioxide equivalents (kt CO2 eq),2023,Fossil-Fuel Electric Power Generation,https://www23.statcan.gc.ca/imdb/p3VD.pl?Function=getVD&TVD=1369825&CVD=1370970&CPV=221112&CST=27012022&CLV=5&MLV=5,https://climate-change.canada.ca/facility-emissions/GHGRP-G10178-2023.html,"http://indicators-map.canada.ca/App/Detail?id=0110178&GoCTemplateCulture=en-CA
"
10179,MacKay River Power Plant,TransCanada Energy Ltd.,Fort McMurray,,T9H 3G6,Alberta,56.6667,-111.3451,926.67,kilotonnes of carbon dioxide equivalents (kt CO2 eq),2023,Fossil-Fuel Electric Power Generation,https://www23.statcan.gc.ca/imdb/p3VD.pl?Function=getVD&TVD=1369825&CVD=1370970&CPV=221112&CST=27012022&CLV=5&MLV=5,https://climate-change.canada.ca/facility-emissions/GHGRP-G10179-2023.html,"http://indicators-map.canada.ca/App/Detail?id=0110179&GoCTemplateCulture=en-CA
"
10180,"MacKay River, In-Situ Oil Sands Plant",Suncor Energy Oil Sands Limited Partnership,Fort McMurray,,T9H 3G6,Alberta,57.04056,-111.90672,426.46,kilotonnes of carbon dioxide equivalents (kt CO2 eq),2023,In-situ oil sands extraction,https://www23.statcan.gc.ca/imdb/p3VD.pl?Function=getVD&TVD=1369825&CVD=1370970&CPV=211141&CST=27012022&CLV=5&MLV=5,https://climate-change.canada.ca/facility-emissions/GHGRP-G10180-2023.html,"http://indicators-map.canada.ca/App/Detail?id=0110180&GoCTemplateCulture=en-CA
"
10182,Canadian Kraft Paper Industries Ltd.,Canadian Kraft Paper Industries Ltd.,The Pas,"1 Kraft Rd., Highway 10 North",R9A 1L4,Manitoba,53.86097,-101.21333,62.54,kilotonnes of carbon dioxide equivalents (kt CO2 eq),2023,Paper (except Newsprint) Mills,https://www23.statcan.gc.ca/imdb/p3VD.pl?Function=getVD&TVD=1369825&CVD=1370970&CPV=322121&CST=27012022&CLV=5&MLV=5,https://climate-change.canada.ca/facility-emissions/GHGRP-G10182-2023.html,"http://indicators-map.canada.ca/App/Detail?id=0110182&GoCTemplateCulture=en-CA
"
10183,Usine de Marbleton,Graymont (QC) Inc.,Marbleton,303 Principale Street West,J0B 2L0,Quebec,45.6207,-71.6049,175.52,kilotonnes of carbon dioxide equivalents (kt CO2 eq),2023,Lime Manufacturing,https://www23.statcan.gc.ca/imdb/p3VD.pl?Function=getVD&TVD=1369825&CVD=1370970&CPV=327410&CST=27012022&CLV=5&MLV=5,https://climate-change.canada.ca/facility-emissions/GHGRP-G10183-2023.html,"http://indicators-map.canada.ca/App/Detail?id=0110183&GoCTemplateCulture=en-CA
"
10184,McMahon Cogen Plant,NorthRiver Midstream Inc.,Taylor,0 35 Mile Alaska Highway,V0C 2K0,British Columbia,56.1447,-120.6686,540.45,kilotonnes of carbon dioxide equivalents (kt CO2 eq),2023,Fossil-Fuel Electric Power Generation,https://www23.statcan.gc.ca/imdb/p3VD.pl?Function=getVD&TVD=1369825&CVD=1370970&CPV=221112&CST=27012022&CLV=5&MLV=5,https://climate-change.canada.ca/facility-emissions/GHGRP-G10184-2023.html,"http://indicators-map.canada.ca/App/Detail?id=0110184&GoCTemplateCulture=en-CA
"
10185,McMahon Gas Plant,NorthRiver Midstream Inc.,Taylor,35 Mile Alaska Highway,V0C 2K0,British Columbia,56.14845,-120.67168,109.63,kilotonnes of carbon dioxide equivalents (kt CO2 eq),2023,Oil and gas extraction (except oil sands),https://www23.statcan.gc.ca/imdb/p3VD.pl?Function=getVD&TVD=1369825&CVD=1370970&CPV=211110&CST=27012022&CLV=5&MLV=5,https://climate-change.canada.ca/facility-emissions/GHGRP-G10185-2023.html,"http://indicators-map.canada.ca/App/Detail?id=0110185&GoCTemplateCulture=en-CA
"
10186,Meridian Cogeneration Plant,Meridian Limited Partnership,Lloydminster,16 Highway East,S9V 1M6,Saskatchewan,53.25932,-109.95124,901.51,kilotonnes of carbon dioxide equivalents (kt CO2 eq),2023,Fossil-Fuel Electric Power Generation,https://www23.statcan.gc.ca/imdb/p3VD.pl?Function=getVD&TVD=1369825&CVD=1370970&CPV=221112&CST=27012022&CLV=5&MLV=5,https://climate-change.canada.ca/facility-emissions/GHGRP-G10186-2023.html,"http://indicators-map.canada.ca/App/Detail?id=0110186&GoCTemplateCulture=en-CA
"
10187,Mildred Lake and Aurora Plant Sites,Suncor Energy (Syncrude) Operating Inc,Fort McMurray,X205 63 North Highway,T9H 3L1,Alberta,57.04083,-111.61583,13661.43,kilotonnes of carbon dioxide equivalents (kt CO2 eq),2023,Mined oil sands extraction,https://www23.statcan.gc.ca/imdb/p3VD.pl?Function=getVD&TVD=1369825&CVD=1370970&CPV=211142&CST=27012022&CLV=5&MLV=5,https://climate-change.canada.ca/facility-emissions/GHGRP-G10187-2023.html,"http://indicators-map.canada.ca/App/Detail?id=0110187&GoCTemplateCulture=en-CA
"
10188,Mine de Mont-Wright,ArcelorMittal Exploitation Minière Canada s.e.n.c.,Fermont,1000 route 389,G0G 1J0,Quebec,52.76639,-67.33306,274.9,kilotonnes of carbon dioxide equivalents (kt CO2 eq),2023,Iron Ore Mining,https://www23.statcan.gc.ca/imdb/p3VD.pl?Function=getVD&TVD=1369825&CVD=1370970&CPV=212210&CST=27012022&CLV=5&MLV=5,https://climate-change.canada.ca/facility-emissions/GHGRP-G10188-2023.html,"http://indicators-map.canada.ca/App/Detail?id=0110188&GoCTemplateCulture=en-CA
"
10191,Mississauga Lubricants Centre,Petro-Canada Lubricants Inc.,Mississauga,385 Southdown Road,L5J 2Y3,Ontario,43.5012,-79.6101,439.42,kilotonnes of carbon dioxide equivalents (kt CO2 eq),2023,Other Petroleum and Coal Products Manufacturing,https://www23.statcan.gc.ca/imdb/p3VD.pl?Function=getVD&TVD=1369825&CVD=1370970&CPV=324190&CST=27012022&CLV=5&MLV=5,https://climate-change.canada.ca/facility-emissions/GHGRP-G10191-2023.html,"http://indicators-map.canada.ca/App/Detail?id=0110191&GoCTemplateCulture=en-CA
"
10192,Mississauga Cement Plant,CRH Canada Group Inc.,Mississauga,2391 Lakeshore Road,L5J 1K1,Ontario,43.4972,-79.6277,989.85,kilotonnes of carbon dioxide equivalents (kt CO2 eq),2023,Cement Manufacturing,https://www23.statcan.gc.ca/imdb/p3VD.pl?Function=getVD&TVD=1369825&CVD=1370970&CPV=327310&CST=27012022&CLV=5&MLV=5,https://climate-change.canada.ca/facility-emissions/GHGRP-G10192-2023.html,"http://indicators-map.canada.ca/App/Detail?id=0110192&GoCTemplateCulture=en-CA
"
10193,Mohawk Street Landfill,The Corporation of the City of Brantford,Brantford,20 Morrison Road,N3T 5L9,Ontario,43.1262,-80.2285,128.54,kilotonnes of carbon dioxide equivalents (kt CO2 eq),2023,Waste Treatment and Disposal,https://www23.statcan.gc.ca/imdb/p3VD.pl?Function=getVD&TVD=1369825&CVD=1370970&CPV=562210&CST=27012022&CLV=5&MLV=5,https://climate-change.canada.ca/facility-emissions/GHGRP-G10193-2023.html,"http://indicators-map.canada.ca/App/Detail?id=0110193&GoCTemplateCulture=en-CA
"
10195,Mosaic Potash Belle Plaine,Mosaic Canada ULC,Belle Plaine,Kalium Road,S0G 0G0,Saskatchewan,50.42872,-105.19838,689.17,kilotonnes of carbon dioxide equivalents (kt CO2 eq),2023,Potash Mining,https://www23.statcan.gc.ca/imdb/p3VD.pl?Function=getVD&TVD=1369825&CVD=1370970&CPV=212396&CST=27012022&CLV=5&MLV=5,https://climate-change.canada.ca/facility-emissions/GHGRP-G10195-2023.html,"http://indicators-map.canada.ca/App/Detail?id=0110195&GoCTemplateCulture=en-CA
"
10196,Muskeg River Cogeneration Plant,Heartland Generation Ltd.,Fort McMurray,PO Box 5670,T9H 4W1,Alberta,57.3517,-111.5222,1380.65,kilotonnes of carbon dioxide equivalents (kt CO2 eq),2023,Fossil-Fuel Electric Power Generation,https://www23.statcan.gc.ca/imdb/p3VD.pl?Function=getVD&TVD=1369825&CVD=1370970&CPV=221112&CST=27012022&CLV=5&MLV=5,https://climate-change.canada.ca/facility-emissions/GHGRP-G10196-2023.html,"http://indicators-map.canada.ca/App/Detail?id=0110196&GoCTemplateCulture=en-CA
"
10199,Imperial Oil Nanticoke Refinery,Imperial Oil,Nanticoke,225 Concession 2,N0A 1L0,Ontario,42.8375,-80.0517,1126.15,kilotonnes of carbon dioxide equivalents (kt CO2 eq),2023,Petroleum Refineries,https://www23.statcan.gc.ca/imdb/p3VD.pl?Function=getVD&TVD=1369825&CVD=1370970&CPV=324110&CST=27012022&CLV=5&MLV=5,https://climate-change.canada.ca/facility-emissions/GHGRP-G10199-2023.html,"http://indicators-map.canada.ca/App/Detail?id=0110199&GoCTemplateCulture=en-CA
"
10203,Nipigon Power Plant,Atlantic Power LP,Nipigon,"Highway 11, 35 kms N/E of Nipigon Highway",P0T 2J0,Ontario,49.1512,-88.3418,0.36,kilotonnes of carbon dioxide equivalents (kt CO2 eq),2023,Fossil-Fuel Electric Power Generation,https://www23.statcan.gc.ca/imdb/p3VD.pl?Function=getVD&TVD=1369825&CVD=1370970&CPV=221112&CST=27012022&CLV=5&MLV=5,https://climate-change.canada.ca/facility-emissions/GHGRP-G10203-2023.html,"http://indicators-map.canada.ca/App/Detail?id=0110203&GoCTemplateCulture=en-CA
"
10204,Norman Wells Central Processing Facility,Imperial Oil Resources N.W.T. Limited,Norman Wells,1001 Canol Drive,X0E 0V0,Northwest Territories,65.2873,-126.8812,79.74,kilotonnes of carbon dioxide equivalents (kt CO2 eq),2023,Oil and gas extraction (except oil sands),https://www23.statcan.gc.ca/imdb/p3VD.pl?Function=getVD&TVD=1369825&CVD=1370970&CPV=211110&CST=27012022&CLV=5&MLV=5,https://climate-change.canada.ca/facility-emissions/GHGRP-G10204-2023.html,"http://indicators-map.canada.ca/App/Detail?id=0110204&GoCTemplateCulture=en-CA
"
10206,Braya Renewable Fuels (Newfoundland) LP,Braya Renewable Fuels (Newfoundland) LP,Come By Chance,1 Refinery Road,A0B 1N0,Newfoundland and Labrador,47.798,-53.9938,24.09,kilotonnes of carbon dioxide equivalents (kt CO2 eq),2023,Other Basic Organic Chemical Manufacturing,https://www23.statcan.gc.ca/imdb/p3VD.pl?Function=getVD&TVD=1369825&CVD=1370970&CPV=325190&CST=27012022&CLV=5&MLV=5,https://climate-change.canada.ca/facility-emissions/GHGRP-G10206-2023.html,"http://indicators-map.canada.ca/App/Detail?id=0110206&GoCTemplateCulture=en-CA
"
10207,Northwood Pulp Mill,Canfor Pulp Ltd.,Prince George,5353 Northwood Pulp Mill Road,V2K 5R8,British Columbia,53.97815,-122.6938,270.17,kilotonnes of carbon dioxide equivalents (kt CO2 eq),2023,Chemical Pulp Mills,https://www23.statcan.gc.ca/imdb/p3VD.pl?Function=getVD&TVD=1369825&CVD=1370970&CPV=322112&CST=27012022&CLV=5&MLV=5,https://climate-change.canada.ca/facility-emissions/GHGRP-G10207-2023.html,"http://indicators-map.canada.ca/App/Detail?id=0110207&GoCTemplateCulture=en-CA
"
10208,Corunna Site,NOVA Chemicals Corporation (OBPS),Corunna,785 Petrolia Line,N0N 1G0,Ontario,42.8825,-82.4044,840.53,kilotonnes of carbon dioxide equivalents (kt CO2 eq),2023,Petrochemical Manufacturing,https://www23.statcan.gc.ca/imdb/p3VD.pl?Function=getVD&TVD=1369825&CVD=1370970&CPV=325110&CST=27012022&CLV=5&MLV=5,https://climate-change.canada.ca/facility-emissions/GHGRP-G10208-2023.html,"http://indicators-map.canada.ca/App/Detail?id=0110208&GoCTemplateCulture=en-CA
"
10209,INEOS Styrolution,INEOS Styrolution Canada Ltd.,Sarnia,872 Tashmoo Avenue,N7T 7H5,Ontario,42.9385,-82.4137,92.78,kilotonnes of carbon dioxide equivalents (kt CO2 eq),2023,Petrochemical Manufacturing,https://www23.statcan.gc.ca/imdb/p3VD.pl?Function=getVD&TVD=1369825&CVD=1370970&CPV=325110&CST=27012022&CLV=5&MLV=5,https://climate-change.canada.ca/facility-emissions/GHGRP-G10209-2023.html,"http://indicators-map.canada.ca/App/Detail?id=0110209&GoCTemplateCulture=en-CA
"
10210,St. Clair River Site,NOVA Chemicals Corporation,Corunna,285 Albert Street,N0N 1G0,Ontario,42.8971,-82.4399,62.39,kilotonnes of carbon dioxide equivalents (kt CO2 eq),2023,Resin and Synthetic Rubber Manufacturing,https://www23.statcan.gc.ca/imdb/p3VD.pl?Function=getVD&TVD=1369825&CVD=1370970&CPV=325210&CST=27012022&CLV=5&MLV=5,https://climate-change.canada.ca/facility-emissions/GHGRP-G10210-2023.html,"http://indicators-map.canada.ca/App/Detail?id=0110210&GoCTemplateCulture=en-CA
"
10211,NOVA Chemicals Corporation (Joffre),NOVA Chemicals Corporation,Lacombe,38430 Highway 815,T4L 2N2,Alberta,52.3083,-113.55,3294.7,kilotonnes of carbon dioxide equivalents (kt CO2 eq),2023,Petrochemical Manufacturing,https://www23.statcan.gc.ca/imdb/p3VD.pl?Function=getVD&TVD=1369825&CVD=1370970&CPV=325110&CST=27012022&CLV=5&MLV=5,https://climate-change.canada.ca/facility-emissions/GHGRP-G10211-2023.html,"http://indicators-map.canada.ca/App/Detail?id=0110211&GoCTemplateCulture=en-CA
"
10213,Oshawa Assembly Plant,General Motors of Canada Company,Oshawa,900 Park Road South,L1J 0A9,Ontario,43.87182,-78.86319,88.2,kilotonnes of carbon dioxide equivalents (kt CO2 eq),2023,Automobile and Light-Duty Motor Vehicle Manufacturing,https://www23.statcan.gc.ca/imdb/p3VD.pl?Function=getVD&TVD=1369825&CVD=1370970&CPV=336110&CST=27012022&CLV=5&MLV=5,https://climate-change.canada.ca/facility-emissions/GHGRP-G10213-2023.html,"http://indicators-map.canada.ca/App/Detail?id=0110213&GoCTemplateCulture=en-CA
"
10215,Ottawa Health Sciences Centre (OHSC) Cogeneration Facility,TransAlta Cogeneration L.P.,Ottawa,405 Smyth Road,K1H 8M8,Ontario,45.4032,-75.65408,28.7,kilotonnes of carbon dioxide equivalents (kt CO2 eq),2023,Fossil-Fuel Electric Power Generation,https://www23.statcan.gc.ca/imdb/p3VD.pl?Function=getVD&TVD=1369825&CVD=1370970&CPV=221112&CST=27012022&CLV=5&MLV=5,https://climate-change.canada.ca/facility-emissions/GHGRP-G10215-2023.html,"http://indicators-map.canada.ca/App/Detail?id=0110215&GoCTemplateCulture=en-CA
"
10217,Usine de Thurso,Fortress Cellulose Spécialisée,Thurso,451 Victoria Street,J0X 3B0,Quebec,45.5985,-75.2562,0.13,kilotonnes of carbon dioxide equivalents (kt CO2 eq),2023,Chemical Pulp Mills,https://www23.statcan.gc.ca/imdb/p3VD.pl?Function=getVD&TVD=1369825&CVD=1370970&CPV=322112&CST=27012022&CLV=5&MLV=5,https://climate-change.canada.ca/facility-emissions/GHGRP-G10217-2023.html,"http://indicators-map.canada.ca/App/Detail?id=0110217&GoCTemplateCulture=en-CA
"
10219,CNUL Peace River Complex,Canadian Natural Upgrading Ltd,Peace River,05-21-085-18 W5M,T8S 1V1,Alberta,56.3806,-116.795,183.39,kilotonnes of carbon dioxide equivalents (kt CO2 eq),2023,In-situ oil sands extraction,https://www23.statcan.gc.ca/imdb/p3VD.pl?Function=getVD&TVD=1369825&CVD=1370970&CPV=211141&CST=27012022&CLV=5&MLV=5,https://climate-change.canada.ca/facility-emissions/GHGRP-G10219-2023.html,"http://indicators-map.canada.ca/App/Detail?id=0110219&GoCTemplateCulture=en-CA
"
10220,Mercer Peace River,Mercer Peace River Pulp Ltd.,Md of Northern Lights,11/13/24-085-21-W5,T8S 1V7,Alberta,56.2219,-117.1106,201.34,kilotonnes of carbon dioxide equivalents (kt CO2 eq),2023,Chemical Pulp Mills,https://www23.statcan.gc.ca/imdb/p3VD.pl?Function=getVD&TVD=1369825&CVD=1370970&CPV=322112&CST=27012022&CLV=5&MLV=5,https://climate-change.canada.ca/facility-emissions/GHGRP-G10220-2023.html,"http://indicators-map.canada.ca/App/Detail?id=0110220&GoCTemplateCulture=en-CA
"
10221,CEPSA Chimie Bécancour,CEPSA Chimie Bécancour,Bécancour,5250 Bécancour Boulevard,G9H 3X3,Quebec,46.3803,-72.3616,69.53,kilotonnes of carbon dioxide equivalents (kt CO2 eq),2023,Petrochemical Manufacturing,https://www23.statcan.gc.ca/imdb/p3VD.pl?Function=getVD&TVD=1369825&CVD=1370970&CPV=325110&CST=27012022&CLV=5&MLV=5,https://climate-change.canada.ca/facility-emissions/GHGRP-G10221-2023.html,"http://indicators-map.canada.ca/App/Detail?id=0110221&GoCTemplateCulture=en-CA
"
10223,Picton  Plant,Lehigh Hanson Materials Limited,Picton,1370 49 Highway South,K0K 2T0,Ontario,44.0553,-77.1222,596.18,kilotonnes of carbon dioxide equivalents (kt CO2 eq),2023,Cement Manufacturing,https://www23.statcan.gc.ca/imdb/p3VD.pl?Function=getVD&TVD=1369825&CVD=1370970&CPV=327310&CST=27012022&CLV=5&MLV=5,https://climate-change.canada.ca/facility-emissions/GHGRP-G10223-2023.html,"http://indicators-map.canada.ca/App/Detail?id=0110223&GoCTemplateCulture=en-CA
"
10225,Pine River Sour Gas Plant C-085-D,Canadian Natural Resources Limited,Peace River District,Highway 97 South  South,V0C 1J0,British Columbia,55.5719,-121.9416,430.56,kilotonnes of carbon dioxide equivalents (kt CO2 eq),2023,Oil and gas extraction (except oil sands),https://www23.statcan.gc.ca/imdb/p3VD.pl?Function=getVD&TVD=1369825&CVD=1370970&CPV=211110&CST=27012022&CLV=5&MLV=5,https://climate-change.canada.ca/facility-emissions/GHGRP-G10225-2023.html,"http://indicators-map.canada.ca/App/Detail?id=0110225&GoCTemplateCulture=en-CA
"
10226,Transmission Mainline - BC,Westcoast Energy Inc.,Prince George,3985 22nd Avenue,V2N 1B7,British Columbia,53.90229,-122.79632,1155.49,kilotonnes of carbon dioxide equivalents (kt CO2 eq),2023,Pipeline Transportation of Natural Gas,https://www23.statcan.gc.ca/imdb/p3VD.pl?Function=getVD&TVD=1369825&CVD=1370970&CPV=486210&CST=27012022&CLV=5&MLV=5,https://climate-change.canada.ca/facility-emissions/GHGRP-G10226-2023.html,"http://indicators-map.canada.ca/App/Detail?id=0110226&GoCTemplateCulture=en-CA
"
10227,Point Aconi Generating Station,Nova Scotia Power Incorporated,Point Aconi,1800 Prince Mine Road,B1Y 2A6,Nova Scotia,46.3225,-60.3039,877.01,kilotonnes of carbon dioxide equivalents (kt CO2 eq),2023,Fossil-Fuel Electric Power Generation,https://www23.statcan.gc.ca/imdb/p3VD.pl?Function=getVD&TVD=1369825&CVD=1370970&CPV=221112&CST=27012022&CLV=5&MLV=5,https://climate-change.canada.ca/facility-emissions/GHGRP-G10227-2023.html,"http://indicators-map.canada.ca/App/Detail?id=0110227&GoCTemplateCulture=en-CA
"
10228,Point Tupper Generating Station,Nova Scotia Power Incorporated,Port Hawkesbury,4137 Industrial Park Road,B9A 1Z4,Nova Scotia,45.5872,-61.3489,501.72,kilotonnes of carbon dioxide equivalents (kt CO2 eq),2023,Fossil-Fuel Electric Power Generation,https://www23.statcan.gc.ca/imdb/p3VD.pl?Function=getVD&TVD=1369825&CVD=1370970&CPV=221112&CST=27012022&CLV=5&MLV=5,https://climate-change.canada.ca/facility-emissions/GHGRP-G10228-2023.html,"http://indicators-map.canada.ca/App/Detail?id=0110228&GoCTemplateCulture=en-CA
"
10229,Poplar River Power Station,Saskatchewan Power Corporation,Coronach,,S0H 0Z0,Saskatchewan,49.0587,-105.4851,3057.79,kilotonnes of carbon dioxide equivalents (kt CO2 eq),2023,Fossil-Fuel Electric Power Generation,https://www23.statcan.gc.ca/imdb/p3VD.pl?Function=getVD&TVD=1369825&CVD=1370970&CPV=221112&CST=27012022&CLV=5&MLV=5,https://climate-change.canada.ca/facility-emissions/GHGRP-G10229-2023.html,"http://indicators-map.canada.ca/App/Detail?id=0110229&GoCTemplateCulture=en-CA
"
10230,Port Alberni Division,Catalyst Paper Corporation,Port Alberni,4000 Stamp Avenue,V9Y 5J7,British Columbia,49.248,-124.80952,42.37,kilotonnes of carbon dioxide equivalents (kt CO2 eq),2023,Paper (except Newsprint) Mills,https://www23.statcan.gc.ca/imdb/p3VD.pl?Function=getVD&TVD=1369825&CVD=1370970&CPV=322121&CST=27012022&CLV=5&MLV=5,https://climate-change.canada.ca/facility-emissions/GHGRP-G10230-2023.html,"http://indicators-map.canada.ca/App/Detail?id=0110230&GoCTemplateCulture=en-CA
"
10232,Prentiss Chemical Manufacturing Facility,MEGlobal Canada ULC,Lacombe County,Prentiss Road,T4L 2N4,Alberta,52.3874,-113.6005,254.73,kilotonnes of carbon dioxide equivalents (kt CO2 eq),2023,Other Basic Organic Chemical Manufacturing,https://www23.statcan.gc.ca/imdb/p3VD.pl?Function=getVD&TVD=1369825&CVD=1370970&CPV=325190&CST=27012022&CLV=5&MLV=5,https://climate-change.canada.ca/facility-emissions/GHGRP-G10232-2023.html,"http://indicators-map.canada.ca/App/Detail?id=0110232&GoCTemplateCulture=en-CA
"
10234,Prince George Refinery,Tidewater Midstream and Infrastructure Ltd.,Prince George,2542 Pulp Mill Road,V2K 5P5,British Columbia,53.92818,-122.69891,120.34,kilotonnes of carbon dioxide equivalents (kt CO2 eq),2023,Petroleum Refineries,https://www23.statcan.gc.ca/imdb/p3VD.pl?Function=getVD&TVD=1369825&CVD=1370970&CPV=324110&CST=27012022&CLV=5&MLV=5,https://climate-change.canada.ca/facility-emissions/GHGRP-G10234-2023.html,"http://indicators-map.canada.ca/App/Detail?id=0110234&GoCTemplateCulture=en-CA
"
10235,Progress Gas Plant 01-01-078-10 W6M,Canadian Natural Resources Limited,Grande Prairie,211 11 Ave Avenue,T2R 0C6,Alberta,55.7249,-119.3999,30.2,kilotonnes of carbon dioxide equivalents (kt CO2 eq),2023,Oil and gas extraction (except oil sands),https://www23.statcan.gc.ca/imdb/p3VD.pl?Function=getVD&TVD=1369825&CVD=1370970&CPV=211110&CST=27012022&CLV=5&MLV=5,https://climate-change.canada.ca/facility-emissions/GHGRP-G10235-2023.html,"http://indicators-map.canada.ca/App/Detail?id=0110235&GoCTemplateCulture=en-CA
"
10236,Queen Elizabeth Power Station,Saskatchewan Power Corporation,Saskatoon,2211 Spandina Crescent West,S7M 1P5,Saskatchewan,52.0944,-106.705,1422.74,kilotonnes of carbon dioxide equivalents (kt CO2 eq),2023,Fossil-Fuel Electric Power Generation,https://www23.statcan.gc.ca/imdb/p3VD.pl?Function=getVD&TVD=1369825&CVD=1370970&CPV=221112&CST=27012022&CLV=5&MLV=5,https://climate-change.canada.ca/facility-emissions/GHGRP-G10236-2023.html,"http://indicators-map.canada.ca/App/Detail?id=0110236&GoCTemplateCulture=en-CA
"
10237,Quirk Creek Gas Plant,Caledonian Midstream,Millarville,,T0L 1K0,Alberta,50.7477,-114.4947,77.92,kilotonnes of carbon dioxide equivalents (kt CO2 eq),2023,Oil and gas extraction (except oil sands),https://www23.statcan.gc.ca/imdb/p3VD.pl?Function=getVD&TVD=1369825&CVD=1370970&CPV=211110&CST=27012022&CLV=5&MLV=5,https://climate-change.canada.ca/facility-emissions/GHGRP-G10237-2023.html,"http://indicators-map.canada.ca/App/Detail?id=0110237&GoCTemplateCulture=en-CA
"
10238,Raffinerie de Montreal,Suncor Energy Products Partnership,Montreal,11701 Sherbrooke Street East,H1B 1C3,Quebec,45.6417,-73.5167,1231.93,kilotonnes of carbon dioxide equivalents (kt CO2 eq),2023,Petroleum Refineries,https://www23.statcan.gc.ca/imdb/p3VD.pl?Function=getVD&TVD=1369825&CVD=1370970&CPV=324110&CST=27012022&CLV=5&MLV=5,https://climate-change.canada.ca/facility-emissions/GHGRP-G10238-2023.html,"http://indicators-map.canada.ca/App/Detail?id=0110238&GoCTemplateCulture=en-CA
"
10239,Raffinerie Jean-Gaulin,Valero Energy Inc.,Lévis,165 des Îles Road,G6V 7N1,Quebec,46.7592,-71.1914,1245.24,kilotonnes of carbon dioxide equivalents (kt CO2 eq),2023,Petroleum Refineries,https://www23.statcan.gc.ca/imdb/p3VD.pl?Function=getVD&TVD=1369825&CVD=1370970&CPV=324110&CST=27012022&CLV=5&MLV=5,https://climate-change.canada.ca/facility-emissions/GHGRP-G10239-2023.html,"http://indicators-map.canada.ca/App/Detail?id=0110239&GoCTemplateCulture=en-CA
"
10240,Mine Raglan,Glencore,Rivière Koksoak,1 Plateau Katiniq Nunavik,J0Y 1M0,Quebec,61.6916,-73.6666,158,kilotonnes of carbon dioxide equivalents (kt CO2 eq),2023,Nickel-Copper Ore Mining,https://www23.statcan.gc.ca/imdb/p3VD.pl?Function=getVD&TVD=1369825&CVD=1370970&CPV=212232&CST=27012022&CLV=5&MLV=5,https://climate-change.canada.ca/facility-emissions/GHGRP-G10240-2023.html,"http://indicators-map.canada.ca/App/Detail?id=0110240&GoCTemplateCulture=en-CA
"
10241,Rainbow Lake Cogeneration Power Plant (Units 4-5),Heartland Generation Ltd.,Rainbow Lake,,N/A,Alberta,58.4471,-119.2383,186.43,kilotonnes of carbon dioxide equivalents (kt CO2 eq),2023,Fossil-Fuel Electric Power Generation,https://www23.statcan.gc.ca/imdb/p3VD.pl?Function=getVD&TVD=1369825&CVD=1370970&CPV=221112&CST=27012022&CLV=5&MLV=5,https://climate-change.canada.ca/facility-emissions/GHGRP-G10241-2023.html,"http://indicators-map.canada.ca/App/Detail?id=0110241&GoCTemplateCulture=en-CA
"
10243,Ram River Sour Gas Plant,Tidewater Midstream and Infrastructure Ltd.,Rocky Mountain House,,T4T 1B5,Alberta,52.1463,-115.33,304.45,kilotonnes of carbon dioxide equivalents (kt CO2 eq),2023,Oil and gas extraction (except oil sands),https://www23.statcan.gc.ca/imdb/p3VD.pl?Function=getVD&TVD=1369825&CVD=1370970&CPV=211110&CST=27012022&CLV=5&MLV=5,https://climate-change.canada.ca/facility-emissions/GHGRP-G10243-2023.html,"http://indicators-map.canada.ca/App/Detail?id=0110243&GoCTemplateCulture=en-CA
"
10244,"TransCanada Pipeline, Manitoba",TransCanada PipeLines Limited,Winnipeg,104 Terracon Place Place,R2J 4G7,Manitoba,0,0,200.36,kilotonnes of carbon dioxide equivalents (kt CO2 eq),2023,Pipeline Transportation of Natural Gas,https://www23.statcan.gc.ca/imdb/p3VD.pl?Function=getVD&TVD=1369825&CVD=1370970&CPV=486210&CST=27012022&CLV=5&MLV=5,https://climate-change.canada.ca/facility-emissions/GHGRP-G10244-2023.html,"http://indicators-map.canada.ca/App/Detail?id=0110244&GoCTemplateCulture=en-CA
"
10246,Redwater Cogeneration Plant,TransCanada Energy Ltd.,Redwater,,T0A 2W0,Alberta,53.97733,-113.08634,207.74,kilotonnes of carbon dioxide equivalents (kt CO2 eq),2023,Fossil-Fuel Electric Power Generation,https://www23.statcan.gc.ca/imdb/p3VD.pl?Function=getVD&TVD=1369825&CVD=1370970&CPV=221112&CST=27012022&CLV=5&MLV=5,https://climate-change.canada.ca/facility-emissions/GHGRP-G10246-2023.html,"http://indicators-map.canada.ca/App/Detail?id=0110246&GoCTemplateCulture=en-CA
"
10247,Irving Oil Refinery,Irving Oil Limited,Saint John,340 Loch Lomond Road,E2J 3Z6,New Brunswick,45.2838,-66.0102,3024.57,kilotonnes of carbon dioxide equivalents (kt CO2 eq),2023,Petroleum Refineries,https://www23.statcan.gc.ca/imdb/p3VD.pl?Function=getVD&TVD=1369825&CVD=1370970&CPV=324110&CST=27012022&CLV=5&MLV=5,https://climate-change.canada.ca/facility-emissions/GHGRP-G10247-2023.html,"http://indicators-map.canada.ca/App/Detail?id=0110247&GoCTemplateCulture=en-CA
"
10248,"Foothills Pipeline, Saskatchewan",Foothills Pipe Lines (Sask.) Ltd.,Richmond,,S0N 2E0,Saskatchewan,0,0,114.4,kilotonnes of carbon dioxide equivalents (kt CO2 eq),2023,Pipeline Transportation of Natural Gas,https://www23.statcan.gc.ca/imdb/p3VD.pl?Function=getVD&TVD=1369825&CVD=1370970&CPV=486210&CST=27012022&CLV=5&MLV=5,https://climate-change.canada.ca/facility-emissions/GHGRP-G10248-2023.html,"http://indicators-map.canada.ca/App/Detail?id=0110248&GoCTemplateCulture=en-CA
"
10249,Rimbey Gas Plant,Keyera Corp,Rimbey,,T0C 2J0,Alberta,52.7581,-114.1116,322.69,kilotonnes of carbon dioxide equivalents (kt CO2 eq),2023,Oil and gas extraction (except oil sands),https://www23.statcan.gc.ca/imdb/p3VD.pl?Function=getVD&TVD=1369825&CVD=1370970&CPV=211110&CST=27012022&CLV=5&MLV=5,https://climate-change.canada.ca/facility-emissions/GHGRP-G10249-2023.html,"http://indicators-map.canada.ca/App/Detail?id=0110249&GoCTemplateCulture=en-CA
"
10250,Sarnia Chemical Plant,Imperial Oil,Sarnia,602 Christina Street South,N7T 7M5,Ontario,42.9544,-82.4153,259,kilotonnes of carbon dioxide equivalents (kt CO2 eq),2023,Petrochemical Manufacturing,https://www23.statcan.gc.ca/imdb/p3VD.pl?Function=getVD&TVD=1369825&CVD=1370970&CPV=325110&CST=27012022&CLV=5&MLV=5,https://climate-change.canada.ca/facility-emissions/GHGRP-G10250-2023.html,"http://indicators-map.canada.ca/App/Detail?id=0110250&GoCTemplateCulture=en-CA
"
10251,Sarnia Cogen Plant,Imperial Oil,Sarnia,602 Christina Street South,N7T 7M5,Ontario,42.9586,-82.4146,397.92,kilotonnes of carbon dioxide equivalents (kt CO2 eq),2023,Fossil-Fuel Electric Power Generation,https://www23.statcan.gc.ca/imdb/p3VD.pl?Function=getVD&TVD=1369825&CVD=1370970&CPV=221112&CST=27012022&CLV=5&MLV=5,https://climate-change.canada.ca/facility-emissions/GHGRP-G10251-2023.html,"http://indicators-map.canada.ca/App/Detail?id=0110251&GoCTemplateCulture=en-CA
"
10252,Sarnia Fractionation Plant,Plains Midstream Canada ULC,Sarnia,1182 Plank Road,N7T 7H9,Ontario,42.9521,-82.3664,171.9,kilotonnes of carbon dioxide equivalents (kt CO2 eq),2023,Oil and gas extraction (except oil sands),https://www23.statcan.gc.ca/imdb/p3VD.pl?Function=getVD&TVD=1369825&CVD=1370970&CPV=211110&CST=27012022&CLV=5&MLV=5,https://climate-change.canada.ca/facility-emissions/GHGRP-G10252-2023.html,"http://indicators-map.canada.ca/App/Detail?id=0110252&GoCTemplateCulture=en-CA
"
10253,Sarnia Manufacturing Centre,Shell Canada Products,Corunna,150 St. Clair Parkway,N0N 1G0,Ontario,42.9025,-82.4511,765.09,kilotonnes of carbon dioxide equivalents (kt CO2 eq),2023,Petroleum Refineries,https://www23.statcan.gc.ca/imdb/p3VD.pl?Function=getVD&TVD=1369825&CVD=1370970&CPV=324110&CST=27012022&CLV=5&MLV=5,https://climate-change.canada.ca/facility-emissions/GHGRP-G10253-2023.html,"http://indicators-map.canada.ca/App/Detail?id=0110253&GoCTemplateCulture=en-CA
"
10254,Sarnia Refinery,Suncor Energy Products Partnership,Sarnia,1900 River Road,N7T 7J3,Ontario,42.9306,-82.4433,780.96,kilotonnes of carbon dioxide equivalents (kt CO2 eq),2023,Petroleum Refineries,https://www23.statcan.gc.ca/imdb/p3VD.pl?Function=getVD&TVD=1369825&CVD=1370970&CPV=324110&CST=27012022&CLV=5&MLV=5,https://climate-change.canada.ca/facility-emissions/GHGRP-G10254-2023.html,"http://indicators-map.canada.ca/App/Detail?id=0110254&GoCTemplateCulture=en-CA
"
10255,Sarnia Refinery Plant,Imperial Oil,Sarnia,602 Christina Street South,N7T 7M5,Ontario,42.9542,-82.4158,1400.32,kilotonnes of carbon dioxide equivalents (kt CO2 eq),2023,Petroleum Refineries,https://www23.statcan.gc.ca/imdb/p3VD.pl?Function=getVD&TVD=1369825&CVD=1370970&CPV=324110&CST=27012022&CLV=5&MLV=5,https://climate-change.canada.ca/facility-emissions/GHGRP-G10255-2023.html,"http://indicators-map.canada.ca/App/Detail?id=0110255&GoCTemplateCulture=en-CA
"
10256,Sarnia Regional Cogeneration Facility,TransAlta Sarnia Cogeneration L.P.,Sarnia,1475 Vidal Street South,N7T 8H1,Ontario,42.9346,-82.4381,1113.77,kilotonnes of carbon dioxide equivalents (kt CO2 eq),2023,Fossil-Fuel Electric Power Generation,https://www23.statcan.gc.ca/imdb/p3VD.pl?Function=getVD&TVD=1369825&CVD=1370970&CPV=221112&CST=27012022&CLV=5&MLV=5,https://climate-change.canada.ca/facility-emissions/GHGRP-G10256-2023.html,"http://indicators-map.canada.ca/App/Detail?id=0110256&GoCTemplateCulture=en-CA
"
10257,Alliance Pipeline Ltd. - SK Pipeline System,Alliance Pipeline Ltd. Partnership,Calgary,200 425 1st Street Southwest,T2P 3L8,Saskatchewan,0,0,427.64,kilotonnes of carbon dioxide equivalents (kt CO2 eq),2023,Pipeline Transportation of Natural Gas,https://www23.statcan.gc.ca/imdb/p3VD.pl?Function=getVD&TVD=1369825&CVD=1370970&CPV=486210&CST=27012022&CLV=5&MLV=5,https://climate-change.canada.ca/facility-emissions/GHGRP-G10257-2023.html,"http://indicators-map.canada.ca/App/Detail?id=0110257&GoCTemplateCulture=en-CA
"
10258,SaskEnergy Incorporated,SaskEnergy Incorporated,Regina,1777 Victoria Avenue,S4P 4K5,Saskatchewan,0,0,73.5,kilotonnes of carbon dioxide equivalents (kt CO2 eq),2023,Natural Gas Distribution,https://www23.statcan.gc.ca/imdb/p3VD.pl?Function=getVD&TVD=1369825&CVD=1370970&CPV=221210&CST=27012022&CLV=5&MLV=5,https://climate-change.canada.ca/facility-emissions/GHGRP-G10258-2023.html,"http://indicators-map.canada.ca/App/Detail?id=0110258&GoCTemplateCulture=en-CA
"
10259,Yara Belle Plaine Inc.,Yara Belle Plaine Inc.,Belle Plaine,2 Kalium Road Road North,S4P 4B3,Saskatchewan,50.4333,-105.1833,757.11,kilotonnes of carbon dioxide equivalents (kt CO2 eq),2023,Chemical Fertilizer (except Potash) Manufacturing,https://www23.statcan.gc.ca/imdb/p3VD.pl?Function=getVD&TVD=1369825&CVD=1370970&CPV=325313&CST=27012022&CLV=5&MLV=5,https://climate-change.canada.ca/facility-emissions/GHGRP-G10259-2023.html,"http://indicators-map.canada.ca/App/Detail?id=0110259&GoCTemplateCulture=en-CA
"
10260,Scotford Chemical Plant,Shell Chemicals Canada,"Fort Saskatchewan, Strathcona ",55520 Range 214 Road,T8L 4A3,Alberta,53.8042,-113.0824,276.25,kilotonnes of carbon dioxide equivalents (kt CO2 eq),2023,Petrochemical Manufacturing,https://www23.statcan.gc.ca/imdb/p3VD.pl?Function=getVD&TVD=1369825&CVD=1370970&CPV=325110&CST=27012022&CLV=5&MLV=5,https://climate-change.canada.ca/facility-emissions/GHGRP-G10260-2023.html,"http://indicators-map.canada.ca/App/Detail?id=0110260&GoCTemplateCulture=en-CA
"
10261,Scotford Complex,Air Liquide Canada Inc.,Fort Saskatchewan,55522 RR#214 Road,T8L 3T2,Alberta,53.7991,-113.0807,420.93,kilotonnes of carbon dioxide equivalents (kt CO2 eq),2023,Fossil-Fuel Electric Power Generation,https://www23.statcan.gc.ca/imdb/p3VD.pl?Function=getVD&TVD=1369825&CVD=1370970&CPV=221112&CST=27012022&CLV=5&MLV=5,https://climate-change.canada.ca/facility-emissions/GHGRP-G10261-2023.html,"http://indicators-map.canada.ca/App/Detail?id=0110261&GoCTemplateCulture=en-CA
"
10262,Scotford Upgrader and Upgrader Cogeneration,Shell Canada Energy Limited,Fort Saskatchewan,55522 Range Road 214,T8L 3T2,Alberta,53.79644,-113.0913,2648.48,kilotonnes of carbon dioxide equivalents (kt CO2 eq),2023,Mined oil sands extraction,https://www23.statcan.gc.ca/imdb/p3VD.pl?Function=getVD&TVD=1369825&CVD=1370970&CPV=211142&CST=27012022&CLV=5&MLV=5,https://climate-change.canada.ca/facility-emissions/GHGRP-G10262-2023.html,"http://indicators-map.canada.ca/App/Detail?id=0110262&GoCTemplateCulture=en-CA
"
10263,Fibrek SENC,Fibrek S.E.N.C.,St Felicien,4000 St-Eusebe Road,G8K 2R6,Quebec,48.7458,-72.5139,78.14,kilotonnes of carbon dioxide equivalents (kt CO2 eq),2023,Chemical Pulp Mills,https://www23.statcan.gc.ca/imdb/p3VD.pl?Function=getVD&TVD=1369825&CVD=1370970&CPV=322112&CST=27012022&CLV=5&MLV=5,https://climate-change.canada.ca/facility-emissions/GHGRP-G10263-2023.html,"http://indicators-map.canada.ca/App/Detail?id=0110263&GoCTemplateCulture=en-CA
"
10264,Shand Power Station,Saskatchewan Power Corporation,Estevan,,S4A 2K9,Saskatchewan,49.0874,-102.86818,2028.31,kilotonnes of carbon dioxide equivalents (kt CO2 eq),2023,Fossil-Fuel Electric Power Generation,https://www23.statcan.gc.ca/imdb/p3VD.pl?Function=getVD&TVD=1369825&CVD=1370970&CPV=221112&CST=27012022&CLV=5&MLV=5,https://climate-change.canada.ca/facility-emissions/GHGRP-G10264-2023.html,"http://indicators-map.canada.ca/App/Detail?id=0110264&GoCTemplateCulture=en-CA
"
10265,Sheerness Generating Station,Alberta Power 2000 Ltd.,Hanna,,N/A,Alberta,51.44267,-111.79207,1424.76,kilotonnes of carbon dioxide equivalents (kt CO2 eq),2023,Fossil-Fuel Electric Power Generation,https://www23.statcan.gc.ca/imdb/p3VD.pl?Function=getVD&TVD=1369825&CVD=1370970&CPV=221112&CST=27012022&CLV=5&MLV=5,https://climate-change.canada.ca/facility-emissions/GHGRP-G10265-2023.html,"http://indicators-map.canada.ca/App/Detail?id=0110265&GoCTemplateCulture=en-CA
"
10267,Caroline Complex,PIERIDAE ALBERTA PRODUCTION LTD.,Caroline,,T0M 0M0,Alberta,51.9655,-114.7536,263.48,kilotonnes of carbon dioxide equivalents (kt CO2 eq),2023,Oil and gas extraction (except oil sands),https://www23.statcan.gc.ca/imdb/p3VD.pl?Function=getVD&TVD=1369825&CVD=1370970&CPV=211110&CST=27012022&CLV=5&MLV=5,https://climate-change.canada.ca/facility-emissions/GHGRP-G10267-2023.html,"http://indicators-map.canada.ca/App/Detail?id=0110267&GoCTemplateCulture=en-CA
"
10268,Jumping Pound Complex,PIERIDAE ALBERTA PRODUCTION LTD.,Calgary,,T2P 4V8,Alberta,51.0396,-114.559,176.33,kilotonnes of carbon dioxide equivalents (kt CO2 eq),2023,Oil and gas extraction (except oil sands),https://www23.statcan.gc.ca/imdb/p3VD.pl?Function=getVD&TVD=1369825&CVD=1370970&CPV=211110&CST=27012022&CLV=5&MLV=5,https://climate-change.canada.ca/facility-emissions/GHGRP-G10268-2023.html,"http://indicators-map.canada.ca/App/Detail?id=0110268&GoCTemplateCulture=en-CA
"
10269,Shell Scotford Refinery,Shell Canada Products,Fort Saskatchewan,55522 Range Road 214,T8L 4A4,Alberta,53.7959,-113.0996,975.71,kilotonnes of carbon dioxide equivalents (kt CO2 eq),2023,Petroleum Refineries,https://www23.statcan.gc.ca/imdb/p3VD.pl?Function=getVD&TVD=1369825&CVD=1370970&CPV=324110&CST=27012022&CLV=5&MLV=5,https://climate-change.canada.ca/facility-emissions/GHGRP-G10269-2023.html,"http://indicators-map.canada.ca/App/Detail?id=0110269&GoCTemplateCulture=en-CA
"
10271,"Koch Fertilizer Canada, ULC","Koch Fertilizer Canada, ULC",Brandon,1400 17th Street East,R7A 7C4,Manitoba,49.8309,-99.9078,637.01,kilotonnes of carbon dioxide equivalents (kt CO2 eq),2023,Chemical Fertilizer (except Potash) Manufacturing,https://www23.statcan.gc.ca/imdb/p3VD.pl?Function=getVD&TVD=1369825&CVD=1370970&CPV=325313&CST=27012022&CLV=5&MLV=5,https://climate-change.canada.ca/facility-emissions/GHGRP-G10271-2023.html,"http://indicators-map.canada.ca/App/Detail?id=0110271&GoCTemplateCulture=en-CA
"
10272,Site de Témiscaming,Rayonier A.M. Canada G.P.,Témiscaming,33 Kipawa Road,J0Z 3R0,Quebec,46.7111,-79.0967,165.79,kilotonnes of carbon dioxide equivalents (kt CO2 eq),2023,Chemical Pulp Mills,https://www23.statcan.gc.ca/imdb/p3VD.pl?Function=getVD&TVD=1369825&CVD=1370970&CPV=322112&CST=27012022&CLV=5&MLV=5,https://climate-change.canada.ca/facility-emissions/GHGRP-G10272-2023.html,"http://indicators-map.canada.ca/App/Detail?id=0110272&GoCTemplateCulture=en-CA
"
10273,Bowmanville Cement Plant,St. Marys Cement Inc. (Canada),Bowmanville,410 Bowmanville Avenue,L1C 7B5,Ontario,43.8806,-78.7005,1028.21,kilotonnes of carbon dioxide equivalents (kt CO2 eq),2023,Cement Manufacturing,https://www23.statcan.gc.ca/imdb/p3VD.pl?Function=getVD&TVD=1369825&CVD=1370970&CPV=327310&CST=27012022&CLV=5&MLV=5,https://climate-change.canada.ca/facility-emissions/GHGRP-G10273-2023.html,"http://indicators-map.canada.ca/App/Detail?id=0110273&GoCTemplateCulture=en-CA
"
10274,St. Marys Cement Plant,St. Marys Cement Inc. (Canada),St. Marys,585 Water Street South,N4X 1B6,Ontario,43.2426,-81.1478,574.37,kilotonnes of carbon dioxide equivalents (kt CO2 eq),2023,Cement Manufacturing,https://www23.statcan.gc.ca/imdb/p3VD.pl?Function=getVD&TVD=1369825&CVD=1370970&CPV=327310&CST=27012022&CLV=5&MLV=5,https://climate-change.canada.ca/facility-emissions/GHGRP-G10274-2023.html,"http://indicators-map.canada.ca/App/Detail?id=0110274&GoCTemplateCulture=en-CA
"
10275,Hamilton,Stelco Inc.,Hamilton,386 Wilcox Street,L8L 8K5,Ontario,43.26438,-79.82723,254.75,kilotonnes of carbon dioxide equivalents (kt CO2 eq),2023,Iron and Steel Mills and Ferro-Alloy Manufacturing,https://www23.statcan.gc.ca/imdb/p3VD.pl?Function=getVD&TVD=1369825&CVD=1370970&CPV=331110&CST=27012022&CLV=5&MLV=5,https://climate-change.canada.ca/facility-emissions/GHGRP-G10275-2023.html,"http://indicators-map.canada.ca/App/Detail?id=0110275&GoCTemplateCulture=en-CA
"
10276,Lake Erie,Stelco Inc.,Haldimand County,2330 Regional #3 Road,N0A 1L0,Ontario,42.81,-80.0967,3781.72,kilotonnes of carbon dioxide equivalents (kt CO2 eq),2023,Iron and Steel Mills and Ferro-Alloy Manufacturing,https://www23.statcan.gc.ca/imdb/p3VD.pl?Function=getVD&TVD=1369825&CVD=1370970&CPV=331110&CST=27012022&CLV=5&MLV=5,https://climate-change.canada.ca/facility-emissions/GHGRP-G10276-2023.html,"http://indicators-map.canada.ca/App/Detail?id=0110276&GoCTemplateCulture=en-CA
"
10277,Strachan Gas Plant,Keyera Corp,Rocky Mountain House,,T4T 1B5,Alberta,52.2263,-115.177,153.68,kilotonnes of carbon dioxide equivalents (kt CO2 eq),2023,Oil and gas extraction (except oil sands),https://www23.statcan.gc.ca/imdb/p3VD.pl?Function=getVD&TVD=1369825&CVD=1370970&CPV=211110&CST=27012022&CLV=5&MLV=5,https://climate-change.canada.ca/facility-emissions/GHGRP-G10277-2023.html,"http://indicators-map.canada.ca/App/Detail?id=0110277&GoCTemplateCulture=en-CA
"
10278,"Imperial Oil, Strathcona Refinery",Imperial Oil,Edmonton,3400 Baseline Road,T6P 0E5,Alberta,53.5417,-113.3917,1587.8,kilotonnes of carbon dioxide equivalents (kt CO2 eq),2023,Petroleum Refineries,https://www23.statcan.gc.ca/imdb/p3VD.pl?Function=getVD&TVD=1369825&CVD=1370970&CPV=324110&CST=27012022&CLV=5&MLV=5,https://climate-change.canada.ca/facility-emissions/GHGRP-G10278-2023.html,"http://indicators-map.canada.ca/App/Detail?id=0110278&GoCTemplateCulture=en-CA
"
10279,Summit Road Landfill,"City of Winnipeg, Water & Waste Department",Winnipeg,3000 Summit Road,R2Y 2M1,Manitoba,49.90933,-97.30489,70.64,kilotonnes of carbon dioxide equivalents (kt CO2 eq),2023,Waste Treatment and Disposal,https://www23.statcan.gc.ca/imdb/p3VD.pl?Function=getVD&TVD=1369825&CVD=1370970&CPV=562210&CST=27012022&CLV=5&MLV=5,https://climate-change.canada.ca/facility-emissions/GHGRP-G10279-2023.html,"http://indicators-map.canada.ca/App/Detail?id=0110279&GoCTemplateCulture=en-CA
"
10281,Sundance Thermal Electric Power Generating Plant,TransAlta Generation Partnership,Duffield,"Site 4, Box 1, RR1",T0E 0N0,Alberta,53.5085,-114.5571,958.86,kilotonnes of carbon dioxide equivalents (kt CO2 eq),2023,Fossil-Fuel Electric Power Generation,https://www23.statcan.gc.ca/imdb/p3VD.pl?Function=getVD&TVD=1369825&CVD=1370970&CPV=221112&CST=27012022&CLV=5&MLV=5,https://climate-change.canada.ca/facility-emissions/GHGRP-G10281-2023.html,"http://indicators-map.canada.ca/App/Detail?id=0110281&GoCTemplateCulture=en-CA
"
10283,CF Industries Courtright Nitrogen Complex,Terra International (Canada) Inc.,Courtright,161 Bickford Line,N0N 1H0,Ontario,42.8142,-82.4556,594.76,kilotonnes of carbon dioxide equivalents (kt CO2 eq),2023,Chemical Fertilizer (except Potash) Manufacturing,https://www23.statcan.gc.ca/imdb/p3VD.pl?Function=getVD&TVD=1369825&CVD=1370970&CPV=325313&CST=27012022&CLV=5&MLV=5,https://climate-change.canada.ca/facility-emissions/GHGRP-G10283-2023.html,"http://indicators-map.canada.ca/App/Detail?id=0110283&GoCTemplateCulture=en-CA
"
10284,Terra Nova,Suncor Energy Inc.,St. John's,,A1C 1B6,Newfoundland and Labrador,46.475,-48.4794,149.07,kilotonnes of carbon dioxide equivalents (kt CO2 eq),2023,Oil and gas extraction (except oil sands),https://www23.statcan.gc.ca/imdb/p3VD.pl?Function=getVD&TVD=1369825&CVD=1370970&CPV=211110&CST=27012022&CLV=5&MLV=5,https://climate-change.canada.ca/facility-emissions/GHGRP-G10284-2023.html,"http://indicators-map.canada.ca/App/Detail?id=0110284&GoCTemplateCulture=en-CA
"
10285,AV Terrace Bay,AV Terrace Bay Inc.,Terrace Bay,21 Mill Road,P0T 2W0,Ontario,48.7965,-87.1039,142.53,kilotonnes of carbon dioxide equivalents (kt CO2 eq),2023,Chemical Pulp Mills,https://www23.statcan.gc.ca/imdb/p3VD.pl?Function=getVD&TVD=1369825&CVD=1370970&CPV=322112&CST=27012022&CLV=5&MLV=5,https://climate-change.canada.ca/facility-emissions/GHGRP-G10285-2023.html,"http://indicators-map.canada.ca/App/Detail?id=0110285&GoCTemplateCulture=en-CA
"
10289,"Teck Metals Ltd, Trail Operations","Teck Metals Ltd, Trail Operations",Trail,25 Aldridge Avenue,V1R 4L8,British Columbia,49.10194,-117.71722,372.86,kilotonnes of carbon dioxide equivalents (kt CO2 eq),2023,Non-Ferrous Metal (except Aluminum) Smelting and Refining,https://www23.statcan.gc.ca/imdb/p3VD.pl?Function=getVD&TVD=1369825&CVD=1370970&CPV=331410&CST=27012022&CLV=5&MLV=5,https://climate-change.canada.ca/facility-emissions/GHGRP-G10289-2023.html,"http://indicators-map.canada.ca/App/Detail?id=0110289&GoCTemplateCulture=en-CA
"
10290,TransGas Limited,TransGas Limited,Regina,700 1777 Victoria Avenue,S4P 4K5,Saskatchewan,0,0,195.4,kilotonnes of carbon dioxide equivalents (kt CO2 eq),2023,Pipeline Transportation of Natural Gas,https://www23.statcan.gc.ca/imdb/p3VD.pl?Function=getVD&TVD=1369825&CVD=1370970&CPV=486210&CST=27012022&CLV=5&MLV=5,https://climate-change.canada.ca/facility-emissions/GHGRP-G10290-2023.html,"http://indicators-map.canada.ca/App/Detail?id=0110290&GoCTemplateCulture=en-CA
"
10291,Trenton Generating Station,Nova Scotia Power Incorporated,Trenton,1 Power Plant Road,B0K 1X0,Nova Scotia,45.6202,-62.6498,832.37,kilotonnes of carbon dioxide equivalents (kt CO2 eq),2023,Fossil-Fuel Electric Power Generation,https://www23.statcan.gc.ca/imdb/p3VD.pl?Function=getVD&TVD=1369825&CVD=1370970&CPV=221112&CST=27012022&CLV=5&MLV=5,https://climate-change.canada.ca/facility-emissions/GHGRP-G10291-2023.html,"http://indicators-map.canada.ca/App/Detail?id=0110291&GoCTemplateCulture=en-CA
"
10292,Tufts Cove Generating Station,Nova Scotia Power Incorporated,Dartmouth,315 Windmill Road,B3A 1H3,Nova Scotia,44.6764,-63.5961,1147.71,kilotonnes of carbon dioxide equivalents (kt CO2 eq),2023,Fossil-Fuel Electric Power Generation,https://www23.statcan.gc.ca/imdb/p3VD.pl?Function=getVD&TVD=1369825&CVD=1370970&CPV=221112&CST=27012022&CLV=5&MLV=5,https://climate-change.canada.ca/facility-emissions/GHGRP-G10292-2023.html,"http://indicators-map.canada.ca/App/Detail?id=0110292&GoCTemplateCulture=en-CA
"
10293,Tunis Power Plant,Atlantic Power LP,Tunis,11 (Potter Road) Highway North,P0N 1J0,Ontario,48.8704,-80.8942,6.71,kilotonnes of carbon dioxide equivalents (kt CO2 eq),2023,Fossil-Fuel Electric Power Generation,https://www23.statcan.gc.ca/imdb/p3VD.pl?Function=getVD&TVD=1369825&CVD=1370970&CPV=221112&CST=27012022&CLV=5&MLV=5,https://climate-change.canada.ca/facility-emissions/GHGRP-G10293-2023.html,"http://indicators-map.canada.ca/App/Detail?id=0110293&GoCTemplateCulture=en-CA
"
10295,Usine Alma,Rio Tinto Alcan Inc,Alma,3000 des Pins,G8B 5W2,Quebec,48.5837,-71.6889,925.45,kilotonnes of carbon dioxide equivalents (kt CO2 eq),2023,Primary Production of Alumina and Aluminum,https://www23.statcan.gc.ca/imdb/p3VD.pl?Function=getVD&TVD=1369825&CVD=1370970&CPV=331313&CST=27012022&CLV=5&MLV=5,https://climate-change.canada.ca/facility-emissions/GHGRP-G10295-2023.html,"http://indicators-map.canada.ca/App/Detail?id=0110295&GoCTemplateCulture=en-CA
"
10296,Usine Arvida,Rio Tinto Alcan Inc,Saguenay,1955 Mellon Boulevard,G7S 4L2,Quebec,48.4274,-71.1599,657.78,kilotonnes of carbon dioxide equivalents (kt CO2 eq),2023,Primary Production of Alumina and Aluminum,https://www23.statcan.gc.ca/imdb/p3VD.pl?Function=getVD&TVD=1369825&CVD=1370970&CPV=331313&CST=27012022&CLV=5&MLV=5,https://climate-change.canada.ca/facility-emissions/GHGRP-G10296-2023.html,"http://indicators-map.canada.ca/App/Detail?id=0110296&GoCTemplateCulture=en-CA
"
10298,Usine de Bécancour,Olin Canada ULC,Bécancour,675 Alphonse-Deshaies,G9H 2Y8,Quebec,46.3832,-72.3724,15.68,kilotonnes of carbon dioxide equivalents (kt CO2 eq),2023,Alkali and Chlorine Manufacturing,https://www23.statcan.gc.ca/imdb/p3VD.pl?Function=getVD&TVD=1369825&CVD=1370970&CPV=325181&CST=27012022&CLV=5&MLV=5,https://climate-change.canada.ca/facility-emissions/GHGRP-G10298-2023.html,"http://indicators-map.canada.ca/App/Detail?id=0110298&GoCTemplateCulture=en-CA
"
10299,Usine de Bouletage de Port-Cartier,ArcelorMittal Exploitation Minière Canada s.e.n.c.,Port Cartier,186 Portage des Mousses,G5B 2H3,Quebec,50.0334,-66.791,804.49,kilotonnes of carbon dioxide equivalents (kt CO2 eq),2023,Iron Ore Mining,https://www23.statcan.gc.ca/imdb/p3VD.pl?Function=getVD&TVD=1369825&CVD=1370970&CPV=212210&CST=27012022&CLV=5&MLV=5,https://climate-change.canada.ca/facility-emissions/GHGRP-G10299-2023.html,"http://indicators-map.canada.ca/App/Detail?id=0110299&GoCTemplateCulture=en-CA
"
10300,Aluminerie de Deschambault,Compagnie de gestion Alcoa - Lauralco,Deschambault,1 des Sources Boulevard,G0A 1S0,Quebec,46.69317,-71.94488,517.54,kilotonnes of carbon dioxide equivalents (kt CO2 eq),2023,Primary Production of Alumina and Aluminum,https://www23.statcan.gc.ca/imdb/p3VD.pl?Function=getVD&TVD=1369825&CVD=1370970&CPV=331313&CST=27012022&CLV=5&MLV=5,https://climate-change.canada.ca/facility-emissions/GHGRP-G10300-2023.html,"http://indicators-map.canada.ca/App/Detail?id=0110300&GoCTemplateCulture=en-CA
"
10302,Usine de La Tuque,Compagnie WestRock du Canada Corp.,La Tuque,1000 Chemin de l'Usine,G9X 3P8,Quebec,47.44946,-72.78887,220.61,kilotonnes of carbon dioxide equivalents (kt CO2 eq),2023,Paperboard Mills,https://www23.statcan.gc.ca/imdb/p3VD.pl?Function=getVD&TVD=1369825&CVD=1370970&CPV=322130&CST=27012022&CLV=5&MLV=5,https://climate-change.canada.ca/facility-emissions/GHGRP-G10302-2023.html,"http://indicators-map.canada.ca/App/Detail?id=0110302&GoCTemplateCulture=en-CA
"
10304,Usine de Québec,Stadacona WB S.E.C.,Québec,10 des Capucins Boulevard,G1J 0G9,Quebec,46.82417,-71.21528,16.65,kilotonnes of carbon dioxide equivalents (kt CO2 eq),2023,Newsprint Mills,https://www23.statcan.gc.ca/imdb/p3VD.pl?Function=getVD&TVD=1369825&CVD=1370970&CPV=322122&CST=27012022&CLV=5&MLV=5,https://climate-change.canada.ca/facility-emissions/GHGRP-G10304-2023.html,"http://indicators-map.canada.ca/App/Detail?id=0110304&GoCTemplateCulture=en-CA
"
10306,Usine Grande-Baie,Rio Tinto Alcan Inc,La Baie,0 5000 du Petit-Parc Route,G7B 4G9,Quebec,48.1821,-70.5536,540.84,kilotonnes of carbon dioxide equivalents (kt CO2 eq),2023,Primary Production of Alumina and Aluminum,https://www23.statcan.gc.ca/imdb/p3VD.pl?Function=getVD&TVD=1369825&CVD=1370970&CPV=331313&CST=27012022&CLV=5&MLV=5,https://climate-change.canada.ca/facility-emissions/GHGRP-G10306-2023.html,"http://indicators-map.canada.ca/App/Detail?id=0110306&GoCTemplateCulture=en-CA
"
10307,Usine Laterrière,Rio Tinto Alcan Inc,Laterriere,6301 Talbot Boulevard,G7N 1A2,Quebec,48.3007,-71.1289,513.12,kilotonnes of carbon dioxide equivalents (kt CO2 eq),2023,Primary Production of Alumina and Aluminum,https://www23.statcan.gc.ca/imdb/p3VD.pl?Function=getVD&TVD=1369825&CVD=1370970&CPV=331313&CST=27012022&CLV=5&MLV=5,https://climate-change.canada.ca/facility-emissions/GHGRP-G10307-2023.html,"http://indicators-map.canada.ca/App/Detail?id=0110307&GoCTemplateCulture=en-CA
"
10310,W12A Landfill,Corporation of the City of London,London,3502 Manning Drive,N6L 1K6,Ontario,42.87645,-81.22841,110.91,kilotonnes of carbon dioxide equivalents (kt CO2 eq),2023,Waste Treatment and Disposal,https://www23.statcan.gc.ca/imdb/p3VD.pl?Function=getVD&TVD=1369825&CVD=1370970&CPV=562210&CST=27012022&CLV=5&MLV=5,https://climate-change.canada.ca/facility-emissions/GHGRP-G10310-2023.html,"http://indicators-map.canada.ca/App/Detail?id=0110310&GoCTemplateCulture=en-CA
"
10312,Wapiti Deep Cut Plant 04-08-069-08 W6M,Canadian Natural Resources Limited,,,N/A,Alberta,54.9575,-119.1939,122.62,kilotonnes of carbon dioxide equivalents (kt CO2 eq),2023,Oil and gas extraction (except oil sands),https://www23.statcan.gc.ca/imdb/p3VD.pl?Function=getVD&TVD=1369825&CVD=1370970&CPV=211110&CST=27012022&CLV=5&MLV=5,https://climate-change.canada.ca/facility-emissions/GHGRP-G10312-2023.html,"http://indicators-map.canada.ca/App/Detail?id=0110312&GoCTemplateCulture=en-CA
"
10313,Waterton Complex,PIERIDAE ALBERTA PRODUCTION LTD.,Pincher Creek,,T0K 1W0,Alberta,49.3052,-114.0003,215.44,kilotonnes of carbon dioxide equivalents (kt CO2 eq),2023,Oil and gas extraction (except oil sands),https://www23.statcan.gc.ca/imdb/p3VD.pl?Function=getVD&TVD=1369825&CVD=1370970&CPV=211110&CST=27012022&CLV=5&MLV=5,https://climate-change.canada.ca/facility-emissions/GHGRP-G10313-2023.html,"http://indicators-map.canada.ca/App/Detail?id=0110313&GoCTemplateCulture=en-CA
"
10315,West Windsor Power,Engie Canada,Windsor,4375 Sandwich Street South,N9C 4C8,Ontario,42.2807,-83.0876,12.61,kilotonnes of carbon dioxide equivalents (kt CO2 eq),2023,Fossil-Fuel Electric Power Generation,https://www23.statcan.gc.ca/imdb/p3VD.pl?Function=getVD&TVD=1369825&CVD=1370970&CPV=221112&CST=27012022&CLV=5&MLV=5,https://climate-change.canada.ca/facility-emissions/GHGRP-G10315-2023.html,"http://indicators-map.canada.ca/App/Detail?id=0110315&GoCTemplateCulture=en-CA
"
10316,Western Canada Operations,Dow Chemical Canada ULC,Fort Saskatchewan,Highway 15,T8L 2P4,Alberta,53.7332,-113.175,1203.05,kilotonnes of carbon dioxide equivalents (kt CO2 eq),2023,Petrochemical Manufacturing,https://www23.statcan.gc.ca/imdb/p3VD.pl?Function=getVD&TVD=1369825&CVD=1370970&CPV=325110&CST=27012022&CLV=5&MLV=5,https://climate-change.canada.ca/facility-emissions/GHGRP-G10316-2023.html,"http://indicators-map.canada.ca/App/Detail?id=0110316&GoCTemplateCulture=en-CA
"
10318,Dryden Mill,Dryden Fibre Canada ULC,Dryden,1 Duke Street,P8N 2Z7,Ontario,49.7831,-92.8472,106.8,kilotonnes of carbon dioxide equivalents (kt CO2 eq),2023,Chemical Pulp Mills,https://www23.statcan.gc.ca/imdb/p3VD.pl?Function=getVD&TVD=1369825&CVD=1370970&CPV=322112&CST=27012022&CLV=5&MLV=5,https://climate-change.canada.ca/facility-emissions/GHGRP-G10318-2023.html,"http://indicators-map.canada.ca/App/Detail?id=0110318&GoCTemplateCulture=en-CA
"
10320,Wildboy Sour Gas Plant D-075-A,Erikson National Energy Inc,Fort Nelson,,N/A,British Columbia,59.56458,-121.05312,36.39,kilotonnes of carbon dioxide equivalents (kt CO2 eq),2023,Oil and gas extraction (except oil sands),https://www23.statcan.gc.ca/imdb/p3VD.pl?Function=getVD&TVD=1369825&CVD=1370970&CPV=211110&CST=27012022&CLV=5&MLV=5,https://climate-change.canada.ca/facility-emissions/GHGRP-G10320-2023.html,"http://indicators-map.canada.ca/App/Detail?id=0110320&GoCTemplateCulture=en-CA
"
10321,Wildcat Hills Gas Plant,Canlin Energy Corporation,Cochrane,262130 Range Rd. 54,T4C 1A6,Alberta,51.2195,-114.6454,125.04,kilotonnes of carbon dioxide equivalents (kt CO2 eq),2023,Oil and gas extraction (except oil sands),https://www23.statcan.gc.ca/imdb/p3VD.pl?Function=getVD&TVD=1369825&CVD=1370970&CPV=211110&CST=27012022&CLV=5&MLV=5,https://climate-change.canada.ca/facility-emissions/GHGRP-G10321-2023.html,"http://indicators-map.canada.ca/App/Detail?id=0110321&GoCTemplateCulture=en-CA
"
10323,Windsor Essex Cogeneration Plant,TransAlta Cogeneration L.P.,Windsor,2600 Temple Drive,N8W 5J5,Ontario,42.2877,-82.9803,10.07,kilotonnes of carbon dioxide equivalents (kt CO2 eq),2023,Fossil-Fuel Electric Power Generation,https://www23.statcan.gc.ca/imdb/p3VD.pl?Function=getVD&TVD=1369825&CVD=1370970&CPV=221112&CST=27012022&CLV=5&MLV=5,https://climate-change.canada.ca/facility-emissions/GHGRP-G10323-2023.html,"http://indicators-map.canada.ca/App/Detail?id=0110323&GoCTemplateCulture=en-CA
"
10324,PAW In-Situ Oilsands Facilities,Canadian Natural Resources Limited,Bonnyville,,T9N 2J7,Alberta,54.69844,-110.7199,3563.66,kilotonnes of carbon dioxide equivalents (kt CO2 eq),2023,In-situ oil sands extraction,https://www23.statcan.gc.ca/imdb/p3VD.pl?Function=getVD&TVD=1369825&CVD=1370970&CPV=211141&CST=27012022&CLV=5&MLV=5,https://climate-change.canada.ca/facility-emissions/GHGRP-G10324-2023.html,"http://indicators-map.canada.ca/App/Detail?id=0110324&GoCTemplateCulture=en-CA
"
10327,Strathcona Works,Rio Tinto Alcan Inc,Sherwood Park,910 Petroleum Way,T8H 2T3,Alberta,53.5586,-113.368,98.93,kilotonnes of carbon dioxide equivalents (kt CO2 eq),2023,Other Petroleum and Coal Products Manufacturing,https://www23.statcan.gc.ca/imdb/p3VD.pl?Function=getVD&TVD=1369825&CVD=1370970&CPV=324190&CST=27012022&CLV=5&MLV=5,https://climate-change.canada.ca/facility-emissions/GHGRP-G10327-2023.html,"http://indicators-map.canada.ca/App/Detail?id=0110327&GoCTemplateCulture=en-CA
"
10328,BIENFAIT MINE - CHAR PLANT,Prairie Mines & Royalty ULC,Estevan,,S4A 2W2,Saskatchewan,49.1418,-103.0019,70.28,kilotonnes of carbon dioxide equivalents (kt CO2 eq),2023,Other Petroleum and Coal Products Manufacturing,https://www23.statcan.gc.ca/imdb/p3VD.pl?Function=getVD&TVD=1369825&CVD=1370970&CPV=324190&CST=27012022&CLV=5&MLV=5,https://climate-change.canada.ca/facility-emissions/GHGRP-G10328-2023.html,"http://indicators-map.canada.ca/App/Detail?id=0110328&GoCTemplateCulture=en-CA
"
10329,Bolney Thermal,Cenovus Energy Inc.,Lloydminster,2944  44 Avenue,S9V 0Z1,Saskatchewan,53.527,-109.3568,450.84,kilotonnes of carbon dioxide equivalents (kt CO2 eq),2023,Oil and gas extraction (except oil sands),https://www23.statcan.gc.ca/imdb/p3VD.pl?Function=getVD&TVD=1369825&CVD=1370970&CPV=211110&CST=27012022&CLV=5&MLV=5,https://climate-change.canada.ca/facility-emissions/GHGRP-G10329-2023.html,"http://indicators-map.canada.ca/App/Detail?id=0110329&GoCTemplateCulture=en-CA
"
10330,Usine de Joliette,Bridgestone  Canada inc.,Joliette,1200 Firestone Boulevard,J6E 2W5,Quebec,46.0374,-73.4208,21.81,kilotonnes of carbon dioxide equivalents (kt CO2 eq),2023,Tire Manufacturing,https://www23.statcan.gc.ca/imdb/p3VD.pl?Function=getVD&TVD=1369825&CVD=1370970&CPV=326210&CST=27012022&CLV=5&MLV=5,https://climate-change.canada.ca/facility-emissions/GHGRP-G10330-2023.html,"http://indicators-map.canada.ca/App/Detail?id=0110330&GoCTemplateCulture=en-CA
"
10332,Glanbrook Landfill Site,City of Hamilton,Hamilton,1500 Haldibrook Road,L0R 1C0,Ontario,43.0705,-79.7917,14.69,kilotonnes of carbon dioxide equivalents (kt CO2 eq),2023,Waste Treatment and Disposal,https://www23.statcan.gc.ca/imdb/p3VD.pl?Function=getVD&TVD=1369825&CVD=1370970&CPV=562210&CST=27012022&CLV=5&MLV=5,https://climate-change.canada.ca/facility-emissions/GHGRP-G10332-2023.html,"http://indicators-map.canada.ca/App/Detail?id=0110332&GoCTemplateCulture=en-CA
"
10334,Irving Paper,Irving Paper Limited,Saint John,435 Bayside Drive,E2L 4K9,New Brunswick,45.2788,-66.0249,98.58,kilotonnes of carbon dioxide equivalents (kt CO2 eq),2023,Paper (except Newsprint) Mills,https://www23.statcan.gc.ca/imdb/p3VD.pl?Function=getVD&TVD=1369825&CVD=1370970&CPV=322121&CST=27012022&CLV=5&MLV=5,https://climate-change.canada.ca/facility-emissions/GHGRP-G10334-2023.html,"http://indicators-map.canada.ca/App/Detail?id=0110334&GoCTemplateCulture=en-CA
"
10337,Walker Environmental Group Inc. Landfill Sites,Walker Environmental Group Inc. - Landfill Sites,Niagara Falls,2800 Thorold Townline Road,L2E 6S4,Ontario,43.1234,-79.1673,195.51,kilotonnes of carbon dioxide equivalents (kt CO2 eq),2023,Waste Treatment and Disposal,https://www23.statcan.gc.ca/imdb/p3VD.pl?Function=getVD&TVD=1369825&CVD=1370970&CPV=562210&CST=27012022&CLV=5&MLV=5,https://climate-change.canada.ca/facility-emissions/GHGRP-G10337-2023.html,"http://indicators-map.canada.ca/App/Detail?id=0110337&GoCTemplateCulture=en-CA
"
10338,North Tangleflags Facility,Canadian Natural Resources Limited,,,N/A,Saskatchewan,53.5051,-109.5716,48.2,kilotonnes of carbon dioxide equivalents (kt CO2 eq),2023,In-situ oil sands extraction,https://www23.statcan.gc.ca/imdb/p3VD.pl?Function=getVD&TVD=1369825&CVD=1370970&CPV=211141&CST=27012022&CLV=5&MLV=5,https://climate-change.canada.ca/facility-emissions/GHGRP-G10338-2023.html,"http://indicators-map.canada.ca/App/Detail?id=0110338&GoCTemplateCulture=en-CA
"
10341,Poplar Hill Generating Station,Heartland Generation Ltd.,Grande Prairie,,N/A,Alberta,55.3292,-119.233,40.38,kilotonnes of carbon dioxide equivalents (kt CO2 eq),2023,Fossil-Fuel Electric Power Generation,https://www23.statcan.gc.ca/imdb/p3VD.pl?Function=getVD&TVD=1369825&CVD=1370970&CPV=221112&CST=27012022&CLV=5&MLV=5,https://climate-change.canada.ca/facility-emissions/GHGRP-G10341-2023.html,"http://indicators-map.canada.ca/App/Detail?id=0110341&GoCTemplateCulture=en-CA
"
10342,Prince George Pulp and Paper and Intercontinental Pulp Mills,Canfor Pulp Ltd.,Prince George,2533 Prince George Pulpmill Road East,V2N 2K3,British Columbia,53.92282,-122.6906,161.5,kilotonnes of carbon dioxide equivalents (kt CO2 eq),2023,Chemical Pulp Mills,https://www23.statcan.gc.ca/imdb/p3VD.pl?Function=getVD&TVD=1369825&CVD=1370970&CPV=322112&CST=27012022&CLV=5&MLV=5,https://climate-change.canada.ca/facility-emissions/GHGRP-G10342-2023.html,"http://indicators-map.canada.ca/App/Detail?id=0110342&GoCTemplateCulture=en-CA
"
10343,Ridge Landfill,Waste Connections of Canada Inc.,Blenheim,20262 Erieau Road,N0P 1A0,Ontario,42.314,-82.0557,276.49,kilotonnes of carbon dioxide equivalents (kt CO2 eq),2023,Waste Treatment and Disposal,https://www23.statcan.gc.ca/imdb/p3VD.pl?Function=getVD&TVD=1369825&CVD=1370970&CPV=562210&CST=27012022&CLV=5&MLV=5,https://climate-change.canada.ca/facility-emissions/GHGRP-G10343-2023.html,"http://indicators-map.canada.ca/App/Detail?id=0110343&GoCTemplateCulture=en-CA
"
10344,Sainte Sophie Landfill,Waste Management of Canada Corporation,Sainte Sophie,2535 1ere Street,J5J 2R7,Quebec,45.7846,-73.906,195.83,kilotonnes of carbon dioxide equivalents (kt CO2 eq),2023,Waste Treatment and Disposal,https://www23.statcan.gc.ca/imdb/p3VD.pl?Function=getVD&TVD=1369825&CVD=1370970&CPV=562210&CST=27012022&CLV=5&MLV=5,https://climate-change.canada.ca/facility-emissions/GHGRP-G10344-2023.html,"http://indicators-map.canada.ca/App/Detail?id=0110344&GoCTemplateCulture=en-CA
"
10346,FortisBC Energy Inc.,FortisBC Energy Inc.,Surrey,16705 Fraser Highway,V4N 0E8,British Columbia,49.14944,-122.75806,144.21,kilotonnes of carbon dioxide equivalents (kt CO2 eq),2023,Natural Gas Distribution,https://www23.statcan.gc.ca/imdb/p3VD.pl?Function=getVD&TVD=1369825&CVD=1370970&CPV=221210&CST=27012022&CLV=5&MLV=5,https://climate-change.canada.ca/facility-emissions/GHGRP-G10346-2023.html,"http://indicators-map.canada.ca/App/Detail?id=0110346&GoCTemplateCulture=en-CA
"
10348,Trail Road Waste Facility,City of Ottawa,Ottawa,4475 Trail Road,K0A 2Z0,Ontario,45.2342,-75.7612,76.74,kilotonnes of carbon dioxide equivalents (kt CO2 eq),2023,Waste Treatment and Disposal,https://www23.statcan.gc.ca/imdb/p3VD.pl?Function=getVD&TVD=1369825&CVD=1370970&CPV=562210&CST=27012022&CLV=5&MLV=5,https://climate-change.canada.ca/facility-emissions/GHGRP-G10348-2023.html,"http://indicators-map.canada.ca/App/Detail?id=0110348&GoCTemplateCulture=en-CA
"
10349,Valleyview Generating Station,Heartland Generation Ltd.,Valleyview,Box 64,T0H 3N0,Alberta,54.9364,-117.229,17.48,kilotonnes of carbon dioxide equivalents (kt CO2 eq),2023,Fossil-Fuel Electric Power Generation,https://www23.statcan.gc.ca/imdb/p3VD.pl?Function=getVD&TVD=1369825&CVD=1370970&CPV=221112&CST=27012022&CLV=5&MLV=5,https://climate-change.canada.ca/facility-emissions/GHGRP-G10349-2023.html,"http://indicators-map.canada.ca/App/Detail?id=0110349&GoCTemplateCulture=en-CA
"
10350,Wabush Mines - Scully,Tacora Resources Inc.,Wabush,1 Wabush Mines Road Street,A0R 1B0,Newfoundland and Labrador,52.907,-66.9105,110.5,kilotonnes of carbon dioxide equivalents (kt CO2 eq),2023,Iron Ore Mining,https://www23.statcan.gc.ca/imdb/p3VD.pl?Function=getVD&TVD=1369825&CVD=1370970&CPV=212210&CST=27012022&CLV=5&MLV=5,https://climate-change.canada.ca/facility-emissions/GHGRP-G10350-2023.html,"http://indicators-map.canada.ca/App/Detail?id=0110350&GoCTemplateCulture=en-CA
"
10351,Walkerville,Hiram Walker & Sons Ltd.,Windsor,2072 Riverside Drive East,N8Y 4S5,Ontario,42.3258,-83.0085,56.76,kilotonnes of carbon dioxide equivalents (kt CO2 eq),2023,Distilleries,https://www23.statcan.gc.ca/imdb/p3VD.pl?Function=getVD&TVD=1369825&CVD=1370970&CPV=312140&CST=27012022&CLV=5&MLV=5,https://climate-change.canada.ca/facility-emissions/GHGRP-G10351-2023.html,"http://indicators-map.canada.ca/App/Detail?id=0110351&GoCTemplateCulture=en-CA
"
10352,West Edmonton Landfill,Waste Management of Canada Corporation,Edmonton,12707 170th Street,T5V 1L9,Alberta,53.5841,-113.6144,13.06,kilotonnes of carbon dioxide equivalents (kt CO2 eq),2023,Waste Treatment and Disposal,https://www23.statcan.gc.ca/imdb/p3VD.pl?Function=getVD&TVD=1369825&CVD=1370970&CPV=562210&CST=27012022&CLV=5&MLV=5,https://climate-change.canada.ca/facility-emissions/GHGRP-G10352-2023.html,"http://indicators-map.canada.ca/App/Detail?id=0110352&GoCTemplateCulture=en-CA
"
10353,Weyburn 05-16-006-13W2 BTY,Whitecap Resources Inc.,Weyburn,,N/A,Saskatchewan,49.4711,-103.7061,30.68,kilotonnes of carbon dioxide equivalents (kt CO2 eq),2023,Oil and gas extraction (except oil sands),https://www23.statcan.gc.ca/imdb/p3VD.pl?Function=getVD&TVD=1369825&CVD=1370970&CPV=211110&CST=27012022&CLV=5&MLV=5,https://climate-change.canada.ca/facility-emissions/GHGRP-G10353-2023.html,"http://indicators-map.canada.ca/App/Detail?id=0110353&GoCTemplateCulture=en-CA
"
10354,Sea Rose FPSO,Cenovus Energy Inc.,St John's,Suite 107 351 Water Street,A1C 1C2,Newfoundland and Labrador,46.7215,-48.1341,272.77,kilotonnes of carbon dioxide equivalents (kt CO2 eq),2023,Oil and gas extraction (except oil sands),https://www23.statcan.gc.ca/imdb/p3VD.pl?Function=getVD&TVD=1369825&CVD=1370970&CPV=211110&CST=27012022&CLV=5&MLV=5,https://climate-change.canada.ca/facility-emissions/GHGRP-G10354-2023.html,"http://indicators-map.canada.ca/App/Detail?id=0110354&GoCTemplateCulture=en-CA
"
10355,Nackawic Mill,AV Group NB Inc. - Nackawic Mill,Nackawic,103 Pinder Road,E6G 1W4,New Brunswick,46.0111,-67.2265,112.22,kilotonnes of carbon dioxide equivalents (kt CO2 eq),2023,Chemical Pulp Mills,https://www23.statcan.gc.ca/imdb/p3VD.pl?Function=getVD&TVD=1369825&CVD=1370970&CPV=322112&CST=27012022&CLV=5&MLV=5,https://climate-change.canada.ca/facility-emissions/GHGRP-G10355-2023.html,"http://indicators-map.canada.ca/App/Detail?id=0110355&GoCTemplateCulture=en-CA
"
10356,Balzac Power Station,CNOOC Marketing Canada,Rocky View County,260219 Rge Rd 291,T4A 3L4,Alberta,51.1894,-113.9378,270.69,kilotonnes of carbon dioxide equivalents (kt CO2 eq),2023,Fossil-Fuel Electric Power Generation,https://www23.statcan.gc.ca/imdb/p3VD.pl?Function=getVD&TVD=1369825&CVD=1370970&CPV=221112&CST=27012022&CLV=5&MLV=5,https://climate-change.canada.ca/facility-emissions/GHGRP-G10356-2023.html,"http://indicators-map.canada.ca/App/Detail?id=0110356&GoCTemplateCulture=en-CA
"
10357,Bécancour Power Plant,TransCanada Energy Ltd.,Bécancour,7005 Raoul-Duchesne Boulevard,G9H 4X6,Quebec,46.36803,-72.40502,61.05,kilotonnes of carbon dioxide equivalents (kt CO2 eq),2023,Fossil-Fuel Electric Power Generation,https://www23.statcan.gc.ca/imdb/p3VD.pl?Function=getVD&TVD=1369825&CVD=1370970&CPV=221112&CST=27012022&CLV=5&MLV=5,https://climate-change.canada.ca/facility-emissions/GHGRP-G10357-2023.html,"http://indicators-map.canada.ca/App/Detail?id=0110357&GoCTemplateCulture=en-CA
"
10358,Eastview Landfill,Corporation of the City of Guelph,Guelph,186 Eastview Road,N1E 1Z6,Ontario,43.5742,-80.2323,75.81,kilotonnes of carbon dioxide equivalents (kt CO2 eq),2023,Waste Treatment and Disposal,https://www23.statcan.gc.ca/imdb/p3VD.pl?Function=getVD&TVD=1369825&CVD=1370970&CPV=562210&CST=27012022&CLV=5&MLV=5,https://climate-change.canada.ca/facility-emissions/GHGRP-G10358-2023.html,"http://indicators-map.canada.ca/App/Detail?id=0110358&GoCTemplateCulture=en-CA
"
10359,Coal Valley Mine,Prairie Mines & Royalty ULC,Edson,40 South Highway,T7E 1W1,Alberta,53.0892,-116.8059,118.2,kilotonnes of carbon dioxide equivalents (kt CO2 eq),2023,Bituminous Coal Mining,https://www23.statcan.gc.ca/imdb/p3VD.pl?Function=getVD&TVD=1369825&CVD=1370970&CPV=212114&CST=27012022&CLV=5&MLV=5,https://climate-change.canada.ca/facility-emissions/GHGRP-G10359-2023.html,"http://indicators-map.canada.ca/App/Detail?id=0110359&GoCTemplateCulture=en-CA
"
10360,Corunna Hydrogen Facility,Air Products Canada Ltd.,Corunna,150 St. Clair Parkway Parkway,N0N 1G0,Ontario,42.9011,-82.4461,559.34,kilotonnes of carbon dioxide equivalents (kt CO2 eq),2023,Industrial Gas Manufacturing,https://www23.statcan.gc.ca/imdb/p3VD.pl?Function=getVD&TVD=1369825&CVD=1370970&CPV=325120&CST=27012022&CLV=5&MLV=5,https://climate-change.canada.ca/facility-emissions/GHGRP-G10360-2023.html,"http://indicators-map.canada.ca/App/Detail?id=0110360&GoCTemplateCulture=en-CA
"
10361,Edmonton Hydrogen Facility,Air Products Canada Ltd.,Edmonton,0 720 Petroleum Way Way,T6S 1H5,Alberta,53.5594,-113.3472,1246.21,kilotonnes of carbon dioxide equivalents (kt CO2 eq),2023,Industrial Gas Manufacturing,https://www23.statcan.gc.ca/imdb/p3VD.pl?Function=getVD&TVD=1369825&CVD=1370970&CPV=325120&CST=27012022&CLV=5&MLV=5,https://climate-change.canada.ca/facility-emissions/GHGRP-G10361-2023.html,"http://indicators-map.canada.ca/App/Detail?id=0110361&GoCTemplateCulture=en-CA
"
10364,Essex County Landfill No. 3,Essex-Windsor Solid Waste Authority,Lakeshore,914 County 25 (East Puce Road) Road,N8M 2X7,Ontario,42.2556,-82.7795,105.12,kilotonnes of carbon dioxide equivalents (kt CO2 eq),2023,Waste Treatment and Disposal,https://www23.statcan.gc.ca/imdb/p3VD.pl?Function=getVD&TVD=1369825&CVD=1370970&CPV=562210&CST=27012022&CLV=5&MLV=5,https://climate-change.canada.ca/facility-emissions/GHGRP-G10364-2023.html,"http://indicators-map.canada.ca/App/Detail?id=0110364&GoCTemplateCulture=en-CA
"
10365,Essex-Windsor Regional Landfill,Essex-Windsor Solid Waste Authority,Essex,7700 County 18 Road,N0R 1B0,Ontario,42.0879,-82.8725,336.82,kilotonnes of carbon dioxide equivalents (kt CO2 eq),2023,Waste Treatment and Disposal,https://www23.statcan.gc.ca/imdb/p3VD.pl?Function=getVD&TVD=1369825&CVD=1370970&CPV=562210&CST=27012022&CLV=5&MLV=5,https://climate-change.canada.ca/facility-emissions/GHGRP-G10365-2023.html,"http://indicators-map.canada.ca/App/Detail?id=0110365&GoCTemplateCulture=en-CA
"
10366,Toronto Pearson International Airport,Greater Toronto Airports Authority,Mississauga,3111 Convair Drive,L5P 1B2,Ontario,43.6682,-79.5984,53.52,kilotonnes of carbon dioxide equivalents (kt CO2 eq),2023,Other Support Activities for Air Transportation,https://www23.statcan.gc.ca/imdb/p3VD.pl?Function=getVD&TVD=1369825&CVD=1370970&CPV=488190&CST=27012022&CLV=5&MLV=5,https://climate-change.canada.ca/facility-emissions/GHGRP-G10366-2023.html,"http://indicators-map.canada.ca/App/Detail?id=0110366&GoCTemplateCulture=en-CA
"
10368,Marten Hills Gas Plant,Canadian Natural Resources Limited,,,N/A,Alberta,55.5863,-113.8842,24.27,kilotonnes of carbon dioxide equivalents (kt CO2 eq),2023,Oil and gas extraction (except oil sands),https://www23.statcan.gc.ca/imdb/p3VD.pl?Function=getVD&TVD=1369825&CVD=1370970&CPV=211110&CST=27012022&CLV=5&MLV=5,https://climate-change.canada.ca/facility-emissions/GHGRP-G10368-2023.html,"http://indicators-map.canada.ca/App/Detail?id=0110368&GoCTemplateCulture=en-CA
"
10369,ArcelorMittal Contrecoeur Ouest,ArcelorMittal Produits Longs Canada s.e.n.c,Contrecoeur,2050 Route des Aciéries,J0L 1C0,Quebec,45.8206,-73.2661,94.55,kilotonnes of carbon dioxide equivalents (kt CO2 eq),2023,Iron and Steel Mills and Ferro-Alloy Manufacturing,https://www23.statcan.gc.ca/imdb/p3VD.pl?Function=getVD&TVD=1369825&CVD=1370970&CPV=331110&CST=27012022&CLV=5&MLV=5,https://climate-change.canada.ca/facility-emissions/GHGRP-G10369-2023.html,"http://indicators-map.canada.ca/App/Detail?id=0110369&GoCTemplateCulture=en-CA
"
10370,OC Celfortec LPValleyfield,Owens Corning Composite Materials Canada LP,Valleyfield,542 Gaétan Street,J6S 0A7,Quebec,45.2639,-74.1546,37.83,kilotonnes of carbon dioxide equivalents (kt CO2 eq),2023,Polystyrene Foam Product Manufacturing,https://www23.statcan.gc.ca/imdb/p3VD.pl?Function=getVD&TVD=1369825&CVD=1370970&CPV=326140&CST=27012022&CLV=5&MLV=5,https://climate-change.canada.ca/facility-emissions/GHGRP-G10370-2023.html,"http://indicators-map.canada.ca/App/Detail?id=0110370&GoCTemplateCulture=en-CA
"
10371,Olds Gas Plant,Whitecap Resources Inc.,Olds,,N/A,Alberta,51.74218,-114.1347,93.41,kilotonnes of carbon dioxide equivalents (kt CO2 eq),2023,Oil and gas extraction (except oil sands),https://www23.statcan.gc.ca/imdb/p3VD.pl?Function=getVD&TVD=1369825&CVD=1370970&CPV=211110&CST=27012022&CLV=5&MLV=5,https://climate-change.canada.ca/facility-emissions/GHGRP-G10371-2023.html,"http://indicators-map.canada.ca/App/Detail?id=0110371&GoCTemplateCulture=en-CA
"
10373,Plant #31 Brampton,O-I Canada Corp.,Brampton,100 West Drive,L6T 2J5,Ontario,43.7043,-79.7275,78.16,kilotonnes of carbon dioxide equivalents (kt CO2 eq),2023,Glass Manufacturing,https://www23.statcan.gc.ca/imdb/p3VD.pl?Function=getVD&TVD=1369825&CVD=1370970&CPV=327214&CST=27012022&CLV=5&MLV=5,https://climate-change.canada.ca/facility-emissions/GHGRP-G10373-2023.html,"http://indicators-map.canada.ca/App/Detail?id=0110373&GoCTemplateCulture=en-CA
"
10375,Prentiss Manufacturing Facility,Dow Chemical Canada ULC,Lacombe County,Hwy 597 and Prentiss Road,T4L 2N4,Alberta,52.3874,-113.6005,33.95,kilotonnes of carbon dioxide equivalents (kt CO2 eq),2023,Resin and Synthetic Rubber Manufacturing,https://www23.statcan.gc.ca/imdb/p3VD.pl?Function=getVD&TVD=1369825&CVD=1370970&CPV=325210&CST=27012022&CLV=5&MLV=5,https://climate-change.canada.ca/facility-emissions/GHGRP-G10375-2023.html,"http://indicators-map.canada.ca/App/Detail?id=0110375&GoCTemplateCulture=en-CA
"
10376,Britannia Sanitary Landfill Site,Region of Peel,Mississauga,5700 Terry Fox Way,L5M 2G6,Ontario,43.6034,-79.6967,172.57,kilotonnes of carbon dioxide equivalents (kt CO2 eq),2023,Waste Treatment and Disposal,https://www23.statcan.gc.ca/imdb/p3VD.pl?Function=getVD&TVD=1369825&CVD=1370970&CPV=562210&CST=27012022&CLV=5&MLV=5,https://climate-change.canada.ca/facility-emissions/GHGRP-G10376-2023.html,"http://indicators-map.canada.ca/App/Detail?id=0110376&GoCTemplateCulture=en-CA
"
10379,Transfer Station No. 2,Essex-Windsor Solid Waste Authority,Kingsville,2021 County 31 Road,N8H 3V5,Ontario,42.22724,-82.63769,12.9,kilotonnes of carbon dioxide equivalents (kt CO2 eq),2023,Waste Collection,https://www23.statcan.gc.ca/imdb/p3VD.pl?Function=getVD&TVD=1369825&CVD=1370970&CPV=562110&CST=27012022&CLV=5&MLV=5,https://climate-change.canada.ca/facility-emissions/GHGRP-G10379-2023.html,"http://indicators-map.canada.ca/App/Detail?id=0110379&GoCTemplateCulture=en-CA
"
10380,Bear Creek Power Plant,TransCanada Energy Ltd.,Grande Prairie,,T8V 3A9,Alberta,55.17221,-118.83111,246.51,kilotonnes of carbon dioxide equivalents (kt CO2 eq),2023,Fossil-Fuel Electric Power Generation,https://www23.statcan.gc.ca/imdb/p3VD.pl?Function=getVD&TVD=1369825&CVD=1370970&CPV=221112&CST=27012022&CLV=5&MLV=5,https://climate-change.canada.ca/facility-emissions/GHGRP-G10380-2023.html,"http://indicators-map.canada.ca/App/Detail?id=0110380&GoCTemplateCulture=en-CA
"
10381,Diavik Diamond Mines (2012) Inc.,Rio Tinto plc,Yellowknife,Suite 300 5201 50 Avenue,X1A 2P8,Northwest Territories,64.4951,-110.2832,172.62,kilotonnes of carbon dioxide equivalents (kt CO2 eq),2023,Diamond Mining,https://www23.statcan.gc.ca/imdb/p3VD.pl?Function=getVD&TVD=1369825&CVD=1370970&CPV=212392&CST=27012022&CLV=5&MLV=5,https://climate-change.canada.ca/facility-emissions/GHGRP-G10381-2023.html,"http://indicators-map.canada.ca/App/Detail?id=0110381&GoCTemplateCulture=en-CA
"
10385,Teck Highland Valley Copper Partnership,Teck Highland Valley Copper Partnership,Logan Lake,97C Highway,V0K 1W0,British Columbia,50.47235,-121.02132,184.18,kilotonnes of carbon dioxide equivalents (kt CO2 eq),2023,Copper-Zinc Ore Mining,https://www23.statcan.gc.ca/imdb/p3VD.pl?Function=getVD&TVD=1369825&CVD=1370970&CPV=212233&CST=27012022&CLV=5&MLV=5,https://climate-change.canada.ca/facility-emissions/GHGRP-G10385-2023.html,"http://indicators-map.canada.ca/App/Detail?id=0110385&GoCTemplateCulture=en-CA
"
10386,"Irving Pulp & Paper, Limited","Irving Pulp & Paper, Limited",Saint John,408 Mill Street,E2M 3H1,New Brunswick,45.262,-66.0924,95.08,kilotonnes of carbon dioxide equivalents (kt CO2 eq),2023,Chemical Pulp Mills,https://www23.statcan.gc.ca/imdb/p3VD.pl?Function=getVD&TVD=1369825&CVD=1370970&CPV=322112&CST=27012022&CLV=5&MLV=5,https://climate-change.canada.ca/facility-emissions/GHGRP-G10386-2023.html,"http://indicators-map.canada.ca/App/Detail?id=0110386&GoCTemplateCulture=en-CA
"
10388,Line Creek Operations,Teck Coal Limited,Sparwood,15km North Highway 43 Highway,V0B 2G0,British Columbia,49.952,-114.756,270.11,kilotonnes of carbon dioxide equivalents (kt CO2 eq),2023,Bituminous Coal Mining,https://www23.statcan.gc.ca/imdb/p3VD.pl?Function=getVD&TVD=1369825&CVD=1370970&CPV=212114&CST=27012022&CLV=5&MLV=5,https://climate-change.canada.ca/facility-emissions/GHGRP-G10388-2023.html,"http://indicators-map.canada.ca/App/Detail?id=0110388&GoCTemplateCulture=en-CA
"
10389,Lloydminster Ethanol Plant,Cenovus Energy Inc.,Lloydminster,"Highway 16 East, Upgrader Road",S9V 1M6,Saskatchewan,53.25905,-109.95288,35.22,kilotonnes of carbon dioxide equivalents (kt CO2 eq),2023,Other Basic Organic Chemical Manufacturing,https://www23.statcan.gc.ca/imdb/p3VD.pl?Function=getVD&TVD=1369825&CVD=1370970&CPV=325190&CST=27012022&CLV=5&MLV=5,https://climate-change.canada.ca/facility-emissions/GHGRP-G10389-2023.html,"http://indicators-map.canada.ca/App/Detail?id=0110389&GoCTemplateCulture=en-CA
"
10390,Long Lake,CNOOC Petroleum North America ULC,Anzac,881  Highway,T0P 1J0,Alberta,56.4117,-110.9376,2333.82,kilotonnes of carbon dioxide equivalents (kt CO2 eq),2023,In-situ oil sands extraction,https://www23.statcan.gc.ca/imdb/p3VD.pl?Function=getVD&TVD=1369825&CVD=1370970&CPV=211141&CST=27012022&CLV=5&MLV=5,https://climate-change.canada.ca/facility-emissions/GHGRP-G10390-2023.html,"http://indicators-map.canada.ca/App/Detail?id=0110390&GoCTemplateCulture=en-CA
"
10394,Tucker Thermal,Strathcona Resources Ltd.,Bonneville,0,T9N 2G7,Alberta,54.345,-110.3323,919.66,kilotonnes of carbon dioxide equivalents (kt CO2 eq),2023,In-situ oil sands extraction,https://www23.statcan.gc.ca/imdb/p3VD.pl?Function=getVD&TVD=1369825&CVD=1370970&CPV=211141&CST=27012022&CLV=5&MLV=5,https://climate-change.canada.ca/facility-emissions/GHGRP-G10394-2023.html,"http://indicators-map.canada.ca/App/Detail?id=0110394&GoCTemplateCulture=en-CA
"
10398,Sudbury Integrated Nickel Operations Smelter,Glencore Canada Corporation,Falconbridge,2 Longyear Drive,P0M 1S0,Ontario,46.5775,-80.8042,110.33,kilotonnes of carbon dioxide equivalents (kt CO2 eq),2023,Non-Ferrous Metal (except Aluminum) Smelting and Refining,https://www23.statcan.gc.ca/imdb/p3VD.pl?Function=getVD&TVD=1369825&CVD=1370970&CPV=331410&CST=27012022&CLV=5&MLV=5,https://climate-change.canada.ca/facility-emissions/GHGRP-G10398-2023.html,"http://indicators-map.canada.ca/App/Detail?id=0110398&GoCTemplateCulture=en-CA
"
10399,Dillon / Brule Mine,Conuma Coal Resources Limited,Chetwynd,7 Blind Creek Forest Service Road,V0C 1J0,British Columbia,55.3658,-121.7628,151.36,kilotonnes of carbon dioxide equivalents (kt CO2 eq),2023,Bituminous Coal Mining,https://www23.statcan.gc.ca/imdb/p3VD.pl?Function=getVD&TVD=1369825&CVD=1370970&CPV=212114&CST=27012022&CLV=5&MLV=5,https://climate-change.canada.ca/facility-emissions/GHGRP-G10399-2023.html,"http://indicators-map.canada.ca/App/Detail?id=0110399&GoCTemplateCulture=en-CA
"
10400,Wolverine Mine,Conuma Coal Resources Limited,Tumbler Ridge,17 Wolverine Forestry Services Road,V0C 2W0,British Columbia,55.06111,-121.25333,165.44,kilotonnes of carbon dioxide equivalents (kt CO2 eq),2023,Bituminous Coal Mining,https://www23.statcan.gc.ca/imdb/p3VD.pl?Function=getVD&TVD=1369825&CVD=1370970&CPV=212114&CST=27012022&CLV=5&MLV=5,https://climate-change.canada.ca/facility-emissions/GHGRP-G10400-2023.html,"http://indicators-map.canada.ca/App/Detail?id=0110400&GoCTemplateCulture=en-CA
"
10401,Usine de triage Lachenaie,Complexe Enviro Connexions,Terrebonne,3779 des 40-Arpents Road,J6V 9T6,Quebec,45.7326,-73.5346,54.67,kilotonnes of carbon dioxide equivalents (kt CO2 eq),2023,All Other Waste Management Services,https://www23.statcan.gc.ca/imdb/p3VD.pl?Function=getVD&TVD=1369825&CVD=1370970&CPV=562990&CST=27012022&CLV=5&MLV=5,https://climate-change.canada.ca/facility-emissions/GHGRP-G10401-2023.html,"http://indicators-map.canada.ca/App/Detail?id=0110401&GoCTemplateCulture=en-CA
"
10404,Duffin Creek WPCP,Regional Municipality of Durham,Pickering,901 McKay Road,L1W 3A3,Ontario,43.8182,-79.0513,22.31,kilotonnes of carbon dioxide equivalents (kt CO2 eq),2023,Sewage Treatment Facilities,https://www23.statcan.gc.ca/imdb/p3VD.pl?Function=getVD&TVD=1369825&CVD=1370970&CPV=221320&CST=27012022&CLV=5&MLV=5,https://climate-change.canada.ca/facility-emissions/GHGRP-G10404-2023.html,"http://indicators-map.canada.ca/App/Detail?id=0110404&GoCTemplateCulture=en-CA
"
10406,Pod One,Connacher Oil and Gas Limited,Fort McMurray,0,N/A,Alberta,56.11279,-111.82786,234.74,kilotonnes of carbon dioxide equivalents (kt CO2 eq),2023,In-situ oil sands extraction,https://www23.statcan.gc.ca/imdb/p3VD.pl?Function=getVD&TVD=1369825&CVD=1370970&CPV=211141&CST=27012022&CLV=5&MLV=5,https://climate-change.canada.ca/facility-emissions/GHGRP-G10406-2023.html,"http://indicators-map.canada.ca/App/Detail?id=0110406&GoCTemplateCulture=en-CA
"
10407,Greenfield Energy Centre LP,"Greenfield Energy Centre, LP",Courtright,140 Bickford Line,N0N 1H0,Ontario,42.7683,-82.4542,1367.62,kilotonnes of carbon dioxide equivalents (kt CO2 eq),2023,Fossil-Fuel Electric Power Generation,https://www23.statcan.gc.ca/imdb/p3VD.pl?Function=getVD&TVD=1369825&CVD=1370970&CPV=221112&CST=27012022&CLV=5&MLV=5,https://climate-change.canada.ca/facility-emissions/GHGRP-G10407-2023.html,"http://indicators-map.canada.ca/App/Detail?id=0110407&GoCTemplateCulture=en-CA
"
10408,Horizon Oil Sands Processing Plant and Mine,Canadian Natural Resources Limited,Fort McMurray,,T9H 3H5,Alberta,57.3354,-111.7556,5263.2,kilotonnes of carbon dioxide equivalents (kt CO2 eq),2023,Mined oil sands extraction,https://www23.statcan.gc.ca/imdb/p3VD.pl?Function=getVD&TVD=1369825&CVD=1370970&CPV=211142&CST=27012022&CLV=5&MLV=5,https://climate-change.canada.ca/facility-emissions/GHGRP-G10408-2023.html,"http://indicators-map.canada.ca/App/Detail?id=0110408&GoCTemplateCulture=en-CA
"
10410,Kapuskasing Power Plant,Kap Power Corp,Kapuskasing,51 Gough Road,P5N 2X7,Ontario,49.3909,-82.4373,0.1,kilotonnes of carbon dioxide equivalents (kt CO2 eq),2023,Fossil-Fuel Electric Power Generation,https://www23.statcan.gc.ca/imdb/p3VD.pl?Function=getVD&TVD=1369825&CVD=1370970&CPV=221112&CST=27012022&CLV=5&MLV=5,https://climate-change.canada.ca/facility-emissions/GHGRP-G10410-2023.html,"http://indicators-map.canada.ca/App/Detail?id=0110410&GoCTemplateCulture=en-CA
"
10411,Minnedosa Ethanol Plant,Cenovus Energy Inc.,Minnedosa,359 5th Avenue Northwest,R0J 1E0,Manitoba,50.25572,-99.86322,78.98,kilotonnes of carbon dioxide equivalents (kt CO2 eq),2023,Other Basic Organic Chemical Manufacturing,https://www23.statcan.gc.ca/imdb/p3VD.pl?Function=getVD&TVD=1369825&CVD=1370970&CPV=325190&CST=27012022&CLV=5&MLV=5,https://climate-change.canada.ca/facility-emissions/GHGRP-G10411-2023.html,"http://indicators-map.canada.ca/App/Detail?id=0110411&GoCTemplateCulture=en-CA
"
10412,Orion Facilities,Strathcona Resources Ltd.,No Physical Address,1 no physical address Lane,A1A 1A1,Alberta,54.323,-110.25,601.73,kilotonnes of carbon dioxide equivalents (kt CO2 eq),2023,In-situ oil sands extraction,https://www23.statcan.gc.ca/imdb/p3VD.pl?Function=getVD&TVD=1369825&CVD=1370970&CPV=211141&CST=27012022&CLV=5&MLV=5,https://climate-change.canada.ca/facility-emissions/GHGRP-G10412-2023.html,"http://indicators-map.canada.ca/App/Detail?id=0110412&GoCTemplateCulture=en-CA
"
10413,Portlands Energy Centre,Portlands Energy Centre LP,Toronto,470 Unwin Avenue,M4M 3B9,Ontario,43.6495,-79.3311,807.5,kilotonnes of carbon dioxide equivalents (kt CO2 eq),2023,Fossil-Fuel Electric Power Generation,https://www23.statcan.gc.ca/imdb/p3VD.pl?Function=getVD&TVD=1369825&CVD=1370970&CPV=221112&CST=27012022&CLV=5&MLV=5,https://climate-change.canada.ca/facility-emissions/GHGRP-G10413-2023.html,"http://indicators-map.canada.ca/App/Detail?id=0110413&GoCTemplateCulture=en-CA
"
10414,Surmont SAGD Commercial Battery,ConocoPhillips Surmont Partnership,Anzac,,T0P 1J0,Alberta,56.1936,-110.9506,3075.08,kilotonnes of carbon dioxide equivalents (kt CO2 eq),2023,In-situ oil sands extraction,https://www23.statcan.gc.ca/imdb/p3VD.pl?Function=getVD&TVD=1369825&CVD=1370970&CPV=211141&CST=27012022&CLV=5&MLV=5,https://climate-change.canada.ca/facility-emissions/GHGRP-G10414-2023.html,"http://indicators-map.canada.ca/App/Detail?id=0110414&GoCTemplateCulture=en-CA
"
10415,Tiverton,Greenfield Global Inc.,Tiverton,99 Farrell Drive,N0G 2T0,Ontario,44.3193,-81.5657,28.68,kilotonnes of carbon dioxide equivalents (kt CO2 eq),2023,Other Basic Organic Chemical Manufacturing,https://www23.statcan.gc.ca/imdb/p3VD.pl?Function=getVD&TVD=1369825&CVD=1370970&CPV=325190&CST=27012022&CLV=5&MLV=5,https://climate-change.canada.ca/facility-emissions/GHGRP-G10415-2023.html,"http://indicators-map.canada.ca/App/Detail?id=0110415&GoCTemplateCulture=en-CA
"
10416,ADM AGRI-INDUSTRIES - ADM Windsor,ADM Agri-Industries Company,Windsor,5550 Maplewood Drive,N9C 0B9,Ontario,42.2655,-83.1001,84.4,kilotonnes of carbon dioxide equivalents (kt CO2 eq),2023,Oilseed Processing,https://www23.statcan.gc.ca/imdb/p3VD.pl?Function=getVD&TVD=1369825&CVD=1370970&CPV=311224&CST=27012022&CLV=5&MLV=5,https://climate-change.canada.ca/facility-emissions/GHGRP-G10416-2023.html,"http://indicators-map.canada.ca/App/Detail?id=0110416&GoCTemplateCulture=en-CA
"
10417,Suffield Gas Storage Facility,AECO Gas Storage Partnership,Medicine Hat,,T1A 0B3,Alberta,50.5772,-111.1781,64.47,kilotonnes of carbon dioxide equivalents (kt CO2 eq),2023,Oil and gas extraction (except oil sands),https://www23.statcan.gc.ca/imdb/p3VD.pl?Function=getVD&TVD=1369825&CVD=1370970&CPV=211110&CST=27012022&CLV=5&MLV=5,https://climate-change.canada.ca/facility-emissions/GHGRP-G10417-2023.html,"http://indicators-map.canada.ca/App/Detail?id=0110417&GoCTemplateCulture=en-CA
"
10419,Vanscoy Potash Operations,Agrium Potash Ltd.,Vanscoy,16 Agrium Road,S0L 3J0,Saskatchewan,52.0057,-107.0936,56.15,kilotonnes of carbon dioxide equivalents (kt CO2 eq),2023,Potash Mining,https://www23.statcan.gc.ca/imdb/p3VD.pl?Function=getVD&TVD=1369825&CVD=1370970&CPV=212396&CST=27012022&CLV=5&MLV=5,https://climate-change.canada.ca/facility-emissions/GHGRP-G10419-2023.html,"http://indicators-map.canada.ca/App/Detail?id=0110419&GoCTemplateCulture=en-CA
"
10420,AltaSteel Inc.,AltaSteel Inc.,Edmonton,9401 34th Street,T6B 2X6,Alberta,53.5291,-113.3875,80.75,kilotonnes of carbon dioxide equivalents (kt CO2 eq),2023,Iron and Steel Mills and Ferro-Alloy Manufacturing,https://www23.statcan.gc.ca/imdb/p3VD.pl?Function=getVD&TVD=1369825&CVD=1370970&CPV=331110&CST=27012022&CLV=5&MLV=5,https://climate-change.canada.ca/facility-emissions/GHGRP-G10420-2023.html,"http://indicators-map.canada.ca/App/Detail?id=0110420&GoCTemplateCulture=en-CA
"
10421,Baymag Exshaw Operations,Baymag Inc.,Exshaw,,T0L 2C0,Alberta,51.0653,-115.2211,190.21,kilotonnes of carbon dioxide equivalents (kt CO2 eq),2023,All Other Non-Metallic Mineral Product Manufacturing,https://www23.statcan.gc.ca/imdb/p3VD.pl?Function=getVD&TVD=1369825&CVD=1370970&CPV=327990&CST=27012022&CLV=5&MLV=5,https://climate-change.canada.ca/facility-emissions/GHGRP-G10421-2023.html,"http://indicators-map.canada.ca/App/Detail?id=0110421&GoCTemplateCulture=en-CA
"
10423,BUNGE CANADA - HAMILTON,Bunge Canada,Hamilton,0 515 Victoria Avenue North,L8N 3K7,Ontario,43.1612,-79.5058,48.78,kilotonnes of carbon dioxide equivalents (kt CO2 eq),2023,Oilseed Processing,https://www23.statcan.gc.ca/imdb/p3VD.pl?Function=getVD&TVD=1369825&CVD=1370970&CPV=311224&CST=27012022&CLV=5&MLV=5,https://climate-change.canada.ca/facility-emissions/GHGRP-G10423-2023.html,"http://indicators-map.canada.ca/App/Detail?id=0110423&GoCTemplateCulture=en-CA
"
10426,Canfor Taylor Pulp,Canfor Pulp Ltd.,Taylor,0 8300 Cherry Avenue East,V0C 2K0,British Columbia,56.145,-120.651,1.2,kilotonnes of carbon dioxide equivalents (kt CO2 eq),2023,Mechanical Pulp Mills,https://www23.statcan.gc.ca/imdb/p3VD.pl?Function=getVD&TVD=1369825&CVD=1370970&CPV=322111&CST=27012022&CLV=5&MLV=5,https://climate-change.canada.ca/facility-emissions/GHGRP-G10426-2023.html,"http://indicators-map.canada.ca/App/Detail?id=0110426&GoCTemplateCulture=en-CA
"
10427,CGC Hagersville Plant,CGC Inc.,Hagersville,0 55 Third Line,N0A 1H0,Ontario,43.0126,-80.0156,80.12,kilotonnes of carbon dioxide equivalents (kt CO2 eq),2023,Gypsum Product Manufacturing,https://www23.statcan.gc.ca/imdb/p3VD.pl?Function=getVD&TVD=1369825&CVD=1370970&CPV=327420&CST=27012022&CLV=5&MLV=5,https://climate-change.canada.ca/facility-emissions/GHGRP-G10427-2023.html,"http://indicators-map.canada.ca/App/Detail?id=0110427&GoCTemplateCulture=en-CA
"
10428,Galloway Plant 14-14-053-20 W5M,Canadian Natural Resources Limited,,,N/A,Alberta,53.583,-116.842,50.83,kilotonnes of carbon dioxide equivalents (kt CO2 eq),2023,Oil and gas extraction (except oil sands),https://www23.statcan.gc.ca/imdb/p3VD.pl?Function=getVD&TVD=1369825&CVD=1370970&CPV=211110&CST=27012022&CLV=5&MLV=5,https://climate-change.canada.ca/facility-emissions/GHGRP-G10428-2023.html,"http://indicators-map.canada.ca/App/Detail?id=0110428&GoCTemplateCulture=en-CA
"
10429,Gold Creek 13-26-067-05 W6M,Canadian Natural Resources Limited,Grande Prairie,9705 97 Street,T8V 8B9,Alberta,53.8342,-118.6584,86.5,kilotonnes of carbon dioxide equivalents (kt CO2 eq),2023,Oil and gas extraction (except oil sands),https://www23.statcan.gc.ca/imdb/p3VD.pl?Function=getVD&TVD=1369825&CVD=1370970&CPV=211110&CST=27012022&CLV=5&MLV=5,https://climate-change.canada.ca/facility-emissions/GHGRP-G10429-2023.html,"http://indicators-map.canada.ca/App/Detail?id=0110429&GoCTemplateCulture=en-CA
"
10430,Stoddart 02-34 Sour Gas Plant,Canadian Natural Resources Limited,,,N/A,British Columbia,56.5828,-121.256,84.71,kilotonnes of carbon dioxide equivalents (kt CO2 eq),2023,Oil and gas extraction (except oil sands),https://www23.statcan.gc.ca/imdb/p3VD.pl?Function=getVD&TVD=1369825&CVD=1370970&CPV=211110&CST=27012022&CLV=5&MLV=5,https://climate-change.canada.ca/facility-emissions/GHGRP-G10430-2023.html,"http://indicators-map.canada.ca/App/Detail?id=0110430&GoCTemplateCulture=en-CA
"
10431,Wild River 04-03-57-23W5M,Canadian Natural Resources Limited,Edson,5510 1st Avenue,T7E 1V2,Alberta,53.89269,-117.3391,23.97,kilotonnes of carbon dioxide equivalents (kt CO2 eq),2023,Oil and gas extraction (except oil sands),https://www23.statcan.gc.ca/imdb/p3VD.pl?Function=getVD&TVD=1369825&CVD=1370970&CPV=211110&CST=27012022&CLV=5&MLV=5,https://climate-change.canada.ca/facility-emissions/GHGRP-G10431-2023.html,"http://indicators-map.canada.ca/App/Detail?id=0110431&GoCTemplateCulture=en-CA
"
10432,North Bay Power Plant,Bay Power Corp,North Bay,11 RR#2 Highway North,P1B 8G3,Ontario,46.3803,-79.4692,0.11,kilotonnes of carbon dioxide equivalents (kt CO2 eq),2023,Fossil-Fuel Electric Power Generation,https://www23.statcan.gc.ca/imdb/p3VD.pl?Function=getVD&TVD=1369825&CVD=1370970&CPV=221112&CST=27012022&CLV=5&MLV=5,https://climate-change.canada.ca/facility-emissions/GHGRP-G10432-2023.html,"http://indicators-map.canada.ca/App/Detail?id=0110432&GoCTemplateCulture=en-CA
"
10433,Hartland Landfill,Capital Regional District,Victoria,1 Hartland Avenue,V9E 1J9,British Columbia,48.5369,-123.46284,67.66,kilotonnes of carbon dioxide equivalents (kt CO2 eq),2023,Waste Treatment and Disposal,https://www23.statcan.gc.ca/imdb/p3VD.pl?Function=getVD&TVD=1369825&CVD=1370970&CPV=562210&CST=27012022&CLV=5&MLV=5,https://climate-change.canada.ca/facility-emissions/GHGRP-G10433-2023.html,"http://indicators-map.canada.ca/App/Detail?id=0110433&GoCTemplateCulture=en-CA
"
10434,"Cascades Containerboard Packaging, A Division of Cascades Can",Cascades Canada ULC,Trenton,0 300 Marmora Street,K8V 5R8,Ontario,44.1114,-77.5878,56.85,kilotonnes of carbon dioxide equivalents (kt CO2 eq),2023,Paperboard Mills,https://www23.statcan.gc.ca/imdb/p3VD.pl?Function=getVD&TVD=1369825&CVD=1370970&CPV=322130&CST=27012022&CLV=5&MLV=5,https://climate-change.canada.ca/facility-emissions/GHGRP-G10434-2023.html,"http://indicators-map.canada.ca/App/Detail?id=0110434&GoCTemplateCulture=en-CA
"
10435,Brintnell Oil Battery and Comp Stn 1107 11-07,Canadian Natural Resources Limited,,,N/A,Alberta,56.09516,-113.44119,58.63,kilotonnes of carbon dioxide equivalents (kt CO2 eq),2023,Oil and gas extraction (except oil sands),https://www23.statcan.gc.ca/imdb/p3VD.pl?Function=getVD&TVD=1369825&CVD=1370970&CPV=211110&CST=27012022&CLV=5&MLV=5,https://climate-change.canada.ca/facility-emissions/GHGRP-G10435-2023.html,"http://indicators-map.canada.ca/App/Detail?id=0110435&GoCTemplateCulture=en-CA
"
10436,Suffield C Comp Stn 01-04,IPC Canada Ltd.,,,N/A,Alberta,50.22445,-111.03854,12.41,kilotonnes of carbon dioxide equivalents (kt CO2 eq),2023,Oil and gas extraction (except oil sands),https://www23.statcan.gc.ca/imdb/p3VD.pl?Function=getVD&TVD=1369825&CVD=1370970&CPV=211110&CST=27012022&CLV=5&MLV=5,https://climate-change.canada.ca/facility-emissions/GHGRP-G10436-2023.html,"http://indicators-map.canada.ca/App/Detail?id=0110436&GoCTemplateCulture=en-CA
"
10437,Suffield K (Koomati) Gas Battery 04-04,IPC Canada Ltd.,Medicine Hat,,N/A,Alberta,50.39906,-110.50597,12.43,kilotonnes of carbon dioxide equivalents (kt CO2 eq),2023,Oil and gas extraction (except oil sands),https://www23.statcan.gc.ca/imdb/p3VD.pl?Function=getVD&TVD=1369825&CVD=1370970&CPV=211110&CST=27012022&CLV=5&MLV=5,https://climate-change.canada.ca/facility-emissions/GHGRP-G10437-2023.html,"http://indicators-map.canada.ca/App/Detail?id=0110437&GoCTemplateCulture=en-CA
"
10438,Suffield Oil Battery 01-27,IPC Canada Ltd.,Medicine Hat,,N/A,Alberta,50.6315,-111.0222,42.43,kilotonnes of carbon dioxide equivalents (kt CO2 eq),2023,Oil and gas extraction (except oil sands),https://www23.statcan.gc.ca/imdb/p3VD.pl?Function=getVD&TVD=1369825&CVD=1370970&CPV=211110&CST=27012022&CLV=5&MLV=5,https://climate-change.canada.ca/facility-emissions/GHGRP-G10438-2023.html,"http://indicators-map.canada.ca/App/Detail?id=0110438&GoCTemplateCulture=en-CA
"
10439,Vancouver Wallboard Plant,CertainTeed  Canada Inc,Delta,1070 Derwent Way Way East,V3M 5R1,British Columbia,49.1678,-122.9386,26.31,kilotonnes of carbon dioxide equivalents (kt CO2 eq),2023,Gypsum Product Manufacturing,https://www23.statcan.gc.ca/imdb/p3VD.pl?Function=getVD&TVD=1369825&CVD=1370970&CPV=327420&CST=27012022&CLV=5&MLV=5,https://climate-change.canada.ca/facility-emissions/GHGRP-G10439-2023.html,"http://indicators-map.canada.ca/App/Detail?id=0110439&GoCTemplateCulture=en-CA
"
10440,Langley Plant,LHOIST NORTH AMERICA OF CANADA  INC.,Langley,0 20303 102b Avenue,V1M 3H1,British Columbia,49.1912,-122.6605,58.38,kilotonnes of carbon dioxide equivalents (kt CO2 eq),2023,Lime Manufacturing,https://www23.statcan.gc.ca/imdb/p3VD.pl?Function=getVD&TVD=1369825&CVD=1370970&CPV=327410&CST=27012022&CLV=5&MLV=5,https://climate-change.canada.ca/facility-emissions/GHGRP-G10440-2023.html,"http://indicators-map.canada.ca/App/Detail?id=0110440&GoCTemplateCulture=en-CA
"
10441,Lethbridge Waste and Recycling Centre Disposal Site,City of Lethbridge,Lethbridge,213044 TWP RD 10-0,T1J 4P4,Alberta,49.47331,-112.47621,79.47,kilotonnes of carbon dioxide equivalents (kt CO2 eq),2023,Waste Treatment and Disposal,https://www23.statcan.gc.ca/imdb/p3VD.pl?Function=getVD&TVD=1369825&CVD=1370970&CPV=562210&CST=27012022&CLV=5&MLV=5,https://climate-change.canada.ca/facility-emissions/GHGRP-G10441-2023.html,"http://indicators-map.canada.ca/App/Detail?id=0110441&GoCTemplateCulture=en-CA
"
10442,Landfill,City of Saskatoon,Saskatoon,42 Valley Road,S7M 5Y1,Saskatchewan,52.09923,-106.70651,98.53,kilotonnes of carbon dioxide equivalents (kt CO2 eq),2023,Waste Treatment and Disposal,https://www23.statcan.gc.ca/imdb/p3VD.pl?Function=getVD&TVD=1369825&CVD=1370970&CPV=562210&CST=27012022&CLV=5&MLV=5,https://climate-change.canada.ca/facility-emissions/GHGRP-G10442-2023.html,"http://indicators-map.canada.ca/App/Detail?id=0110442&GoCTemplateCulture=en-CA
"
10443,Vancouver Landfill,City of Vancouver,Delta,5400 72nd Street,V4K 3N2,British Columbia,49.099,-123.024,127.17,kilotonnes of carbon dioxide equivalents (kt CO2 eq),2023,Waste Treatment and Disposal,https://www23.statcan.gc.ca/imdb/p3VD.pl?Function=getVD&TVD=1369825&CVD=1370970&CPV=562210&CST=27012022&CLV=5&MLV=5,https://climate-change.canada.ca/facility-emissions/GHGRP-G10443-2023.html,"http://indicators-map.canada.ca/App/Detail?id=0110443&GoCTemplateCulture=en-CA
"
10444,Kilcona Landfill,"City of Winnipeg, Water & Waste Department",Winnipeg,1229 Springfield Road,R3E 1X1,Manitoba,49.93123,-97.04538,41.2,kilotonnes of carbon dioxide equivalents (kt CO2 eq),2023,Waste Treatment and Disposal,https://www23.statcan.gc.ca/imdb/p3VD.pl?Function=getVD&TVD=1369825&CVD=1370970&CPV=562210&CST=27012022&CLV=5&MLV=5,https://climate-change.canada.ca/facility-emissions/GHGRP-G10444-2023.html,"http://indicators-map.canada.ca/App/Detail?id=0110444&GoCTemplateCulture=en-CA
"
10446,Berland Gas Plant (14-15-059-24W5) - TOU,Tourmaline Oil Corp,Greenview,,N/A,Alberta,54.10681,-117.51674,29.28,kilotonnes of carbon dioxide equivalents (kt CO2 eq),2023,Oil and gas extraction (except oil sands),https://www23.statcan.gc.ca/imdb/p3VD.pl?Function=getVD&TVD=1369825&CVD=1370970&CPV=211110&CST=27012022&CLV=5&MLV=5,https://climate-change.canada.ca/facility-emissions/GHGRP-G10446-2023.html,"http://indicators-map.canada.ca/App/Detail?id=0110446&GoCTemplateCulture=en-CA
"
10447,Noel Sweet Gas Plant,Cenovus Energy Inc.,,,N/A,British Columbia,55.294,-120.484,42.68,kilotonnes of carbon dioxide equivalents (kt CO2 eq),2023,Oil and gas extraction (except oil sands),https://www23.statcan.gc.ca/imdb/p3VD.pl?Function=getVD&TVD=1369825&CVD=1370970&CPV=211110&CST=27012022&CLV=5&MLV=5,https://climate-change.canada.ca/facility-emissions/GHGRP-G10447-2023.html,"http://indicators-map.canada.ca/App/Detail?id=0110447&GoCTemplateCulture=en-CA
"
10451,Narraway Sweet Gas Plant 10-08,Canadian Natural Resources Limited,,,N/A,Alberta,54.35022,-119.4578,27.67,kilotonnes of carbon dioxide equivalents (kt CO2 eq),2023,Oil and gas extraction (except oil sands),https://www23.statcan.gc.ca/imdb/p3VD.pl?Function=getVD&TVD=1369825&CVD=1370970&CPV=211110&CST=27012022&CLV=5&MLV=5,https://climate-change.canada.ca/facility-emissions/GHGRP-G10451-2023.html,"http://indicators-map.canada.ca/App/Detail?id=0110451&GoCTemplateCulture=en-CA
"
10452,Domtar Usine de Windsor,Domtar Inc.,Windsor,609 rang 12,J1S 2L9,Quebec,45.5644,-71.979,134.11,kilotonnes of carbon dioxide equivalents (kt CO2 eq),2023,Paper (except Newsprint) Mills,https://www23.statcan.gc.ca/imdb/p3VD.pl?Function=getVD&TVD=1369825&CVD=1370970&CPV=322121&CST=27012022&CLV=5&MLV=5,https://climate-change.canada.ca/facility-emissions/GHGRP-G10452-2023.html,"http://indicators-map.canada.ca/App/Detail?id=0110452&GoCTemplateCulture=en-CA
"
10453,East Windsor Cogeneration Centre,East Windsor Cogeneration LP,Windsor,224 Cadillac Street,N8Y 2S7,Ontario,42.32552,-83.00067,6.44,kilotonnes of carbon dioxide equivalents (kt CO2 eq),2023,Fossil-Fuel Electric Power Generation,https://www23.statcan.gc.ca/imdb/p3VD.pl?Function=getVD&TVD=1369825&CVD=1370970&CPV=221112&CST=27012022&CLV=5&MLV=5,https://climate-change.canada.ca/facility-emissions/GHGRP-G10453-2023.html,"http://indicators-map.canada.ca/App/Detail?id=0110453&GoCTemplateCulture=en-CA
"
10454,Gunnell Comp Stn b-023-F,NTE Energy Canada Ltd,,,N/A,British Columbia,58.85197,-121.7858,9.82,kilotonnes of carbon dioxide equivalents (kt CO2 eq),2023,Oil and gas extraction (except oil sands),https://www23.statcan.gc.ca/imdb/p3VD.pl?Function=getVD&TVD=1369825&CVD=1370970&CPV=211110&CST=27012022&CLV=5&MLV=5,https://climate-change.canada.ca/facility-emissions/GHGRP-G10454-2023.html,"http://indicators-map.canada.ca/App/Detail?id=0110454&GoCTemplateCulture=en-CA
"
10455,Resthaven Sweet Gas Plant 08-11,Pembina Pipeline Corporation,,,N/A,Alberta,54.1725,-118.3276,226.84,kilotonnes of carbon dioxide equivalents (kt CO2 eq),2023,Oil and gas extraction (except oil sands),https://www23.statcan.gc.ca/imdb/p3VD.pl?Function=getVD&TVD=1369825&CVD=1370970&CPV=211110&CST=27012022&CLV=5&MLV=5,https://climate-change.canada.ca/facility-emissions/GHGRP-G10455-2023.html,"http://indicators-map.canada.ca/App/Detail?id=0110455&GoCTemplateCulture=en-CA
"
10456,Sexsmith Sour Gas Plant,Ovintiv Canada ULC,Sexsmith,,T0H 3C0,Alberta,55.4819,-119.0592,82.8,kilotonnes of carbon dioxide equivalents (kt CO2 eq),2023,Oil and gas extraction (except oil sands),https://www23.statcan.gc.ca/imdb/p3VD.pl?Function=getVD&TVD=1369825&CVD=1370970&CPV=211110&CST=27012022&CLV=5&MLV=5,https://climate-change.canada.ca/facility-emissions/GHGRP-G10456-2023.html,"http://indicators-map.canada.ca/App/Detail?id=0110456&GoCTemplateCulture=en-CA
"
10457,Sierra Sour Gas Plant,NTE Energy Canada Ltd,Sierra,,N/A,British Columbia,58.6856,-121.3178,84.08,kilotonnes of carbon dioxide equivalents (kt CO2 eq),2023,Oil and gas extraction (except oil sands),https://www23.statcan.gc.ca/imdb/p3VD.pl?Function=getVD&TVD=1369825&CVD=1370970&CPV=211110&CST=27012022&CLV=5&MLV=5,https://climate-change.canada.ca/facility-emissions/GHGRP-G10457-2023.html,"http://indicators-map.canada.ca/App/Detail?id=0110457&GoCTemplateCulture=en-CA
"
10458,Steeprock Sour Gas Plant,Veresen Midstream General Partner Inc.,,,N/A,British Columbia,55.3007,-120.0284,60.94,kilotonnes of carbon dioxide equivalents (kt CO2 eq),2023,Oil and gas extraction (except oil sands),https://www23.statcan.gc.ca/imdb/p3VD.pl?Function=getVD&TVD=1369825&CVD=1370970&CPV=211110&CST=27012022&CLV=5&MLV=5,https://climate-change.canada.ca/facility-emissions/GHGRP-G10458-2023.html,"http://indicators-map.canada.ca/App/Detail?id=0110458&GoCTemplateCulture=en-CA
"
10459,Pearl Street Steam Plant,Enwave Energy Corporation,Toronto,0 120 Pearl Street,M5H 1L2,Ontario,43.6482,-79.3858,131.01,kilotonnes of carbon dioxide equivalents (kt CO2 eq),2023,Steam and Air-Conditioning Supply,https://www23.statcan.gc.ca/imdb/p3VD.pl?Function=getVD&TVD=1369825&CVD=1370970&CPV=221330&CST=27012022&CLV=5&MLV=5,https://climate-change.canada.ca/facility-emissions/GHGRP-G10459-2023.html,"http://indicators-map.canada.ca/App/Detail?id=0110459&GoCTemplateCulture=en-CA
"
10460,Walton Street Steam Plant,Enwave Energy Corporation,Toronto,0 95 Walton Street,M5G 1H9,Ontario,43.6576,-79.3854,80.36,kilotonnes of carbon dioxide equivalents (kt CO2 eq),2023,Steam and Air-Conditioning Supply,https://www23.statcan.gc.ca/imdb/p3VD.pl?Function=getVD&TVD=1369825&CVD=1370970&CPV=221330&CST=27012022&CLV=5&MLV=5,https://climate-change.canada.ca/facility-emissions/GHGRP-G10460-2023.html,"http://indicators-map.canada.ca/App/Detail?id=0110460&GoCTemplateCulture=en-CA
"
10461,Gold Bar Wastewater Treatment Plant,EPCOR Water Services Inc.,Edmonton,10977 50 Street Northwest,T6A 2E9,Alberta,53.5608,-113.4153,41.92,kilotonnes of carbon dioxide equivalents (kt CO2 eq),2023,Sewage Treatment Facilities,https://www23.statcan.gc.ca/imdb/p3VD.pl?Function=getVD&TVD=1369825&CVD=1370970&CPV=221320&CST=27012022&CLV=5&MLV=5,https://climate-change.canada.ca/facility-emissions/GHGRP-G10461-2023.html,"http://indicators-map.canada.ca/App/Detail?id=0110461&GoCTemplateCulture=en-CA
"
10465,Foster Creek SAGD Bitumen Battery (with Cogen),Cenovus FCCL Ltd.,Bonnyville,0,T9N 2J7,Alberta,55.0696,-110.5361,3558.09,kilotonnes of carbon dioxide equivalents (kt CO2 eq),2023,In-situ oil sands extraction,https://www23.statcan.gc.ca/imdb/p3VD.pl?Function=getVD&TVD=1369825&CVD=1370970&CPV=211141&CST=27012022&CLV=5&MLV=5,https://climate-change.canada.ca/facility-emissions/GHGRP-G10465-2023.html,"http://indicators-map.canada.ca/App/Detail?id=0110465&GoCTemplateCulture=en-CA
"
10466,Flakeboard Company Limited,Arauco Canada Limited,Sault Ste Marie,657 Baseline Road,P6A 5K6,Ontario,46.5183,-84.4148,31.81,kilotonnes of carbon dioxide equivalents (kt CO2 eq),2023,Particle Board and Fibreboard Mills,https://www23.statcan.gc.ca/imdb/p3VD.pl?Function=getVD&TVD=1369825&CVD=1370970&CPV=321216&CST=27012022&CLV=5&MLV=5,https://climate-change.canada.ca/facility-emissions/GHGRP-G10466-2023.html,"http://indicators-map.canada.ca/App/Detail?id=0110466&GoCTemplateCulture=en-CA
"
10467,Ford Oakville Assembly Complex,"Ford Motor Company of Canada, Limited",Oakville,1 The Canadian Road,L6J 5C9,Ontario,43.484,-79.6692,65.34,kilotonnes of carbon dioxide equivalents (kt CO2 eq),2023,Automobile and Light-Duty Motor Vehicle Manufacturing,https://www23.statcan.gc.ca/imdb/p3VD.pl?Function=getVD&TVD=1369825&CVD=1370970&CPV=336110&CST=27012022&CLV=5&MLV=5,https://climate-change.canada.ca/facility-emissions/GHGRP-G10467-2023.html,"http://indicators-map.canada.ca/App/Detail?id=0110467&GoCTemplateCulture=en-CA
"
10468,Musselwhite Mine,GOLDCORP CANADA LTD,"Concession, Kenora District",,N/A,Ontario,52.60389,-90.36806,36.87,kilotonnes of carbon dioxide equivalents (kt CO2 eq),2023,Gold and Silver Ore Mining,https://www23.statcan.gc.ca/imdb/p3VD.pl?Function=getVD&TVD=1369825&CVD=1370970&CPV=212220&CST=27012022&CLV=5&MLV=5,https://climate-change.canada.ca/facility-emissions/GHGRP-G10468-2023.html,"http://indicators-map.canada.ca/App/Detail?id=0110468&GoCTemplateCulture=en-CA
"
10469,Goreway Power Station,Goreway Station Partnership,Brampton,8600 Goreway Drive,L6T 0A8,Ontario,43.7465,-79.6799,994.99,kilotonnes of carbon dioxide equivalents (kt CO2 eq),2023,Fossil-Fuel Electric Power Generation,https://www23.statcan.gc.ca/imdb/p3VD.pl?Function=getVD&TVD=1369825&CVD=1370970&CPV=221112&CST=27012022&CLV=5&MLV=5,https://climate-change.canada.ca/facility-emissions/GHGRP-G10469-2023.html,"http://indicators-map.canada.ca/App/Detail?id=0110469&GoCTemplateCulture=en-CA
"
10470,Metro Vancouver Waste-to-Energy Facility,Greater Vancouver Sewerage and Drainage District,Burnaby,5150 Riverbend Dr.,V3N 4V3,British Columbia,49.1866,-122.9785,127.24,kilotonnes of carbon dioxide equivalents (kt CO2 eq),2023,Waste Treatment and Disposal,https://www23.statcan.gc.ca/imdb/p3VD.pl?Function=getVD&TVD=1369825&CVD=1370970&CPV=562210&CST=27012022&CLV=5&MLV=5,https://climate-change.canada.ca/facility-emissions/GHGRP-G10470-2023.html,"http://indicators-map.canada.ca/App/Detail?id=0110470&GoCTemplateCulture=en-CA
"
10471,Green Lane Landfill,Green Lane Landfill,St. Thomas,38593 Third Line R.R. 7,N5P 3T2,Ontario,42.8156,-81.3267,135.81,kilotonnes of carbon dioxide equivalents (kt CO2 eq),2023,Waste Treatment and Disposal,https://www23.statcan.gc.ca/imdb/p3VD.pl?Function=getVD&TVD=1369825&CVD=1370970&CPV=562210&CST=27012022&CLV=5&MLV=5,https://climate-change.canada.ca/facility-emissions/GHGRP-G10471-2023.html,"http://indicators-map.canada.ca/App/Detail?id=0110471&GoCTemplateCulture=en-CA
"
10472,Johnstown,Greenfield Global Inc.,Johnstown,141 Commerce Drive,K0E 1T0,Ontario,44.7353,-75.4842,106.59,kilotonnes of carbon dioxide equivalents (kt CO2 eq),2023,Other Basic Organic Chemical Manufacturing,https://www23.statcan.gc.ca/imdb/p3VD.pl?Function=getVD&TVD=1369825&CVD=1370970&CPV=325190&CST=27012022&CLV=5&MLV=5,https://climate-change.canada.ca/facility-emissions/GHGRP-G10472-2023.html,"http://indicators-map.canada.ca/App/Detail?id=0110472&GoCTemplateCulture=en-CA
"
10475,Lloydminster Refinery,Cenovus Energy Inc.,Lloydminster,5650 52nd Street,T9V 0R7,Alberta,53.28812,-110.01941,98.12,kilotonnes of carbon dioxide equivalents (kt CO2 eq),2023,Asphalt Paving Mixture and Block Manufacturing,https://www23.statcan.gc.ca/imdb/p3VD.pl?Function=getVD&TVD=1369825&CVD=1370970&CPV=324121&CST=27012022&CLV=5&MLV=5,https://climate-change.canada.ca/facility-emissions/GHGRP-G10475-2023.html,"http://indicators-map.canada.ca/App/Detail?id=0110475&GoCTemplateCulture=en-CA
"
10476,Rainbow Lake Gas plant,Cenovus Energy Inc.,Rainbow Lake,,T0H 2Y0,Alberta,58.45067,-119.2384,47.84,kilotonnes of carbon dioxide equivalents (kt CO2 eq),2023,Oil and gas extraction (except oil sands),https://www23.statcan.gc.ca/imdb/p3VD.pl?Function=getVD&TVD=1369825&CVD=1370970&CPV=211110&CST=27012022&CLV=5&MLV=5,https://climate-change.canada.ca/facility-emissions/GHGRP-G10476-2023.html,"http://indicators-map.canada.ca/App/Detail?id=0110476&GoCTemplateCulture=en-CA
"
10478,IGPC Ethanol Inc.,IGPC Ethanol Inc.,Aylmer,89 Progress Drive,N5H 2R9,Ontario,42.7827,-80.9813,130.73,kilotonnes of carbon dioxide equivalents (kt CO2 eq),2023,Other Basic Organic Chemical Manufacturing,https://www23.statcan.gc.ca/imdb/p3VD.pl?Function=getVD&TVD=1369825&CVD=1370970&CPV=325190&CST=27012022&CLV=5&MLV=5,https://climate-change.canada.ca/facility-emissions/GHGRP-G10478-2023.html,"http://indicators-map.canada.ca/App/Detail?id=0110478&GoCTemplateCulture=en-CA
"
10479,Kingston Site,INVISTA (Canada) Company,Kingston,455 Front road,K7L 4Z6,Ontario,44.2159,-76.5553,75.34,kilotonnes of carbon dioxide equivalents (kt CO2 eq),2023,Artificial and Synthetic Fibres and Filaments Manufacturing,https://www23.statcan.gc.ca/imdb/p3VD.pl?Function=getVD&TVD=1369825&CVD=1370970&CPV=325220&CST=27012022&CLV=5&MLV=5,https://climate-change.canada.ca/facility-emissions/GHGRP-G10479-2023.html,"http://indicators-map.canada.ca/App/Detail?id=0110479&GoCTemplateCulture=en-CA
"
10481,Irving Consumer Products Limited,Irving Consumer Products Limited,Toronto,0 1551 Weston Road,M6M 4Y4,Ontario,43.69424,-79.50424,115.17,kilotonnes of carbon dioxide equivalents (kt CO2 eq),2023,Paper (except Newsprint) Mills,https://www23.statcan.gc.ca/imdb/p3VD.pl?Function=getVD&TVD=1369825&CVD=1370970&CPV=322121&CST=27012022&CLV=5&MLV=5,https://climate-change.canada.ca/facility-emissions/GHGRP-G10481-2023.html,"http://indicators-map.canada.ca/App/Detail?id=0110481&GoCTemplateCulture=en-CA
"
10482,Jungbunzlauer Canada Inc.,Jungbunzlauer Canada Inc.,Port Colborne,1555 Elm Street,L3K 5V5,Ontario,42.9212,-79.2554,131.32,kilotonnes of carbon dioxide equivalents (kt CO2 eq),2023,Other Basic Organic Chemical Manufacturing,https://www23.statcan.gc.ca/imdb/p3VD.pl?Function=getVD&TVD=1369825&CVD=1370970&CPV=325190&CST=27012022&CLV=5&MLV=5,https://climate-change.canada.ca/facility-emissions/GHGRP-G10482-2023.html,"http://indicators-map.canada.ca/App/Detail?id=0110482&GoCTemplateCulture=en-CA
"
10485,Nordegg River Gas Plant,Keyera Corp,Nordegg,,N/A,Alberta,52.77972,-115.66688,15.99,kilotonnes of carbon dioxide equivalents (kt CO2 eq),2023,Oil and gas extraction (except oil sands),https://www23.statcan.gc.ca/imdb/p3VD.pl?Function=getVD&TVD=1369825&CVD=1370970&CPV=211110&CST=27012022&CLV=5&MLV=5,https://climate-change.canada.ca/facility-emissions/GHGRP-G10485-2023.html,"http://indicators-map.canada.ca/App/Detail?id=0110485&GoCTemplateCulture=en-CA
"
10487,Kruger Products Inc,Kruger Products Inc,New Westminster,1625 5th Avenue,V3M 1Z7,British Columbia,49.20139,-122.93611,16.51,kilotonnes of carbon dioxide equivalents (kt CO2 eq),2023,Paper (except Newsprint) Mills,https://www23.statcan.gc.ca/imdb/p3VD.pl?Function=getVD&TVD=1369825&CVD=1370970&CPV=322121&CST=27012022&CLV=5&MLV=5,https://climate-change.canada.ca/facility-emissions/GHGRP-G10487-2023.html,"http://indicators-map.canada.ca/App/Detail?id=0110487&GoCTemplateCulture=en-CA
"
10488,"Produits Kruger inc., usine de Gatineau",Produits Kruger inc.,Gatineau,20 Laurier Street,J8X 4H3,Quebec,45.4255,-75.70846,52.15,kilotonnes of carbon dioxide equivalents (kt CO2 eq),2023,Paper (except Newsprint) Mills,https://www23.statcan.gc.ca/imdb/p3VD.pl?Function=getVD&TVD=1369825&CVD=1370970&CPV=322121&CST=27012022&CLV=5&MLV=5,https://climate-change.canada.ca/facility-emissions/GHGRP-G10488-2023.html,"http://indicators-map.canada.ca/App/Detail?id=0110488&GoCTemplateCulture=en-CA
"
10489,"Lake Utopia Paper A Division of J.D. Irving, Limited","Lake Utopia Paper A Division of J.D. Irving, Limited",Utopia,0 600 Route 785,E5C 2K4,New Brunswick,45.1567,-66.7714,23.89,kilotonnes of carbon dioxide equivalents (kt CO2 eq),2023,Paperboard Mills,https://www23.statcan.gc.ca/imdb/p3VD.pl?Function=getVD&TVD=1369825&CVD=1370970&CPV=322130&CST=27012022&CLV=5&MLV=5,https://climate-change.canada.ca/facility-emissions/GHGRP-G10489-2023.html,"http://indicators-map.canada.ca/App/Detail?id=0110489&GoCTemplateCulture=en-CA
"
10490,Lantic Inc. - Raffinerie Montréal,Lantic Inc. - Raffinerie Montréal,Montréal,4026 Notre-Dame Street East,H1W 2K3,Quebec,45.54611,-73.5335,79.54,kilotonnes of carbon dioxide equivalents (kt CO2 eq),2023,Sugar Manufacturing,https://www23.statcan.gc.ca/imdb/p3VD.pl?Function=getVD&TVD=1369825&CVD=1370970&CPV=311310&CST=27012022&CLV=5&MLV=5,https://climate-change.canada.ca/facility-emissions/GHGRP-G10490-2023.html,"http://indicators-map.canada.ca/App/Detail?id=0110490&GoCTemplateCulture=en-CA
"
10491,Lantic Inc. Taber Beet Sugar Factory,Lantic Inc. Taber Factory,Taber,0 5405 64th Street Street,T1G 2C4,Alberta,49.7894,-112.1261,105.55,kilotonnes of carbon dioxide equivalents (kt CO2 eq),2023,Sugar Manufacturing,https://www23.statcan.gc.ca/imdb/p3VD.pl?Function=getVD&TVD=1369825&CVD=1370970&CPV=311310&CST=27012022&CLV=5&MLV=5,https://climate-change.canada.ca/facility-emissions/GHGRP-G10491-2023.html,"http://indicators-map.canada.ca/App/Detail?id=0110491&GoCTemplateCulture=en-CA
"
10492,"Lidya Énergie, s.e.c.","Lidya Énergie, s.e.c.",Lachute,6985 des Sources Road,J8H 2C5,Quebec,45.3634,-74.1457,1.5,kilotonnes of carbon dioxide equivalents (kt CO2 eq),2023,Other Electric Power Generation,https://www23.statcan.gc.ca/imdb/p3VD.pl?Function=getVD&TVD=1369825&CVD=1370970&CPV=221119&CST=27012022&CLV=5&MLV=5,https://climate-change.canada.ca/facility-emissions/GHGRP-G10492-2023.html,"http://indicators-map.canada.ca/App/Detail?id=0110492&GoCTemplateCulture=en-CA
"
10493,"Magellan Aerospace, Haley","Magellan Aerospace Limited, Haley",Haley,0 634 Magnesium Road East,K0J 1Y0,Ontario,45.5964,-76.7552,49.06,kilotonnes of carbon dioxide equivalents (kt CO2 eq),2023,Non-Ferrous Foundries (except Die-Casting),https://www23.statcan.gc.ca/imdb/p3VD.pl?Function=getVD&TVD=1369825&CVD=1370970&CPV=331529&CST=27012022&CLV=5&MLV=5,https://climate-change.canada.ca/facility-emissions/GHGRP-G10493-2023.html,"http://indicators-map.canada.ca/App/Detail?id=0110493&GoCTemplateCulture=en-CA
"
10495,Meadow Lake Mechanical Pulp,Meadow Lake Mechanical Pulp,Meadow Lake,,S9X 1V7,Saskatchewan,54.15686,-108.28572,69.01,kilotonnes of carbon dioxide equivalents (kt CO2 eq),2023,Mechanical Pulp Mills,https://www23.statcan.gc.ca/imdb/p3VD.pl?Function=getVD&TVD=1369825&CVD=1370970&CPV=322111&CST=27012022&CLV=5&MLV=5,https://climate-change.canada.ca/facility-emissions/GHGRP-G10495-2023.html,"http://indicators-map.canada.ca/App/Detail?id=0110495&GoCTemplateCulture=en-CA
"
10496,MEG Christina Lake Regional Project,MEG Energy Corp.,Regional Municipality of Wood ,,T2T 6N9,Alberta,55.6664,-110.714,1174.76,kilotonnes of carbon dioxide equivalents (kt CO2 eq),2023,In-situ oil sands extraction,https://www23.statcan.gc.ca/imdb/p3VD.pl?Function=getVD&TVD=1369825&CVD=1370970&CPV=211141&CST=27012022&CLV=5&MLV=5,https://climate-change.canada.ca/facility-emissions/GHGRP-G10496-2023.html,"http://indicators-map.canada.ca/App/Detail?id=0110496&GoCTemplateCulture=en-CA
"
10497,Whitecourt Pulp Division,Millar Western Forest Products Ltd.,Whitecourt,50 Mill Road,T7S 1N9,Alberta,54.1444,-115.6917,61.76,kilotonnes of carbon dioxide equivalents (kt CO2 eq),2023,Mechanical Pulp Mills,https://www23.statcan.gc.ca/imdb/p3VD.pl?Function=getVD&TVD=1369825&CVD=1370970&CPV=322111&CST=27012022&CLV=5&MLV=5,https://climate-change.canada.ca/facility-emissions/GHGRP-G10497-2023.html,"http://indicators-map.canada.ca/App/Detail?id=0110497&GoCTemplateCulture=en-CA
"
10499,Sylvan Lake Gas Plant,BTG Energy Inc,Eckville,,T0M 0X0,Alberta,52.2293,-114.39628,39.32,kilotonnes of carbon dioxide equivalents (kt CO2 eq),2023,Oil and gas extraction (except oil sands),https://www23.statcan.gc.ca/imdb/p3VD.pl?Function=getVD&TVD=1369825&CVD=1370970&CPV=211110&CST=27012022&CLV=5&MLV=5,https://climate-change.canada.ca/facility-emissions/GHGRP-G10499-2023.html,"http://indicators-map.canada.ca/App/Detail?id=0110499&GoCTemplateCulture=en-CA
"
10501,Moore Site,NOVA Chemicals Corporation (OBPS),Mooretown,510 Moore Line,N0N 1M0,Ontario,42.8489,-82.4244,46.37,kilotonnes of carbon dioxide equivalents (kt CO2 eq),2023,Resin and Synthetic Rubber Manufacturing,https://www23.statcan.gc.ca/imdb/p3VD.pl?Function=getVD&TVD=1369825&CVD=1370970&CPV=325210&CST=27012022&CLV=5&MLV=5,https://climate-change.canada.ca/facility-emissions/GHGRP-G10501-2023.html,"http://indicators-map.canada.ca/App/Detail?id=0110501&GoCTemplateCulture=en-CA
"
10510,Fort Smith Plant,NWT Power Corp,Fort Smith,40 Highway 5 Highway,X0E 0P0,Northwest Territories,60,-111.87001,10.4,kilotonnes of carbon dioxide equivalents (kt CO2 eq),2023,Fossil-Fuel Electric Power Generation,https://www23.statcan.gc.ca/imdb/p3VD.pl?Function=getVD&TVD=1369825&CVD=1370970&CPV=221112&CST=27012022&CLV=5&MLV=5,https://climate-change.canada.ca/facility-emissions/GHGRP-G10510-2023.html,"http://indicators-map.canada.ca/App/Detail?id=0110510&GoCTemplateCulture=en-CA
"
10513,Inuvik Plant,NWT Power Corp,Inuvik,106  Veteran's Way,X0E 0T0,Northwest Territories,68.35554,-133.73038,8.32,kilotonnes of carbon dioxide equivalents (kt CO2 eq),2023,Fossil-Fuel Electric Power Generation,https://www23.statcan.gc.ca/imdb/p3VD.pl?Function=getVD&TVD=1369825&CVD=1370970&CPV=221112&CST=27012022&CLV=5&MLV=5,https://climate-change.canada.ca/facility-emissions/GHGRP-G10513-2023.html,"http://indicators-map.canada.ca/App/Detail?id=0110513&GoCTemplateCulture=en-CA
"
10514,Jackfish Plant,NWT Power Corp,Yellowknife,Corner of Highway 3 & 4,X1A 2P7,Northwest Territories,62.46922,-114.38101,51.97,kilotonnes of carbon dioxide equivalents (kt CO2 eq),2023,Fossil-Fuel Electric Power Generation,https://www23.statcan.gc.ca/imdb/p3VD.pl?Function=getVD&TVD=1369825&CVD=1370970&CPV=221112&CST=27012022&CLV=5&MLV=5,https://climate-change.canada.ca/facility-emissions/GHGRP-G10514-2023.html,"http://indicators-map.canada.ca/App/Detail?id=0110514&GoCTemplateCulture=en-CA
"
10527,Plant #34 Montreal,O-I Canada Corp.,Montreal,2376 Wellington Street,H3K 1X6,Quebec,45.47359,-73.56072,60.99,kilotonnes of carbon dioxide equivalents (kt CO2 eq),2023,Glass Manufacturing,https://www23.statcan.gc.ca/imdb/p3VD.pl?Function=getVD&TVD=1369825&CVD=1370970&CPV=327214&CST=27012022&CLV=5&MLV=5,https://climate-change.canada.ca/facility-emissions/GHGRP-G10527-2023.html,"http://indicators-map.canada.ca/App/Detail?id=0110527&GoCTemplateCulture=en-CA
"
10528,Trend Mine (SFO),Peace River Coal Inc.,Tumbler Ridge,0 1 PDR-46 Road,V0C 2W0,British Columbia,55.0343,-120.975,23.77,kilotonnes of carbon dioxide equivalents (kt CO2 eq),2023,Bituminous Coal Mining,https://www23.statcan.gc.ca/imdb/p3VD.pl?Function=getVD&TVD=1369825&CVD=1370970&CPV=212114&CST=27012022&CLV=5&MLV=5,https://climate-change.canada.ca/facility-emissions/GHGRP-G10528-2023.html,"http://indicators-map.canada.ca/App/Detail?id=0110528&GoCTemplateCulture=en-CA
"
10531,Peyto Oldman 11-17-055-21W5,Peyto Exploration and Development Corporation,,,N/A,Alberta,53.75495,-117.09094,87.46,kilotonnes of carbon dioxide equivalents (kt CO2 eq),2023,Oil and gas extraction (except oil sands),https://www23.statcan.gc.ca/imdb/p3VD.pl?Function=getVD&TVD=1369825&CVD=1370970&CPV=211110&CST=27012022&CLV=5&MLV=5,https://climate-change.canada.ca/facility-emissions/GHGRP-G10531-2023.html,"http://indicators-map.canada.ca/App/Detail?id=0110531&GoCTemplateCulture=en-CA
"
10533,Potash Corp - Allan Division,Potash Corporation of Saskatchewan Inc.,Allan,,S0K 0C0,Saskatchewan,51.9386,-106.084,97.03,kilotonnes of carbon dioxide equivalents (kt CO2 eq),2023,Potash Mining,https://www23.statcan.gc.ca/imdb/p3VD.pl?Function=getVD&TVD=1369825&CVD=1370970&CPV=212396&CST=27012022&CLV=5&MLV=5,https://climate-change.canada.ca/facility-emissions/GHGRP-G10533-2023.html,"http://indicators-map.canada.ca/App/Detail?id=0110533&GoCTemplateCulture=en-CA
"
10534,Boundary Dam Mine,Prairie Mines & Royalty ULC,Estevan,0  Box 3000,S4A 2W2,Saskatchewan,49.0935,-102.8864,44.87,kilotonnes of carbon dioxide equivalents (kt CO2 eq),2023,Lignite Coal Mining,https://www23.statcan.gc.ca/imdb/p3VD.pl?Function=getVD&TVD=1369825&CVD=1370970&CPV=212116&CST=27012022&CLV=5&MLV=5,https://climate-change.canada.ca/facility-emissions/GHGRP-G10534-2023.html,"http://indicators-map.canada.ca/App/Detail?id=0110534&GoCTemplateCulture=en-CA
"
10535,Produits Kruger Inc.,PRODUITS KRUGER Inc.,Crabtree,100 1 ère Avenue Avenue,J0K 1B0,Quebec,45.9633,-73.47,54.98,kilotonnes of carbon dioxide equivalents (kt CO2 eq),2023,Paper (except Newsprint) Mills,https://www23.statcan.gc.ca/imdb/p3VD.pl?Function=getVD&TVD=1369825&CVD=1370970&CPV=322121&CST=27012022&CLV=5&MLV=5,https://climate-change.canada.ca/facility-emissions/GHGRP-G10535-2023.html,"http://indicators-map.canada.ca/App/Detail?id=0110535&GoCTemplateCulture=en-CA
"
10536,Empress NGL Extraction Plant,Pembina Pipeline Corporation,Medicine Hat,,N/A,Alberta,50.6719,-110.0289,179.91,kilotonnes of carbon dioxide equivalents (kt CO2 eq),2023,Oil and gas extraction (except oil sands),https://www23.statcan.gc.ca/imdb/p3VD.pl?Function=getVD&TVD=1369825&CVD=1370970&CPV=211110&CST=27012022&CLV=5&MLV=5,https://climate-change.canada.ca/facility-emissions/GHGRP-G10536-2023.html,"http://indicators-map.canada.ca/App/Detail?id=0110536&GoCTemplateCulture=en-CA
"
10537,Toronto Refinery,Redpath Sugar Ltd,Toronto,95 Queen's Quay East,M5E 1A3,Ontario,43.64252,-79.37092,71.94,kilotonnes of carbon dioxide equivalents (kt CO2 eq),2023,Sugar Manufacturing,https://www23.statcan.gc.ca/imdb/p3VD.pl?Function=getVD&TVD=1369825&CVD=1370970&CPV=311310&CST=27012022&CLV=5&MLV=5,https://climate-change.canada.ca/facility-emissions/GHGRP-G10537-2023.html,"http://indicators-map.canada.ca/App/Detail?id=0110537&GoCTemplateCulture=en-CA
"
10538,Régie Intermunicipale Argenteuil Deux-Montagnes (RIADM),Waste Management of Canada Corporation,Lachute,6985 Chemin des sources,J8H 2C5,Quebec,45.60975,-74.23946,166.27,kilotonnes of carbon dioxide equivalents (kt CO2 eq),2023,Waste Treatment and Disposal,https://www23.statcan.gc.ca/imdb/p3VD.pl?Function=getVD&TVD=1369825&CVD=1370970&CPV=562210&CST=27012022&CLV=5&MLV=5,https://climate-change.canada.ca/facility-emissions/GHGRP-G10538-2023.html,"http://indicators-map.canada.ca/App/Detail?id=0110538&GoCTemplateCulture=en-CA
"
10539,Cambridge Landfill Site,"Region of Waterloo, Waste Management Division",Cambridge,0 201 Savage Drive,N1T 1S6,Ontario,43.368,-80.2738,3.69,kilotonnes of carbon dioxide equivalents (kt CO2 eq),2023,Waste Treatment and Disposal,https://www23.statcan.gc.ca/imdb/p3VD.pl?Function=getVD&TVD=1369825&CVD=1370970&CPV=562210&CST=27012022&CLV=5&MLV=5,https://climate-change.canada.ca/facility-emissions/GHGRP-G10539-2023.html,"http://indicators-map.canada.ca/App/Detail?id=0110539&GoCTemplateCulture=en-CA
"
10540,Waterloo Landfill Site,"Region of Waterloo, Waste Management Division",Waterloo,0 925 Erb Street West,N2J 3Z4,Ontario,43.4418,-80.5787,63.8,kilotonnes of carbon dioxide equivalents (kt CO2 eq),2023,Waste Treatment and Disposal,https://www23.statcan.gc.ca/imdb/p3VD.pl?Function=getVD&TVD=1369825&CVD=1370970&CPV=562210&CST=27012022&CLV=5&MLV=5,https://climate-change.canada.ca/facility-emissions/GHGRP-G10540-2023.html,"http://indicators-map.canada.ca/App/Detail?id=0110540&GoCTemplateCulture=en-CA
"
10544,Lieu d'enfouissement,RIGMRBM,Cowansville,2500 rang St-Joseph,J2K 0R7,Quebec,46.11599,-72.47588,67.37,kilotonnes of carbon dioxide equivalents (kt CO2 eq),2023,Waste Treatment and Disposal,https://www23.statcan.gc.ca/imdb/p3VD.pl?Function=getVD&TVD=1369825&CVD=1370970&CPV=562210&CST=27012022&CLV=5&MLV=5,https://climate-change.canada.ca/facility-emissions/GHGRP-G10544-2023.html,"http://indicators-map.canada.ca/App/Detail?id=0110544&GoCTemplateCulture=en-CA
"
10545,Université McGill - Campus Centre-Ville,Institution royale pour l'avancement des sciences,Montreal,0 840 Docteur Penfield Avenue,H3A 1A4,Quebec,45.5061,-73.5784,27.79,kilotonnes of carbon dioxide equivalents (kt CO2 eq),2023,Universities,https://www23.statcan.gc.ca/imdb/p3VD.pl?Function=getVD&TVD=1369825&CVD=1370970&CPV=611310&CST=27012022&CLV=5&MLV=5,https://climate-change.canada.ca/facility-emissions/GHGRP-G10545-2023.html,"http://indicators-map.canada.ca/App/Detail?id=0110545&GoCTemplateCulture=en-CA
"
10548,"Énergir, s.e.c.","Énergir, s.e.c.",Montréal,1717 du Havre Street,H2K 2X3,Quebec,45.5328,-73.549,56.96,kilotonnes of carbon dioxide equivalents (kt CO2 eq),2023,Natural Gas Distribution,https://www23.statcan.gc.ca/imdb/p3VD.pl?Function=getVD&TVD=1369825&CVD=1370970&CPV=221210&CST=27012022&CLV=5&MLV=5,https://climate-change.canada.ca/facility-emissions/GHGRP-G10548-2023.html,"http://indicators-map.canada.ca/App/Detail?id=0110548&GoCTemplateCulture=en-CA
"
10549,Senlac Thermal Oil Battery,Canadian Natural Resources Limited,Unity,,S0K 4L0,Saskatchewan,52.433,-109.5976,37.11,kilotonnes of carbon dioxide equivalents (kt CO2 eq),2023,Oil and gas extraction (except oil sands),https://www23.statcan.gc.ca/imdb/p3VD.pl?Function=getVD&TVD=1369825&CVD=1370970&CPV=211110&CST=27012022&CLV=5&MLV=5,https://climate-change.canada.ca/facility-emissions/GHGRP-G10549-2023.html,"http://indicators-map.canada.ca/App/Detail?id=0110549&GoCTemplateCulture=en-CA
"
10550,Gordondale East Gas Plant,NorthRiver Midstream Inc.,Spirit River,,T0H 3G0,Alberta,55.87937,-119.29407,67.95,kilotonnes of carbon dioxide equivalents (kt CO2 eq),2023,Oil and gas extraction (except oil sands),https://www23.statcan.gc.ca/imdb/p3VD.pl?Function=getVD&TVD=1369825&CVD=1370970&CPV=211110&CST=27012022&CLV=5&MLV=5,https://climate-change.canada.ca/facility-emissions/GHGRP-G10550-2023.html,"http://indicators-map.canada.ca/App/Detail?id=0110550&GoCTemplateCulture=en-CA
"
10551,Highway Gas Plant,NorthRiver Midstream Inc.,Peace River District,0  Mile 121 Alaska Highway,V1J 4H7,British Columbia,56.94445,-122.07422,55.17,kilotonnes of carbon dioxide equivalents (kt CO2 eq),2023,Oil and gas extraction (except oil sands),https://www23.statcan.gc.ca/imdb/p3VD.pl?Function=getVD&TVD=1369825&CVD=1370970&CPV=211110&CST=27012022&CLV=5&MLV=5,https://climate-change.canada.ca/facility-emissions/GHGRP-G10551-2023.html,"http://indicators-map.canada.ca/App/Detail?id=0110551&GoCTemplateCulture=en-CA
"
10552,Jedney I Gas Plant,NorthRiver Midstream Inc.,Fort St. John,Mile 126 Alaska Hwy. Turn @ PetroCan Jedney sign.,V1J 4H7,British Columbia,57.23454,-122.22098,97.75,kilotonnes of carbon dioxide equivalents (kt CO2 eq),2023,Oil and gas extraction (except oil sands),https://www23.statcan.gc.ca/imdb/p3VD.pl?Function=getVD&TVD=1369825&CVD=1370970&CPV=211110&CST=27012022&CLV=5&MLV=5,https://climate-change.canada.ca/facility-emissions/GHGRP-G10552-2023.html,"http://indicators-map.canada.ca/App/Detail?id=0110552&GoCTemplateCulture=en-CA
"
10554,St. Clair Energy Center,"St. Clair Power, LP",Corunna,790 Petrolia Line,N0N 1G0,Ontario,42.8967,-82.3982,891.47,kilotonnes of carbon dioxide equivalents (kt CO2 eq),2023,Fossil-Fuel Electric Power Generation,https://www23.statcan.gc.ca/imdb/p3VD.pl?Function=getVD&TVD=1369825&CVD=1370970&CPV=221112&CST=27012022&CLV=5&MLV=5,https://climate-change.canada.ca/facility-emissions/GHGRP-G10554-2023.html,"http://indicators-map.canada.ca/App/Detail?id=0110554&GoCTemplateCulture=en-CA
"
10555,Simonette Gas Plant,Keyera Corp,Simonette,,N/A,Alberta,54.4233,-117.7604,97.33,kilotonnes of carbon dioxide equivalents (kt CO2 eq),2023,Oil and gas extraction (except oil sands),https://www23.statcan.gc.ca/imdb/p3VD.pl?Function=getVD&TVD=1369825&CVD=1370970&CPV=211110&CST=27012022&CLV=5&MLV=5,https://climate-change.canada.ca/facility-emissions/GHGRP-G10555-2023.html,"http://indicators-map.canada.ca/App/Detail?id=0110555&GoCTemplateCulture=en-CA
"
10556,Ferrier Gas Plant,Canlin Energy Corporation,Rocky Mountain House,,T4T 1B1,Alberta,52.496,-114.988,47.13,kilotonnes of carbon dioxide equivalents (kt CO2 eq),2023,Oil and gas extraction (except oil sands),https://www23.statcan.gc.ca/imdb/p3VD.pl?Function=getVD&TVD=1369825&CVD=1370970&CPV=211110&CST=27012022&CLV=5&MLV=5,https://climate-change.canada.ca/facility-emissions/GHGRP-G10556-2023.html,"http://indicators-map.canada.ca/App/Detail?id=0110556&GoCTemplateCulture=en-CA
"
10557,Firebag,Suncor Energy Oil Sands Limited Partnership,Ft. McMurray,,T9H 3H3,Alberta,57.2175,-110.895,5717.65,kilotonnes of carbon dioxide equivalents (kt CO2 eq),2023,In-situ oil sands extraction,https://www23.statcan.gc.ca/imdb/p3VD.pl?Function=getVD&TVD=1369825&CVD=1370970&CPV=211141&CST=27012022&CLV=5&MLV=5,https://climate-change.canada.ca/facility-emissions/GHGRP-G10557-2023.html,"http://indicators-map.canada.ca/App/Detail?id=0110557&GoCTemplateCulture=en-CA
"
10558,Suncor Energy Inc. Oil Sands,Suncor Energy Oil Sands Limited Partnership,Fort McMurray,1 Tar Island,T9H 3E3,Alberta,57.01027,-111.481,7650.11,kilotonnes of carbon dioxide equivalents (kt CO2 eq),2023,Mined oil sands extraction,https://www23.statcan.gc.ca/imdb/p3VD.pl?Function=getVD&TVD=1369825&CVD=1370970&CPV=211142&CST=27012022&CLV=5&MLV=5,https://climate-change.canada.ca/facility-emissions/GHGRP-G10558-2023.html,"http://indicators-map.canada.ca/App/Detail?id=0110558&GoCTemplateCulture=en-CA
"
10559,St. Clair Ethanol Plant,Suncor Energy Inc.,Mooretown,535 Rokeby Line,N0N 1M0,Ontario,42.85649,-82.41989,139.22,kilotonnes of carbon dioxide equivalents (kt CO2 eq),2023,Other Basic Organic Chemical Manufacturing,https://www23.statcan.gc.ca/imdb/p3VD.pl?Function=getVD&TVD=1369825&CVD=1370970&CPV=325190&CST=27012022&CLV=5&MLV=5,https://climate-change.canada.ca/facility-emissions/GHGRP-G10559-2023.html,"http://indicators-map.canada.ca/App/Detail?id=0110559&GoCTemplateCulture=en-CA
"
10560,PETROMET BIGSTONE WEST FIR 14-28-59-22,Peyto Exploration and Development Corporation,,,N/A,Alberta,54.13591,-117.24179,56.15,kilotonnes of carbon dioxide equivalents (kt CO2 eq),2023,Oil and gas extraction (except oil sands),https://www23.statcan.gc.ca/imdb/p3VD.pl?Function=getVD&TVD=1369825&CVD=1370970&CPV=211110&CST=27012022&CLV=5&MLV=5,https://climate-change.canada.ca/facility-emissions/GHGRP-G10560-2023.html,"http://indicators-map.canada.ca/App/Detail?id=0110560&GoCTemplateCulture=en-CA
"
10561,PETROMET WILD RIVER 10-20 PLANT,Peyto Exploration and Development Corporation,Na,,N/A,Alberta,53.85561,-117.38007,56.99,kilotonnes of carbon dioxide equivalents (kt CO2 eq),2023,Oil and gas extraction (except oil sands),https://www23.statcan.gc.ca/imdb/p3VD.pl?Function=getVD&TVD=1369825&CVD=1370970&CPV=211110&CST=27012022&CLV=5&MLV=5,https://climate-change.canada.ca/facility-emissions/GHGRP-G10561-2023.html,"http://indicators-map.canada.ca/App/Detail?id=0110561&GoCTemplateCulture=en-CA
"
10562,102078290 Saskatchewan Ltd.,102078290 Saskatchewan Ltd.,Belle Plaine,5 KM North on Kalium Road,S0G 0G0,Saskatchewan,50.44213,-105.22224,75.44,kilotonnes of carbon dioxide equivalents (kt CO2 eq),2023,Other Basic Organic Chemical Manufacturing,https://www23.statcan.gc.ca/imdb/p3VD.pl?Function=getVD&TVD=1369825&CVD=1370970&CPV=325190&CST=27012022&CLV=5&MLV=5,https://climate-change.canada.ca/facility-emissions/GHGRP-G10562-2023.html,"http://indicators-map.canada.ca/App/Detail?id=0110562&GoCTemplateCulture=en-CA
"
10563,Tolko High Level Lumber Division,Tolko Industries Ltd.,High Level,11401 92 Street Street,T0H 1Z0,Alberta,58.50033,-117.13662,23.44,kilotonnes of carbon dioxide equivalents (kt CO2 eq),2023,Sawmills (except Shingle and Shake Mills),https://www23.statcan.gc.ca/imdb/p3VD.pl?Function=getVD&TVD=1369825&CVD=1370970&CPV=321111&CST=27012022&CLV=5&MLV=5,https://climate-change.canada.ca/facility-emissions/GHGRP-G10563-2023.html,"http://indicators-map.canada.ca/App/Detail?id=0110563&GoCTemplateCulture=en-CA
"
10564,Toyota Motor Manufacturing Canada Inc. (Cambridge),Toyota Motor Manufacturing Canada Inc.,Cambridge,1055 Fountain Street North,N3H 5K2,Ontario,43.4198,-80.3708,73.62,kilotonnes of carbon dioxide equivalents (kt CO2 eq),2023,Automobile and Light-Duty Motor Vehicle Manufacturing,https://www23.statcan.gc.ca/imdb/p3VD.pl?Function=getVD&TVD=1369825&CVD=1370970&CPV=336110&CST=27012022&CLV=5&MLV=5,https://climate-change.canada.ca/facility-emissions/GHGRP-G10564-2023.html,"http://indicators-map.canada.ca/App/Detail?id=0110564&GoCTemplateCulture=en-CA
"
10566,Heating Plant,University of Alberta Heating Plant,Edmonton,0 115 University Campus NW,T6G 2N7,Alberta,53.5196,-113.529,215.99,kilotonnes of carbon dioxide equivalents (kt CO2 eq),2023,Universities,https://www23.statcan.gc.ca/imdb/p3VD.pl?Function=getVD&TVD=1369825&CVD=1370970&CPV=611310&CST=27012022&CLV=5&MLV=5,https://climate-change.canada.ca/facility-emissions/GHGRP-G10566-2023.html,"http://indicators-map.canada.ca/App/Detail?id=0110566&GoCTemplateCulture=en-CA
"
10567,University of Windsor,University of Windsor,Windsor,0 401 Sunset Avenue,N9B 3P4,Ontario,42.3062,-83.0678,15.22,kilotonnes of carbon dioxide equivalents (kt CO2 eq),2023,Universities,https://www23.statcan.gc.ca/imdb/p3VD.pl?Function=getVD&TVD=1369825&CVD=1370970&CPV=611310&CST=27012022&CLV=5&MLV=5,https://climate-change.canada.ca/facility-emissions/GHGRP-G10567-2023.html,"http://indicators-map.canada.ca/App/Detail?id=0110567&GoCTemplateCulture=en-CA
"
10568,Aitken Creek Gas Storage_LFO,Aitken Creek Gas Storage ULC,Fort St John,22340 Mile 115 Alaska Highway North,V1J 1Z9,British Columbia,56.9561,-121.9156,61.16,kilotonnes of carbon dioxide equivalents (kt CO2 eq),2023,Oil and gas extraction (except oil sands),https://www23.statcan.gc.ca/imdb/p3VD.pl?Function=getVD&TVD=1369825&CVD=1370970&CPV=211110&CST=27012022&CLV=5&MLV=5,https://climate-change.canada.ca/facility-emissions/GHGRP-G10568-2023.html,"http://indicators-map.canada.ca/App/Detail?id=0110568&GoCTemplateCulture=en-CA
"
10569,Thompson Operations,Vale Canada Ltd,Thompson,1 Inco Road,R8N 1P3,Manitoba,55.7138,-97.8561,18.83,kilotonnes of carbon dioxide equivalents (kt CO2 eq),2023,Nickel-Copper Ore Mining,https://www23.statcan.gc.ca/imdb/p3VD.pl?Function=getVD&TVD=1369825&CVD=1370970&CPV=212232&CST=27012022&CLV=5&MLV=5,https://climate-change.canada.ca/facility-emissions/GHGRP-G10569-2023.html,"http://indicators-map.canada.ca/App/Detail?id=0110569&GoCTemplateCulture=en-CA
"
10570,Voisey's Bay Mine Site,Vale Newfoundland and Labrador Limited,Happy Valley Goose Bay,,A0P 1C0,Newfoundland and Labrador,56.33826,-62.09508,173.79,kilotonnes of carbon dioxide equivalents (kt CO2 eq),2023,Nickel-Copper Ore Mining,https://www23.statcan.gc.ca/imdb/p3VD.pl?Function=getVD&TVD=1369825&CVD=1370970&CPV=212232&CST=27012022&CLV=5&MLV=5,https://climate-change.canada.ca/facility-emissions/GHGRP-G10570-2023.html,"http://indicators-map.canada.ca/App/Detail?id=0110570&GoCTemplateCulture=en-CA
"
10571,Station d'épuration des eaux usées Jean-R.-Marcotte,Ville de Montréal,Montréal,12001 Maurice-Duplessis Boulevard Northeast,H1C 1V3,Quebec,45.6722,-73.525,82.41,kilotonnes of carbon dioxide equivalents (kt CO2 eq),2023,Sewage Treatment Facilities,https://www23.statcan.gc.ca/imdb/p3VD.pl?Function=getVD&TVD=1369825&CVD=1370970&CPV=221320&CST=27012022&CLV=5&MLV=5,https://climate-change.canada.ca/facility-emissions/GHGRP-G10571-2023.html,"http://indicators-map.canada.ca/App/Detail?id=0110571&GoCTemplateCulture=en-CA
"
10572,St. Nicephore Landfill,Waste Management of Canada Corporation,St. Nicephore,25 Gagnon Street,J2A 3H3,Quebec,45.81043,-72.37557,124.89,kilotonnes of carbon dioxide equivalents (kt CO2 eq),2023,Waste Treatment and Disposal,https://www23.statcan.gc.ca/imdb/p3VD.pl?Function=getVD&TVD=1369825&CVD=1370970&CPV=562210&CST=27012022&CLV=5&MLV=5,https://climate-change.canada.ca/facility-emissions/GHGRP-G10572-2023.html,"http://indicators-map.canada.ca/App/Detail?id=0110572&GoCTemplateCulture=en-CA
"
10573,Cache Creek Landfill,Wastech Services Ltd.,Cache Creek,525 South Trans Canada Highway,V0K 1H0,British Columbia,50.79013,-121.32038,39.19,kilotonnes of carbon dioxide equivalents (kt CO2 eq),2023,Other Electric Power Generation,https://www23.statcan.gc.ca/imdb/p3VD.pl?Function=getVD&TVD=1369825&CVD=1370970&CPV=221119&CST=27012022&CLV=5&MLV=5,https://climate-change.canada.ca/facility-emissions/GHGRP-G10573-2023.html,"http://indicators-map.canada.ca/App/Detail?id=0110573&GoCTemplateCulture=en-CA
"
10575,"Quesnel River Pulp, a division of West Fraser Mills Ltd.",West Fraser Mills Ltd.,Quesnel,1000 Finning Road,V2J 6A1,British Columbia,53.0058,-122.5026,67.23,kilotonnes of carbon dioxide equivalents (kt CO2 eq),2023,Mechanical Pulp Mills,https://www23.statcan.gc.ca/imdb/p3VD.pl?Function=getVD&TVD=1369825&CVD=1370970&CPV=322111&CST=27012022&CLV=5&MLV=5,https://climate-change.canada.ca/facility-emissions/GHGRP-G10575-2023.html,"http://indicators-map.canada.ca/App/Detail?id=0110575&GoCTemplateCulture=en-CA
"
10576,"Ranger Board, a division of West Fraser Mills Ltd.",West Fraser Mills Ltd.,Blue Ridge,595007 Highway 658 Highway North,T0E 0B0,Alberta,54.2382,-115.3797,24.49,kilotonnes of carbon dioxide equivalents (kt CO2 eq),2023,Particle Board and Fibreboard Mills,https://www23.statcan.gc.ca/imdb/p3VD.pl?Function=getVD&TVD=1369825&CVD=1370970&CPV=321216&CST=27012022&CLV=5&MLV=5,https://climate-change.canada.ca/facility-emissions/GHGRP-G10576-2023.html,"http://indicators-map.canada.ca/App/Detail?id=0110576&GoCTemplateCulture=en-CA
"
10577,Whitecourt Electric Power Generating Facility,Whitecourt Power Limited Partnership,Whitecourt,3 km northwest of Whitecourt on the south side of Hwy 43,T7S 1P6,Alberta,54.16236,-115.7339,5.02,kilotonnes of carbon dioxide equivalents (kt CO2 eq),2023,Other Electric Power Generation,https://www23.statcan.gc.ca/imdb/p3VD.pl?Function=getVD&TVD=1369825&CVD=1370970&CPV=221119&CST=27012022&CLV=5&MLV=5,https://climate-change.canada.ca/facility-emissions/GHGRP-G10577-2023.html,"http://indicators-map.canada.ca/App/Detail?id=0110577&GoCTemplateCulture=en-CA
"
10578,"Glencore Canada Corporation, CCR refinery",Glencore Canada Corporation,Montréal Est,0 220 Durocher Avenue Northwest,H1B 5H6,Quebec,45.6283,-73.5125,59.81,kilotonnes of carbon dioxide equivalents (kt CO2 eq),2023,Non-Ferrous Metal (except Aluminum) Smelting and Refining,https://www23.statcan.gc.ca/imdb/p3VD.pl?Function=getVD&TVD=1369825&CVD=1370970&CPV=331410&CST=27012022&CLV=5&MLV=5,https://climate-change.canada.ca/facility-emissions/GHGRP-G10578-2023.html,"http://indicators-map.canada.ca/App/Detail?id=0110578&GoCTemplateCulture=en-CA
"
10579,Glencore Canada Corporation - Fonderie Horne,Glencore Canada Corporation,Rouyn Noranda,156 Marcel-Baril Avenue,J9X 7C1,Quebec,48.25417,-79.01667,120.89,kilotonnes of carbon dioxide equivalents (kt CO2 eq),2023,Non-Ferrous Metal (except Aluminum) Smelting and Refining,https://www23.statcan.gc.ca/imdb/p3VD.pl?Function=getVD&TVD=1369825&CVD=1370970&CPV=331410&CST=27012022&CLV=5&MLV=5,https://climate-change.canada.ca/facility-emissions/GHGRP-G10579-2023.html,"http://indicators-map.canada.ca/App/Detail?id=0110579&GoCTemplateCulture=en-CA
"
10580,Sudbury Operations Mines Mill - Onaping Area,Glencore Canada Corporation,Onaping,Strathcona Services Bldg Street,P0M 2R0,Ontario,46.67417,-81.3425,25,kilotonnes of carbon dioxide equivalents (kt CO2 eq),2023,Nickel-Copper Ore Mining,https://www23.statcan.gc.ca/imdb/p3VD.pl?Function=getVD&TVD=1369825&CVD=1370970&CPV=212232&CST=27012022&CLV=5&MLV=5,https://climate-change.canada.ca/facility-emissions/GHGRP-G10580-2023.html,"http://indicators-map.canada.ca/App/Detail?id=0110580&GoCTemplateCulture=en-CA
"
10581,Global Contract Inc.,Global Contract Limited Partnership,North York,565 Petrolia Road,M3J 2X8,Ontario,43.7747,-79.4857,1.72,kilotonnes of carbon dioxide equivalents (kt CO2 eq),2023,Office Furniture (except Wood) Manufacturing,https://www23.statcan.gc.ca/imdb/p3VD.pl?Function=getVD&TVD=1369825&CVD=1370970&CPV=337214&CST=27012022&CLV=5&MLV=5,https://climate-change.canada.ca/facility-emissions/GHGRP-G10581-2023.html,"http://indicators-map.canada.ca/App/Detail?id=0110581&GoCTemplateCulture=en-CA
"
10582,Incinérateur,Ville de Québec,Québec,1210 Montmorency Boulevard,G1J 3V9,Quebec,46.8318,-71.224,91.28,kilotonnes of carbon dioxide equivalents (kt CO2 eq),2023,Waste Treatment and Disposal,https://www23.statcan.gc.ca/imdb/p3VD.pl?Function=getVD&TVD=1369825&CVD=1370970&CPV=562210&CST=27012022&CLV=5&MLV=5,https://climate-change.canada.ca/facility-emissions/GHGRP-G10582-2023.html,"http://indicators-map.canada.ca/App/Detail?id=0110582&GoCTemplateCulture=en-CA
"
10583,Site d'enfouissement Saint-Tite-des-Caps,Ville de Québec,Saint Tite Des Caps,50 138 Boulevard,G0A 4J0,Quebec,47.10952,-70.83753,18.39,kilotonnes of carbon dioxide equivalents (kt CO2 eq),2023,Waste Treatment and Disposal,https://www23.statcan.gc.ca/imdb/p3VD.pl?Function=getVD&TVD=1369825&CVD=1370970&CPV=562210&CST=27012022&CLV=5&MLV=5,https://climate-change.canada.ca/facility-emissions/GHGRP-G10583-2023.html,"http://indicators-map.canada.ca/App/Detail?id=0110583&GoCTemplateCulture=en-CA
"
10585,Varennes Facility,3313045 NOVA SCOTIA COMPANY,Varennes,0 4445 boul. Marie Victorin,J3X 1T3,Quebec,45.7317,-73.4033,16.83,kilotonnes of carbon dioxide equivalents (kt CO2 eq),2023,Polystyrene Foam Product Manufacturing,https://www23.statcan.gc.ca/imdb/p3VD.pl?Function=getVD&TVD=1369825&CVD=1370970&CPV=326140&CST=27012022&CLV=5&MLV=5,https://climate-change.canada.ca/facility-emissions/GHGRP-G10585-2023.html,"http://indicators-map.canada.ca/App/Detail?id=0110585&GoCTemplateCulture=en-CA
"
10586,ADM AGRI-INDUSTRIES - ADM Lloydminster,ADM Agri-Industries Company,Lloydminster,4805 62 Avenue,T9V 2J7,Alberta,53.2838,-110.0319,64.12,kilotonnes of carbon dioxide equivalents (kt CO2 eq),2023,Oilseed Processing,https://www23.statcan.gc.ca/imdb/p3VD.pl?Function=getVD&TVD=1369825&CVD=1370970&CPV=311224&CST=27012022&CLV=5&MLV=5,https://climate-change.canada.ca/facility-emissions/GHGRP-G10586-2023.html,"http://indicators-map.canada.ca/App/Detail?id=0110586&GoCTemplateCulture=en-CA
"
10587,Division Meadowbank,Agnico Eagle Mines Ltd.  (DO NOT USE),Baker Lake,540,X0C 0A0,Nunavut,65.0149,-96.0524,253.81,kilotonnes of carbon dioxide equivalents (kt CO2 eq),2023,Gold and Silver Ore Mining,https://www23.statcan.gc.ca/imdb/p3VD.pl?Function=getVD&TVD=1369825&CVD=1370970&CPV=212220&CST=27012022&CLV=5&MLV=5,https://climate-change.canada.ca/facility-emissions/GHGRP-G10587-2023.html,"http://indicators-map.canada.ca/App/Detail?id=0110587&GoCTemplateCulture=en-CA
"
10589,Mine de Fire Lake,ArcelorMittal Exploitation Minière Canada s.e.n.c.,Mont Wright,1000 route 389,G0G 1J0,Quebec,52.35028,-67.36917,49.31,kilotonnes of carbon dioxide equivalents (kt CO2 eq),2023,Iron Ore Mining,https://www23.statcan.gc.ca/imdb/p3VD.pl?Function=getVD&TVD=1369825&CVD=1370970&CPV=212210&CST=27012022&CLV=5&MLV=5,https://climate-change.canada.ca/facility-emissions/GHGRP-G10589-2023.html,"http://indicators-map.canada.ca/App/Detail?id=0110589&GoCTemplateCulture=en-CA
"
10591,Beaver Regional Landfill,Claystone Waste Limited Partnership,Beaver County,"NE, SE and NW 1/4 of 10-50-17-W4, excepting the 21.3 acre acreage parcel located",T0B 4A0,Alberta,53.3055,-112.4021,25.23,kilotonnes of carbon dioxide equivalents (kt CO2 eq),2023,Waste Treatment and Disposal,https://www23.statcan.gc.ca/imdb/p3VD.pl?Function=getVD&TVD=1369825&CVD=1370970&CPV=562210&CST=27012022&CLV=5&MLV=5,https://climate-change.canada.ca/facility-emissions/GHGRP-G10591-2023.html,"http://indicators-map.canada.ca/App/Detail?id=0110591&GoCTemplateCulture=en-CA
"
10594,Saint John LNG Marine Terminal & Multi-Purpose Pier,Saint John LNG Limited Partnership,Saint John,2530 Red Head Road,E2L 3T5,New Brunswick,45.2125,-65.9781,10.67,kilotonnes of carbon dioxide equivalents (kt CO2 eq),2023,Natural Gas Distribution,https://www23.statcan.gc.ca/imdb/p3VD.pl?Function=getVD&TVD=1369825&CVD=1370970&CPV=221210&CST=27012022&CLV=5&MLV=5,https://climate-change.canada.ca/facility-emissions/GHGRP-G10594-2023.html,"http://indicators-map.canada.ca/App/Detail?id=0110594&GoCTemplateCulture=en-CA
"
10599,CEVPC 720 Beatty Street,CREATIVE ENERGY VANCOUVER PLATFORMS CORP,Vancouver,1 720 Beatty Street North,V6B 2M1,British Columbia,49.278,-123.113,93.89,kilotonnes of carbon dioxide equivalents (kt CO2 eq),2023,Steam and Air-Conditioning Supply,https://www23.statcan.gc.ca/imdb/p3VD.pl?Function=getVD&TVD=1369825&CVD=1370970&CPV=221330&CST=27012022&CLV=5&MLV=5,https://climate-change.canada.ca/facility-emissions/GHGRP-G10599-2023.html,"http://indicators-map.canada.ca/App/Detail?id=0110599&GoCTemplateCulture=en-CA
"
10601,City of Thunder Bay Solid Waste and Recycling Facility,City of Thunder Bay,Thunder Bay,5405 Mapleward Road,P7G 1T7,Ontario,48.43632,-89.37885,18.29,kilotonnes of carbon dioxide equivalents (kt CO2 eq),2023,Waste Treatment and Disposal,https://www23.statcan.gc.ca/imdb/p3VD.pl?Function=getVD&TVD=1369825&CVD=1370970&CPV=562210&CST=27012022&CLV=5&MLV=5,https://climate-change.canada.ca/facility-emissions/GHGRP-G10601-2023.html,"http://indicators-map.canada.ca/App/Detail?id=0110601&GoCTemplateCulture=en-CA
"
10602,Clean Harbors Canada Inc. [Corunna],"Clean Harbors Canada, Inc. [principal]",Corunna,4090 Telfer Road North,N0N 1G0,Ontario,42.5245,-82.186,56.06,kilotonnes of carbon dioxide equivalents (kt CO2 eq),2023,Waste Treatment and Disposal,https://www23.statcan.gc.ca/imdb/p3VD.pl?Function=getVD&TVD=1369825&CVD=1370970&CPV=562210&CST=27012022&CLV=5&MLV=5,https://climate-change.canada.ca/facility-emissions/GHGRP-G10602-2023.html,"http://indicators-map.canada.ca/App/Detail?id=0110602&GoCTemplateCulture=en-CA
"
10604,Algar,Connacher Oil and Gas Limited,Fort McMurray,,N/A,Alberta,56.11314,-111.71534,274.13,kilotonnes of carbon dioxide equivalents (kt CO2 eq),2023,In-situ oil sands extraction,https://www23.statcan.gc.ca/imdb/p3VD.pl?Function=getVD&TVD=1369825&CVD=1370970&CPV=211141&CST=27012022&CLV=5&MLV=5,https://climate-change.canada.ca/facility-emissions/GHGRP-G10604-2023.html,"http://indicators-map.canada.ca/App/Detail?id=0110604&GoCTemplateCulture=en-CA
"
10605,Descor Industries Inc.,Descor Industries Inc.,Markham,15 Riviera Drive,L3R 8N4,Ontario,43.8295,-79.3493,0.39,kilotonnes of carbon dioxide equivalents (kt CO2 eq),2023,"Wood Office Furniture, including Custom Architectural Woodwork, Manufacturing",https://www23.statcan.gc.ca/imdb/p3VD.pl?Function=getVD&TVD=1369825&CVD=1370970&CPV=337213&CST=27012022&CLV=5&MLV=5,https://climate-change.canada.ca/facility-emissions/GHGRP-G10605-2023.html,"http://indicators-map.canada.ca/App/Detail?id=0110605&GoCTemplateCulture=en-CA
"
10606,Hythe Brainard Sour Gas Plant,Veresen Midstream General Partner Inc.,,,N/A,Alberta,55.4891,-119.7508,137.42,kilotonnes of carbon dioxide equivalents (kt CO2 eq),2023,Oil and gas extraction (except oil sands),https://www23.statcan.gc.ca/imdb/p3VD.pl?Function=getVD&TVD=1369825&CVD=1370970&CPV=211110&CST=27012022&CLV=5&MLV=5,https://climate-change.canada.ca/facility-emissions/GHGRP-G10606-2023.html,"http://indicators-map.canada.ca/App/Detail?id=0110606&GoCTemplateCulture=en-CA
"
10607,Crossfield Energy Centre,Enmax Generation Portfolio Inc,Crossfield,,T0M 0S0,Alberta,51.3994,-114.0049,141.79,kilotonnes of carbon dioxide equivalents (kt CO2 eq),2023,Fossil-Fuel Electric Power Generation,https://www23.statcan.gc.ca/imdb/p3VD.pl?Function=getVD&TVD=1369825&CVD=1370970&CPV=221112&CST=27012022&CLV=5&MLV=5,https://climate-change.canada.ca/facility-emissions/GHGRP-G10607-2023.html,"http://indicators-map.canada.ca/App/Detail?id=0110607&GoCTemplateCulture=en-CA
"
10608,London District Energy,London District Energy LP,London,301 Colborne Street,N6B 2S8,Ontario,42.9829,-81.2384,46.1,kilotonnes of carbon dioxide equivalents (kt CO2 eq),2023,Steam and Air-Conditioning Supply,https://www23.statcan.gc.ca/imdb/p3VD.pl?Function=getVD&TVD=1369825&CVD=1370970&CPV=221330&CST=27012022&CLV=5&MLV=5,https://climate-change.canada.ca/facility-emissions/GHGRP-G10608-2023.html,"http://indicators-map.canada.ca/App/Detail?id=0110608&GoCTemplateCulture=en-CA
"
10609,Global Upholstery,Global Upholstery Co. Ltd.,Downsview,560 Supertest Road South,M3J 2M6,Ontario,43.7768,-79.4756,3.35,kilotonnes of carbon dioxide equivalents (kt CO2 eq),2023,Office Furniture (except Wood) Manufacturing,https://www23.statcan.gc.ca/imdb/p3VD.pl?Function=getVD&TVD=1369825&CVD=1370970&CPV=337214&CST=27012022&CLV=5&MLV=5,https://climate-change.canada.ca/facility-emissions/GHGRP-G10609-2023.html,"http://indicators-map.canada.ca/App/Detail?id=0110609&GoCTemplateCulture=en-CA
"
10610,Englehart Oriented Strand Board Plant,GP North Woods LP,Englehart,3270222 Highway 11  North,P0J 1H0,Ontario,47.8242,-79.885,14.3,kilotonnes of carbon dioxide equivalents (kt CO2 eq),2023,Waferboard Mills,https://www23.statcan.gc.ca/imdb/p3VD.pl?Function=getVD&TVD=1369825&CVD=1370970&CPV=321217&CST=27012022&CLV=5&MLV=5,https://climate-change.canada.ca/facility-emissions/GHGRP-G10610-2023.html,"http://indicators-map.canada.ca/App/Detail?id=0110610&GoCTemplateCulture=en-CA
"
10611,CST Coal,CST Canada Coal Limited,Md of Greenview,20 KM North of Grande Cache,T0E 0Y0,Alberta,54.0066,-119.1055,81.09,kilotonnes of carbon dioxide equivalents (kt CO2 eq),2023,Bituminous Coal Mining,https://www23.statcan.gc.ca/imdb/p3VD.pl?Function=getVD&TVD=1369825&CVD=1370970&CPV=212114&CST=27012022&CLV=5&MLV=5,https://climate-change.canada.ca/facility-emissions/GHGRP-G10611-2023.html,"http://indicators-map.canada.ca/App/Detail?id=0110611&GoCTemplateCulture=en-CA
"
10612,Highbury Canco Corporation,Highbury Canco Corporation,Leamington,148 Erie Street South,N8H 0C3,Ontario,42.0437,-82.5991,53.3,kilotonnes of carbon dioxide equivalents (kt CO2 eq),2023,"Fruit and Vegetable Canning, Pickling and Drying",https://www23.statcan.gc.ca/imdb/p3VD.pl?Function=getVD&TVD=1369825&CVD=1370970&CPV=311420&CST=27012022&CLV=5&MLV=5,https://climate-change.canada.ca/facility-emissions/GHGRP-G10612-2023.html,"http://indicators-map.canada.ca/App/Detail?id=0110612&GoCTemplateCulture=en-CA
"
10613,Mount Polley Mine,Imperial Metals Corporation,Likely,5720 Bootjack Forest Service Road,V0L 1N0,British Columbia,52.5443,-121.6328,49.47,kilotonnes of carbon dioxide equivalents (kt CO2 eq),2023,All Other Metal Ore Mining,https://www23.statcan.gc.ca/imdb/p3VD.pl?Function=getVD&TVD=1369825&CVD=1370970&CPV=212299&CST=27012022&CLV=5&MLV=5,https://climate-change.canada.ca/facility-emissions/GHGRP-G10613-2023.html,"http://indicators-map.canada.ca/App/Detail?id=0110613&GoCTemplateCulture=en-CA
"
10614,Ivaco Rolling Mills,Ivaco Rolling Mills 2004 L. P.,L'Orignal,1040 County Rd 17 Road,K0B 1K0,Ontario,45.6133,-74.705,106.69,kilotonnes of carbon dioxide equivalents (kt CO2 eq),2023,Iron and Steel Mills and Ferro-Alloy Manufacturing,https://www23.statcan.gc.ca/imdb/p3VD.pl?Function=getVD&TVD=1369825&CVD=1370970&CPV=331110&CST=27012022&CLV=5&MLV=5,https://climate-change.canada.ca/facility-emissions/GHGRP-G10614-2023.html,"http://indicators-map.canada.ca/App/Detail?id=0110614&GoCTemplateCulture=en-CA
"
10617,Macassa Mine,Agnico Eagle Mines Limited (MAIN),Kirkland Lake,66 Highway,P2N 3J1,Ontario,48.14611,-80.06056,25.32,kilotonnes of carbon dioxide equivalents (kt CO2 eq),2023,Gold and Silver Ore Mining,https://www23.statcan.gc.ca/imdb/p3VD.pl?Function=getVD&TVD=1369825&CVD=1370970&CPV=212220&CST=27012022&CLV=5&MLV=5,https://climate-change.canada.ca/facility-emissions/GHGRP-G10617-2023.html,"http://indicators-map.canada.ca/App/Detail?id=0110617&GoCTemplateCulture=en-CA
"
10618,Montreal Facility,Terrapure BR Ltd.,Sainte Catherine,1200 Garnier Street,J5C 1B4,Quebec,45.4,-73.6,47.69,kilotonnes of carbon dioxide equivalents (kt CO2 eq),2023,Non-Ferrous Foundries (except Die-Casting),https://www23.statcan.gc.ca/imdb/p3VD.pl?Function=getVD&TVD=1369825&CVD=1370970&CPV=331529&CST=27012022&CLV=5&MLV=5,https://climate-change.canada.ca/facility-emissions/GHGRP-G10618-2023.html,"http://indicators-map.canada.ca/App/Detail?id=0110618&GoCTemplateCulture=en-CA
"
10619,MEG Christina Lake Cogeneration Facility,MEG Energy Corp.,Regional Municipality of Wood ,,T2T 6N9,Alberta,55.66638,-110.71404,1207.71,kilotonnes of carbon dioxide equivalents (kt CO2 eq),2023,In-situ oil sands extraction,https://www23.statcan.gc.ca/imdb/p3VD.pl?Function=getVD&TVD=1369825&CVD=1370970&CPV=211141&CST=27012022&CLV=5&MLV=5,https://climate-change.canada.ca/facility-emissions/GHGRP-G10619-2023.html,"http://indicators-map.canada.ca/App/Detail?id=0110619&GoCTemplateCulture=en-CA
"
10620,MOSAIC POTASH ESTERHAZY - K2 SITE,Mosaic Potash Esterhazy Limited Partnership,Esterhazy,Highway 22 Highway,S0A 0X0,Saskatchewan,50.6574,-101.8422,100.75,kilotonnes of carbon dioxide equivalents (kt CO2 eq),2023,Potash Mining,https://www23.statcan.gc.ca/imdb/p3VD.pl?Function=getVD&TVD=1369825&CVD=1370970&CPV=212396&CST=27012022&CLV=5&MLV=5,https://climate-change.canada.ca/facility-emissions/GHGRP-G10620-2023.html,"http://indicators-map.canada.ca/App/Detail?id=0110620&GoCTemplateCulture=en-CA
"
10621,New Forest Paper Mills LP,New Forest Paper Mills LP,Scarborough,333 Progress Avenue,M1P 2Z7,Ontario,43.7749,-79.2648,74.05,kilotonnes of carbon dioxide equivalents (kt CO2 eq),2023,Paperboard Mills,https://www23.statcan.gc.ca/imdb/p3VD.pl?Function=getVD&TVD=1369825&CVD=1370970&CPV=322130&CST=27012022&CLV=5&MLV=5,https://climate-change.canada.ca/facility-emissions/GHGRP-G10621-2023.html,"http://indicators-map.canada.ca/App/Detail?id=0110621&GoCTemplateCulture=en-CA
"
10622,Thorold Cogen Generating Station,Northland Power Inc.,Thorold,90 Allanburg Road,L2V 0A8,Ontario,43.106,-79.1988,359.86,kilotonnes of carbon dioxide equivalents (kt CO2 eq),2023,Fossil-Fuel Electric Power Generation,https://www23.statcan.gc.ca/imdb/p3VD.pl?Function=getVD&TVD=1369825&CVD=1370970&CPV=221112&CST=27012022&CLV=5&MLV=5,https://climate-change.canada.ca/facility-emissions/GHGRP-G10622-2023.html,"http://indicators-map.canada.ca/App/Detail?id=0110622&GoCTemplateCulture=en-CA
"
10626,PotashCorp Rocanville,Potash Corporation of Saskatchewan Inc.,Rocanville,0,S0A 3L0,Saskatchewan,50.4613,-101.5356,127.35,kilotonnes of carbon dioxide equivalents (kt CO2 eq),2023,Potash Mining,https://www23.statcan.gc.ca/imdb/p3VD.pl?Function=getVD&TVD=1369825&CVD=1370970&CPV=212396&CST=27012022&CLV=5&MLV=5,https://climate-change.canada.ca/facility-emissions/GHGRP-G10626-2023.html,"http://indicators-map.canada.ca/App/Detail?id=0110626&GoCTemplateCulture=en-CA
"
10627,Genesee Mine,Prairie Mines & Royalty ULC,Warburg,50455 Highway 770 Highway,T0C 2T0,Alberta,53.3294,-114.2903,31.66,kilotonnes of carbon dioxide equivalents (kt CO2 eq),2023,Subbituminous Coal Mining,https://www23.statcan.gc.ca/imdb/p3VD.pl?Function=getVD&TVD=1369825&CVD=1370970&CPV=212115&CST=27012022&CLV=5&MLV=5,https://climate-change.canada.ca/facility-emissions/GHGRP-G10627-2023.html,"http://indicators-map.canada.ca/App/Detail?id=0110627&GoCTemplateCulture=en-CA
"
10631,Cliff Central Heating and Cooling Plant,Public Works and Government Services Canada,Ottawa,347 Wellington Street,K1A 0M3,Ontario,45.4215,-75.7073,29.61,kilotonnes of carbon dioxide equivalents (kt CO2 eq),2023,Other Federal Government Public Administration,https://www23.statcan.gc.ca/imdb/p3VD.pl?Function=getVD&TVD=1369825&CVD=1370970&CPV=911910&CST=27012022&CLV=5&MLV=5,https://climate-change.canada.ca/facility-emissions/GHGRP-G10631-2023.html,"http://indicators-map.canada.ca/App/Detail?id=0110631&GoCTemplateCulture=en-CA
"
10632,HUMBERSTONE LANDFILL,Regional Municipality of Niagara,Welland,700 Humberstone Road,L3B 3X4,Ontario,42.964,-79.2737,59.61,kilotonnes of carbon dioxide equivalents (kt CO2 eq),2023,Waste Treatment and Disposal,https://www23.statcan.gc.ca/imdb/p3VD.pl?Function=getVD&TVD=1369825&CVD=1370970&CPV=562210&CST=27012022&CLV=5&MLV=5,https://climate-change.canada.ca/facility-emissions/GHGRP-G10632-2023.html,"http://indicators-map.canada.ca/App/Detail?id=0110632&GoCTemplateCulture=en-CA
"
10633,GFL Environmental inc.,GFL Environmental inc.,Ste Cécile de Milton,702 route 137,J0E 2C0,Quebec,45.27374,-72.4628,17.4,kilotonnes of carbon dioxide equivalents (kt CO2 eq),2023,Waste Treatment and Disposal,https://www23.statcan.gc.ca/imdb/p3VD.pl?Function=getVD&TVD=1369825&CVD=1370970&CPV=562210&CST=27012022&CLV=5&MLV=5,https://climate-change.canada.ca/facility-emissions/GHGRP-G10633-2023.html,"http://indicators-map.canada.ca/App/Detail?id=0110633&GoCTemplateCulture=en-CA
"
10634,Sanofi Pasteur Limited,Sanofi Pasteur Limited,Toronto,1755 Steeles Avenue,M2R 3T4,Ontario,43.7868,-79.4645,55.06,kilotonnes of carbon dioxide equivalents (kt CO2 eq),2023,Pharmaceutical and Medicine Manufacturing,https://www23.statcan.gc.ca/imdb/p3VD.pl?Function=getVD&TVD=1369825&CVD=1370970&CPV=325410&CST=27012022&CLV=5&MLV=5,https://climate-change.canada.ca/facility-emissions/GHGRP-G10634-2023.html,"http://indicators-map.canada.ca/App/Detail?id=0110634&GoCTemplateCulture=en-CA
"
10635,Ermine Power Station,Saskatchewan Power Corporation,Rural Municipality of Oakdale,,N/A,Saskatchewan,51.8579,-109.0332,244.62,kilotonnes of carbon dioxide equivalents (kt CO2 eq),2023,Fossil-Fuel Electric Power Generation,https://www23.statcan.gc.ca/imdb/p3VD.pl?Function=getVD&TVD=1369825&CVD=1370970&CPV=221112&CST=27012022&CLV=5&MLV=5,https://climate-change.canada.ca/facility-emissions/GHGRP-G10635-2023.html,"http://indicators-map.canada.ca/App/Detail?id=0110635&GoCTemplateCulture=en-CA
"
10638,West Doe Gas Plant,NorthRiver Midstream Inc.,Dawson Creek,,N/A,British Columbia,55.95707,-120.20353,47.9,kilotonnes of carbon dioxide equivalents (kt CO2 eq),2023,Oil and gas extraction (except oil sands),https://www23.statcan.gc.ca/imdb/p3VD.pl?Function=getVD&TVD=1369825&CVD=1370970&CPV=211110&CST=27012022&CLV=5&MLV=5,https://climate-change.canada.ca/facility-emissions/GHGRP-G10638-2023.html,"http://indicators-map.canada.ca/App/Detail?id=0110638&GoCTemplateCulture=en-CA
"
10639,Leismer SAGD Bitumen Battery,Athabasca Oil Corporation,Conklin,,N/A,Alberta,55.81539,-111.4444,548.02,kilotonnes of carbon dioxide equivalents (kt CO2 eq),2023,In-situ oil sands extraction,https://www23.statcan.gc.ca/imdb/p3VD.pl?Function=getVD&TVD=1369825&CVD=1370970&CPV=211141&CST=27012022&CLV=5&MLV=5,https://climate-change.canada.ca/facility-emissions/GHGRP-G10639-2023.html,"http://indicators-map.canada.ca/App/Detail?id=0110639&GoCTemplateCulture=en-CA
"
10640,Felix Schoeller inc,Felix Schoeller inc,Drummondville,3075 Kunz,J2C 6Y4,Quebec,45.87548,-72.54322,12.98,kilotonnes of carbon dioxide equivalents (kt CO2 eq),2023,Paper (except Newsprint) Mills,https://www23.statcan.gc.ca/imdb/p3VD.pl?Function=getVD&TVD=1369825&CVD=1370970&CPV=322121&CST=27012022&CLV=5&MLV=5,https://climate-change.canada.ca/facility-emissions/GHGRP-G10640-2023.html,"http://indicators-map.canada.ca/App/Detail?id=0110640&GoCTemplateCulture=en-CA
"
10641,Skookumchuck Operation,Domtar Inc. dba Skookumchuck Pulp,Skookumchuck,4501 Farstad Way,V0B 2E0,British Columbia,49.91901,-115.764,62.34,kilotonnes of carbon dioxide equivalents (kt CO2 eq),2023,Chemical Pulp Mills,https://www23.statcan.gc.ca/imdb/p3VD.pl?Function=getVD&TVD=1369825&CVD=1370970&CPV=322112&CST=27012022&CLV=5&MLV=5,https://climate-change.canada.ca/facility-emissions/GHGRP-G10641-2023.html,"http://indicators-map.canada.ca/App/Detail?id=0110641&GoCTemplateCulture=en-CA
"
10643,Tenaris Algoma Tubes,Algoma Tubes Inc.,Sault Ste. Marie,547 Wallace Terrace Street,P6C 1L9,Ontario,46.5297,-84.3688,85.46,kilotonnes of carbon dioxide equivalents (kt CO2 eq),2023,Iron and Steel Pipes and Tubes Manufacturing from Purchased Steel,https://www23.statcan.gc.ca/imdb/p3VD.pl?Function=getVD&TVD=1369825&CVD=1370970&CPV=331210&CST=27012022&CLV=5&MLV=5,https://climate-change.canada.ca/facility-emissions/GHGRP-G10643-2023.html,"http://indicators-map.canada.ca/App/Detail?id=0110643&GoCTemplateCulture=en-CA
"
10644,Main Campus,The University of Western Ontario,London,1151 Richmond Street,N6A 3K7,Ontario,43.013,-81.274,48.88,kilotonnes of carbon dioxide equivalents (kt CO2 eq),2023,Universities,https://www23.statcan.gc.ca/imdb/p3VD.pl?Function=getVD&TVD=1369825&CVD=1370970&CPV=611310&CST=27012022&CLV=5&MLV=5,https://climate-change.canada.ca/facility-emissions/GHGRP-G10644-2023.html,"http://indicators-map.canada.ca/App/Detail?id=0110644&GoCTemplateCulture=en-CA
"
10645,Canfor Green Energy Combined Heat and Power Plant,Canadian Forest Products Ltd.,Grande Prairie,8701 108 Street,T8V 4C5,Alberta,55.1602,-118.8184,10.93,kilotonnes of carbon dioxide equivalents (kt CO2 eq),2023,Other Electric Power Generation,https://www23.statcan.gc.ca/imdb/p3VD.pl?Function=getVD&TVD=1369825&CVD=1370970&CPV=221119&CST=27012022&CLV=5&MLV=5,https://climate-change.canada.ca/facility-emissions/GHGRP-G10645-2023.html,"http://indicators-map.canada.ca/App/Detail?id=0110645&GoCTemplateCulture=en-CA
"
10646,Halton Hills Generating Station,Portlands Energy Centre LP,Halton Hills,7870 Sixth Line South,L7G 0E9,Ontario,43.55882,-79.85249,975.42,kilotonnes of carbon dioxide equivalents (kt CO2 eq),2023,Fossil-Fuel Electric Power Generation,https://www23.statcan.gc.ca/imdb/p3VD.pl?Function=getVD&TVD=1369825&CVD=1370970&CPV=221112&CST=27012022&CLV=5&MLV=5,https://climate-change.canada.ca/facility-emissions/GHGRP-G10646-2023.html,"http://indicators-map.canada.ca/App/Detail?id=0110646&GoCTemplateCulture=en-CA
"
10647,Tree Island Industries Ltd.,Tree Island Industries Ltd,Richmond,3933 Boundary Road,V6V 1T8,British Columbia,49.1875,-122.95916,13.06,kilotonnes of carbon dioxide equivalents (kt CO2 eq),2023,Steel Wire Drawing,https://www23.statcan.gc.ca/imdb/p3VD.pl?Function=getVD&TVD=1369825&CVD=1370970&CPV=331222&CST=27012022&CLV=5&MLV=5,https://climate-change.canada.ca/facility-emissions/GHGRP-G10647-2023.html,"http://indicators-map.canada.ca/App/Detail?id=0110647&GoCTemplateCulture=en-CA
"
10648,St George Campus,The Governing Council of the University of Toronto,Toronto,27 King's College Circle Road,M5S 1A1,Ontario,43.66579,-79.39917,70.55,kilotonnes of carbon dioxide equivalents (kt CO2 eq),2023,Universities,https://www23.statcan.gc.ca/imdb/p3VD.pl?Function=getVD&TVD=1369825&CVD=1370970&CPV=611310&CST=27012022&CLV=5&MLV=5,https://climate-change.canada.ca/facility-emissions/GHGRP-G10648-2023.html,"http://indicators-map.canada.ca/App/Detail?id=0110648&GoCTemplateCulture=en-CA
"
10649,Magog Landfill Bestan Inc.,Waste Management of Canada Corporation,Magog,1994 D'Ayer's Cliff Street,J1X 5A8,Quebec,45.2179,-72.148,46.35,kilotonnes of carbon dioxide equivalents (kt CO2 eq),2023,Waste Treatment and Disposal,https://www23.statcan.gc.ca/imdb/p3VD.pl?Function=getVD&TVD=1369825&CVD=1370970&CPV=562210&CST=27012022&CLV=5&MLV=5,https://climate-change.canada.ca/facility-emissions/GHGRP-G10649-2023.html,"http://indicators-map.canada.ca/App/Detail?id=0110649&GoCTemplateCulture=en-CA
"
10650,Willow Creek Mine,Conuma Coal Resources Limited,Chetwynd,11657 Willow Creek Forest Service Road,V0C 1J0,British Columbia,55.6044,-122.2007,114.78,kilotonnes of carbon dioxide equivalents (kt CO2 eq),2023,Bituminous Coal Mining,https://www23.statcan.gc.ca/imdb/p3VD.pl?Function=getVD&TVD=1369825&CVD=1370970&CPV=212114&CST=27012022&CLV=5&MLV=5,https://climate-change.canada.ca/facility-emissions/GHGRP-G10650-2023.html,"http://indicators-map.canada.ca/App/Detail?id=0110650&GoCTemplateCulture=en-CA
"
10651,Edson O.S.B.,Weyerhaeuser Company Limited,Edson,2509 Aspen Drive,T7E 1S8,Alberta,53.59306,-116.3903,16.07,kilotonnes of carbon dioxide equivalents (kt CO2 eq),2023,Waferboard Mills,https://www23.statcan.gc.ca/imdb/p3VD.pl?Function=getVD&TVD=1369825&CVD=1370970&CPV=321217&CST=27012022&CLV=5&MLV=5,https://climate-change.canada.ca/facility-emissions/GHGRP-G10651-2023.html,"http://indicators-map.canada.ca/App/Detail?id=0110651&GoCTemplateCulture=en-CA
"
10652,Keele Campus,York University,Toronto,4700 Keele Street,M3J 1P3,Ontario,43.7742,-79.5023,60.46,kilotonnes of carbon dioxide equivalents (kt CO2 eq),2023,Universities,https://www23.statcan.gc.ca/imdb/p3VD.pl?Function=getVD&TVD=1369825&CVD=1370970&CPV=611310&CST=27012022&CLV=5&MLV=5,https://climate-change.canada.ca/facility-emissions/GHGRP-G10652-2023.html,"http://indicators-map.canada.ca/App/Detail?id=0110652&GoCTemplateCulture=en-CA
"
10653,Mercer Celgar Limited Partnership,Mercer Celgar Limited Partnership,Castlegar,1921 Arrow Lakes Drive,V1N 3H9,British Columbia,49.3357,-117.728,103.72,kilotonnes of carbon dioxide equivalents (kt CO2 eq),2023,Chemical Pulp Mills,https://www23.statcan.gc.ca/imdb/p3VD.pl?Function=getVD&TVD=1369825&CVD=1370970&CPV=322112&CST=27012022&CLV=5&MLV=5,https://climate-change.canada.ca/facility-emissions/GHGRP-G10653-2023.html,"http://indicators-map.canada.ca/App/Detail?id=0110653&GoCTemplateCulture=en-CA
"
10656,Carson Creek GP 4-23,Conifer Energy Inc.,Whitecourt,,N/A,Alberta,54.28493,-115.69846,34.36,kilotonnes of carbon dioxide equivalents (kt CO2 eq),2023,Oil and gas extraction (except oil sands),https://www23.statcan.gc.ca/imdb/p3VD.pl?Function=getVD&TVD=1369825&CVD=1370970&CPV=211110&CST=27012022&CLV=5&MLV=5,https://climate-change.canada.ca/facility-emissions/GHGRP-G10656-2023.html,"http://indicators-map.canada.ca/App/Detail?id=0110656&GoCTemplateCulture=en-CA
"
10657,Quebec Silicon LP,Silicium Québec SEC,Bécancour,6500 Yvon-Trudeau Street,G9H 2V8,Quebec,46.3712,-72.3881,184.55,kilotonnes of carbon dioxide equivalents (kt CO2 eq),2023,Iron and Steel Mills and Ferro-Alloy Manufacturing,https://www23.statcan.gc.ca/imdb/p3VD.pl?Function=getVD&TVD=1369825&CVD=1370970&CPV=331110&CST=27012022&CLV=5&MLV=5,https://climate-change.canada.ca/facility-emissions/GHGRP-G10657-2023.html,"http://indicators-map.canada.ca/App/Detail?id=0110657&GoCTemplateCulture=en-CA
"
10658,POTASH CORP - LANIGAN DIVISION,Potash Corporation of Saskatchewan Inc.,Lanigan,0,S0K 2M0,Saskatchewan,51.85363,-105.20742,103.67,kilotonnes of carbon dioxide equivalents (kt CO2 eq),2023,Potash Mining,https://www23.statcan.gc.ca/imdb/p3VD.pl?Function=getVD&TVD=1369825&CVD=1370970&CPV=212396&CST=27012022&CLV=5&MLV=5,https://climate-change.canada.ca/facility-emissions/GHGRP-G10658-2023.html,"http://indicators-map.canada.ca/App/Detail?id=0110658&GoCTemplateCulture=en-CA
"
10660,Montney Gas Processing and Production IF-a,Shell Canada Limited Shell Canada Limitee,Fort St. John,,N/A,British Columbia,55.929,-120.894,155.79,kilotonnes of carbon dioxide equivalents (kt CO2 eq),2023,Oil and gas extraction (except oil sands),https://www23.statcan.gc.ca/imdb/p3VD.pl?Function=getVD&TVD=1369825&CVD=1370970&CPV=211110&CST=27012022&CLV=5&MLV=5,https://climate-change.canada.ca/facility-emissions/GHGRP-G10660-2023.html,"http://indicators-map.canada.ca/App/Detail?id=0110660&GoCTemplateCulture=en-CA
"
10661,Glacier Sour Gas Plant 05-02,Advantage Energy Ltd.,,,N/A,Alberta,55.5541,-119.7554,237.44,kilotonnes of carbon dioxide equivalents (kt CO2 eq),2023,Oil and gas extraction (except oil sands),https://www23.statcan.gc.ca/imdb/p3VD.pl?Function=getVD&TVD=1369825&CVD=1370970&CPV=211110&CST=27012022&CLV=5&MLV=5,https://climate-change.canada.ca/facility-emissions/GHGRP-G10661-2023.html,"http://indicators-map.canada.ca/App/Detail?id=0110661&GoCTemplateCulture=en-CA
"
10662,Emerald Energy from Waste Inc.,Emerald Energy From Waste Inc.,Brampton,7656 Bramalea Road,L6T 5M5,Ontario,43.697,-79.6826,95.13,kilotonnes of carbon dioxide equivalents (kt CO2 eq),2023,Waste Treatment and Disposal,https://www23.statcan.gc.ca/imdb/p3VD.pl?Function=getVD&TVD=1369825&CVD=1370970&CPV=562210&CST=27012022&CLV=5&MLV=5,https://climate-change.canada.ca/facility-emissions/GHGRP-G10662-2023.html,"http://indicators-map.canada.ca/App/Detail?id=0110662&GoCTemplateCulture=en-CA
"
10663,111 Progress,Atlantic Packaging Products Ltd.,Scarborough,111 Progress Avenue,M1P 2Y9,Ontario,43.7718,-79.2735,43.07,kilotonnes of carbon dioxide equivalents (kt CO2 eq),2023,Paperboard Mills,https://www23.statcan.gc.ca/imdb/p3VD.pl?Function=getVD&TVD=1369825&CVD=1370970&CPV=322130&CST=27012022&CLV=5&MLV=5,https://climate-change.canada.ca/facility-emissions/GHGRP-G10663-2023.html,"http://indicators-map.canada.ca/App/Detail?id=0110663&GoCTemplateCulture=en-CA
"
10664,Brampton Brick Limited,Brampton Brick Limited,Brampton,225 Wanless Drive,L7A 1E9,Ontario,43.7211,-79.8164,54.42,kilotonnes of carbon dioxide equivalents (kt CO2 eq),2023,Clay Building Material and Refractory Manufacturing,https://www23.statcan.gc.ca/imdb/p3VD.pl?Function=getVD&TVD=1369825&CVD=1370970&CPV=327120&CST=27012022&CLV=5&MLV=5,https://climate-change.canada.ca/facility-emissions/GHGRP-G10664-2023.html,"http://indicators-map.canada.ca/App/Detail?id=0110664&GoCTemplateCulture=en-CA
"
10667,Collingwood Distillery,Sazerac Distillers of Canada Inc.,Collingwood,202 MacDonald Road,L9Y 4J2,Ontario,44.4968,-80.1925,13.09,kilotonnes of carbon dioxide equivalents (kt CO2 eq),2023,Distilleries,https://www23.statcan.gc.ca/imdb/p3VD.pl?Function=getVD&TVD=1369825&CVD=1370970&CPV=312140&CST=27012022&CLV=5&MLV=5,https://climate-change.canada.ca/facility-emissions/GHGRP-G10667-2023.html,"http://indicators-map.canada.ca/App/Detail?id=0110667&GoCTemplateCulture=en-CA
"
10668,Northern Prairie Thermal Electric Power Plant,"Grande Prairie Generation, Inc.",Sexsmith,"RR#1, Site 14, Box 15",T0H 3C0,Alberta,55.3405,-119.2185,358.1,kilotonnes of carbon dioxide equivalents (kt CO2 eq),2023,Fossil-Fuel Electric Power Generation,https://www23.statcan.gc.ca/imdb/p3VD.pl?Function=getVD&TVD=1369825&CVD=1370970&CPV=221112&CST=27012022&CLV=5&MLV=5,https://climate-change.canada.ca/facility-emissions/GHGRP-G10668-2023.html,"http://indicators-map.canada.ca/App/Detail?id=0110668&GoCTemplateCulture=en-CA
"
10669,Mine Canadian Malartic,Agnico Eagle Mines Limited (MAIN),Malartic,100 Chemin du Lac Mourier,J0Y 1Z0,Quebec,48.12451,-78.12927,195.81,kilotonnes of carbon dioxide equivalents (kt CO2 eq),2023,Gold and Silver Ore Mining,https://www23.statcan.gc.ca/imdb/p3VD.pl?Function=getVD&TVD=1369825&CVD=1370970&CPV=212220&CST=27012022&CLV=5&MLV=5,https://climate-change.canada.ca/facility-emissions/GHGRP-G10669-2023.html,"http://indicators-map.canada.ca/App/Detail?id=0110669&GoCTemplateCulture=en-CA
"
10670,DAPP Power LP Plant,DAPP Power LP,Westlock,,T7P 2N9,Alberta,54.41587,-114.17433,4.62,kilotonnes of carbon dioxide equivalents (kt CO2 eq),2023,Other Electric Power Generation,https://www23.statcan.gc.ca/imdb/p3VD.pl?Function=getVD&TVD=1369825&CVD=1370970&CPV=221119&CST=27012022&CLV=5&MLV=5,https://climate-change.canada.ca/facility-emissions/GHGRP-G10670-2023.html,"http://indicators-map.canada.ca/App/Detail?id=0110670&GoCTemplateCulture=en-CA
"
10673,Usine de Valleyfield,Diageo Canada Inc.,Salaberry de Valleyfield,1 Salaberry,J6T 2G9,Quebec,45.2561,-74.1197,0.09,kilotonnes of carbon dioxide equivalents (kt CO2 eq),2023,Distilleries,https://www23.statcan.gc.ca/imdb/p3VD.pl?Function=getVD&TVD=1369825&CVD=1370970&CPV=312140&CST=27012022&CLV=5&MLV=5,https://climate-change.canada.ca/facility-emissions/GHGRP-G10673-2023.html,"http://indicators-map.canada.ca/App/Detail?id=0110673&GoCTemplateCulture=en-CA
"
10675,Horn River Comp Stn c-067-K,Ovintiv Canada ULC,Fort Nelson,206 3991 50 Avenue South,V0C 1R0,British Columbia,59.4729,-122.3344,38.8,kilotonnes of carbon dioxide equivalents (kt CO2 eq),2023,Oil and gas extraction (except oil sands),https://www23.statcan.gc.ca/imdb/p3VD.pl?Function=getVD&TVD=1369825&CVD=1370970&CPV=211110&CST=27012022&CLV=5&MLV=5,https://climate-change.canada.ca/facility-emissions/GHGRP-G10675-2023.html,"http://indicators-map.canada.ca/App/Detail?id=0110675&GoCTemplateCulture=en-CA
"
10676,Hythe Comp Stn A-005-G,Ovintiv Canada ULC,Dawson Creek,37 Vic Turner Airport Road,V1G 0G1,British Columbia,55.5854,-120.1781,68.88,kilotonnes of carbon dioxide equivalents (kt CO2 eq),2023,Oil and gas extraction (except oil sands),https://www23.statcan.gc.ca/imdb/p3VD.pl?Function=getVD&TVD=1369825&CVD=1370970&CPV=211110&CST=27012022&CLV=5&MLV=5,https://climate-change.canada.ca/facility-emissions/GHGRP-G10676-2023.html,"http://indicators-map.canada.ca/App/Detail?id=0110676&GoCTemplateCulture=en-CA
"
10678,"Gerdau Ameristeel Corporation, Manitoba Mill",Gerdau Ameristeel Corporation,Selkirk,27 Main Street,R1A 1P6,Manitoba,50.1302,-96.9013,45.26,kilotonnes of carbon dioxide equivalents (kt CO2 eq),2023,Iron and Steel Mills and Ferro-Alloy Manufacturing,https://www23.statcan.gc.ca/imdb/p3VD.pl?Function=getVD&TVD=1369825&CVD=1370970&CPV=331110&CST=27012022&CLV=5&MLV=5,https://climate-change.canada.ca/facility-emissions/GHGRP-G10678-2023.html,"http://indicators-map.canada.ca/App/Detail?id=0110678&GoCTemplateCulture=en-CA
"
10679,Gibraltar Mine (SFO),Gibraltar Mines Ltd.,Mcleese Lake,0 10251 Gibraltar Mine Rd. Road,V0L 1P0,British Columbia,52.5299,-122.2851,129.51,kilotonnes of carbon dioxide equivalents (kt CO2 eq),2023,Copper-Zinc Ore Mining,https://www23.statcan.gc.ca/imdb/p3VD.pl?Function=getVD&TVD=1369825&CVD=1370970&CPV=212233&CST=27012022&CLV=5&MLV=5,https://climate-change.canada.ca/facility-emissions/GHGRP-G10679-2023.html,"http://indicators-map.canada.ca/App/Detail?id=0110679&GoCTemplateCulture=en-CA
"
10681,Hope Bay Project,TMAC Resources Inc.,Cambridge Bay,,X0B 0C0,Nunavut,68.13925,-106.61072,26.93,kilotonnes of carbon dioxide equivalents (kt CO2 eq),2023,Gold and Silver Ore Mining,https://www23.statcan.gc.ca/imdb/p3VD.pl?Function=getVD&TVD=1369825&CVD=1370970&CPV=212220&CST=27012022&CLV=5&MLV=5,https://climate-change.canada.ca/facility-emissions/GHGRP-G10681-2023.html,"http://indicators-map.canada.ca/App/Detail?id=0110681&GoCTemplateCulture=en-CA
"
10683,Kawartha Ethanol Inc.,Kawartha Ethanol Inc.,Havelock,6830 7 Highway,K0L 1Z0,Ontario,44.44202,-77.82546,58.46,kilotonnes of carbon dioxide equivalents (kt CO2 eq),2023,Other Basic Organic Chemical Manufacturing,https://www23.statcan.gc.ca/imdb/p3VD.pl?Function=getVD&TVD=1369825&CVD=1370970&CPV=325190&CST=27012022&CLV=5&MLV=5,https://climate-change.canada.ca/facility-emissions/GHGRP-G10683-2023.html,"http://indicators-map.canada.ca/App/Detail?id=0110683&GoCTemplateCulture=en-CA
"
10684,Emballages Krupack Place Turcot,Produits Kruger inc.,Montréal,5845 Place Turcot,H4C 1V9,Quebec,45.46254,-73.60549,34.77,kilotonnes of carbon dioxide equivalents (kt CO2 eq),2023,Paperboard Mills,https://www23.statcan.gc.ca/imdb/p3VD.pl?Function=getVD&TVD=1369825&CVD=1370970&CPV=322130&CST=27012022&CLV=5&MLV=5,https://climate-change.canada.ca/facility-emissions/GHGRP-G10684-2023.html,"http://indicators-map.canada.ca/App/Detail?id=0110684&GoCTemplateCulture=en-CA
"
10686,Methanex Medicine Hat Methanol Plant,Methanex Corporation,Medicine Hat,3806 Box Springs Road NW Road,T1A 7H1,Alberta,50.08071,-110.72786,325.85,kilotonnes of carbon dioxide equivalents (kt CO2 eq),2023,Other Basic Organic Chemical Manufacturing,https://www23.statcan.gc.ca/imdb/p3VD.pl?Function=getVD&TVD=1369825&CVD=1370970&CPV=325190&CST=27012022&CLV=5&MLV=5,https://climate-change.canada.ca/facility-emissions/GHGRP-G10686-2023.html,"http://indicators-map.canada.ca/App/Detail?id=0110686&GoCTemplateCulture=en-CA
"
10687,Bridgewater Plant,Michelin North America (Canada),Bridgewater,233 Logan Road,B4V 2X3,Nova Scotia,44.3853,-64.541,16.25,kilotonnes of carbon dioxide equivalents (kt CO2 eq),2023,Tire Manufacturing,https://www23.statcan.gc.ca/imdb/p3VD.pl?Function=getVD&TVD=1369825&CVD=1370970&CPV=326210&CST=27012022&CLV=5&MLV=5,https://climate-change.canada.ca/facility-emissions/GHGRP-G10687-2023.html,"http://indicators-map.canada.ca/App/Detail?id=0110687&GoCTemplateCulture=en-CA
"
10688,Waterville Plant,Michelin North America (Canada),Waterville,866 Randolph Road Road,B0P 1V0,Nova Scotia,45.0493,-64.653,48.21,kilotonnes of carbon dioxide equivalents (kt CO2 eq),2023,Tire Manufacturing,https://www23.statcan.gc.ca/imdb/p3VD.pl?Function=getVD&TVD=1369825&CVD=1370970&CPV=326210&CST=27012022&CLV=5&MLV=5,https://climate-change.canada.ca/facility-emissions/GHGRP-G10688-2023.html,"http://indicators-map.canada.ca/App/Detail?id=0110688&GoCTemplateCulture=en-CA
"
10689,Pictou County Plant,Michelin North America (Canada),New Glasgow,2863 Granton Road,B2H 5C6,Nova Scotia,45.6174,-62.737,20.75,kilotonnes of carbon dioxide equivalents (kt CO2 eq),2023,Tire Manufacturing,https://www23.statcan.gc.ca/imdb/p3VD.pl?Function=getVD&TVD=1369825&CVD=1370970&CPV=326210&CST=27012022&CLV=5&MLV=5,https://climate-change.canada.ca/facility-emissions/GHGRP-G10689-2023.html,"http://indicators-map.canada.ca/App/Detail?id=0110689&GoCTemplateCulture=en-CA
"
10690,Spy Hill Generating Station,Northland Power Inc.,Rural Municipality of Spy Hill,,S0A 3W0,Saskatchewan,50.59863,-101.84814,96.52,kilotonnes of carbon dioxide equivalents (kt CO2 eq),2023,Fossil-Fuel Electric Power Generation,https://www23.statcan.gc.ca/imdb/p3VD.pl?Function=getVD&TVD=1369825&CVD=1370970&CPV=221112&CST=27012022&CLV=5&MLV=5,https://climate-change.canada.ca/facility-emissions/GHGRP-G10690-2023.html,"http://indicators-map.canada.ca/App/Detail?id=0110690&GoCTemplateCulture=en-CA
"
10692,Waskada 11-30-001-25 W1M,Tundra Oil & Gas Limited,Waskada,,N/A,Manitoba,49.06753,-100.81467,33.87,kilotonnes of carbon dioxide equivalents (kt CO2 eq),2023,Oil and gas extraction (except oil sands),https://www23.statcan.gc.ca/imdb/p3VD.pl?Function=getVD&TVD=1369825&CVD=1370970&CPV=211110&CST=27012022&CLV=5&MLV=5,https://climate-change.canada.ca/facility-emissions/GHGRP-G10692-2023.html,"http://indicators-map.canada.ca/App/Detail?id=0110692&GoCTemplateCulture=en-CA
"
10693,Peyto Nosehill 11-21-055-20W5,Peyto Exploration and Development Corporation,,,N/A,Alberta,53.7683,-116.9154,63.1,kilotonnes of carbon dioxide equivalents (kt CO2 eq),2023,Oil and gas extraction (except oil sands),https://www23.statcan.gc.ca/imdb/p3VD.pl?Function=getVD&TVD=1369825&CVD=1370970&CPV=211110&CST=27012022&CLV=5&MLV=5,https://climate-change.canada.ca/facility-emissions/GHGRP-G10693-2023.html,"http://indicators-map.canada.ca/App/Detail?id=0110693&GoCTemplateCulture=en-CA
"
10696,Tattoo d-068-B/094-O-15 Compressor Station,NTE Energy Canada Ltd,Northen Rockies,N/A,V0C 1R0,British Columbia,59.80472,-122.71638,21.36,kilotonnes of carbon dioxide equivalents (kt CO2 eq),2023,Oil and gas extraction (except oil sands),https://www23.statcan.gc.ca/imdb/p3VD.pl?Function=getVD&TVD=1369825&CVD=1370970&CPV=211110&CST=27012022&CLV=5&MLV=5,https://climate-change.canada.ca/facility-emissions/GHGRP-G10696-2023.html,"http://indicators-map.canada.ca/App/Detail?id=0110696&GoCTemplateCulture=en-CA
"
10697,ROXUL Inc.,ROXUL Inc.,Milton,805 Steeles Avenue East,L9T 5H3,Ontario,43.5332,-79.8874,61.59,kilotonnes of carbon dioxide equivalents (kt CO2 eq),2023,All Other Non-Metallic Mineral Product Manufacturing,https://www23.statcan.gc.ca/imdb/p3VD.pl?Function=getVD&TVD=1369825&CVD=1370970&CPV=327990&CST=27012022&CLV=5&MLV=5,https://climate-change.canada.ca/facility-emissions/GHGRP-G10697-2023.html,"http://indicators-map.canada.ca/App/Detail?id=0110697&GoCTemplateCulture=en-CA
"
10706,Global File Inc.,Global File Inc.,Concord,7939 Keele Street,L4K 1Y6,Ontario,43.8049,-79.4991,1.47,kilotonnes of carbon dioxide equivalents (kt CO2 eq),2023,Office Furniture (except Wood) Manufacturing,https://www23.statcan.gc.ca/imdb/p3VD.pl?Function=getVD&TVD=1369825&CVD=1370970&CPV=337214&CST=27012022&CLV=5&MLV=5,https://climate-change.canada.ca/facility-emissions/GHGRP-G10706-2023.html,"http://indicators-map.canada.ca/App/Detail?id=0110706&GoCTemplateCulture=en-CA
"
10707,Wolf Lake Sweet Gas Plant,Cenovus Energy Inc.,,,N/A,Alberta,53.3731,-116.086,60.63,kilotonnes of carbon dioxide equivalents (kt CO2 eq),2023,Oil and gas extraction (except oil sands),https://www23.statcan.gc.ca/imdb/p3VD.pl?Function=getVD&TVD=1369825&CVD=1370970&CPV=211110&CST=27012022&CLV=5&MLV=5,https://climate-change.canada.ca/facility-emissions/GHGRP-G10707-2023.html,"http://indicators-map.canada.ca/App/Detail?id=0110707&GoCTemplateCulture=en-CA
"
10709,Shepard Landfill,City of Calgary,Calgary,12111 68 Street Southeast,T2Z 5E7,Alberta,50.9505,-113.958,25.41,kilotonnes of carbon dioxide equivalents (kt CO2 eq),2023,Waste Treatment and Disposal,https://www23.statcan.gc.ca/imdb/p3VD.pl?Function=getVD&TVD=1369825&CVD=1370970&CPV=562210&CST=27012022&CLV=5&MLV=5,https://climate-change.canada.ca/facility-emissions/GHGRP-G10709-2023.html,"http://indicators-map.canada.ca/App/Detail?id=0110709&GoCTemplateCulture=en-CA
"
10710,Honda of Canada Mfg.,Honda Canada Inc.,Alliston,4700 Industrial Parkway,L9R 1A2,Ontario,44.1486,-79.8408,57.62,kilotonnes of carbon dioxide equivalents (kt CO2 eq),2023,Automobile and Light-Duty Motor Vehicle Manufacturing,https://www23.statcan.gc.ca/imdb/p3VD.pl?Function=getVD&TVD=1369825&CVD=1370970&CPV=336110&CST=27012022&CLV=5&MLV=5,https://climate-change.canada.ca/facility-emissions/GHGRP-G10710-2023.html,"http://indicators-map.canada.ca/App/Detail?id=0110710&GoCTemplateCulture=en-CA
"
10711,Pikes Peak South Thermal 05-07-049-23W3,Cenovus Energy Inc.,Waseca,,S0M 3A0,Saskatchewan,53.21062,-109.36673,319.85,kilotonnes of carbon dioxide equivalents (kt CO2 eq),2023,Oil and gas extraction (except oil sands),https://www23.statcan.gc.ca/imdb/p3VD.pl?Function=getVD&TVD=1369825&CVD=1370970&CPV=211110&CST=27012022&CLV=5&MLV=5,https://climate-change.canada.ca/facility-emissions/GHGRP-G10711-2023.html,"http://indicators-map.canada.ca/App/Detail?id=0110711&GoCTemplateCulture=en-CA
"
10712,Tupper West 5-1 Gas Plant,NorthRiver Midstream Inc.,Peace River District,4590 200 Road,V0C 1B0,British Columbia,55.64177,-120.50623,39.15,kilotonnes of carbon dioxide equivalents (kt CO2 eq),2023,Oil and gas extraction (except oil sands),https://www23.statcan.gc.ca/imdb/p3VD.pl?Function=getVD&TVD=1369825&CVD=1370970&CPV=211110&CST=27012022&CLV=5&MLV=5,https://climate-change.canada.ca/facility-emissions/GHGRP-G10712-2023.html,"http://indicators-map.canada.ca/App/Detail?id=0110712&GoCTemplateCulture=en-CA
"
10713,Tupper Main Gas Plant A-21-B/093-P-09,NorthRiver Midstream Inc.,Peace River District,15705 209 Road,V0C 2L0,British Columbia,55.5163,-120.13119,61.46,kilotonnes of carbon dioxide equivalents (kt CO2 eq),2023,Oil and gas extraction (except oil sands),https://www23.statcan.gc.ca/imdb/p3VD.pl?Function=getVD&TVD=1369825&CVD=1370970&CPV=211110&CST=27012022&CLV=5&MLV=5,https://climate-change.canada.ca/facility-emissions/GHGRP-G10713-2023.html,"http://indicators-map.canada.ca/App/Detail?id=0110713&GoCTemplateCulture=en-CA
"
10714,Musreau Gas Plant,Pembina Pipeline Corporation,Greenview No. 16,Unnamed Rd Road,N/A,Alberta,54.38681,-118.77192,63.89,kilotonnes of carbon dioxide equivalents (kt CO2 eq),2023,Oil and gas extraction (except oil sands),https://www23.statcan.gc.ca/imdb/p3VD.pl?Function=getVD&TVD=1369825&CVD=1370970&CPV=211110&CST=27012022&CLV=5&MLV=5,https://climate-change.canada.ca/facility-emissions/GHGRP-G10714-2023.html,"http://indicators-map.canada.ca/App/Detail?id=0110714&GoCTemplateCulture=en-CA
"
10715,CORY,Potash Corporation of Saskatchewan Inc.,Saskatoon,211 19th Street East,S7K 7G3,Saskatchewan,52.0904,-106.8741,53.45,kilotonnes of carbon dioxide equivalents (kt CO2 eq),2023,Potash Mining,https://www23.statcan.gc.ca/imdb/p3VD.pl?Function=getVD&TVD=1369825&CVD=1370970&CPV=212396&CST=27012022&CLV=5&MLV=5,https://climate-change.canada.ca/facility-emissions/GHGRP-G10715-2023.html,"http://indicators-map.canada.ca/App/Detail?id=0110715&GoCTemplateCulture=en-CA
"
10716,Patience Lake Division,Potash Corporation of Saskatchewan Inc.,Saskatoon,1 Highway 316 & 394,S7K 3L6,Saskatchewan,52.117,-106.6609,50.22,kilotonnes of carbon dioxide equivalents (kt CO2 eq),2023,Potash Mining,https://www23.statcan.gc.ca/imdb/p3VD.pl?Function=getVD&TVD=1369825&CVD=1370970&CPV=212396&CST=27012022&CLV=5&MLV=5,https://climate-change.canada.ca/facility-emissions/GHGRP-G10716-2023.html,"http://indicators-map.canada.ca/App/Detail?id=0110716&GoCTemplateCulture=en-CA
"
10718,PROFILE INDUSTRIES INC.,Profile Industries Ltd.,Toronto,201 Garyray Drive West,M9L 2T2,Ontario,43.7689,-79.5371,2.28,kilotonnes of carbon dioxide equivalents (kt CO2 eq),2023,Office Furniture (except Wood) Manufacturing,https://www23.statcan.gc.ca/imdb/p3VD.pl?Function=getVD&TVD=1369825&CVD=1370970&CPV=337214&CST=27012022&CLV=5&MLV=5,https://climate-change.canada.ca/facility-emissions/GHGRP-G10718-2023.html,"http://indicators-map.canada.ca/App/Detail?id=0110718&GoCTemplateCulture=en-CA
"
10719,Lieu d'enfouissement technique,Régie de gestion des matières résiduelles de la Mauricie,SaintÉtienne Des Grès,400 De la Gabelle Boulevard,G0X 2P0,Quebec,46.4332,-72.7438,79.92,kilotonnes of carbon dioxide equivalents (kt CO2 eq),2023,All Other Waste Management Services,https://www23.statcan.gc.ca/imdb/p3VD.pl?Function=getVD&TVD=1369825&CVD=1370970&CPV=562990&CST=27012022&CLV=5&MLV=5,https://climate-change.canada.ca/facility-emissions/GHGRP-G10719-2023.html,"http://indicators-map.canada.ca/App/Detail?id=0110719&GoCTemplateCulture=en-CA
"
10720,Lieu enfouissement technique de Champlain,Régie de gestion des matières résiduelles de la Mauricie,Champlain,295 Sainte-Marie Route,G0X 1C0,Quebec,46.47526,-72.32049,112.92,kilotonnes of carbon dioxide equivalents (kt CO2 eq),2023,All Other Waste Management Services,https://www23.statcan.gc.ca/imdb/p3VD.pl?Function=getVD&TVD=1369825&CVD=1370970&CPV=562990&CST=27012022&CLV=5&MLV=5,https://climate-change.canada.ca/facility-emissions/GHGRP-G10720-2023.html,"http://indicators-map.canada.ca/App/Detail?id=0110720&GoCTemplateCulture=en-CA
"
10721,Yellowhead Power Station,Saskatchewan Power Corporation,North Battleford,10 Russett Road East,N/A,Saskatchewan,52.7242,-108.2327,237.24,kilotonnes of carbon dioxide equivalents (kt CO2 eq),2023,Fossil-Fuel Electric Power Generation,https://www23.statcan.gc.ca/imdb/p3VD.pl?Function=getVD&TVD=1369825&CVD=1370970&CPV=221112&CST=27012022&CLV=5&MLV=5,https://climate-change.canada.ca/facility-emissions/GHGRP-G10721-2023.html,"http://indicators-map.canada.ca/App/Detail?id=0110721&GoCTemplateCulture=en-CA
"
10722,Mine du Lac Bloom,MINERAI DE FER QUÉBEC INC.,Fermont,755 389 Route,G0G 1J0,Quebec,52.85235,-67.25387,119.16,kilotonnes of carbon dioxide equivalents (kt CO2 eq),2023,Iron Ore Mining,https://www23.statcan.gc.ca/imdb/p3VD.pl?Function=getVD&TVD=1369825&CVD=1370970&CPV=212210&CST=27012022&CLV=5&MLV=5,https://climate-change.canada.ca/facility-emissions/GHGRP-G10722-2023.html,"http://indicators-map.canada.ca/App/Detail?id=0110722&GoCTemplateCulture=en-CA
"
10724,Spec Furniture,Spec Furniture Inc.,Toronto,165 City View Drive,M9W 5B1,Ontario,43.7043,-79.5877,0.73,kilotonnes of carbon dioxide equivalents (kt CO2 eq),2023,Institutional Furniture Manufacturing,https://www23.statcan.gc.ca/imdb/p3VD.pl?Function=getVD&TVD=1369825&CVD=1370970&CPV=337127&CST=27012022&CLV=5&MLV=5,https://climate-change.canada.ca/facility-emissions/GHGRP-G10724-2023.html,"http://indicators-map.canada.ca/App/Detail?id=0110724&GoCTemplateCulture=en-CA
"
10725,Farrell Creek B-88-I,Canadian Natural Resources Limited,Fort St. John,6744 Airport Road,V1J 4M6,British Columbia,56.237,-122.097,46.8,kilotonnes of carbon dioxide equivalents (kt CO2 eq),2023,Oil and gas extraction (except oil sands),https://www23.statcan.gc.ca/imdb/p3VD.pl?Function=getVD&TVD=1369825&CVD=1370970&CPV=211110&CST=27012022&CLV=5&MLV=5,https://climate-change.canada.ca/facility-emissions/GHGRP-G10725-2023.html,"http://indicators-map.canada.ca/App/Detail?id=0110725&GoCTemplateCulture=en-CA
"
10726,Kaybob Gas Plant,Paramount Resources Ltd.,Fox Creek,,T0H 1P0,Alberta,54.5247,-116.7943,41.83,kilotonnes of carbon dioxide equivalents (kt CO2 eq),2023,Oil and gas extraction (except oil sands),https://www23.statcan.gc.ca/imdb/p3VD.pl?Function=getVD&TVD=1369825&CVD=1370970&CPV=211110&CST=27012022&CLV=5&MLV=5,https://climate-change.canada.ca/facility-emissions/GHGRP-G10726-2023.html,"http://indicators-map.canada.ca/App/Detail?id=0110726&GoCTemplateCulture=en-CA
"
10727,Central Heating and Cooling Plant,University of Calgary,Calgary,3550 24th Ave NW Avenue Northwest,T2N 1N4,Alberta,51.0749,-114.1387,69.68,kilotonnes of carbon dioxide equivalents (kt CO2 eq),2023,Universities,https://www23.statcan.gc.ca/imdb/p3VD.pl?Function=getVD&TVD=1369825&CVD=1370970&CPV=611310&CST=27012022&CLV=5&MLV=5,https://climate-change.canada.ca/facility-emissions/GHGRP-G10727-2023.html,"http://indicators-map.canada.ca/App/Detail?id=0110727&GoCTemplateCulture=en-CA
"
10728,University of Saskatchewan,University of Saskatchewan,Saskatoon,105 Administration Place,S7N 5A2,Saskatchewan,52.1299,-106.6313,51.82,kilotonnes of carbon dioxide equivalents (kt CO2 eq),2023,Universities,https://www23.statcan.gc.ca/imdb/p3VD.pl?Function=getVD&TVD=1369825&CVD=1370970&CPV=611310&CST=27012022&CLV=5&MLV=5,https://climate-change.canada.ca/facility-emissions/GHGRP-G10728-2023.html,"http://indicators-map.canada.ca/App/Detail?id=0110728&GoCTemplateCulture=en-CA
"
10729,York Energy Centre,York Energy Centre LP,Newmarket,18765 Dufferin Street,L3Y 4V9,Ontario,44.4,-79.31,23.83,kilotonnes of carbon dioxide equivalents (kt CO2 eq),2023,Fossil-Fuel Electric Power Generation,https://www23.statcan.gc.ca/imdb/p3VD.pl?Function=getVD&TVD=1369825&CVD=1370970&CPV=221112&CST=27012022&CLV=5&MLV=5,https://climate-change.canada.ca/facility-emissions/GHGRP-G10729-2023.html,"http://indicators-map.canada.ca/App/Detail?id=0110729&GoCTemplateCulture=en-CA
"
10730,Dépôt Rive-Nord,Dépôt Rive-Nord Inc.,St Thomas,1001 St-joseph Road,J0K 3L0,Quebec,46.05983,-73.25761,65.2,kilotonnes of carbon dioxide equivalents (kt CO2 eq),2023,Waste Treatment and Disposal,https://www23.statcan.gc.ca/imdb/p3VD.pl?Function=getVD&TVD=1369825&CVD=1370970&CPV=562210&CST=27012022&CLV=5&MLV=5,https://climate-change.canada.ca/facility-emissions/GHGRP-G10730-2023.html,"http://indicators-map.canada.ca/App/Detail?id=0110730&GoCTemplateCulture=en-CA
"
10735,Mackay River Commercial Program,PetroChina Canada Ltd.,Calgary,2700 707 5th Avenue Southwest,T2P 3H9,Alberta,56.79043,-112.09594,514.32,kilotonnes of carbon dioxide equivalents (kt CO2 eq),2023,In-situ oil sands extraction,https://www23.statcan.gc.ca/imdb/p3VD.pl?Function=getVD&TVD=1369825&CVD=1370970&CPV=211141&CST=27012022&CLV=5&MLV=5,https://climate-change.canada.ca/facility-emissions/GHGRP-G10735-2023.html,"http://indicators-map.canada.ca/App/Detail?id=0110735&GoCTemplateCulture=en-CA
"
10736,Apex Utilities Inc.,Apex Utilities Inc.,Leduc,5509 45 Street,T9E 6T6,Alberta,53.27026,-113.54154,30.54,kilotonnes of carbon dioxide equivalents (kt CO2 eq),2023,Natural Gas Distribution,https://www23.statcan.gc.ca/imdb/p3VD.pl?Function=getVD&TVD=1369825&CVD=1370970&CPV=221210&CST=27012022&CLV=5&MLV=5,https://climate-change.canada.ca/facility-emissions/GHGRP-G10736-2023.html,"http://indicators-map.canada.ca/App/Detail?id=0110736&GoCTemplateCulture=en-CA
"
10738,"Gerdau Ameristeel Corporation, Cambridge Mill",Gerdau Ameristeel Corporation,Cambridge,160 Orion Place,N1T 1R9,Ontario,43.3706,-80.284,14.78,kilotonnes of carbon dioxide equivalents (kt CO2 eq),2023,Iron and Steel Mills and Ferro-Alloy Manufacturing,https://www23.statcan.gc.ca/imdb/p3VD.pl?Function=getVD&TVD=1369825&CVD=1370970&CPV=331110&CST=27012022&CLV=5&MLV=5,https://climate-change.canada.ca/facility-emissions/GHGRP-G10738-2023.html,"http://indicators-map.canada.ca/App/Detail?id=0110738&GoCTemplateCulture=en-CA
"
10742,Meadow Lake Power Station,Saskatchewan Power Corporation,Meadow Lake,,S9X 1Y2,Saskatchewan,54.0882,-108.4384,4.68,kilotonnes of carbon dioxide equivalents (kt CO2 eq),2023,Fossil-Fuel Electric Power Generation,https://www23.statcan.gc.ca/imdb/p3VD.pl?Function=getVD&TVD=1369825&CVD=1370970&CPV=221112&CST=27012022&CLV=5&MLV=5,https://climate-change.canada.ca/facility-emissions/GHGRP-G10742-2023.html,"http://indicators-map.canada.ca/App/Detail?id=0110742&GoCTemplateCulture=en-CA
"
10744,Kirby South 13-21-73-7W4,Canadian Natural Resources Limited,,,N/A,Alberta,55.3424,-111.0294,800.35,kilotonnes of carbon dioxide equivalents (kt CO2 eq),2023,In-situ oil sands extraction,https://www23.statcan.gc.ca/imdb/p3VD.pl?Function=getVD&TVD=1369825&CVD=1370970&CPV=211141&CST=27012022&CLV=5&MLV=5,https://climate-change.canada.ca/facility-emissions/GHGRP-G10744-2023.html,"http://indicators-map.canada.ca/App/Detail?id=0110744&GoCTemplateCulture=en-CA
"
10745,"Cascades Papier Kingsey Falls, une division de Cascades Canad",Cascades Canada ULC,Kingsey Falls,408 Marie-Victorin,J0A 1B0,Quebec,45.8588,-72.0745,61.34,kilotonnes of carbon dioxide equivalents (kt CO2 eq),2023,Paperboard Mills,https://www23.statcan.gc.ca/imdb/p3VD.pl?Function=getVD&TVD=1369825&CVD=1370970&CPV=322130&CST=27012022&CLV=5&MLV=5,https://climate-change.canada.ca/facility-emissions/GHGRP-G10745-2023.html,"http://indicators-map.canada.ca/App/Detail?id=0110745&GoCTemplateCulture=en-CA
"
10746,Spyhill Landfill,City of Calgary,Calgary,11808 69 Street Northwest,T3R 1J3,Alberta,51.16,-114.18,40.35,kilotonnes of carbon dioxide equivalents (kt CO2 eq),2023,Waste Treatment and Disposal,https://www23.statcan.gc.ca/imdb/p3VD.pl?Function=getVD&TVD=1369825&CVD=1370970&CPV=562210&CST=27012022&CLV=5&MLV=5,https://climate-change.canada.ca/facility-emissions/GHGRP-G10746-2023.html,"http://indicators-map.canada.ca/App/Detail?id=0110746&GoCTemplateCulture=en-CA
"
10749,Paradise Hill Thermal 08-27-053-24W3,Cenovus Energy Inc.,Paradise Hill,,S0M 2G0,Saskatchewan,53.60441,-109.44918,125.8,kilotonnes of carbon dioxide equivalents (kt CO2 eq),2023,Oil and gas extraction (except oil sands),https://www23.statcan.gc.ca/imdb/p3VD.pl?Function=getVD&TVD=1369825&CVD=1370970&CPV=211110&CST=27012022&CLV=5&MLV=5,https://climate-change.canada.ca/facility-emissions/GHGRP-G10749-2023.html,"http://indicators-map.canada.ca/App/Detail?id=0110749&GoCTemplateCulture=en-CA
"
10750,Kearl Oil Sands Processing Plant and Mine,Imperial Oil Resources Limited,Fort Mckay,,T6B 3P9,Alberta,57.39692,-111.07162,3103.85,kilotonnes of carbon dioxide equivalents (kt CO2 eq),2023,Mined oil sands extraction,https://www23.statcan.gc.ca/imdb/p3VD.pl?Function=getVD&TVD=1369825&CVD=1370970&CPV=211142&CST=27012022&CLV=5&MLV=5,https://climate-change.canada.ca/facility-emissions/GHGRP-G10750-2023.html,"http://indicators-map.canada.ca/App/Detail?id=0110750&GoCTemplateCulture=en-CA
"
10751,Centrale de cogénération à la biomasse,Kruger Énergie Bromptonville S.E.C.,Sherbrooke,220 De Windsor Route,J1C 0E6,Quebec,45.4808,-71.9519,52.94,kilotonnes of carbon dioxide equivalents (kt CO2 eq),2023,Other Electric Power Generation,https://www23.statcan.gc.ca/imdb/p3VD.pl?Function=getVD&TVD=1369825&CVD=1370970&CPV=221119&CST=27012022&CLV=5&MLV=5,https://climate-change.canada.ca/facility-emissions/GHGRP-G10751-2023.html,"http://indicators-map.canada.ca/App/Detail?id=0110751&GoCTemplateCulture=en-CA
"
10753,North Battleford G.S.,Northland Power Inc.,Rm of North Battleford,,S9A 3L8,Saskatchewan,52.68323,-108.17154,826.31,kilotonnes of carbon dioxide equivalents (kt CO2 eq),2023,Fossil-Fuel Electric Power Generation,https://www23.statcan.gc.ca/imdb/p3VD.pl?Function=getVD&TVD=1369825&CVD=1370970&CPV=221112&CST=27012022&CLV=5&MLV=5,https://climate-change.canada.ca/facility-emissions/GHGRP-G10753-2023.html,"http://indicators-map.canada.ca/App/Detail?id=0110753&GoCTemplateCulture=en-CA
"
10756,Landis Power Station,Saskatchewan Power Corporation,Landis,,S0K 2K0,Saskatchewan,52.2244,-108.4334,20.74,kilotonnes of carbon dioxide equivalents (kt CO2 eq),2023,Fossil-Fuel Electric Power Generation,https://www23.statcan.gc.ca/imdb/p3VD.pl?Function=getVD&TVD=1369825&CVD=1370970&CPV=221112&CST=27012022&CLV=5&MLV=5,https://climate-change.canada.ca/facility-emissions/GHGRP-G10756-2023.html,"http://indicators-map.canada.ca/App/Detail?id=0110756&GoCTemplateCulture=en-CA
"
10757,Centre technologique AES,GFL Environmental Inc.,Chicoutimi,3333 Talbot Boulevard,G7H 5B1,Quebec,48.36553,-71.09347,61.02,kilotonnes of carbon dioxide equivalents (kt CO2 eq),2023,Waste Treatment and Disposal,https://www23.statcan.gc.ca/imdb/p3VD.pl?Function=getVD&TVD=1369825&CVD=1370970&CPV=562210&CST=27012022&CLV=5&MLV=5,https://climate-change.canada.ca/facility-emissions/GHGRP-G10757-2023.html,"http://indicators-map.canada.ca/App/Detail?id=0110757&GoCTemplateCulture=en-CA
"
10758,Dawson Gas Plant,NorthRiver Midstream Inc.,Bessborough,7868 241 Road,V1G 4E7,British Columbia,55.79353,-120.52431,105.59,kilotonnes of carbon dioxide equivalents (kt CO2 eq),2023,Oil and gas extraction (except oil sands),https://www23.statcan.gc.ca/imdb/p3VD.pl?Function=getVD&TVD=1369825&CVD=1370970&CPV=211110&CST=27012022&CLV=5&MLV=5,https://climate-change.canada.ca/facility-emissions/GHGRP-G10758-2023.html,"http://indicators-map.canada.ca/App/Detail?id=0110758&GoCTemplateCulture=en-CA
"
10760,"TransCanada Pipeline, Quebec",TransCanada PipeLines Limited,Les Cèdres,1370 montée Chénier,J7T 1L8,Quebec,0,0,42.13,kilotonnes of carbon dioxide equivalents (kt CO2 eq),2023,Pipeline Transportation of Natural Gas,https://www23.statcan.gc.ca/imdb/p3VD.pl?Function=getVD&TVD=1369825&CVD=1370970&CPV=486210&CST=27012022&CLV=5&MLV=5,https://climate-change.canada.ca/facility-emissions/GHGRP-G10760-2023.html,"http://indicators-map.canada.ca/App/Detail?id=0110760&GoCTemplateCulture=en-CA
"
10762,Twin Creeks Landfill (formerly Warwick Landfill),Waste Management of Canada Corporation,Watford,8039 Zion Line,N0M 2S0,Ontario,42.9757,-81.8669,170.83,kilotonnes of carbon dioxide equivalents (kt CO2 eq),2023,Waste Treatment and Disposal,https://www23.statcan.gc.ca/imdb/p3VD.pl?Function=getVD&TVD=1369825&CVD=1370970&CPV=562210&CST=27012022&CLV=5&MLV=5,https://climate-change.canada.ca/facility-emissions/GHGRP-G10762-2023.html,"http://indicators-map.canada.ca/App/Detail?id=0110762&GoCTemplateCulture=en-CA
"
10763,Sunrise Gas Plant (03-18-080-17W6) - TOU,Tourmaline Oil Corp,Taylor,,N/A,British Columbia,55.9285,-120.6423,52.32,kilotonnes of carbon dioxide equivalents (kt CO2 eq),2023,Oil and gas extraction (except oil sands),https://www23.statcan.gc.ca/imdb/p3VD.pl?Function=getVD&TVD=1369825&CVD=1370970&CPV=211110&CST=27012022&CLV=5&MLV=5,https://climate-change.canada.ca/facility-emissions/GHGRP-G10763-2023.html,"http://indicators-map.canada.ca/App/Detail?id=0110763&GoCTemplateCulture=en-CA
"
10765,Detour Lake Project,Agnico Eagle Mines Limited (MAIN),Cochrane,End of Highway 652,N/A,Ontario,50.0171,-79.70393,294.61,kilotonnes of carbon dioxide equivalents (kt CO2 eq),2023,Gold and Silver Ore Mining,https://www23.statcan.gc.ca/imdb/p3VD.pl?Function=getVD&TVD=1369825&CVD=1370970&CPV=212220&CST=27012022&CLV=5&MLV=5,https://climate-change.canada.ca/facility-emissions/GHGRP-G10765-2023.html,"http://indicators-map.canada.ca/App/Detail?id=0110765&GoCTemplateCulture=en-CA
"
10767,PARA KAYBOB 12-10-064-19W5,Paramount Resources Ltd.,,,N/A,Alberta,54.5251,-116.7962,25.76,kilotonnes of carbon dioxide equivalents (kt CO2 eq),2023,Oil and gas extraction (except oil sands),https://www23.statcan.gc.ca/imdb/p3VD.pl?Function=getVD&TVD=1369825&CVD=1370970&CPV=211110&CST=27012022&CLV=5&MLV=5,https://climate-change.canada.ca/facility-emissions/GHGRP-G10767-2023.html,"http://indicators-map.canada.ca/App/Detail?id=0110767&GoCTemplateCulture=en-CA
"
10768,Meridian Lightweight Technologies Inc,Meridian Technologies Inc.,Strathroy,155 High Street,N7G 1H4,Ontario,42.9595,-81.6114,84.78,kilotonnes of carbon dioxide equivalents (kt CO2 eq),2023,Non-Ferrous Die-Casting Foundries,https://www23.statcan.gc.ca/imdb/p3VD.pl?Function=getVD&TVD=1369825&CVD=1370970&CPV=331523&CST=27012022&CLV=5&MLV=5,https://climate-change.canada.ca/facility-emissions/GHGRP-G10768-2023.html,"http://indicators-map.canada.ca/App/Detail?id=0110768&GoCTemplateCulture=en-CA
"
10769,Meridian Lightweight Technologies Inc. Plant E,Meridian Technologies Inc.,Strathroy,800 Wright Street,N7G 4H7,Ontario,42.9907,-81.6208,106.61,kilotonnes of carbon dioxide equivalents (kt CO2 eq),2023,Non-Ferrous Die-Casting Foundries,https://www23.statcan.gc.ca/imdb/p3VD.pl?Function=getVD&TVD=1369825&CVD=1370970&CPV=331523&CST=27012022&CLV=5&MLV=5,https://climate-change.canada.ca/facility-emissions/GHGRP-G10769-2023.html,"http://indicators-map.canada.ca/App/Detail?id=0110769&GoCTemplateCulture=en-CA
"
10770,Parkland Gas Plant 03-09,ARC RESOURCES LTD.,,,N/A,British Columbia,56.002,-120.444,30.71,kilotonnes of carbon dioxide equivalents (kt CO2 eq),2023,Oil and gas extraction (except oil sands),https://www23.statcan.gc.ca/imdb/p3VD.pl?Function=getVD&TVD=1369825&CVD=1370970&CPV=211110&CST=27012022&CLV=5&MLV=5,https://climate-change.canada.ca/facility-emissions/GHGRP-G10770-2023.html,"http://indicators-map.canada.ca/App/Detail?id=0110770&GoCTemplateCulture=en-CA
"
10771,Kaybob East 16-03,Athabasca Oil Corporation,Fox Creek,-,N/A,Alberta,54.6016,-116.62573,17.82,kilotonnes of carbon dioxide equivalents (kt CO2 eq),2023,Oil and gas extraction (except oil sands),https://www23.statcan.gc.ca/imdb/p3VD.pl?Function=getVD&TVD=1369825&CVD=1370970&CPV=211110&CST=27012022&CLV=5&MLV=5,https://climate-change.canada.ca/facility-emissions/GHGRP-G10771-2023.html,"http://indicators-map.canada.ca/App/Detail?id=0110771&GoCTemplateCulture=en-CA
"
10772,Kaybob West 07-14,Athabasca Oil Corporation,Fox Creek,-,N/A,Alberta,54.44886,-116.90932,40.93,kilotonnes of carbon dioxide equivalents (kt CO2 eq),2023,Oil and gas extraction (except oil sands),https://www23.statcan.gc.ca/imdb/p3VD.pl?Function=getVD&TVD=1369825&CVD=1370970&CPV=211110&CST=27012022&CLV=5&MLV=5,https://climate-change.canada.ca/facility-emissions/GHGRP-G10772-2023.html,"http://indicators-map.canada.ca/App/Detail?id=0110772&GoCTemplateCulture=en-CA
"
10773,Saxon 10-19,Cygnet Energy Ltd.,Fox Creek,-,N/A,Alberta,54.37946,-117.28577,20.8,kilotonnes of carbon dioxide equivalents (kt CO2 eq),2023,Oil and gas extraction (except oil sands),https://www23.statcan.gc.ca/imdb/p3VD.pl?Function=getVD&TVD=1369825&CVD=1370970&CPV=211110&CST=27012022&CLV=5&MLV=5,https://climate-change.canada.ca/facility-emissions/GHGRP-G10773-2023.html,"http://indicators-map.canada.ca/App/Detail?id=0110773&GoCTemplateCulture=en-CA
"
10774,Pouce Coupe South 03-22-078-12W6M,Birchcliff Energy Ltd.,Bonanza,1 124 Road,T0H 0K0,Alberta,55.76861,-119.77487,220.89,kilotonnes of carbon dioxide equivalents (kt CO2 eq),2023,Oil and gas extraction (except oil sands),https://www23.statcan.gc.ca/imdb/p3VD.pl?Function=getVD&TVD=1369825&CVD=1370970&CPV=211110&CST=27012022&CLV=5&MLV=5,https://climate-change.canada.ca/facility-emissions/GHGRP-G10774-2023.html,"http://indicators-map.canada.ca/App/Detail?id=0110774&GoCTemplateCulture=en-CA
"
10776,Wembley Gas Plant,NuVista Energy Ltd.,Wembley,,T0H 3S0,Alberta,55.3359,-119.223,56.63,kilotonnes of carbon dioxide equivalents (kt CO2 eq),2023,Oil and gas extraction (except oil sands),https://www23.statcan.gc.ca/imdb/p3VD.pl?Function=getVD&TVD=1369825&CVD=1370970&CPV=211110&CST=27012022&CLV=5&MLV=5,https://climate-change.canada.ca/facility-emissions/GHGRP-G10776-2023.html,"http://indicators-map.canada.ca/App/Detail?id=0110776&GoCTemplateCulture=en-CA
"
10777,Viewfield Sour Gas Plant 13-05,Steel Reef Infrastructure Corp.,Stoughton,LSD 13-05-008-08 W2M,S4H 0A1,Saskatchewan,49.6222,-103.0517,52.32,kilotonnes of carbon dioxide equivalents (kt CO2 eq),2023,Oil and gas extraction (except oil sands),https://www23.statcan.gc.ca/imdb/p3VD.pl?Function=getVD&TVD=1369825&CVD=1370970&CPV=211110&CST=27012022&CLV=5&MLV=5,https://climate-change.canada.ca/facility-emissions/GHGRP-G10777-2023.html,"http://indicators-map.canada.ca/App/Detail?id=0110777&GoCTemplateCulture=en-CA
"
10779,Shepard Energy Centre,Enmax Generation Portfolio Inc,Calgary,9500 100 Street Southeast,T3S 0A2,Alberta,50.97083,-113.88538,2329.41,kilotonnes of carbon dioxide equivalents (kt CO2 eq),2023,Fossil-Fuel Electric Power Generation,https://www23.statcan.gc.ca/imdb/p3VD.pl?Function=getVD&TVD=1369825&CVD=1370970&CPV=221112&CST=27012022&CLV=5&MLV=5,https://climate-change.canada.ca/facility-emissions/GHGRP-G10779-2023.html,"http://indicators-map.canada.ca/App/Detail?id=0110779&GoCTemplateCulture=en-CA
"
10780,Sandall Thermal 06-14-051-24W3,Cenovus Energy Inc.,Lloydminster,2944  44 Avenue,S9V 0Z1,Saskatchewan,53.40078,-109.43664,142.4,kilotonnes of carbon dioxide equivalents (kt CO2 eq),2023,Oil and gas extraction (except oil sands),https://www23.statcan.gc.ca/imdb/p3VD.pl?Function=getVD&TVD=1369825&CVD=1370970&CPV=211110&CST=27012022&CLV=5&MLV=5,https://climate-change.canada.ca/facility-emissions/GHGRP-G10780-2023.html,"http://indicators-map.canada.ca/App/Detail?id=0110780&GoCTemplateCulture=en-CA
"
10782,LES FORGES DE SOREL CIE - ST-JOSEPH-DE-SOREL,Les Forges de Sorel Cie,St Joseph de Sorel,100 McCarthy,J3R 3M8,Quebec,46.045,-73.1239,37.27,kilotonnes of carbon dioxide equivalents (kt CO2 eq),2023,Forging,https://www23.statcan.gc.ca/imdb/p3VD.pl?Function=getVD&TVD=1369825&CVD=1370970&CPV=332113&CST=27012022&CLV=5&MLV=5,https://climate-change.canada.ca/facility-emissions/GHGRP-G10782-2023.html,"http://indicators-map.canada.ca/App/Detail?id=0110782&GoCTemplateCulture=en-CA
"
10783,Mosaic Potash Colonsay,Mosaic Potash Colonsay ULC,Colonsay,Highway 2 (approximately 3 miles south of the junction of hwy 16 and 2),S0K 0Z0,Saskatchewan,51.9333,-105.7638,33.93,kilotonnes of carbon dioxide equivalents (kt CO2 eq),2023,Potash Mining,https://www23.statcan.gc.ca/imdb/p3VD.pl?Function=getVD&TVD=1369825&CVD=1370970&CPV=212396&CST=27012022&CLV=5&MLV=5,https://climate-change.canada.ca/facility-emissions/GHGRP-G10783-2023.html,"http://indicators-map.canada.ca/App/Detail?id=0110783&GoCTemplateCulture=en-CA
"
10785,Myra Falls Mine Ltd.,Myra Falls Mine Ltd,Campbell River,1 Westmin Road Highway,V1V 1V1,British Columbia,49.57694,-125.60194,34.05,kilotonnes of carbon dioxide equivalents (kt CO2 eq),2023,Copper-Zinc Ore Mining,https://www23.statcan.gc.ca/imdb/p3VD.pl?Function=getVD&TVD=1369825&CVD=1370970&CPV=212233&CST=27012022&CLV=5&MLV=5,https://climate-change.canada.ca/facility-emissions/GHGRP-G10785-2023.html,"http://indicators-map.canada.ca/App/Detail?id=0110785&GoCTemplateCulture=en-CA
"
10787,Kakwa River Gas Plant 08-13-063-05W6,Pembina Pipeline Corporation,Calgary,4000 585  Avenue Southwest,N/A,Alberta,54.44888,-118.59466,226.22,kilotonnes of carbon dioxide equivalents (kt CO2 eq),2023,Oil and gas extraction (except oil sands),https://www23.statcan.gc.ca/imdb/p3VD.pl?Function=getVD&TVD=1369825&CVD=1370970&CPV=211110&CST=27012022&CLV=5&MLV=5,https://climate-change.canada.ca/facility-emissions/GHGRP-G10787-2023.html,"http://indicators-map.canada.ca/App/Detail?id=0110787&GoCTemplateCulture=en-CA
"
10788,Redwater Fractionation and Storage Facility,Pembina Pipeline Corporation,Redwater,,N/A,Alberta,53.8172,-113.1336,139.18,kilotonnes of carbon dioxide equivalents (kt CO2 eq),2023,Oil and gas extraction (except oil sands),https://www23.statcan.gc.ca/imdb/p3VD.pl?Function=getVD&TVD=1369825&CVD=1370970&CPV=211110&CST=27012022&CLV=5&MLV=5,https://climate-change.canada.ca/facility-emissions/GHGRP-G10788-2023.html,"http://indicators-map.canada.ca/App/Detail?id=0110788&GoCTemplateCulture=en-CA
"
10789,Saturn Deepcut Gas Plant 12-36,Pembina Pipeline Corporation,Greenview No. 16,Unnamed Rd,N/A,Alberta,53.97148,-117.29729,124.07,kilotonnes of carbon dioxide equivalents (kt CO2 eq),2023,Oil and gas extraction (except oil sands),https://www23.statcan.gc.ca/imdb/p3VD.pl?Function=getVD&TVD=1369825&CVD=1370970&CPV=211110&CST=27012022&CLV=5&MLV=5,https://climate-change.canada.ca/facility-emissions/GHGRP-G10789-2023.html,"http://indicators-map.canada.ca/App/Detail?id=0110789&GoCTemplateCulture=en-CA
"
10790,Peyto Swanson 12-31-053-19W5,Peyto Exploration and Development Corporation,,,N/A,Alberta,53.6229,-116.79923,66.5,kilotonnes of carbon dioxide equivalents (kt CO2 eq),2023,Oil and gas extraction (except oil sands),https://www23.statcan.gc.ca/imdb/p3VD.pl?Function=getVD&TVD=1369825&CVD=1370970&CPV=211110&CST=27012022&CLV=5&MLV=5,https://climate-change.canada.ca/facility-emissions/GHGRP-G10790-2023.html,"http://indicators-map.canada.ca/App/Detail?id=0110790&GoCTemplateCulture=en-CA
"
10791,Aluminerie Arvida - Centre technologique AP60,Rio Tinto Alcan Inc,Jonquière,2685 Boulevard du Saguenay,G7S 0C9,Quebec,48.43193,-71.15674,104.88,kilotonnes of carbon dioxide equivalents (kt CO2 eq),2023,Primary Production of Alumina and Aluminum,https://www23.statcan.gc.ca/imdb/p3VD.pl?Function=getVD&TVD=1369825&CVD=1370970&CPV=331313&CST=27012022&CLV=5&MLV=5,https://climate-change.canada.ca/facility-emissions/GHGRP-G10791-2023.html,"http://indicators-map.canada.ca/App/Detail?id=0110791&GoCTemplateCulture=en-CA
"
10792,Saturn Gas Processing and Production IF-a,Shell Canada Limited Shell Canada Limitee,Fort St. John,,N/A,British Columbia,55.962,-121.075,3.42,kilotonnes of carbon dioxide equivalents (kt CO2 eq),2023,Oil and gas extraction (except oil sands),https://www23.statcan.gc.ca/imdb/p3VD.pl?Function=getVD&TVD=1369825&CVD=1370970&CPV=211110&CST=27012022&CLV=5&MLV=5,https://climate-change.canada.ca/facility-emissions/GHGRP-G10792-2023.html,"http://indicators-map.canada.ca/App/Detail?id=0110792&GoCTemplateCulture=en-CA
"
10793,Slave Lake Pulp,"West Fraser Mills Ltd., Operating as Slave Lake Pulp",Slave Lake,20 km SE of Slave Lake,T0G 2A0,Alberta,55.2481,-114.514,76.41,kilotonnes of carbon dioxide equivalents (kt CO2 eq),2023,Mechanical Pulp Mills,https://www23.statcan.gc.ca/imdb/p3VD.pl?Function=getVD&TVD=1369825&CVD=1370970&CPV=322111&CST=27012022&CLV=5&MLV=5,https://climate-change.canada.ca/facility-emissions/GHGRP-G10793-2023.html,"http://indicators-map.canada.ca/App/Detail?id=0110793&GoCTemplateCulture=en-CA
"
10795,Banshee Gas Plant (15-12-050-21W5) - TOU,Tourmaline Oil Corp,Yellowhead County,Mitchell Creek Road,T2P 3H7,Alberta,53.30683,-116.93588,72.23,kilotonnes of carbon dioxide equivalents (kt CO2 eq),2023,Oil and gas extraction (except oil sands),https://www23.statcan.gc.ca/imdb/p3VD.pl?Function=getVD&TVD=1369825&CVD=1370970&CPV=211110&CST=27012022&CLV=5&MLV=5,https://climate-change.canada.ca/facility-emissions/GHGRP-G10795-2023.html,"http://indicators-map.canada.ca/App/Detail?id=0110795&GoCTemplateCulture=en-CA
"
10796,West Doe Gas Plant (13-25-080-16W6) - TOU,Tourmaline Oil Corp,Dawson Creek,,N/A,British Columbia,55.95747,-120.37373,65.8,kilotonnes of carbon dioxide equivalents (kt CO2 eq),2023,Oil and gas extraction (except oil sands),https://www23.statcan.gc.ca/imdb/p3VD.pl?Function=getVD&TVD=1369825&CVD=1370970&CPV=211110&CST=27012022&CLV=5&MLV=5,https://climate-change.canada.ca/facility-emissions/GHGRP-G10796-2023.html,"http://indicators-map.canada.ca/App/Detail?id=0110796&GoCTemplateCulture=en-CA
"
10797,Spirit River 06-03-078-07W6 Battery,Tourmaline Oil Corp,Grand Prairie,,N/A,Alberta,55.7332,-118.9989,41.23,kilotonnes of carbon dioxide equivalents (kt CO2 eq),2023,Oil and gas extraction (except oil sands),https://www23.statcan.gc.ca/imdb/p3VD.pl?Function=getVD&TVD=1369825&CVD=1370970&CPV=211110&CST=27012022&CLV=5&MLV=5,https://climate-change.canada.ca/facility-emissions/GHGRP-G10797-2023.html,"http://indicators-map.canada.ca/App/Detail?id=0110797&GoCTemplateCulture=en-CA
"
10798,Musreau Gas Plant (08-13-062-06W6) - TOU,Tourmaline Oil Corp,Grande Cache,,N/A,Alberta,54.3597,-118.7563,73.98,kilotonnes of carbon dioxide equivalents (kt CO2 eq),2023,Oil and gas extraction (except oil sands),https://www23.statcan.gc.ca/imdb/p3VD.pl?Function=getVD&TVD=1369825&CVD=1370970&CPV=211110&CST=27012022&CLV=5&MLV=5,https://climate-change.canada.ca/facility-emissions/GHGRP-G10798-2023.html,"http://indicators-map.canada.ca/App/Detail?id=0110798&GoCTemplateCulture=en-CA
"
10799,Wildriver Gas Plant (14-20-056-23W5) - TOU,Tourmaline Oil Corp,Hinton,,N/A,Alberta,53.8579,-113.3974,89.94,kilotonnes of carbon dioxide equivalents (kt CO2 eq),2023,Oil and gas extraction (except oil sands),https://www23.statcan.gc.ca/imdb/p3VD.pl?Function=getVD&TVD=1369825&CVD=1370970&CPV=211110&CST=27012022&CLV=5&MLV=5,https://climate-change.canada.ca/facility-emissions/GHGRP-G10799-2023.html,"http://indicators-map.canada.ca/App/Detail?id=0110799&GoCTemplateCulture=en-CA
"
10800,TRT ETGO du Québec inc.,Viterra Canada Inc.,Bécancour,555 Alphonse-Deshaies Boulevard,G9H 2Y8,Quebec,46.38806,-72.37667,53.79,kilotonnes of carbon dioxide equivalents (kt CO2 eq),2023,Oilseed Processing,https://www23.statcan.gc.ca/imdb/p3VD.pl?Function=getVD&TVD=1369825&CVD=1370970&CPV=311224&CST=27012022&CLV=5&MLV=5,https://climate-change.canada.ca/facility-emissions/GHGRP-G10800-2023.html,"http://indicators-map.canada.ca/App/Detail?id=0110800&GoCTemplateCulture=en-CA
"
10801,Blair Creek Comp Stn d-058-F,AltaGas Ltd.,,,N/A,British Columbia,56.3236,-120.9973,21.31,kilotonnes of carbon dioxide equivalents (kt CO2 eq),2023,Oil and gas extraction (except oil sands),https://www23.statcan.gc.ca/imdb/p3VD.pl?Function=getVD&TVD=1369825&CVD=1370970&CPV=211110&CST=27012022&CLV=5&MLV=5,https://climate-change.canada.ca/facility-emissions/GHGRP-G10801-2023.html,"http://indicators-map.canada.ca/App/Detail?id=0110801&GoCTemplateCulture=en-CA
"
10802,Gordondale Sour Gas Plant 16-31,AltaGas Ltd.,,,N/A,Alberta,55.80785,-119.68695,122.37,kilotonnes of carbon dioxide equivalents (kt CO2 eq),2023,Oil and gas extraction (except oil sands),https://www23.statcan.gc.ca/imdb/p3VD.pl?Function=getVD&TVD=1369825&CVD=1370970&CPV=211110&CST=27012022&CLV=5&MLV=5,https://climate-change.canada.ca/facility-emissions/GHGRP-G10802-2023.html,"http://indicators-map.canada.ca/App/Detail?id=0110802&GoCTemplateCulture=en-CA
"
10804,AOC Hangingstone SAGD,Athabasca Oil Corporation,Fort McMurray,,N/A,Alberta,52.283,-111.2521,230.06,kilotonnes of carbon dioxide equivalents (kt CO2 eq),2023,In-situ oil sands extraction,https://www23.statcan.gc.ca/imdb/p3VD.pl?Function=getVD&TVD=1369825&CVD=1370970&CPV=211141&CST=27012022&CLV=5&MLV=5,https://climate-change.canada.ca/facility-emissions/GHGRP-G10804-2023.html,"http://indicators-map.canada.ca/App/Detail?id=0110804&GoCTemplateCulture=en-CA
"
10805,Durham York Energy Centre,Covanta Durham York Renewable Energy Limited Partnership,Courtice,1835 Energy Drive,L1E 2R2,Ontario,43.87424,-78.75309,73.85,kilotonnes of carbon dioxide equivalents (kt CO2 eq),2023,Waste Treatment and Disposal,https://www23.statcan.gc.ca/imdb/p3VD.pl?Function=getVD&TVD=1369825&CVD=1370970&CPV=562210&CST=27012022&CLV=5&MLV=5,https://climate-change.canada.ca/facility-emissions/GHGRP-G10805-2023.html,"http://indicators-map.canada.ca/App/Detail?id=0110805&GoCTemplateCulture=en-CA
"
10806,Ferrier Comp Stn 13-05,Spartan Delta Corp.,Calgary,1500 308 4 Avenue Southwest,T2P 0H7,Alberta,52.85616,-115.27982,87.61,kilotonnes of carbon dioxide equivalents (kt CO2 eq),2023,Oil and gas extraction (except oil sands),https://www23.statcan.gc.ca/imdb/p3VD.pl?Function=getVD&TVD=1369825&CVD=1370970&CPV=211110&CST=27012022&CLV=5&MLV=5,https://climate-change.canada.ca/facility-emissions/GHGRP-G10806-2023.html,"http://indicators-map.canada.ca/App/Detail?id=0110806&GoCTemplateCulture=en-CA
"
10807,Fort Saskatchewan Plant,Keyera Corp,Fort Saskatchewan,,T8L 2T2,Alberta,53.7469,-113.1645,136.1,kilotonnes of carbon dioxide equivalents (kt CO2 eq),2023,Oil and gas extraction (except oil sands),https://www23.statcan.gc.ca/imdb/p3VD.pl?Function=getVD&TVD=1369825&CVD=1370970&CPV=211110&CST=27012022&CLV=5&MLV=5,https://climate-change.canada.ca/facility-emissions/GHGRP-G10807-2023.html,"http://indicators-map.canada.ca/App/Detail?id=0110807&GoCTemplateCulture=en-CA
"
10808,Guelph Campus,University of Guelph,Guelph,50 Stone Road,N1G 2W1,Ontario,43.32,-80.1336,41.45,kilotonnes of carbon dioxide equivalents (kt CO2 eq),2023,Universities,https://www23.statcan.gc.ca/imdb/p3VD.pl?Function=getVD&TVD=1369825&CVD=1370970&CPV=611310&CST=27012022&CLV=5&MLV=5,https://climate-change.canada.ca/facility-emissions/GHGRP-G10808-2023.html,"http://indicators-map.canada.ca/App/Detail?id=0110808&GoCTemplateCulture=en-CA
"
10809,JBS Foods Canada Inc.,ALIMENT JBS CANADA ULC/ JBS FOOD CANADA ULC,Brooks,Highway 1 Highway West,T1R 1C6,Alberta,50.5976,-111.8818,86.21,kilotonnes of carbon dioxide equivalents (kt CO2 eq),2023,Beef cattle slaughtering,https://www23.statcan.gc.ca/imdb/p3VD.pl?Function=getVD&TVD=1369825&CVD=1370970&CPV=311616&CST=27012022&CLV=5&MLV=5,https://climate-change.canada.ca/facility-emissions/GHGRP-G10809-2023.html,"http://indicators-map.canada.ca/App/Detail?id=0110809&GoCTemplateCulture=en-CA
"
10810,Long Harbour Operations,Vale Newfoundland and Labrador Limited,Long Harbour,1 Nickel Road,A0B 2J0,Newfoundland and Labrador,47.40889,-53.81167,41.04,kilotonnes of carbon dioxide equivalents (kt CO2 eq),2023,Non-Ferrous Metal (except Aluminum) Smelting and Refining,https://www23.statcan.gc.ca/imdb/p3VD.pl?Function=getVD&TVD=1369825&CVD=1370970&CPV=331410&CST=27012022&CLV=5&MLV=5,https://climate-change.canada.ca/facility-emissions/GHGRP-G10810-2023.html,"http://indicators-map.canada.ca/App/Detail?id=0110810&GoCTemplateCulture=en-CA
"
10811,Petyo Oldman North 14-17-055-21W5,Peyto Exploration and Development Corporation,,,N/A,Alberta,53.75758,-117.08598,67.9,kilotonnes of carbon dioxide equivalents (kt CO2 eq),2023,Oil and gas extraction (except oil sands),https://www23.statcan.gc.ca/imdb/p3VD.pl?Function=getVD&TVD=1369825&CVD=1370970&CPV=211110&CST=27012022&CLV=5&MLV=5,https://climate-change.canada.ca/facility-emissions/GHGRP-G10811-2023.html,"http://indicators-map.canada.ca/App/Detail?id=0110811&GoCTemplateCulture=en-CA
"
10812,Rush Lake Thermal Pilot & Commercial 12-03-048-21W3,Cenovus Energy Inc.,Paynton,,S0M 2J0,Saskatchewan,53.11255,-109.00025,263.3,kilotonnes of carbon dioxide equivalents (kt CO2 eq),2023,Oil and gas extraction (except oil sands),https://www23.statcan.gc.ca/imdb/p3VD.pl?Function=getVD&TVD=1369825&CVD=1370970&CPV=211110&CST=27012022&CLV=5&MLV=5,https://climate-change.canada.ca/facility-emissions/GHGRP-G10812-2023.html,"http://indicators-map.canada.ca/App/Detail?id=0110812&GoCTemplateCulture=en-CA
"
10813,Canadian Natural Upgrading Limited Muskeg River Mine and Jack,Canadian Natural Upgrading Ltd,Fort McMurray,63 HW Highway,T9H 4W1,Alberta,57.24437,-111.51704,1650.59,kilotonnes of carbon dioxide equivalents (kt CO2 eq),2023,Mined oil sands extraction,https://www23.statcan.gc.ca/imdb/p3VD.pl?Function=getVD&TVD=1369825&CVD=1370970&CPV=211142&CST=27012022&CLV=5&MLV=5,https://climate-change.canada.ca/facility-emissions/GHGRP-G10813-2023.html,"http://indicators-map.canada.ca/App/Detail?id=0110813&GoCTemplateCulture=en-CA
"
10814,Sundance 15-07-054-21W5 Gas Plant,Tourmaline Oil Corp,Calgary,3700 250 6th Avenue Southwest,T2P 3H7,Alberta,53.65556,-117.0816,42.09,kilotonnes of carbon dioxide equivalents (kt CO2 eq),2023,Oil and gas extraction (except oil sands),https://www23.statcan.gc.ca/imdb/p3VD.pl?Function=getVD&TVD=1369825&CVD=1370970&CPV=211110&CST=27012022&CLV=5&MLV=5,https://climate-change.canada.ca/facility-emissions/GHGRP-G10814-2023.html,"http://indicators-map.canada.ca/App/Detail?id=0110814&GoCTemplateCulture=en-CA
"
10815,Sunrise Thermal,Cenovus Energy Inc.,Fort Mckay,45 km Canterra Road,T0P 1C0,Alberta,57.23722,-111.05954,1335.48,kilotonnes of carbon dioxide equivalents (kt CO2 eq),2023,In-situ oil sands extraction,https://www23.statcan.gc.ca/imdb/p3VD.pl?Function=getVD&TVD=1369825&CVD=1370970&CPV=211141&CST=27012022&CLV=5&MLV=5,https://climate-change.canada.ca/facility-emissions/GHGRP-G10815-2023.html,"http://indicators-map.canada.ca/App/Detail?id=0110815&GoCTemplateCulture=en-CA
"
10816,West Cadotte Power Plant,Enfinite Generation Corporation,Northern Sunrise County,842 Road,T0H 0N0,Alberta,56.31375,-116.77863,93.6,kilotonnes of carbon dioxide equivalents (kt CO2 eq),2023,Fossil-Fuel Electric Power Generation,https://www23.statcan.gc.ca/imdb/p3VD.pl?Function=getVD&TVD=1369825&CVD=1370970&CPV=221112&CST=27012022&CLV=5&MLV=5,https://climate-change.canada.ca/facility-emissions/GHGRP-G10816-2023.html,"http://indicators-map.canada.ca/App/Detail?id=0110816&GoCTemplateCulture=en-CA
"
10817,LINDBERGH SAGD 04-25,Strathcona Resources Ltd.,Calgary,1900 421 7 Avenue Southwest,T2P 4K9,Alberta,54.03691,-110.62095,557.49,kilotonnes of carbon dioxide equivalents (kt CO2 eq),2023,In-situ oil sands extraction,https://www23.statcan.gc.ca/imdb/p3VD.pl?Function=getVD&TVD=1369825&CVD=1370970&CPV=211141&CST=27012022&CLV=5&MLV=5,https://climate-change.canada.ca/facility-emissions/GHGRP-G10817-2023.html,"http://indicators-map.canada.ca/App/Detail?id=0110817&GoCTemplateCulture=en-CA
"
10821,Glenridge Landfill Site,Regional Municipality of Niagara,St. Catharines,1860 Sir Issac Brock Way,L2T 1R4,Ontario,43.1222,-79.23763,42.68,kilotonnes of carbon dioxide equivalents (kt CO2 eq),2023,Waste Treatment and Disposal,https://www23.statcan.gc.ca/imdb/p3VD.pl?Function=getVD&TVD=1369825&CVD=1370970&CPV=562210&CST=27012022&CLV=5&MLV=5,https://climate-change.canada.ca/facility-emissions/GHGRP-G10821-2023.html,"http://indicators-map.canada.ca/App/Detail?id=0110821&GoCTemplateCulture=en-CA
"
10822,SAULT STE. MARIE MUNICIPAL LANDFILL,Sault Ste. Marie Municipal Landfill,Sault Ste. Marie,402 Fifth Line East,P6A 5K8,Ontario,46.5811,-84.3293,52.71,kilotonnes of carbon dioxide equivalents (kt CO2 eq),2023,Waste Treatment and Disposal,https://www23.statcan.gc.ca/imdb/p3VD.pl?Function=getVD&TVD=1369825&CVD=1370970&CPV=562210&CST=27012022&CLV=5&MLV=5,https://climate-change.canada.ca/facility-emissions/GHGRP-G10822-2023.html,"http://indicators-map.canada.ca/App/Detail?id=0110822&GoCTemplateCulture=en-CA
"
10823,Air Liquide Canada - Bécancour Plan 2,Air Liquide Canada Inc.,Bécancour,5425 Raoul-Duchesne,G9H 2T9,Quebec,46.3824,-72.3753,55.38,kilotonnes of carbon dioxide equivalents (kt CO2 eq),2023,Industrial Gas Manufacturing,https://www23.statcan.gc.ca/imdb/p3VD.pl?Function=getVD&TVD=1369825&CVD=1370970&CPV=325120&CST=27012022&CLV=5&MLV=5,https://climate-change.canada.ca/facility-emissions/GHGRP-G10823-2023.html,"http://indicators-map.canada.ca/App/Detail?id=0110823&GoCTemplateCulture=en-CA
"
10824,Division GEA Houle,"GEA Farm Technologies Canada Inc, Division GEA Houle",Drummondville,4591 St-Joseph Boulevard,J2A 0C6,Quebec,45.50135,-72.2549,0.72,kilotonnes of carbon dioxide equivalents (kt CO2 eq),2023,Agricultural Implement Manufacturing,https://www23.statcan.gc.ca/imdb/p3VD.pl?Function=getVD&TVD=1369825&CVD=1370970&CPV=333110&CST=27012022&CLV=5&MLV=5,https://climate-change.canada.ca/facility-emissions/GHGRP-G10824-2023.html,"http://indicators-map.canada.ca/App/Detail?id=0110824&GoCTemplateCulture=en-CA
"
10826,Fleet Street Landfill Site,City of Regina,Regina,1101 Fleet Street,S4N 6M2,Saskatchewan,50.49404,-104.54781,86.19,kilotonnes of carbon dioxide equivalents (kt CO2 eq),2023,All Other Waste Management Services,https://www23.statcan.gc.ca/imdb/p3VD.pl?Function=getVD&TVD=1369825&CVD=1370970&CPV=562990&CST=27012022&CLV=5&MLV=5,https://climate-change.canada.ca/facility-emissions/GHGRP-G10826-2023.html,"http://indicators-map.canada.ca/App/Detail?id=0110826&GoCTemplateCulture=en-CA
"
10827,Charlottetown Generating Station,Maritime Electric,Charlottetown,50 Cumberland Street,C1A 5B9,Prince Edward Island,46.2382,-63.1173,1.52,kilotonnes of carbon dioxide equivalents (kt CO2 eq),2023,Fossil-Fuel Electric Power Generation,https://www23.statcan.gc.ca/imdb/p3VD.pl?Function=getVD&TVD=1369825&CVD=1370970&CPV=221112&CST=27012022&CLV=5&MLV=5,https://climate-change.canada.ca/facility-emissions/GHGRP-G10827-2023.html,"http://indicators-map.canada.ca/App/Detail?id=0110827&GoCTemplateCulture=en-CA
"
10828,ALBERTA NEWSPRINT,Alberta Newsprint Co.,Whitecourt,43 Highway North,T7S 1P9,Alberta,54.1044,-115.4821,218.99,kilotonnes of carbon dioxide equivalents (kt CO2 eq),2023,Newsprint Mills,https://www23.statcan.gc.ca/imdb/p3VD.pl?Function=getVD&TVD=1369825&CVD=1370970&CPV=322122&CST=27012022&CLV=5&MLV=5,https://climate-change.canada.ca/facility-emissions/GHGRP-G10828-2023.html,"http://indicators-map.canada.ca/App/Detail?id=0110828&GoCTemplateCulture=en-CA
"
10830,MSSC Canada,MSSC Canada,Chatham,201 Park Avenue,N7M 3V7,Ontario,42.4006,-82.1739,30.17,kilotonnes of carbon dioxide equivalents (kt CO2 eq),2023,Motor Vehicle Steering and Suspension Components (except Spring) Manufacturing,https://www23.statcan.gc.ca/imdb/p3VD.pl?Function=getVD&TVD=1369825&CVD=1370970&CPV=336330&CST=27012022&CLV=5&MLV=5,https://climate-change.canada.ca/facility-emissions/GHGRP-G10830-2023.html,"http://indicators-map.canada.ca/App/Detail?id=0110830&GoCTemplateCulture=en-CA
"
10832,Lator #2 01-21-063-02W6,ARC RESOURCES LTD.,Lator,,N/A,Alberta,54.45974,-118.23009,54.97,kilotonnes of carbon dioxide equivalents (kt CO2 eq),2023,Oil and gas extraction (except oil sands),https://www23.statcan.gc.ca/imdb/p3VD.pl?Function=getVD&TVD=1369825&CVD=1370970&CPV=211110&CST=27012022&CLV=5&MLV=5,https://climate-change.canada.ca/facility-emissions/GHGRP-G10832-2023.html,"http://indicators-map.canada.ca/App/Detail?id=0110832&GoCTemplateCulture=en-CA
"
10833,Karr 07-11-064-04W6,ARC RESOURCES LTD.,Calgary,,N/A,Alberta,54.5411,-118.1792,108.88,kilotonnes of carbon dioxide equivalents (kt CO2 eq),2023,Oil and gas extraction (except oil sands),https://www23.statcan.gc.ca/imdb/p3VD.pl?Function=getVD&TVD=1369825&CVD=1370970&CPV=211110&CST=27012022&CLV=5&MLV=5,https://climate-change.canada.ca/facility-emissions/GHGRP-G10833-2023.html,"http://indicators-map.canada.ca/App/Detail?id=0110833&GoCTemplateCulture=en-CA
"
10834,Otter Lake Landfill,Halifax Regional Municipality (HRM),Lakeside,600 Otter Lake Drive,B3T 2E2,Nova Scotia,44.6168,-63.7383,32.72,kilotonnes of carbon dioxide equivalents (kt CO2 eq),2023,Waste Treatment and Disposal,https://www23.statcan.gc.ca/imdb/p3VD.pl?Function=getVD&TVD=1369825&CVD=1370970&CPV=562210&CST=27012022&CLV=5&MLV=5,https://climate-change.canada.ca/facility-emissions/GHGRP-G10834-2023.html,"http://indicators-map.canada.ca/App/Detail?id=0110834&GoCTemplateCulture=en-CA
"
10835,Mary River Mine Site,Baffinland Iron Mines Corporation,Na,NA,L6H 6K8,Nunavut,71.3146,-79.28194,90.11,kilotonnes of carbon dioxide equivalents (kt CO2 eq),2023,Iron Ore Mining,https://www23.statcan.gc.ca/imdb/p3VD.pl?Function=getVD&TVD=1369825&CVD=1370970&CPV=212210&CST=27012022&CLV=5&MLV=5,https://climate-change.canada.ca/facility-emissions/GHGRP-G10835-2023.html,"http://indicators-map.canada.ca/App/Detail?id=0110835&GoCTemplateCulture=en-CA
"
10836,North Portal Sour Gas Plant 01-09,Steel Reef Infrastructure Corp.,North Portal,,S0C 1W0,Saskatchewan,49.0153,-102.4821,82.06,kilotonnes of carbon dioxide equivalents (kt CO2 eq),2023,Oil and gas extraction (except oil sands),https://www23.statcan.gc.ca/imdb/p3VD.pl?Function=getVD&TVD=1369825&CVD=1370970&CPV=211110&CST=27012022&CLV=5&MLV=5,https://climate-change.canada.ca/facility-emissions/GHGRP-G10836-2023.html,"http://indicators-map.canada.ca/App/Detail?id=0110836&GoCTemplateCulture=en-CA
"
10838,Windsor Plant,Windsor Salt Ltd.,Windsor,30 Prospect Avenue,N9C 3G3,Ontario,42.2875,-83.0921,19.9,kilotonnes of carbon dioxide equivalents (kt CO2 eq),2023,Salt Mining,https://www23.statcan.gc.ca/imdb/p3VD.pl?Function=getVD&TVD=1369825&CVD=1370970&CPV=212393&CST=27012022&CLV=5&MLV=5,https://climate-change.canada.ca/facility-emissions/GHGRP-G10838-2023.html,"http://indicators-map.canada.ca/App/Detail?id=0110838&GoCTemplateCulture=en-CA
"
10839,Holyrood Combustion Turbine,Newfoundland and Labrador Hydro,Holyrood,1 Thermal Plant Road,A0A 2R0,Newfoundland and Labrador,47.45133,-53.09657,0.69,kilotonnes of carbon dioxide equivalents (kt CO2 eq),2023,Fossil-Fuel Electric Power Generation,https://www23.statcan.gc.ca/imdb/p3VD.pl?Function=getVD&TVD=1369825&CVD=1370970&CPV=221112&CST=27012022&CLV=5&MLV=5,https://climate-change.canada.ca/facility-emissions/GHGRP-G10839-2023.html,"http://indicators-map.canada.ca/App/Detail?id=0110839&GoCTemplateCulture=en-CA
"
10840,Port Hawkesbury Biomass Cogeneration Power Plant,Nova Scotia Power Incorporated,Point Tupper,120 Pulp Mill Road,B9A 0A5,Nova Scotia,45.5982,-61.3601,21.13,kilotonnes of carbon dioxide equivalents (kt CO2 eq),2023,Other Electric Power Generation,https://www23.statcan.gc.ca/imdb/p3VD.pl?Function=getVD&TVD=1369825&CVD=1370970&CPV=221119&CST=27012022&CLV=5&MLV=5,https://climate-change.canada.ca/facility-emissions/GHGRP-G10840-2023.html,"http://indicators-map.canada.ca/App/Detail?id=0110840&GoCTemplateCulture=en-CA
"
10841,Edam East Thermal 05-08-048-19W3,Cenovus Energy Inc.,Lloydminster,4335 44  Street,S9V 0Z8,Saskatchewan,53.12337,-108.75624,294.45,kilotonnes of carbon dioxide equivalents (kt CO2 eq),2023,Oil and gas extraction (except oil sands),https://www23.statcan.gc.ca/imdb/p3VD.pl?Function=getVD&TVD=1369825&CVD=1370970&CPV=211110&CST=27012022&CLV=5&MLV=5,https://climate-change.canada.ca/facility-emissions/GHGRP-G10841-2023.html,"http://indicators-map.canada.ca/App/Detail?id=0110841&GoCTemplateCulture=en-CA
"
10842,Vawn Thermal 16-01-048-19W3,Cenovus Energy Inc.,Lloydminster,4335 44  Street,S9V 0Z8,Saskatchewan,53.11599,-108.64051,245.2,kilotonnes of carbon dioxide equivalents (kt CO2 eq),2023,Oil and gas extraction (except oil sands),https://www23.statcan.gc.ca/imdb/p3VD.pl?Function=getVD&TVD=1369825&CVD=1370970&CPV=211110&CST=27012022&CLV=5&MLV=5,https://climate-change.canada.ca/facility-emissions/GHGRP-G10842-2023.html,"http://indicators-map.canada.ca/App/Detail?id=0110842&GoCTemplateCulture=en-CA
"
10843,Cargill Limited Clavet - Oilseed Processing,Cargill Limited,Clavet,1 Cheviot Road North,S0K 0Y0,Saskatchewan,51.9978,-106.385,85.94,kilotonnes of carbon dioxide equivalents (kt CO2 eq),2023,Oilseed Processing,https://www23.statcan.gc.ca/imdb/p3VD.pl?Function=getVD&TVD=1369825&CVD=1370970&CPV=311224&CST=27012022&CLV=5&MLV=5,https://climate-change.canada.ca/facility-emissions/GHGRP-G10843-2023.html,"http://indicators-map.canada.ca/App/Detail?id=0110843&GoCTemplateCulture=en-CA
"
10846,Peyto Brazeau 06-12-044-13W5,Peyto Exploration and Development Corporation,,,N/A,Alberta,52.77745,-115.75684,62.2,kilotonnes of carbon dioxide equivalents (kt CO2 eq),2023,Oil and gas extraction (except oil sands),https://www23.statcan.gc.ca/imdb/p3VD.pl?Function=getVD&TVD=1369825&CVD=1370970&CPV=211110&CST=27012022&CLV=5&MLV=5,https://climate-change.canada.ca/facility-emissions/GHGRP-G10846-2023.html,"http://indicators-map.canada.ca/App/Detail?id=0110846&GoCTemplateCulture=en-CA
"
10847,Tafisa Canada,Tafisa Canada Inc.,Lac Mégantic,4660 Villeneuve,G6B 2C3,Quebec,45.5846,-70.8673,7.02,kilotonnes of carbon dioxide equivalents (kt CO2 eq),2023,Particle Board and Fibreboard Mills,https://www23.statcan.gc.ca/imdb/p3VD.pl?Function=getVD&TVD=1369825&CVD=1370970&CPV=321216&CST=27012022&CLV=5&MLV=5,https://climate-change.canada.ca/facility-emissions/GHGRP-G10847-2023.html,"http://indicators-map.canada.ca/App/Detail?id=0110847&GoCTemplateCulture=en-CA
"
10850,Altares Gas Plant b-72-A,Pacific Canbriam Energy Limited,Na,,N/A,British Columbia,56.31035,-122.02337,134.82,kilotonnes of carbon dioxide equivalents (kt CO2 eq),2023,Oil and gas extraction (except oil sands),https://www23.statcan.gc.ca/imdb/p3VD.pl?Function=getVD&TVD=1369825&CVD=1370970&CPV=211110&CST=27012022&CLV=5&MLV=5,https://climate-change.canada.ca/facility-emissions/GHGRP-G10850-2023.html,"http://indicators-map.canada.ca/App/Detail?id=0110850&GoCTemplateCulture=en-CA
"
10857,Williams Mine,Williams Operating Corporation,Marathon,3km West of Junction Hwy 17 and 614 Highway West,P0T 2E0,Ontario,48.6942,-85.9188,19.25,kilotonnes of carbon dioxide equivalents (kt CO2 eq),2023,Gold and Silver Ore Mining,https://www23.statcan.gc.ca/imdb/p3VD.pl?Function=getVD&TVD=1369825&CVD=1370970&CPV=212220&CST=27012022&CLV=5&MLV=5,https://climate-change.canada.ca/facility-emissions/GHGRP-G10857-2023.html,"http://indicators-map.canada.ca/App/Detail?id=0110857&GoCTemplateCulture=en-CA
"
10860,McCain Foods (Canada) GRAND FALLS,McCain Foods Canada Ltd.,Saint Andre,795 Route 108,E3Y 4A5,New Brunswick,47.0658,-67.7781,37.32,kilotonnes of carbon dioxide equivalents (kt CO2 eq),2023,All Other Food Manufacturing,https://www23.statcan.gc.ca/imdb/p3VD.pl?Function=getVD&TVD=1369825&CVD=1370970&CPV=311990&CST=27012022&CLV=5&MLV=5,https://climate-change.canada.ca/facility-emissions/GHGRP-G10860-2023.html,"http://indicators-map.canada.ca/App/Detail?id=0110860&GoCTemplateCulture=en-CA
"
10863,Meliadine Gold Project,Agnico Eagle Mines Limited (DO NOT USE),Rankin Inlet,Meliadine Mine,X0C 0G0,Nunavut,63.22417,-92.13417,138.13,kilotonnes of carbon dioxide equivalents (kt CO2 eq),2023,Gold and Silver Ore Mining,https://www23.statcan.gc.ca/imdb/p3VD.pl?Function=getVD&TVD=1369825&CVD=1370970&CPV=212220&CST=27012022&CLV=5&MLV=5,https://climate-change.canada.ca/facility-emissions/GHGRP-G10863-2023.html,"http://indicators-map.canada.ca/App/Detail?id=0110863&GoCTemplateCulture=en-CA
"
10864,Coronation Landfill,Waste Connections of Canada Inc.,Coronation,5006 Royal Street,T0C 1C0,Alberta,52.13949,-111.4902,75.24,kilotonnes of carbon dioxide equivalents (kt CO2 eq),2023,Waste Treatment and Disposal,https://www23.statcan.gc.ca/imdb/p3VD.pl?Function=getVD&TVD=1369825&CVD=1370970&CPV=562210&CST=27012022&CLV=5&MLV=5,https://climate-change.canada.ca/facility-emissions/GHGRP-G10864-2023.html,"http://indicators-map.canada.ca/App/Detail?id=0110864&GoCTemplateCulture=en-CA
"
10865,Lieu d'enfouissement technique,Ville de Rimouski,Rimouski,835 Victor-Gauvin Road,G5L 8Y9,Quebec,48.4058,-68.5691,38.59,kilotonnes of carbon dioxide equivalents (kt CO2 eq),2023,Waste Treatment and Disposal,https://www23.statcan.gc.ca/imdb/p3VD.pl?Function=getVD&TVD=1369825&CVD=1370970&CPV=562210&CST=27012022&CLV=5&MLV=5,https://climate-change.canada.ca/facility-emissions/GHGRP-G10865-2023.html,"http://indicators-map.canada.ca/App/Detail?id=0110865&GoCTemplateCulture=en-CA
"
10866,"FLORENCEVILLE, NEW BRUNSWICK",McCain Foods Canada Ltd.,Florenceville Bristol,8800 Main Street,E7L 1B2,New Brunswick,46.4498,-67.6116,18.23,kilotonnes of carbon dioxide equivalents (kt CO2 eq),2023,Frozen Food Manufacturing,https://www23.statcan.gc.ca/imdb/p3VD.pl?Function=getVD&TVD=1369825&CVD=1370970&CPV=311410&CST=27012022&CLV=5&MLV=5,https://climate-change.canada.ca/facility-emissions/GHGRP-G10866-2023.html,"http://indicators-map.canada.ca/App/Detail?id=0110866&GoCTemplateCulture=en-CA
"
10867,Usine de St-Jérôme,Les entreprises Rolland inc Usine de St-Jérôme,St Jérôme,256 JB Rolland Boulevard West,J7Y 0L6,Quebec,45.75972,-74.00361,26.06,kilotonnes of carbon dioxide equivalents (kt CO2 eq),2023,Paper (except Newsprint) Mills,https://www23.statcan.gc.ca/imdb/p3VD.pl?Function=getVD&TVD=1369825&CVD=1370970&CPV=322121&CST=27012022&CLV=5&MLV=5,https://climate-change.canada.ca/facility-emissions/GHGRP-G10867-2023.html,"http://indicators-map.canada.ca/App/Detail?id=0110867&GoCTemplateCulture=en-CA
"
10868,Edmonton International Airport,Edmonton Regional Airport Authority,Edmonton International Airport,1 1000 Airport Road,T9E 0V3,Alberta,53.3078,-113.584,12.23,kilotonnes of carbon dioxide equivalents (kt CO2 eq),2023,Other Support Activities for Air Transportation,https://www23.statcan.gc.ca/imdb/p3VD.pl?Function=getVD&TVD=1369825&CVD=1370970&CPV=488190&CST=27012022&CLV=5&MLV=5,https://climate-change.canada.ca/facility-emissions/GHGRP-G10868-2023.html,"http://indicators-map.canada.ca/App/Detail?id=0110868&GoCTemplateCulture=en-CA
"
10870,Kaybob Gas Plant 15-31,PetroChina Canada Ltd.,Grande Prairie,12002 97 Avenue,T8W 0J7,Alberta,54.41225,-117.13583,52.36,kilotonnes of carbon dioxide equivalents (kt CO2 eq),2023,Oil and gas extraction (except oil sands),https://www23.statcan.gc.ca/imdb/p3VD.pl?Function=getVD&TVD=1369825&CVD=1370970&CPV=211110&CST=27012022&CLV=5&MLV=5,https://climate-change.canada.ca/facility-emissions/GHGRP-G10870-2023.html,"http://indicators-map.canada.ca/App/Detail?id=0110870&GoCTemplateCulture=en-CA
"
10872,Atlantic Wallboard,Atlantic Wallboard Limited,Saint John,30 Jervis Lane,E2J 0A9,New Brunswick,45.2741,-66.0318,43.38,kilotonnes of carbon dioxide equivalents (kt CO2 eq),2023,Gypsum Product Manufacturing,https://www23.statcan.gc.ca/imdb/p3VD.pl?Function=getVD&TVD=1369825&CVD=1370970&CPV=327420&CST=27012022&CLV=5&MLV=5,https://climate-change.canada.ca/facility-emissions/GHGRP-G10872-2023.html,"http://indicators-map.canada.ca/App/Detail?id=0110872&GoCTemplateCulture=en-CA
"
10873,Brucejack Gold Mine,Pretium Resources Inc.,Stewart,215 37 Highway,V0T 1W0,British Columbia,56.46624,-130.18596,27.34,kilotonnes of carbon dioxide equivalents (kt CO2 eq),2023,Gold and Silver Ore Mining,https://www23.statcan.gc.ca/imdb/p3VD.pl?Function=getVD&TVD=1369825&CVD=1370970&CPV=212220&CST=27012022&CLV=5&MLV=5,https://climate-change.canada.ca/facility-emissions/GHGRP-G10873-2023.html,"http://indicators-map.canada.ca/App/Detail?id=0110873&GoCTemplateCulture=en-CA
"
10876,Dumur Industries,1916354 Alberta Ltd.,White City,2 Ramm Avenue,S4L 5B1,Saskatchewan,50.44679,-104.36475,0,kilotonnes of carbon dioxide equivalents (kt CO2 eq),2023,Other Transportation Equipment Manufacturing,https://www23.statcan.gc.ca/imdb/p3VD.pl?Function=getVD&TVD=1369825&CVD=1370970&CPV=336990&CST=27012022&CLV=5&MLV=5,https://climate-change.canada.ca/facility-emissions/GHGRP-G10876-2023.html,"http://indicators-map.canada.ca/App/Detail?id=0110876&GoCTemplateCulture=en-CA
"
10877,Watson Lake Power Plant,Yukon Electrical Company Limited,Watson Lake,103 Kilowatt Lane,Y0A 1C0,Yukon,60.06645,-128.72136,10.14,kilotonnes of carbon dioxide equivalents (kt CO2 eq),2023,Fossil-Fuel Electric Power Generation,https://www23.statcan.gc.ca/imdb/p3VD.pl?Function=getVD&TVD=1369825&CVD=1370970&CPV=221112&CST=27012022&CLV=5&MLV=5,https://climate-change.canada.ca/facility-emissions/GHGRP-G10877-2023.html,"http://indicators-map.canada.ca/App/Detail?id=0110877&GoCTemplateCulture=en-CA
"
10878,Red Deer Batch Plant,Border Paving Ltd.,Red Deer,,T4P 1A7,Alberta,52.2557,-113.886,4.79,kilotonnes of carbon dioxide equivalents (kt CO2 eq),2023,"Highway, Street and Bridge Construction",https://www23.statcan.gc.ca/imdb/p3VD.pl?Function=getVD&TVD=1369825&CVD=1370970&CPV=237310&CST=27012022&CLV=5&MLV=5,https://climate-change.canada.ca/facility-emissions/GHGRP-G10878-2023.html,"http://indicators-map.canada.ca/App/Detail?id=0110878&GoCTemplateCulture=en-CA
"
10879,Camrose Batch Plant,Border Paving Ltd.,Camrose,4217 41st Street,T4V 3V8,Alberta,53.0033,-112.8089,2.72,kilotonnes of carbon dioxide equivalents (kt CO2 eq),2023,"Highway, Street and Bridge Construction",https://www23.statcan.gc.ca/imdb/p3VD.pl?Function=getVD&TVD=1369825&CVD=1370970&CPV=237310&CST=27012022&CLV=5&MLV=5,https://climate-change.canada.ca/facility-emissions/GHGRP-G10879-2023.html,"http://indicators-map.canada.ca/App/Detail?id=0110879&GoCTemplateCulture=en-CA
"
10881,Flakeboard,Arauco Canada Limited,St. Stephen,151 Church Street,E3L 3A6,New Brunswick,45.1864,-67.3096,17.78,kilotonnes of carbon dioxide equivalents (kt CO2 eq),2023,Particle Board and Fibreboard Mills,https://www23.statcan.gc.ca/imdb/p3VD.pl?Function=getVD&TVD=1369825&CVD=1370970&CPV=321216&CST=27012022&CLV=5&MLV=5,https://climate-change.canada.ca/facility-emissions/GHGRP-G10881-2023.html,"http://indicators-map.canada.ca/App/Detail?id=0110881&GoCTemplateCulture=en-CA
"
10882,Hinton Batch Plant,Border Paving Ltd.,Hinton,252 River Road East,T7V 2G3,Alberta,53.43138,-117.5418,1.26,kilotonnes of carbon dioxide equivalents (kt CO2 eq),2023,"Highway, Street and Bridge Construction",https://www23.statcan.gc.ca/imdb/p3VD.pl?Function=getVD&TVD=1369825&CVD=1370970&CPV=237310&CST=27012022&CLV=5&MLV=5,https://climate-change.canada.ca/facility-emissions/GHGRP-G10882-2023.html,"http://indicators-map.canada.ca/App/Detail?id=0110882&GoCTemplateCulture=en-CA
"
10883,Border Paving 20010,Border Paving Ltd.,Stony Plain,14 Legend Trail,T7Z 0B1,Alberta,53.55245,-113.99808,2.31,kilotonnes of carbon dioxide equivalents (kt CO2 eq),2023,"Highway, Street and Bridge Construction",https://www23.statcan.gc.ca/imdb/p3VD.pl?Function=getVD&TVD=1369825&CVD=1370970&CPV=237310&CST=27012022&CLV=5&MLV=5,https://climate-change.canada.ca/facility-emissions/GHGRP-G10883-2023.html,"http://indicators-map.canada.ca/App/Detail?id=0110883&GoCTemplateCulture=en-CA
"
10885,Stony Plain Batch Plant,Border Paving Ltd.,Stony Plain,,T7Z 1X7,Alberta,53.6451,-114.1302,0.69,kilotonnes of carbon dioxide equivalents (kt CO2 eq),2023,"Highway, Street and Bridge Construction",https://www23.statcan.gc.ca/imdb/p3VD.pl?Function=getVD&TVD=1369825&CVD=1370970&CPV=237310&CST=27012022&CLV=5&MLV=5,https://climate-change.canada.ca/facility-emissions/GHGRP-G10885-2023.html,"http://indicators-map.canada.ca/App/Detail?id=0110885&GoCTemplateCulture=en-CA
"
10887,Red Deer Main Office,Border Paving Ltd.,Red Deer,6711 Golden west Avenue North,T4P 1A7,Alberta,52.29044,-112.84521,1.24,kilotonnes of carbon dioxide equivalents (kt CO2 eq),2023,Head Offices,https://www23.statcan.gc.ca/imdb/p3VD.pl?Function=getVD&TVD=1369825&CVD=1370970&CPV=551114&CST=27012022&CLV=5&MLV=5,https://climate-change.canada.ca/facility-emissions/GHGRP-G10887-2023.html,"http://indicators-map.canada.ca/App/Detail?id=0110887&GoCTemplateCulture=en-CA
"
10888,Border Paving 20011,Border Paving Ltd.,Bp2,,T4M 0S1,Alberta,52.36631,-113.83524,1.46,kilotonnes of carbon dioxide equivalents (kt CO2 eq),2023,"Highway, Street and Bridge Construction",https://www23.statcan.gc.ca/imdb/p3VD.pl?Function=getVD&TVD=1369825&CVD=1370970&CPV=237310&CST=27012022&CLV=5&MLV=5,https://climate-change.canada.ca/facility-emissions/GHGRP-G10888-2023.html,"http://indicators-map.canada.ca/App/Detail?id=0110888&GoCTemplateCulture=en-CA
"
10889,Red Deer Truck Shop,Border Paving Ltd.,Red Deer,6711 Golden West Avenue North,T1P 1A7,Alberta,52.29044,-112.84521,6.61,kilotonnes of carbon dioxide equivalents (kt CO2 eq),2023,"General Freight Trucking, Local",https://www23.statcan.gc.ca/imdb/p3VD.pl?Function=getVD&TVD=1369825&CVD=1370970&CPV=484110&CST=27012022&CLV=5&MLV=5,https://climate-change.canada.ca/facility-emissions/GHGRP-G10889-2023.html,"http://indicators-map.canada.ca/App/Detail?id=0110889&GoCTemplateCulture=en-CA
"
10890,Seabee,SGO Mining Inc.,Saskatoon,201 2100 Airport Drive,S7L 6M6,Saskatchewan,55.241,-103.2255,13.32,kilotonnes of carbon dioxide equivalents (kt CO2 eq),2023,Gold and Silver Ore Mining,https://www23.statcan.gc.ca/imdb/p3VD.pl?Function=getVD&TVD=1369825&CVD=1370970&CPV=212220&CST=27012022&CLV=5&MLV=5,https://climate-change.canada.ca/facility-emissions/GHGRP-G10890-2023.html,"http://indicators-map.canada.ca/App/Detail?id=0110890&GoCTemplateCulture=en-CA
"
10896,Atholville Mill,AV Group NB Inc. - Atholville Mill,Atholville,175 Mill Road,E3N 4S7,New Brunswick,47.993,-66.719,14.81,kilotonnes of carbon dioxide equivalents (kt CO2 eq),2023,Chemical Pulp Mills,https://www23.statcan.gc.ca/imdb/p3VD.pl?Function=getVD&TVD=1369825&CVD=1370970&CPV=322112&CST=27012022&CLV=5&MLV=5,https://climate-change.canada.ca/facility-emissions/GHGRP-G10896-2023.html,"http://indicators-map.canada.ca/App/Detail?id=0110896&GoCTemplateCulture=en-CA
"
10897,Scotford Hydrogen Facility,Air Products Canada Ltd.,Fort Saskatchewan,55539 Range Road 220,T8L 4C2,Alberta,53.4738,-113.648,908.21,kilotonnes of carbon dioxide equivalents (kt CO2 eq),2023,Industrial Gas Manufacturing,https://www23.statcan.gc.ca/imdb/p3VD.pl?Function=getVD&TVD=1369825&CVD=1370970&CPV=325120&CST=27012022&CLV=5&MLV=5,https://climate-change.canada.ca/facility-emissions/GHGRP-G10897-2023.html,"http://indicators-map.canada.ca/App/Detail?id=0110897&GoCTemplateCulture=en-CA
"
10899,DEPARTMENT OF Facilities Management,University of New Brunswick,Fredericton,950 College Hill Road,E3B 0J4,New Brunswick,45.94066,-66.64623,11.72,kilotonnes of carbon dioxide equivalents (kt CO2 eq),2023,Universities,https://www23.statcan.gc.ca/imdb/p3VD.pl?Function=getVD&TVD=1369825&CVD=1370970&CPV=611310&CST=27012022&CLV=5&MLV=5,https://climate-change.canada.ca/facility-emissions/GHGRP-G10899-2023.html,"http://indicators-map.canada.ca/App/Detail?id=0110899&GoCTemplateCulture=en-CA
"
10900,Milne Port Site,Baffinland Iron Mines Corporation,Na,NA,L6H 6K8,Nunavut,71.88444,-80.88611,78.73,kilotonnes of carbon dioxide equivalents (kt CO2 eq),2023,Iron Ore Mining,https://www23.statcan.gc.ca/imdb/p3VD.pl?Function=getVD&TVD=1369825&CVD=1370970&CPV=212210&CST=27012022&CLV=5&MLV=5,https://climate-change.canada.ca/facility-emissions/GHGRP-G10900-2023.html,"http://indicators-map.canada.ca/App/Detail?id=0110900&GoCTemplateCulture=en-CA
"
10903,SOCIÉTÉ EN COMMANDITE REVENU NORANDA - VALLEYFIELD,Société en commandite Revenu Noranda,Salaberry de Valleyfield,860 Gérard Cadieux Boulevard,J6T 6L4,Quebec,45.2281,-74.1031,49.66,kilotonnes of carbon dioxide equivalents (kt CO2 eq),2023,Non-Ferrous Metal (except Aluminum) Smelting and Refining,https://www23.statcan.gc.ca/imdb/p3VD.pl?Function=getVD&TVD=1369825&CVD=1370970&CPV=331410&CST=27012022&CLV=5&MLV=5,https://climate-change.canada.ca/facility-emissions/GHGRP-G10903-2023.html,"http://indicators-map.canada.ca/App/Detail?id=0110903&GoCTemplateCulture=en-CA
"
10904,Casa Berardi,Hecla Québec Inc.,Municipalité Eeyou Istchee Bai,zone de la rivière Théo,J9Z 2Y9,Quebec,49.3357,-79.1646,33.41,kilotonnes of carbon dioxide equivalents (kt CO2 eq),2023,Gold and Silver Ore Mining,https://www23.statcan.gc.ca/imdb/p3VD.pl?Function=getVD&TVD=1369825&CVD=1370970&CPV=212220&CST=27012022&CLV=5&MLV=5,https://climate-change.canada.ca/facility-emissions/GHGRP-G10904-2023.html,"http://indicators-map.canada.ca/App/Detail?id=0110904&GoCTemplateCulture=en-CA
"
10907,La Mine Niobec,Magris Ressources,Saint Honoré,3400 du Columbium Road,G0V 1L0,Quebec,48.5322,-71.1578,12.48,kilotonnes of carbon dioxide equivalents (kt CO2 eq),2023,All Other Metal Ore Mining,https://www23.statcan.gc.ca/imdb/p3VD.pl?Function=getVD&TVD=1369825&CVD=1370970&CPV=212299&CST=27012022&CLV=5&MLV=5,https://climate-change.canada.ca/facility-emissions/GHGRP-G10907-2023.html,"http://indicators-map.canada.ca/App/Detail?id=0110907&GoCTemplateCulture=en-CA
"
10908,McClean Lake Operations,Orano Canada Inc.,Saskatoon,833 45 Street West,S7L 5X2,Saskatchewan,58.25,-103.91694,23.63,kilotonnes of carbon dioxide equivalents (kt CO2 eq),2023,Uranium Ore Mining,https://www23.statcan.gc.ca/imdb/p3VD.pl?Function=getVD&TVD=1369825&CVD=1370970&CPV=212291&CST=27012022&CLV=5&MLV=5,https://climate-change.canada.ca/facility-emissions/GHGRP-G10908-2023.html,"http://indicators-map.canada.ca/App/Detail?id=0110908&GoCTemplateCulture=en-CA
"
10909,MOSAIC POTASH ESTERHAZY - K1 SITE,Mosaic Potash Esterhazy Limited Partnership,Esterhazy,Highway 80 East Highway,S0A 0X0,Saskatchewan,50.7283,-101.9308,44.57,kilotonnes of carbon dioxide equivalents (kt CO2 eq),2023,Potash Mining,https://www23.statcan.gc.ca/imdb/p3VD.pl?Function=getVD&TVD=1369825&CVD=1370970&CPV=212396&CST=27012022&CLV=5&MLV=5,https://climate-change.canada.ca/facility-emissions/GHGRP-G10909-2023.html,"http://indicators-map.canada.ca/App/Detail?id=0110909&GoCTemplateCulture=en-CA
"
10911,La mine Doyon,Iamgold Corporation,Preissac,2 Arthur Doyon Road,J0Y 2E0,Quebec,48.2591,-78.5254,16.42,kilotonnes of carbon dioxide equivalents (kt CO2 eq),2023,Gold and Silver Ore Mining,https://www23.statcan.gc.ca/imdb/p3VD.pl?Function=getVD&TVD=1369825&CVD=1370970&CPV=212220&CST=27012022&CLV=5&MLV=5,https://climate-change.canada.ca/facility-emissions/GHGRP-G10911-2023.html,"http://indicators-map.canada.ca/App/Detail?id=0110911&GoCTemplateCulture=en-CA
"
10912,Timmins Micronizing Plant,Magris Talc Canada Inc.,Timmins,100 Water Tower Road East,P4N 7J5,Ontario,48.4745,-81.318,13.37,kilotonnes of carbon dioxide equivalents (kt CO2 eq),2023,All Other Non-Metallic Mineral Mining and Quarrying,https://www23.statcan.gc.ca/imdb/p3VD.pl?Function=getVD&TVD=1369825&CVD=1370970&CPV=212398&CST=27012022&CLV=5&MLV=5,https://climate-change.canada.ca/facility-emissions/GHGRP-G10912-2023.html,"http://indicators-map.canada.ca/App/Detail?id=0110912&GoCTemplateCulture=en-CA
"
10913,Key Lake Operation,Cameco Corporation,Saskatoon,2121 11th Street West,S7M 1J3,Saskatchewan,57.21194,-105.67861,39,kilotonnes of carbon dioxide equivalents (kt CO2 eq),2023,Uranium Ore Mining,https://www23.statcan.gc.ca/imdb/p3VD.pl?Function=getVD&TVD=1369825&CVD=1370970&CPV=212291&CST=27012022&CLV=5&MLV=5,https://climate-change.canada.ca/facility-emissions/GHGRP-G10913-2023.html,"http://indicators-map.canada.ca/App/Detail?id=0110913&GoCTemplateCulture=en-CA
"
10916,Poplar River Mine,Prairie Mines & Royalty ULC,Coronach,Box 599,S0H 0Z0,Saskatchewan,49.2097,-105.471,17.74,kilotonnes of carbon dioxide equivalents (kt CO2 eq),2023,Lignite Coal Mining,https://www23.statcan.gc.ca/imdb/p3VD.pl?Function=getVD&TVD=1369825&CVD=1370970&CPV=212116&CST=27012022&CLV=5&MLV=5,https://climate-change.canada.ca/facility-emissions/GHGRP-G10916-2023.html,"http://indicators-map.canada.ca/App/Detail?id=0110916&GoCTemplateCulture=en-CA
"
10917,Island Gold Mine,Alamos Gold Incorporated,Dubreuilville,15 Goudreau Road,P0S 1B0,Ontario,48.35028,-84.55278,20.11,kilotonnes of carbon dioxide equivalents (kt CO2 eq),2023,Gold and Silver Ore Mining,https://www23.statcan.gc.ca/imdb/p3VD.pl?Function=getVD&TVD=1369825&CVD=1370970&CPV=212220&CST=27012022&CLV=5&MLV=5,https://climate-change.canada.ca/facility-emissions/GHGRP-G10917-2023.html,"http://indicators-map.canada.ca/App/Detail?id=0110917&GoCTemplateCulture=en-CA
"
10919,GODERICH PLANT,Compass Minerals Canada Corporation,Goderich,245 Regent Street Road West,N7A 3Y5,Ontario,43.7375,-81.6965,19.83,kilotonnes of carbon dioxide equivalents (kt CO2 eq),2023,Salt Mining,https://www23.statcan.gc.ca/imdb/p3VD.pl?Function=getVD&TVD=1369825&CVD=1370970&CPV=212393&CST=27012022&CLV=5&MLV=5,https://climate-change.canada.ca/facility-emissions/GHGRP-G10919-2023.html,"http://indicators-map.canada.ca/App/Detail?id=0110919&GoCTemplateCulture=en-CA
"
10920,Nepheline Syenite Operations,Covia Canada Ltd.,Havelock,260 Unimin Road,K0L 1Z0,Ontario,44.6746,-77.9456,11.11,kilotonnes of carbon dioxide equivalents (kt CO2 eq),2023,"Shale, Clay and Refractory Mineral Mining and Quarrying",https://www23.statcan.gc.ca/imdb/p3VD.pl?Function=getVD&TVD=1369825&CVD=1370970&CPV=212326&CST=27012022&CLV=5&MLV=5,https://climate-change.canada.ca/facility-emissions/GHGRP-G10920-2023.html,"http://indicators-map.canada.ca/App/Detail?id=0110920&GoCTemplateCulture=en-CA
"
10921,HBMS Chisel Lake Mine,Hudbay Minerals,Snow Lake,1 395 Highway,R0B 1M0,Manitoba,54.83,-100.12,23.3,kilotonnes of carbon dioxide equivalents (kt CO2 eq),2023,Copper-Zinc Ore Mining,https://www23.statcan.gc.ca/imdb/p3VD.pl?Function=getVD&TVD=1369825&CVD=1370970&CPV=212233&CST=27012022&CLV=5&MLV=5,https://climate-change.canada.ca/facility-emissions/GHGRP-G10921-2023.html,"http://indicators-map.canada.ca/App/Detail?id=0110921&GoCTemplateCulture=en-CA
"
10922,McArthur River Operation,Cameco Corporation,Saskatoon,2121 11th Street West,S7M 1J3,Saskatchewan,57.75556,-105.065,22.36,kilotonnes of carbon dioxide equivalents (kt CO2 eq),2023,Uranium Ore Mining,https://www23.statcan.gc.ca/imdb/p3VD.pl?Function=getVD&TVD=1369825&CVD=1370970&CPV=212291&CST=27012022&CLV=5&MLV=5,https://climate-change.canada.ca/facility-emissions/GHGRP-G10922-2023.html,"http://indicators-map.canada.ca/App/Detail?id=0110922&GoCTemplateCulture=en-CA
"
10923,Cigar Lake Operation,Cameco Corporation,Sasktoon,2121 11th Street West,S7M 1J3,Saskatchewan,58.0676,-104.542,20.01,kilotonnes of carbon dioxide equivalents (kt CO2 eq),2023,Uranium Ore Mining,https://www23.statcan.gc.ca/imdb/p3VD.pl?Function=getVD&TVD=1369825&CVD=1370970&CPV=212291&CST=27012022&CLV=5&MLV=5,https://climate-change.canada.ca/facility-emissions/GHGRP-G10923-2023.html,"http://indicators-map.canada.ca/App/Detail?id=0110923&GoCTemplateCulture=en-CA
"
10924,Porcupine Gold Mines,GOLDCORP CANADA LTD,South Porcupine,4315 Gold Mine Road,P0N 1H0,Ontario,48.46306,-81.2475,53.78,kilotonnes of carbon dioxide equivalents (kt CO2 eq),2023,Gold and Silver Ore Mining,https://www23.statcan.gc.ca/imdb/p3VD.pl?Function=getVD&TVD=1369825&CVD=1370970&CPV=212220&CST=27012022&CLV=5&MLV=5,https://climate-change.canada.ca/facility-emissions/GHGRP-G10924-2023.html,"http://indicators-map.canada.ca/App/Detail?id=0110924&GoCTemplateCulture=en-CA
"
10925,ADM AGRI-INDUSTRIES - ADM Candiac,ADM Agri-Industries Company,Candiac,155 Iberia,J5R 3H1,Quebec,45.399,-73.5104,25.59,kilotonnes of carbon dioxide equivalents (kt CO2 eq),2023,All Other Food Manufacturing,https://www23.statcan.gc.ca/imdb/p3VD.pl?Function=getVD&TVD=1369825&CVD=1370970&CPV=311990&CST=27012022&CLV=5&MLV=5,https://climate-change.canada.ca/facility-emissions/GHGRP-G10925-2023.html,"http://indicators-map.canada.ca/App/Detail?id=0110925&GoCTemplateCulture=en-CA
"
10926,Impala Canada Ltd.,Impala Canada Ltd.,Thunder Bay,1 Private Road off Highway 527 Road,P7B 6T9,Ontario,49.16168,-89.61435,56.11,kilotonnes of carbon dioxide equivalents (kt CO2 eq),2023,All Other Metal Ore Mining,https://www23.statcan.gc.ca/imdb/p3VD.pl?Function=getVD&TVD=1369825&CVD=1370970&CPV=212299&CST=27012022&CLV=5&MLV=5,https://climate-change.canada.ca/facility-emissions/GHGRP-G10926-2023.html,"http://indicators-map.canada.ca/App/Detail?id=0110926&GoCTemplateCulture=en-CA
"
10927,Canada Brick - Burlington,Meridian Brick,Burlington,0 5155 Dundas Street,L7R 3Y2,Ontario,43.412,-79.8026,18.91,kilotonnes of carbon dioxide equivalents (kt CO2 eq),2023,Clay Building Material and Refractory Manufacturing,https://www23.statcan.gc.ca/imdb/p3VD.pl?Function=getVD&TVD=1369825&CVD=1370970&CPV=327120&CST=27012022&CLV=5&MLV=5,https://climate-change.canada.ca/facility-emissions/GHGRP-G10927-2023.html,"http://indicators-map.canada.ca/App/Detail?id=0110927&GoCTemplateCulture=en-CA
"
10928,Canada Brick - Aldershot,Meridian Brick,Aldershot,0 1570 Yorkton Court,L7P 5B7,Ontario,43.417,-79.8356,33.04,kilotonnes of carbon dioxide equivalents (kt CO2 eq),2023,Clay Building Material and Refractory Manufacturing,https://www23.statcan.gc.ca/imdb/p3VD.pl?Function=getVD&TVD=1369825&CVD=1370970&CPV=327120&CST=27012022&CLV=5&MLV=5,https://climate-change.canada.ca/facility-emissions/GHGRP-G10928-2023.html,"http://indicators-map.canada.ca/App/Detail?id=0110928&GoCTemplateCulture=en-CA
"
10929,Lake Shore Gold Timmins West Mine,Lake Shore Gold,Timmins,8215 101 Highway West,P4N 7W7,Ontario,48.384,-81.5575,12.42,kilotonnes of carbon dioxide equivalents (kt CO2 eq),2023,Gold and Silver Ore Mining,https://www23.statcan.gc.ca/imdb/p3VD.pl?Function=getVD&TVD=1369825&CVD=1370970&CPV=212220&CST=27012022&CLV=5&MLV=5,https://climate-change.canada.ca/facility-emissions/GHGRP-G10929-2023.html,"http://indicators-map.canada.ca/App/Detail?id=0110929&GoCTemplateCulture=en-CA
"
10930,McEwen Ontario Black Fox Mine,McEwen Mining,Matheson,2839 Hwy 101 Highway East,P0K 1N0,Ontario,48.3,-80.21,8.65,kilotonnes of carbon dioxide equivalents (kt CO2 eq),2023,Gold and Silver Ore Mining,https://www23.statcan.gc.ca/imdb/p3VD.pl?Function=getVD&TVD=1369825&CVD=1370970&CPV=212220&CST=27012022&CLV=5&MLV=5,https://climate-change.canada.ca/facility-emissions/GHGRP-G10930-2023.html,"http://indicators-map.canada.ca/App/Detail?id=0110930&GoCTemplateCulture=en-CA
"
10931,Bell Creek Complex,Lake Shore Gold,Porcupine,3160 Florence Street,P0N 1C0,Ontario,48.5523,-81.173,12.15,kilotonnes of carbon dioxide equivalents (kt CO2 eq),2023,Gold and Silver Ore Mining,https://www23.statcan.gc.ca/imdb/p3VD.pl?Function=getVD&TVD=1369825&CVD=1370970&CPV=212220&CST=27012022&CLV=5&MLV=5,https://climate-change.canada.ca/facility-emissions/GHGRP-G10931-2023.html,"http://indicators-map.canada.ca/App/Detail?id=0110931&GoCTemplateCulture=en-CA
"
10932,Brassey Gas Processing and Production IF-a,Shell Canada Limited Shell Canada Limitee,Peace River E,,V1J 1W9,British Columbia,55.715,-120.853,20.49,kilotonnes of carbon dioxide equivalents (kt CO2 eq),2023,Oil and gas extraction (except oil sands),https://www23.statcan.gc.ca/imdb/p3VD.pl?Function=getVD&TVD=1369825&CVD=1370970&CPV=211110&CST=27012022&CLV=5&MLV=5,https://climate-change.canada.ca/facility-emissions/GHGRP-G10932-2023.html,"http://indicators-map.canada.ca/App/Detail?id=0110932&GoCTemplateCulture=en-CA
"
10933,Sunset Gas Processing and Production IF-a,Shell Canada Limited Shell Canada Limitee,Peace River D,,N/A,British Columbia,55.928,-120.778,15.39,kilotonnes of carbon dioxide equivalents (kt CO2 eq),2023,Oil and gas extraction (except oil sands),https://www23.statcan.gc.ca/imdb/p3VD.pl?Function=getVD&TVD=1369825&CVD=1370970&CPV=211110&CST=27012022&CLV=5&MLV=5,https://climate-change.canada.ca/facility-emissions/GHGRP-G10933-2023.html,"http://indicators-map.canada.ca/App/Detail?id=0110933&GoCTemplateCulture=en-CA
"
10934,Houweling Nurseries Ltd. - Delta,Houweling Nurseries Ltd.,Delta,2776 64th Street,V4L 2N7,British Columbia,49.05267,-123.04118,29.9,kilotonnes of carbon dioxide equivalents (kt CO2 eq),2023,Other Food Crops Grown Under Cover,https://www23.statcan.gc.ca/imdb/p3VD.pl?Function=getVD&TVD=1369825&CVD=1370970&CPV=111419&CST=27012022&CLV=5&MLV=5,https://climate-change.canada.ca/facility-emissions/GHGRP-G10934-2023.html,"http://indicators-map.canada.ca/App/Detail?id=0110934&GoCTemplateCulture=en-CA
"
10935,Windset Farms (Canada) Ltd. - Ladner,Windset Farms (Canada) Ltd.,Delta,3660 41B Street,V4K 3N2,British Columbia,49.06972,-123.09917,13.83,kilotonnes of carbon dioxide equivalents (kt CO2 eq),2023,Other Food Crops Grown Under Cover,https://www23.statcan.gc.ca/imdb/p3VD.pl?Function=getVD&TVD=1369825&CVD=1370970&CPV=111419&CST=27012022&CLV=5&MLV=5,https://climate-change.canada.ca/facility-emissions/GHGRP-G10935-2023.html,"http://indicators-map.canada.ca/App/Detail?id=0110935&GoCTemplateCulture=en-CA
"
10936,Dawson Sour Gas Plant 05-35,ARC RESOURCES LTD.,,,N/A,British Columbia,55.889,-120.085,16.57,kilotonnes of carbon dioxide equivalents (kt CO2 eq),2023,Oil and gas extraction (except oil sands),https://www23.statcan.gc.ca/imdb/p3VD.pl?Function=getVD&TVD=1369825&CVD=1370970&CPV=211110&CST=27012022&CLV=5&MLV=5,https://climate-change.canada.ca/facility-emissions/GHGRP-G10936-2023.html,"http://indicators-map.canada.ca/App/Detail?id=0110936&GoCTemplateCulture=en-CA
"
10937,Dawson Comp Stn 01-34,ARC RESOURCES LTD.,,,N/A,British Columbia,55.885,-120.09,14.58,kilotonnes of carbon dioxide equivalents (kt CO2 eq),2023,Oil and gas extraction (except oil sands),https://www23.statcan.gc.ca/imdb/p3VD.pl?Function=getVD&TVD=1369825&CVD=1370970&CPV=211110&CST=27012022&CLV=5&MLV=5,https://climate-change.canada.ca/facility-emissions/GHGRP-G10937-2023.html,"http://indicators-map.canada.ca/App/Detail?id=0110937&GoCTemplateCulture=en-CA
"
10938,Masset Diesel Generating Station,British Columbia Hydro and Power Authority,Masset,0 1901 Towhill Road,V0T 1M0,British Columbia,54.02029,-132.11358,17.88,kilotonnes of carbon dioxide equivalents (kt CO2 eq),2023,Fossil-Fuel Electric Power Generation,https://www23.statcan.gc.ca/imdb/p3VD.pl?Function=getVD&TVD=1369825&CVD=1370970&CPV=221112&CST=27012022&CLV=5&MLV=5,https://climate-change.canada.ca/facility-emissions/GHGRP-G10938-2023.html,"http://indicators-map.canada.ca/App/Detail?id=0110938&GoCTemplateCulture=en-CA
"
10939,"Coastland Wood Industries Ltd., Annacis Division",Coastland Wood Industries Ltd.,Delta,755 Belgrave Way,V3M 5R8,British Columbia,49.181,-122.934,27.81,kilotonnes of carbon dioxide equivalents (kt CO2 eq),2023,Softwood Veneer and Plywood Mills,https://www23.statcan.gc.ca/imdb/p3VD.pl?Function=getVD&TVD=1369825&CVD=1370970&CPV=321212&CST=27012022&CLV=5&MLV=5,https://climate-change.canada.ca/facility-emissions/GHGRP-G10939-2023.html,"http://indicators-map.canada.ca/App/Detail?id=0110939&GoCTemplateCulture=en-CA
"
10940,South Hiding Creek Comp Station B-053-A,Canadian Natural Resources Limited,,,N/A,British Columbia,54.794,-120.033,12.07,kilotonnes of carbon dioxide equivalents (kt CO2 eq),2023,Oil and gas extraction (except oil sands),https://www23.statcan.gc.ca/imdb/p3VD.pl?Function=getVD&TVD=1369825&CVD=1370970&CPV=211110&CST=27012022&CLV=5&MLV=5,https://climate-change.canada.ca/facility-emissions/GHGRP-G10940-2023.html,"http://indicators-map.canada.ca/App/Detail?id=0110940&GoCTemplateCulture=en-CA
"
10944,Dawson Creek Comp Stn 09-15,Ovintiv Canada ULC,Dawson Creek,37 Vic Turner Airport Road,V1G 0G1,British Columbia,55.67452,-120.227,33.83,kilotonnes of carbon dioxide equivalents (kt CO2 eq),2023,Oil and gas extraction (except oil sands),https://www23.statcan.gc.ca/imdb/p3VD.pl?Function=getVD&TVD=1369825&CVD=1370970&CPV=211110&CST=27012022&CLV=5&MLV=5,https://climate-change.canada.ca/facility-emissions/GHGRP-G10944-2023.html,"http://indicators-map.canada.ca/App/Detail?id=0110944&GoCTemplateCulture=en-CA
"
10945,Hythe Comp Stn D-033-I,Ovintiv Canada ULC,Dawson Creek,37 Vic Turner Airport Road,V1G 0G1,British Columbia,55.44753,-120.09912,39.83,kilotonnes of carbon dioxide equivalents (kt CO2 eq),2023,Oil and gas extraction (except oil sands),https://www23.statcan.gc.ca/imdb/p3VD.pl?Function=getVD&TVD=1369825&CVD=1370970&CPV=211110&CST=27012022&CLV=5&MLV=5,https://climate-change.canada.ca/facility-emissions/GHGRP-G10945-2023.html,"http://indicators-map.canada.ca/App/Detail?id=0110945&GoCTemplateCulture=en-CA
"
10947,Hythe Comp Stn D-019-H,Ovintiv Canada ULC,Dawson Creek,37 Vic Turner Airport Road,V1G 0G1,British Columbia,55.597,-120.101,21.02,kilotonnes of carbon dioxide equivalents (kt CO2 eq),2023,Oil and gas extraction (except oil sands),https://www23.statcan.gc.ca/imdb/p3VD.pl?Function=getVD&TVD=1369825&CVD=1370970&CPV=211110&CST=27012022&CLV=5&MLV=5,https://climate-change.canada.ca/facility-emissions/GHGRP-G10947-2023.html,"http://indicators-map.canada.ca/App/Detail?id=0110947&GoCTemplateCulture=en-CA
"
10949,Lantic Inc. - Vancouver Refinery,Lantic Inc. - Vancouver Refinery,Vancouver,0 123 Rogers Street,V6A 3N2,British Columbia,49.285,-123.082,29.47,kilotonnes of carbon dioxide equivalents (kt CO2 eq),2023,Sugar Manufacturing,https://www23.statcan.gc.ca/imdb/p3VD.pl?Function=getVD&TVD=1369825&CVD=1370970&CPV=311310&CST=27012022&CLV=5&MLV=5,https://climate-change.canada.ca/facility-emissions/GHGRP-G10949-2023.html,"http://indicators-map.canada.ca/App/Detail?id=0110949&GoCTemplateCulture=en-CA
"
10950,Martin Creek Sour Gas Plant (b-002-E/094-H-06) - TOU,Tourmaline Oil Corp,,,N/A,British Columbia,57.336,-121.399,11.25,kilotonnes of carbon dioxide equivalents (kt CO2 eq),2023,Oil and gas extraction (except oil sands),https://www23.statcan.gc.ca/imdb/p3VD.pl?Function=getVD&TVD=1369825&CVD=1370970&CPV=211110&CST=27012022&CLV=5&MLV=5,https://climate-change.canada.ca/facility-emissions/GHGRP-G10950-2023.html,"http://indicators-map.canada.ca/App/Detail?id=0110950&GoCTemplateCulture=en-CA
"
10952,Heffley Creek Division,Tolko Industries Ltd.,Kamloops,6275 Old Highway 5 Highway,V2H 1T8,British Columbia,50.84,-120.27667,23.72,kilotonnes of carbon dioxide equivalents (kt CO2 eq),2023,Softwood Veneer and Plywood Mills,https://www23.statcan.gc.ca/imdb/p3VD.pl?Function=getVD&TVD=1369825&CVD=1370970&CPV=321212&CST=27012022&CLV=5&MLV=5,https://climate-change.canada.ca/facility-emissions/GHGRP-G10952-2023.html,"http://indicators-map.canada.ca/App/Detail?id=0110952&GoCTemplateCulture=en-CA
"
10953,Lavington Planer Mill,Tolko Industries Ltd.,Lavington,6200 Jeffers Drive,V1T 8C2,British Columbia,50.23167,-119.10166,15.54,kilotonnes of carbon dioxide equivalents (kt CO2 eq),2023,Sawmills (except Shingle and Shake Mills),https://www23.statcan.gc.ca/imdb/p3VD.pl?Function=getVD&TVD=1369825&CVD=1370970&CPV=321111&CST=27012022&CLV=5&MLV=5,https://climate-change.canada.ca/facility-emissions/GHGRP-G10953-2023.html,"http://indicators-map.canada.ca/App/Detail?id=0110953&GoCTemplateCulture=en-CA
"
10954,Village Farms - Delta I,Village Farms Canada L.P.,Delta,4700 80th Street,V4K 3N3,British Columbia,49.08778,-122.99305,17.87,kilotonnes of carbon dioxide equivalents (kt CO2 eq),2023,Cannabis grown under cover,https://www23.statcan.gc.ca/imdb/p3VD.pl?Function=getVD&TVD=1369825&CVD=1370970&CPV=111412&CST=27012022&CLV=5&MLV=5,https://climate-change.canada.ca/facility-emissions/GHGRP-G10954-2023.html,"http://indicators-map.canada.ca/App/Detail?id=0110954&GoCTemplateCulture=en-CA
"
10955,West Coast Reduction Ltd.,West Coast Reduction Ltd.,Vancouver,105 N. Commercial Drive,V5L 4V7,British Columbia,49.285,-123.07,30.08,kilotonnes of carbon dioxide equivalents (kt CO2 eq),2023,Rendering and Meat Processing from Carcasses,https://www23.statcan.gc.ca/imdb/p3VD.pl?Function=getVD&TVD=1369825&CVD=1370970&CPV=311614&CST=27012022&CLV=5&MLV=5,https://climate-change.canada.ca/facility-emissions/GHGRP-G10955-2023.html,"http://indicators-map.canada.ca/App/Detail?id=0110955&GoCTemplateCulture=en-CA
"
10957,CIPA Lumber Co. Ltd.,CIPA Lumber Co. Ltd.,"Annacis Island, Delta",797 Carlisle Road,V3M 5P4,British Columbia,49.176,-122.944,29.03,kilotonnes of carbon dioxide equivalents (kt CO2 eq),2023,Softwood Veneer and Plywood Mills,https://www23.statcan.gc.ca/imdb/p3VD.pl?Function=getVD&TVD=1369825&CVD=1370970&CPV=321212&CST=27012022&CLV=5&MLV=5,https://climate-change.canada.ca/facility-emissions/GHGRP-G10957-2023.html,"http://indicators-map.canada.ca/App/Detail?id=0110957&GoCTemplateCulture=en-CA
"
10958,Burrard Products Terminal,Suncor Energy Inc.,Port Moody,1155 Glenayre Drive,V3H 3E1,British Columbia,49.283,-122.85,12.37,kilotonnes of carbon dioxide equivalents (kt CO2 eq),2023,Petroleum Product Wholesaler-Distributors,https://www23.statcan.gc.ca/imdb/p3VD.pl?Function=getVD&TVD=1369825&CVD=1370970&CPV=412110&CST=27012022&CLV=5&MLV=5,https://climate-change.canada.ca/facility-emissions/GHGRP-G10958-2023.html,"http://indicators-map.canada.ca/App/Detail?id=0110958&GoCTemplateCulture=en-CA
"
10959,Murray River Comp Stn C-033-J,Canadian Natural Resources Limited,,,N/A,British Columbia,54.948,-121.159,25.08,kilotonnes of carbon dioxide equivalents (kt CO2 eq),2023,Oil and gas extraction (except oil sands),https://www23.statcan.gc.ca/imdb/p3VD.pl?Function=getVD&TVD=1369825&CVD=1370970&CPV=211110&CST=27012022&CLV=5&MLV=5,https://climate-change.canada.ca/facility-emissions/GHGRP-G10959-2023.html,"http://indicators-map.canada.ca/App/Detail?id=0110959&GoCTemplateCulture=en-CA
"
10962,Fort McMurray Class 1 Composting Facility,Regional Municipality of Wood Buffalo,Fort McMurray,,N/A,Alberta,56.64483,-111.37049,3.27,kilotonnes of carbon dioxide equivalents (kt CO2 eq),2023,Waste Treatment and Disposal,https://www23.statcan.gc.ca/imdb/p3VD.pl?Function=getVD&TVD=1369825&CVD=1370970&CPV=562210&CST=27012022&CLV=5&MLV=5,https://climate-change.canada.ca/facility-emissions/GHGRP-G10962-2023.html,"http://indicators-map.canada.ca/App/Detail?id=0110962&GoCTemplateCulture=en-CA
"
10963,Wroe 08-12-057-25W5 Compressor,Tourmaline Oil Corp,Wroe,,N/A,Alberta,53.91437,-117.57371,43.84,kilotonnes of carbon dioxide equivalents (kt CO2 eq),2023,Oil and gas extraction (except oil sands),https://www23.statcan.gc.ca/imdb/p3VD.pl?Function=getVD&TVD=1369825&CVD=1370970&CPV=211110&CST=27012022&CLV=5&MLV=5,https://climate-change.canada.ca/facility-emissions/GHGRP-G10963-2023.html,"http://indicators-map.canada.ca/App/Detail?id=0110963&GoCTemplateCulture=en-CA
"
10964,Laprise Main Battery (D-030-E/094-H-05),Canlin Energy Corporation,Peace River,0,N/A,British Columbia,57.36042,-121.99062,17.97,kilotonnes of carbon dioxide equivalents (kt CO2 eq),2023,Oil and gas extraction (except oil sands),https://www23.statcan.gc.ca/imdb/p3VD.pl?Function=getVD&TVD=1369825&CVD=1370970&CPV=211110&CST=27012022&CLV=5&MLV=5,https://climate-change.canada.ca/facility-emissions/GHGRP-G10964-2023.html,"http://indicators-map.canada.ca/App/Detail?id=0110964&GoCTemplateCulture=en-CA
"
10968,Septimus Sweet Gas Plant 12-27,Crew Energy Inc.,,,N/A,British Columbia,56.054,-120.74,38.31,kilotonnes of carbon dioxide equivalents (kt CO2 eq),2023,Oil and gas extraction (except oil sands),https://www23.statcan.gc.ca/imdb/p3VD.pl?Function=getVD&TVD=1369825&CVD=1370970&CPV=211110&CST=27012022&CLV=5&MLV=5,https://climate-change.canada.ca/facility-emissions/GHGRP-G10968-2023.html,"http://indicators-map.canada.ca/App/Detail?id=0110968&GoCTemplateCulture=en-CA
"
10974,Doe 01-32-80-15W6 Compressor,Tourmaline Oil Corp,Dawson Creek,,N/A,British Columbia,55.97255,-120.29903,36.29,kilotonnes of carbon dioxide equivalents (kt CO2 eq),2023,Oil and gas extraction (except oil sands),https://www23.statcan.gc.ca/imdb/p3VD.pl?Function=getVD&TVD=1369825&CVD=1370970&CPV=211110&CST=27012022&CLV=5&MLV=5,https://climate-change.canada.ca/facility-emissions/GHGRP-G10974-2023.html,"http://indicators-map.canada.ca/App/Detail?id=0110974&GoCTemplateCulture=en-CA
"
10975,Navan Landfill,Waste Connections of Canada Inc.,Ottawa,3354 Navan Road,K4B 1H9,Ontario,45.4244,-75.5002,34.81,kilotonnes of carbon dioxide equivalents (kt CO2 eq),2023,Waste Treatment and Disposal,https://www23.statcan.gc.ca/imdb/p3VD.pl?Function=getVD&TVD=1369825&CVD=1370970&CPV=562210&CST=27012022&CLV=5&MLV=5,https://climate-change.canada.ca/facility-emissions/GHGRP-G10975-2023.html,"http://indicators-map.canada.ca/App/Detail?id=0110975&GoCTemplateCulture=en-CA
"
10976,West Pembina Battery and Compressor,Vermilion Energy Inc.,Township 050,,N/A,Alberta,53.2904,-115.8319,13.99,kilotonnes of carbon dioxide equivalents (kt CO2 eq),2023,Oil and gas extraction (except oil sands),https://www23.statcan.gc.ca/imdb/p3VD.pl?Function=getVD&TVD=1369825&CVD=1370970&CPV=211110&CST=27012022&CLV=5&MLV=5,https://climate-change.canada.ca/facility-emissions/GHGRP-G10976-2023.html,"http://indicators-map.canada.ca/App/Detail?id=0110976&GoCTemplateCulture=en-CA
"
10977,Granada Gas Plant,Vermilion Energy Inc.,Township 052,,N/A,Alberta,53.4848,-115.6076,13.59,kilotonnes of carbon dioxide equivalents (kt CO2 eq),2023,Oil and gas extraction (except oil sands),https://www23.statcan.gc.ca/imdb/p3VD.pl?Function=getVD&TVD=1369825&CVD=1370970&CPV=211110&CST=27012022&CLV=5&MLV=5,https://climate-change.canada.ca/facility-emissions/GHGRP-G10977-2023.html,"http://indicators-map.canada.ca/App/Detail?id=0110977&GoCTemplateCulture=en-CA
"
10978,Wapiti Compressor Station 07-22,Sinopec Canada,Wapiti,,N/A,Alberta,54.9038,-119.1334,27.59,kilotonnes of carbon dioxide equivalents (kt CO2 eq),2023,Oil and gas extraction (except oil sands),https://www23.statcan.gc.ca/imdb/p3VD.pl?Function=getVD&TVD=1369825&CVD=1370970&CPV=211110&CST=27012022&CLV=5&MLV=5,https://climate-change.canada.ca/facility-emissions/GHGRP-G10978-2023.html,"http://indicators-map.canada.ca/App/Detail?id=0110978&GoCTemplateCulture=en-CA
"
10979,Eta Lake Gas Plant,Vermilion Energy Inc.,Township 051,,N/A,Alberta,53.3851,-115.6128,14.86,kilotonnes of carbon dioxide equivalents (kt CO2 eq),2023,Oil and gas extraction (except oil sands),https://www23.statcan.gc.ca/imdb/p3VD.pl?Function=getVD&TVD=1369825&CVD=1370970&CPV=211110&CST=27012022&CLV=5&MLV=5,https://climate-change.canada.ca/facility-emissions/GHGRP-G10979-2023.html,"http://indicators-map.canada.ca/App/Detail?id=0110979&GoCTemplateCulture=en-CA
"
10982,KUNTZ ELECTROPLATING INC.,Kuntz Electroplating Inc.,Kitchener,851 Wilson Avenue,N2C 1J1,Ontario,43.4127,-80.4434,7.63,kilotonnes of carbon dioxide equivalents (kt CO2 eq),2023,"Coating, Engraving, Heat Treating and Allied Activities",https://www23.statcan.gc.ca/imdb/p3VD.pl?Function=getVD&TVD=1369825&CVD=1370970&CPV=332810&CST=27012022&CLV=5&MLV=5,https://climate-change.canada.ca/facility-emissions/GHGRP-G10982-2023.html,"http://indicators-map.canada.ca/App/Detail?id=0110982&GoCTemplateCulture=en-CA
"
10983,CertainTeed Insulation Ottawa,Certainteed Corp Insulation Group operating as Ottawa Fibre ,Ottawa,3985 Belgreen Drive West,K1G 3N2,Ontario,45.3808,-75.5964,12.26,kilotonnes of carbon dioxide equivalents (kt CO2 eq),2023,Artificial and Synthetic Fibres and Filaments Manufacturing,https://www23.statcan.gc.ca/imdb/p3VD.pl?Function=getVD&TVD=1369825&CVD=1370970&CPV=325220&CST=27012022&CLV=5&MLV=5,https://climate-change.canada.ca/facility-emissions/GHGRP-G10983-2023.html,"http://indicators-map.canada.ca/App/Detail?id=0110983&GoCTemplateCulture=en-CA
"
10985,Gibbons Site,Evonik Canada Inc.,Gibbons,Highway 643 East,T0A 1N0,Alberta,53.8331,-113.1089,16.72,kilotonnes of carbon dioxide equivalents (kt CO2 eq),2023,All Other Basic Inorganic Chemical Manufacturing,https://www23.statcan.gc.ca/imdb/p3VD.pl?Function=getVD&TVD=1369825&CVD=1370970&CPV=325189&CST=27012022&CLV=5&MLV=5,https://climate-change.canada.ca/facility-emissions/GHGRP-G10985-2023.html,"http://indicators-map.canada.ca/App/Detail?id=0110985&GoCTemplateCulture=en-CA
"
10986,DALSA SEMICONDUCTOR - BROMONT,"Teledyne Digital Imaging, Inc.",Bromont,18 Boulevard de l'Aéroport,J2L 1S7,Quebec,45.2987,-72.7142,26.48,kilotonnes of carbon dioxide equivalents (kt CO2 eq),2023,Semiconductor and Other Electronic Component Manufacturing,https://www23.statcan.gc.ca/imdb/p3VD.pl?Function=getVD&TVD=1369825&CVD=1370970&CPV=334410&CST=27012022&CLV=5&MLV=5,https://climate-change.canada.ca/facility-emissions/GHGRP-G10986-2023.html,"http://indicators-map.canada.ca/App/Detail?id=0110986&GoCTemplateCulture=en-CA
"
10989,Edmonton Plant,Owens Corning Insulating Systems Canada LP,Edmonton,831 Hayter Road,T6S 1A1,Alberta,53.5717,-113.3498,19.11,kilotonnes of carbon dioxide equivalents (kt CO2 eq),2023,All Other Non-Metallic Mineral Product Manufacturing,https://www23.statcan.gc.ca/imdb/p3VD.pl?Function=getVD&TVD=1369825&CVD=1370970&CPV=327990&CST=27012022&CLV=5&MLV=5,https://climate-change.canada.ca/facility-emissions/GHGRP-G10989-2023.html,"http://indicators-map.canada.ca/App/Detail?id=0110989&GoCTemplateCulture=en-CA
"
10990,ALBERTA DISTILLERS,Alberta Distillers Ltd.,Calgary,1521 34th Avenue,T2H 1X1,Alberta,51.8334,-114.026,22.32,kilotonnes of carbon dioxide equivalents (kt CO2 eq),2023,Distilleries,https://www23.statcan.gc.ca/imdb/p3VD.pl?Function=getVD&TVD=1369825&CVD=1370970&CPV=312140&CST=27012022&CLV=5&MLV=5,https://climate-change.canada.ca/facility-emissions/GHGRP-G10990-2023.html,"http://indicators-map.canada.ca/App/Detail?id=0110990&GoCTemplateCulture=en-CA
"
10991,BIOX Canada Limited,BIOX Canada Limited,Hamilton,41 Oliver Street,L8L 4K9,Ontario,43.2691,-79.8425,6.21,kilotonnes of carbon dioxide equivalents (kt CO2 eq),2023,Other Basic Organic Chemical Manufacturing,https://www23.statcan.gc.ca/imdb/p3VD.pl?Function=getVD&TVD=1369825&CVD=1370970&CPV=325190&CST=27012022&CLV=5&MLV=5,https://climate-change.canada.ca/facility-emissions/GHGRP-G10991-2023.html,"http://indicators-map.canada.ca/App/Detail?id=0110991&GoCTemplateCulture=en-CA
"
10993,Ante Creek North Sour Gas Plant 02-26,ARC RESOURCES LTD.,,,N/A,Alberta,54.8972,-117.7088,12.22,kilotonnes of carbon dioxide equivalents (kt CO2 eq),2023,Oil and gas extraction (except oil sands),https://www23.statcan.gc.ca/imdb/p3VD.pl?Function=getVD&TVD=1369825&CVD=1370970&CPV=211110&CST=27012022&CLV=5&MLV=5,https://climate-change.canada.ca/facility-emissions/GHGRP-G10993-2023.html,"http://indicators-map.canada.ca/App/Detail?id=0110993&GoCTemplateCulture=en-CA
"
10994,Oil Recovery Division,Safety-Kleen Canada Inc. [principal],Breslau,300 Woolwich Street,N0B 1M0,Ontario,43.465,-80.4076,48.41,kilotonnes of carbon dioxide equivalents (kt CO2 eq),2023,Other Petroleum and Coal Products Manufacturing,https://www23.statcan.gc.ca/imdb/p3VD.pl?Function=getVD&TVD=1369825&CVD=1370970&CPV=324190&CST=27012022&CLV=5&MLV=5,https://climate-change.canada.ca/facility-emissions/GHGRP-G10994-2023.html,"http://indicators-map.canada.ca/App/Detail?id=0110994&GoCTemplateCulture=en-CA
"
10998,CARBERRY FACTORY,McCain Foods Canada Ltd.,Carberry,1961 French Fry Road,R0K 0H0,Manitoba,49.85011,-99.34722,22.2,kilotonnes of carbon dioxide equivalents (kt CO2 eq),2023,All Other Food Manufacturing,https://www23.statcan.gc.ca/imdb/p3VD.pl?Function=getVD&TVD=1369825&CVD=1370970&CPV=311990&CST=27012022&CLV=5&MLV=5,https://climate-change.canada.ca/facility-emissions/GHGRP-G10998-2023.html,"http://indicators-map.canada.ca/App/Detail?id=0110998&GoCTemplateCulture=en-CA
"
11000,Mitsue Sour GP 10-30-72-4W5,Cardinal Energy Ltd.,Slave Lake,,T0G 2A0,Alberta,55.2656,-114.6014,16.56,kilotonnes of carbon dioxide equivalents (kt CO2 eq),2023,Oil and gas extraction (except oil sands),https://www23.statcan.gc.ca/imdb/p3VD.pl?Function=getVD&TVD=1369825&CVD=1370970&CPV=211110&CST=27012022&CLV=5&MLV=5,https://climate-change.canada.ca/facility-emissions/GHGRP-G11000-2023.html,"http://indicators-map.canada.ca/App/Detail?id=0111000&GoCTemplateCulture=en-CA
"
11003,Slave Lake Sour Gas Plant 09-15,Obsidian Energy Ltd.,,,N/A,Alberta,56.2848,-116.1117,36.41,kilotonnes of carbon dioxide equivalents (kt CO2 eq),2023,Oil and gas extraction (except oil sands),https://www23.statcan.gc.ca/imdb/p3VD.pl?Function=getVD&TVD=1369825&CVD=1370970&CPV=211110&CST=27012022&CLV=5&MLV=5,https://climate-change.canada.ca/facility-emissions/GHGRP-G11003-2023.html,"http://indicators-map.canada.ca/App/Detail?id=0111003&GoCTemplateCulture=en-CA
"
11004,Pembalta #7 Sour Gas Plant 04-34,Obsidian Energy Ltd.,,,N/A,Alberta,53.0904,-115.245,15.67,kilotonnes of carbon dioxide equivalents (kt CO2 eq),2023,Oil and gas extraction (except oil sands),https://www23.statcan.gc.ca/imdb/p3VD.pl?Function=getVD&TVD=1369825&CVD=1370970&CPV=211110&CST=27012022&CLV=5&MLV=5,https://climate-change.canada.ca/facility-emissions/GHGRP-G11004-2023.html,"http://indicators-map.canada.ca/App/Detail?id=0111004&GoCTemplateCulture=en-CA
"
11005,Willesden Green Sweet Gas Plant 14-01,Obsidian Energy Ltd.,,,N/A,Alberta,52.5941,-114.8793,19.55,kilotonnes of carbon dioxide equivalents (kt CO2 eq),2023,Oil and gas extraction (except oil sands),https://www23.statcan.gc.ca/imdb/p3VD.pl?Function=getVD&TVD=1369825&CVD=1370970&CPV=211110&CST=27012022&CLV=5&MLV=5,https://climate-change.canada.ca/facility-emissions/GHGRP-G11005-2023.html,"http://indicators-map.canada.ca/App/Detail?id=0111005&GoCTemplateCulture=en-CA
"
11008,CFB/ BFC Halifax - Parc Windsor Park,DND/ MDN,Halifax,3110 Windsor Street,B3K 5X5,Nova Scotia,44.6586,-63.6082,25.7,kilotonnes of carbon dioxide equivalents (kt CO2 eq),2023,Defence Services,https://www23.statcan.gc.ca/imdb/p3VD.pl?Function=getVD&TVD=1369825&CVD=1370970&CPV=911110&CST=27012022&CLV=5&MLV=5,https://climate-change.canada.ca/facility-emissions/GHGRP-G11008-2023.html,"http://indicators-map.canada.ca/App/Detail?id=0111008&GoCTemplateCulture=en-CA
"
11009,Toronto Plant,Owens Corning Insulating Systems Canada LP,Toronto,3450 McNicoll Avenue,M1V 1Z5,Ontario,43.8245,-79.2554,18.5,kilotonnes of carbon dioxide equivalents (kt CO2 eq),2023,All Other Non-Metallic Mineral Product Manufacturing,https://www23.statcan.gc.ca/imdb/p3VD.pl?Function=getVD&TVD=1369825&CVD=1370970&CPV=327990&CST=27012022&CLV=5&MLV=5,https://climate-change.canada.ca/facility-emissions/GHGRP-G11009-2023.html,"http://indicators-map.canada.ca/App/Detail?id=0111009&GoCTemplateCulture=en-CA
"
11010,Hussar Gas Plant 13-36-024-21W4,Torxen Energy Ltd.,Hussar,,N/A,Alberta,51.0934,-112.8201,34.64,kilotonnes of carbon dioxide equivalents (kt CO2 eq),2023,Oil and gas extraction (except oil sands),https://www23.statcan.gc.ca/imdb/p3VD.pl?Function=getVD&TVD=1369825&CVD=1370970&CPV=211110&CST=27012022&CLV=5&MLV=5,https://climate-change.canada.ca/facility-emissions/GHGRP-G11010-2023.html,"http://indicators-map.canada.ca/App/Detail?id=0111010&GoCTemplateCulture=en-CA
"
11011,Obed 01-21-055-23W5 Compressor,Tourmaline Oil Corp,Obed,,A9A 9A9,Alberta,53.7611,-117.3492,14.57,kilotonnes of carbon dioxide equivalents (kt CO2 eq),2023,Oil and gas extraction (except oil sands),https://www23.statcan.gc.ca/imdb/p3VD.pl?Function=getVD&TVD=1369825&CVD=1370970&CPV=211110&CST=27012022&CLV=5&MLV=5,https://climate-change.canada.ca/facility-emissions/GHGRP-G11011-2023.html,"http://indicators-map.canada.ca/App/Detail?id=0111011&GoCTemplateCulture=en-CA
"
11012,LRE - Edson Gas Plant 01-13,Long Run Exploration Ltd,Edson,,N/A,Alberta,53.6598,-116.6505,18.88,kilotonnes of carbon dioxide equivalents (kt CO2 eq),2023,Oil and gas extraction (except oil sands),https://www23.statcan.gc.ca/imdb/p3VD.pl?Function=getVD&TVD=1369825&CVD=1370970&CPV=211110&CST=27012022&CLV=5&MLV=5,https://climate-change.canada.ca/facility-emissions/GHGRP-G11012-2023.html,"http://indicators-map.canada.ca/App/Detail?id=0111012&GoCTemplateCulture=en-CA
"
11013,Apotex Inc. Etobicoke Site,Apotex Inc.,Toronto,50 Steinway Boulevard,M9W 6Y3,Ontario,43.7508,-79.6255,11.45,kilotonnes of carbon dioxide equivalents (kt CO2 eq),2023,Pharmaceutical and Medicine Manufacturing,https://www23.statcan.gc.ca/imdb/p3VD.pl?Function=getVD&TVD=1369825&CVD=1370970&CPV=325410&CST=27012022&CLV=5&MLV=5,https://climate-change.canada.ca/facility-emissions/GHGRP-G11013-2023.html,"http://indicators-map.canada.ca/App/Detail?id=0111013&GoCTemplateCulture=en-CA
"
11014,LA CIE MATÉRIAUX DE CONSTRUCTION  BP CANADA - LASALLE,La Cie Matériaux de Construction BP Canada,Lasalle,9510 Saint Patrick Street,H8R 1R9,Quebec,45.4397,-73.6463,12.58,kilotonnes of carbon dioxide equivalents (kt CO2 eq),2023,Asphalt Shingle and Coating Material Manufacturing,https://www23.statcan.gc.ca/imdb/p3VD.pl?Function=getVD&TVD=1369825&CVD=1370970&CPV=324122&CST=27012022&CLV=5&MLV=5,https://climate-change.canada.ca/facility-emissions/GHGRP-G11014-2023.html,"http://indicators-map.canada.ca/App/Detail?id=0111014&GoCTemplateCulture=en-CA
"
11015,THE CALGARY AIRPORT AUTHORITY - CALGARY,The Calgary Airport Authority,Calgary,2000 Airport Road,T2E 6W5,Alberta,51.1307,-114.009,11.52,kilotonnes of carbon dioxide equivalents (kt CO2 eq),2023,Scheduled Air Transportation,https://www23.statcan.gc.ca/imdb/p3VD.pl?Function=getVD&TVD=1369825&CVD=1370970&CPV=481110&CST=27012022&CLV=5&MLV=5,https://climate-change.canada.ca/facility-emissions/GHGRP-G11015-2023.html,"http://indicators-map.canada.ca/App/Detail?id=0111015&GoCTemplateCulture=en-CA
"
11016,3 CDSG/BS 3 DIV Edmonton,DND/ MDN,Edmonton,177  Rhine Rd Road,T5J 4J5,Alberta,53.6595,-113.4783,14.92,kilotonnes of carbon dioxide equivalents (kt CO2 eq),2023,Defence Services,https://www23.statcan.gc.ca/imdb/p3VD.pl?Function=getVD&TVD=1369825&CVD=1370970&CPV=911110&CST=27012022&CLV=5&MLV=5,https://climate-change.canada.ca/facility-emissions/GHGRP-G11016-2023.html,"http://indicators-map.canada.ca/App/Detail?id=0111016&GoCTemplateCulture=en-CA
"
11017,Leduc 02/10-22,Aspenleaf Energy Ltd.,Leduc,,N/A,Alberta,53.3307,-113.7194,14.6,kilotonnes of carbon dioxide equivalents (kt CO2 eq),2023,Oil and gas extraction (except oil sands),https://www23.statcan.gc.ca/imdb/p3VD.pl?Function=getVD&TVD=1369825&CVD=1370970&CPV=211110&CST=27012022&CLV=5&MLV=5,https://climate-change.canada.ca/facility-emissions/GHGRP-G11017-2023.html,"http://indicators-map.canada.ca/App/Detail?id=0111017&GoCTemplateCulture=en-CA
"
11018,Biorigin Specialty Products,Interlake Acquisition Corporation Limited,St. Catharines,45 Merritt Street,L2T 1J4,Ontario,43.1342,-79.201,19.53,kilotonnes of carbon dioxide equivalents (kt CO2 eq),2023,Paper (except Newsprint) Mills,https://www23.statcan.gc.ca/imdb/p3VD.pl?Function=getVD&TVD=1369825&CVD=1370970&CPV=322121&CST=27012022&CLV=5&MLV=5,https://climate-change.canada.ca/facility-emissions/GHGRP-G11018-2023.html,"http://indicators-map.canada.ca/App/Detail?id=0111018&GoCTemplateCulture=en-CA
"
11019,Belleville,The Procter & Gamble Company,Belleville,355 University Avenue,K8N 5E9,Ontario,44.1988,-77.3636,17.81,kilotonnes of carbon dioxide equivalents (kt CO2 eq),2023,Sanitary Paper Product Manufacturing,https://www23.statcan.gc.ca/imdb/p3VD.pl?Function=getVD&TVD=1369825&CVD=1370970&CPV=322291&CST=27012022&CLV=5&MLV=5,https://climate-change.canada.ca/facility-emissions/GHGRP-G11019-2023.html,"http://indicators-map.canada.ca/App/Detail?id=0111019&GoCTemplateCulture=en-CA
"
11020,Matalco Inc.,Matalco Canada Inc.,Brampton,850 Intermodal Drive,L6T 0B5,Ontario,43.74325,-79.65764,21.17,kilotonnes of carbon dioxide equivalents (kt CO2 eq),2023,"Aluminum Rolling, Drawing, Extruding and Alloying",https://www23.statcan.gc.ca/imdb/p3VD.pl?Function=getVD&TVD=1369825&CVD=1370970&CPV=331317&CST=27012022&CLV=5&MLV=5,https://climate-change.canada.ca/facility-emissions/GHGRP-G11020-2023.html,"http://indicators-map.canada.ca/App/Detail?id=0111020&GoCTemplateCulture=en-CA
"
11021,Ste. Agathe (Canola Crush Plant) Viterra,Viterra Canada Inc.,Ste. Agathe,386 Industrial Park Road,R0G 1Y0,Manitoba,49.5635,-97.2161,12.71,kilotonnes of carbon dioxide equivalents (kt CO2 eq),2023,Oilseed Processing,https://www23.statcan.gc.ca/imdb/p3VD.pl?Function=getVD&TVD=1369825&CVD=1370970&CPV=311224&CST=27012022&CLV=5&MLV=5,https://climate-change.canada.ca/facility-emissions/GHGRP-G11021-2023.html,"http://indicators-map.canada.ca/App/Detail?id=0111021&GoCTemplateCulture=en-CA
"
11022,Lator #1 01-21-063-02W6,ARC RESOURCES LTD.,Calgary,,N/A,Alberta,54.4394,-118.2504,34.32,kilotonnes of carbon dioxide equivalents (kt CO2 eq),2023,Oil and gas extraction (except oil sands),https://www23.statcan.gc.ca/imdb/p3VD.pl?Function=getVD&TVD=1369825&CVD=1370970&CPV=211110&CST=27012022&CLV=5&MLV=5,https://climate-change.canada.ca/facility-emissions/GHGRP-G11022-2023.html,"http://indicators-map.canada.ca/App/Detail?id=0111022&GoCTemplateCulture=en-CA
"
11025,Chalk River Laboratories,Canadian Nuclear Laboratories,Chalk River,286 Plant Road,K0J 1J0,Ontario,46.0554,-77.3628,25.06,kilotonnes of carbon dioxide equivalents (kt CO2 eq),2023,"All Other Professional, Scientific and Technical Services",https://www23.statcan.gc.ca/imdb/p3VD.pl?Function=getVD&TVD=1369825&CVD=1370970&CPV=541990&CST=27012022&CLV=5&MLV=5,https://climate-change.canada.ca/facility-emissions/GHGRP-G11025-2023.html,"http://indicators-map.canada.ca/App/Detail?id=0111025&GoCTemplateCulture=en-CA
"
11026,Toronto Brewery,Molson Coors Canada,Toronto,1 Carlingview Drive,M9W 5E5,Ontario,43.6748,-79.5883,15.84,kilotonnes of carbon dioxide equivalents (kt CO2 eq),2023,Breweries,https://www23.statcan.gc.ca/imdb/p3VD.pl?Function=getVD&TVD=1369825&CVD=1370970&CPV=312120&CST=27012022&CLV=5&MLV=5,https://climate-change.canada.ca/facility-emissions/GHGRP-G11026-2023.html,"http://indicators-map.canada.ca/App/Detail?id=0111026&GoCTemplateCulture=en-CA
"
11027,4 CDSB / BS 4 Div C Petawawa - Petawawa,DND/ MDN,Petawawa,101 Menin Road,K8H 2X3,Ontario,45.9105,-77.292,34.44,kilotonnes of carbon dioxide equivalents (kt CO2 eq),2023,Defence Services,https://www23.statcan.gc.ca/imdb/p3VD.pl?Function=getVD&TVD=1369825&CVD=1370970&CPV=911110&CST=27012022&CLV=5&MLV=5,https://climate-change.canada.ca/facility-emissions/GHGRP-G11027-2023.html,"http://indicators-map.canada.ca/App/Detail?id=0111027&GoCTemplateCulture=en-CA
"
11028,Moorefield,Darling International Canada Inc.,Moorefield,"8406 Wellington County Road #7, RR #1 Road",N0G 2K0,Ontario,43.8144,-80.7153,30.07,kilotonnes of carbon dioxide equivalents (kt CO2 eq),2023,Rendering and Meat Processing from Carcasses,https://www23.statcan.gc.ca/imdb/p3VD.pl?Function=getVD&TVD=1369825&CVD=1370970&CPV=311614&CST=27012022&CLV=5&MLV=5,https://climate-change.canada.ca/facility-emissions/GHGRP-G11028-2023.html,"http://indicators-map.canada.ca/App/Detail?id=0111028&GoCTemplateCulture=en-CA
"
11029,Bantry Sour Gas Plant & Power Plant,Campus Energy Partners Operations Inc.,Tilley,124 Range Road,T0J 3K0,Alberta,50.47198,-111.60559,26.89,kilotonnes of carbon dioxide equivalents (kt CO2 eq),2023,Oil and gas extraction (except oil sands),https://www23.statcan.gc.ca/imdb/p3VD.pl?Function=getVD&TVD=1369825&CVD=1370970&CPV=211110&CST=27012022&CLV=5&MLV=5,https://climate-change.canada.ca/facility-emissions/GHGRP-G11029-2023.html,"http://indicators-map.canada.ca/App/Detail?id=0111029&GoCTemplateCulture=en-CA
"
11030,Edmonton Ethane Extraction Plant,AltaGas Ltd.,Edmonton,,T6N 1A5,Alberta,53.4542,-113.5038,10.13,kilotonnes of carbon dioxide equivalents (kt CO2 eq),2023,Oil and gas extraction (except oil sands),https://www23.statcan.gc.ca/imdb/p3VD.pl?Function=getVD&TVD=1369825&CVD=1370970&CPV=211110&CST=27012022&CLV=5&MLV=5,https://climate-change.canada.ca/facility-emissions/GHGRP-G11030-2023.html,"http://indicators-map.canada.ca/App/Detail?id=0111030&GoCTemplateCulture=en-CA
"
11031,CFB/ BFC Esquimalt - Dockyard,DND/ MDN,Victoria,Canadian Forces Base Esquimalt,V9A 7N2,British Columbia,48.4314,-123.4322,11,kilotonnes of carbon dioxide equivalents (kt CO2 eq),2023,Defence Services,https://www23.statcan.gc.ca/imdb/p3VD.pl?Function=getVD&TVD=1369825&CVD=1370970&CPV=911110&CST=27012022&CLV=5&MLV=5,https://climate-change.canada.ca/facility-emissions/GHGRP-G11031-2023.html,"http://indicators-map.canada.ca/App/Detail?id=0111031&GoCTemplateCulture=en-CA
"
11032,Usine de production de polystyrène expansible,"Epsilyte Canada, ULC",Baie D'urfé,19250 Clark Graham,H9X 3R8,Quebec,45.4201,-73.9219,7.79,kilotonnes of carbon dioxide equivalents (kt CO2 eq),2023,Resin and Synthetic Rubber Manufacturing,https://www23.statcan.gc.ca/imdb/p3VD.pl?Function=getVD&TVD=1369825&CVD=1370970&CPV=325210&CST=27012022&CLV=5&MLV=5,https://climate-change.canada.ca/facility-emissions/GHGRP-G11032-2023.html,"http://indicators-map.canada.ca/App/Detail?id=0111032&GoCTemplateCulture=en-CA
"
11034,Roseburg Forest Products Canada Ltd. (Pembroke MDF),Roseburg Forest Products Canada Ltd.,Pembroke,777 Fibreboard Drive,K8A 6W4,Ontario,45.7642,-77.0541,32.32,kilotonnes of carbon dioxide equivalents (kt CO2 eq),2023,Particle Board and Fibreboard Mills,https://www23.statcan.gc.ca/imdb/p3VD.pl?Function=getVD&TVD=1369825&CVD=1370970&CPV=321216&CST=27012022&CLV=5&MLV=5,https://climate-change.canada.ca/facility-emissions/GHGRP-G11034-2023.html,"http://indicators-map.canada.ca/App/Detail?id=0111034&GoCTemplateCulture=en-CA
"
11036,5 CDSB/ BS 5 DIV Gagetown,DND/ MDN,Oromocto,100 Broad Road,E2V 4J5,New Brunswick,45.8358,-66.4521,17.88,kilotonnes of carbon dioxide equivalents (kt CO2 eq),2023,Defence Services,https://www23.statcan.gc.ca/imdb/p3VD.pl?Function=getVD&TVD=1369825&CVD=1370970&CPV=911110&CST=27012022&CLV=5&MLV=5,https://climate-change.canada.ca/facility-emissions/GHGRP-G11036-2023.html,"http://indicators-map.canada.ca/App/Detail?id=0111036&GoCTemplateCulture=en-CA
"
11037,Willesden Green Comp Stn 08-04,Spartan Delta Corp.,Calgary,1500 308 4 Avenue Southwest,T2P 0H7,Alberta,52.7649,-114.9575,16.19,kilotonnes of carbon dioxide equivalents (kt CO2 eq),2023,Oil and gas extraction (except oil sands),https://www23.statcan.gc.ca/imdb/p3VD.pl?Function=getVD&TVD=1369825&CVD=1370970&CPV=211110&CST=27012022&CLV=5&MLV=5,https://climate-change.canada.ca/facility-emissions/GHGRP-G11037-2023.html,"http://indicators-map.canada.ca/App/Detail?id=0111037&GoCTemplateCulture=en-CA
"
11038,Conroy d48 Compressor (d-048-C/094-H-12) - TOU,Tourmaline Oil Corp,Conroy,,N/A,British Columbia,57.5396,-121.8406,16.67,kilotonnes of carbon dioxide equivalents (kt CO2 eq),2023,Oil and gas extraction (except oil sands),https://www23.statcan.gc.ca/imdb/p3VD.pl?Function=getVD&TVD=1369825&CVD=1370970&CPV=211110&CST=27012022&CLV=5&MLV=5,https://climate-change.canada.ca/facility-emissions/GHGRP-G11038-2023.html,"http://indicators-map.canada.ca/App/Detail?id=0111038&GoCTemplateCulture=en-CA
"
11039,Incinérateur de Lévis,Ville de Lévis,Lévis,3451 Vulcain,G6W 0K8,Quebec,46.7507,-71.1762,9.51,kilotonnes of carbon dioxide equivalents (kt CO2 eq),2023,Waste Treatment and Disposal,https://www23.statcan.gc.ca/imdb/p3VD.pl?Function=getVD&TVD=1369825&CVD=1370970&CPV=562210&CST=27012022&CLV=5&MLV=5,https://climate-change.canada.ca/facility-emissions/GHGRP-G11039-2023.html,"http://indicators-map.canada.ca/App/Detail?id=0111039&GoCTemplateCulture=en-CA
"
11040,Fort McMurray WWTP,Regional Municipality of Wood Buffalo,Fort McMurray,820 Memorial Drive,T9K 0N9,Alberta,56.7649,-111.4125,11.56,kilotonnes of carbon dioxide equivalents (kt CO2 eq),2023,Sewage Treatment Facilities,https://www23.statcan.gc.ca/imdb/p3VD.pl?Function=getVD&TVD=1369825&CVD=1370970&CPV=221320&CST=27012022&CLV=5&MLV=5,https://climate-change.canada.ca/facility-emissions/GHGRP-G11040-2023.html,"http://indicators-map.canada.ca/App/Detail?id=0111040&GoCTemplateCulture=en-CA
"
11041,Maple Lodge Farms,Maple Lodge Farms Ltd.,Brampton,8301 Winston Churchill Boulevard,L6Y 0A2,Ontario,43.6142,-79.8043,30.59,kilotonnes of carbon dioxide equivalents (kt CO2 eq),2023,Poultry Processing,https://www23.statcan.gc.ca/imdb/p3VD.pl?Function=getVD&TVD=1369825&CVD=1370970&CPV=311615&CST=27012022&CLV=5&MLV=5,https://climate-change.canada.ca/facility-emissions/GHGRP-G11041-2023.html,"http://indicators-map.canada.ca/App/Detail?id=0111041&GoCTemplateCulture=en-CA
"
11042,Real Alloy Mississauga,Real Alloy Canada Ltd.,Mississauga,7496 Torbram Road,L4T 1G9,Ontario,43.7014,-79.6679,17.39,kilotonnes of carbon dioxide equivalents (kt CO2 eq),2023,"Aluminum Rolling, Drawing, Extruding and Alloying",https://www23.statcan.gc.ca/imdb/p3VD.pl?Function=getVD&TVD=1369825&CVD=1370970&CPV=331317&CST=27012022&CLV=5&MLV=5,https://climate-change.canada.ca/facility-emissions/GHGRP-G11042-2023.html,"http://indicators-map.canada.ca/App/Detail?id=0111042&GoCTemplateCulture=en-CA
"
11043,"Canada Malting, Thunder Bay",Canada Malting Co Ltd.,Thunder Bay,579 Maureen Street,P7B 6T9,Ontario,48.4155,-89.2273,15.64,kilotonnes of carbon dioxide equivalents (kt CO2 eq),2023,Rice Milling and Malt Manufacturing,https://www23.statcan.gc.ca/imdb/p3VD.pl?Function=getVD&TVD=1369825&CVD=1370970&CPV=311214&CST=27012022&CLV=5&MLV=5,https://climate-change.canada.ca/facility-emissions/GHGRP-G11043-2023.html,"http://indicators-map.canada.ca/App/Detail?id=0111043&GoCTemplateCulture=en-CA
"
11046,Great Lakes Copper Ltd.,Great Lakes Copper Ltd.,London,1010 Clarke Road,N5Y 5S6,Ontario,43.0233,-81.1842,10.52,kilotonnes of carbon dioxide equivalents (kt CO2 eq),2023,"Copper Rolling, Drawing, Extruding and Alloying",https://www23.statcan.gc.ca/imdb/p3VD.pl?Function=getVD&TVD=1369825&CVD=1370970&CPV=331420&CST=27012022&CLV=5&MLV=5,https://climate-change.canada.ca/facility-emissions/GHGRP-G11046-2023.html,"http://indicators-map.canada.ca/App/Detail?id=0111046&GoCTemplateCulture=en-CA
"
11047,Alberta Capital Region Wastewater Commission Treatment Plant,Alberta Capital Region Wastewater Commision,Fort Saskatchewan,23262 Township Road 540 Road,T8L 4A2,Alberta,53.6288,-113.3077,48.46,kilotonnes of carbon dioxide equivalents (kt CO2 eq),2023,Sewage Treatment Facilities,https://www23.statcan.gc.ca/imdb/p3VD.pl?Function=getVD&TVD=1369825&CVD=1370970&CPV=221320&CST=27012022&CLV=5&MLV=5,https://climate-change.canada.ca/facility-emissions/GHGRP-G11047-2023.html,"http://indicators-map.canada.ca/App/Detail?id=0111047&GoCTemplateCulture=en-CA
"
11048,Compagnie Alpek Polyester Canada inc.,Compagnie Alpek Polyester Canada inc.,Montréal Est,3498 Broadway Avenue,H1B 5B4,Quebec,45.6339,-73.521,11.6,kilotonnes of carbon dioxide equivalents (kt CO2 eq),2023,Resin and Synthetic Rubber Manufacturing,https://www23.statcan.gc.ca/imdb/p3VD.pl?Function=getVD&TVD=1369825&CVD=1370970&CPV=325210&CST=27012022&CLV=5&MLV=5,https://climate-change.canada.ca/facility-emissions/GHGRP-G11048-2023.html,"http://indicators-map.canada.ca/App/Detail?id=0111048&GoCTemplateCulture=en-CA
"
11049,Moose Jaw Refinery,Moose Jaw Refinery Partnership,Moose Jaw,641 Manitoba Street East,S6H 6E3,Saskatchewan,50.3884,-105.51963,53.52,kilotonnes of carbon dioxide equivalents (kt CO2 eq),2023,Petroleum Refineries,https://www23.statcan.gc.ca/imdb/p3VD.pl?Function=getVD&TVD=1369825&CVD=1370970&CPV=324110&CST=27012022&CLV=5&MLV=5,https://climate-change.canada.ca/facility-emissions/GHGRP-G11049-2023.html,"http://indicators-map.canada.ca/App/Detail?id=0111049&GoCTemplateCulture=en-CA
"
11050,Peintures MF Inc.,Peintures MF Inc.,Laval,1605 Dagenais Boulevard West,H7L 5A3,Quebec,45.5948,-73.7563,0.06,kilotonnes of carbon dioxide equivalents (kt CO2 eq),2023,Paint and Coating Manufacturing,https://www23.statcan.gc.ca/imdb/p3VD.pl?Function=getVD&TVD=1369825&CVD=1370970&CPV=325510&CST=27012022&CLV=5&MLV=5,https://climate-change.canada.ca/facility-emissions/GHGRP-G11050-2023.html,"http://indicators-map.canada.ca/App/Detail?id=0111050&GoCTemplateCulture=en-CA
"
11051,HCE Energy Centre,HCE Energy Inc.,Hamilton,79 Bay Street North,L8R 3P8,Ontario,43.2608,-79.8732,5.13,kilotonnes of carbon dioxide equivalents (kt CO2 eq),2023,Steam and Air-Conditioning Supply,https://www23.statcan.gc.ca/imdb/p3VD.pl?Function=getVD&TVD=1369825&CVD=1370970&CPV=221330&CST=27012022&CLV=5&MLV=5,https://climate-change.canada.ca/facility-emissions/GHGRP-G11051-2023.html,"http://indicators-map.canada.ca/App/Detail?id=0111051&GoCTemplateCulture=en-CA
"
11052,Agropur Coopérative - Usine de Beauceville,Agropur Cooperative,Beauceville,75 Lambert,G5X 3N5,Quebec,46.2469,-70.8122,8.97,kilotonnes of carbon dioxide equivalents (kt CO2 eq),2023,"Butter, Cheese, and Dry and Condensed Dairy Products Manufacturing",https://www23.statcan.gc.ca/imdb/p3VD.pl?Function=getVD&TVD=1369825&CVD=1370970&CPV=311515&CST=27012022&CLV=5&MLV=5,https://climate-change.canada.ca/facility-emissions/GHGRP-G11052-2023.html,"http://indicators-map.canada.ca/App/Detail?id=0111052&GoCTemplateCulture=en-CA
"
11053,Agropur Coopérative - Usine de Granby,Agropur Cooperative,Granby,1100 Omer Deslauriers,J2G 8C9,Quebec,45.3936,-72.7794,19.01,kilotonnes of carbon dioxide equivalents (kt CO2 eq),2023,"Butter, Cheese, and Dry and Condensed Dairy Products Manufacturing",https://www23.statcan.gc.ca/imdb/p3VD.pl?Function=getVD&TVD=1369825&CVD=1370970&CPV=311515&CST=27012022&CLV=5&MLV=5,https://climate-change.canada.ca/facility-emissions/GHGRP-G11053-2023.html,"http://indicators-map.canada.ca/App/Detail?id=0111053&GoCTemplateCulture=en-CA
"
11054,Agropur Coopérative - Usine de Notre-Dame-du-Bon-Conseil,Agropur Cooperative,Notre Dame Du Bon Conseil,81 St-Félix Street,J0C 1A0,Quebec,46.0042,-72.3417,17.8,kilotonnes of carbon dioxide equivalents (kt CO2 eq),2023,"Butter, Cheese, and Dry and Condensed Dairy Products Manufacturing",https://www23.statcan.gc.ca/imdb/p3VD.pl?Function=getVD&TVD=1369825&CVD=1370970&CPV=311515&CST=27012022&CLV=5&MLV=5,https://climate-change.canada.ca/facility-emissions/GHGRP-G11054-2023.html,"http://indicators-map.canada.ca/App/Detail?id=0111054&GoCTemplateCulture=en-CA
"
11055,Agropur Coopérative - Usine de Plessisville,Agropur Cooperative,Plessisville,2400 de la coopérative,G6L 2Y6,Quebec,46.2228,-71.7601,11.6,kilotonnes of carbon dioxide equivalents (kt CO2 eq),2023,"Butter, Cheese, and Dry and Condensed Dairy Products Manufacturing",https://www23.statcan.gc.ca/imdb/p3VD.pl?Function=getVD&TVD=1369825&CVD=1370970&CPV=311515&CST=27012022&CLV=5&MLV=5,https://climate-change.canada.ca/facility-emissions/GHGRP-G11055-2023.html,"http://indicators-map.canada.ca/App/Detail?id=0111055&GoCTemplateCulture=en-CA
"
11056,Innisfail Plant,Johns Manville Canada Inc.,Innisfail,5301 42 Avenue,T4G 1A2,Alberta,52.0317,-113.9355,21.16,kilotonnes of carbon dioxide equivalents (kt CO2 eq),2023,Glass Manufacturing,https://www23.statcan.gc.ca/imdb/p3VD.pl?Function=getVD&TVD=1369825&CVD=1370970&CPV=327214&CST=27012022&CLV=5&MLV=5,https://climate-change.canada.ca/facility-emissions/GHGRP-G11056-2023.html,"http://indicators-map.canada.ca/App/Detail?id=0111056&GoCTemplateCulture=en-CA
"
11057,Waste Management Facility,City of Red Deer,Red Deer,1709 40th Avenue,T4R 3G6,Alberta,52.2232,-113.7823,51.86,kilotonnes of carbon dioxide equivalents (kt CO2 eq),2023,Waste Treatment and Disposal,https://www23.statcan.gc.ca/imdb/p3VD.pl?Function=getVD&TVD=1369825&CVD=1370970&CPV=562210&CST=27012022&CLV=5&MLV=5,https://climate-change.canada.ca/facility-emissions/GHGRP-G11057-2023.html,"http://indicators-map.canada.ca/App/Detail?id=0111057&GoCTemplateCulture=en-CA
"
11058,Main Campus,Dalhousie University,Halifax,1236 Henry Street,B3H 4R2,Nova Scotia,44.6367,-63.5878,20.36,kilotonnes of carbon dioxide equivalents (kt CO2 eq),2023,Universities,https://www23.statcan.gc.ca/imdb/p3VD.pl?Function=getVD&TVD=1369825&CVD=1370970&CPV=611310&CST=27012022&CLV=5&MLV=5,https://climate-change.canada.ca/facility-emissions/GHGRP-G11058-2023.html,"http://indicators-map.canada.ca/App/Detail?id=0111058&GoCTemplateCulture=en-CA
"
11059,FORMET INDUSTRIES,Magna International Inc,St Thomas,1 Cosma Court,N5P 4J5,Ontario,42.7812,-81.1539,26.8,kilotonnes of carbon dioxide equivalents (kt CO2 eq),2023,Other Motor Vehicle Parts Manufacturing,https://www23.statcan.gc.ca/imdb/p3VD.pl?Function=getVD&TVD=1369825&CVD=1370970&CPV=336390&CST=27012022&CLV=5&MLV=5,https://climate-change.canada.ca/facility-emissions/GHGRP-G11059-2023.html,"http://indicators-map.canada.ca/App/Detail?id=0111059&GoCTemplateCulture=en-CA
"
11060,Canadian General-Tower Ltd.,Canadian General-Tower Ltd.,Cambridge,52 Middleton Street,N1R 5T6,Ontario,43.3457,-80.3178,13.29,kilotonnes of carbon dioxide equivalents (kt CO2 eq),2023,Unsupported Plastic Film and Sheet Manufacturing,https://www23.statcan.gc.ca/imdb/p3VD.pl?Function=getVD&TVD=1369825&CVD=1370970&CPV=326114&CST=27012022&CLV=5&MLV=5,https://climate-change.canada.ca/facility-emissions/GHGRP-G11060-2023.html,"http://indicators-map.canada.ca/App/Detail?id=0111060&GoCTemplateCulture=en-CA
"
11064,CASCADES EMBALLAGE CARTON-CAISSE CABANO,Cascades Canada ULC,Temiscouata Sur Le Lac,520 Commerciale  North,G0L 1E0,Quebec,47.67,-68.8625,18.86,kilotonnes of carbon dioxide equivalents (kt CO2 eq),2023,Paper (except Newsprint) Mills,https://www23.statcan.gc.ca/imdb/p3VD.pl?Function=getVD&TVD=1369825&CVD=1370970&CPV=322121&CST=27012022&CLV=5&MLV=5,https://climate-change.canada.ca/facility-emissions/GHGRP-G11064-2023.html,"http://indicators-map.canada.ca/App/Detail?id=0111064&GoCTemplateCulture=en-CA
"
11066,CFB/ BFC Borden,DND/ MDN,Borden,Stn Main,L0M 1C0,Ontario,44.2973,-79.8969,19.57,kilotonnes of carbon dioxide equivalents (kt CO2 eq),2023,Defence Services,https://www23.statcan.gc.ca/imdb/p3VD.pl?Function=getVD&TVD=1369825&CVD=1370970&CPV=911110&CST=27012022&CLV=5&MLV=5,https://climate-change.canada.ca/facility-emissions/GHGRP-G11066-2023.html,"http://indicators-map.canada.ca/App/Detail?id=0111066&GoCTemplateCulture=en-CA
"
11067,Montreal Power House,Air Canada,Dorval,700 Vertu,H4S 1Y9,Quebec,45.4719,-73.7329,10.03,kilotonnes of carbon dioxide equivalents (kt CO2 eq),2023,Other Support Activities for Air Transportation,https://www23.statcan.gc.ca/imdb/p3VD.pl?Function=getVD&TVD=1369825&CVD=1370970&CPV=488190&CST=27012022&CLV=5&MLV=5,https://climate-change.canada.ca/facility-emissions/GHGRP-G11067-2023.html,"http://indicators-map.canada.ca/App/Detail?id=0111067&GoCTemplateCulture=en-CA
"
11068,Lethbridge,Richardson Oilseed Ltd.,Lethbridge,2415 2nd Avenue,T1J 3Y4,Alberta,49.7019,-112.8175,41.31,kilotonnes of carbon dioxide equivalents (kt CO2 eq),2023,Oilseed Processing,https://www23.statcan.gc.ca/imdb/p3VD.pl?Function=getVD&TVD=1369825&CVD=1370970&CPV=311224&CST=27012022&CLV=5&MLV=5,https://climate-change.canada.ca/facility-emissions/GHGRP-G11068-2023.html,"http://indicators-map.canada.ca/App/Detail?id=0111068&GoCTemplateCulture=en-CA
"
11069,Red Deer Regional Hospital Centre,Alberta  Health Services,Red Deer,3942 50 A Avenue,T4N 4E7,Alberta,52.2605,-113.8166,10.03,kilotonnes of carbon dioxide equivalents (kt CO2 eq),2023,General (except Paediatric) Hospitals,https://www23.statcan.gc.ca/imdb/p3VD.pl?Function=getVD&TVD=1369825&CVD=1370970&CPV=622111&CST=27012022&CLV=5&MLV=5,https://climate-change.canada.ca/facility-emissions/GHGRP-G11069-2023.html,"http://indicators-map.canada.ca/App/Detail?id=0111069&GoCTemplateCulture=en-CA
"
11070,ERCO Worldwide Saskatoon plant,ERCO Worldwide LP,Saskatoon,4050  Wanuskewin road Road North,S7P 0B4,Saskatchewan,52.2033,-106.6216,11.42,kilotonnes of carbon dioxide equivalents (kt CO2 eq),2023,Alkali and Chlorine Manufacturing,https://www23.statcan.gc.ca/imdb/p3VD.pl?Function=getVD&TVD=1369825&CVD=1370970&CPV=325181&CST=27012022&CLV=5&MLV=5,https://climate-change.canada.ca/facility-emissions/GHGRP-G11070-2023.html,"http://indicators-map.canada.ca/App/Detail?id=0111070&GoCTemplateCulture=en-CA
"
11072,5 WG/ 5 Esc Goose Bay,DND/ MDN,Goose Bay,271 Loring Drive,A0P 1S0,Newfoundland and Labrador,53.3149,-60.4175,17.37,kilotonnes of carbon dioxide equivalents (kt CO2 eq),2023,Defence Services,https://www23.statcan.gc.ca/imdb/p3VD.pl?Function=getVD&TVD=1369825&CVD=1370970&CPV=911110&CST=27012022&CLV=5&MLV=5,https://climate-change.canada.ca/facility-emissions/GHGRP-G11072-2023.html,"http://indicators-map.canada.ca/App/Detail?id=0111072&GoCTemplateCulture=en-CA
"
11073,Panolam Industries Ltd.,Panolam Industries Ltd.,Huntsville,61 Domtar Road,P1H 2J7,Ontario,45.2929,-79.3106,13.5,kilotonnes of carbon dioxide equivalents (kt CO2 eq),2023,Particle Board and Fibreboard Mills,https://www23.statcan.gc.ca/imdb/p3VD.pl?Function=getVD&TVD=1369825&CVD=1370970&CPV=321216&CST=27012022&CLV=5&MLV=5,https://climate-change.canada.ca/facility-emissions/GHGRP-G11073-2023.html,"http://indicators-map.canada.ca/App/Detail?id=0111073&GoCTemplateCulture=en-CA
"
11074,Hexion Canada Inc.- Edmonton Facility,Hexion Canada Inc.,Edmonton,12621 156th Street,T5V 1E1,Alberta,53.5823,-113.5886,16.5,kilotonnes of carbon dioxide equivalents (kt CO2 eq),2023,Resin and Synthetic Rubber Manufacturing,https://www23.statcan.gc.ca/imdb/p3VD.pl?Function=getVD&TVD=1369825&CVD=1370970&CPV=325210&CST=27012022&CLV=5&MLV=5,https://climate-change.canada.ca/facility-emissions/GHGRP-G11074-2023.html,"http://indicators-map.canada.ca/App/Detail?id=0111074&GoCTemplateCulture=en-CA
"
11075,Olymel s.e.c St-Esprit,Olymel S.E.C.,St Esprit,125 St-Isidore,J0K 2L0,Quebec,45.90593,-73.6614,18.13,kilotonnes of carbon dioxide equivalents (kt CO2 eq),2023,Animal (except Poultry) Slaughtering,https://www23.statcan.gc.ca/imdb/p3VD.pl?Function=getVD&TVD=1369825&CVD=1370970&CPV=311611&CST=27012022&CLV=5&MLV=5,https://climate-change.canada.ca/facility-emissions/GHGRP-G11075-2023.html,"http://indicators-map.canada.ca/App/Detail?id=0111075&GoCTemplateCulture=en-CA
"
11076,Maple Leaf Foods - Brandon,Maple Leaf Foods Inc.,Brandon,6355 Richmond Avenue,R7A 7M5,Manitoba,49.8321,-99.85493,24.5,kilotonnes of carbon dioxide equivalents (kt CO2 eq),2023,Hog slaughtering,https://www23.statcan.gc.ca/imdb/p3VD.pl?Function=getVD&TVD=1369825&CVD=1370970&CPV=311617&CST=27012022&CLV=5&MLV=5,https://climate-change.canada.ca/facility-emissions/GHGRP-G11076-2023.html,"http://indicators-map.canada.ca/App/Detail?id=0111076&GoCTemplateCulture=en-CA
"
11077,Valleyfield,National Silicates Partnership,Salaberry de Valleyfield,132 Fabre Street,J6S 4K9,Quebec,45.2692,-74.1132,23.04,kilotonnes of carbon dioxide equivalents (kt CO2 eq),2023,All Other Basic Inorganic Chemical Manufacturing,https://www23.statcan.gc.ca/imdb/p3VD.pl?Function=getVD&TVD=1369825&CVD=1370970&CPV=325189&CST=27012022&CLV=5&MLV=5,https://climate-change.canada.ca/facility-emissions/GHGRP-G11077-2023.html,"http://indicators-map.canada.ca/App/Detail?id=0111077&GoCTemplateCulture=en-CA
"
11079,Cargill High River Plant,Cargill Foods,High River,472 2A Highway Highway,T1V 1P4,Alberta,50.5837,-113.8711,45.62,kilotonnes of carbon dioxide equivalents (kt CO2 eq),2023,Beef cattle slaughtering,https://www23.statcan.gc.ca/imdb/p3VD.pl?Function=getVD&TVD=1369825&CVD=1370970&CPV=311616&CST=27012022&CLV=5&MLV=5,https://climate-change.canada.ca/facility-emissions/GHGRP-G11079-2023.html,"http://indicators-map.canada.ca/App/Detail?id=0111079&GoCTemplateCulture=en-CA
"
11080,Powerhouse,University of Manitoba,Winnipeg,33 MacLean Crescent,R3T 2N2,Manitoba,49.8071,-97.1324,30.84,kilotonnes of carbon dioxide equivalents (kt CO2 eq),2023,Universities,https://www23.statcan.gc.ca/imdb/p3VD.pl?Function=getVD&TVD=1369825&CVD=1370970&CPV=611310&CST=27012022&CLV=5&MLV=5,https://climate-change.canada.ca/facility-emissions/GHGRP-G11080-2023.html,"http://indicators-map.canada.ca/App/Detail?id=0111080&GoCTemplateCulture=en-CA
"
11081,Ingredion Canada Corporation,Ingredion Canada Corporation,Cardinal,4040 James Street,K0E 1E0,Ontario,44.785,-75.3767,90.04,kilotonnes of carbon dioxide equivalents (kt CO2 eq),2023,Wet Corn Milling,https://www23.statcan.gc.ca/imdb/p3VD.pl?Function=getVD&TVD=1369825&CVD=1370970&CPV=311221&CST=27012022&CLV=5&MLV=5,https://climate-change.canada.ca/facility-emissions/GHGRP-G11081-2023.html,"http://indicators-map.canada.ca/App/Detail?id=0111081&GoCTemplateCulture=en-CA
"
11082,G.E. Booth (Lakeview) Wastewater Treatment Facility,Ontario Clean Water Agency,Mississauga,1300 Lakeshore Road East,L5E 1E9,Ontario,43.5784,-79.5476,56.7,kilotonnes of carbon dioxide equivalents (kt CO2 eq),2023,Sewage Treatment Facilities,https://www23.statcan.gc.ca/imdb/p3VD.pl?Function=getVD&TVD=1369825&CVD=1370970&CPV=221320&CST=27012022&CLV=5&MLV=5,https://climate-change.canada.ca/facility-emissions/GHGRP-G11082-2023.html,"http://indicators-map.canada.ca/App/Detail?id=0111082&GoCTemplateCulture=en-CA
"
11084,Hartmann North America,Hartmann Canada Inc.,Brantford,58 Frank Street,N3T 5T6,Ontario,43.1441,-80.2963,15.4,kilotonnes of carbon dioxide equivalents (kt CO2 eq),2023,All Other Converted Paper Product Manufacturing,https://www23.statcan.gc.ca/imdb/p3VD.pl?Function=getVD&TVD=1369825&CVD=1370970&CPV=322299&CST=27012022&CLV=5&MLV=5,https://climate-change.canada.ca/facility-emissions/GHGRP-G11084-2023.html,"http://indicators-map.canada.ca/App/Detail?id=0111084&GoCTemplateCulture=en-CA
"
11085,Moose Jaw,PNA Partnership,Moose Jaw,603 High Street,S6H 4R3,Saskatchewan,50.3915,-105.5518,9.71,kilotonnes of carbon dioxide equivalents (kt CO2 eq),2023,Glass Product Manufacturing from Purchased Glass,https://www23.statcan.gc.ca/imdb/p3VD.pl?Function=getVD&TVD=1369825&CVD=1370970&CPV=327215&CST=27012022&CLV=5&MLV=5,https://climate-change.canada.ca/facility-emissions/GHGRP-G11085-2023.html,"http://indicators-map.canada.ca/App/Detail?id=0111085&GoCTemplateCulture=en-CA
"
11087,Tunney's Pasture Central Heating and Cooling Plant,Public Works and Government Services Canada,Ottawa,50 Chardon Drive,K1A 0M3,Ontario,45.4053,-75.7374,9.05,kilotonnes of carbon dioxide equivalents (kt CO2 eq),2023,Other Federal Government Public Administration,https://www23.statcan.gc.ca/imdb/p3VD.pl?Function=getVD&TVD=1369825&CVD=1370970&CPV=911910&CST=27012022&CLV=5&MLV=5,https://climate-change.canada.ca/facility-emissions/GHGRP-G11087-2023.html,"http://indicators-map.canada.ca/App/Detail?id=0111087&GoCTemplateCulture=en-CA
"
11088,Confederation Heights Central Heating and Cooling Plant,Public Works and Government Services Canada,Ottawa,501 Heron Road,K1A 0M3,Ontario,45.3774,-75.6848,4.96,kilotonnes of carbon dioxide equivalents (kt CO2 eq),2023,Other Federal Government Public Administration,https://www23.statcan.gc.ca/imdb/p3VD.pl?Function=getVD&TVD=1369825&CVD=1370970&CPV=911910&CST=27012022&CLV=5&MLV=5,https://climate-change.canada.ca/facility-emissions/GHGRP-G11088-2023.html,"http://indicators-map.canada.ca/App/Detail?id=0111088&GoCTemplateCulture=en-CA
"
11089,Sanimax Lom Inc.,Sanimax Lom Inc.,Montréal,9900 Maurice-Duplessis Boulevard,H1C 1G1,Quebec,45.65148,-73.55606,35.1,kilotonnes of carbon dioxide equivalents (kt CO2 eq),2023,Rendering and Meat Processing from Carcasses,https://www23.statcan.gc.ca/imdb/p3VD.pl?Function=getVD&TVD=1369825&CVD=1370970&CPV=311614&CST=27012022&CLV=5&MLV=5,https://climate-change.canada.ca/facility-emissions/GHGRP-G11089-2023.html,"http://indicators-map.canada.ca/App/Detail?id=0111089&GoCTemplateCulture=en-CA
"
11090,Usine Dorval,Bombardier Inc.,Dorval,500 Cote-Vertu,H4S 1Y9,Quebec,45.4744,-73.733,11.52,kilotonnes of carbon dioxide equivalents (kt CO2 eq),2023,Aerospace Product and Parts Manufacturing,https://www23.statcan.gc.ca/imdb/p3VD.pl?Function=getVD&TVD=1369825&CVD=1370970&CPV=336410&CST=27012022&CLV=5&MLV=5,https://climate-change.canada.ca/facility-emissions/GHGRP-G11090-2023.html,"http://indicators-map.canada.ca/App/Detail?id=0111090&GoCTemplateCulture=en-CA
"
11091,Valhalla 03-27-075-09W6 BTY,Whitecap Resources Inc.,Valhalla,N/A,N/A,Alberta,55.5203,-119.3153,23.55,kilotonnes of carbon dioxide equivalents (kt CO2 eq),2023,Oil and gas extraction (except oil sands),https://www23.statcan.gc.ca/imdb/p3VD.pl?Function=getVD&TVD=1369825&CVD=1370970&CPV=211110&CST=27012022&CLV=5&MLV=5,https://climate-change.canada.ca/facility-emissions/GHGRP-G11091-2023.html,"http://indicators-map.canada.ca/App/Detail?id=0111091&GoCTemplateCulture=en-CA
"
11092,Sonoco Brantford,Sonoco Canada Corporation,Brantford,33 Park Avenue,N3T 5T5,Ontario,43.134,-80.2467,19.35,kilotonnes of carbon dioxide equivalents (kt CO2 eq),2023,Paperboard Mills,https://www23.statcan.gc.ca/imdb/p3VD.pl?Function=getVD&TVD=1369825&CVD=1370970&CPV=322130&CST=27012022&CLV=5&MLV=5,https://climate-change.canada.ca/facility-emissions/GHGRP-G11092-2023.html,"http://indicators-map.canada.ca/App/Detail?id=0111092&GoCTemplateCulture=en-CA
"
11093,Halton Waste Management Site,Region Municipality of Halton,25 Milton,5400 Regional Road,L9E 0L2,Ontario,43.4727,-79.8337,94.56,kilotonnes of carbon dioxide equivalents (kt CO2 eq),2023,Waste Treatment and Disposal,https://www23.statcan.gc.ca/imdb/p3VD.pl?Function=getVD&TVD=1369825&CVD=1370970&CPV=562210&CST=27012022&CLV=5&MLV=5,https://climate-change.canada.ca/facility-emissions/GHGRP-G11093-2023.html,"http://indicators-map.canada.ca/App/Detail?id=0111093&GoCTemplateCulture=en-CA
"
11095,INFASCO,Ifastgroupe,Marieville,700 Ouellette,J3M 1P6,Quebec,45.431,-73.1673,15.25,kilotonnes of carbon dioxide equivalents (kt CO2 eq),2023,Cold-Rolled Steel Shape Manufacturing,https://www23.statcan.gc.ca/imdb/p3VD.pl?Function=getVD&TVD=1369825&CVD=1370970&CPV=331221&CST=27012022&CLV=5&MLV=5,https://climate-change.canada.ca/facility-emissions/GHGRP-G11095-2023.html,"http://indicators-map.canada.ca/App/Detail?id=0111095&GoCTemplateCulture=en-CA
"
11097,Rain Carbon Canada Inc.,Rain Carbon Canada Inc.,Hamilton,725 Strathearne Avenue North,L8H 5L3,Ontario,43.2603,-79.7914,29.23,kilotonnes of carbon dioxide equivalents (kt CO2 eq),2023,Other Basic Organic Chemical Manufacturing,https://www23.statcan.gc.ca/imdb/p3VD.pl?Function=getVD&TVD=1369825&CVD=1370970&CPV=325190&CST=27012022&CLV=5&MLV=5,https://climate-change.canada.ca/facility-emissions/GHGRP-G11097-2023.html,"http://indicators-map.canada.ca/App/Detail?id=0111097&GoCTemplateCulture=en-CA
"
11098,ArcelorMittal Coteau Du Lac Inc,ArcelorMittal Coteau Du Lac,Coteau Du Lac,25 de l'acier,J0P 1B0,Quebec,45.3333,-74.1667,12.58,kilotonnes of carbon dioxide equivalents (kt CO2 eq),2023,All Other Miscellaneous Manufacturing,https://www23.statcan.gc.ca/imdb/p3VD.pl?Function=getVD&TVD=1369825&CVD=1370970&CPV=339990&CST=27012022&CLV=5&MLV=5,https://climate-change.canada.ca/facility-emissions/GHGRP-G11098-2023.html,"http://indicators-map.canada.ca/App/Detail?id=0111098&GoCTemplateCulture=en-CA
"
11100,Trilogy Presley 03-29-059-19,Paramount Resources Ltd.,,,N/A,Alberta,54.1251,-116.8167,29.48,kilotonnes of carbon dioxide equivalents (kt CO2 eq),2023,Oil and gas extraction (except oil sands),https://www23.statcan.gc.ca/imdb/p3VD.pl?Function=getVD&TVD=1369825&CVD=1370970&CPV=211110&CST=27012022&CLV=5&MLV=5,https://climate-change.canada.ca/facility-emissions/GHGRP-G11100-2023.html,"http://indicators-map.canada.ca/App/Detail?id=0111100&GoCTemplateCulture=en-CA
"
11102,Goodyear Canada Inc.,Goodyear Canada Inc.,Napanee,388 Goodyear Road,K7R 3L2,Ontario,44.287,-76.9482,19.88,kilotonnes of carbon dioxide equivalents (kt CO2 eq),2023,Tire Manufacturing,https://www23.statcan.gc.ca/imdb/p3VD.pl?Function=getVD&TVD=1369825&CVD=1370970&CPV=326210&CST=27012022&CLV=5&MLV=5,https://climate-change.canada.ca/facility-emissions/GHGRP-G11102-2023.html,"http://indicators-map.canada.ca/App/Detail?id=0111102&GoCTemplateCulture=en-CA
"
11103,Kaiser Aluminum Canada Limited,Kaiser Aluminum Canada Limited,London,3021 Gore Road,N5V 5A9,Ontario,42.9862,-81.1408,18.62,kilotonnes of carbon dioxide equivalents (kt CO2 eq),2023,"Aluminum Rolling, Drawing, Extruding and Alloying",https://www23.statcan.gc.ca/imdb/p3VD.pl?Function=getVD&TVD=1369825&CVD=1370970&CPV=331317&CST=27012022&CLV=5&MLV=5,https://climate-change.canada.ca/facility-emissions/GHGRP-G11103-2023.html,"http://indicators-map.canada.ca/App/Detail?id=0111103&GoCTemplateCulture=en-CA
"
11104,Victoriaville,Lactalis Canada Inc.,Victoriaville,75 Pierre-Roux Boulevard East,G6T 1S8,Quebec,46.0663,-71.9706,24.37,kilotonnes of carbon dioxide equivalents (kt CO2 eq),2023,"Butter, Cheese, and Dry and Condensed Dairy Products Manufacturing",https://www23.statcan.gc.ca/imdb/p3VD.pl?Function=getVD&TVD=1369825&CVD=1370970&CPV=311515&CST=27012022&CLV=5&MLV=5,https://climate-change.canada.ca/facility-emissions/GHGRP-G11104-2023.html,"http://indicators-map.canada.ca/App/Detail?id=0111104&GoCTemplateCulture=en-CA
"
11105,Cargill Guelph Dunlop Facility,Cargill Limited,Guelph,165 Dunlop Drive,N1L 1P4,Ontario,43.55199,-80.20393,16.39,kilotonnes of carbon dioxide equivalents (kt CO2 eq),2023,Beef cattle slaughtering,https://www23.statcan.gc.ca/imdb/p3VD.pl?Function=getVD&TVD=1369825&CVD=1370970&CPV=311616&CST=27012022&CLV=5&MLV=5,https://climate-change.canada.ca/facility-emissions/GHGRP-G11105-2023.html,"http://indicators-map.canada.ca/App/Detail?id=0111105&GoCTemplateCulture=en-CA
"
11106,Strathcona Paper LP,Strathcona Paper GP Inc.,Napanee,77 County Road 16 Road,K7R 3L2,Ontario,44.30556,-76.90028,32.14,kilotonnes of carbon dioxide equivalents (kt CO2 eq),2023,Paperboard Mills,https://www23.statcan.gc.ca/imdb/p3VD.pl?Function=getVD&TVD=1369825&CVD=1370970&CPV=322130&CST=27012022&CLV=5&MLV=5,https://climate-change.canada.ca/facility-emissions/GHGRP-G11106-2023.html,"http://indicators-map.canada.ca/App/Detail?id=0111106&GoCTemplateCulture=en-CA
"
11107,Beiseker Compressor Station 04-15,Lynx Energy ULC,Beiseker,,N/A,Alberta,51.3881,-110.7725,15.75,kilotonnes of carbon dioxide equivalents (kt CO2 eq),2023,Oil and gas extraction (except oil sands),https://www23.statcan.gc.ca/imdb/p3VD.pl?Function=getVD&TVD=1369825&CVD=1370970&CPV=211110&CST=27012022&CLV=5&MLV=5,https://climate-change.canada.ca/facility-emissions/GHGRP-G11107-2023.html,"http://indicators-map.canada.ca/App/Detail?id=0111107&GoCTemplateCulture=en-CA
"
11108,Joffre Compressor Station 04-22,Lynx Energy ULC,Joffre,,N/A,Alberta,52.3629,-113.5349,11.51,kilotonnes of carbon dioxide equivalents (kt CO2 eq),2023,Oil and gas extraction (except oil sands),https://www23.statcan.gc.ca/imdb/p3VD.pl?Function=getVD&TVD=1369825&CVD=1370970&CPV=211110&CST=27012022&CLV=5&MLV=5,https://climate-change.canada.ca/facility-emissions/GHGRP-G11108-2023.html,"http://indicators-map.canada.ca/App/Detail?id=0111108&GoCTemplateCulture=en-CA
"
11109,LA CIE MATÉRIAUX DE CONSTRUCTION BP CANADA - Pont-Rouge,La Cie Matériaux de Construction BP Canada,Pont Rouge,420 Dupont,G3H 1S2,Quebec,46.7486,-71.7125,12.78,kilotonnes of carbon dioxide equivalents (kt CO2 eq),2023,Particle Board and Fibreboard Mills,https://www23.statcan.gc.ca/imdb/p3VD.pl?Function=getVD&TVD=1369825&CVD=1370970&CPV=321216&CST=27012022&CLV=5&MLV=5,https://climate-change.canada.ca/facility-emissions/GHGRP-G11109-2023.html,"http://indicators-map.canada.ca/App/Detail?id=0111109&GoCTemplateCulture=en-CA
"
11111,McCain Foods Coaldale FF plant,McCain Foods Canada Ltd.,Coaldale,,T1M 1N3,Alberta,49.75997,-112.4527,24.11,kilotonnes of carbon dioxide equivalents (kt CO2 eq),2023,Frozen Food Manufacturing,https://www23.statcan.gc.ca/imdb/p3VD.pl?Function=getVD&TVD=1369825&CVD=1370970&CPV=311410&CST=27012022&CLV=5&MLV=5,https://climate-change.canada.ca/facility-emissions/GHGRP-G11111-2023.html,"http://indicators-map.canada.ca/App/Detail?id=0111111&GoCTemplateCulture=en-CA
"
11112,Ferrier Comp Stn 09-03,Spartan Delta Corp.,Calgary,1500 308 4 Avenue Southwest,T2P 0H7,Alberta,52.7652,-115.359,74.84,kilotonnes of carbon dioxide equivalents (kt CO2 eq),2023,Oil and gas extraction (except oil sands),https://www23.statcan.gc.ca/imdb/p3VD.pl?Function=getVD&TVD=1369825&CVD=1370970&CPV=211110&CST=27012022&CLV=5&MLV=5,https://climate-change.canada.ca/facility-emissions/GHGRP-G11112-2023.html,"http://indicators-map.canada.ca/App/Detail?id=0111112&GoCTemplateCulture=en-CA
"
11113,Montreal Sulphur Plant,Suncor Energy Products Partnership,Montréal Est,11450 Cherrier,H1B 1A6,Quebec,45.6364,-73.5213,21.82,kilotonnes of carbon dioxide equivalents (kt CO2 eq),2023,All Other Basic Inorganic Chemical Manufacturing,https://www23.statcan.gc.ca/imdb/p3VD.pl?Function=getVD&TVD=1369825&CVD=1370970&CPV=325189&CST=27012022&CLV=5&MLV=5,https://climate-change.canada.ca/facility-emissions/GHGRP-G11113-2023.html,"http://indicators-map.canada.ca/App/Detail?id=0111113&GoCTemplateCulture=en-CA
"
11114,Portable Plant 020008,Border Paving Ltd.,Empress,,T0J 1E0,Alberta,50.9678,-110.0716,1.98,kilotonnes of carbon dioxide equivalents (kt CO2 eq),2023,"Highway, Street and Bridge Construction",https://www23.statcan.gc.ca/imdb/p3VD.pl?Function=getVD&TVD=1369825&CVD=1370970&CPV=237310&CST=27012022&CLV=5&MLV=5,https://climate-change.canada.ca/facility-emissions/GHGRP-G11114-2023.html,"http://indicators-map.canada.ca/App/Detail?id=0111114&GoCTemplateCulture=en-CA
"
11116,USINE MONTREAL,Lallemand Inc.,Montréal,1620 PRÉFONTAINE,H1W 2N8,Quebec,45.5389,-73.5447,14.06,kilotonnes of carbon dioxide equivalents (kt CO2 eq),2023,All Other Food Manufacturing,https://www23.statcan.gc.ca/imdb/p3VD.pl?Function=getVD&TVD=1369825&CVD=1370970&CPV=311990&CST=27012022&CLV=5&MLV=5,https://climate-change.canada.ca/facility-emissions/GHGRP-G11116-2023.html,"http://indicators-map.canada.ca/App/Detail?id=0111116&GoCTemplateCulture=en-CA
"
11119,MSC Toronto,Continuous Colour Coat Limited,Etobicoke,1430 Martin Grove Road,M9W 4Y1,Ontario,43.7167,-79.5833,10.43,kilotonnes of carbon dioxide equivalents (kt CO2 eq),2023,"Coating, Engraving, Heat Treating and Allied Activities",https://www23.statcan.gc.ca/imdb/p3VD.pl?Function=getVD&TVD=1369825&CVD=1370970&CPV=332810&CST=27012022&CLV=5&MLV=5,https://climate-change.canada.ca/facility-emissions/GHGRP-G11119-2023.html,"http://indicators-map.canada.ca/App/Detail?id=0111119&GoCTemplateCulture=en-CA
"
11120,8 WG/ 8 Esc Trenton,DND/ MDN,Astra,Room 305 74 Polaris Avenue,K0K 3W0,Ontario,44.11134,-77.54671,20.15,kilotonnes of carbon dioxide equivalents (kt CO2 eq),2023,Defence Services,https://www23.statcan.gc.ca/imdb/p3VD.pl?Function=getVD&TVD=1369825&CVD=1370970&CPV=911110&CST=27012022&CLV=5&MLV=5,https://climate-change.canada.ca/facility-emissions/GHGRP-G11120-2023.html,"http://indicators-map.canada.ca/App/Detail?id=0111120&GoCTemplateCulture=en-CA
"
11121,"Cochrane Sawmill, a division of West Fraser Mills Ltd.",Spray Lake Sawmills (1980) Ltd.,Cochrane,305 Griffin Road,T4C 2C4,Alberta,51.1778,-114.4593,10.62,kilotonnes of carbon dioxide equivalents (kt CO2 eq),2023,Wood Preservation,https://www23.statcan.gc.ca/imdb/p3VD.pl?Function=getVD&TVD=1369825&CVD=1370970&CPV=321114&CST=27012022&CLV=5&MLV=5,https://climate-change.canada.ca/facility-emissions/GHGRP-G11121-2023.html,"http://indicators-map.canada.ca/App/Detail?id=0111121&GoCTemplateCulture=en-CA
"
11122,CFB/ BFC Kingston,DND/ MDN,Kingston,11 Mercury Crescent,K7K 7B4,Ontario,44.2427,-76.4317,16.83,kilotonnes of carbon dioxide equivalents (kt CO2 eq),2023,Defence Services,https://www23.statcan.gc.ca/imdb/p3VD.pl?Function=getVD&TVD=1369825&CVD=1370970&CPV=911110&CST=27012022&CLV=5&MLV=5,https://climate-change.canada.ca/facility-emissions/GHGRP-G11122-2023.html,"http://indicators-map.canada.ca/App/Detail?id=0111122&GoCTemplateCulture=en-CA
"
11123,"Fabrication région Est, Sherbrooke",Produits Kruger Inc.,Sherbrooke,2888 Du Collège,J1M 1Z4,Quebec,45.36667,-71.85417,10.14,kilotonnes of carbon dioxide equivalents (kt CO2 eq),2023,Paper (except Newsprint) Mills,https://www23.statcan.gc.ca/imdb/p3VD.pl?Function=getVD&TVD=1369825&CVD=1370970&CPV=322121&CST=27012022&CLV=5&MLV=5,https://climate-change.canada.ca/facility-emissions/GHGRP-G11123-2023.html,"http://indicators-map.canada.ca/App/Detail?id=0111123&GoCTemplateCulture=en-CA
"
11124,Baycoat,"Dofasco Inc., Stelco Inc.",Hamilton,244 Lanark Street,L8N 3K7,Ontario,43.2428,-79.7503,32.25,kilotonnes of carbon dioxide equivalents (kt CO2 eq),2023,"Coating, Engraving, Heat Treating and Allied Activities",https://www23.statcan.gc.ca/imdb/p3VD.pl?Function=getVD&TVD=1369825&CVD=1370970&CPV=332810&CST=27012022&CLV=5&MLV=5,https://climate-change.canada.ca/facility-emissions/GHGRP-G11124-2023.html,"http://indicators-map.canada.ca/App/Detail?id=0111124&GoCTemplateCulture=en-CA
"
11125,Sanimax ACI,Sanimax ACI,Lévis,2001 de la Rotonde,G6X 3R4,Quebec,46.7044,-71.2722,23.61,kilotonnes of carbon dioxide equivalents (kt CO2 eq),2023,Rendering and Meat Processing from Carcasses,https://www23.statcan.gc.ca/imdb/p3VD.pl?Function=getVD&TVD=1369825&CVD=1370970&CPV=311614&CST=27012022&CLV=5&MLV=5,https://climate-change.canada.ca/facility-emissions/GHGRP-G11125-2023.html,"http://indicators-map.canada.ca/App/Detail?id=0111125&GoCTemplateCulture=en-CA
"
11126,WINDSOR ALUMINUM PLANT,Nemak of Canada Corp.,Windsor,4600 G.N. Booth Drive,N9C 4G8,Ontario,42.2761,-83.0851,0.29,kilotonnes of carbon dioxide equivalents (kt CO2 eq),2023,Non-Ferrous Foundries (except Die-Casting),https://www23.statcan.gc.ca/imdb/p3VD.pl?Function=getVD&TVD=1369825&CVD=1370970&CPV=331529&CST=27012022&CLV=5&MLV=5,https://climate-change.canada.ca/facility-emissions/GHGRP-G11126-2023.html,"http://indicators-map.canada.ca/App/Detail?id=0111126&GoCTemplateCulture=en-CA
"
11127,4 WG/ 4 Esc Cold Lake,DND/ MDN,Cold Lake,1 Skyline Road,T9M 2C6,Alberta,54.4077,-110.2778,27.32,kilotonnes of carbon dioxide equivalents (kt CO2 eq),2023,Defence Services,https://www23.statcan.gc.ca/imdb/p3VD.pl?Function=getVD&TVD=1369825&CVD=1370970&CPV=911110&CST=27012022&CLV=5&MLV=5,https://climate-change.canada.ca/facility-emissions/GHGRP-G11127-2023.html,"http://indicators-map.canada.ca/App/Detail?id=0111127&GoCTemplateCulture=en-CA
"
11128,Sivaco Québec,Groupe des tréfileries Sivaco 2004,Marieville,800 Ouellette,J3M 1P5,Quebec,45.4372,-73.1676,11.1,kilotonnes of carbon dioxide equivalents (kt CO2 eq),2023,Steel Wire Drawing,https://www23.statcan.gc.ca/imdb/p3VD.pl?Function=getVD&TVD=1369825&CVD=1370970&CPV=331222&CST=27012022&CLV=5&MLV=5,https://climate-change.canada.ca/facility-emissions/GHGRP-G11128-2023.html,"http://indicators-map.canada.ca/App/Detail?id=0111128&GoCTemplateCulture=en-CA
"
11129,Welland Plant,Cytec Canada Inc.,Niagara Falls,9061 Garner Road,L2H 0Y2,Ontario,43.0472,-79.1583,30.92,kilotonnes of carbon dioxide equivalents (kt CO2 eq),2023,All Other Miscellaneous Chemical Product Manufacturing,https://www23.statcan.gc.ca/imdb/p3VD.pl?Function=getVD&TVD=1369825&CVD=1370970&CPV=325999&CST=27012022&CLV=5&MLV=5,https://climate-change.canada.ca/facility-emissions/GHGRP-G11129-2023.html,"http://indicators-map.canada.ca/App/Detail?id=0111129&GoCTemplateCulture=en-CA
"
11130,Swan Hills Treatment Center,Veolia Waste Services Alberta Inc.,Swan Hills,10000 Chrystina Lake Road,T0G 2C0,Alberta,54.77051,-115.21537,29.15,kilotonnes of carbon dioxide equivalents (kt CO2 eq),2023,Waste Treatment and Disposal,https://www23.statcan.gc.ca/imdb/p3VD.pl?Function=getVD&TVD=1369825&CVD=1370970&CPV=562210&CST=27012022&CLV=5&MLV=5,https://climate-change.canada.ca/facility-emissions/GHGRP-G11130-2023.html,"http://indicators-map.canada.ca/App/Detail?id=0111130&GoCTemplateCulture=en-CA
"
11132,CAMI Assembly Plant,General Motors of Canada Company,Ingersoll,300 Ingersoll Street,N5C 4A6,Ontario,43.0208,-80.8872,11.61,kilotonnes of carbon dioxide equivalents (kt CO2 eq),2023,Automobile and Light-Duty Motor Vehicle Manufacturing,https://www23.statcan.gc.ca/imdb/p3VD.pl?Function=getVD&TVD=1369825&CVD=1370970&CPV=336110&CST=27012022&CLV=5&MLV=5,https://climate-change.canada.ca/facility-emissions/GHGRP-G11132-2023.html,"http://indicators-map.canada.ca/App/Detail?id=0111132&GoCTemplateCulture=en-CA
"
11133,3M BROCKVILLE 501,3M Canada Company,Brockville,60 California Avenue,K6V 5W1,Ontario,44.6131,-75.6951,13.28,kilotonnes of carbon dioxide equivalents (kt CO2 eq),2023,Paper Bag and Coated and Treated Paper Manufacturing,https://www23.statcan.gc.ca/imdb/p3VD.pl?Function=getVD&TVD=1369825&CVD=1370970&CPV=322220&CST=27012022&CLV=5&MLV=5,https://climate-change.canada.ca/facility-emissions/GHGRP-G11133-2023.html,"http://indicators-map.canada.ca/App/Detail?id=0111133&GoCTemplateCulture=en-CA
"
11134,Queen's University - Kingston Main Campus,Queen's University at Kingston,Kingston,99 University Avenue,K7L 3N6,Ontario,44.2237,-76.499,40.92,kilotonnes of carbon dioxide equivalents (kt CO2 eq),2023,Universities,https://www23.statcan.gc.ca/imdb/p3VD.pl?Function=getVD&TVD=1369825&CVD=1370970&CPV=611310&CST=27012022&CLV=5&MLV=5,https://climate-change.canada.ca/facility-emissions/GHGRP-G11134-2023.html,"http://indicators-map.canada.ca/App/Detail?id=0111134&GoCTemplateCulture=en-CA
"
11135,Portage la Prairie,Simplot Canada (II) Ltd.,Portage La Prairie,highway #1 and Simplot Road Highway West,R1N 3A4,Manitoba,49.9721,-98.3943,63.37,kilotonnes of carbon dioxide equivalents (kt CO2 eq),2023,Frozen Food Manufacturing,https://www23.statcan.gc.ca/imdb/p3VD.pl?Function=getVD&TVD=1369825&CVD=1370970&CPV=311410&CST=27012022&CLV=5&MLV=5,https://climate-change.canada.ca/facility-emissions/GHGRP-G11135-2023.html,"http://indicators-map.canada.ca/App/Detail?id=0111135&GoCTemplateCulture=en-CA
"
11136,MCCAIN FOODS (CANADA) - PORTAGE LA PRAIRIE,McCain Foods Canada Ltd.,Portage La Prairie,1 McCain Avenue,R1N 3B5,Manitoba,49.9926,-98.1977,33.01,kilotonnes of carbon dioxide equivalents (kt CO2 eq),2023,Frozen Food Manufacturing,https://www23.statcan.gc.ca/imdb/p3VD.pl?Function=getVD&TVD=1369825&CVD=1370970&CPV=311410&CST=27012022&CLV=5&MLV=5,https://climate-change.canada.ca/facility-emissions/GHGRP-G11136-2023.html,"http://indicators-map.canada.ca/App/Detail?id=0111136&GoCTemplateCulture=en-CA
"
11139,Galloway Gas Plant 12-05-054-20W5,Cenovus Energy Inc.,Edson,,N/A,Alberta,53.6359,-116.9318,22.66,kilotonnes of carbon dioxide equivalents (kt CO2 eq),2023,Oil and gas extraction (except oil sands),https://www23.statcan.gc.ca/imdb/p3VD.pl?Function=getVD&TVD=1369825&CVD=1370970&CPV=211110&CST=27012022&CLV=5&MLV=5,https://climate-change.canada.ca/facility-emissions/GHGRP-G11139-2023.html,"http://indicators-map.canada.ca/App/Detail?id=0111139&GoCTemplateCulture=en-CA
"
11140,CKF - HANTSPORT,CKF Inc.,Hantsport,48 Prince Street,B0P 1P0,Nova Scotia,45.0647,-64.1719,10.99,kilotonnes of carbon dioxide equivalents (kt CO2 eq),2023,All Other Converted Paper Product Manufacturing,https://www23.statcan.gc.ca/imdb/p3VD.pl?Function=getVD&TVD=1369825&CVD=1370970&CPV=322299&CST=27012022&CLV=5&MLV=5,https://climate-change.canada.ca/facility-emissions/GHGRP-G11140-2023.html,"http://indicators-map.canada.ca/App/Detail?id=0111140&GoCTemplateCulture=en-CA
"
11142,MCMASTER UNIVERSITY,McMaster University,Hamilton,Suite 20 1280 Main Street West,L8S 4M3,Ontario,43.2609,-79.9194,42.12,kilotonnes of carbon dioxide equivalents (kt CO2 eq),2023,Universities,https://www23.statcan.gc.ca/imdb/p3VD.pl?Function=getVD&TVD=1369825&CVD=1370970&CPV=611310&CST=27012022&CLV=5&MLV=5,https://climate-change.canada.ca/facility-emissions/GHGRP-G11142-2023.html,"http://indicators-map.canada.ca/App/Detail?id=0111142&GoCTemplateCulture=en-CA
"
11143,Rowley Gas Plant 04-09-031-20W4,Pine Cliff Energy Ltd.,Morrin,,N/A,Alberta,51.6354,-112.7926,5.68,kilotonnes of carbon dioxide equivalents (kt CO2 eq),2023,Oil and gas extraction (except oil sands),https://www23.statcan.gc.ca/imdb/p3VD.pl?Function=getVD&TVD=1369825&CVD=1370970&CPV=211110&CST=27012022&CLV=5&MLV=5,https://climate-change.canada.ca/facility-emissions/GHGRP-G11143-2023.html,"http://indicators-map.canada.ca/App/Detail?id=0111143&GoCTemplateCulture=en-CA
"
11144,Stolberg Dehy 02-03-041-14W5,Tidewater Midstream and Infrastructure Ltd.,Nordegg,,N/A,Alberta,52.4936,-115.935,18.54,kilotonnes of carbon dioxide equivalents (kt CO2 eq),2023,Oil and gas extraction (except oil sands),https://www23.statcan.gc.ca/imdb/p3VD.pl?Function=getVD&TVD=1369825&CVD=1370970&CPV=211110&CST=27012022&CLV=5&MLV=5,https://climate-change.canada.ca/facility-emissions/GHGRP-G11144-2023.html,"http://indicators-map.canada.ca/App/Detail?id=0111144&GoCTemplateCulture=en-CA
"
11150,Glen Ewen Sour Gas Plant 05-14,Steel Reef Infrastructure Corp.,Glen Ewen,LSD 05-14-003-01 W2M,S0C 1C0,Saskatchewan,49.2081,-102.0484,13,kilotonnes of carbon dioxide equivalents (kt CO2 eq),2023,Oil and gas extraction (except oil sands),https://www23.statcan.gc.ca/imdb/p3VD.pl?Function=getVD&TVD=1369825&CVD=1370970&CPV=211110&CST=27012022&CLV=5&MLV=5,https://climate-change.canada.ca/facility-emissions/GHGRP-G11150-2023.html,"http://indicators-map.canada.ca/App/Detail?id=0111150&GoCTemplateCulture=en-CA
"
11151,Formica Canada Inc,Formica Canada Inc.,Saint Jean Sur Richelieu,25 mercier,J3B 6E9,Quebec,45.3123,-73.2598,13.2,kilotonnes of carbon dioxide equivalents (kt CO2 eq),2023,"Laminated Plastic Plate, Sheet and Shape Manufacturing",https://www23.statcan.gc.ca/imdb/p3VD.pl?Function=getVD&TVD=1369825&CVD=1370970&CPV=326130&CST=27012022&CLV=5&MLV=5,https://climate-change.canada.ca/facility-emissions/GHGRP-G11151-2023.html,"http://indicators-map.canada.ca/App/Detail?id=0111151&GoCTemplateCulture=en-CA
"
11153,G/BS 3 DIV Edmonton Garrison Suffield,DND/ MDN,Ralston,393 Highway #884,T1A 8K8,Alberta,50.4436,-110.8825,12,kilotonnes of carbon dioxide equivalents (kt CO2 eq),2023,Defence Services,https://www23.statcan.gc.ca/imdb/p3VD.pl?Function=getVD&TVD=1369825&CVD=1370970&CPV=911110&CST=27012022&CLV=5&MLV=5,https://climate-change.canada.ca/facility-emissions/GHGRP-G11153-2023.html,"http://indicators-map.canada.ca/App/Detail?id=0111153&GoCTemplateCulture=en-CA
"
11155,LRE - Donnelly Gas Plant 06-01,Long Run Exploration Ltd,,,N/A,Alberta,55.6405,-117.1193,11.25,kilotonnes of carbon dioxide equivalents (kt CO2 eq),2023,Oil and gas extraction (except oil sands),https://www23.statcan.gc.ca/imdb/p3VD.pl?Function=getVD&TVD=1369825&CVD=1370970&CPV=211110&CST=27012022&CLV=5&MLV=5,https://climate-change.canada.ca/facility-emissions/GHGRP-G11155-2023.html,"http://indicators-map.canada.ca/App/Detail?id=0111155&GoCTemplateCulture=en-CA
"
11156,Gimli Plant,Diageo Canada Inc.,Gimli,19107 Seagram Road,R0C 1B0,Manitoba,50.655,-97.0026,29.08,kilotonnes of carbon dioxide equivalents (kt CO2 eq),2023,Distilleries,https://www23.statcan.gc.ca/imdb/p3VD.pl?Function=getVD&TVD=1369825&CVD=1370970&CPV=312140&CST=27012022&CLV=5&MLV=5,https://climate-change.canada.ca/facility-emissions/GHGRP-G11156-2023.html,"http://indicators-map.canada.ca/App/Detail?id=0111156&GoCTemplateCulture=en-CA
"
11158,"Kimberly Clark, Huntsville Mill",Kimberly-Clark Inc.,Huntsville,570 Ravenscliffe Road,P1H 2A1,Ontario,45.3463,-79.2426,16.89,kilotonnes of carbon dioxide equivalents (kt CO2 eq),2023,Paper (except Newsprint) Mills,https://www23.statcan.gc.ca/imdb/p3VD.pl?Function=getVD&TVD=1369825&CVD=1370970&CPV=322121&CST=27012022&CLV=5&MLV=5,https://climate-change.canada.ca/facility-emissions/GHGRP-G11158-2023.html,"http://indicators-map.canada.ca/App/Detail?id=0111158&GoCTemplateCulture=en-CA
"
11159,Warden Energy Centre,Markham District Energy Inc.,Markham,8080 Warden Avenue,L6G 1B4,Ontario,43.8469,-79.3333,25.18,kilotonnes of carbon dioxide equivalents (kt CO2 eq),2023,Steam and Air-Conditioning Supply,https://www23.statcan.gc.ca/imdb/p3VD.pl?Function=getVD&TVD=1369825&CVD=1370970&CPV=221330&CST=27012022&CLV=5&MLV=5,https://climate-change.canada.ca/facility-emissions/GHGRP-G11159-2023.html,"http://indicators-map.canada.ca/App/Detail?id=0111159&GoCTemplateCulture=en-CA
"
11161,Foothills Medical Centre,Alberta  Health Services,Calgary,1403 29th Street Northwest,T2N 2T9,Alberta,51.0651,-114.1305,53.87,kilotonnes of carbon dioxide equivalents (kt CO2 eq),2023,General (except Paediatric) Hospitals,https://www23.statcan.gc.ca/imdb/p3VD.pl?Function=getVD&TVD=1369825&CVD=1370970&CPV=622111&CST=27012022&CLV=5&MLV=5,https://climate-change.canada.ca/facility-emissions/GHGRP-G11161-2023.html,"http://indicators-map.canada.ca/App/Detail?id=0111161&GoCTemplateCulture=en-CA
"
11162,North Sheridan Landfill Site (Closed),Region of Peel,Mississauga,1875 North Sheridan Way,L5K 1S5,Ontario,43.5306,-79.6454,27.31,kilotonnes of carbon dioxide equivalents (kt CO2 eq),2023,Waste Collection,https://www23.statcan.gc.ca/imdb/p3VD.pl?Function=getVD&TVD=1369825&CVD=1370970&CPV=562110&CST=27012022&CLV=5&MLV=5,https://climate-change.canada.ca/facility-emissions/GHGRP-G11162-2023.html,"http://indicators-map.canada.ca/App/Detail?id=0111162&GoCTemplateCulture=en-CA
"
11164,Waterton Complex - Compressor Station W,PIERIDAE ALBERTA PRODUCTION LTD.,Pincher Creek,,T0K 1W0,Alberta,49.4889,-113.9551,20.05,kilotonnes of carbon dioxide equivalents (kt CO2 eq),2023,Oil and gas extraction (except oil sands),https://www23.statcan.gc.ca/imdb/p3VD.pl?Function=getVD&TVD=1369825&CVD=1370970&CPV=211110&CST=27012022&CLV=5&MLV=5,https://climate-change.canada.ca/facility-emissions/GHGRP-G11164-2023.html,"http://indicators-map.canada.ca/App/Detail?id=0111164&GoCTemplateCulture=en-CA
"
11165,BLIND RIVER REFINERY,Cameco Corporation,Blind River,328 Eldorado Road Northwest,P0R 1B0,Ontario,46.1799,-83.0172,15.08,kilotonnes of carbon dioxide equivalents (kt CO2 eq),2023,All Other Basic Inorganic Chemical Manufacturing,https://www23.statcan.gc.ca/imdb/p3VD.pl?Function=getVD&TVD=1369825&CVD=1370970&CPV=325189&CST=27012022&CLV=5&MLV=5,https://climate-change.canada.ca/facility-emissions/GHGRP-G11165-2023.html,"http://indicators-map.canada.ca/App/Detail?id=0111165&GoCTemplateCulture=en-CA
"
11166,Lindbergh Custom Treating Facility,Canadian Natural Resources Limited,Bonnyville,,T9N 2H4,Alberta,53.74564,-110.7513,13.52,kilotonnes of carbon dioxide equivalents (kt CO2 eq),2023,Oil and gas extraction (except oil sands),https://www23.statcan.gc.ca/imdb/p3VD.pl?Function=getVD&TVD=1369825&CVD=1370970&CPV=211110&CST=27012022&CLV=5&MLV=5,https://climate-change.canada.ca/facility-emissions/GHGRP-G11166-2023.html,"http://indicators-map.canada.ca/App/Detail?id=0111166&GoCTemplateCulture=en-CA
"
11167,LA BRASSERIE LABATT,Labatt Brewing Company Ltd,Lasalle,50 Labatt,H8R 3E7,Quebec,45.4255,-73.6447,5.89,kilotonnes of carbon dioxide equivalents (kt CO2 eq),2023,Breweries,https://www23.statcan.gc.ca/imdb/p3VD.pl?Function=getVD&TVD=1369825&CVD=1370970&CPV=312120&CST=27012022&CLV=5&MLV=5,https://climate-change.canada.ca/facility-emissions/GHGRP-G11167-2023.html,"http://indicators-map.canada.ca/App/Detail?id=0111167&GoCTemplateCulture=en-CA
"
11168,Niton Sweet Gas Plant,Cenovus Energy Inc.,Edson,5904 3 Avenue,T7E 1R8,Alberta,53.6702,-115.76161,15.42,kilotonnes of carbon dioxide equivalents (kt CO2 eq),2023,Oil and gas extraction (except oil sands),https://www23.statcan.gc.ca/imdb/p3VD.pl?Function=getVD&TVD=1369825&CVD=1370970&CPV=211110&CST=27012022&CLV=5&MLV=5,https://climate-change.canada.ca/facility-emissions/GHGRP-G11168-2023.html,"http://indicators-map.canada.ca/App/Detail?id=0111168&GoCTemplateCulture=en-CA
"
11171,WASTEWATER TREATMENT PLANT,City of Saskatoon,Saskatoon,470 Whiteswan Drive,S7K 6Z7,Saskatchewan,52.1827,-106.606,18.28,kilotonnes of carbon dioxide equivalents (kt CO2 eq),2023,Sewage Treatment Facilities,https://www23.statcan.gc.ca/imdb/p3VD.pl?Function=getVD&TVD=1369825&CVD=1370970&CPV=221320&CST=27012022&CLV=5&MLV=5,https://climate-change.canada.ca/facility-emissions/GHGRP-G11171-2023.html,"http://indicators-map.canada.ca/App/Detail?id=0111171&GoCTemplateCulture=en-CA
"
11172,Toyota Motor Manufacturing Canada Inc. (Woodstock),Toyota Motor Manufacturing Canada Inc.,Woodstock,1717 Dundas Street,N4S 0A4,Ontario,43.1407,-80.6933,30.73,kilotonnes of carbon dioxide equivalents (kt CO2 eq),2023,Automobile and Light-Duty Motor Vehicle Manufacturing,https://www23.statcan.gc.ca/imdb/p3VD.pl?Function=getVD&TVD=1369825&CVD=1370970&CPV=336110&CST=27012022&CLV=5&MLV=5,https://climate-change.canada.ca/facility-emissions/GHGRP-G11172-2023.html,"http://indicators-map.canada.ca/App/Detail?id=0111172&GoCTemplateCulture=en-CA
"
11173,BUNGE CANADA - ALTONA PLANT,Bunge Canada,Altona,280 2nd Street Northwest,R0G 0B0,Manitoba,49.1108,-97.5607,40.11,kilotonnes of carbon dioxide equivalents (kt CO2 eq),2023,Oilseed Processing,https://www23.statcan.gc.ca/imdb/p3VD.pl?Function=getVD&TVD=1369825&CVD=1370970&CPV=311224&CST=27012022&CLV=5&MLV=5,https://climate-change.canada.ca/facility-emissions/GHGRP-G11173-2023.html,"http://indicators-map.canada.ca/App/Detail?id=0111173&GoCTemplateCulture=en-CA
"
11174,BUNGE CANADA - FORT SASKATCHEWAN PLANT,Bunge Canada,Sturgeon County,55035 SH 825,T8L 5G3,Alberta,53.7275,-113.2414,14.8,kilotonnes of carbon dioxide equivalents (kt CO2 eq),2023,Oilseed Processing,https://www23.statcan.gc.ca/imdb/p3VD.pl?Function=getVD&TVD=1369825&CVD=1370970&CPV=311224&CST=27012022&CLV=5&MLV=5,https://climate-change.canada.ca/facility-emissions/GHGRP-G11174-2023.html,"http://indicators-map.canada.ca/App/Detail?id=0111174&GoCTemplateCulture=en-CA
"
11175,BUNGE CANADA - HARROWBY PLANT,Bunge Canada,Russell,Highway 16 Highway West,R0J 1W0,Manitoba,50.7555,-101.4522,31.93,kilotonnes of carbon dioxide equivalents (kt CO2 eq),2023,Oilseed Processing,https://www23.statcan.gc.ca/imdb/p3VD.pl?Function=getVD&TVD=1369825&CVD=1370970&CPV=311224&CST=27012022&CLV=5&MLV=5,https://climate-change.canada.ca/facility-emissions/GHGRP-G11175-2023.html,"http://indicators-map.canada.ca/App/Detail?id=0111175&GoCTemplateCulture=en-CA
"
11176,Papeterie de Dolbeau,Produits forestiers Résolu,Dolbeau Mistassini,1 4ième Avenue,G8L 2R4,Quebec,48.8791,-72.2189,14.47,kilotonnes of carbon dioxide equivalents (kt CO2 eq),2023,Paper (except Newsprint) Mills,https://www23.statcan.gc.ca/imdb/p3VD.pl?Function=getVD&TVD=1369825&CVD=1370970&CPV=322121&CST=27012022&CLV=5&MLV=5,https://climate-change.canada.ca/facility-emissions/GHGRP-G11176-2023.html,"http://indicators-map.canada.ca/App/Detail?id=0111176&GoCTemplateCulture=en-CA
"
11177,Sturgeon 13-07-069-24-W5 GP,Whitecap Resources Inc.,Sturgeon Lake,,N/A,Alberta,54.9636,-117.6707,13.12,kilotonnes of carbon dioxide equivalents (kt CO2 eq),2023,Oil and gas extraction (except oil sands),https://www23.statcan.gc.ca/imdb/p3VD.pl?Function=getVD&TVD=1369825&CVD=1370970&CPV=211110&CST=27012022&CLV=5&MLV=5,https://climate-change.canada.ca/facility-emissions/GHGRP-G11177-2023.html,"http://indicators-map.canada.ca/App/Detail?id=0111177&GoCTemplateCulture=en-CA
"
11179,JCWP 7-6,Conifer Energy Inc.,Swan Hills,,N/A,Alberta,54.5037,-115.4878,37.81,kilotonnes of carbon dioxide equivalents (kt CO2 eq),2023,Oil and gas extraction (except oil sands),https://www23.statcan.gc.ca/imdb/p3VD.pl?Function=getVD&TVD=1369825&CVD=1370970&CPV=211110&CST=27012022&CLV=5&MLV=5,https://climate-change.canada.ca/facility-emissions/GHGRP-G11179-2023.html,"http://indicators-map.canada.ca/App/Detail?id=0111179&GoCTemplateCulture=en-CA
"
11180,Westerose Comp Stn 11-09,Bonavista Energy Corporation,Na,N/A,N/A,Alberta,52.7776,-114.2343,19.73,kilotonnes of carbon dioxide equivalents (kt CO2 eq),2023,Oil and gas extraction (except oil sands),https://www23.statcan.gc.ca/imdb/p3VD.pl?Function=getVD&TVD=1369825&CVD=1370970&CPV=211110&CST=27012022&CLV=5&MLV=5,https://climate-change.canada.ca/facility-emissions/GHGRP-G11180-2023.html,"http://indicators-map.canada.ca/App/Detail?id=0111180&GoCTemplateCulture=en-CA
"
11181,LRE - Cherhill Gas Plant 02-25,Long Run Exploration Ltd,Na,,N/A,Alberta,53.8615,-114.7561,10.11,kilotonnes of carbon dioxide equivalents (kt CO2 eq),2023,Oil and gas extraction (except oil sands),https://www23.statcan.gc.ca/imdb/p3VD.pl?Function=getVD&TVD=1369825&CVD=1370970&CPV=211110&CST=27012022&CLV=5&MLV=5,https://climate-change.canada.ca/facility-emissions/GHGRP-G11181-2023.html,"http://indicators-map.canada.ca/App/Detail?id=0111181&GoCTemplateCulture=en-CA
"
11183,Beartrap Custom Treating Facility,Canadian Natural Resources Limited,Bonnyville,,T9N 2H4,Alberta,54.1898,-110.5058,14.02,kilotonnes of carbon dioxide equivalents (kt CO2 eq),2023,Oil and gas extraction (except oil sands),https://www23.statcan.gc.ca/imdb/p3VD.pl?Function=getVD&TVD=1369825&CVD=1370970&CPV=211110&CST=27012022&CLV=5&MLV=5,https://climate-change.canada.ca/facility-emissions/GHGRP-G11183-2023.html,"http://indicators-map.canada.ca/App/Detail?id=0111183&GoCTemplateCulture=en-CA
"
11186,BUNGE CANADA - NIPAWIN PLANT,Bunge Canada,Nipawin,35 Highway South,S0E 1E0,Saskatchewan,53.3252,-104.027,32.51,kilotonnes of carbon dioxide equivalents (kt CO2 eq),2023,Oilseed Processing,https://www23.statcan.gc.ca/imdb/p3VD.pl?Function=getVD&TVD=1369825&CVD=1370970&CPV=311224&CST=27012022&CLV=5&MLV=5,https://climate-change.canada.ca/facility-emissions/GHGRP-G11186-2023.html,"http://indicators-map.canada.ca/App/Detail?id=0111186&GoCTemplateCulture=en-CA
"
11187,North East Station 7-15,City of Medicine Hat,Cypress County,208 Range 52A Road West,T0K 1Z0,Alberta,50.0844,-110.607,14.17,kilotonnes of carbon dioxide equivalents (kt CO2 eq),2023,Oil and gas extraction (except oil sands),https://www23.statcan.gc.ca/imdb/p3VD.pl?Function=getVD&TVD=1369825&CVD=1370970&CPV=211110&CST=27012022&CLV=5&MLV=5,https://climate-change.canada.ca/facility-emissions/GHGRP-G11187-2023.html,"http://indicators-map.canada.ca/App/Detail?id=0111187&GoCTemplateCulture=en-CA
"
11190,Clearhills 16-11-088-13 W6M,Canadian Natural Resources Limited,Fairview,10924 92 Avenue,T0H 1L0,Alberta,56.6227,-119.9466,15.17,kilotonnes of carbon dioxide equivalents (kt CO2 eq),2023,Oil and gas extraction (except oil sands),https://www23.statcan.gc.ca/imdb/p3VD.pl?Function=getVD&TVD=1369825&CVD=1370970&CPV=211110&CST=27012022&CLV=5&MLV=5,https://climate-change.canada.ca/facility-emissions/GHGRP-G11190-2023.html,"http://indicators-map.canada.ca/App/Detail?id=0111190&GoCTemplateCulture=en-CA
"
11195,Minehead 10-12,Canadian Natural Resources Limited,,,N/A,Alberta,53.2159,-116.497,11.5,kilotonnes of carbon dioxide equivalents (kt CO2 eq),2023,Oil and gas extraction (except oil sands),https://www23.statcan.gc.ca/imdb/p3VD.pl?Function=getVD&TVD=1369825&CVD=1370970&CPV=211110&CST=27012022&CLV=5&MLV=5,https://climate-change.canada.ca/facility-emissions/GHGRP-G11195-2023.html,"http://indicators-map.canada.ca/App/Detail?id=0111195&GoCTemplateCulture=en-CA
"
11196,Wild Hay Gas Battery 13-24,Canadian Natural Resources Limited,,,N/A,Alberta,53.7706,-117.6014,28.18,kilotonnes of carbon dioxide equivalents (kt CO2 eq),2023,Oil and gas extraction (except oil sands),https://www23.statcan.gc.ca/imdb/p3VD.pl?Function=getVD&TVD=1369825&CVD=1370970&CPV=211110&CST=27012022&CLV=5&MLV=5,https://climate-change.canada.ca/facility-emissions/GHGRP-G11196-2023.html,"http://indicators-map.canada.ca/App/Detail?id=0111196&GoCTemplateCulture=en-CA
"
11200,Smoky Sweet Gas Plant 07-36,Canadian Natural Resources Limited,,,N/A,Alberta,54.0542,-118.3087,40.78,kilotonnes of carbon dioxide equivalents (kt CO2 eq),2023,Oil and gas extraction (except oil sands),https://www23.statcan.gc.ca/imdb/p3VD.pl?Function=getVD&TVD=1369825&CVD=1370970&CPV=211110&CST=27012022&CLV=5&MLV=5,https://climate-change.canada.ca/facility-emissions/GHGRP-G11200-2023.html,"http://indicators-map.canada.ca/App/Detail?id=0111200&GoCTemplateCulture=en-CA
"
11203,LET de La Nouvelle-Beauce,MRC de La Nouvelle-Beauce,Frampton,10 route Boulet Route,G0R 1M0,Quebec,46.37561,-70.76104,13.43,kilotonnes of carbon dioxide equivalents (kt CO2 eq),2023,Waste Treatment and Disposal,https://www23.statcan.gc.ca/imdb/p3VD.pl?Function=getVD&TVD=1369825&CVD=1370970&CPV=562210&CST=27012022&CLV=5&MLV=5,https://climate-change.canada.ca/facility-emissions/GHGRP-G11203-2023.html,"http://indicators-map.canada.ca/App/Detail?id=0111203&GoCTemplateCulture=en-CA
"
11205,Ferrier 01-34-040-09 W5M,Canadian Natural Resources Limited,,,N/A,Alberta,52.4812,-115.204,14.33,kilotonnes of carbon dioxide equivalents (kt CO2 eq),2023,Oil and gas extraction (except oil sands),https://www23.statcan.gc.ca/imdb/p3VD.pl?Function=getVD&TVD=1369825&CVD=1370970&CPV=211110&CST=27012022&CLV=5&MLV=5,https://climate-change.canada.ca/facility-emissions/GHGRP-G11205-2023.html,"http://indicators-map.canada.ca/App/Detail?id=0111205&GoCTemplateCulture=en-CA
"
11206,Installations Portuaires et Services Ferroviaires,Rio Tinto Alcan Inc,La Baie,262 1ère,G7B 3R1,Quebec,48.3335,-70.8784,15.38,kilotonnes of carbon dioxide equivalents (kt CO2 eq),2023,Short-Haul Freight Rail Transportation,https://www23.statcan.gc.ca/imdb/p3VD.pl?Function=getVD&TVD=1369825&CVD=1370970&CPV=482112&CST=27012022&CLV=5&MLV=5,https://climate-change.canada.ca/facility-emissions/GHGRP-G11206-2023.html,"http://indicators-map.canada.ca/App/Detail?id=0111206&GoCTemplateCulture=en-CA
"
11207,Hythe Comp Stn A-029-H,Ovintiv Canada ULC,Dawson Creek,37 Vic Turner Airport Road,V1G 0G1,British Columbia,55.602,-120.10454,21.18,kilotonnes of carbon dioxide equivalents (kt CO2 eq),2023,Oil and gas extraction (except oil sands),https://www23.statcan.gc.ca/imdb/p3VD.pl?Function=getVD&TVD=1369825&CVD=1370970&CPV=211110&CST=27012022&CLV=5&MLV=5,https://climate-change.canada.ca/facility-emissions/GHGRP-G11207-2023.html,"http://indicators-map.canada.ca/App/Detail?id=0111207&GoCTemplateCulture=en-CA
"
11208,Usine de Gatineau,Produits forestiers Résolu,Gatineau,79 Main Street,J8P 4X6,Quebec,45.4808,-75.6556,50.38,kilotonnes of carbon dioxide equivalents (kt CO2 eq),2023,Newsprint Mills,https://www23.statcan.gc.ca/imdb/p3VD.pl?Function=getVD&TVD=1369825&CVD=1370970&CPV=322122&CST=27012022&CLV=5&MLV=5,https://climate-change.canada.ca/facility-emissions/GHGRP-G11208-2023.html,"http://indicators-map.canada.ca/App/Detail?id=0111208&GoCTemplateCulture=en-CA
"
11209,Centrale de Kuujjuaq,Hydro-Québec,Kuujjuaq,aucun,J0M 1C0,Quebec,58.1111,-68.406,15.56,kilotonnes of carbon dioxide equivalents (kt CO2 eq),2023,Fossil-Fuel Electric Power Generation,https://www23.statcan.gc.ca/imdb/p3VD.pl?Function=getVD&TVD=1369825&CVD=1370970&CPV=221112&CST=27012022&CLV=5&MLV=5,https://climate-change.canada.ca/facility-emissions/GHGRP-G11209-2023.html,"http://indicators-map.canada.ca/App/Detail?id=0111209&GoCTemplateCulture=en-CA
"
11210,Centrale d'Obedjiwan,Hydro-Québec,Obedjiwan,aucun,G0W 3B0,Quebec,48.6551,-74.9388,10.23,kilotonnes of carbon dioxide equivalents (kt CO2 eq),2023,Fossil-Fuel Electric Power Generation,https://www23.statcan.gc.ca/imdb/p3VD.pl?Function=getVD&TVD=1369825&CVD=1370970&CPV=221112&CST=27012022&CLV=5&MLV=5,https://climate-change.canada.ca/facility-emissions/GHGRP-G11210-2023.html,"http://indicators-map.canada.ca/App/Detail?id=0111210&GoCTemplateCulture=en-CA
"
11211,Prairie Green IWMF,Waste Connections of Canada Inc.,Rosser,375 Oak Point Highway,R2R 1T9,Manitoba,50.0047,-97.1307,36.51,kilotonnes of carbon dioxide equivalents (kt CO2 eq),2023,Waste Treatment and Disposal,https://www23.statcan.gc.ca/imdb/p3VD.pl?Function=getVD&TVD=1369825&CVD=1370970&CPV=562210&CST=27012022&CLV=5&MLV=5,https://climate-change.canada.ca/facility-emissions/GHGRP-G11211-2023.html,"http://indicators-map.canada.ca/App/Detail?id=0111211&GoCTemplateCulture=en-CA
"
11212,Kapuskasing Paper Mill,Produits Forestiers GreenFirst (QC) Inc. / GreenFirst Forest,Kapuskasing,1 Government Road,P5N 2Y2,Ontario,49.41,-82.4239,45.39,kilotonnes of carbon dioxide equivalents (kt CO2 eq),2023,Newsprint Mills,https://www23.statcan.gc.ca/imdb/p3VD.pl?Function=getVD&TVD=1369825&CVD=1370970&CPV=322122&CST=27012022&CLV=5&MLV=5,https://climate-change.canada.ca/facility-emissions/GHGRP-G11212-2023.html,"http://indicators-map.canada.ca/App/Detail?id=0111212&GoCTemplateCulture=en-CA
"
11213,Cactus Lake Battery,Strathcona Resources Ltd.,Cactus Lake,,N/A,Saskatchewan,52.03986,-109.91033,52.65,kilotonnes of carbon dioxide equivalents (kt CO2 eq),2023,Oil and gas extraction (except oil sands),https://www23.statcan.gc.ca/imdb/p3VD.pl?Function=getVD&TVD=1369825&CVD=1370970&CPV=211110&CST=27012022&CLV=5&MLV=5,https://climate-change.canada.ca/facility-emissions/GHGRP-G11213-2023.html,"http://indicators-map.canada.ca/App/Detail?id=0111213&GoCTemplateCulture=en-CA
"
11215,Midale Complex 07-12-06-11W2,Cardinal Energy Ltd.,Weyburn,,S4H 3M8,Saskatchewan,49.45548,-103.36016,18.58,kilotonnes of carbon dioxide equivalents (kt CO2 eq),2023,Oil and gas extraction (except oil sands),https://www23.statcan.gc.ca/imdb/p3VD.pl?Function=getVD&TVD=1369825&CVD=1370970&CPV=211110&CST=27012022&CLV=5&MLV=5,https://climate-change.canada.ca/facility-emissions/GHGRP-G11215-2023.html,"http://indicators-map.canada.ca/App/Detail?id=0111215&GoCTemplateCulture=en-CA
"
11216,Consort Sweet Gas Plant,Karve Energy Inc.,Consort,,N/A,Alberta,52.1044,-110.695,20.49,kilotonnes of carbon dioxide equivalents (kt CO2 eq),2023,Oil and gas extraction (except oil sands),https://www23.statcan.gc.ca/imdb/p3VD.pl?Function=getVD&TVD=1369825&CVD=1370970&CPV=211110&CST=27012022&CLV=5&MLV=5,https://climate-change.canada.ca/facility-emissions/GHGRP-G11216-2023.html,"http://indicators-map.canada.ca/App/Detail?id=0111216&GoCTemplateCulture=en-CA
"
11217,Wildhay Cecilia-Kaybob Plant,Peyto Exploration and Development Corporation,Swan Hills,,N/A,Alberta,53.8853,-117.1787,26.19,kilotonnes of carbon dioxide equivalents (kt CO2 eq),2023,Oil and gas extraction (except oil sands),https://www23.statcan.gc.ca/imdb/p3VD.pl?Function=getVD&TVD=1369825&CVD=1370970&CPV=211110&CST=27012022&CLV=5&MLV=5,https://climate-change.canada.ca/facility-emissions/GHGRP-G11217-2023.html,"http://indicators-map.canada.ca/App/Detail?id=0111217&GoCTemplateCulture=en-CA
"
11219,Leafland Facility,Paramount Resources Ltd.,Rocky Mountain House,,N/A,Alberta,52.4029,-114.7077,10.89,kilotonnes of carbon dioxide equivalents (kt CO2 eq),2023,Oil and gas extraction (except oil sands),https://www23.statcan.gc.ca/imdb/p3VD.pl?Function=getVD&TVD=1369825&CVD=1370970&CPV=211110&CST=27012022&CLV=5&MLV=5,https://climate-change.canada.ca/facility-emissions/GHGRP-G11219-2023.html,"http://indicators-map.canada.ca/App/Detail?id=0111219&GoCTemplateCulture=en-CA
"
11220,Air Liquide Canada - Hamilton (ASU and H2),Air Liquide Canada Inc.,Hamilton,95 Birmingham Street,L8L 6W6,Ontario,43.262,-79.8262,10.44,kilotonnes of carbon dioxide equivalents (kt CO2 eq),2023,Industrial Gas Manufacturing,https://www23.statcan.gc.ca/imdb/p3VD.pl?Function=getVD&TVD=1369825&CVD=1370970&CPV=325120&CST=27012022&CLV=5&MLV=5,https://climate-change.canada.ca/facility-emissions/GHGRP-G11220-2023.html,"http://indicators-map.canada.ca/App/Detail?id=0111220&GoCTemplateCulture=en-CA
"
11221,"Cascades Groupe Tissu Candiac, une division de Cascades Canad",Cascades Canada ULC,Candiac,75 Marie Victorin,J5R 1C2,Quebec,45.4003,-73.5234,30.53,kilotonnes of carbon dioxide equivalents (kt CO2 eq),2023,Paper (except Newsprint) Mills,https://www23.statcan.gc.ca/imdb/p3VD.pl?Function=getVD&TVD=1369825&CVD=1370970&CPV=322121&CST=27012022&CLV=5&MLV=5,https://climate-change.canada.ca/facility-emissions/GHGRP-G11221-2023.html,"http://indicators-map.canada.ca/App/Detail?id=0111221&GoCTemplateCulture=en-CA
"
11225,Graphic Packaging International Canada ULC - East Angus,Graphic Packaging International Canada ULC,East Angus,2 Angus,J0B 1R0,Quebec,45.4815,-71.6609,32.15,kilotonnes of carbon dioxide equivalents (kt CO2 eq),2023,Paperboard Mills,https://www23.statcan.gc.ca/imdb/p3VD.pl?Function=getVD&TVD=1369825&CVD=1370970&CPV=322130&CST=27012022&CLV=5&MLV=5,https://climate-change.canada.ca/facility-emissions/GHGRP-G11225-2023.html,"http://indicators-map.canada.ca/App/Detail?id=0111225&GoCTemplateCulture=en-CA
"
11226,Everdell 14-20-038-07W5 GP,Whitecap Resources Inc.,Na,,N/A,Alberta,52.2865,-114.9708,16.06,kilotonnes of carbon dioxide equivalents (kt CO2 eq),2023,Oil and gas extraction (except oil sands),https://www23.statcan.gc.ca/imdb/p3VD.pl?Function=getVD&TVD=1369825&CVD=1370970&CPV=211110&CST=27012022&CLV=5&MLV=5,https://climate-change.canada.ca/facility-emissions/GHGRP-G11226-2023.html,"http://indicators-map.canada.ca/App/Detail?id=0111226&GoCTemplateCulture=en-CA
"
11227,Armstrong Division,Tolko Industries Ltd.,Armstrong,844 Otter Lake Cross Road,V0E 1B0,British Columbia,50.3933,-119.224,11.28,kilotonnes of carbon dioxide equivalents (kt CO2 eq),2023,Softwood Veneer and Plywood Mills,https://www23.statcan.gc.ca/imdb/p3VD.pl?Function=getVD&TVD=1369825&CVD=1370970&CPV=321212&CST=27012022&CLV=5&MLV=5,https://climate-change.canada.ca/facility-emissions/GHGRP-G11227-2023.html,"http://indicators-map.canada.ca/App/Detail?id=0111227&GoCTemplateCulture=en-CA
"
11228,Soda Creek,Tolko Industries Ltd.,Williams Lake,5000 Soda Creek Road,V2G 1M3,British Columbia,52.1561,-122.1787,8.38,kilotonnes of carbon dioxide equivalents (kt CO2 eq),2023,Sawmills (except Shingle and Shake Mills),https://www23.statcan.gc.ca/imdb/p3VD.pl?Function=getVD&TVD=1369825&CVD=1370970&CPV=321111&CST=27012022&CLV=5&MLV=5,https://climate-change.canada.ca/facility-emissions/GHGRP-G11228-2023.html,"http://indicators-map.canada.ca/App/Detail?id=0111228&GoCTemplateCulture=en-CA
"
11229,"Cascades Groupe Tissu Kingsey Falls, une division de Cascades",Cascades Canada ULC,Kingsey Falls,467 Marie-Victorin Boulevard,J0A 1B0,Quebec,45.8648,-72.0659,16.62,kilotonnes of carbon dioxide equivalents (kt CO2 eq),2023,Sanitary Paper Product Manufacturing,https://www23.statcan.gc.ca/imdb/p3VD.pl?Function=getVD&TVD=1369825&CVD=1370970&CPV=322291&CST=27012022&CLV=5&MLV=5,https://climate-change.canada.ca/facility-emissions/GHGRP-G11229-2023.html,"http://indicators-map.canada.ca/App/Detail?id=0111229&GoCTemplateCulture=en-CA
"
11231,ArcelorMittal Longueuil,ArcelorMittal Produits Longs Canada s.e.n.c,Longueuil,2555 chemin du Lac,J4N 1C1,Quebec,45.5663,-73.4579,24.78,kilotonnes of carbon dioxide equivalents (kt CO2 eq),2023,Iron and Steel Mills and Ferro-Alloy Manufacturing,https://www23.statcan.gc.ca/imdb/p3VD.pl?Function=getVD&TVD=1369825&CVD=1370970&CPV=331110&CST=27012022&CLV=5&MLV=5,https://climate-change.canada.ca/facility-emissions/GHGRP-G11231-2023.html,"http://indicators-map.canada.ca/App/Detail?id=0111231&GoCTemplateCulture=en-CA
"
11232,Moose Mountain Compressor Station,PIERIDAE ALBERTA PRODUCTION LTD.,Calgary,,T2P 4V8,Alberta,50.8894,-114.7618,24.52,kilotonnes of carbon dioxide equivalents (kt CO2 eq),2023,Oil and gas extraction (except oil sands),https://www23.statcan.gc.ca/imdb/p3VD.pl?Function=getVD&TVD=1369825&CVD=1370970&CPV=211110&CST=27012022&CLV=5&MLV=5,https://climate-change.canada.ca/facility-emissions/GHGRP-G11232-2023.html,"http://indicators-map.canada.ca/App/Detail?id=0111232&GoCTemplateCulture=en-CA
"
11233,Bonnybrook Wastewater Treatment Plant,City of Calgary,Calgary,4302 15 Street Southeast,T2G 3M8,Alberta,51.0128,-114.022,78.06,kilotonnes of carbon dioxide equivalents (kt CO2 eq),2023,Sewage Treatment Facilities,https://www23.statcan.gc.ca/imdb/p3VD.pl?Function=getVD&TVD=1369825&CVD=1370970&CPV=221320&CST=27012022&CLV=5&MLV=5,https://climate-change.canada.ca/facility-emissions/GHGRP-G11233-2023.html,"http://indicators-map.canada.ca/App/Detail?id=0111233&GoCTemplateCulture=en-CA
"
11234,Greenway Pollution Control Centre,Corporation of the City of London,London,109 Greenside Avenue,N6J 2X5,Ontario,42.9744,-81.2821,23.65,kilotonnes of carbon dioxide equivalents (kt CO2 eq),2023,Sewage Treatment Facilities,https://www23.statcan.gc.ca/imdb/p3VD.pl?Function=getVD&TVD=1369825&CVD=1370970&CPV=221320&CST=27012022&CLV=5&MLV=5,https://climate-change.canada.ca/facility-emissions/GHGRP-G11234-2023.html,"http://indicators-map.canada.ca/App/Detail?id=0111234&GoCTemplateCulture=en-CA
"
11235,Drayton Valley Sawmill,Weyerhaeuser Company Limited,Drayton Valley,22 Highway South,T7A 1S8,Alberta,53.2277,-114.9889,15.24,kilotonnes of carbon dioxide equivalents (kt CO2 eq),2023,Sawmills (except Shingle and Shake Mills),https://www23.statcan.gc.ca/imdb/p3VD.pl?Function=getVD&TVD=1369825&CVD=1370970&CPV=321111&CST=27012022&CLV=5&MLV=5,https://climate-change.canada.ca/facility-emissions/GHGRP-G11235-2023.html,"http://indicators-map.canada.ca/App/Detail?id=0111235&GoCTemplateCulture=en-CA
"
11236,Joffre Nitrogen Operations,Nutrien (Canada) Holdings ULC,Lacombe County,39015 815 Highway,N/A,Alberta,52.3221,-113.5166,18.11,kilotonnes of carbon dioxide equivalents (kt CO2 eq),2023,Chemical Fertilizer (except Potash) Manufacturing,https://www23.statcan.gc.ca/imdb/p3VD.pl?Function=getVD&TVD=1369825&CVD=1370970&CPV=325313&CST=27012022&CLV=5&MLV=5,https://climate-change.canada.ca/facility-emissions/GHGRP-G11236-2023.html,"http://indicators-map.canada.ca/App/Detail?id=0111236&GoCTemplateCulture=en-CA
"
11238,Dunvegan Plant 15-03-081-04 W6M,Canadian Natural Resources Limited,Fairview,10924 92 Avenue,T0H 1L0,Alberta,55.9981,-118.5289,19.52,kilotonnes of carbon dioxide equivalents (kt CO2 eq),2023,Oil and gas extraction (except oil sands),https://www23.statcan.gc.ca/imdb/p3VD.pl?Function=getVD&TVD=1369825&CVD=1370970&CPV=211110&CST=27012022&CLV=5&MLV=5,https://climate-change.canada.ca/facility-emissions/GHGRP-G11238-2023.html,"http://indicators-map.canada.ca/App/Detail?id=0111238&GoCTemplateCulture=en-CA
"
11239,Alberta Processing Company,West Coast Reduction Ltd.,Calgary,7030 Ogdendale Place Southeast,T2C 2A3,Alberta,50.9897,-113.9938,14.56,kilotonnes of carbon dioxide equivalents (kt CO2 eq),2023,Rendering and Meat Processing from Carcasses,https://www23.statcan.gc.ca/imdb/p3VD.pl?Function=getVD&TVD=1369825&CVD=1370970&CPV=311614&CST=27012022&CLV=5&MLV=5,https://climate-change.canada.ca/facility-emissions/GHGRP-G11239-2023.html,"http://indicators-map.canada.ca/App/Detail?id=0111239&GoCTemplateCulture=en-CA
"
11240,Northern Alberta Processing Company,West Coast Reduction Ltd.,Edmonton,1930 121st Avenue Northeast,T8A 2A6,Alberta,53.5748,-113.3146,18.02,kilotonnes of carbon dioxide equivalents (kt CO2 eq),2023,Rendering and Meat Processing from Carcasses,https://www23.statcan.gc.ca/imdb/p3VD.pl?Function=getVD&TVD=1369825&CVD=1370970&CPV=311614&CST=27012022&CLV=5&MLV=5,https://climate-change.canada.ca/facility-emissions/GHGRP-G11240-2023.html,"http://indicators-map.canada.ca/App/Detail?id=0111240&GoCTemplateCulture=en-CA
"
11241,Guelph Glass Plant,Owens Corning Composite Materials Canada LP,Guelph,247 York Road,N1H 6P6,Ontario,43.5447,-80.2324,11.82,kilotonnes of carbon dioxide equivalents (kt CO2 eq),2023,Glass Manufacturing,https://www23.statcan.gc.ca/imdb/p3VD.pl?Function=getVD&TVD=1369825&CVD=1370970&CPV=327214&CST=27012022&CLV=5&MLV=5,https://climate-change.canada.ca/facility-emissions/GHGRP-G11241-2023.html,"http://indicators-map.canada.ca/App/Detail?id=0111241&GoCTemplateCulture=en-CA
"
11242,Établissement 01,Pratt & Whitney Canada Inc.,Longueuil,1000 Marie-Victorin,J4G 1A1,Quebec,45.5531,-73.495,7.42,kilotonnes of carbon dioxide equivalents (kt CO2 eq),2023,Aerospace Product and Parts Manufacturing,https://www23.statcan.gc.ca/imdb/p3VD.pl?Function=getVD&TVD=1369825&CVD=1370970&CPV=336410&CST=27012022&CLV=5&MLV=5,https://climate-change.canada.ca/facility-emissions/GHGRP-G11242-2023.html,"http://indicators-map.canada.ca/App/Detail?id=0111242&GoCTemplateCulture=en-CA
"
11243,Etobicoke Casting Plant,FCA Canada Inc.,Toronto,15 Brown's Line,M8W 3S3,Ontario,43.5958,-79.5406,10.53,kilotonnes of carbon dioxide equivalents (kt CO2 eq),2023,Non-Ferrous Die-Casting Foundries,https://www23.statcan.gc.ca/imdb/p3VD.pl?Function=getVD&TVD=1369825&CVD=1370970&CPV=331523&CST=27012022&CLV=5&MLV=5,https://climate-change.canada.ca/facility-emissions/GHGRP-G11243-2023.html,"http://indicators-map.canada.ca/App/Detail?id=0111243&GoCTemplateCulture=en-CA
"
11245,Steelman Gas Plant,Steel Reef Infrastructure Corp.,Estevan,,S4A 2A7,Saskatchewan,49.3164,-102.6244,63.84,kilotonnes of carbon dioxide equivalents (kt CO2 eq),2023,Oil and gas extraction (except oil sands),https://www23.statcan.gc.ca/imdb/p3VD.pl?Function=getVD&TVD=1369825&CVD=1370970&CPV=211110&CST=27012022&CLV=5&MLV=5,https://climate-change.canada.ca/facility-emissions/GHGRP-G11245-2023.html,"http://indicators-map.canada.ca/App/Detail?id=0111245&GoCTemplateCulture=en-CA
"
11249,Pembina  North Gas Plant,Keyera Corp,Drayton Valley,,T0E 0M0,Alberta,53.245,-115.6743,22.03,kilotonnes of carbon dioxide equivalents (kt CO2 eq),2023,Oil and gas extraction (except oil sands),https://www23.statcan.gc.ca/imdb/p3VD.pl?Function=getVD&TVD=1369825&CVD=1370970&CPV=211110&CST=27012022&CLV=5&MLV=5,https://climate-change.canada.ca/facility-emissions/GHGRP-G11249-2023.html,"http://indicators-map.canada.ca/App/Detail?id=0111249&GoCTemplateCulture=en-CA
"
11251,"Alberta Plywood, a division of West Fraser Mills Ltd.",West Fraser Mills Ltd.,Edmonton,9923 65 Avenue Northwest,T6E 1N9,Alberta,53.5019,-113.4899,19.31,kilotonnes of carbon dioxide equivalents (kt CO2 eq),2023,Softwood Veneer and Plywood Mills,https://www23.statcan.gc.ca/imdb/p3VD.pl?Function=getVD&TVD=1369825&CVD=1370970&CPV=321212&CST=27012022&CLV=5&MLV=5,https://climate-change.canada.ca/facility-emissions/GHGRP-G11251-2023.html,"http://indicators-map.canada.ca/App/Detail?id=0111251&GoCTemplateCulture=en-CA
"
11252,Nottingham Gas Plant 07-17-005-32-W1,Steel Reef Infrastructure Corp.,Nottingham,,N/A,Saskatchewan,49.3837,-102.2809,47.76,kilotonnes of carbon dioxide equivalents (kt CO2 eq),2023,Oil and gas extraction (except oil sands),https://www23.statcan.gc.ca/imdb/p3VD.pl?Function=getVD&TVD=1369825&CVD=1370970&CPV=211110&CST=27012022&CLV=5&MLV=5,https://climate-change.canada.ca/facility-emissions/GHGRP-G11252-2023.html,"http://indicators-map.canada.ca/App/Detail?id=0111252&GoCTemplateCulture=en-CA
"
11253,Centrica Compressor Station 10-10,Canlin Energy Corporation,Edson,,T7E 1T8,Alberta,53.0394,-116.4064,13.29,kilotonnes of carbon dioxide equivalents (kt CO2 eq),2023,Oil and gas extraction (except oil sands),https://www23.statcan.gc.ca/imdb/p3VD.pl?Function=getVD&TVD=1369825&CVD=1370970&CPV=211110&CST=27012022&CLV=5&MLV=5,https://climate-change.canada.ca/facility-emissions/GHGRP-G11253-2023.html,"http://indicators-map.canada.ca/App/Detail?id=0111253&GoCTemplateCulture=en-CA
"
11256,East River,Maibec Inc.,East River,2005 3 Highway,B0J 1T0,Nova Scotia,44.5823,-64.1627,12.01,kilotonnes of carbon dioxide equivalents (kt CO2 eq),2023,Particle Board and Fibreboard Mills,https://www23.statcan.gc.ca/imdb/p3VD.pl?Function=getVD&TVD=1369825&CVD=1370970&CPV=321216&CST=27012022&CLV=5&MLV=5,https://climate-change.canada.ca/facility-emissions/GHGRP-G11256-2023.html,"http://indicators-map.canada.ca/App/Detail?id=0111256&GoCTemplateCulture=en-CA
"
11257,Turin Sour Gas Plant,Barrel Oil Corporation,Turin,,T0K 2H0,Alberta,50.01231,-112.45914,20,kilotonnes of carbon dioxide equivalents (kt CO2 eq),2023,Oil and gas extraction (except oil sands),https://www23.statcan.gc.ca/imdb/p3VD.pl?Function=getVD&TVD=1369825&CVD=1370970&CPV=211110&CST=27012022&CLV=5&MLV=5,https://climate-change.canada.ca/facility-emissions/GHGRP-G11257-2023.html,"http://indicators-map.canada.ca/App/Detail?id=0111257&GoCTemplateCulture=en-CA
"
11258,01-30 South Swan Hills CS,Conifer Energy Inc.,Swan Hills,,N/A,Alberta,54.6473,-115.4958,22.7,kilotonnes of carbon dioxide equivalents (kt CO2 eq),2023,Oil and gas extraction (except oil sands),https://www23.statcan.gc.ca/imdb/p3VD.pl?Function=getVD&TVD=1369825&CVD=1370970&CPV=211110&CST=27012022&CLV=5&MLV=5,https://climate-change.canada.ca/facility-emissions/GHGRP-G11258-2023.html,"http://indicators-map.canada.ca/App/Detail?id=0111258&GoCTemplateCulture=en-CA
"
11260,PETRO-CAN WHITECOURT,Taqa North Ltd.,Whitecourt,,T7S 1N9,Alberta,54.1309,-115.5467,21.71,kilotonnes of carbon dioxide equivalents (kt CO2 eq),2023,Oil and gas extraction (except oil sands),https://www23.statcan.gc.ca/imdb/p3VD.pl?Function=getVD&TVD=1369825&CVD=1370970&CPV=211110&CST=27012022&CLV=5&MLV=5,https://climate-change.canada.ca/facility-emissions/GHGRP-G11260-2023.html,"http://indicators-map.canada.ca/App/Detail?id=0111260&GoCTemplateCulture=en-CA
"
11262,Teepee Creek Plant 07-02-074-04 W6M,Canadian Natural Resources Limited,,,N/A,Alberta,55.3767,-118.4918,11.19,kilotonnes of carbon dioxide equivalents (kt CO2 eq),2023,Oil and gas extraction (except oil sands),https://www23.statcan.gc.ca/imdb/p3VD.pl?Function=getVD&TVD=1369825&CVD=1370970&CPV=211110&CST=27012022&CLV=5&MLV=5,https://climate-change.canada.ca/facility-emissions/GHGRP-G11262-2023.html,"http://indicators-map.canada.ca/App/Detail?id=0111262&GoCTemplateCulture=en-CA
"
11264,Chime 08-13,Pembina Pipeline Corporation,Greenview,Unnamed Road,N/A,Alberta,54.36136,-118.75314,10.35,kilotonnes of carbon dioxide equivalents (kt CO2 eq),2023,Oil and gas extraction (except oil sands),https://www23.statcan.gc.ca/imdb/p3VD.pl?Function=getVD&TVD=1369825&CVD=1370970&CPV=211110&CST=27012022&CLV=5&MLV=5,https://climate-change.canada.ca/facility-emissions/GHGRP-G11264-2023.html,"http://indicators-map.canada.ca/App/Detail?id=0111264&GoCTemplateCulture=en-CA
"
11265,Alder Flats Sweet Gas Plant,Cenovus Energy Inc.,,,N/A,Alberta,52.869,-115.101,21.79,kilotonnes of carbon dioxide equivalents (kt CO2 eq),2023,Oil and gas extraction (except oil sands),https://www23.statcan.gc.ca/imdb/p3VD.pl?Function=getVD&TVD=1369825&CVD=1370970&CPV=211110&CST=27012022&CLV=5&MLV=5,https://climate-change.canada.ca/facility-emissions/GHGRP-G11265-2023.html,"http://indicators-map.canada.ca/App/Detail?id=0111265&GoCTemplateCulture=en-CA
"
11266,Ferrier Comp Stn 13-17,Cenovus Energy Inc.,,,N/A,Alberta,52.7084,-115.4289,15.35,kilotonnes of carbon dioxide equivalents (kt CO2 eq),2023,Oil and gas extraction (except oil sands),https://www23.statcan.gc.ca/imdb/p3VD.pl?Function=getVD&TVD=1369825&CVD=1370970&CPV=211110&CST=27012022&CLV=5&MLV=5,https://climate-change.canada.ca/facility-emissions/GHGRP-G11266-2023.html,"http://indicators-map.canada.ca/App/Detail?id=0111266&GoCTemplateCulture=en-CA
"
11269,Medicine River Sour Gas Plant,Cenovus Energy Inc.,,,N/A,Alberta,52.358,-114.3241,6.74,kilotonnes of carbon dioxide equivalents (kt CO2 eq),2023,Oil and gas extraction (except oil sands),https://www23.statcan.gc.ca/imdb/p3VD.pl?Function=getVD&TVD=1369825&CVD=1370970&CPV=211110&CST=27012022&CLV=5&MLV=5,https://climate-change.canada.ca/facility-emissions/GHGRP-G11269-2023.html,"http://indicators-map.canada.ca/App/Detail?id=0111269&GoCTemplateCulture=en-CA
"
11271,Peco Sweet Gas Plant,Cenovus Energy Inc.,,,N/A,Alberta,55.1994,-116.2219,20.23,kilotonnes of carbon dioxide equivalents (kt CO2 eq),2023,Oil and gas extraction (except oil sands),https://www23.statcan.gc.ca/imdb/p3VD.pl?Function=getVD&TVD=1369825&CVD=1370970&CPV=211110&CST=27012022&CLV=5&MLV=5,https://climate-change.canada.ca/facility-emissions/GHGRP-G11271-2023.html,"http://indicators-map.canada.ca/App/Detail?id=0111271&GoCTemplateCulture=en-CA
"
11275,Viking Sweet Gas Plant,Pine Cliff Energy Ltd.,,,N/A,Alberta,53.18848,-111.75697,21.64,kilotonnes of carbon dioxide equivalents (kt CO2 eq),2023,Oil and gas extraction (except oil sands),https://www23.statcan.gc.ca/imdb/p3VD.pl?Function=getVD&TVD=1369825&CVD=1370970&CPV=211110&CST=27012022&CLV=5&MLV=5,https://climate-change.canada.ca/facility-emissions/GHGRP-G11275-2023.html,"http://indicators-map.canada.ca/App/Detail?id=0111275&GoCTemplateCulture=en-CA
"
11276,Wapiti Comp Station 07-23,Cenovus Energy Inc.,,,N/A,Alberta,54.7248,-119.0929,24.98,kilotonnes of carbon dioxide equivalents (kt CO2 eq),2023,Oil and gas extraction (except oil sands),https://www23.statcan.gc.ca/imdb/p3VD.pl?Function=getVD&TVD=1369825&CVD=1370970&CPV=211110&CST=27012022&CLV=5&MLV=5,https://climate-change.canada.ca/facility-emissions/GHGRP-G11276-2023.html,"http://indicators-map.canada.ca/App/Detail?id=0111276&GoCTemplateCulture=en-CA
"
11277,Carrot Creek Gas Plant,Vermilion Energy Inc.,,,N/A,Alberta,53.5779,-115.8592,18.86,kilotonnes of carbon dioxide equivalents (kt CO2 eq),2023,Oil and gas extraction (except oil sands),https://www23.statcan.gc.ca/imdb/p3VD.pl?Function=getVD&TVD=1369825&CVD=1370970&CPV=211110&CST=27012022&CLV=5&MLV=5,https://climate-change.canada.ca/facility-emissions/GHGRP-G11277-2023.html,"http://indicators-map.canada.ca/App/Detail?id=0111277&GoCTemplateCulture=en-CA
"
11279,Brazeau Comp Stn 02-10,Spartan Delta Corp.,Calgary,1500 308 4 Avenue Southwest,T2P 0H7,Alberta,52.8598,-115.51,21.26,kilotonnes of carbon dioxide equivalents (kt CO2 eq),2023,Natural Gas Distribution,https://www23.statcan.gc.ca/imdb/p3VD.pl?Function=getVD&TVD=1369825&CVD=1370970&CPV=221210&CST=27012022&CLV=5&MLV=5,https://climate-change.canada.ca/facility-emissions/GHGRP-G11279-2023.html,"http://indicators-map.canada.ca/App/Detail?id=0111279&GoCTemplateCulture=en-CA
"
11281,Hussar Crowfoot Sweet Gas Plant 14-01,Lynx Energy ULC,,,N/A,Alberta,51.0207,-112.9484,16.21,kilotonnes of carbon dioxide equivalents (kt CO2 eq),2023,Oil and gas extraction (except oil sands),https://www23.statcan.gc.ca/imdb/p3VD.pl?Function=getVD&TVD=1369825&CVD=1370970&CPV=211110&CST=27012022&CLV=5&MLV=5,https://climate-change.canada.ca/facility-emissions/GHGRP-G11281-2023.html,"http://indicators-map.canada.ca/App/Detail?id=0111281&GoCTemplateCulture=en-CA
"
11282,Hythe Comp Stn 07-34,Ovintiv Canada ULC,Grande Prairie,12002 97 Avenue,T8W 0J7,Alberta,55.3639,-119.7606,10.64,kilotonnes of carbon dioxide equivalents (kt CO2 eq),2023,Oil and gas extraction (except oil sands),https://www23.statcan.gc.ca/imdb/p3VD.pl?Function=getVD&TVD=1369825&CVD=1370970&CPV=211110&CST=27012022&CLV=5&MLV=5,https://climate-change.canada.ca/facility-emissions/GHGRP-G11282-2023.html,"http://indicators-map.canada.ca/App/Detail?id=0111282&GoCTemplateCulture=en-CA
"
11283,Hythe Gas Battery 15-31,Ovintiv Canada ULC,Grande Prairie,12002 97 Avenue,T8W 0J7,Alberta,55.4607,-119.9825,15.55,kilotonnes of carbon dioxide equivalents (kt CO2 eq),2023,Oil and gas extraction (except oil sands),https://www23.statcan.gc.ca/imdb/p3VD.pl?Function=getVD&TVD=1369825&CVD=1370970&CPV=211110&CST=27012022&CLV=5&MLV=5,https://climate-change.canada.ca/facility-emissions/GHGRP-G11283-2023.html,"http://indicators-map.canada.ca/App/Detail?id=0111283&GoCTemplateCulture=en-CA
"
11284,Redland Comp Stn 11-19,Lynx Energy ULC,,,N/A,Alberta,51.4098,-113.0946,11.85,kilotonnes of carbon dioxide equivalents (kt CO2 eq),2023,Oil and gas extraction (except oil sands),https://www23.statcan.gc.ca/imdb/p3VD.pl?Function=getVD&TVD=1369825&CVD=1370970&CPV=211110&CST=27012022&CLV=5&MLV=5,https://climate-change.canada.ca/facility-emissions/GHGRP-G11284-2023.html,"http://indicators-map.canada.ca/App/Detail?id=0111284&GoCTemplateCulture=en-CA
"
11285,Redland Sweet Gas Plant (01-20),Lynx Energy ULC,,,N/A,Alberta,51.4024,-112.9181,14.47,kilotonnes of carbon dioxide equivalents (kt CO2 eq),2023,Oil and gas extraction (except oil sands),https://www23.statcan.gc.ca/imdb/p3VD.pl?Function=getVD&TVD=1369825&CVD=1370970&CPV=211110&CST=27012022&CLV=5&MLV=5,https://climate-change.canada.ca/facility-emissions/GHGRP-G11285-2023.html,"http://indicators-map.canada.ca/App/Detail?id=0111285&GoCTemplateCulture=en-CA
"
11286,Severn Comp Stn 06-17,Lynx Energy ULC,,,N/A,Alberta,51.217,-113.9777,10.42,kilotonnes of carbon dioxide equivalents (kt CO2 eq),2023,Oil and gas extraction (except oil sands),https://www23.statcan.gc.ca/imdb/p3VD.pl?Function=getVD&TVD=1369825&CVD=1370970&CPV=211110&CST=27012022&CLV=5&MLV=5,https://climate-change.canada.ca/facility-emissions/GHGRP-G11286-2023.html,"http://indicators-map.canada.ca/App/Detail?id=0111286&GoCTemplateCulture=en-CA
"
11288,Countess Makepeace Sweet Gas Plant 12-33-022-18W4,Torxen Energy Ltd.,,,N/A,Alberta,50.91585,-112.44874,15.71,kilotonnes of carbon dioxide equivalents (kt CO2 eq),2023,Oil and gas extraction (except oil sands),https://www23.statcan.gc.ca/imdb/p3VD.pl?Function=getVD&TVD=1369825&CVD=1370970&CPV=211110&CST=27012022&CLV=5&MLV=5,https://climate-change.canada.ca/facility-emissions/GHGRP-G11288-2023.html,"http://indicators-map.canada.ca/App/Detail?id=0111288&GoCTemplateCulture=en-CA
"
11290,Bassano Lathom Comp Stn 10-23-020-18W4,Torxen Energy Ltd.,,,N/A,Alberta,50.712,-112.39093,14.39,kilotonnes of carbon dioxide equivalents (kt CO2 eq),2023,Oil and gas extraction (except oil sands),https://www23.statcan.gc.ca/imdb/p3VD.pl?Function=getVD&TVD=1369825&CVD=1370970&CPV=211110&CST=27012022&CLV=5&MLV=5,https://climate-change.canada.ca/facility-emissions/GHGRP-G11290-2023.html,"http://indicators-map.canada.ca/App/Detail?id=0111290&GoCTemplateCulture=en-CA
"
11294,Suffield A2 Sour Gas Plant,IPC Canada Ltd.,,,N/A,Alberta,50.70146,-111.02326,15.57,kilotonnes of carbon dioxide equivalents (kt CO2 eq),2023,Oil and gas extraction (except oil sands),https://www23.statcan.gc.ca/imdb/p3VD.pl?Function=getVD&TVD=1369825&CVD=1370970&CPV=211110&CST=27012022&CLV=5&MLV=5,https://climate-change.canada.ca/facility-emissions/GHGRP-G11294-2023.html,"http://indicators-map.canada.ca/App/Detail?id=0111294&GoCTemplateCulture=en-CA
"
11296,Suffield CD Comp Stn 01-04,IPC Canada Ltd.,,,N/A,Alberta,50.22443,-110.9009,12.26,kilotonnes of carbon dioxide equivalents (kt CO2 eq),2023,Oil and gas extraction (except oil sands),https://www23.statcan.gc.ca/imdb/p3VD.pl?Function=getVD&TVD=1369825&CVD=1370970&CPV=211110&CST=27012022&CLV=5&MLV=5,https://climate-change.canada.ca/facility-emissions/GHGRP-G11296-2023.html,"http://indicators-map.canada.ca/App/Detail?id=0111296&GoCTemplateCulture=en-CA
"
11297,Suffield D Comp Stn 01-04,IPC Canada Ltd.,,,N/A,Alberta,50.22444,-110.76327,15.74,kilotonnes of carbon dioxide equivalents (kt CO2 eq),2023,Oil and gas extraction (except oil sands),https://www23.statcan.gc.ca/imdb/p3VD.pl?Function=getVD&TVD=1369825&CVD=1370970&CPV=211110&CST=27012022&CLV=5&MLV=5,https://climate-change.canada.ca/facility-emissions/GHGRP-G11297-2023.html,"http://indicators-map.canada.ca/App/Detail?id=0111297&GoCTemplateCulture=en-CA
"
11298,Suffield E Comp Stn 04-03,IPC Canada Ltd.,,,N/A,Alberta,50.48642,-111.17026,10.28,kilotonnes of carbon dioxide equivalents (kt CO2 eq),2023,Oil and gas extraction (except oil sands),https://www23.statcan.gc.ca/imdb/p3VD.pl?Function=getVD&TVD=1369825&CVD=1370970&CPV=211110&CST=27012022&CLV=5&MLV=5,https://climate-change.canada.ca/facility-emissions/GHGRP-G11298-2023.html,"http://indicators-map.canada.ca/App/Detail?id=0111298&GoCTemplateCulture=en-CA
"
11301,Wayne Dalum Sweet Gas Plant 05-17-027-19W4,Torxen Energy Ltd.,,,N/A,Alberta,51.30516,-112.65065,11.06,kilotonnes of carbon dioxide equivalents (kt CO2 eq),2023,Oil and gas extraction (except oil sands),https://www23.statcan.gc.ca/imdb/p3VD.pl?Function=getVD&TVD=1369825&CVD=1370970&CPV=211110&CST=27012022&CLV=5&MLV=5,https://climate-change.canada.ca/facility-emissions/GHGRP-G11301-2023.html,"http://indicators-map.canada.ca/App/Detail?id=0111301&GoCTemplateCulture=en-CA
"
11302,BLENHEIM LANDFILL,Waste Management of Canada Corporation,Blenheim,20277 Base Road,N0P 1A0,Ontario,42.3101,-82.05968,15.45,kilotonnes of carbon dioxide equivalents (kt CO2 eq),2023,Waste Treatment and Disposal,https://www23.statcan.gc.ca/imdb/p3VD.pl?Function=getVD&TVD=1369825&CVD=1370970&CPV=562210&CST=27012022&CLV=5&MLV=5,https://climate-change.canada.ca/facility-emissions/GHGRP-G11302-2023.html,"http://indicators-map.canada.ca/App/Detail?id=0111302&GoCTemplateCulture=en-CA
"
11303,Peyto Wildhay 04-21-055-23W5,Peyto Exploration and Development Corporation,,,N/A,Alberta,53.7611,-117.3675,51.27,kilotonnes of carbon dioxide equivalents (kt CO2 eq),2023,Oil and gas extraction (except oil sands),https://www23.statcan.gc.ca/imdb/p3VD.pl?Function=getVD&TVD=1369825&CVD=1370970&CPV=211110&CST=27012022&CLV=5&MLV=5,https://climate-change.canada.ca/facility-emissions/GHGRP-G11303-2023.html,"http://indicators-map.canada.ca/App/Detail?id=0111303&GoCTemplateCulture=en-CA
"
11304,Peyto Kakwa 02-11-060-04W6,Peyto Exploration and Development Corporation,,,N/A,Alberta,54.1669,-118.4869,14.82,kilotonnes of carbon dioxide equivalents (kt CO2 eq),2023,Oil and gas extraction (except oil sands),https://www23.statcan.gc.ca/imdb/p3VD.pl?Function=getVD&TVD=1369825&CVD=1370970&CPV=211110&CST=27012022&CLV=5&MLV=5,https://climate-change.canada.ca/facility-emissions/GHGRP-G11304-2023.html,"http://indicators-map.canada.ca/App/Detail?id=0111304&GoCTemplateCulture=en-CA
"
11307,Ferrier 01-20-039-07 W5M,Canadian Natural Resources Limited,,,N/A,Alberta,52.3648,-114.9643,15.48,kilotonnes of carbon dioxide equivalents (kt CO2 eq),2023,Oil and gas extraction (except oil sands),https://www23.statcan.gc.ca/imdb/p3VD.pl?Function=getVD&TVD=1369825&CVD=1370970&CPV=211110&CST=27012022&CLV=5&MLV=5,https://climate-change.canada.ca/facility-emissions/GHGRP-G11307-2023.html,"http://indicators-map.canada.ca/App/Detail?id=0111307&GoCTemplateCulture=en-CA
"
11308,Hamburg 11-14-097-11 W6M,Canadian Natural Resources Limited,,,N/A,Alberta,57.4189,-119.6697,12.64,kilotonnes of carbon dioxide equivalents (kt CO2 eq),2023,Oil and gas extraction (except oil sands),https://www23.statcan.gc.ca/imdb/p3VD.pl?Function=getVD&TVD=1369825&CVD=1370970&CPV=211110&CST=27012022&CLV=5&MLV=5,https://climate-change.canada.ca/facility-emissions/GHGRP-G11308-2023.html,"http://indicators-map.canada.ca/App/Detail?id=0111308&GoCTemplateCulture=en-CA
"
11309,GoodFish South Sour Gas Plant 03-32,Canadian Natural Resources Limited,,,N/A,Alberta,56.9309,-115.2522,12.79,kilotonnes of carbon dioxide equivalents (kt CO2 eq),2023,Oil and gas extraction (except oil sands),https://www23.statcan.gc.ca/imdb/p3VD.pl?Function=getVD&TVD=1369825&CVD=1370970&CPV=211110&CST=27012022&CLV=5&MLV=5,https://climate-change.canada.ca/facility-emissions/GHGRP-G11309-2023.html,"http://indicators-map.canada.ca/App/Detail?id=0111309&GoCTemplateCulture=en-CA
"
11311,Eaglesham Culp 05-34-078-25 W5M,Canadian Natural Resources Limited,,,N/A,Alberta,55.7994,-117.8,13.56,kilotonnes of carbon dioxide equivalents (kt CO2 eq),2023,Oil and gas extraction (except oil sands),https://www23.statcan.gc.ca/imdb/p3VD.pl?Function=getVD&TVD=1369825&CVD=1370970&CPV=211110&CST=27012022&CLV=5&MLV=5,https://climate-change.canada.ca/facility-emissions/GHGRP-G11311-2023.html,"http://indicators-map.canada.ca/App/Detail?id=0111311&GoCTemplateCulture=en-CA
"
11312,WIMBORNE Gas Battery 2-16-34-26W4,Canadian Natural Resources Limited,,,N/A,Alberta,51.9129,-113.6279,14.68,kilotonnes of carbon dioxide equivalents (kt CO2 eq),2023,Oil and gas extraction (except oil sands),https://www23.statcan.gc.ca/imdb/p3VD.pl?Function=getVD&TVD=1369825&CVD=1370970&CPV=211110&CST=27012022&CLV=5&MLV=5,https://climate-change.canada.ca/facility-emissions/GHGRP-G11312-2023.html,"http://indicators-map.canada.ca/App/Detail?id=0111312&GoCTemplateCulture=en-CA
"
11315,FCA Canada Inc. - Windsor Assembly Plant,FCA Canada Inc.,Windsor,2199 Chrysler Center Road,N9A 4H6,Ontario,42.3,-82.9881,48.25,kilotonnes of carbon dioxide equivalents (kt CO2 eq),2023,Automobile and Light-Duty Motor Vehicle Manufacturing,https://www23.statcan.gc.ca/imdb/p3VD.pl?Function=getVD&TVD=1369825&CVD=1370970&CPV=336110&CST=27012022&CLV=5&MLV=5,https://climate-change.canada.ca/facility-emissions/GHGRP-G11315-2023.html,"http://indicators-map.canada.ca/App/Detail?id=0111315&GoCTemplateCulture=en-CA
"
11319,Port Hope Conversion Facility,Cameco Corporation,Port Hope,1 Eldorado Place,L1A 3A1,Ontario,43.9422,-78.2942,21,kilotonnes of carbon dioxide equivalents (kt CO2 eq),2023,All Other Basic Inorganic Chemical Manufacturing,https://www23.statcan.gc.ca/imdb/p3VD.pl?Function=getVD&TVD=1369825&CVD=1370970&CPV=325189&CST=27012022&CLV=5&MLV=5,https://climate-change.canada.ca/facility-emissions/GHGRP-G11319-2023.html,"http://indicators-map.canada.ca/App/Detail?id=0111319&GoCTemplateCulture=en-CA
"
11320,South Wapiti 16-36,Canadian Natural Resources Limited,,,N/A,Alberta,54.84871,-119.2243,15.51,kilotonnes of carbon dioxide equivalents (kt CO2 eq),2023,Oil and gas extraction (except oil sands),https://www23.statcan.gc.ca/imdb/p3VD.pl?Function=getVD&TVD=1369825&CVD=1370970&CPV=211110&CST=27012022&CLV=5&MLV=5,https://climate-change.canada.ca/facility-emissions/GHGRP-G11320-2023.html,"http://indicators-map.canada.ca/App/Detail?id=0111320&GoCTemplateCulture=en-CA
"
11322,Victoria Hospital,London Health Sciences Centre,London,800 Commissioners Road East,N6A 5W9,Ontario,42.96021,-81.22554,42.44,kilotonnes of carbon dioxide equivalents (kt CO2 eq),2023,General (except Paediatric) Hospitals,https://www23.statcan.gc.ca/imdb/p3VD.pl?Function=getVD&TVD=1369825&CVD=1370970&CPV=622111&CST=27012022&CLV=5&MLV=5,https://climate-change.canada.ca/facility-emissions/GHGRP-G11322-2023.html,"http://indicators-map.canada.ca/App/Detail?id=0111322&GoCTemplateCulture=en-CA
"
11324,Alberta Hub Gas Storage Facility,ATCO Energy Solutions Ltd.,Peers,,T0E 1W0,Alberta,53.65284,-115.98545,13.53,kilotonnes of carbon dioxide equivalents (kt CO2 eq),2023,Oil and gas extraction (except oil sands),https://www23.statcan.gc.ca/imdb/p3VD.pl?Function=getVD&TVD=1369825&CVD=1370970&CPV=211110&CST=27012022&CLV=5&MLV=5,https://climate-change.canada.ca/facility-emissions/GHGRP-G11324-2023.html,"http://indicators-map.canada.ca/App/Detail?id=0111324&GoCTemplateCulture=en-CA
"
11325,NW Pure Alcohol and Spirits,North West Terminal Ltd. (NWT),Unity,1 MILE EAST OF HIGHWAY 14 Highway East,S0K 4L0,Saskatchewan,52.43333,-109.16667,23.95,kilotonnes of carbon dioxide equivalents (kt CO2 eq),2023,Other Basic Organic Chemical Manufacturing,https://www23.statcan.gc.ca/imdb/p3VD.pl?Function=getVD&TVD=1369825&CVD=1370970&CPV=325190&CST=27012022&CLV=5&MLV=5,https://climate-change.canada.ca/facility-emissions/GHGRP-G11325-2023.html,"http://indicators-map.canada.ca/App/Detail?id=0111325&GoCTemplateCulture=en-CA
"
11326,Hinton Gas Plant (06-32-51-25W5) - TOU,Tourmaline Oil Corp,Hinton,,N/A,Alberta,53.44318,-117.6554,21.35,kilotonnes of carbon dioxide equivalents (kt CO2 eq),2023,Oil and gas extraction (except oil sands),https://www23.statcan.gc.ca/imdb/p3VD.pl?Function=getVD&TVD=1369825&CVD=1370970&CPV=211110&CST=27012022&CLV=5&MLV=5,https://climate-change.canada.ca/facility-emissions/GHGRP-G11326-2023.html,"http://indicators-map.canada.ca/App/Detail?id=0111326&GoCTemplateCulture=en-CA
"
11327,Horse 16-17-058-26W5 Compressor,Tourmaline Oil Corp,Hinton,,N/A,Alberta,54.0193,-117.8199,69.98,kilotonnes of carbon dioxide equivalents (kt CO2 eq),2023,Oil and gas extraction (except oil sands),https://www23.statcan.gc.ca/imdb/p3VD.pl?Function=getVD&TVD=1369825&CVD=1370970&CPV=211110&CST=27012022&CLV=5&MLV=5,https://climate-change.canada.ca/facility-emissions/GHGRP-G11327-2023.html,"http://indicators-map.canada.ca/App/Detail?id=0111327&GoCTemplateCulture=en-CA
"
11328,Warner Oil Battery 04-20-007-16W4,Canadian Natural Resources Limited,Wrentham,,N/A,Alberta,49.56924,-112.14682,12.4,kilotonnes of carbon dioxide equivalents (kt CO2 eq),2023,Oil and gas extraction (except oil sands),https://www23.statcan.gc.ca/imdb/p3VD.pl?Function=getVD&TVD=1369825&CVD=1370970&CPV=211110&CST=27012022&CLV=5&MLV=5,https://climate-change.canada.ca/facility-emissions/GHGRP-G11328-2023.html,"http://indicators-map.canada.ca/App/Detail?id=0111328&GoCTemplateCulture=en-CA
"
11330,Moose Mountain Oil Battery 02-23-023-07W5,Caledonian Midstream,Bragg Creek,,N/A,Alberta,50.9658,-114.8787,17.82,kilotonnes of carbon dioxide equivalents (kt CO2 eq),2023,Oil and gas extraction (except oil sands),https://www23.statcan.gc.ca/imdb/p3VD.pl?Function=getVD&TVD=1369825&CVD=1370970&CPV=211110&CST=27012022&CLV=5&MLV=5,https://climate-change.canada.ca/facility-emissions/GHGRP-G11330-2023.html,"http://indicators-map.canada.ca/App/Detail?id=0111330&GoCTemplateCulture=en-CA
"
11331,Yorkton,Richardson Oilseed Ltd.,Yorkton,Highway #16 3 Miles West,S3N 2W1,Saskatchewan,51.23564,-102.5309,44.2,kilotonnes of carbon dioxide equivalents (kt CO2 eq),2023,Oilseed Processing,https://www23.statcan.gc.ca/imdb/p3VD.pl?Function=getVD&TVD=1369825&CVD=1370970&CPV=311224&CST=27012022&CLV=5&MLV=5,https://climate-change.canada.ca/facility-emissions/GHGRP-G11331-2023.html,"http://indicators-map.canada.ca/App/Detail?id=0111331&GoCTemplateCulture=en-CA
"
11335,Olymel S.E.C. Red Deer,Olymel S.E.C.,Red Deer,7550 40eme avenue,T4P 2H8,Alberta,52.30342,-113.79136,20.64,kilotonnes of carbon dioxide equivalents (kt CO2 eq),2023,Hog slaughtering,https://www23.statcan.gc.ca/imdb/p3VD.pl?Function=getVD&TVD=1369825&CVD=1370970&CPV=311617&CST=27012022&CLV=5&MLV=5,https://climate-change.canada.ca/facility-emissions/GHGRP-G11335-2023.html,"http://indicators-map.canada.ca/App/Detail?id=0111335&GoCTemplateCulture=en-CA
"
11337,Camrose Regional Landfill,City of Camrose,Camrose,5204 50 Avenue,T4V 0S8,Alberta,53.0222,-112.82859,18.46,kilotonnes of carbon dioxide equivalents (kt CO2 eq),2023,Waste Treatment and Disposal,https://www23.statcan.gc.ca/imdb/p3VD.pl?Function=getVD&TVD=1369825&CVD=1370970&CPV=562210&CST=27012022&CLV=5&MLV=5,https://climate-change.canada.ca/facility-emissions/GHGRP-G11337-2023.html,"http://indicators-map.canada.ca/App/Detail?id=0111337&GoCTemplateCulture=en-CA
"
11339,Niagara Road 12 Landfill Site,Regional Municipality of Niagara,West Lincoln,7015 Concession Road 7 Road,L0R 1M0,Ontario,47.78,-61.62,26.23,kilotonnes of carbon dioxide equivalents (kt CO2 eq),2023,Waste Treatment and Disposal,https://www23.statcan.gc.ca/imdb/p3VD.pl?Function=getVD&TVD=1369825&CVD=1370970&CPV=562210&CST=27012022&CLV=5&MLV=5,https://climate-change.canada.ca/facility-emissions/GHGRP-G11339-2023.html,"http://indicators-map.canada.ca/App/Detail?id=0111339&GoCTemplateCulture=en-CA
"
11340,Bridge Street Landfiil Site,Regional Municipality of Niagara,Fort Erie,1300 Bridge Street,L2A 5M4,Ontario,42.96642,-78.9639,29.26,kilotonnes of carbon dioxide equivalents (kt CO2 eq),2023,Waste Treatment and Disposal,https://www23.statcan.gc.ca/imdb/p3VD.pl?Function=getVD&TVD=1369825&CVD=1370970&CPV=562210&CST=27012022&CLV=5&MLV=5,https://climate-change.canada.ca/facility-emissions/GHGRP-G11340-2023.html,"http://indicators-map.canada.ca/App/Detail?id=0111340&GoCTemplateCulture=en-CA
"
11341,Elm Street Landfill Site,Regional Municipality of Niagara,Port Colborne,1700 Elm Street,L3K 5V4,Ontario,42.925,-79.258,13.01,kilotonnes of carbon dioxide equivalents (kt CO2 eq),2023,Waste Treatment and Disposal,https://www23.statcan.gc.ca/imdb/p3VD.pl?Function=getVD&TVD=1369825&CVD=1370970&CPV=562210&CST=27012022&CLV=5&MLV=5,https://climate-change.canada.ca/facility-emissions/GHGRP-G11341-2023.html,"http://indicators-map.canada.ca/App/Detail?id=0111341&GoCTemplateCulture=en-CA
"
11342,Bonavista Pine Creek 12-19-57-18,Bonavista Energy Corporation,Na,N/A,N/A,Alberta,53.94276,-116.67408,10.12,kilotonnes of carbon dioxide equivalents (kt CO2 eq),2023,Oil and gas extraction (except oil sands),https://www23.statcan.gc.ca/imdb/p3VD.pl?Function=getVD&TVD=1369825&CVD=1370970&CPV=211110&CST=27012022&CLV=5&MLV=5,https://climate-change.canada.ca/facility-emissions/GHGRP-G11342-2023.html,"http://indicators-map.canada.ca/App/Detail?id=0111342&GoCTemplateCulture=en-CA
"
11343,Pcp Westerose 14-27,Bonavista Energy Corporation,Na,N/A,N/A,Alberta,52.91414,-114.06415,11.7,kilotonnes of carbon dioxide equivalents (kt CO2 eq),2023,Oil and gas extraction (except oil sands),https://www23.statcan.gc.ca/imdb/p3VD.pl?Function=getVD&TVD=1369825&CVD=1370970&CPV=211110&CST=27012022&CLV=5&MLV=5,https://climate-change.canada.ca/facility-emissions/GHGRP-G11343-2023.html,"http://indicators-map.canada.ca/App/Detail?id=0111343&GoCTemplateCulture=en-CA
"
11345,Brazeau Office 01-01,Westbrick Energy Ltd (1),Clearwater County,,N/A,Alberta,52.84497,-115.598,45.07,kilotonnes of carbon dioxide equivalents (kt CO2 eq),2023,Oil and gas extraction (except oil sands),https://www23.statcan.gc.ca/imdb/p3VD.pl?Function=getVD&TVD=1369825&CVD=1370970&CPV=211110&CST=27012022&CLV=5&MLV=5,https://climate-change.canada.ca/facility-emissions/GHGRP-G11345-2023.html,"http://indicators-map.canada.ca/App/Detail?id=0111345&GoCTemplateCulture=en-CA
"
11348,GROUNDBIRCH GP 06-19-080-20W6,Strathcona Resources Ltd.,Groundbirch,,N/A,British Columbia,55.94624,-121.12157,19.48,kilotonnes of carbon dioxide equivalents (kt CO2 eq),2023,Oil and gas extraction (except oil sands),https://www23.statcan.gc.ca/imdb/p3VD.pl?Function=getVD&TVD=1369825&CVD=1370970&CPV=211110&CST=27012022&CLV=5&MLV=5,https://climate-change.canada.ca/facility-emissions/GHGRP-G11348-2023.html,"http://indicators-map.canada.ca/App/Detail?id=0111348&GoCTemplateCulture=en-CA
"
11349,BP CHAUVIN SOUTH 12-19,Teine Energy Ltd.,,,N/A,Alberta,52.63236,-110.28987,2.25,kilotonnes of carbon dioxide equivalents (kt CO2 eq),2023,Oil and gas extraction (except oil sands),https://www23.statcan.gc.ca/imdb/p3VD.pl?Function=getVD&TVD=1369825&CVD=1370970&CPV=211110&CST=27012022&CLV=5&MLV=5,https://climate-change.canada.ca/facility-emissions/GHGRP-G11349-2023.html,"http://indicators-map.canada.ca/App/Detail?id=0111349&GoCTemplateCulture=en-CA
"
11351,Sukunka Comp Stn A-064-J,Canadian Natural Resources Limited,,,N/A,British Columbia,55.46875,-121.66563,33.88,kilotonnes of carbon dioxide equivalents (kt CO2 eq),2023,Oil and gas extraction (except oil sands),https://www23.statcan.gc.ca/imdb/p3VD.pl?Function=getVD&TVD=1369825&CVD=1370970&CPV=211110&CST=27012022&CLV=5&MLV=5,https://climate-change.canada.ca/facility-emissions/GHGRP-G11351-2023.html,"http://indicators-map.canada.ca/App/Detail?id=0111351&GoCTemplateCulture=en-CA
"
11355,Esther Sweet Gas Plant 13-19,Obsidian Energy Ltd.,,,N/A,Alberta,51.76,-114.38,11.23,kilotonnes of carbon dioxide equivalents (kt CO2 eq),2023,Oil and gas extraction (except oil sands),https://www23.statcan.gc.ca/imdb/p3VD.pl?Function=getVD&TVD=1369825&CVD=1370970&CPV=211110&CST=27012022&CLV=5&MLV=5,https://climate-change.canada.ca/facility-emissions/GHGRP-G11355-2023.html,"http://indicators-map.canada.ca/App/Detail?id=0111355&GoCTemplateCulture=en-CA
"
11357,Town North B-070-C/094-G-01,PETRONAS Energy Canada Ltd.,Fort St. John,,N/A,British Columbia,57.052,-122.374,23.15,kilotonnes of carbon dioxide equivalents (kt CO2 eq),2023,Oil and gas extraction (except oil sands),https://www23.statcan.gc.ca/imdb/p3VD.pl?Function=getVD&TVD=1369825&CVD=1370970&CPV=211110&CST=27012022&CLV=5&MLV=5,https://climate-change.canada.ca/facility-emissions/GHGRP-G11357-2023.html,"http://indicators-map.canada.ca/App/Detail?id=0111357&GoCTemplateCulture=en-CA
"
11360,Younger NGL Extraction Plant,Pembina Pipeline Corporation,Taylor,,V0C 2K0,British Columbia,56.1467,-120.67224,61.39,kilotonnes of carbon dioxide equivalents (kt CO2 eq),2023,Oil and gas extraction (except oil sands),https://www23.statcan.gc.ca/imdb/p3VD.pl?Function=getVD&TVD=1369825&CVD=1370970&CPV=211110&CST=27012022&CLV=5&MLV=5,https://climate-change.canada.ca/facility-emissions/GHGRP-G11360-2023.html,"http://indicators-map.canada.ca/App/Detail?id=0111360&GoCTemplateCulture=en-CA
"
11361,Welded Tube (Q&T Plant),Welded Tube of Canada Corp,Welland,191 Ridge Road,L3B 5N7,Ontario,42.97077,-79.21057,13.02,kilotonnes of carbon dioxide equivalents (kt CO2 eq),2023,Iron and Steel Pipes and Tubes Manufacturing from Purchased Steel,https://www23.statcan.gc.ca/imdb/p3VD.pl?Function=getVD&TVD=1369825&CVD=1370970&CPV=331210&CST=27012022&CLV=5&MLV=5,https://climate-change.canada.ca/facility-emissions/GHGRP-G11361-2023.html,"http://indicators-map.canada.ca/App/Detail?id=0111361&GoCTemplateCulture=en-CA
"
11362,BPCO Edmonton,La Cie Matériaux de Construction BP Canada,Edmonton,3703 101 Avenue,T6P 1X7,Alberta,53.93572,-113.38194,20.82,kilotonnes of carbon dioxide equivalents (kt CO2 eq),2023,Asphalt Shingle and Coating Material Manufacturing,https://www23.statcan.gc.ca/imdb/p3VD.pl?Function=getVD&TVD=1369825&CVD=1370970&CPV=324122&CST=27012022&CLV=5&MLV=5,https://climate-change.canada.ca/facility-emissions/GHGRP-G11362-2023.html,"http://indicators-map.canada.ca/App/Detail?id=0111362&GoCTemplateCulture=en-CA
"
11363,Chaparral Landfill,Waste Connections of Canada Inc.,Calgary,201 194th Avenue South East & McLeod Trail,T2W 2C4,Alberta,50.52303,-114.12662,35.44,kilotonnes of carbon dioxide equivalents (kt CO2 eq),2023,Waste Treatment and Disposal,https://www23.statcan.gc.ca/imdb/p3VD.pl?Function=getVD&TVD=1369825&CVD=1370970&CPV=562210&CST=27012022&CLV=5&MLV=5,https://climate-change.canada.ca/facility-emissions/GHGRP-G11363-2023.html,"http://indicators-map.canada.ca/App/Detail?id=0111363&GoCTemplateCulture=en-CA
"
11366,Valhalla Oil Battery 06-18,Surge Energy Inc.,La Glace,,N/A,Alberta,55.40862,-119.22142,11.59,kilotonnes of carbon dioxide equivalents (kt CO2 eq),2023,Oil and gas extraction (except oil sands),https://www23.statcan.gc.ca/imdb/p3VD.pl?Function=getVD&TVD=1369825&CVD=1370970&CPV=211110&CST=27012022&CLV=5&MLV=5,https://climate-change.canada.ca/facility-emissions/GHGRP-G11366-2023.html,"http://indicators-map.canada.ca/App/Detail?id=0111366&GoCTemplateCulture=en-CA
"
11368,Valbruna ASW Inc.,Valbruna ASW Inc.,Welland,42 Centre Street,L3B 5N9,Ontario,42.99864,-79.23453,18.9,kilotonnes of carbon dioxide equivalents (kt CO2 eq),2023,Iron and Steel Mills and Ferro-Alloy Manufacturing,https://www23.statcan.gc.ca/imdb/p3VD.pl?Function=getVD&TVD=1369825&CVD=1370970&CPV=331110&CST=27012022&CLV=5&MLV=5,https://climate-change.canada.ca/facility-emissions/GHGRP-G11368-2023.html,"http://indicators-map.canada.ca/App/Detail?id=0111368&GoCTemplateCulture=en-CA
"
11369,Superb Kerrobert THAI Project,Superb Operating Company Ltd.,Coleville,Unnamed Rd,S0L 0K0,Saskatchewan,51.83246,-109.29718,17.1,kilotonnes of carbon dioxide equivalents (kt CO2 eq),2023,Oil and gas extraction (except oil sands),https://www23.statcan.gc.ca/imdb/p3VD.pl?Function=getVD&TVD=1369825&CVD=1370970&CPV=211110&CST=27012022&CLV=5&MLV=5,https://climate-change.canada.ca/facility-emissions/GHGRP-G11369-2023.html,"http://indicators-map.canada.ca/App/Detail?id=0111369&GoCTemplateCulture=en-CA
"
11372,Kakwa Sour Gas Processing Plant 16-07-063-05W6,ORLEN Upstream Canada Ltd.,Na,,N/A,Alberta,54.44155,-118.7335,49.89,kilotonnes of carbon dioxide equivalents (kt CO2 eq),2023,Oil and gas extraction (except oil sands),https://www23.statcan.gc.ca/imdb/p3VD.pl?Function=getVD&TVD=1369825&CVD=1370970&CPV=211110&CST=27012022&CLV=5&MLV=5,https://climate-change.canada.ca/facility-emissions/GHGRP-G11372-2023.html,"http://indicators-map.canada.ca/App/Detail?id=0111372&GoCTemplateCulture=en-CA
"
11375,Young-Davidson,Alamos Gold Incorporated,Matachewan,566 Hwy 566 Road West,P0K 1M0,Ontario,47.94722,-80.67722,21.63,kilotonnes of carbon dioxide equivalents (kt CO2 eq),2023,Gold and Silver Ore Mining,https://www23.statcan.gc.ca/imdb/p3VD.pl?Function=getVD&TVD=1369825&CVD=1370970&CPV=212220&CST=27012022&CLV=5&MLV=5,https://climate-change.canada.ca/facility-emissions/GHGRP-G11375-2023.html,"http://indicators-map.canada.ca/App/Detail?id=0111375&GoCTemplateCulture=en-CA
"
11376,Kiwigana Comp Stn C-093-L,Ovintiv Canada ULC,Fort Nelson,206 3991 50 Avenue South,V0C 1R0,British Columbia,59.24792,-122.90937,23.43,kilotonnes of carbon dioxide equivalents (kt CO2 eq),2023,Oil and gas extraction (except oil sands),https://www23.statcan.gc.ca/imdb/p3VD.pl?Function=getVD&TVD=1369825&CVD=1370970&CPV=211110&CST=27012022&CLV=5&MLV=5,https://climate-change.canada.ca/facility-emissions/GHGRP-G11376-2023.html,"http://indicators-map.canada.ca/App/Detail?id=0111376&GoCTemplateCulture=en-CA
"
11377,Caribou D-032-C Super Battery,PETRONAS Energy Canada Ltd.,Fort St. John,,N/A,British Columbia,57.28163,-122.76431,19.65,kilotonnes of carbon dioxide equivalents (kt CO2 eq),2023,Oil and gas extraction (except oil sands),https://www23.statcan.gc.ca/imdb/p3VD.pl?Function=getVD&TVD=1369825&CVD=1370970&CPV=211110&CST=27012022&CLV=5&MLV=5,https://climate-change.canada.ca/facility-emissions/GHGRP-G11377-2023.html,"http://indicators-map.canada.ca/App/Detail?id=0111377&GoCTemplateCulture=en-CA
"
11378,Lily B-038-J/094-G-02,PETRONAS Energy Canada Ltd.,Fort St. John,,N/A,British Columbia,57.19281,-122.72111,44.26,kilotonnes of carbon dioxide equivalents (kt CO2 eq),2023,Oil and gas extraction (except oil sands),https://www23.statcan.gc.ca/imdb/p3VD.pl?Function=getVD&TVD=1369825&CVD=1370970&CPV=211110&CST=27012022&CLV=5&MLV=5,https://climate-change.canada.ca/facility-emissions/GHGRP-G11378-2023.html,"http://indicators-map.canada.ca/App/Detail?id=0111378&GoCTemplateCulture=en-CA
"
11379,Huron 15-34-079-17W6 Compressor,Tourmaline Oil Corp,Taylor,,N/A,British Columbia,55.8954,-120.5691,24.74,kilotonnes of carbon dioxide equivalents (kt CO2 eq),2023,Oil and gas extraction (except oil sands),https://www23.statcan.gc.ca/imdb/p3VD.pl?Function=getVD&TVD=1369825&CVD=1370970&CPV=211110&CST=27012022&CLV=5&MLV=5,https://climate-change.canada.ca/facility-emissions/GHGRP-G11379-2023.html,"http://indicators-map.canada.ca/App/Detail?id=0111379&GoCTemplateCulture=en-CA
"
11380,Ferrier Compressor Station 04-13-039-09W5,ORLEN Upstream Canada Ltd.,Na,,N/A,Alberta,52.35035,-115.17385,39.96,kilotonnes of carbon dioxide equivalents (kt CO2 eq),2023,Oil and gas extraction (except oil sands),https://www23.statcan.gc.ca/imdb/p3VD.pl?Function=getVD&TVD=1369825&CVD=1370970&CPV=211110&CST=27012022&CLV=5&MLV=5,https://climate-change.canada.ca/facility-emissions/GHGRP-G11380-2023.html,"http://indicators-map.canada.ca/App/Detail?id=0111380&GoCTemplateCulture=en-CA
"
11382,Projet Nunavik Nickel,Canadian Royalties inc.,Kattiniq,Kattiniq,H3B 1X9,Quebec,61.3239,-73.3234,134.26,kilotonnes of carbon dioxide equivalents (kt CO2 eq),2023,Nickel-Copper Ore Mining,https://www23.statcan.gc.ca/imdb/p3VD.pl?Function=getVD&TVD=1369825&CVD=1370970&CPV=212232&CST=27012022&CLV=5&MLV=5,https://climate-change.canada.ca/facility-emissions/GHGRP-G11382-2023.html,"http://indicators-map.canada.ca/App/Detail?id=0111382&GoCTemplateCulture=en-CA
"
11385,Aquatera Grande Prairie WWTP (and Landfill),Aquatera Utilities Inc.,Grande Prairie,5306 100 Street,T8W 2R6,Alberta,55.07405,-118.47474,33.63,kilotonnes of carbon dioxide equivalents (kt CO2 eq),2023,Sewage Treatment Facilities,https://www23.statcan.gc.ca/imdb/p3VD.pl?Function=getVD&TVD=1369825&CVD=1370970&CPV=221320&CST=27012022&CLV=5&MLV=5,https://climate-change.canada.ca/facility-emissions/GHGRP-G11385-2023.html,"http://indicators-map.canada.ca/App/Detail?id=0111385&GoCTemplateCulture=en-CA
"
11386,Robin Hood Bay Regional Waste Management Facility,City of St. John's,St. John's,340 East White Hills Road,A1C 5M2,Newfoundland and Labrador,47.60422,-52.66763,74.45,kilotonnes of carbon dioxide equivalents (kt CO2 eq),2023,Waste Treatment and Disposal,https://www23.statcan.gc.ca/imdb/p3VD.pl?Function=getVD&TVD=1369825&CVD=1370970&CPV=562210&CST=27012022&CLV=5&MLV=5,https://climate-change.canada.ca/facility-emissions/GHGRP-G11386-2023.html,"http://indicators-map.canada.ca/App/Detail?id=0111386&GoCTemplateCulture=en-CA
"
11387,Anderson Gas Plant (01-09-051-24W5) - TOU,Tourmaline Oil Corp,Hinton,,N/A,Alberta,53.38259,-117.4668,22.68,kilotonnes of carbon dioxide equivalents (kt CO2 eq),2023,Oil and gas extraction (except oil sands),https://www23.statcan.gc.ca/imdb/p3VD.pl?Function=getVD&TVD=1369825&CVD=1370970&CPV=211110&CST=27012022&CLV=5&MLV=5,https://climate-change.canada.ca/facility-emissions/GHGRP-G11387-2023.html,"http://indicators-map.canada.ca/App/Detail?id=0111387&GoCTemplateCulture=en-CA
"
11388,Eastern Ontario Waste Handling Facility – Landfill,GFL Environmental Inc.,Moose Creek,17125 Lafleche Road,K0C 1W0,Ontario,45.3047,-74.99235,111.2,kilotonnes of carbon dioxide equivalents (kt CO2 eq),2023,Waste Treatment and Disposal,https://www23.statcan.gc.ca/imdb/p3VD.pl?Function=getVD&TVD=1369825&CVD=1370970&CPV=562210&CST=27012022&CLV=5&MLV=5,https://climate-change.canada.ca/facility-emissions/GHGRP-G11388-2023.html,"http://indicators-map.canada.ca/App/Detail?id=0111388&GoCTemplateCulture=en-CA
"
11389,Jansen Project,BHP Canada Inc.,Saskatoon,130 3rd Avenue South,S7K 1L3,Saskatchewan,51.88147,-104.7276,15.92,kilotonnes of carbon dioxide equivalents (kt CO2 eq),2023,Potash Mining,https://www23.statcan.gc.ca/imdb/p3VD.pl?Function=getVD&TVD=1369825&CVD=1370970&CPV=212396&CST=27012022&CLV=5&MLV=5,https://climate-change.canada.ca/facility-emissions/GHGRP-G11389-2023.html,"http://indicators-map.canada.ca/App/Detail?id=0111389&GoCTemplateCulture=en-CA
"
11390,Fonderie Bibby Sainte-Croix,Canada Pipe Co Ltd.,Sainte Croix,6200 Principale,G0S 2H0,Quebec,46.6236,-71.7361,15.99,kilotonnes of carbon dioxide equivalents (kt CO2 eq),2023,Iron Foundries,https://www23.statcan.gc.ca/imdb/p3VD.pl?Function=getVD&TVD=1369825&CVD=1370970&CPV=331511&CST=27012022&CLV=5&MLV=5,https://climate-change.canada.ca/facility-emissions/GHGRP-G11390-2023.html,"http://indicators-map.canada.ca/App/Detail?id=0111390&GoCTemplateCulture=en-CA
"
11391,Ante Creek North Sweet Gas Plant 10-07,ARC RESOURCES LTD.,,,N/A,Alberta,54.78675,-117.64646,43.57,kilotonnes of carbon dioxide equivalents (kt CO2 eq),2023,Oil and gas extraction (except oil sands),https://www23.statcan.gc.ca/imdb/p3VD.pl?Function=getVD&TVD=1369825&CVD=1370970&CPV=211110&CST=27012022&CLV=5&MLV=5,https://climate-change.canada.ca/facility-emissions/GHGRP-G11391-2023.html,"http://indicators-map.canada.ca/App/Detail?id=0111391&GoCTemplateCulture=en-CA
"
11392,Vero Edson Sweet Gas Plant 12-15-053-15W5,Westbrick Energy Ltd (1),,,N/A,Alberta,53.57954,-116.13688,22.44,kilotonnes of carbon dioxide equivalents (kt CO2 eq),2023,Oil and gas extraction (except oil sands),https://www23.statcan.gc.ca/imdb/p3VD.pl?Function=getVD&TVD=1369825&CVD=1370970&CPV=211110&CST=27012022&CLV=5&MLV=5,https://climate-change.canada.ca/facility-emissions/GHGRP-G11392-2023.html,"http://indicators-map.canada.ca/App/Detail?id=0111392&GoCTemplateCulture=en-CA
"
11394,Leitchville Sour Gas Plant,Steel Reef Infrastructure Corp.,,,N/A,Saskatchewan,49.72947,-108.53147,20.35,kilotonnes of carbon dioxide equivalents (kt CO2 eq),2023,Oil and gas extraction (except oil sands),https://www23.statcan.gc.ca/imdb/p3VD.pl?Function=getVD&TVD=1369825&CVD=1370970&CPV=211110&CST=27012022&CLV=5&MLV=5,https://climate-change.canada.ca/facility-emissions/GHGRP-G11394-2023.html,"http://indicators-map.canada.ca/App/Detail?id=0111394&GoCTemplateCulture=en-CA
"
11397,Fort Hills Oil Sands,Fort Hills Energy L.P.,Fort McMurray,90 kms north of Fort McMurray,T9H 4V9,Alberta,57.39207,-111.56791,2359.26,kilotonnes of carbon dioxide equivalents (kt CO2 eq),2023,Mined oil sands extraction,https://www23.statcan.gc.ca/imdb/p3VD.pl?Function=getVD&TVD=1369825&CVD=1370970&CPV=211142&CST=27012022&CLV=5&MLV=5,https://climate-change.canada.ca/facility-emissions/GHGRP-G11397-2023.html,"http://indicators-map.canada.ca/App/Detail?id=0111397&GoCTemplateCulture=en-CA
"
11398,Ferrero Canada Limited,Ferrero Canada Limited,Brantford,1 Ferrero Boulevard,N3V 1G3,Ontario,43.16226,-80.32571,28.29,kilotonnes of carbon dioxide equivalents (kt CO2 eq),2023,Chocolate and chocolate confectionery manufacturing from cacao beans,https://www23.statcan.gc.ca/imdb/p3VD.pl?Function=getVD&TVD=1369825&CVD=1370970&CPV=311351&CST=27012022&CLV=5&MLV=5,https://climate-change.canada.ca/facility-emissions/GHGRP-G11398-2023.html,"http://indicators-map.canada.ca/App/Detail?id=0111398&GoCTemplateCulture=en-CA
"
11402,Altares D-097-G/094-B-08,PETRONAS Energy Canada Ltd.,Fort St. John,,N/A,British Columbia,56.41466,-122.20466,15.94,kilotonnes of carbon dioxide equivalents (kt CO2 eq),2023,Oil and gas extraction (except oil sands),https://www23.statcan.gc.ca/imdb/p3VD.pl?Function=getVD&TVD=1369825&CVD=1370970&CPV=211110&CST=27012022&CLV=5&MLV=5,https://climate-change.canada.ca/facility-emissions/GHGRP-G11402-2023.html,"http://indicators-map.canada.ca/App/Detail?id=0111402&GoCTemplateCulture=en-CA
"
11404,W Gundy B-032-B/094-B-16,PETRONAS Energy Canada Ltd.,Fort St. John,,N/A,British Columbia,56.777,-122.14832,12.31,kilotonnes of carbon dioxide equivalents (kt CO2 eq),2023,Oil and gas extraction (except oil sands),https://www23.statcan.gc.ca/imdb/p3VD.pl?Function=getVD&TVD=1369825&CVD=1370970&CPV=211110&CST=27012022&CLV=5&MLV=5,https://climate-change.canada.ca/facility-emissions/GHGRP-G11404-2023.html,"http://indicators-map.canada.ca/App/Detail?id=0111404&GoCTemplateCulture=en-CA
"
11405,Lily A-29-J Gas Plant,PETRONAS Energy Canada Ltd.,Fort St. John,,N/A,British Columbia,57.18502,-122.72943,16.49,kilotonnes of carbon dioxide equivalents (kt CO2 eq),2023,Oil and gas extraction (except oil sands),https://www23.statcan.gc.ca/imdb/p3VD.pl?Function=getVD&TVD=1369825&CVD=1370970&CPV=211110&CST=27012022&CLV=5&MLV=5,https://climate-change.canada.ca/facility-emissions/GHGRP-G11405-2023.html,"http://indicators-map.canada.ca/App/Detail?id=0111405&GoCTemplateCulture=en-CA
"
11407,Resthaven 02-10-060-01W6 GGS,Whitecap Resources Inc.,Calgary,,N/A,Alberta,54.16866,-118.05972,30.01,kilotonnes of carbon dioxide equivalents (kt CO2 eq),2023,Oil and gas extraction (except oil sands),https://www23.statcan.gc.ca/imdb/p3VD.pl?Function=getVD&TVD=1369825&CVD=1370970&CPV=211110&CST=27012022&CLV=5&MLV=5,https://climate-change.canada.ca/facility-emissions/GHGRP-G11407-2023.html,"http://indicators-map.canada.ca/App/Detail?id=0111407&GoCTemplateCulture=en-CA
"
11409,Hangingstone Expansion Project,Greenfire Resources Operating Corporation,Rm of Wood Buffalo,,T9H 3G2,Alberta,56.27721,-111.62239,534.56,kilotonnes of carbon dioxide equivalents (kt CO2 eq),2023,In-situ oil sands extraction,https://www23.statcan.gc.ca/imdb/p3VD.pl?Function=getVD&TVD=1369825&CVD=1370970&CPV=211141&CST=27012022&CLV=5&MLV=5,https://climate-change.canada.ca/facility-emissions/GHGRP-G11409-2023.html,"http://indicators-map.canada.ca/App/Detail?id=0111409&GoCTemplateCulture=en-CA
"
11411,Golden Lake Oil Multi Well Battery 14-13-047-23W3,Cenovus Energy Inc.,Maidstone,,N/A,Saskatchewan,53.05783,-109.23875,13.83,kilotonnes of carbon dioxide equivalents (kt CO2 eq),2023,Oil and gas extraction (except oil sands),https://www23.statcan.gc.ca/imdb/p3VD.pl?Function=getVD&TVD=1369825&CVD=1370970&CPV=211110&CST=27012022&CLV=5&MLV=5,https://climate-change.canada.ca/facility-emissions/GHGRP-G11411-2023.html,"http://indicators-map.canada.ca/App/Detail?id=0111411&GoCTemplateCulture=en-CA
"
11412,Ferguson Oil Bty 1-21-3-17W4,IPC Canada Ltd.,Milk River,,T0K 1M0,Alberta,49.2191,-112.22813,13.78,kilotonnes of carbon dioxide equivalents (kt CO2 eq),2023,Oil and gas extraction (except oil sands),https://www23.statcan.gc.ca/imdb/p3VD.pl?Function=getVD&TVD=1369825&CVD=1370970&CPV=211110&CST=27012022&CLV=5&MLV=5,https://climate-change.canada.ca/facility-emissions/GHGRP-G11412-2023.html,"http://indicators-map.canada.ca/App/Detail?id=0111412&GoCTemplateCulture=en-CA
"
11413,Ferguson Compressor Station 03-25-003-17W4,IPC Canada Ltd.,Warner,,T0K 2L0,Alberta,49.23378,-112.17199,59.38,kilotonnes of carbon dioxide equivalents (kt CO2 eq),2023,Oil and gas extraction (except oil sands),https://www23.statcan.gc.ca/imdb/p3VD.pl?Function=getVD&TVD=1369825&CVD=1370970&CPV=211110&CST=27012022&CLV=5&MLV=5,https://climate-change.canada.ca/facility-emissions/GHGRP-G11413-2023.html,"http://indicators-map.canada.ca/App/Detail?id=0111413&GoCTemplateCulture=en-CA
"
11415,Altares Gas Plant b-24-H,Pacific Canbriam Energy Limited,,,N/A,British Columbia,56.35202,-122.04837,28.79,kilotonnes of carbon dioxide equivalents (kt CO2 eq),2023,Oil and gas extraction (except oil sands),https://www23.statcan.gc.ca/imdb/p3VD.pl?Function=getVD&TVD=1369825&CVD=1370970&CPV=211110&CST=27012022&CLV=5&MLV=5,https://climate-change.canada.ca/facility-emissions/GHGRP-G11415-2023.html,"http://indicators-map.canada.ca/App/Detail?id=0111415&GoCTemplateCulture=en-CA
"
11416,Sarnia CO2 & Dry Ice Plant,Linde Canada Inc.,Sarnia,1832 South Vidal Street,N7T 7H5,Ontario,42.9237,-82.43487,30.31,kilotonnes of carbon dioxide equivalents (kt CO2 eq),2023,Industrial Gas Manufacturing,https://www23.statcan.gc.ca/imdb/p3VD.pl?Function=getVD&TVD=1369825&CVD=1370970&CPV=325120&CST=27012022&CLV=5&MLV=5,https://climate-change.canada.ca/facility-emissions/GHGRP-G11416-2023.html,"http://indicators-map.canada.ca/App/Detail?id=0111416&GoCTemplateCulture=en-CA
"
11418,Wildhay Gas Plant (11-16-055-24W5) - TOU,Tourmaline Oil Corp,,,N/A,Alberta,53.75386,-117.51012,49.81,kilotonnes of carbon dioxide equivalents (kt CO2 eq),2023,Oil and gas extraction (except oil sands),https://www23.statcan.gc.ca/imdb/p3VD.pl?Function=getVD&TVD=1369825&CVD=1370970&CPV=211110&CST=27012022&CLV=5&MLV=5,https://climate-change.canada.ca/facility-emissions/GHGRP-G11418-2023.html,"http://indicators-map.canada.ca/App/Detail?id=0111418&GoCTemplateCulture=en-CA
"
11421,Wapiti Comp stn 15-09,Sinopec Canada,Wapiti,,N/A,Alberta,54.96512,-119.30677,45.45,kilotonnes of carbon dioxide equivalents (kt CO2 eq),2023,Oil and gas extraction (except oil sands),https://www23.statcan.gc.ca/imdb/p3VD.pl?Function=getVD&TVD=1369825&CVD=1370970&CPV=211110&CST=27012022&CLV=5&MLV=5,https://climate-change.canada.ca/facility-emissions/GHGRP-G11421-2023.html,"http://indicators-map.canada.ca/App/Detail?id=0111421&GoCTemplateCulture=en-CA
"
11423,Veolia ES Canada Services Industriels inc.,Veolia ES Canada Services Industriels Inc.,St Hyacinthe,7950 Av. Pion,J2S 8B1,Quebec,45.37,-72.57,17.96,kilotonnes of carbon dioxide equivalents (kt CO2 eq),2023,Remediation Services,https://www23.statcan.gc.ca/imdb/p3VD.pl?Function=getVD&TVD=1369825&CVD=1370970&CPV=562910&CST=27012022&CLV=5&MLV=5,https://climate-change.canada.ca/facility-emissions/GHGRP-G11423-2023.html,"http://indicators-map.canada.ca/App/Detail?id=0111423&GoCTemplateCulture=en-CA
"
11425,Installations portuaires de Port-Cartier,ArcelorMittal Infrastructure Canada s.e.n.c.,Port Cartier,186 Portage des Mousses Boulevard,G5B 2H3,Quebec,50.0334,-66.791,16.62,kilotonnes of carbon dioxide equivalents (kt CO2 eq),2023,Port and Harbour Operations,https://www23.statcan.gc.ca/imdb/p3VD.pl?Function=getVD&TVD=1369825&CVD=1370970&CPV=488310&CST=27012022&CLV=5&MLV=5,https://climate-change.canada.ca/facility-emissions/GHGRP-G11425-2023.html,"http://indicators-map.canada.ca/App/Detail?id=0111425&GoCTemplateCulture=en-CA
"
11426,Julienne A-005-I/094-G-02,PETRONAS Energy Canada Ltd.,Fort St John,,N/A,British Columbia,57.16839,-122.55457,24.97,kilotonnes of carbon dioxide equivalents (kt CO2 eq),2023,Oil and gas extraction (except oil sands),https://www23.statcan.gc.ca/imdb/p3VD.pl?Function=getVD&TVD=1369825&CVD=1370970&CPV=211110&CST=27012022&CLV=5&MLV=5,https://climate-change.canada.ca/facility-emissions/GHGRP-G11426-2023.html,"http://indicators-map.canada.ca/App/Detail?id=0111426&GoCTemplateCulture=en-CA
"
11427,Sasquatch B-32-E,PETRONAS Energy Canada Ltd.,Fort St John,,N/A,British Columbia,57.11027,-122.39857,21.07,kilotonnes of carbon dioxide equivalents (kt CO2 eq),2023,Oil and gas extraction (except oil sands),https://www23.statcan.gc.ca/imdb/p3VD.pl?Function=getVD&TVD=1369825&CVD=1370970&CPV=211110&CST=27012022&CLV=5&MLV=5,https://climate-change.canada.ca/facility-emissions/GHGRP-G11427-2023.html,"http://indicators-map.canada.ca/App/Detail?id=0111427&GoCTemplateCulture=en-CA
"
11428,Gundy D-004-H/094-B-16,PETRONAS Energy Canada Ltd.,Fort St John,,N/A,British Columbia,56.83933,-122.04238,30.09,kilotonnes of carbon dioxide equivalents (kt CO2 eq),2023,Oil and gas extraction (except oil sands),https://www23.statcan.gc.ca/imdb/p3VD.pl?Function=getVD&TVD=1369825&CVD=1370970&CPV=211110&CST=27012022&CLV=5&MLV=5,https://climate-change.canada.ca/facility-emissions/GHGRP-G11428-2023.html,"http://indicators-map.canada.ca/App/Detail?id=0111428&GoCTemplateCulture=en-CA
"
11431,North Beg D-045-D/094-G-08,PETRONAS Energy Canada Ltd.,Fort St John,,N/A,British Columbia,57.28936,-122.42947,15.86,kilotonnes of carbon dioxide equivalents (kt CO2 eq),2023,Oil and gas extraction (except oil sands),https://www23.statcan.gc.ca/imdb/p3VD.pl?Function=getVD&TVD=1369825&CVD=1370970&CPV=211110&CST=27012022&CLV=5&MLV=5,https://climate-change.canada.ca/facility-emissions/GHGRP-G11431-2023.html,"http://indicators-map.canada.ca/App/Detail?id=0111431&GoCTemplateCulture=en-CA
"
11432,Sundown B-067-H/093-P-10 Sweet Compressor,Tourmaline Oil Corp,Dawson Creek,,N/A,British Columbia,55.63536,-120.58595,66.11,kilotonnes of carbon dioxide equivalents (kt CO2 eq),2023,Oil and gas extraction (except oil sands),https://www23.statcan.gc.ca/imdb/p3VD.pl?Function=getVD&TVD=1369825&CVD=1370970&CPV=211110&CST=27012022&CLV=5&MLV=5,https://climate-change.canada.ca/facility-emissions/GHGRP-G11432-2023.html,"http://indicators-map.canada.ca/App/Detail?id=0111432&GoCTemplateCulture=en-CA
"
11437,Kerrobert 01-01-033-24W3,Baytex Energy Ltd,Kerrobert,,N/A,Saskatchewan,51.79788,-109.26718,74.95,kilotonnes of carbon dioxide equivalents (kt CO2 eq),2023,Oil and gas extraction (except oil sands),https://www23.statcan.gc.ca/imdb/p3VD.pl?Function=getVD&TVD=1369825&CVD=1370970&CPV=211110&CST=27012022&CLV=5&MLV=5,https://climate-change.canada.ca/facility-emissions/GHGRP-G11437-2023.html,"http://indicators-map.canada.ca/App/Detail?id=0111437&GoCTemplateCulture=en-CA
"
11438,Pembalta Gas Plant 09-25,Ricochet Oil Corp.,Calgary,Suite 700 520 5 Avenue Southwest,T2P 3R7,Alberta,53.17235,-114.88247,11.83,kilotonnes of carbon dioxide equivalents (kt CO2 eq),2023,Oil and gas extraction (except oil sands),https://www23.statcan.gc.ca/imdb/p3VD.pl?Function=getVD&TVD=1369825&CVD=1370970&CPV=211110&CST=27012022&CLV=5&MLV=5,https://climate-change.canada.ca/facility-emissions/GHGRP-G11438-2023.html,"http://indicators-map.canada.ca/App/Detail?id=0111438&GoCTemplateCulture=en-CA
"
11439,Maple Leaf Foods - Heritage,Maple Leaf Foods Inc.,Hamilton,440 Glover Road,L0R 1P0,Ontario,43.17191,-79.83518,15.22,kilotonnes of carbon dioxide equivalents (kt CO2 eq),2023,Rendering and Meat Processing from Carcasses,https://www23.statcan.gc.ca/imdb/p3VD.pl?Function=getVD&TVD=1369825&CVD=1370970&CPV=311614&CST=27012022&CLV=5&MLV=5,https://climate-change.canada.ca/facility-emissions/GHGRP-G11439-2023.html,"http://indicators-map.canada.ca/App/Detail?id=0111439&GoCTemplateCulture=en-CA
"
11440,Kaybob 15-07-060-18W5 GP,Whitecap Resources Inc.,,,N/A,Alberta,54.17947,-116.68595,24.21,kilotonnes of carbon dioxide equivalents (kt CO2 eq),2023,Oil and gas extraction (except oil sands),https://www23.statcan.gc.ca/imdb/p3VD.pl?Function=getVD&TVD=1369825&CVD=1370970&CPV=211110&CST=27012022&CLV=5&MLV=5,https://climate-change.canada.ca/facility-emissions/GHGRP-G11440-2023.html,"http://indicators-map.canada.ca/App/Detail?id=0111440&GoCTemplateCulture=en-CA
"
11443,Wapiti Gas Gathering 03-36,NuVista Energy Ltd.,Calgary,2500 525 8 Avenue Southwest,N/A,Alberta,54.66332,-118.77128,70.19,kilotonnes of carbon dioxide equivalents (kt CO2 eq),2023,Oil and gas extraction (except oil sands),https://www23.statcan.gc.ca/imdb/p3VD.pl?Function=getVD&TVD=1369825&CVD=1370970&CPV=211110&CST=27012022&CLV=5&MLV=5,https://climate-change.canada.ca/facility-emissions/GHGRP-G11443-2023.html,"http://indicators-map.canada.ca/App/Detail?id=0111443&GoCTemplateCulture=en-CA
"
11448,Laglace Oil Battery 14-29-074-08W6,Kelt Exploration,,,N/A,Alberta,55.44636,-119.19392,16.33,kilotonnes of carbon dioxide equivalents (kt CO2 eq),2023,Oil and gas extraction (except oil sands),https://www23.statcan.gc.ca/imdb/p3VD.pl?Function=getVD&TVD=1369825&CVD=1370970&CPV=211110&CST=27012022&CLV=5&MLV=5,https://climate-change.canada.ca/facility-emissions/GHGRP-G11448-2023.html,"http://indicators-map.canada.ca/App/Detail?id=0111448&GoCTemplateCulture=en-CA
"
11449,Mountain Road Landfill,Regional Municipality of Niagara,Niagara Falls,2390 Mewburn Road,L2E 6S4,Ontario,43.81398,-79.73137,51.42,kilotonnes of carbon dioxide equivalents (kt CO2 eq),2023,Waste Treatment and Disposal,https://www23.statcan.gc.ca/imdb/p3VD.pl?Function=getVD&TVD=1369825&CVD=1370970&CPV=562210&CST=27012022&CLV=5&MLV=5,https://climate-change.canada.ca/facility-emissions/GHGRP-G11449-2023.html,"http://indicators-map.canada.ca/App/Detail?id=0111449&GoCTemplateCulture=en-CA
"
11451,Cynthia GP & Bty,Keyera Corp,Cynthia,,N/A,Alberta,53.25609,-115.55297,77.02,kilotonnes of carbon dioxide equivalents (kt CO2 eq),2023,Oil and gas extraction (except oil sands),https://www23.statcan.gc.ca/imdb/p3VD.pl?Function=getVD&TVD=1369825&CVD=1370970&CPV=211110&CST=27012022&CLV=5&MLV=5,https://climate-change.canada.ca/facility-emissions/GHGRP-G11451-2023.html,"http://indicators-map.canada.ca/App/Detail?id=0111451&GoCTemplateCulture=en-CA
"
11452,Kakwa 01-02-064-05W6,ARC RESOURCES LTD.,Kakwa,43 Highway,N/A,Alberta,54.50343,-118.63289,24.52,kilotonnes of carbon dioxide equivalents (kt CO2 eq),2023,Oil and gas extraction (except oil sands),https://www23.statcan.gc.ca/imdb/p3VD.pl?Function=getVD&TVD=1369825&CVD=1370970&CPV=211110&CST=27012022&CLV=5&MLV=5,https://climate-change.canada.ca/facility-emissions/GHGRP-G11452-2023.html,"http://indicators-map.canada.ca/App/Detail?id=0111452&GoCTemplateCulture=en-CA
"
11453,Kakwa 07-04-064-05W6,ARC RESOURCES LTD.,Kakwa,,N/A,Alberta,54.50708,-118.68952,39.98,kilotonnes of carbon dioxide equivalents (kt CO2 eq),2023,Oil and gas extraction (except oil sands),https://www23.statcan.gc.ca/imdb/p3VD.pl?Function=getVD&TVD=1369825&CVD=1370970&CPV=211110&CST=27012022&CLV=5&MLV=5,https://climate-change.canada.ca/facility-emissions/GHGRP-G11453-2023.html,"http://indicators-map.canada.ca/App/Detail?id=0111453&GoCTemplateCulture=en-CA
"
11454,Kakwa 13-08-064-04W6,ARC RESOURCES LTD.,Kakwa,,N/A,Alberta,54.52879,-118.57619,37.8,kilotonnes of carbon dioxide equivalents (kt CO2 eq),2023,Oil and gas extraction (except oil sands),https://www23.statcan.gc.ca/imdb/p3VD.pl?Function=getVD&TVD=1369825&CVD=1370970&CPV=211110&CST=27012022&CLV=5&MLV=5,https://climate-change.canada.ca/facility-emissions/GHGRP-G11454-2023.html,"http://indicators-map.canada.ca/App/Detail?id=0111454&GoCTemplateCulture=en-CA
"
11455,Kakwa 16-29-064-05 W6M,ARC RESOURCES LTD.,Kakwa,,N/A,Alberta,54.57255,-118.70841,39.05,kilotonnes of carbon dioxide equivalents (kt CO2 eq),2023,Oil and gas extraction (except oil sands),https://www23.statcan.gc.ca/imdb/p3VD.pl?Function=getVD&TVD=1369825&CVD=1370970&CPV=211110&CST=27012022&CLV=5&MLV=5,https://climate-change.canada.ca/facility-emissions/GHGRP-G11455-2023.html,"http://indicators-map.canada.ca/App/Detail?id=0111455&GoCTemplateCulture=en-CA
"
11456,Kaybob 15-28,PGI Processing ULC,Kaybob,,T0H 1P0,Alberta,54.39771,-116.93578,11.44,kilotonnes of carbon dioxide equivalents (kt CO2 eq),2023,Oil and gas extraction (except oil sands),https://www23.statcan.gc.ca/imdb/p3VD.pl?Function=getVD&TVD=1369825&CVD=1370970&CPV=211110&CST=27012022&CLV=5&MLV=5,https://climate-change.canada.ca/facility-emissions/GHGRP-G11456-2023.html,"http://indicators-map.canada.ca/App/Detail?id=0111456&GoCTemplateCulture=en-CA
"
11457,Karr Sour Gas Processing Plant,CSV Midstream Solutions,Calgary,1700 330 5 Avenue Southwest,T2P 0L4,Alberta,54.71055,-118.59518,177.59,kilotonnes of carbon dioxide equivalents (kt CO2 eq),2023,Oil and gas extraction (except oil sands),https://www23.statcan.gc.ca/imdb/p3VD.pl?Function=getVD&TVD=1369825&CVD=1370970&CPV=211110&CST=27012022&CLV=5&MLV=5,https://climate-change.canada.ca/facility-emissions/GHGRP-G11457-2023.html,"http://indicators-map.canada.ca/App/Detail?id=0111457&GoCTemplateCulture=en-CA
"
11458,Kakwa 16-21-063-04W6,ARC RESOURCES LTD.,Kakwa,,N/A,Alberta,54.47059,-118.53223,43.68,kilotonnes of carbon dioxide equivalents (kt CO2 eq),2023,Oil and gas extraction (except oil sands),https://www23.statcan.gc.ca/imdb/p3VD.pl?Function=getVD&TVD=1369825&CVD=1370970&CPV=211110&CST=27012022&CLV=5&MLV=5,https://climate-change.canada.ca/facility-emissions/GHGRP-G11458-2023.html,"http://indicators-map.canada.ca/App/Detail?id=0111458&GoCTemplateCulture=en-CA
"
11459,Musreau II 09-26-062-6W6,Pembina Pipeline Corporation,,,N/A,Alberta,54.39407,-118.77809,41.17,kilotonnes of carbon dioxide equivalents (kt CO2 eq),2023,Oil and gas extraction (except oil sands),https://www23.statcan.gc.ca/imdb/p3VD.pl?Function=getVD&TVD=1369825&CVD=1370970&CPV=211110&CST=27012022&CLV=5&MLV=5,https://climate-change.canada.ca/facility-emissions/GHGRP-G11459-2023.html,"http://indicators-map.canada.ca/App/Detail?id=0111459&GoCTemplateCulture=en-CA
"
11460,Plover SAGD 06-22,Strathcona Resources Ltd.,,,N/A,Saskatchewan,52.01782,-109.63656,61.26,kilotonnes of carbon dioxide equivalents (kt CO2 eq),2023,Oil and gas extraction (except oil sands),https://www23.statcan.gc.ca/imdb/p3VD.pl?Function=getVD&TVD=1369825&CVD=1370970&CPV=211110&CST=27012022&CLV=5&MLV=5,https://climate-change.canada.ca/facility-emissions/GHGRP-G11460-2023.html,"http://indicators-map.canada.ca/App/Detail?id=0111460&GoCTemplateCulture=en-CA
"
11461,Spirit River Gas Plant (03-10-077-07W6) - TOU,Tourmaline Oil Corp,Grand Prairie,,N/A,Alberta,53.65227,-118.99922,89.01,kilotonnes of carbon dioxide equivalents (kt CO2 eq),2023,Oil and gas extraction (except oil sands),https://www23.statcan.gc.ca/imdb/p3VD.pl?Function=getVD&TVD=1369825&CVD=1370970&CPV=211110&CST=27012022&CLV=5&MLV=5,https://climate-change.canada.ca/facility-emissions/GHGRP-G11461-2023.html,"http://indicators-map.canada.ca/App/Detail?id=0111461&GoCTemplateCulture=en-CA
"
11462,Pipestone Comp Stn 16-34,Ovintiv Canada ULC,Grande Prairie,12002 97 Avenue,T8W 0J7,Alberta,55.11051,-119.27513,53.05,kilotonnes of carbon dioxide equivalents (kt CO2 eq),2023,Oil and gas extraction (except oil sands),https://www23.statcan.gc.ca/imdb/p3VD.pl?Function=getVD&TVD=1369825&CVD=1370970&CPV=211110&CST=27012022&CLV=5&MLV=5,https://climate-change.canada.ca/facility-emissions/GHGRP-G11462-2023.html,"http://indicators-map.canada.ca/App/Detail?id=0111462&GoCTemplateCulture=en-CA
"
11463,Harley 08-10-057-27W5 Compressor,Tourmaline Oil Corp,Grand Cache,,N/A,Alberta,53.9101,-117.9189,21.1,kilotonnes of carbon dioxide equivalents (kt CO2 eq),2023,Oil and gas extraction (except oil sands),https://www23.statcan.gc.ca/imdb/p3VD.pl?Function=getVD&TVD=1369825&CVD=1370970&CPV=211110&CST=27012022&CLV=5&MLV=5,https://climate-change.canada.ca/facility-emissions/GHGRP-G11463-2023.html,"http://indicators-map.canada.ca/App/Detail?id=0111463&GoCTemplateCulture=en-CA
"
11464,Saturn Gas Plant 15-27,Ovintiv Canada ULC,Dawson Creek,37 Vic Turner Airport Road,V1G 0G1,British Columbia,55.88163,-120.56781,24.92,kilotonnes of carbon dioxide equivalents (kt CO2 eq),2023,Oil and gas extraction (except oil sands),https://www23.statcan.gc.ca/imdb/p3VD.pl?Function=getVD&TVD=1369825&CVD=1370970&CPV=211110&CST=27012022&CLV=5&MLV=5,https://climate-change.canada.ca/facility-emissions/GHGRP-G11464-2023.html,"http://indicators-map.canada.ca/App/Detail?id=0111464&GoCTemplateCulture=en-CA
"
11465,Town B-008-I Super Battery,PETRONAS Energy Canada Ltd.,,,N/A,British Columbia,56.91875,-122.09687,161.91,kilotonnes of carbon dioxide equivalents (kt CO2 eq),2023,Oil and gas extraction (except oil sands),https://www23.statcan.gc.ca/imdb/p3VD.pl?Function=getVD&TVD=1369825&CVD=1370970&CPV=211110&CST=27012022&CLV=5&MLV=5,https://climate-change.canada.ca/facility-emissions/GHGRP-G11465-2023.html,"http://indicators-map.canada.ca/App/Detail?id=0111465&GoCTemplateCulture=en-CA
"
11469,Wilder Sweet Gas Plant 10-14,Crew Energy Inc.,,n/a Street,N/A,British Columbia,56.11009,-121.02236,79.75,kilotonnes of carbon dioxide equivalents (kt CO2 eq),2023,Oil and gas extraction (except oil sands),https://www23.statcan.gc.ca/imdb/p3VD.pl?Function=getVD&TVD=1369825&CVD=1370970&CPV=211110&CST=27012022&CLV=5&MLV=5,https://climate-change.canada.ca/facility-emissions/GHGRP-G11469-2023.html,"http://indicators-map.canada.ca/App/Detail?id=0111469&GoCTemplateCulture=en-CA
"
11470,BS 2 DIV C/ 2 CDSB (Valcartier),DND/ MDN,Courcelette,628 Dugas,G0A 4Z0,Quebec,46.88509,-71.48932,22.69,kilotonnes of carbon dioxide equivalents (kt CO2 eq),2023,Defence Services,https://www23.statcan.gc.ca/imdb/p3VD.pl?Function=getVD&TVD=1369825&CVD=1370970&CPV=911110&CST=27012022&CLV=5&MLV=5,https://climate-change.canada.ca/facility-emissions/GHGRP-G11470-2023.html,"http://indicators-map.canada.ca/App/Detail?id=0111470&GoCTemplateCulture=en-CA
"
11471,Kelt Pouce Coupe 103/06-33-077-11W6M,Kelt Exploration,Pouce Coupe,,N/A,Alberta,55.71407,-119.64536,39.73,kilotonnes of carbon dioxide equivalents (kt CO2 eq),2023,Oil and gas extraction (except oil sands),https://www23.statcan.gc.ca/imdb/p3VD.pl?Function=getVD&TVD=1369825&CVD=1370970&CPV=211110&CST=27012022&CLV=5&MLV=5,https://climate-change.canada.ca/facility-emissions/GHGRP-G11471-2023.html,"http://indicators-map.canada.ca/App/Detail?id=0111471&GoCTemplateCulture=en-CA
"
11472,Gahcho Kue Mine,De Beers Group,Kennady Lake,,X1A 1P8,Northwest Territories,63.43,-109.2,134.75,kilotonnes of carbon dioxide equivalents (kt CO2 eq),2023,Diamond Mining,https://www23.statcan.gc.ca/imdb/p3VD.pl?Function=getVD&TVD=1369825&CVD=1370970&CPV=212392&CST=27012022&CLV=5&MLV=5,https://climate-change.canada.ca/facility-emissions/GHGRP-G11472-2023.html,"http://indicators-map.canada.ca/App/Detail?id=0111472&GoCTemplateCulture=en-CA
"
11474,Redland South Comp Station 06-04,Lynx Energy ULC,,,N/A,Alberta,51.27608,-112.90275,13.72,kilotonnes of carbon dioxide equivalents (kt CO2 eq),2023,Oil and gas extraction (except oil sands),https://www23.statcan.gc.ca/imdb/p3VD.pl?Function=getVD&TVD=1369825&CVD=1370970&CPV=211110&CST=27012022&CLV=5&MLV=5,https://climate-change.canada.ca/facility-emissions/GHGRP-G11474-2023.html,"http://indicators-map.canada.ca/App/Detail?id=0111474&GoCTemplateCulture=en-CA
"
11475,PFI Carrot Creek Comp Stn 08-36-051-14W5,Westbrick Energy Ltd (1),,,N/A,Alberta,53.44367,-115.91852,14.79,kilotonnes of carbon dioxide equivalents (kt CO2 eq),2023,Oil and gas extraction (except oil sands),https://www23.statcan.gc.ca/imdb/p3VD.pl?Function=getVD&TVD=1369825&CVD=1370970&CPV=211110&CST=27012022&CLV=5&MLV=5,https://climate-change.canada.ca/facility-emissions/GHGRP-G11475-2023.html,"http://indicators-map.canada.ca/App/Detail?id=0111475&GoCTemplateCulture=en-CA
"
11476,Wapiti Gas Battery 08-10,NuVista Energy Ltd.,Calgary,700 2 Street,T2P 2W1,Alberta,54.87059,-119.12257,68.6,kilotonnes of carbon dioxide equivalents (kt CO2 eq),2023,Oil and gas extraction (except oil sands),https://www23.statcan.gc.ca/imdb/p3VD.pl?Function=getVD&TVD=1369825&CVD=1370970&CPV=211110&CST=27012022&CLV=5&MLV=5,https://climate-change.canada.ca/facility-emissions/GHGRP-G11476-2023.html,"http://indicators-map.canada.ca/App/Detail?id=0111476&GoCTemplateCulture=en-CA
"
11477,Onion Lake Thermal 14-05-056-27W3,IPC Canada Ltd.,Onion Lake,,N/A,Saskatchewan,53.81495,-109.9864,381.67,kilotonnes of carbon dioxide equivalents (kt CO2 eq),2023,Oil and gas extraction (except oil sands),https://www23.statcan.gc.ca/imdb/p3VD.pl?Function=getVD&TVD=1369825&CVD=1370970&CPV=211110&CST=27012022&CLV=5&MLV=5,https://climate-change.canada.ca/facility-emissions/GHGRP-G11477-2023.html,"http://indicators-map.canada.ca/App/Detail?id=0111477&GoCTemplateCulture=en-CA
"
11478,Carrier et Bégin inc.,Carrier et Bégin inc.,Saint HonoréDe Shenley,484 Grand Shenley Route,G0M 1V0,Quebec,45.95709,-70.83427,13.33,kilotonnes of carbon dioxide equivalents (kt CO2 eq),2023,Sawmills (except Shingle and Shake Mills),https://www23.statcan.gc.ca/imdb/p3VD.pl?Function=getVD&TVD=1369825&CVD=1370970&CPV=321111&CST=27012022&CLV=5&MLV=5,https://climate-change.canada.ca/facility-emissions/GHGRP-G11478-2023.html,"http://indicators-map.canada.ca/App/Detail?id=0111478&GoCTemplateCulture=en-CA
"
11479,Stoney Creek Regional Facility,GFL Environmental Inc.,Stoney Creek,65 Green Mountain Road West,L8J 1X5,Ontario,43.1972,-79.7727,1.38,kilotonnes of carbon dioxide equivalents (kt CO2 eq),2023,Waste Treatment and Disposal,https://www23.statcan.gc.ca/imdb/p3VD.pl?Function=getVD&TVD=1369825&CVD=1370970&CPV=562210&CST=27012022&CLV=5&MLV=5,https://climate-change.canada.ca/facility-emissions/GHGRP-G11479-2023.html,"http://indicators-map.canada.ca/App/Detail?id=0111479&GoCTemplateCulture=en-CA
"
11480,Ansell Gas Plant (01-34-51-18W5) - TOU,Tourmaline Oil Corp,Ansell,,N/A,Alberta,53.4464,-116.545,30.22,kilotonnes of carbon dioxide equivalents (kt CO2 eq),2023,Oil and gas extraction (except oil sands),https://www23.statcan.gc.ca/imdb/p3VD.pl?Function=getVD&TVD=1369825&CVD=1370970&CPV=211110&CST=27012022&CLV=5&MLV=5,https://climate-change.canada.ca/facility-emissions/GHGRP-G11480-2023.html,"http://indicators-map.canada.ca/App/Detail?id=0111480&GoCTemplateCulture=en-CA
"
11481,Edson Gas Plant (04-17-051-18W5) - TOU,Tourmaline Oil Corp,Edson,,N/A,Alberta,53.39758,-116.62699,42.7,kilotonnes of carbon dioxide equivalents (kt CO2 eq),2023,Oil and gas extraction (except oil sands),https://www23.statcan.gc.ca/imdb/p3VD.pl?Function=getVD&TVD=1369825&CVD=1370970&CPV=211110&CST=27012022&CLV=5&MLV=5,https://climate-change.canada.ca/facility-emissions/GHGRP-G11481-2023.html,"http://indicators-map.canada.ca/App/Detail?id=0111481&GoCTemplateCulture=en-CA
"
11482,Zeta Creek GP 11-10,Keyera Corp,Drayton Valley,5211 Industrial Road,T7A 2A7,Alberta,53.21596,-115.67472,34.41,kilotonnes of carbon dioxide equivalents (kt CO2 eq),2023,Oil and gas extraction (except oil sands),https://www23.statcan.gc.ca/imdb/p3VD.pl?Function=getVD&TVD=1369825&CVD=1370970&CPV=211110&CST=27012022&CLV=5&MLV=5,https://climate-change.canada.ca/facility-emissions/GHGRP-G11482-2023.html,"http://indicators-map.canada.ca/App/Detail?id=0111482&GoCTemplateCulture=en-CA
"
11483,Alder Flats Gas Plant 10-09,Spartan Delta Corp.,Calgary,1500 308 4 Avenue Southwest,T2P 0H7,Alberta,52.86764,-115.0983,39.08,kilotonnes of carbon dioxide equivalents (kt CO2 eq),2023,Oil and gas extraction (except oil sands),https://www23.statcan.gc.ca/imdb/p3VD.pl?Function=getVD&TVD=1369825&CVD=1370970&CPV=211110&CST=27012022&CLV=5&MLV=5,https://climate-change.canada.ca/facility-emissions/GHGRP-G11483-2023.html,"http://indicators-map.canada.ca/App/Detail?id=0111483&GoCTemplateCulture=en-CA
"
11484,13-11-062-27 W5M Simonette,CSV Midstream Solutions,Grand Prairie,,T0G 2C0,Alberta,54.35542,-117.94996,25.22,kilotonnes of carbon dioxide equivalents (kt CO2 eq),2023,Oil and gas extraction (except oil sands),https://www23.statcan.gc.ca/imdb/p3VD.pl?Function=getVD&TVD=1369825&CVD=1370970&CPV=211110&CST=27012022&CLV=5&MLV=5,https://climate-change.canada.ca/facility-emissions/GHGRP-G11484-2023.html,"http://indicators-map.canada.ca/App/Detail?id=0111484&GoCTemplateCulture=en-CA
"
11486,Tourmaline 12-06-081-07-W6,Tourmaline Oil Corp,Blueberry Mountain,,N/A,Alberta,55.99437,-119.09325,20.48,kilotonnes of carbon dioxide equivalents (kt CO2 eq),2023,Oil and gas extraction (except oil sands),https://www23.statcan.gc.ca/imdb/p3VD.pl?Function=getVD&TVD=1369825&CVD=1370970&CPV=211110&CST=27012022&CLV=5&MLV=5,https://climate-change.canada.ca/facility-emissions/GHGRP-G11486-2023.html,"http://indicators-map.canada.ca/App/Detail?id=0111486&GoCTemplateCulture=en-CA
"
11489,Enerkem Alberta Biofuels,Enerkem Alberta Biofuels,Edmonton,460 250 Aurum Road Northeast,T6S 1G9,Alberta,53.59319,-113.338,6.38,kilotonnes of carbon dioxide equivalents (kt CO2 eq),2023,Other Basic Organic Chemical Manufacturing,https://www23.statcan.gc.ca/imdb/p3VD.pl?Function=getVD&TVD=1369825&CVD=1370970&CPV=325190&CST=27012022&CLV=5&MLV=5,https://climate-change.canada.ca/facility-emissions/GHGRP-G11489-2023.html,"http://indicators-map.canada.ca/App/Detail?id=0111489&GoCTemplateCulture=en-CA
"
11490,Sunnybrook Health Sciences Centre,Sunnybrook Health Sciences Centre,Toronto,2075 Bayview Avenue,M4N 3M5,Ontario,43.72191,-79.3765,46.68,kilotonnes of carbon dioxide equivalents (kt CO2 eq),2023,General (except Paediatric) Hospitals,https://www23.statcan.gc.ca/imdb/p3VD.pl?Function=getVD&TVD=1369825&CVD=1370970&CPV=622111&CST=27012022&CLV=5&MLV=5,https://climate-change.canada.ca/facility-emissions/GHGRP-G11490-2023.html,"http://indicators-map.canada.ca/App/Detail?id=0111490&GoCTemplateCulture=en-CA
"
11491,Kildair Sorel-Tracy Terminal,Kildair Service ULC,Sorel Tracy,11905 Industrielle Street,J3R 0E7,Quebec,45.99761,-73.16093,12.11,kilotonnes of carbon dioxide equivalents (kt CO2 eq),2023,Petroleum Product Wholesaler-Distributors,https://www23.statcan.gc.ca/imdb/p3VD.pl?Function=getVD&TVD=1369825&CVD=1370970&CPV=412110&CST=27012022&CLV=5&MLV=5,https://climate-change.canada.ca/facility-emissions/GHGRP-G11491-2023.html,"http://indicators-map.canada.ca/App/Detail?id=0111491&GoCTemplateCulture=en-CA
"
11492,W.R. Grace Canada Corp.,W. R. Grace Canada Corp.,Salaberry de Valleyfield,42 Fabre,J6S 4K7,Quebec,45.2653,-74.1122,300.3,kilotonnes of carbon dioxide equivalents (kt CO2 eq),2023,All Other Miscellaneous Chemical Product Manufacturing,https://www23.statcan.gc.ca/imdb/p3VD.pl?Function=getVD&TVD=1369825&CVD=1370970&CPV=325999&CST=27012022&CLV=5&MLV=5,https://climate-change.canada.ca/facility-emissions/GHGRP-G11492-2023.html,"http://indicators-map.canada.ca/App/Detail?id=0111492&GoCTemplateCulture=en-CA
"
11493,Aitken Creek Sour Gas Plant (c-038-C/94-H-04) - TOU,Tourmaline Oil Corp,,,N/A,British Columbia,57.03125,-121.84687,98.36,kilotonnes of carbon dioxide equivalents (kt CO2 eq),2023,Oil and gas extraction (except oil sands),https://www23.statcan.gc.ca/imdb/p3VD.pl?Function=getVD&TVD=1369825&CVD=1370970&CPV=211110&CST=27012022&CLV=5&MLV=5,https://climate-change.canada.ca/facility-emissions/GHGRP-G11493-2023.html,"http://indicators-map.canada.ca/App/Detail?id=0111493&GoCTemplateCulture=en-CA
"
11494,Edam CPF 06-11-048-19 W3M,Strathcona Resources Ltd.,Vawn,,N/A,Saskatchewan,53.12342,-108.6769,208.82,kilotonnes of carbon dioxide equivalents (kt CO2 eq),2023,Oil and gas extraction (except oil sands),https://www23.statcan.gc.ca/imdb/p3VD.pl?Function=getVD&TVD=1369825&CVD=1370970&CPV=211110&CST=27012022&CLV=5&MLV=5,https://climate-change.canada.ca/facility-emissions/GHGRP-G11494-2023.html,"http://indicators-map.canada.ca/App/Detail?id=0111494&GoCTemplateCulture=en-CA
"
11495,Edam West Thermal 11-19-048-20W3,Cenovus Energy Inc.,Lloydminster,4335 44  Street,S9V 0Z8,Saskatchewan,53.15615,-108.92082,120.11,kilotonnes of carbon dioxide equivalents (kt CO2 eq),2023,Oil and gas extraction (except oil sands),https://www23.statcan.gc.ca/imdb/p3VD.pl?Function=getVD&TVD=1369825&CVD=1370970&CPV=211110&CST=27012022&CLV=5&MLV=5,https://climate-change.canada.ca/facility-emissions/GHGRP-G11495-2023.html,"http://indicators-map.canada.ca/App/Detail?id=0111495&GoCTemplateCulture=en-CA
"
11496,Rainy River Mine,New Gold Inc.,Emo,5967 11/71 Highway,P0W 1E0,Ontario,48.848,-94.003,124.99,kilotonnes of carbon dioxide equivalents (kt CO2 eq),2023,Gold and Silver Ore Mining,https://www23.statcan.gc.ca/imdb/p3VD.pl?Function=getVD&TVD=1369825&CVD=1370970&CPV=212220&CST=27012022&CLV=5&MLV=5,https://climate-change.canada.ca/facility-emissions/GHGRP-G11496-2023.html,"http://indicators-map.canada.ca/App/Detail?id=0111496&GoCTemplateCulture=en-CA
"
11497,Birley Umbach a72 Compressor (a-072-F/094-H-03) - TOU,Tourmaline Oil Corp,Beatton River,,N/A,British Columbia,57.49334,-121.67716,11.82,kilotonnes of carbon dioxide equivalents (kt CO2 eq),2023,Oil and gas extraction (except oil sands),https://www23.statcan.gc.ca/imdb/p3VD.pl?Function=getVD&TVD=1369825&CVD=1370970&CPV=211110&CST=27012022&CLV=5&MLV=5,https://climate-change.canada.ca/facility-emissions/GHGRP-G11497-2023.html,"http://indicators-map.canada.ca/App/Detail?id=0111497&GoCTemplateCulture=en-CA
"
11498,Townsend Gas Plant,AltaGas Ltd.,,BC,N/A,British Columbia,56.69375,-122.15312,177.43,kilotonnes of carbon dioxide equivalents (kt CO2 eq),2023,Oil and gas extraction (except oil sands),https://www23.statcan.gc.ca/imdb/p3VD.pl?Function=getVD&TVD=1369825&CVD=1370970&CPV=211110&CST=27012022&CLV=5&MLV=5,https://climate-change.canada.ca/facility-emissions/GHGRP-G11498-2023.html,"http://indicators-map.canada.ca/App/Detail?id=0111498&GoCTemplateCulture=en-CA
"
11499,BUBBLES A-053-B/094-G-08,PETRONAS Energy Canada Ltd.,Fort St. John,,N/A,British Columbia,57.29375,-122.15312,23.96,kilotonnes of carbon dioxide equivalents (kt CO2 eq),2023,Oil and gas extraction (except oil sands),https://www23.statcan.gc.ca/imdb/p3VD.pl?Function=getVD&TVD=1369825&CVD=1370970&CPV=211110&CST=27012022&CLV=5&MLV=5,https://climate-change.canada.ca/facility-emissions/GHGRP-G11499-2023.html,"http://indicators-map.canada.ca/App/Detail?id=0111499&GoCTemplateCulture=en-CA
"
11500,Cascades Lachute,Cascades Canada ULC,Lachute,115 Princesse Street,J8H 4M3,Quebec,45.39056,-74.20417,9.14,kilotonnes of carbon dioxide equivalents (kt CO2 eq),2023,Paper (except Newsprint) Mills,https://www23.statcan.gc.ca/imdb/p3VD.pl?Function=getVD&TVD=1369825&CVD=1370970&CPV=322121&CST=27012022&CLV=5&MLV=5,https://climate-change.canada.ca/facility-emissions/GHGRP-G11500-2023.html,"http://indicators-map.canada.ca/App/Detail?id=0111500&GoCTemplateCulture=en-CA
"
11501,NBRHC,North Bay Regional Health Centre,North Bay,50 College Drive,P1B 5A4,Ontario,46.32931,-79.48668,11.46,kilotonnes of carbon dioxide equivalents (kt CO2 eq),2023,General (except Paediatric) Hospitals,https://www23.statcan.gc.ca/imdb/p3VD.pl?Function=getVD&TVD=1369825&CVD=1370970&CPV=622111&CST=27012022&CLV=5&MLV=5,https://climate-change.canada.ca/facility-emissions/GHGRP-G11501-2023.html,"http://indicators-map.canada.ca/App/Detail?id=0111501&GoCTemplateCulture=en-CA
"
11502,Alameda Sour Gas Plant 16-08,Steel Reef Infrastructure Corp.,Alameda,,S0C 0A0,Saskatchewan,49.28808,-102.3682,27.11,kilotonnes of carbon dioxide equivalents (kt CO2 eq),2023,Oil and gas extraction (except oil sands),https://www23.statcan.gc.ca/imdb/p3VD.pl?Function=getVD&TVD=1369825&CVD=1370970&CPV=211110&CST=27012022&CLV=5&MLV=5,https://climate-change.canada.ca/facility-emissions/GHGRP-G11502-2023.html,"http://indicators-map.canada.ca/App/Detail?id=0111502&GoCTemplateCulture=en-CA
"
11504,Kakwa 16-23-063-05 W6M,ARC RESOURCES LTD.,Kakwa,,N/A,Alberta,54.47063,-118.63286,23.93,kilotonnes of carbon dioxide equivalents (kt CO2 eq),2023,Oil and gas extraction (except oil sands),https://www23.statcan.gc.ca/imdb/p3VD.pl?Function=getVD&TVD=1369825&CVD=1370970&CPV=211110&CST=27012022&CLV=5&MLV=5,https://climate-change.canada.ca/facility-emissions/GHGRP-G11504-2023.html,"http://indicators-map.canada.ca/App/Detail?id=0111504&GoCTemplateCulture=en-CA
"
11505,Kakwa 08-06-064-04W6,ARC RESOURCES LTD.,Kakwa,,N/A,Alberta,54.50704,-118.58254,52.15,kilotonnes of carbon dioxide equivalents (kt CO2 eq),2023,Oil and gas extraction (except oil sands),https://www23.statcan.gc.ca/imdb/p3VD.pl?Function=getVD&TVD=1369825&CVD=1370970&CPV=211110&CST=27012022&CLV=5&MLV=5,https://climate-change.canada.ca/facility-emissions/GHGRP-G11505-2023.html,"http://indicators-map.canada.ca/App/Detail?id=0111505&GoCTemplateCulture=en-CA
"
11506,Kakwa 02-31-063-04W6,ARC RESOURCES LTD.,Kakwa,,N/A,Alberta,54.48876,-118.58881,79.3,kilotonnes of carbon dioxide equivalents (kt CO2 eq),2023,Oil and gas extraction (except oil sands),https://www23.statcan.gc.ca/imdb/p3VD.pl?Function=getVD&TVD=1369825&CVD=1370970&CPV=211110&CST=27012022&CLV=5&MLV=5,https://climate-change.canada.ca/facility-emissions/GHGRP-G11506-2023.html,"http://indicators-map.canada.ca/App/Detail?id=0111506&GoCTemplateCulture=en-CA
"
11507,Kakwa 04-14-064-05W6,ARC RESOURCES LTD.,Kakwa,,N/A,Alberta,54.53251,-118.65173,37.92,kilotonnes of carbon dioxide equivalents (kt CO2 eq),2023,Oil and gas extraction (except oil sands),https://www23.statcan.gc.ca/imdb/p3VD.pl?Function=getVD&TVD=1369825&CVD=1370970&CPV=211110&CST=27012022&CLV=5&MLV=5,https://climate-change.canada.ca/facility-emissions/GHGRP-G11507-2023.html,"http://indicators-map.canada.ca/App/Detail?id=0111507&GoCTemplateCulture=en-CA
"
11509,Altana Pendant D'oreille 01-17,Pine Cliff Energy Ltd.,Calgary,850 1015 4th Street Southwest,T2R 1J4,Alberta,49.2047,-111.04019,11.45,kilotonnes of carbon dioxide equivalents (kt CO2 eq),2023,Oil and gas extraction (except oil sands),https://www23.statcan.gc.ca/imdb/p3VD.pl?Function=getVD&TVD=1369825&CVD=1370970&CPV=211110&CST=27012022&CLV=5&MLV=5,https://climate-change.canada.ca/facility-emissions/GHGRP-G11509-2023.html,"http://indicators-map.canada.ca/App/Detail?id=0111509&GoCTemplateCulture=en-CA
"
11510,Wascana Many Islands 04-16,Pine Cliff Energy Ltd.,,,N/A,Alberta,50.16625,-110.09291,13.5,kilotonnes of carbon dioxide equivalents (kt CO2 eq),2023,Oil and gas extraction (except oil sands),https://www23.statcan.gc.ca/imdb/p3VD.pl?Function=getVD&TVD=1369825&CVD=1370970&CPV=211110&CST=27012022&CLV=5&MLV=5,https://climate-change.canada.ca/facility-emissions/GHGRP-G11510-2023.html,"http://indicators-map.canada.ca/App/Detail?id=0111510&GoCTemplateCulture=en-CA
"
11511,Pancan Alderson Monogram 13-14,Pine Cliff Energy Ltd.,,,N/A,Alberta,50.43916,-111.28455,8.82,kilotonnes of carbon dioxide equivalents (kt CO2 eq),2023,Oil and gas extraction (except oil sands),https://www23.statcan.gc.ca/imdb/p3VD.pl?Function=getVD&TVD=1369825&CVD=1370970&CPV=211110&CST=27012022&CLV=5&MLV=5,https://climate-change.canada.ca/facility-emissions/GHGRP-G11511-2023.html,"http://indicators-map.canada.ca/App/Detail?id=0111511&GoCTemplateCulture=en-CA
"
11512,Homestead Hatton 14-2 Battery,Pine Cliff Energy Ltd.,,,T2R 1J4,Saskatchewan,50.06066,-109.72793,16.61,kilotonnes of carbon dioxide equivalents (kt CO2 eq),2023,Oil and gas extraction (except oil sands),https://www23.statcan.gc.ca/imdb/p3VD.pl?Function=getVD&TVD=1369825&CVD=1370970&CPV=211110&CST=27012022&CLV=5&MLV=5,https://climate-change.canada.ca/facility-emissions/GHGRP-G11512-2023.html,"http://indicators-map.canada.ca/App/Detail?id=0111512&GoCTemplateCulture=en-CA
"
11513,Bethune Mine,K+S Potash Canada General Partnership,Bethune,,S0G 0H0,Saskatchewan,50.65,-105.38,744.59,kilotonnes of carbon dioxide equivalents (kt CO2 eq),2023,Potash Mining,https://www23.statcan.gc.ca/imdb/p3VD.pl?Function=getVD&TVD=1369825&CVD=1370970&CPV=212396&CST=27012022&CLV=5&MLV=5,https://climate-change.canada.ca/facility-emissions/GHGRP-G11513-2023.html,"http://indicators-map.canada.ca/App/Detail?id=0111513&GoCTemplateCulture=en-CA
"
11514,Wild River 11-22-055-24W5 Compressor,Tourmaline Oil Corp,Calgary,3700 250 6th Avenue Southwest,T2P 3H7,Alberta,53.76832,-117.48534,11.5,kilotonnes of carbon dioxide equivalents (kt CO2 eq),2023,Oil and gas extraction (except oil sands),https://www23.statcan.gc.ca/imdb/p3VD.pl?Function=getVD&TVD=1369825&CVD=1370970&CPV=211110&CST=27012022&CLV=5&MLV=5,https://climate-change.canada.ca/facility-emissions/GHGRP-G11514-2023.html,"http://indicators-map.canada.ca/App/Detail?id=0111514&GoCTemplateCulture=en-CA
"
11515,Cecilia Gas Plant (15-04-058-23W5) - TOU,Tourmaline Oil Corp,Calgary,3700 250 6th Avenue Southwest,T2P 3H7,Alberta,53.99023,-117.3553,27.63,kilotonnes of carbon dioxide equivalents (kt CO2 eq),2023,Oil and gas extraction (except oil sands),https://www23.statcan.gc.ca/imdb/p3VD.pl?Function=getVD&TVD=1369825&CVD=1370970&CPV=211110&CST=27012022&CLV=5&MLV=5,https://climate-change.canada.ca/facility-emissions/GHGRP-G11515-2023.html,"http://indicators-map.canada.ca/App/Detail?id=0111515&GoCTemplateCulture=en-CA
"
11516,Columbia Gas Plant (15-36-044-15W5) - TOU,Tourmaline Oil Corp,Calgary,3700 250 6th Avenue Southwest,T2P 3H7,Alberta,52.84154,-116.04149,54.52,kilotonnes of carbon dioxide equivalents (kt CO2 eq),2023,Oil and gas extraction (except oil sands),https://www23.statcan.gc.ca/imdb/p3VD.pl?Function=getVD&TVD=1369825&CVD=1370970&CPV=211110&CST=27012022&CLV=5&MLV=5,https://climate-change.canada.ca/facility-emissions/GHGRP-G11516-2023.html,"http://indicators-map.canada.ca/App/Detail?id=0111516&GoCTemplateCulture=en-CA
"
11517,Redwater Fractionation Site Facility II (RFS II),Pembina Pipeline Corporation,Gibbons,Range Rd 220,T0A 1N0,Alberta,53.81251,-113.12762,264.94,kilotonnes of carbon dioxide equivalents (kt CO2 eq),2023,Oil and gas extraction (except oil sands),https://www23.statcan.gc.ca/imdb/p3VD.pl?Function=getVD&TVD=1369825&CVD=1370970&CPV=211110&CST=27012022&CLV=5&MLV=5,https://climate-change.canada.ca/facility-emissions/GHGRP-G11517-2023.html,"http://indicators-map.canada.ca/App/Detail?id=0111517&GoCTemplateCulture=en-CA
"
11518,Ante Creek Multi-Well Gas Battery 05-26-066-24W5,Journey Energy Inc.,Valley View,,T0H 3N0,Alberta,54.73964,-117.52749,31.63,kilotonnes of carbon dioxide equivalents (kt CO2 eq),2023,Oil and gas extraction (except oil sands),https://www23.statcan.gc.ca/imdb/p3VD.pl?Function=getVD&TVD=1369825&CVD=1370970&CPV=211110&CST=27012022&CLV=5&MLV=5,https://climate-change.canada.ca/facility-emissions/GHGRP-G11518-2023.html,"http://indicators-map.canada.ca/App/Detail?id=0111518&GoCTemplateCulture=en-CA
"
11519,Mine Renard,Suite 400,Baie James,km 650 route 167 Nord  North,N/A,Quebec,52.81068,-72.21557,57.68,kilotonnes of carbon dioxide equivalents (kt CO2 eq),2023,Diamond Mining,https://www23.statcan.gc.ca/imdb/p3VD.pl?Function=getVD&TVD=1369825&CVD=1370970&CPV=212392&CST=27012022&CLV=5&MLV=5,https://climate-change.canada.ca/facility-emissions/GHGRP-G11519-2023.html,"http://indicators-map.canada.ca/App/Detail?id=0111519&GoCTemplateCulture=en-CA
"
11520,Horse Sweet Gas Plant 14-23-058-26W5,Canadian Natural Resources Limited,,,N/A,Alberta,54.0334,-117.7569,28.87,kilotonnes of carbon dioxide equivalents (kt CO2 eq),2023,Oil and gas extraction (except oil sands),https://www23.statcan.gc.ca/imdb/p3VD.pl?Function=getVD&TVD=1369825&CVD=1370970&CPV=211110&CST=27012022&CLV=5&MLV=5,https://climate-change.canada.ca/facility-emissions/GHGRP-G11520-2023.html,"http://indicators-map.canada.ca/App/Detail?id=0111520&GoCTemplateCulture=en-CA
"
11521,Sturgeon Refinery,North West Redwater Partnership,Gibbons,56212 Range Road 220 Road East,T0A 1N0,Alberta,53.8433,-113.118,657.6,kilotonnes of carbon dioxide equivalents (kt CO2 eq),2023,Petroleum Refineries,https://www23.statcan.gc.ca/imdb/p3VD.pl?Function=getVD&TVD=1369825&CVD=1370970&CPV=324110&CST=27012022&CLV=5&MLV=5,https://climate-change.canada.ca/facility-emissions/GHGRP-G11521-2023.html,"http://indicators-map.canada.ca/App/Detail?id=0111521&GoCTemplateCulture=en-CA
"
11522,University of Regina - Main Campus,University of Regina,Regina,3737 Wascana Parkway,S4S 0A2,Saskatchewan,50.41521,-104.58844,12.8,kilotonnes of carbon dioxide equivalents (kt CO2 eq),2023,Universities,https://www23.statcan.gc.ca/imdb/p3VD.pl?Function=getVD&TVD=1369825&CVD=1370970&CPV=611310&CST=27012022&CLV=5&MLV=5,https://climate-change.canada.ca/facility-emissions/GHGRP-G11522-2023.html,"http://indicators-map.canada.ca/App/Detail?id=0111522&GoCTemplateCulture=en-CA
"
11523,Comox Valley Waste Management Centre,Comox Valley Regional District,Cumberland,3699 Bevan Road,V0R 1S0,British Columbia,49.63765,-125.05385,32.17,kilotonnes of carbon dioxide equivalents (kt CO2 eq),2023,Waste Treatment and Disposal,https://www23.statcan.gc.ca/imdb/p3VD.pl?Function=getVD&TVD=1369825&CVD=1370970&CPV=562210&CST=27012022&CLV=5&MLV=5,https://climate-change.canada.ca/facility-emissions/GHGRP-G11523-2023.html,"http://indicators-map.canada.ca/App/Detail?id=0111523&GoCTemplateCulture=en-CA
"
11524,Campbell River Waste Management Centre,Comox Valley Regional District,Campbell River,6700 Argonaut Road,V9H 1P1,British Columbia,50.00816,-125.34886,37.58,kilotonnes of carbon dioxide equivalents (kt CO2 eq),2023,Waste Treatment and Disposal,https://www23.statcan.gc.ca/imdb/p3VD.pl?Function=getVD&TVD=1369825&CVD=1370970&CPV=562210&CST=27012022&CLV=5&MLV=5,https://climate-change.canada.ca/facility-emissions/GHGRP-G11524-2023.html,"http://indicators-map.canada.ca/App/Detail?id=0111524&GoCTemplateCulture=en-CA
"
11525,City of Wetaskiwin Landfill,City of Wetaskiwin,Wetaskiwin,464047 243 Range Road,N/A,Alberta,52.99753,-113.4131,10.69,kilotonnes of carbon dioxide equivalents (kt CO2 eq),2023,Waste Treatment and Disposal,https://www23.statcan.gc.ca/imdb/p3VD.pl?Function=getVD&TVD=1369825&CVD=1370970&CPV=562210&CST=27012022&CLV=5&MLV=5,https://climate-change.canada.ca/facility-emissions/GHGRP-G11525-2023.html,"http://indicators-map.canada.ca/App/Detail?id=0111525&GoCTemplateCulture=en-CA
"
11526,Tooga Gas Plant B-031-I,Canadian Natural Resources Limited,Peace River,0,V1J 4H7,British Columbia,59.1936,-120.5111,24.4,kilotonnes of carbon dioxide equivalents (kt CO2 eq),2023,Oil and gas extraction (except oil sands),https://www23.statcan.gc.ca/imdb/p3VD.pl?Function=getVD&TVD=1369825&CVD=1370970&CPV=211110&CST=27012022&CLV=5&MLV=5,https://climate-change.canada.ca/facility-emissions/GHGRP-G11526-2023.html,"http://indicators-map.canada.ca/App/Detail?id=0111526&GoCTemplateCulture=en-CA
"
11527,Flagstaff Waste Regional Landfill,Flagstaff Regional Solid Waste Management,Sedgewick,45125 Range 122 Road,T0B 4C0,Alberta,52.86229,-111.64862,26.82,kilotonnes of carbon dioxide equivalents (kt CO2 eq),2023,Waste Treatment and Disposal,https://www23.statcan.gc.ca/imdb/p3VD.pl?Function=getVD&TVD=1369825&CVD=1370970&CPV=562210&CST=27012022&CLV=5&MLV=5,https://climate-change.canada.ca/facility-emissions/GHGRP-G11527-2023.html,"http://indicators-map.canada.ca/App/Detail?id=0111527&GoCTemplateCulture=en-CA
"
11528,Dawson Sour Gas Plant 13-07,ARC RESOURCES LTD.,Dawson Creek,,N/A,British Columbia,55.92465,-120.18875,91.21,kilotonnes of carbon dioxide equivalents (kt CO2 eq),2023,Oil and gas extraction (except oil sands),https://www23.statcan.gc.ca/imdb/p3VD.pl?Function=getVD&TVD=1369825&CVD=1370970&CPV=211110&CST=27012022&CLV=5&MLV=5,https://climate-change.canada.ca/facility-emissions/GHGRP-G11528-2023.html,"http://indicators-map.canada.ca/App/Detail?id=0111528&GoCTemplateCulture=en-CA
"
11530,South Health Campus,Alberta  Health Services,Calgary,4448 Front Street Street Southeast,T3M 1M4,Alberta,50.88195,-113.95189,16.61,kilotonnes of carbon dioxide equivalents (kt CO2 eq),2023,General (except Paediatric) Hospitals,https://www23.statcan.gc.ca/imdb/p3VD.pl?Function=getVD&TVD=1369825&CVD=1370970&CPV=622111&CST=27012022&CLV=5&MLV=5,https://climate-change.canada.ca/facility-emissions/GHGRP-G11530-2023.html,"http://indicators-map.canada.ca/App/Detail?id=0111530&GoCTemplateCulture=en-CA
"
11531,Sinclair 03-04-008-29 W1M,Tundra Oil & Gas Limited,Sinclair,,N/A,Manitoba,49.62268,-101.36274,11.07,kilotonnes of carbon dioxide equivalents (kt CO2 eq),2023,Oil and gas extraction (except oil sands),https://www23.statcan.gc.ca/imdb/p3VD.pl?Function=getVD&TVD=1369825&CVD=1370970&CPV=211110&CST=27012022&CLV=5&MLV=5,https://climate-change.canada.ca/facility-emissions/GHGRP-G11531-2023.html,"http://indicators-map.canada.ca/App/Detail?id=0111531&GoCTemplateCulture=en-CA
"
11532,Sinclair 13-14-008-29 W1M,Tundra Oil & Gas Limited,Sinclair,,N/A,Manitoba,49.66277,-101.3242,10.65,kilotonnes of carbon dioxide equivalents (kt CO2 eq),2023,Oil and gas extraction (except oil sands),https://www23.statcan.gc.ca/imdb/p3VD.pl?Function=getVD&TVD=1369825&CVD=1370970&CPV=211110&CST=27012022&CLV=5&MLV=5,https://climate-change.canada.ca/facility-emissions/GHGRP-G11532-2023.html,"http://indicators-map.canada.ca/App/Detail?id=0111532&GoCTemplateCulture=en-CA
"
11533,Daly 08-28-009-29 W1M,Tundra Oil & Gas Limited,Cromer,,N/A,Manitoba,49.77455,-101.351,9.87,kilotonnes of carbon dioxide equivalents (kt CO2 eq),2023,Oil and gas extraction (except oil sands),https://www23.statcan.gc.ca/imdb/p3VD.pl?Function=getVD&TVD=1369825&CVD=1370970&CPV=211110&CST=27012022&CLV=5&MLV=5,https://climate-change.canada.ca/facility-emissions/GHGRP-G11533-2023.html,"http://indicators-map.canada.ca/App/Detail?id=0111533&GoCTemplateCulture=en-CA
"
11534,Cromer 13-10-009-28 W1M,Tundra Oil & Gas Limited,Cromer,,N/A,Manitoba,49.73661,-101.21163,10.51,kilotonnes of carbon dioxide equivalents (kt CO2 eq),2023,Oil and gas extraction (except oil sands),https://www23.statcan.gc.ca/imdb/p3VD.pl?Function=getVD&TVD=1369825&CVD=1370970&CPV=211110&CST=27012022&CLV=5&MLV=5,https://climate-change.canada.ca/facility-emissions/GHGRP-G11534-2023.html,"http://indicators-map.canada.ca/App/Detail?id=0111534&GoCTemplateCulture=en-CA
"
11535,Waskada 15-21-001-25 W1M,Tundra Oil & Gas Limited,Waskada,,N/A,Manitoba,49.05777,-100.76444,14.58,kilotonnes of carbon dioxide equivalents (kt CO2 eq),2023,Oil and gas extraction (except oil sands),https://www23.statcan.gc.ca/imdb/p3VD.pl?Function=getVD&TVD=1369825&CVD=1370970&CPV=211110&CST=27012022&CLV=5&MLV=5,https://climate-change.canada.ca/facility-emissions/GHGRP-G11535-2023.html,"http://indicators-map.canada.ca/App/Detail?id=0111535&GoCTemplateCulture=en-CA
"
11536,Goodlands 16-10-001-24 W1M,Tundra Oil & Gas Limited,Goodlands,,N/A,Manitoba,49.02782,-100.6022,11.15,kilotonnes of carbon dioxide equivalents (kt CO2 eq),2023,Oil and gas extraction (except oil sands),https://www23.statcan.gc.ca/imdb/p3VD.pl?Function=getVD&TVD=1369825&CVD=1370970&CPV=211110&CST=27012022&CLV=5&MLV=5,https://climate-change.canada.ca/facility-emissions/GHGRP-G11536-2023.html,"http://indicators-map.canada.ca/App/Detail?id=0111536&GoCTemplateCulture=en-CA
"
11538,Dee Valley EOR Facility 09-09-049-22W3,Cenovus Energy Inc.,Dee Valley,,N/A,Saskatchewan,53.20008,-109.30074,1.7,kilotonnes of carbon dioxide equivalents (kt CO2 eq),2023,Oil and gas extraction (except oil sands),https://www23.statcan.gc.ca/imdb/p3VD.pl?Function=getVD&TVD=1369825&CVD=1370970&CPV=211110&CST=27012022&CLV=5&MLV=5,https://climate-change.canada.ca/facility-emissions/GHGRP-G11538-2023.html,"http://indicators-map.canada.ca/App/Detail?id=0111538&GoCTemplateCulture=en-CA
"
11539,Tower Gas Plant 03-07-081-17W6,Ovintiv Canada ULC,Dawson Creek,37 Vic Turner Airport Road,V1G 0G1,British Columbia,56.00163,-120.65114,18.46,kilotonnes of carbon dioxide equivalents (kt CO2 eq),2023,Oil and gas extraction (except oil sands),https://www23.statcan.gc.ca/imdb/p3VD.pl?Function=getVD&TVD=1369825&CVD=1370970&CPV=211110&CST=27012022&CLV=5&MLV=5,https://climate-change.canada.ca/facility-emissions/GHGRP-G11539-2023.html,"http://indicators-map.canada.ca/App/Detail?id=0111539&GoCTemplateCulture=en-CA
"
11540,1200 Montreal Road Campus,National Research Council Canada,Ottawa,1200 Montreal Road Street East,K1A 0R6,Ontario,45.4519,-75.6204,16.29,kilotonnes of carbon dioxide equivalents (kt CO2 eq),2023,Other Federal Government Public Administration,https://www23.statcan.gc.ca/imdb/p3VD.pl?Function=getVD&TVD=1369825&CVD=1370970&CPV=911910&CST=27012022&CLV=5&MLV=5,https://climate-change.canada.ca/facility-emissions/GHGRP-G11540-2023.html,"http://indicators-map.canada.ca/App/Detail?id=0111540&GoCTemplateCulture=en-CA
"
11542,Cliffdale Oil Battery 03-25-084-17W5,Canadian Natural Resources Limited,Peace River,Sec Hwy 986 Km 54    Northeast,T8S 1V1,Alberta,56.3066,-116.548,13.08,kilotonnes of carbon dioxide equivalents (kt CO2 eq),2023,Oil and gas extraction (except oil sands),https://www23.statcan.gc.ca/imdb/p3VD.pl?Function=getVD&TVD=1369825&CVD=1370970&CPV=211110&CST=27012022&CLV=5&MLV=5,https://climate-change.canada.ca/facility-emissions/GHGRP-G11542-2023.html,"http://indicators-map.canada.ca/App/Detail?id=0111542&GoCTemplateCulture=en-CA
"
11543,Service GMR,MRC de Bellechasse,Armagh,50 1ER RANG NORD EST  Northeast,G0R 1A0,Quebec,46.71,-70.61,34.82,kilotonnes of carbon dioxide equivalents (kt CO2 eq),2023,Waste Treatment and Disposal,https://www23.statcan.gc.ca/imdb/p3VD.pl?Function=getVD&TVD=1369825&CVD=1370970&CPV=562210&CST=27012022&CLV=5&MLV=5,https://climate-change.canada.ca/facility-emissions/GHGRP-G11543-2023.html,"http://indicators-map.canada.ca/App/Detail?id=0111543&GoCTemplateCulture=en-CA
"
11545,Lieu d'enfouissement de St-Lambert de Lauzon (LET/LES),Régie intermunicipale de gestion des déchets des Chutes-de-l,Saint Lambert de Lauzon,517 Sait-Aimé Street,G0S 2W0,Quebec,46.59621,-71.2749,21.5,kilotonnes of carbon dioxide equivalents (kt CO2 eq),2023,Waste Treatment and Disposal,https://www23.statcan.gc.ca/imdb/p3VD.pl?Function=getVD&TVD=1369825&CVD=1370970&CPV=562210&CST=27012022&CLV=5&MLV=5,https://climate-change.canada.ca/facility-emissions/GHGRP-G11545-2023.html,"http://indicators-map.canada.ca/App/Detail?id=0111545&GoCTemplateCulture=en-CA
"
11546,Baptiste Comp Stn 06-21,Spartan Delta Corp.,Calgary,1500 308 4 Avenue Southwest,T2P 0H7,Alberta,52.71788,-115.24981,33.84,kilotonnes of carbon dioxide equivalents (kt CO2 eq),2023,Oil and gas extraction (except oil sands),https://www23.statcan.gc.ca/imdb/p3VD.pl?Function=getVD&TVD=1369825&CVD=1370970&CPV=211110&CST=27012022&CLV=5&MLV=5,https://climate-change.canada.ca/facility-emissions/GHGRP-G11546-2023.html,"http://indicators-map.canada.ca/App/Detail?id=0111546&GoCTemplateCulture=en-CA
"
11548,Dumur Industries Assembly Division,1916354 Alberta Ltd.,Regina,4750 Victoria Avenue East Avenue East,S4P 3C6,Saskatchewan,50.44856,-104.5171,0,kilotonnes of carbon dioxide equivalents (kt CO2 eq),2023,Other Transportation Equipment Manufacturing,https://www23.statcan.gc.ca/imdb/p3VD.pl?Function=getVD&TVD=1369825&CVD=1370970&CPV=336990&CST=27012022&CLV=5&MLV=5,https://climate-change.canada.ca/facility-emissions/GHGRP-G11548-2023.html,"http://indicators-map.canada.ca/App/Detail?id=0111548&GoCTemplateCulture=en-CA
"
11549,Sand Creek Sour Gas Plant,Cenovus Energy Inc.,Calgary,500 Centre Street Southeast,T2P 0M5,Alberta,52.90713,-115.32224,38.14,kilotonnes of carbon dioxide equivalents (kt CO2 eq),2023,Oil and gas extraction (except oil sands),https://www23.statcan.gc.ca/imdb/p3VD.pl?Function=getVD&TVD=1369825&CVD=1370970&CPV=211110&CST=27012022&CLV=5&MLV=5,https://climate-change.canada.ca/facility-emissions/GHGRP-G11549-2023.html,"http://indicators-map.canada.ca/App/Detail?id=0111549&GoCTemplateCulture=en-CA
"
11551,Mervin EOR Central Facility 11-36-049-20W3,Cenovus Energy Inc.,Turtle River,,N/A,Saskatchewan,53.27254,-108.79865,14.23,kilotonnes of carbon dioxide equivalents (kt CO2 eq),2023,Oil and gas extraction (except oil sands),https://www23.statcan.gc.ca/imdb/p3VD.pl?Function=getVD&TVD=1369825&CVD=1370970&CPV=211110&CST=27012022&CLV=5&MLV=5,https://climate-change.canada.ca/facility-emissions/GHGRP-G11551-2023.html,"http://indicators-map.canada.ca/App/Detail?id=0111551&GoCTemplateCulture=en-CA
"
11552,Lashburn EOR Central Facility 12-01-049-24W3,Cenovus Energy Inc.,Eldon,,N/A,Saskatchewan,53.19985,-109.39088,18.37,kilotonnes of carbon dioxide equivalents (kt CO2 eq),2023,Oil and gas extraction (except oil sands),https://www23.statcan.gc.ca/imdb/p3VD.pl?Function=getVD&TVD=1369825&CVD=1370970&CPV=211110&CST=27012022&CLV=5&MLV=5,https://climate-change.canada.ca/facility-emissions/GHGRP-G11552-2023.html,"http://indicators-map.canada.ca/App/Detail?id=0111552&GoCTemplateCulture=en-CA
"
11557,EDAM EOR Central Facility 07-24-049-20W3,Cenovus Energy Inc.,Turtle River,,N/A,Saskatchewan,53.23983,-108.79272,2.3,kilotonnes of carbon dioxide equivalents (kt CO2 eq),2023,Oil and gas extraction (except oil sands),https://www23.statcan.gc.ca/imdb/p3VD.pl?Function=getVD&TVD=1369825&CVD=1370970&CPV=211110&CST=27012022&CLV=5&MLV=5,https://climate-change.canada.ca/facility-emissions/GHGRP-G11557-2023.html,"http://indicators-map.canada.ca/App/Detail?id=0111557&GoCTemplateCulture=en-CA
"
11567,Cantuar Oil MWB 15-15,Veren Inc.,,,N/A,Saskatchewan,50.35195,-108.25902,22.59,kilotonnes of carbon dioxide equivalents (kt CO2 eq),2023,Oil and gas extraction (except oil sands),https://www23.statcan.gc.ca/imdb/p3VD.pl?Function=getVD&TVD=1369825&CVD=1370970&CPV=211110&CST=27012022&CLV=5&MLV=5,https://climate-change.canada.ca/facility-emissions/GHGRP-G11567-2023.html,"http://indicators-map.canada.ca/App/Detail?id=0111567&GoCTemplateCulture=en-CA
"
11568,SEEP Ethane Extraction Plant 13-19,Steel Reef Infrastructure Corp.,,,N/A,Saskatchewan,49.49184,-103.21452,12.95,kilotonnes of carbon dioxide equivalents (kt CO2 eq),2023,Pipeline Transportation of Natural Gas,https://www23.statcan.gc.ca/imdb/p3VD.pl?Function=getVD&TVD=1369825&CVD=1370970&CPV=486210&CST=27012022&CLV=5&MLV=5,https://climate-change.canada.ca/facility-emissions/GHGRP-G11568-2023.html,"http://indicators-map.canada.ca/App/Detail?id=0111568&GoCTemplateCulture=en-CA
"
11575,Swan Hills Oil MWB 12-36,Veren Inc.,,,T0G 2C0,Alberta,54.58315,-115.3845,12.26,kilotonnes of carbon dioxide equivalents (kt CO2 eq),2023,Oil and gas extraction (except oil sands),https://www23.statcan.gc.ca/imdb/p3VD.pl?Function=getVD&TVD=1369825&CVD=1370970&CPV=211110&CST=27012022&CLV=5&MLV=5,https://climate-change.canada.ca/facility-emissions/GHGRP-G11575-2023.html,"http://indicators-map.canada.ca/App/Detail?id=0111575&GoCTemplateCulture=en-CA
"
11576,Flat Lake Sour Gas Plant 09-16,Steel Reef Infrastructure Corp.,Weyburn,LSD 09-16-001-14 W2M,S4H 0A1,Saskatchewan,49.03762,-103.8129,21.03,kilotonnes of carbon dioxide equivalents (kt CO2 eq),2023,Oil and gas extraction (except oil sands),https://www23.statcan.gc.ca/imdb/p3VD.pl?Function=getVD&TVD=1369825&CVD=1370970&CPV=211110&CST=27012022&CLV=5&MLV=5,https://climate-change.canada.ca/facility-emissions/GHGRP-G11576-2023.html,"http://indicators-map.canada.ca/App/Detail?id=0111576&GoCTemplateCulture=en-CA
"
11590,Rapdan Sour Gas Plant 13-01,Steel Reef Infrastructure Corp.,Swift Current,LSD: 13-01-005-20W3,S9H 0L4,Saskatchewan,49.36186,-108.58143,16.67,kilotonnes of carbon dioxide equivalents (kt CO2 eq),2023,Oil and gas extraction (except oil sands),https://www23.statcan.gc.ca/imdb/p3VD.pl?Function=getVD&TVD=1369825&CVD=1370970&CPV=211110&CST=27012022&CLV=5&MLV=5,https://climate-change.canada.ca/facility-emissions/GHGRP-G11590-2023.html,"http://indicators-map.canada.ca/App/Detail?id=0111590&GoCTemplateCulture=en-CA
"
11593,Redcliff Cypress Regional Landfill,Redcliff Cypress Waste Management Authority,Cypress County,13312 Range Road 71 Road,T0J 2P0,Alberta,50.09602,-110.84828,56.17,kilotonnes of carbon dioxide equivalents (kt CO2 eq),2023,Waste Treatment and Disposal,https://www23.statcan.gc.ca/imdb/p3VD.pl?Function=getVD&TVD=1369825&CVD=1370970&CPV=562210&CST=27012022&CLV=5&MLV=5,https://climate-change.canada.ca/facility-emissions/GHGRP-G11593-2023.html,"http://indicators-map.canada.ca/App/Detail?id=0111593&GoCTemplateCulture=en-CA
"
11594,Doe Gas Plant (02-11-080-16W6) - TOU,Tourmaline Oil Corp,Dawson Creek,,N/A,British Columbia,55.91377,-120.38232,95.7,kilotonnes of carbon dioxide equivalents (kt CO2 eq),2023,Oil and gas extraction (except oil sands),https://www23.statcan.gc.ca/imdb/p3VD.pl?Function=getVD&TVD=1369825&CVD=1370970&CPV=211110&CST=27012022&CLV=5&MLV=5,https://climate-change.canada.ca/facility-emissions/GHGRP-G11594-2023.html,"http://indicators-map.canada.ca/App/Detail?id=0111594&GoCTemplateCulture=en-CA
"
11597,Winnipeg,Darling International Canada Inc.,Winnipeg,607 Dawson Road North,R2J 0T2,Manitoba,49.88001,-97.07814,14.42,kilotonnes of carbon dioxide equivalents (kt CO2 eq),2023,Rendering and Meat Processing from Carcasses,https://www23.statcan.gc.ca/imdb/p3VD.pl?Function=getVD&TVD=1369825&CVD=1370970&CPV=311614&CST=27012022&CLV=5&MLV=5,https://climate-change.canada.ca/facility-emissions/GHGRP-G11597-2023.html,"http://indicators-map.canada.ca/App/Detail?id=0111597&GoCTemplateCulture=en-CA
"
11598,Drumheller & District Regional Landfill,Drumheller & District Solid Waste Management Association,Drumheller,2500 Hi-way 10 East Highway East,T0J 0Y0,Alberta,51.4535,-112.69256,26.87,kilotonnes of carbon dioxide equivalents (kt CO2 eq),2023,Waste Treatment and Disposal,https://www23.statcan.gc.ca/imdb/p3VD.pl?Function=getVD&TVD=1369825&CVD=1370970&CPV=562210&CST=27012022&CLV=5&MLV=5,https://climate-change.canada.ca/facility-emissions/GHGRP-G11598-2023.html,"http://indicators-map.canada.ca/App/Detail?id=0111598&GoCTemplateCulture=en-CA
"
11599,Hebron Platform,Exxonmobil Canada Properties - Hebron,St. John's,,N/A,Newfoundland and Labrador,45.535,-48.48556,353.4,kilotonnes of carbon dioxide equivalents (kt CO2 eq),2023,Oil and gas extraction (except oil sands),https://www23.statcan.gc.ca/imdb/p3VD.pl?Function=getVD&TVD=1369825&CVD=1370970&CPV=211110&CST=27012022&CLV=5&MLV=5,https://climate-change.canada.ca/facility-emissions/GHGRP-G11599-2023.html,"http://indicators-map.canada.ca/App/Detail?id=0111599&GoCTemplateCulture=en-CA
"
11601,Park Road Landfill,Regional Municipality of Niagara,Grimsby,376 440 Park Road South,L3M 4E7,Ontario,43.14845,-79.54396,9.95,kilotonnes of carbon dioxide equivalents (kt CO2 eq),2023,Waste Treatment and Disposal,https://www23.statcan.gc.ca/imdb/p3VD.pl?Function=getVD&TVD=1369825&CVD=1370970&CPV=562210&CST=27012022&CLV=5&MLV=5,https://climate-change.canada.ca/facility-emissions/GHGRP-G11601-2023.html,"http://indicators-map.canada.ca/App/Detail?id=0111601&GoCTemplateCulture=en-CA
"
11602,Quest Carbon Capture and Storage (CCS) Project,Shell Canada Limited,Fort Saskatchewan,55522 Range Rd 214,T8L 4A4,Alberta,53.7407,-113.0231,0.17,kilotonnes of carbon dioxide equivalents (kt CO2 eq),2023,In-situ oil sands extraction,https://www23.statcan.gc.ca/imdb/p3VD.pl?Function=getVD&TVD=1369825&CVD=1370970&CPV=211141&CST=27012022&CLV=5&MLV=5,https://climate-change.canada.ca/facility-emissions/GHGRP-G11602-2023.html,"http://indicators-map.canada.ca/App/Detail?id=0111602&GoCTemplateCulture=en-CA
"
11603,NAIT - Main Campus,Northern Alberta Institute of Technology,Edmonton,11762 106 Street,T5G 2R1,Alberta,53.5678,-113.5059,14.87,kilotonnes of carbon dioxide equivalents (kt CO2 eq),2023,Technical and Trade Schools,https://www23.statcan.gc.ca/imdb/p3VD.pl?Function=getVD&TVD=1369825&CVD=1370970&CPV=611510&CST=27012022&CLV=5&MLV=5,https://climate-change.canada.ca/facility-emissions/GHGRP-G11603-2023.html,"http://indicators-map.canada.ca/App/Detail?id=0111603&GoCTemplateCulture=en-CA
"
11605,TORC et Al Weir Hill Oil Battery 11-25-005-06W2,Whitecap Resources Inc.,,,N/A,Saskatchewan,49.41551,-102.69325,11.71,kilotonnes of carbon dioxide equivalents (kt CO2 eq),2023,Oil and gas extraction (except oil sands),https://www23.statcan.gc.ca/imdb/p3VD.pl?Function=getVD&TVD=1369825&CVD=1370970&CPV=211110&CST=27012022&CLV=5&MLV=5,https://climate-change.canada.ca/facility-emissions/GHGRP-G11605-2023.html,"http://indicators-map.canada.ca/App/Detail?id=0111605&GoCTemplateCulture=en-CA
"
11619,Kakwa 12-14-063-05W6,ARC RESOURCES LTD.,Kakwa,,N/A,Alberta,54.45259,-118.65139,75.18,kilotonnes of carbon dioxide equivalents (kt CO2 eq),2023,Oil and gas extraction (except oil sands),https://www23.statcan.gc.ca/imdb/p3VD.pl?Function=getVD&TVD=1369825&CVD=1370970&CPV=211110&CST=27012022&CLV=5&MLV=5,https://climate-change.canada.ca/facility-emissions/GHGRP-G11619-2023.html,"http://indicators-map.canada.ca/App/Detail?id=0111619&GoCTemplateCulture=en-CA
"
11620,Kakwa 08-07-063-04W6,ARC RESOURCES LTD.,Kakwa,,N/A,Alberta,54.4343,-118.58249,73.89,kilotonnes of carbon dioxide equivalents (kt CO2 eq),2023,Oil and gas extraction (except oil sands),https://www23.statcan.gc.ca/imdb/p3VD.pl?Function=getVD&TVD=1369825&CVD=1370970&CPV=211110&CST=27012022&CLV=5&MLV=5,https://climate-change.canada.ca/facility-emissions/GHGRP-G11620-2023.html,"http://indicators-map.canada.ca/App/Detail?id=0111620&GoCTemplateCulture=en-CA
"
11624,1972 Landfill (non-operating),City of Red Deer,Red Deer,1800 40 Avenue,T4R 3G6,Alberta,52.22692,-113.79518,40.86,kilotonnes of carbon dioxide equivalents (kt CO2 eq),2023,Waste Treatment and Disposal,https://www23.statcan.gc.ca/imdb/p3VD.pl?Function=getVD&TVD=1369825&CVD=1370970&CPV=562210&CST=27012022&CLV=5&MLV=5,https://climate-change.canada.ca/facility-emissions/GHGRP-G11624-2023.html,"http://indicators-map.canada.ca/App/Detail?id=0111624&GoCTemplateCulture=en-CA
"
11632,Cutbank Comp Stn 10-36,Cenovus Energy Inc.,,,N/A,Alberta,54.67067,-119.21829,13.58,kilotonnes of carbon dioxide equivalents (kt CO2 eq),2023,Oil and gas extraction (except oil sands),https://www23.statcan.gc.ca/imdb/p3VD.pl?Function=getVD&TVD=1369825&CVD=1370970&CPV=211110&CST=27012022&CLV=5&MLV=5,https://climate-change.canada.ca/facility-emissions/GHGRP-G11632-2023.html,"http://indicators-map.canada.ca/App/Detail?id=0111632&GoCTemplateCulture=en-CA
"
11637,Ansell Sweet Gas Plant 01-24,Canadian Natural Resources Limited,,,N/A,Alberta,53.5005,-116.80511,34.47,kilotonnes of carbon dioxide equivalents (kt CO2 eq),2023,Oil and gas extraction (except oil sands),https://www23.statcan.gc.ca/imdb/p3VD.pl?Function=getVD&TVD=1369825&CVD=1370970&CPV=211110&CST=27012022&CLV=5&MLV=5,https://climate-change.canada.ca/facility-emissions/GHGRP-G11637-2023.html,"http://indicators-map.canada.ca/App/Detail?id=0111637&GoCTemplateCulture=en-CA
"
11638,Bilbo Compressor Station 04-23,Canadian Natural Resources Limited,,,N/A,Alberta,54.72164,-119.10498,11.78,kilotonnes of carbon dioxide equivalents (kt CO2 eq),2023,Oil and gas extraction (except oil sands),https://www23.statcan.gc.ca/imdb/p3VD.pl?Function=getVD&TVD=1369825&CVD=1370970&CPV=211110&CST=27012022&CLV=5&MLV=5,https://climate-change.canada.ca/facility-emissions/GHGRP-G11638-2023.html,"http://indicators-map.canada.ca/App/Detail?id=0111638&GoCTemplateCulture=en-CA
"
11639,Cecilia 14-36-057-23 W5M,Canadian Natural Resources Limited,,,N/A,Alberta,53.97558,-117.28725,25.72,kilotonnes of carbon dioxide equivalents (kt CO2 eq),2023,Oil and gas extraction (except oil sands),https://www23.statcan.gc.ca/imdb/p3VD.pl?Function=getVD&TVD=1369825&CVD=1370970&CPV=211110&CST=27012022&CLV=5&MLV=5,https://climate-change.canada.ca/facility-emissions/GHGRP-G11639-2023.html,"http://indicators-map.canada.ca/App/Detail?id=0111639&GoCTemplateCulture=en-CA
"
11641,Knopcik Gas Plant 09-10-074-11 W6M,Canadian Natural Resources Limited,,,N/A,Alberta,55.3977,-119.5931,24.91,kilotonnes of carbon dioxide equivalents (kt CO2 eq),2023,Oil and gas extraction (except oil sands),https://www23.statcan.gc.ca/imdb/p3VD.pl?Function=getVD&TVD=1369825&CVD=1370970&CPV=211110&CST=27012022&CLV=5&MLV=5,https://climate-change.canada.ca/facility-emissions/GHGRP-G11641-2023.html,"http://indicators-map.canada.ca/App/Detail?id=0111641&GoCTemplateCulture=en-CA
"
11642,Duncan Compressor Station 10-36,Canadian Natural Resources Limited,,,N/A,Alberta,55.62984,-112.18917,13.66,kilotonnes of carbon dioxide equivalents (kt CO2 eq),2023,Oil and gas extraction (except oil sands),https://www23.statcan.gc.ca/imdb/p3VD.pl?Function=getVD&TVD=1369825&CVD=1370970&CPV=211110&CST=27012022&CLV=5&MLV=5,https://climate-change.canada.ca/facility-emissions/GHGRP-G11642-2023.html,"http://indicators-map.canada.ca/App/Detail?id=0111642&GoCTemplateCulture=en-CA
"
11643,Chinchaga 01-24-096-05 W6M,Canadian Natural Resources Limited,,,N/A,Alberta,57.33901,-118.65434,18.03,kilotonnes of carbon dioxide equivalents (kt CO2 eq),2023,Oil and gas extraction (except oil sands),https://www23.statcan.gc.ca/imdb/p3VD.pl?Function=getVD&TVD=1369825&CVD=1370970&CPV=211110&CST=27012022&CLV=5&MLV=5,https://climate-change.canada.ca/facility-emissions/GHGRP-G11643-2023.html,"http://indicators-map.canada.ca/App/Detail?id=0111643&GoCTemplateCulture=en-CA
"
11644,Tilley West Compressor Station 01-03,Canadian Natural Resources Limited,,,N/A,Alberta,50.48648,-111.70293,13.26,kilotonnes of carbon dioxide equivalents (kt CO2 eq),2023,Oil and gas extraction (except oil sands),https://www23.statcan.gc.ca/imdb/p3VD.pl?Function=getVD&TVD=1369825&CVD=1370970&CPV=211110&CST=27012022&CLV=5&MLV=5,https://climate-change.canada.ca/facility-emissions/GHGRP-G11644-2023.html,"http://indicators-map.canada.ca/App/Detail?id=0111644&GoCTemplateCulture=en-CA
"
11651,City of Medicine Hat Landfill,City of Medicine Hat,Cypress County,13002 RR 52A,N/A,Alberta,50.05244,-110.61484,51.87,kilotonnes of carbon dioxide equivalents (kt CO2 eq),2023,Waste Treatment and Disposal,https://www23.statcan.gc.ca/imdb/p3VD.pl?Function=getVD&TVD=1369825&CVD=1370970&CPV=562210&CST=27012022&CLV=5&MLV=5,https://climate-change.canada.ca/facility-emissions/GHGRP-G11651-2023.html,"http://indicators-map.canada.ca/App/Detail?id=0111651&GoCTemplateCulture=en-CA
"
11656,Hangingstone Compressor Station 11-10,Canadian Natural Resources Limited,,,N/A,Alberta,56.26993,-111.49735,10.71,kilotonnes of carbon dioxide equivalents (kt CO2 eq),2023,Oil and gas extraction (except oil sands),https://www23.statcan.gc.ca/imdb/p3VD.pl?Function=getVD&TVD=1369825&CVD=1370970&CPV=211110&CST=27012022&CLV=5&MLV=5,https://climate-change.canada.ca/facility-emissions/GHGRP-G11656-2023.html,"http://indicators-map.canada.ca/App/Detail?id=0111656&GoCTemplateCulture=en-CA
"
11657,Nanaimo Regional Landfill,Regional District of Nanaimo,Nanaimo,1105 Cedar Road,V9X 1K9,British Columbia,49.1202,-123.898,56.33,kilotonnes of carbon dioxide equivalents (kt CO2 eq),2023,Waste Treatment and Disposal,https://www23.statcan.gc.ca/imdb/p3VD.pl?Function=getVD&TVD=1369825&CVD=1370970&CPV=562210&CST=27012022&CLV=5&MLV=5,https://climate-change.canada.ca/facility-emissions/GHGRP-G11657-2023.html,"http://indicators-map.canada.ca/App/Detail?id=0111657&GoCTemplateCulture=en-CA
"
11661,Claresholm Sweet Gas Plant 13-31-011-26W4,Canadian Natural Resources Limited,,,N/A,Alberta,49.95911,-113.54695,13.22,kilotonnes of carbon dioxide equivalents (kt CO2 eq),2023,Oil and gas extraction (except oil sands),https://www23.statcan.gc.ca/imdb/p3VD.pl?Function=getVD&TVD=1369825&CVD=1370970&CPV=211110&CST=27012022&CLV=5&MLV=5,https://climate-change.canada.ca/facility-emissions/GHGRP-G11661-2023.html,"http://indicators-map.canada.ca/App/Detail?id=0111661&GoCTemplateCulture=en-CA
"
11665,Wembley Oil Battery 14-03-073-08W6,Canadian Natural Resources Limited,,,N/A,Alberta,55.30139,-119.14411,26.9,kilotonnes of carbon dioxide equivalents (kt CO2 eq),2023,Oil and gas extraction (except oil sands),https://www23.statcan.gc.ca/imdb/p3VD.pl?Function=getVD&TVD=1369825&CVD=1370970&CPV=211110&CST=27012022&CLV=5&MLV=5,https://climate-change.canada.ca/facility-emissions/GHGRP-G11665-2023.html,"http://indicators-map.canada.ca/App/Detail?id=0111665&GoCTemplateCulture=en-CA
"
11666,Bilbo Compressor Station 06-34-065-08W6,Canadian Natural Resources Limited,,,N/A,Alberta,54.66556,-119.1236,11.1,kilotonnes of carbon dioxide equivalents (kt CO2 eq),2023,Oil and gas extraction (except oil sands),https://www23.statcan.gc.ca/imdb/p3VD.pl?Function=getVD&TVD=1369825&CVD=1370970&CPV=211110&CST=27012022&CLV=5&MLV=5,https://climate-change.canada.ca/facility-emissions/GHGRP-G11666-2023.html,"http://indicators-map.canada.ca/App/Detail?id=0111666&GoCTemplateCulture=en-CA
"
11667,Karr Creek Compressor Station 12-35-063-02W6,Canadian Natural Resources Limited,,,N/A,Alberta,54.496,-118.19859,10.76,kilotonnes of carbon dioxide equivalents (kt CO2 eq),2023,Oil and gas extraction (except oil sands),https://www23.statcan.gc.ca/imdb/p3VD.pl?Function=getVD&TVD=1369825&CVD=1370970&CPV=211110&CST=27012022&CLV=5&MLV=5,https://climate-change.canada.ca/facility-emissions/GHGRP-G11667-2023.html,"http://indicators-map.canada.ca/App/Detail?id=0111667&GoCTemplateCulture=en-CA
"
11669,West Wolf Lake Gas Plant (10-03-052-17W5) - TOU,Tourmaline Oil Corp,Edson,51419 Range Road 181A Road Southeast,T7E 1N9,Alberta,53.46233,-116.41483,30.78,kilotonnes of carbon dioxide equivalents (kt CO2 eq),2023,Oil and gas extraction (except oil sands),https://www23.statcan.gc.ca/imdb/p3VD.pl?Function=getVD&TVD=1369825&CVD=1370970&CPV=211110&CST=27012022&CLV=5&MLV=5,https://climate-change.canada.ca/facility-emissions/GHGRP-G11669-2023.html,"http://indicators-map.canada.ca/App/Detail?id=0111669&GoCTemplateCulture=en-CA
"
11672,Natural Gas Distribution System,Manitoba Hydro,Winnipeg,360 Portage Avenue,R3C 0G8,Manitoba,0,0,40.83,kilotonnes of carbon dioxide equivalents (kt CO2 eq),2023,Natural Gas Distribution,https://www23.statcan.gc.ca/imdb/p3VD.pl?Function=getVD&TVD=1369825&CVD=1370970&CPV=221210&CST=27012022&CLV=5&MLV=5,https://climate-change.canada.ca/facility-emissions/GHGRP-G11672-2023.html,"http://indicators-map.canada.ca/App/Detail?id=0111672&GoCTemplateCulture=en-CA
"
11675,Usine McInnis,"St Marys Cement Inc, Usine McInnis",Port Daniel Gascons,50 route 132 Route,G0C 2N0,Quebec,48.19156,-64.92241,1438.07,kilotonnes of carbon dioxide equivalents (kt CO2 eq),2023,Cement Manufacturing,https://www23.statcan.gc.ca/imdb/p3VD.pl?Function=getVD&TVD=1369825&CVD=1370970&CPV=327310&CST=27012022&CLV=5&MLV=5,https://climate-change.canada.ca/facility-emissions/GHGRP-G11675-2023.html,"http://indicators-map.canada.ca/App/Detail?id=0111675&GoCTemplateCulture=en-CA
"
11676,BRAZEAU 14-30-45-11W5 MWOB,Saturn Oil & Gas Inc.,Brazeau,N/A,N/A,Alberta,52.91436,-115.58813,10.02,kilotonnes of carbon dioxide equivalents (kt CO2 eq),2023,Oil and gas extraction (except oil sands),https://www23.statcan.gc.ca/imdb/p3VD.pl?Function=getVD&TVD=1369825&CVD=1370970&CPV=211110&CST=27012022&CLV=5&MLV=5,https://climate-change.canada.ca/facility-emissions/GHGRP-G11676-2023.html,"http://indicators-map.canada.ca/App/Detail?id=0111676&GoCTemplateCulture=en-CA
"
11677,INNES GAS PLANT 12-22-7-11-W2,Saturn Oil & Gas Inc.,Griffin,N/A,N/A,Saskatchewan,49.57534,-103.42626,26.02,kilotonnes of carbon dioxide equivalents (kt CO2 eq),2023,Oil and gas extraction (except oil sands),https://www23.statcan.gc.ca/imdb/p3VD.pl?Function=getVD&TVD=1369825&CVD=1370970&CPV=211110&CST=27012022&CLV=5&MLV=5,https://climate-change.canada.ca/facility-emissions/GHGRP-G11677-2023.html,"http://indicators-map.canada.ca/App/Detail?id=0111677&GoCTemplateCulture=en-CA
"
11678,Newell Regional Landfill,Newell Regional Solid Waste Management Authority,Brooks,195021 HWY 36,N/A,Alberta,50.56961,-111.89623,17.16,kilotonnes of carbon dioxide equivalents (kt CO2 eq),2023,Waste Treatment and Disposal,https://www23.statcan.gc.ca/imdb/p3VD.pl?Function=getVD&TVD=1369825&CVD=1370970&CPV=562210&CST=27012022&CLV=5&MLV=5,https://climate-change.canada.ca/facility-emissions/GHGRP-G11678-2023.html,"http://indicators-map.canada.ca/App/Detail?id=0111678&GoCTemplateCulture=en-CA
"
11679,PETRO-CAN MED HAT #3,Canlin Energy Corporation,Medicine Hat,,N/A,Alberta,50.28246,-110.47105,22.2,kilotonnes of carbon dioxide equivalents (kt CO2 eq),2023,Oil and gas extraction (except oil sands),https://www23.statcan.gc.ca/imdb/p3VD.pl?Function=getVD&TVD=1369825&CVD=1370970&CPV=211110&CST=27012022&CLV=5&MLV=5,https://climate-change.canada.ca/facility-emissions/GHGRP-G11679-2023.html,"http://indicators-map.canada.ca/App/Detail?id=0111679&GoCTemplateCulture=en-CA
"
11680,PETRO-CAN ALDERSON,Canlin Energy Corporation,Alderson,,N/A,Alberta,50.26781,-111.33025,26,kilotonnes of carbon dioxide equivalents (kt CO2 eq),2023,Oil and gas extraction (except oil sands),https://www23.statcan.gc.ca/imdb/p3VD.pl?Function=getVD&TVD=1369825&CVD=1370970&CPV=211110&CST=27012022&CLV=5&MLV=5,https://climate-change.canada.ca/facility-emissions/GHGRP-G11680-2023.html,"http://indicators-map.canada.ca/App/Detail?id=0111680&GoCTemplateCulture=en-CA
"
11681,PETRO-CAN MED HAT #1,Canlin Energy Corporation,Medicine Hat,,N/A,Alberta,50.27142,-110.37939,13.71,kilotonnes of carbon dioxide equivalents (kt CO2 eq),2023,Oil and gas extraction (except oil sands),https://www23.statcan.gc.ca/imdb/p3VD.pl?Function=getVD&TVD=1369825&CVD=1370970&CPV=211110&CST=27012022&CLV=5&MLV=5,https://climate-change.canada.ca/facility-emissions/GHGRP-G11681-2023.html,"http://indicators-map.canada.ca/App/Detail?id=0111681&GoCTemplateCulture=en-CA
"
11683,Gilby 2-27 Gas Plant,Canlin Energy Corporation,Gilby,,N/A,Alberta,52.46662,-114.3456,17.15,kilotonnes of carbon dioxide equivalents (kt CO2 eq),2023,Oil and gas extraction (except oil sands),https://www23.statcan.gc.ca/imdb/p3VD.pl?Function=getVD&TVD=1369825&CVD=1370970&CPV=211110&CST=27012022&CLV=5&MLV=5,https://climate-change.canada.ca/facility-emissions/GHGRP-G11683-2023.html,"http://indicators-map.canada.ca/App/Detail?id=0111683&GoCTemplateCulture=en-CA
"
11687,Turner Valley Battery 6-16,Canlin Energy Corporation,,,N/A,Alberta,51.21776,-114.64319,49.09,kilotonnes of carbon dioxide equivalents (kt CO2 eq),2023,Oil and gas extraction (except oil sands),https://www23.statcan.gc.ca/imdb/p3VD.pl?Function=getVD&TVD=1369825&CVD=1370970&CPV=211110&CST=27012022&CLV=5&MLV=5,https://climate-change.canada.ca/facility-emissions/GHGRP-G11687-2023.html,"http://indicators-map.canada.ca/App/Detail?id=0111687&GoCTemplateCulture=en-CA
"
11689,MORNINGSIDE 11-35 COMP,Bonavista Energy Corporation,,N/A,N/A,Alberta,52.66295,-114.03965,16.76,kilotonnes of carbon dioxide equivalents (kt CO2 eq),2023,Oil and gas extraction (except oil sands),https://www23.statcan.gc.ca/imdb/p3VD.pl?Function=getVD&TVD=1369825&CVD=1370970&CPV=211110&CST=27012022&CLV=5&MLV=5,https://climate-change.canada.ca/facility-emissions/GHGRP-G11689-2023.html,"http://indicators-map.canada.ca/App/Detail?id=0111689&GoCTemplateCulture=en-CA
"
11691,Marlboro Gas Plant 05-29-055-19 W5M,Bonavista Energy Corporation,Yellowhead County,15111 TWP Rd 0542,T7E 1V6,Alberta,53.7781,-116.798,17.37,kilotonnes of carbon dioxide equivalents (kt CO2 eq),2023,Oil and gas extraction (except oil sands),https://www23.statcan.gc.ca/imdb/p3VD.pl?Function=getVD&TVD=1369825&CVD=1370970&CPV=211110&CST=27012022&CLV=5&MLV=5,https://climate-change.canada.ca/facility-emissions/GHGRP-G11691-2023.html,"http://indicators-map.canada.ca/App/Detail?id=0111691&GoCTemplateCulture=en-CA
"
11692,SOUTH ROSEVEAR 11-36-53-15,Bonavista Energy Corporation,,N/A,N/A,Alberta,53.62273,-116.08068,20.6,kilotonnes of carbon dioxide equivalents (kt CO2 eq),2023,Oil and gas extraction (except oil sands),https://www23.statcan.gc.ca/imdb/p3VD.pl?Function=getVD&TVD=1369825&CVD=1370970&CPV=211110&CST=27012022&CLV=5&MLV=5,https://climate-change.canada.ca/facility-emissions/GHGRP-G11692-2023.html,"http://indicators-map.canada.ca/App/Detail?id=0111692&GoCTemplateCulture=en-CA
"
11693,Willesden Green 10-34-40-06w5 Ggs,Bonavista Energy Corporation,,N/A,N/A,Alberta,52.48831,-114.77742,17.01,kilotonnes of carbon dioxide equivalents (kt CO2 eq),2023,Oil and gas extraction (except oil sands),https://www23.statcan.gc.ca/imdb/p3VD.pl?Function=getVD&TVD=1369825&CVD=1370970&CPV=211110&CST=27012022&CLV=5&MLV=5,https://climate-change.canada.ca/facility-emissions/GHGRP-G11693-2023.html,"http://indicators-map.canada.ca/App/Detail?id=0111693&GoCTemplateCulture=en-CA
"
11694,Pine Creek 12-2-56-19 Multiwell Gas,Bonavista Energy Corporation,,,N/A,Alberta,53.81191,-116.72365,14.69,kilotonnes of carbon dioxide equivalents (kt CO2 eq),2023,Oil and gas extraction (except oil sands),https://www23.statcan.gc.ca/imdb/p3VD.pl?Function=getVD&TVD=1369825&CVD=1370970&CPV=211110&CST=27012022&CLV=5&MLV=5,https://climate-change.canada.ca/facility-emissions/GHGRP-G11694-2023.html,"http://indicators-map.canada.ca/App/Detail?id=0111694&GoCTemplateCulture=en-CA
"
11695,Ansell Gas Plant 12-31-050-17 W5M,Bonavista Energy Corporation,Yellowhead County,15111 TWP Rd 0542,T7E 1V6,Alberta,53.36073,-116.4824,37.05,kilotonnes of carbon dioxide equivalents (kt CO2 eq),2023,Oil and gas extraction (except oil sands),https://www23.statcan.gc.ca/imdb/p3VD.pl?Function=getVD&TVD=1369825&CVD=1370970&CPV=211110&CST=27012022&CLV=5&MLV=5,https://climate-change.canada.ca/facility-emissions/GHGRP-G11695-2023.html,"http://indicators-map.canada.ca/App/Detail?id=0111695&GoCTemplateCulture=en-CA
"
11696,Gilby 03-28-41-4 Ggs,Bonavista Energy Corporation,Gilby,N/A,N/A,Alberta,52.55394,-114.51945,35.38,kilotonnes of carbon dioxide equivalents (kt CO2 eq),2023,Oil and gas extraction (except oil sands),https://www23.statcan.gc.ca/imdb/p3VD.pl?Function=getVD&TVD=1369825&CVD=1370970&CPV=211110&CST=27012022&CLV=5&MLV=5,https://climate-change.canada.ca/facility-emissions/GHGRP-G11696-2023.html,"http://indicators-map.canada.ca/App/Detail?id=0111696&GoCTemplateCulture=en-CA
"
11697,BILBO GAS PLANT 4-25-65-7W6,HARVEST OPERATIONS CORP.,Greenview,,N/A,Alberta,54.64906,-118.92829,31.23,kilotonnes of carbon dioxide equivalents (kt CO2 eq),2023,Oil and gas extraction (except oil sands),https://www23.statcan.gc.ca/imdb/p3VD.pl?Function=getVD&TVD=1369825&CVD=1370970&CPV=211110&CST=27012022&CLV=5&MLV=5,https://climate-change.canada.ca/facility-emissions/GHGRP-G11697-2023.html,"http://indicators-map.canada.ca/App/Detail?id=0111697&GoCTemplateCulture=en-CA
"
11698,LET de Neuville,Régie régionale de gestion des matières résiduelles de Portn,Neuville,1300 chemin du Site Road,G0A 2R0,Quebec,46.73459,-71.67937,42.54,kilotonnes of carbon dioxide equivalents (kt CO2 eq),2023,Waste Treatment and Disposal,https://www23.statcan.gc.ca/imdb/p3VD.pl?Function=getVD&TVD=1369825&CVD=1370970&CPV=562210&CST=27012022&CLV=5&MLV=5,https://climate-change.canada.ca/facility-emissions/GHGRP-G11698-2023.html,"http://indicators-map.canada.ca/App/Detail?id=0111698&GoCTemplateCulture=en-CA
"
11699,PCR FERRIER 7-16 COMP.,Taqa North Ltd.,Calgary,2100 4 4 Avenue Southwest,T2P 0H7,Alberta,52.70343,-115.38875,27.67,kilotonnes of carbon dioxide equivalents (kt CO2 eq),2023,Oil and gas extraction (except oil sands),https://www23.statcan.gc.ca/imdb/p3VD.pl?Function=getVD&TVD=1369825&CVD=1370970&CPV=211110&CST=27012022&CLV=5&MLV=5,https://climate-change.canada.ca/facility-emissions/GHGRP-G11699-2023.html,"http://indicators-map.canada.ca/App/Detail?id=0111699&GoCTemplateCulture=en-CA
"
11701,Valhalla Plant 13-21-76-9W6,CSV Midstream Solutions,Grande Prairie,525 9909 102 Street,T8V 2V4,Alberta,55.60406,-119.34328,12.14,kilotonnes of carbon dioxide equivalents (kt CO2 eq),2023,Oil and gas extraction (except oil sands),https://www23.statcan.gc.ca/imdb/p3VD.pl?Function=getVD&TVD=1369825&CVD=1370970&CPV=211110&CST=27012022&CLV=5&MLV=5,https://climate-change.canada.ca/facility-emissions/GHGRP-G11701-2023.html,"http://indicators-map.canada.ca/App/Detail?id=0111701&GoCTemplateCulture=en-CA
"
11702,Fort McMurray Regional Landfill,Regional Municipality of Wood Buffalo,Fort McMurray,,N/A,Alberta,56.63751,-111.36454,87.83,kilotonnes of carbon dioxide equivalents (kt CO2 eq),2023,Waste Treatment and Disposal,https://www23.statcan.gc.ca/imdb/p3VD.pl?Function=getVD&TVD=1369825&CVD=1370970&CPV=562210&CST=27012022&CLV=5&MLV=5,https://climate-change.canada.ca/facility-emissions/GHGRP-G11702-2023.html,"http://indicators-map.canada.ca/App/Detail?id=0111702&GoCTemplateCulture=en-CA
"
11712,Leduc & District Regional Waste Facility,Leduc & District Regional Waste Management Commission,Leduc,,N/A,Alberta,53.26274,-113.47882,64.97,kilotonnes of carbon dioxide equivalents (kt CO2 eq),2023,Waste Treatment and Disposal,https://www23.statcan.gc.ca/imdb/p3VD.pl?Function=getVD&TVD=1369825&CVD=1370970&CPV=562210&CST=27012022&CLV=5&MLV=5,https://climate-change.canada.ca/facility-emissions/GHGRP-G11712-2023.html,"http://indicators-map.canada.ca/App/Detail?id=0111712&GoCTemplateCulture=en-CA
"
11713,Placid 6-29,Cygnet Energy Ltd.,Fox Creek,-,N/A,Alberta,54.21588,-117.41075,41.31,kilotonnes of carbon dioxide equivalents (kt CO2 eq),2023,Oil and gas extraction (except oil sands),https://www23.statcan.gc.ca/imdb/p3VD.pl?Function=getVD&TVD=1369825&CVD=1370970&CPV=211110&CST=27012022&CLV=5&MLV=5,https://climate-change.canada.ca/facility-emissions/GHGRP-G11713-2023.html,"http://indicators-map.canada.ca/App/Detail?id=0111713&GoCTemplateCulture=en-CA
"
11714,Usine de production d'eau potable,Ville de Saint-Eustache,Saint Eustache,45 Chénier,J7R 4Y8,Quebec,45.5,-73.9,0.53,kilotonnes of carbon dioxide equivalents (kt CO2 eq),2023,Water Supply and Irrigation Systems,https://www23.statcan.gc.ca/imdb/p3VD.pl?Function=getVD&TVD=1369825&CVD=1370970&CPV=221310&CST=27012022&CLV=5&MLV=5,https://climate-change.canada.ca/facility-emissions/GHGRP-G11714-2023.html,"http://indicators-map.canada.ca/App/Detail?id=0111714&GoCTemplateCulture=en-CA
"
11715,Usine d'épuration,Ville de Saint-Eustache,Saint Eustache,50 25em Avenue,J7P 5P4,Quebec,45.5691,-73.8675,1.18,kilotonnes of carbon dioxide equivalents (kt CO2 eq),2023,Sewage Treatment Facilities,https://www23.statcan.gc.ca/imdb/p3VD.pl?Function=getVD&TVD=1369825&CVD=1370970&CPV=221320&CST=27012022&CLV=5&MLV=5,https://climate-change.canada.ca/facility-emissions/GHGRP-G11715-2023.html,"http://indicators-map.canada.ca/App/Detail?id=0111715&GoCTemplateCulture=en-CA
"
11716,Brockville Activated Alumina Plant,Axens Canada Specialty Aluminas Inc.,Brockville,4000 Development Drive,K6V 5V5,Ontario,44.6243,-75.7017,10.25,kilotonnes of carbon dioxide equivalents (kt CO2 eq),2023,All Other Miscellaneous Chemical Product Manufacturing,https://www23.statcan.gc.ca/imdb/p3VD.pl?Function=getVD&TVD=1369825&CVD=1370970&CPV=325999&CST=27012022&CLV=5&MLV=5,https://climate-change.canada.ca/facility-emissions/GHGRP-G11716-2023.html,"http://indicators-map.canada.ca/App/Detail?id=0111716&GoCTemplateCulture=en-CA
"
11717,Jayar 06-08-062-03W6 GP,Strathcona Resources Ltd.,Jayar,,N/A,Alberta,54.34681,-118.41559,74.61,kilotonnes of carbon dioxide equivalents (kt CO2 eq),2023,Oil and gas extraction (except oil sands),https://www23.statcan.gc.ca/imdb/p3VD.pl?Function=getVD&TVD=1369825&CVD=1370970&CPV=211110&CST=27012022&CLV=5&MLV=5,https://climate-change.canada.ca/facility-emissions/GHGRP-G11717-2023.html,"http://indicators-map.canada.ca/App/Detail?id=0111717&GoCTemplateCulture=en-CA
"
11718,North York Division,"Hydro Extrusion Canada, Inc.",Toronto,7 Alloy Court,M9M 3A2,Ontario,43.736,-79.532,18.47,kilotonnes of carbon dioxide equivalents (kt CO2 eq),2023,"Aluminum Rolling, Drawing, Extruding and Alloying",https://www23.statcan.gc.ca/imdb/p3VD.pl?Function=getVD&TVD=1369825&CVD=1370970&CPV=331317&CST=27012022&CLV=5&MLV=5,https://climate-change.canada.ca/facility-emissions/GHGRP-G11718-2023.html,"http://indicators-map.canada.ca/App/Detail?id=0111718&GoCTemplateCulture=en-CA
"
11719,Whitby,Atlantic Packaging Products Ltd.,Whitby,1900 Thickson Road,L1N 9E1,Ontario,43.8606,-78.9017,95.89,kilotonnes of carbon dioxide equivalents (kt CO2 eq),2023,Paper (except Newsprint) Mills,https://www23.statcan.gc.ca/imdb/p3VD.pl?Function=getVD&TVD=1369825&CVD=1370970&CPV=322121&CST=27012022&CLV=5&MLV=5,https://climate-change.canada.ca/facility-emissions/GHGRP-G11719-2023.html,"http://indicators-map.canada.ca/App/Detail?id=0111719&GoCTemplateCulture=en-CA
"
11721,Armstrong Spallumcheen Recycling and Disposal Facility,Regional District of North Okanagan,Nearest City If Armstrong,Powerhouse Road,V0E 1B8,British Columbia,50.45,-119.17,13.98,kilotonnes of carbon dioxide equivalents (kt CO2 eq),2023,Waste Treatment and Disposal,https://www23.statcan.gc.ca/imdb/p3VD.pl?Function=getVD&TVD=1369825&CVD=1370970&CPV=562210&CST=27012022&CLV=5&MLV=5,https://climate-change.canada.ca/facility-emissions/GHGRP-G11721-2023.html,"http://indicators-map.canada.ca/App/Detail?id=0111721&GoCTemplateCulture=en-CA
"
11722,Sechelt Landfill,Sunshine Coast Regional District,Sechelt,4901 Dusty Road,V0N 3A3,British Columbia,49.48837,-123.71253,22.74,kilotonnes of carbon dioxide equivalents (kt CO2 eq),2023,Waste Treatment and Disposal,https://www23.statcan.gc.ca/imdb/p3VD.pl?Function=getVD&TVD=1369825&CVD=1370970&CPV=562210&CST=27012022&CLV=5&MLV=5,https://climate-change.canada.ca/facility-emissions/GHGRP-G11722-2023.html,"http://indicators-map.canada.ca/App/Detail?id=0111722&GoCTemplateCulture=en-CA
"
11723,Port Colborne Refinery,Vale Canada Ltd,Port Colborne,187 Davis Street,L3K 5W2,Ontario,42.8826,-79.2405,13.66,kilotonnes of carbon dioxide equivalents (kt CO2 eq),2023,Non-Ferrous Metal (except Aluminum) Smelting and Refining,https://www23.statcan.gc.ca/imdb/p3VD.pl?Function=getVD&TVD=1369825&CVD=1370970&CPV=331410&CST=27012022&CLV=5&MLV=5,https://climate-change.canada.ca/facility-emissions/GHGRP-G11723-2023.html,"http://indicators-map.canada.ca/App/Detail?id=0111723&GoCTemplateCulture=en-CA
"
11724,Greater Vernon Recycling and Disposal Facility,Regional District of North Okanagan,Nearest City Is Vernon,120 Birnie Road,V1H 1G1,British Columbia,50.22,-119.3,49.63,kilotonnes of carbon dioxide equivalents (kt CO2 eq),2023,Waste Treatment and Disposal,https://www23.statcan.gc.ca/imdb/p3VD.pl?Function=getVD&TVD=1369825&CVD=1370970&CPV=562210&CST=27012022&CLV=5&MLV=5,https://climate-change.canada.ca/facility-emissions/GHGRP-G11724-2023.html,"http://indicators-map.canada.ca/App/Detail?id=0111724&GoCTemplateCulture=en-CA
"
11725,Alix Malthouse,Rahr Malting Canada Ltd.,Alix,12  Highway East,T0C 0B0,Alberta,52.39188,-113.17708,21.68,kilotonnes of carbon dioxide equivalents (kt CO2 eq),2023,Rice Milling and Malt Manufacturing,https://www23.statcan.gc.ca/imdb/p3VD.pl?Function=getVD&TVD=1369825&CVD=1370970&CPV=311214&CST=27012022&CLV=5&MLV=5,https://climate-change.canada.ca/facility-emissions/GHGRP-G11725-2023.html,"http://indicators-map.canada.ca/App/Detail?id=0111725&GoCTemplateCulture=en-CA
"
11726,LEDCD de Pierrefonds,GFL Environmental Inc.,Pierrefonds,16795 Oakwood Street,H9H 5K7,Quebec,45.46469,-73.86598,22.96,kilotonnes of carbon dioxide equivalents (kt CO2 eq),2023,Waste Treatment and Disposal,https://www23.statcan.gc.ca/imdb/p3VD.pl?Function=getVD&TVD=1369825&CVD=1370970&CPV=562210&CST=27012022&CLV=5&MLV=5,https://climate-change.canada.ca/facility-emissions/GHGRP-G11726-2023.html,"http://indicators-map.canada.ca/App/Detail?id=0111726&GoCTemplateCulture=en-CA
"
11728,Tupper Field,Murphy Oil Company Ltd,Tupper,,N/A,British Columbia,55.54792,-120.05312,11.74,kilotonnes of carbon dioxide equivalents (kt CO2 eq),2023,Oil and gas extraction (except oil sands),https://www23.statcan.gc.ca/imdb/p3VD.pl?Function=getVD&TVD=1369825&CVD=1370970&CPV=211110&CST=27012022&CLV=5&MLV=5,https://climate-change.canada.ca/facility-emissions/GHGRP-G11728-2023.html,"http://indicators-map.canada.ca/App/Detail?id=0111728&GoCTemplateCulture=en-CA
"
11729,Dundas,Darling International Canada Inc.,Dundas,880 Highway 5 Highway,L9H 5E2,Ontario,43.2894,-80.0125,22.06,kilotonnes of carbon dioxide equivalents (kt CO2 eq),2023,Rendering and Meat Processing from Carcasses,https://www23.statcan.gc.ca/imdb/p3VD.pl?Function=getVD&TVD=1369825&CVD=1370970&CPV=311614&CST=27012022&CLV=5&MLV=5,https://climate-change.canada.ca/facility-emissions/GHGRP-G11729-2023.html,"http://indicators-map.canada.ca/App/Detail?id=0111729&GoCTemplateCulture=en-CA
"
11730,Usine Vaudreuil,Rio Tinto Alcan Inc,Jonquière,1955 Mellon Boulevard,G7S 4L2,Quebec,48.4257,-71.1718,406.65,kilotonnes of carbon dioxide equivalents (kt CO2 eq),2023,Primary Production of Alumina and Aluminum,https://www23.statcan.gc.ca/imdb/p3VD.pl?Function=getVD&TVD=1369825&CVD=1370970&CPV=331313&CST=27012022&CLV=5&MLV=5,https://climate-change.canada.ca/facility-emissions/GHGRP-G11730-2023.html,"http://indicators-map.canada.ca/App/Detail?id=0111730&GoCTemplateCulture=en-CA
"
11731,Burlington,Sofina Foods Inc./Aliments Sofina Inc.,Burlington,821 Appleby Line,L7L 4W9,Ontario,43.3769,-79.7656,15.85,kilotonnes of carbon dioxide equivalents (kt CO2 eq),2023,Hog slaughtering,https://www23.statcan.gc.ca/imdb/p3VD.pl?Function=getVD&TVD=1369825&CVD=1370970&CPV=311617&CST=27012022&CLV=5&MLV=5,https://climate-change.canada.ca/facility-emissions/GHGRP-G11731-2023.html,"http://indicators-map.canada.ca/App/Detail?id=0111731&GoCTemplateCulture=en-CA
"
11732,Clearwater Regional Landfill (formerly the Rocky Regional Lan,Clearwater County,Rocky Mountain House,4340 47 Avenue,T4T 1A4,Alberta,52.37916,-114.90705,18.71,kilotonnes of carbon dioxide equivalents (kt CO2 eq),2023,Waste Treatment and Disposal,https://www23.statcan.gc.ca/imdb/p3VD.pl?Function=getVD&TVD=1369825&CVD=1370970&CPV=562210&CST=27012022&CLV=5&MLV=5,https://climate-change.canada.ca/facility-emissions/GHGRP-G11732-2023.html,"http://indicators-map.canada.ca/App/Detail?id=0111732&GoCTemplateCulture=en-CA
"
11733,Carbon,ATCO Energy Solutions Ltd.,Carbon,,N/A,Alberta,51.47883,-113.05653,29.28,kilotonnes of carbon dioxide equivalents (kt CO2 eq),2023,Natural Gas Distribution,https://www23.statcan.gc.ca/imdb/p3VD.pl?Function=getVD&TVD=1369825&CVD=1370970&CPV=221210&CST=27012022&CLV=5&MLV=5,https://climate-change.canada.ca/facility-emissions/GHGRP-G11733-2023.html,"http://indicators-map.canada.ca/App/Detail?id=0111733&GoCTemplateCulture=en-CA
"
11734,DSO Timmins Project,Tata Steel Minerals Canada,Menihek,1 Mining access road Road,N/A,Newfoundland and Labrador,54.88945,-67.0842,51.6,kilotonnes of carbon dioxide equivalents (kt CO2 eq),2023,Iron Ore Mining,https://www23.statcan.gc.ca/imdb/p3VD.pl?Function=getVD&TVD=1369825&CVD=1370970&CPV=212210&CST=27012022&CLV=5&MLV=5,https://climate-change.canada.ca/facility-emissions/GHGRP-G11734-2023.html,"http://indicators-map.canada.ca/App/Detail?id=0111734&GoCTemplateCulture=en-CA
"
11735,Kola 12-24-010-29 W1M,Tundra Oil & Gas Limited,Kola,,N/A,Manitoba,49.85325,-101.3024,17.02,kilotonnes of carbon dioxide equivalents (kt CO2 eq),2023,Oil and gas extraction (except oil sands),https://www23.statcan.gc.ca/imdb/p3VD.pl?Function=getVD&TVD=1369825&CVD=1370970&CPV=211110&CST=27012022&CLV=5&MLV=5,https://climate-change.canada.ca/facility-emissions/GHGRP-G11735-2023.html,"http://indicators-map.canada.ca/App/Detail?id=0111735&GoCTemplateCulture=en-CA
"
11736,North American Lithium,North American Lithium inc.,La Corne,500 du Lithium Route,J0Y 1R0,Quebec,48.40579,-77.82782,27.25,kilotonnes of carbon dioxide equivalents (kt CO2 eq),2023,All Other Metal Ore Mining,https://www23.statcan.gc.ca/imdb/p3VD.pl?Function=getVD&TVD=1369825&CVD=1370970&CPV=212299&CST=27012022&CLV=5&MLV=5,https://climate-change.canada.ca/facility-emissions/GHGRP-G11736-2023.html,"http://indicators-map.canada.ca/App/Detail?id=0111736&GoCTemplateCulture=en-CA
"
11737,Pouce Coupe Gas Plant,NorthRiver Midstream Inc.,Saddle Hills County,Range Road 132,T0H 0K0,Alberta,55.94769,-119.92871,16.6,kilotonnes of carbon dioxide equivalents (kt CO2 eq),2023,Oil and gas extraction (except oil sands),https://www23.statcan.gc.ca/imdb/p3VD.pl?Function=getVD&TVD=1369825&CVD=1370970&CPV=211110&CST=27012022&CLV=5&MLV=5,https://climate-change.canada.ca/facility-emissions/GHGRP-G11737-2023.html,"http://indicators-map.canada.ca/App/Detail?id=0111737&GoCTemplateCulture=en-CA
"
11739,Fourth Creek Gas Plant,NorthRiver Midstream Inc.,Silver Valley,Township Road 822,T0H 3E0,Alberta,56.09985,-119.28764,19.16,kilotonnes of carbon dioxide equivalents (kt CO2 eq),2023,Oil and gas extraction (except oil sands),https://www23.statcan.gc.ca/imdb/p3VD.pl?Function=getVD&TVD=1369825&CVD=1370970&CPV=211110&CST=27012022&CLV=5&MLV=5,https://climate-change.canada.ca/facility-emissions/GHGRP-G11739-2023.html,"http://indicators-map.canada.ca/App/Detail?id=0111739&GoCTemplateCulture=en-CA
"
11740,11-19 Compressor Station,NorthRiver Midstream Inc.,Spirit River,,T0H 3G0,Alberta,55.86289,-119.7156,5.64,kilotonnes of carbon dioxide equivalents (kt CO2 eq),2023,Oil and gas extraction (except oil sands),https://www23.statcan.gc.ca/imdb/p3VD.pl?Function=getVD&TVD=1369825&CVD=1370970&CPV=211110&CST=27012022&CLV=5&MLV=5,https://climate-change.canada.ca/facility-emissions/GHGRP-G11740-2023.html,"http://indicators-map.canada.ca/App/Detail?id=0111740&GoCTemplateCulture=en-CA
"
11742,Agincourt Plant,The International Group Inc.,Toronto,50 Salome Drive,M1S 2A8,Ontario,43.7841,-79.2763,44.97,kilotonnes of carbon dioxide equivalents (kt CO2 eq),2023,Other Petroleum and Coal Products Manufacturing,https://www23.statcan.gc.ca/imdb/p3VD.pl?Function=getVD&TVD=1369825&CVD=1370970&CPV=324190&CST=27012022&CLV=5&MLV=5,https://climate-change.canada.ca/facility-emissions/GHGRP-G11742-2023.html,"http://indicators-map.canada.ca/App/Detail?id=0111742&GoCTemplateCulture=en-CA
"
11743,Green Electron Power Plant,Greenfield South Power Corporation,Courtright,477 Oil Springs Line,N0N 1H0,Ontario,42.7849,-82.4276,77.64,kilotonnes of carbon dioxide equivalents (kt CO2 eq),2023,Fossil-Fuel Electric Power Generation,https://www23.statcan.gc.ca/imdb/p3VD.pl?Function=getVD&TVD=1369825&CVD=1370970&CPV=221112&CST=27012022&CLV=5&MLV=5,https://climate-change.canada.ca/facility-emissions/GHGRP-G11743-2023.html,"http://indicators-map.canada.ca/App/Detail?id=0111743&GoCTemplateCulture=en-CA
"
11744,Pickering,Signature Aluminum Canada Inc.,Pickering,1850 Clements Road,L1W 3R8,Ontario,43.82797,-79.05871,15.08,kilotonnes of carbon dioxide equivalents (kt CO2 eq),2023,"Aluminum Rolling, Drawing, Extruding and Alloying",https://www23.statcan.gc.ca/imdb/p3VD.pl?Function=getVD&TVD=1369825&CVD=1370970&CPV=331317&CST=27012022&CLV=5&MLV=5,https://climate-change.canada.ca/facility-emissions/GHGRP-G11744-2023.html,"http://indicators-map.canada.ca/App/Detail?id=0111744&GoCTemplateCulture=en-CA
"
11745,Carleton university,Carleton University,Ottawa,1125 Colonel By Drive,K1S 5B6,Ontario,45.38758,-75.69602,28.4,kilotonnes of carbon dioxide equivalents (kt CO2 eq),2023,Universities,https://www23.statcan.gc.ca/imdb/p3VD.pl?Function=getVD&TVD=1369825&CVD=1370970&CPV=611310&CST=27012022&CLV=5&MLV=5,https://climate-change.canada.ca/facility-emissions/GHGRP-G11745-2023.html,"http://indicators-map.canada.ca/App/Detail?id=0111745&GoCTemplateCulture=en-CA
"
11747,St. David's Hydroponics,St. David's Hydroponics Ltd.,Niagara On The Lake,822 Concession 7 Road,L0S 1J0,Ontario,43.18554,-79.15069,21.58,kilotonnes of carbon dioxide equivalents (kt CO2 eq),2023,Other Food Crops Grown Under Cover,https://www23.statcan.gc.ca/imdb/p3VD.pl?Function=getVD&TVD=1369825&CVD=1370970&CPV=111419&CST=27012022&CLV=5&MLV=5,https://climate-change.canada.ca/facility-emissions/GHGRP-G11747-2023.html,"http://indicators-map.canada.ca/App/Detail?id=0111747&GoCTemplateCulture=en-CA
"
11748,Six Nations Natural Gas Company Limited,Six Nations Natural Gas Company Limited,Ohsweken,1953 Fourth Line Road Line,N0A 1M0,Ontario,0,0,20.35,kilotonnes of carbon dioxide equivalents (kt CO2 eq),2023,Natural Gas Distribution,https://www23.statcan.gc.ca/imdb/p3VD.pl?Function=getVD&TVD=1369825&CVD=1370970&CPV=221210&CST=27012022&CLV=5&MLV=5,https://climate-change.canada.ca/facility-emissions/GHGRP-G11748-2023.html,"http://indicators-map.canada.ca/App/Detail?id=0111748&GoCTemplateCulture=en-CA
"
11749,Worsley (Birchcliff) Sour Gas Plant,Enercapita Energy Ltd.,,,N/A,Alberta,56.5574,-119.36159,21.75,kilotonnes of carbon dioxide equivalents (kt CO2 eq),2023,Oil and gas extraction (except oil sands),https://www23.statcan.gc.ca/imdb/p3VD.pl?Function=getVD&TVD=1369825&CVD=1370970&CPV=211110&CST=27012022&CLV=5&MLV=5,https://climate-change.canada.ca/facility-emissions/GHGRP-G11749-2023.html,"http://indicators-map.canada.ca/App/Detail?id=0111749&GoCTemplateCulture=en-CA
"
11750,ARCELORMITTAL WINDSOR A DIVISION OF ARCELORMITTAL DOFASCO G.P,ArcelorMittal Canada MP Inc. and ArcelorMittal Canada Inc. p,Windsor,300 Sprucewood Avenue,N9C 0B7,Ontario,42.2605,-83.1002,28.86,kilotonnes of carbon dioxide equivalents (kt CO2 eq),2023,Iron and Steel Mills and Ferro-Alloy Manufacturing,https://www23.statcan.gc.ca/imdb/p3VD.pl?Function=getVD&TVD=1369825&CVD=1370970&CPV=331110&CST=27012022&CLV=5&MLV=5,https://climate-change.canada.ca/facility-emissions/GHGRP-G11750-2023.html,"http://indicators-map.canada.ca/App/Detail?id=0111750&GoCTemplateCulture=en-CA
"
11751,Oakville Trafalgar Memorial Hospital,Halton Healthcare Services Corporation,Oakville,3001 Hospital Gate Lane,L6M 0L8,Ontario,43.45041,-79.76475,11.3,kilotonnes of carbon dioxide equivalents (kt CO2 eq),2023,General (except Paediatric) Hospitals,https://www23.statcan.gc.ca/imdb/p3VD.pl?Function=getVD&TVD=1369825&CVD=1370970&CPV=622111&CST=27012022&CLV=5&MLV=5,https://climate-change.canada.ca/facility-emissions/GHGRP-G11751-2023.html,"http://indicators-map.canada.ca/App/Detail?id=0111751&GoCTemplateCulture=en-CA
"
11752,Lakeridge Health Oshawa,Lakeridge Health,Oshawa,1 Hospital Court,L1G 2B9,Ontario,43.90556,-78.86911,12.77,kilotonnes of carbon dioxide equivalents (kt CO2 eq),2023,General (except Paediatric) Hospitals,https://www23.statcan.gc.ca/imdb/p3VD.pl?Function=getVD&TVD=1369825&CVD=1370970&CPV=622111&CST=27012022&CLV=5&MLV=5,https://climate-change.canada.ca/facility-emissions/GHGRP-G11752-2023.html,"http://indicators-map.canada.ca/App/Detail?id=0111752&GoCTemplateCulture=en-CA
"
11754,980 Oliver Road,Thunder Bay Regional Health Sciences Centre,Thunder Bay,980 Oliver Road,P7B 6V4,Ontario,48.42467,-89.26924,12.3,kilotonnes of carbon dioxide equivalents (kt CO2 eq),2023,General (except Paediatric) Hospitals,https://www23.statcan.gc.ca/imdb/p3VD.pl?Function=getVD&TVD=1369825&CVD=1370970&CPV=622111&CST=27012022&CLV=5&MLV=5,https://climate-change.canada.ca/facility-emissions/GHGRP-G11754-2023.html,"http://indicators-map.canada.ca/App/Detail?id=0111754&GoCTemplateCulture=en-CA
"
11755,Brantford Facility,Patriot Forge Co.,Brantford,280 Henry Street,N3T 5S7,Ontario,43.1553,-80.2303,29.81,kilotonnes of carbon dioxide equivalents (kt CO2 eq),2023,Forging,https://www23.statcan.gc.ca/imdb/p3VD.pl?Function=getVD&TVD=1369825&CVD=1370970&CPV=332113&CST=27012022&CLV=5&MLV=5,https://climate-change.canada.ca/facility-emissions/GHGRP-G11755-2023.html,"http://indicators-map.canada.ca/App/Detail?id=0111755&GoCTemplateCulture=en-CA
"
11757,TEINE Coleville 3-14,Teine Energy Ltd.,Oakdale,21  Highway,N/A,Saskatchewan,51.65051,-109.16121,9.36,kilotonnes of carbon dioxide equivalents (kt CO2 eq),2023,Oil and gas extraction (except oil sands),https://www23.statcan.gc.ca/imdb/p3VD.pl?Function=getVD&TVD=1369825&CVD=1370970&CPV=211110&CST=27012022&CLV=5&MLV=5,https://climate-change.canada.ca/facility-emissions/GHGRP-G11757-2023.html,"http://indicators-map.canada.ca/App/Detail?id=0111757&GoCTemplateCulture=en-CA
"
11759,Niagara PVC Plant,Oxy Vinyls Canada Co.,Thorold,8800 Thorold Townline Road,L2E 6S5,Ontario,42.981,-79.2666,45.88,kilotonnes of carbon dioxide equivalents (kt CO2 eq),2023,Resin and Synthetic Rubber Manufacturing,https://www23.statcan.gc.ca/imdb/p3VD.pl?Function=getVD&TVD=1369825&CVD=1370970&CPV=325210&CST=27012022&CLV=5&MLV=5,https://climate-change.canada.ca/facility-emissions/GHGRP-G11759-2023.html,"http://indicators-map.canada.ca/App/Detail?id=0111759&GoCTemplateCulture=en-CA
"
11760,TEINE Dodsland 13-12,Teine Energy Ltd.,Netherhill,,N/A,Saskatchewan,51.56033,-108.97748,10.63,kilotonnes of carbon dioxide equivalents (kt CO2 eq),2023,Oil and gas extraction (except oil sands),https://www23.statcan.gc.ca/imdb/p3VD.pl?Function=getVD&TVD=1369825&CVD=1370970&CPV=211110&CST=27012022&CLV=5&MLV=5,https://climate-change.canada.ca/facility-emissions/GHGRP-G11760-2023.html,"http://indicators-map.canada.ca/App/Detail?id=0111760&GoCTemplateCulture=en-CA
"
11761,Dodsland 07-05-032-22W3,Teine Energy Ltd.,Oakland,*Near* 21 HWY,N/A,Saskatchewan,51.7119,-109.8459,9.62,kilotonnes of carbon dioxide equivalents (kt CO2 eq),2023,Oil and gas extraction (except oil sands),https://www23.statcan.gc.ca/imdb/p3VD.pl?Function=getVD&TVD=1369825&CVD=1370970&CPV=211110&CST=27012022&CLV=5&MLV=5,https://climate-change.canada.ca/facility-emissions/GHGRP-G11761-2023.html,"http://indicators-map.canada.ca/App/Detail?id=0111761&GoCTemplateCulture=en-CA
"
11763,TEINE Dodsland 8-34,Teine Energy Ltd.,Kindersley,*Near* 21 HWy,N/A,Saskatchewan,51.61131,-109.00708,23.15,kilotonnes of carbon dioxide equivalents (kt CO2 eq),2023,Oil and gas extraction (except oil sands),https://www23.statcan.gc.ca/imdb/p3VD.pl?Function=getVD&TVD=1369825&CVD=1370970&CPV=211110&CST=27012022&CLV=5&MLV=5,https://climate-change.canada.ca/facility-emissions/GHGRP-G11763-2023.html,"http://indicators-map.canada.ca/App/Detail?id=0111763&GoCTemplateCulture=en-CA
"
11765,ArcelorMittal long Products Canada - Hamilton East,ArcelorMittal long Products Canada G.P.,Hamilton,690 Strathearne Avenue,L8H 7N8,Ontario,43.2625,-79.7857,15.6,kilotonnes of carbon dioxide equivalents (kt CO2 eq),2023,Steel Wire Drawing,https://www23.statcan.gc.ca/imdb/p3VD.pl?Function=getVD&TVD=1369825&CVD=1370970&CPV=331222&CST=27012022&CLV=5&MLV=5,https://climate-change.canada.ca/facility-emissions/GHGRP-G11765-2023.html,"http://indicators-map.canada.ca/App/Detail?id=0111765&GoCTemplateCulture=en-CA
"
11766,Sil Industrial Minerals Lamont Plant,543077 Alberta Ltd.,Bruderheim,570079 Range Road,T0B 0S0,Alberta,53.9063,-112.92419,20.41,kilotonnes of carbon dioxide equivalents (kt CO2 eq),2023,All Other Non-Metallic Mineral Mining and Quarrying,https://www23.statcan.gc.ca/imdb/p3VD.pl?Function=getVD&TVD=1369825&CVD=1370970&CPV=212398&CST=27012022&CLV=5&MLV=5,https://climate-change.canada.ca/facility-emissions/GHGRP-G11766-2023.html,"http://indicators-map.canada.ca/App/Detail?id=0111766&GoCTemplateCulture=en-CA
"
11767,Rio Tinto Fer et Titane inc. - HAVRE-SAINT-PIERRE,Rio Tinto Fer et Titane inc.,Havre Saint Pierre,951 de l'Escale Boulevard,G0G 1P0,Quebec,50.2435,-63.6064,16.78,kilotonnes of carbon dioxide equivalents (kt CO2 eq),2023,Iron Ore Mining,https://www23.statcan.gc.ca/imdb/p3VD.pl?Function=getVD&TVD=1369825&CVD=1370970&CPV=212210&CST=27012022&CLV=5&MLV=5,https://climate-change.canada.ca/facility-emissions/GHGRP-G11767-2023.html,"http://indicators-map.canada.ca/App/Detail?id=0111767&GoCTemplateCulture=en-CA
"
11768,Énergir CCU,"Énergir, chaleur et climatisation urbaines S.E.C.",Montréal,120 boulevard Robert-Bourassa Street,H3C 2L4,Quebec,45.29458,-73.33226,30.17,kilotonnes of carbon dioxide equivalents (kt CO2 eq),2023,Steam and Air-Conditioning Supply,https://www23.statcan.gc.ca/imdb/p3VD.pl?Function=getVD&TVD=1369825&CVD=1370970&CPV=221330&CST=27012022&CLV=5&MLV=5,https://climate-change.canada.ca/facility-emissions/GHGRP-G11768-2023.html,"http://indicators-map.canada.ca/App/Detail?id=0111768&GoCTemplateCulture=en-CA
"
11769,Plant #1,Bartek Ingredients Inc.,Stoney Creek,421 Seaman Street,L8E 3J4,Ontario,43.2338,-79.7151,9.34,kilotonnes of carbon dioxide equivalents (kt CO2 eq),2023,All Other Miscellaneous Chemical Product Manufacturing,https://www23.statcan.gc.ca/imdb/p3VD.pl?Function=getVD&TVD=1369825&CVD=1370970&CPV=325999&CST=27012022&CLV=5&MLV=5,https://climate-change.canada.ca/facility-emissions/GHGRP-G11769-2023.html,"http://indicators-map.canada.ca/App/Detail?id=0111769&GoCTemplateCulture=en-CA
"
11770,Division Goldex,Agnico-Eagle Mines Lted (DO NOT USE),Val D'or,1953 3e avenue ouest Avenue,J9P 4N9,Quebec,48.0923,-77.874,14.21,kilotonnes of carbon dioxide equivalents (kt CO2 eq),2023,Gold and Silver Ore Mining,https://www23.statcan.gc.ca/imdb/p3VD.pl?Function=getVD&TVD=1369825&CVD=1370970&CPV=212220&CST=27012022&CLV=5&MLV=5,https://climate-change.canada.ca/facility-emissions/GHGRP-G11770-2023.html,"http://indicators-map.canada.ca/App/Detail?id=0111770&GoCTemplateCulture=en-CA
"
11771,Lieu d'enfouissement Sanitiare de la Ville de Sherbrooke,Ville de Sherbrooke,Sherbrooke,345 Desaulniers Street,J1E 4K2,Quebec,45.4173,-71.89169,53.34,kilotonnes of carbon dioxide equivalents (kt CO2 eq),2023,Waste Treatment and Disposal,https://www23.statcan.gc.ca/imdb/p3VD.pl?Function=getVD&TVD=1369825&CVD=1370970&CPV=562210&CST=27012022&CLV=5&MLV=5,https://climate-change.canada.ca/facility-emissions/GHGRP-G11771-2023.html,"http://indicators-map.canada.ca/App/Detail?id=0111771&GoCTemplateCulture=en-CA
"
11772,Usine Mont-Royal,Kraft Foods Inc.,Montréal,8600 chemin Devonshire,H4P 2K9,Quebec,45.4925,-73.6728,16.95,kilotonnes of carbon dioxide equivalents (kt CO2 eq),2023,Seasoning and Dressing Manufacturing,https://www23.statcan.gc.ca/imdb/p3VD.pl?Function=getVD&TVD=1369825&CVD=1370970&CPV=311940&CST=27012022&CLV=5&MLV=5,https://climate-change.canada.ca/facility-emissions/GHGRP-G11772-2023.html,"http://indicators-map.canada.ca/App/Detail?id=0111772&GoCTemplateCulture=en-CA
"
11773,McMaster University Medical Centre Co-generation Plant,Hamilton Health Sciences Corporation,Hamiton,McMaster University Medical Centre 1200 Main Street West,L8N 3Z5,Ontario,43.25798,-79.9171,8.48,kilotonnes of carbon dioxide equivalents (kt CO2 eq),2023,Paediatric Hospitals,https://www23.statcan.gc.ca/imdb/p3VD.pl?Function=getVD&TVD=1369825&CVD=1370970&CPV=622112&CST=27012022&CLV=5&MLV=5,https://climate-change.canada.ca/facility-emissions/GHGRP-G11773-2023.html,"http://indicators-map.canada.ca/App/Detail?id=0111773&GoCTemplateCulture=en-CA
"
11774,Juravinski Hospital and Cancer Center Cogeneration Plant,Hamilton Health Sciences Corporation,Hamilton,711 Concession Street,L8V 1C3,Ontario,43.24048,-79.84645,10.74,kilotonnes of carbon dioxide equivalents (kt CO2 eq),2023,General (except Paediatric) Hospitals,https://www23.statcan.gc.ca/imdb/p3VD.pl?Function=getVD&TVD=1369825&CVD=1370970&CPV=622111&CST=27012022&CLV=5&MLV=5,https://climate-change.canada.ca/facility-emissions/GHGRP-G11774-2023.html,"http://indicators-map.canada.ca/App/Detail?id=0111774&GoCTemplateCulture=en-CA
"
11775,Hamilton General Hospital Cogeneration Plant,Hamilton Health Sciences Corporation,Hamilton,237 Barton Street East,L8L 2X2,Ontario,43.26208,-79.85389,7.61,kilotonnes of carbon dioxide equivalents (kt CO2 eq),2023,General (except Paediatric) Hospitals,https://www23.statcan.gc.ca/imdb/p3VD.pl?Function=getVD&TVD=1369825&CVD=1370970&CPV=622111&CST=27012022&CLV=5&MLV=5,https://climate-change.canada.ca/facility-emissions/GHGRP-G11775-2023.html,"http://indicators-map.canada.ca/App/Detail?id=0111775&GoCTemplateCulture=en-CA
"
11776,Fallsview Casino Resort,MGE Niagara Entertainment Inc.,Niagara Falls,6380 Fallsview Boulevard,L2G 7X5,Ontario,43.082,-79.081,11.48,kilotonnes of carbon dioxide equivalents (kt CO2 eq),2023,Casino Hotels,https://www23.statcan.gc.ca/imdb/p3VD.pl?Function=getVD&TVD=1369825&CVD=1370970&CPV=721120&CST=27012022&CLV=5&MLV=5,https://climate-change.canada.ca/facility-emissions/GHGRP-G11776-2023.html,"http://indicators-map.canada.ca/App/Detail?id=0111776&GoCTemplateCulture=en-CA
"
11777,Elleh Sweet Gas Plant,NTE Energy Canada Ltd,,,N/A,British Columbia,58.594,-121.855,11.78,kilotonnes of carbon dioxide equivalents (kt CO2 eq),2023,Oil and gas extraction (except oil sands),https://www23.statcan.gc.ca/imdb/p3VD.pl?Function=getVD&TVD=1369825&CVD=1370970&CPV=211110&CST=27012022&CLV=5&MLV=5,https://climate-change.canada.ca/facility-emissions/GHGRP-G11777-2023.html,"http://indicators-map.canada.ca/App/Detail?id=0111777&GoCTemplateCulture=en-CA
"
11778,617885 Ontario Limited o/a Jem Farms,617885 Ontario Limited,Ruthven,1581 County Road 34,N0P 2G0,Ontario,42.05946,-82.67179,10.02,kilotonnes of carbon dioxide equivalents (kt CO2 eq),2023,Other Food Crops Grown Under Cover,https://www23.statcan.gc.ca/imdb/p3VD.pl?Function=getVD&TVD=1369825&CVD=1370970&CPV=111419&CST=27012022&CLV=5&MLV=5,https://climate-change.canada.ca/facility-emissions/GHGRP-G11778-2023.html,"http://indicators-map.canada.ca/App/Detail?id=0111778&GoCTemplateCulture=en-CA
"
11779,Orangeline Farms Limited,Orangeline Farms Limited,Leamington,627 County Rd. 14,N8H 3V8,Ontario,42.13648,-82.59661,10.44,kilotonnes of carbon dioxide equivalents (kt CO2 eq),2023,Other Food Crops Grown Under Cover,https://www23.statcan.gc.ca/imdb/p3VD.pl?Function=getVD&TVD=1369825&CVD=1370970&CPV=111419&CST=27012022&CLV=5&MLV=5,https://climate-change.canada.ca/facility-emissions/GHGRP-G11779-2023.html,"http://indicators-map.canada.ca/App/Detail?id=0111779&GoCTemplateCulture=en-CA
"
11780,Green Rise Foods Inc.,Green Rise Foods Inc.,Leamington,2633 Albuna Townline Road West,N0P 2G0,Ontario,42.0761,-82.64262,16.21,kilotonnes of carbon dioxide equivalents (kt CO2 eq),2023,Other Food Crops Grown Under Cover,https://www23.statcan.gc.ca/imdb/p3VD.pl?Function=getVD&TVD=1369825&CVD=1370970&CPV=111419&CST=27012022&CLV=5&MLV=5,https://climate-change.canada.ca/facility-emissions/GHGRP-G11780-2023.html,"http://indicators-map.canada.ca/App/Detail?id=0111780&GoCTemplateCulture=en-CA
"
11781,Envirofresh Produce Inc.,Envirofresh Produce Inc.,Sombra,2690 St.Clair Parkway,N0P 2H0,Ontario,42.75972,-82.45937,8.44,kilotonnes of carbon dioxide equivalents (kt CO2 eq),2023,Other Food Crops Grown Under Cover,https://www23.statcan.gc.ca/imdb/p3VD.pl?Function=getVD&TVD=1369825&CVD=1370970&CPV=111419&CST=27012022&CLV=5&MLV=5,https://climate-change.canada.ca/facility-emissions/GHGRP-G11781-2023.html,"http://indicators-map.canada.ca/App/Detail?id=0111781&GoCTemplateCulture=en-CA
"
11782,Cervini Farms (1993) Inc.,Cervini Farms (1993) Inc.,Leamington,132 Elliott Street,N8H 1A4,Ontario,42.06475,-82.60426,10.92,kilotonnes of carbon dioxide equivalents (kt CO2 eq),2023,Other Food Crops Grown Under Cover,https://www23.statcan.gc.ca/imdb/p3VD.pl?Function=getVD&TVD=1369825&CVD=1370970&CPV=111419&CST=27012022&CLV=5&MLV=5,https://climate-change.canada.ca/facility-emissions/GHGRP-G11782-2023.html,"http://indicators-map.canada.ca/App/Detail?id=0111782&GoCTemplateCulture=en-CA
"
11783,DiCiocco Farms Eastside Inc.,DiCiocco Farms Eastside Inc,Leamington,308 Talbot Street East,N8H 3V6,Ontario,42.05801,-82.57569,27.13,kilotonnes of carbon dioxide equivalents (kt CO2 eq),2023,Other Food Crops Grown Under Cover,https://www23.statcan.gc.ca/imdb/p3VD.pl?Function=getVD&TVD=1369825&CVD=1370970&CPV=111419&CST=27012022&CLV=5&MLV=5,https://climate-change.canada.ca/facility-emissions/GHGRP-G11783-2023.html,"http://indicators-map.canada.ca/App/Detail?id=0111783&GoCTemplateCulture=en-CA
"
11784,1808278 Ontario Inc.,1808278 Ontario Inc.,Kingsville,1975 Graham Side Road,N9Y 2E4,Ontario,42.05382,-82.69418,16.41,kilotonnes of carbon dioxide equivalents (kt CO2 eq),2023,Other Food Crops Grown Under Cover,https://www23.statcan.gc.ca/imdb/p3VD.pl?Function=getVD&TVD=1369825&CVD=1370970&CPV=111419&CST=27012022&CLV=5&MLV=5,https://climate-change.canada.ca/facility-emissions/GHGRP-G11784-2023.html,"http://indicators-map.canada.ca/App/Detail?id=0111784&GoCTemplateCulture=en-CA
"
11785,Twin Peaks Hydroponics Inc.,Twin Peaks Hydroponics Inc.,Kingsville,2237 County Road 31,N9Y 2E5,Ontario,42.06261,-82.64331,17.53,kilotonnes of carbon dioxide equivalents (kt CO2 eq),2023,Other Food Crops Grown Under Cover,https://www23.statcan.gc.ca/imdb/p3VD.pl?Function=getVD&TVD=1369825&CVD=1370970&CPV=111419&CST=27012022&CLV=5&MLV=5,https://climate-change.canada.ca/facility-emissions/GHGRP-G11785-2023.html,"http://indicators-map.canada.ca/App/Detail?id=0111785&GoCTemplateCulture=en-CA
"
11786,Great Northern Hydroponics,Soave Hydroponics Company,Kingsville,1400 Road 3  East,N9Y 2E5,Ontario,42.06309,-82.68094,19.18,kilotonnes of carbon dioxide equivalents (kt CO2 eq),2023,Other Food Crops Grown Under Cover,https://www23.statcan.gc.ca/imdb/p3VD.pl?Function=getVD&TVD=1369825&CVD=1370970&CPV=111419&CST=27012022&CLV=5&MLV=5,https://climate-change.canada.ca/facility-emissions/GHGRP-G11786-2023.html,"http://indicators-map.canada.ca/App/Detail?id=0111786&GoCTemplateCulture=en-CA
"
11787,Truly Green Farms,2333281 Ontario Ltd.,Chatham,162 Bloomfield Road,N7M 0R4,Ontario,42.3864,-82.22512,28.21,kilotonnes of carbon dioxide equivalents (kt CO2 eq),2023,Other Food Crops Grown Under Cover,https://www23.statcan.gc.ca/imdb/p3VD.pl?Function=getVD&TVD=1369825&CVD=1370970&CPV=111419&CST=27012022&CLV=5&MLV=5,https://climate-change.canada.ca/facility-emissions/GHGRP-G11787-2023.html,"http://indicators-map.canada.ca/App/Detail?id=0111787&GoCTemplateCulture=en-CA
"
11788,Allegro Acres Inc.,Allegro Acres Inc,Ruthven,1851 Peterson Lane,N0P 2G0,Ontario,42.05323,-82.67938,7.83,kilotonnes of carbon dioxide equivalents (kt CO2 eq),2023,Other Food Crops Grown Under Cover,https://www23.statcan.gc.ca/imdb/p3VD.pl?Function=getVD&TVD=1369825&CVD=1370970&CPV=111419&CST=27012022&CLV=5&MLV=5,https://climate-change.canada.ca/facility-emissions/GHGRP-G11788-2023.html,"http://indicators-map.canada.ca/App/Detail?id=0111788&GoCTemplateCulture=en-CA
"
11789,Ecotex Healthcare Linen Service LP,Ecotex Healthcare Linen Service LP,Mississauga,6580 Northwest Avenue,L4V 1L5,Ontario,43.7014,-79.6298,12.44,kilotonnes of carbon dioxide equivalents (kt CO2 eq),2023,Dry Cleaning and Laundry Services (except Coin-Operated),https://www23.statcan.gc.ca/imdb/p3VD.pl?Function=getVD&TVD=1369825&CVD=1370970&CPV=812320&CST=27012022&CLV=5&MLV=5,https://climate-change.canada.ca/facility-emissions/GHGRP-G11789-2023.html,"http://indicators-map.canada.ca/App/Detail?id=0111789&GoCTemplateCulture=en-CA
"
11790,Sun-Brite Foods Inc.,Sun-Brite Foods Inc.,Ruthven,1532 County Rd 34 Road,N0P 2G0,Ontario,42.07364,-82.67053,12.06,kilotonnes of carbon dioxide equivalents (kt CO2 eq),2023,"Fruit and Vegetable Canning, Pickling and Drying",https://www23.statcan.gc.ca/imdb/p3VD.pl?Function=getVD&TVD=1369825&CVD=1370970&CPV=311420&CST=27012022&CLV=5&MLV=5,https://climate-change.canada.ca/facility-emissions/GHGRP-G11790-2023.html,"http://indicators-map.canada.ca/App/Detail?id=0111790&GoCTemplateCulture=en-CA
"
11791,SUPER-PUFFT SNACKS CORPORATION,SUPER-PUFFT SNACKS CORPORATION,Mississauga,880 Gana Court,L5S 1N8,Ontario,43.66371,-79.68986,21.81,kilotonnes of carbon dioxide equivalents (kt CO2 eq),2023,Other Snack Food Manufacturing,https://www23.statcan.gc.ca/imdb/p3VD.pl?Function=getVD&TVD=1369825&CVD=1370970&CPV=311919&CST=27012022&CLV=5&MLV=5,https://climate-change.canada.ca/facility-emissions/GHGRP-G11791-2023.html,"http://indicators-map.canada.ca/App/Detail?id=0111791&GoCTemplateCulture=en-CA
"
11792,AMCO Farms Inc.,AMCO Farms Inc.,Leamington,523 Wilkinson Drive,N8H 1A6,Ontario,42.06059,-82.61105,20.07,kilotonnes of carbon dioxide equivalents (kt CO2 eq),2023,Other Food Crops Grown Under Cover,https://www23.statcan.gc.ca/imdb/p3VD.pl?Function=getVD&TVD=1369825&CVD=1370970&CPV=111419&CST=27012022&CLV=5&MLV=5,https://climate-change.canada.ca/facility-emissions/GHGRP-G11792-2023.html,"http://indicators-map.canada.ca/App/Detail?id=0111792&GoCTemplateCulture=en-CA
"
11793,ARLANXEO Butyl,ARLANXEO Canada Inc.,Sarnia,1265 Vidal Street,N7T 7M2,Ontario,42.9398,-82.4251,12.79,kilotonnes of carbon dioxide equivalents (kt CO2 eq),2023,Resin and Synthetic Rubber Manufacturing,https://www23.statcan.gc.ca/imdb/p3VD.pl?Function=getVD&TVD=1369825&CVD=1370970&CPV=325210&CST=27012022&CLV=5&MLV=5,https://climate-change.canada.ca/facility-emissions/GHGRP-G11793-2023.html,"http://indicators-map.canada.ca/App/Detail?id=0111793&GoCTemplateCulture=en-CA
"
11794,Division Laronde,MINES AGNICO EAGLE LIMITEE (DO NOT USE),Preissac,Route 395,J0Y 1C0,Quebec,48.2375,-78.3958,45.47,kilotonnes of carbon dioxide equivalents (kt CO2 eq),2023,Gold and Silver Ore Mining,https://www23.statcan.gc.ca/imdb/p3VD.pl?Function=getVD&TVD=1369825&CVD=1370970&CPV=212220&CST=27012022&CLV=5&MLV=5,https://climate-change.canada.ca/facility-emissions/GHGRP-G11794-2023.html,"http://indicators-map.canada.ca/App/Detail?id=0111794&GoCTemplateCulture=en-CA
"
11795,POLYCON INDUSTRIES,Magna Exteriors Inc.,Guelph,65 Independence Place,N1K 1H8,Ontario,43.5325,-80.3095,33.78,kilotonnes of carbon dioxide equivalents (kt CO2 eq),2023,Other Motor Vehicle Parts Manufacturing,https://www23.statcan.gc.ca/imdb/p3VD.pl?Function=getVD&TVD=1369825&CVD=1370970&CPV=336390&CST=27012022&CLV=5&MLV=5,https://climate-change.canada.ca/facility-emissions/GHGRP-G11795-2023.html,"http://indicators-map.canada.ca/App/Detail?id=0111795&GoCTemplateCulture=en-CA
"
11796,The Ottawa Hospital - Civic campus,The Ottawa Hospital,Ottawa,1053 Carling Avenue,N/A,Ontario,45.39304,-75.72177,13.83,kilotonnes of carbon dioxide equivalents (kt CO2 eq),2023,General (except Paediatric) Hospitals,https://www23.statcan.gc.ca/imdb/p3VD.pl?Function=getVD&TVD=1369825&CVD=1370970&CPV=622111&CST=27012022&CLV=5&MLV=5,https://climate-change.canada.ca/facility-emissions/GHGRP-G11796-2023.html,"http://indicators-map.canada.ca/App/Detail?id=0111796&GoCTemplateCulture=en-CA
"
11797,Ingleside Plant,Lactalis Canada Inc.,Ingleside,70 Dickinson Drive,K0C 1M0,Ontario,45.0042,-74.9908,19.06,kilotonnes of carbon dioxide equivalents (kt CO2 eq),2023,"Butter, Cheese, and Dry and Condensed Dairy Products Manufacturing",https://www23.statcan.gc.ca/imdb/p3VD.pl?Function=getVD&TVD=1369825&CVD=1370970&CPV=311515&CST=27012022&CLV=5&MLV=5,https://climate-change.canada.ca/facility-emissions/GHGRP-G11797-2023.html,"http://indicators-map.canada.ca/App/Detail?id=0111797&GoCTemplateCulture=en-CA
"
11800,University of Waterloo-GHG,University of Waterloo,Waterloo,200 University Avenue West,N2L 3G1,Ontario,43.47372,-80.54351,31.06,kilotonnes of carbon dioxide equivalents (kt CO2 eq),2023,Universities,https://www23.statcan.gc.ca/imdb/p3VD.pl?Function=getVD&TVD=1369825&CVD=1370970&CPV=611310&CST=27012022&CLV=5&MLV=5,https://climate-change.canada.ca/facility-emissions/GHGRP-G11800-2023.html,"http://indicators-map.canada.ca/App/Detail?id=0111800&GoCTemplateCulture=en-CA
"
11801,Greenhill Produce (2),Greenhill Produce (Thamesville) Ltd.,Kent Bridge,23282 Kent Bridge Road,N0P 1V0,Ontario,42.50112,-82.05543,37.74,kilotonnes of carbon dioxide equivalents (kt CO2 eq),2023,Other Food Crops Grown Under Cover,https://www23.statcan.gc.ca/imdb/p3VD.pl?Function=getVD&TVD=1369825&CVD=1370970&CPV=111419&CST=27012022&CLV=5&MLV=5,https://climate-change.canada.ca/facility-emissions/GHGRP-G11801-2023.html,"http://indicators-map.canada.ca/App/Detail?id=0111801&GoCTemplateCulture=en-CA
"
11802,Guelph,Gay Lea Foods Cooperative Ltd.,Guelph,21 Speedvale Avenue,N1H 1J5,Ontario,43.5581,-80.2704,10.64,kilotonnes of carbon dioxide equivalents (kt CO2 eq),2023,"Butter, Cheese, and Dry and Condensed Dairy Products Manufacturing",https://www23.statcan.gc.ca/imdb/p3VD.pl?Function=getVD&TVD=1369825&CVD=1370970&CPV=311515&CST=27012022&CLV=5&MLV=5,https://climate-change.canada.ca/facility-emissions/GHGRP-G11802-2023.html,"http://indicators-map.canada.ca/App/Detail?id=0111802&GoCTemplateCulture=en-CA
"
11803,Main Greenhouses,Suntastic Hothouse Inc.,Exeter,40534 Thames Road East,N0M 1S7,Ontario,43.3701,-81.4422,10.46,kilotonnes of carbon dioxide equivalents (kt CO2 eq),2023,Other Food Crops Grown Under Cover,https://www23.statcan.gc.ca/imdb/p3VD.pl?Function=getVD&TVD=1369825&CVD=1370970&CPV=111419&CST=27012022&CLV=5&MLV=5,https://climate-change.canada.ca/facility-emissions/GHGRP-G11803-2023.html,"http://indicators-map.canada.ca/App/Detail?id=0111803&GoCTemplateCulture=en-CA
"
11804,Mine Éléonore,Goldcorp Canada Ltd,Rouyn Noranda,1751 Davy Street,J9Y 0A8,Quebec,52.42083,-76.04389,37.25,kilotonnes of carbon dioxide equivalents (kt CO2 eq),2023,Gold and Silver Ore Mining,https://www23.statcan.gc.ca/imdb/p3VD.pl?Function=getVD&TVD=1369825&CVD=1370970&CPV=212220&CST=27012022&CLV=5&MLV=5,https://climate-change.canada.ca/facility-emissions/GHGRP-G11804-2023.html,"http://indicators-map.canada.ca/App/Detail?id=0111804&GoCTemplateCulture=en-CA
"
11808,Ashbridges Bay Treatment Plant,City of Toronto,Toronto,9 Leslie Street,M4M 3M9,Ontario,43.6569,-79.3194,84.56,kilotonnes of carbon dioxide equivalents (kt CO2 eq),2023,Sewage Treatment Facilities,https://www23.statcan.gc.ca/imdb/p3VD.pl?Function=getVD&TVD=1369825&CVD=1370970&CPV=221320&CST=27012022&CLV=5&MLV=5,https://climate-change.canada.ca/facility-emissions/GHGRP-G11808-2023.html,"http://indicators-map.canada.ca/App/Detail?id=0111808&GoCTemplateCulture=en-CA
"
11809,Highland Creek Treatment Plant,City of Toronto,Toronto,51 Beechgrove Drive,M1E 3Z3,Ontario,43.7667,-79.15,46.11,kilotonnes of carbon dioxide equivalents (kt CO2 eq),2023,Sewage Treatment Facilities,https://www23.statcan.gc.ca/imdb/p3VD.pl?Function=getVD&TVD=1369825&CVD=1370970&CPV=221320&CST=27012022&CLV=5&MLV=5,https://climate-change.canada.ca/facility-emissions/GHGRP-G11809-2023.html,"http://indicators-map.canada.ca/App/Detail?id=0111809&GoCTemplateCulture=en-CA
"
11810,Lieux d'enfouissement technique d'Hébertville Station,REGIE DES MATIÈRES RÉSIDUELLES DU LAC SAINT-JEAN,Hébertville Station,Rang 9 Route South,G0W 1T0,Quebec,48.30128,-71.63907,11.62,kilotonnes of carbon dioxide equivalents (kt CO2 eq),2023,"Other Local, Municipal and Regional Public Administration",https://www23.statcan.gc.ca/imdb/p3VD.pl?Function=getVD&TVD=1369825&CVD=1370970&CPV=913910&CST=27012022&CLV=5&MLV=5,https://climate-change.canada.ca/facility-emissions/GHGRP-G11810-2023.html,"http://indicators-map.canada.ca/App/Detail?id=0111810&GoCTemplateCulture=en-CA
"
11811,Enwave Windsor Limited Parnership,Enwave Windsor Limited Partnership,Windsor,377 Riverside Drive East,N9A 7H7,Ontario,42.3204,-83.0338,10.75,kilotonnes of carbon dioxide equivalents (kt CO2 eq),2023,Steam and Air-Conditioning Supply,https://www23.statcan.gc.ca/imdb/p3VD.pl?Function=getVD&TVD=1369825&CVD=1370970&CPV=221330&CST=27012022&CLV=5&MLV=5,https://climate-change.canada.ca/facility-emissions/GHGRP-G11811-2023.html,"http://indicators-map.canada.ca/App/Detail?id=0111811&GoCTemplateCulture=en-CA
"
11812,PM - Stratford,Stackpole International,Stratford,128 Monteith Avenue,N5A 2P5,Ontario,43.3607,-80.9973,17.03,kilotonnes of carbon dioxide equivalents (kt CO2 eq),2023,Motor Vehicle Transmission and Power Train Parts Manufacturing,https://www23.statcan.gc.ca/imdb/p3VD.pl?Function=getVD&TVD=1369825&CVD=1370970&CPV=336350&CST=27012022&CLV=5&MLV=5,https://climate-change.canada.ca/facility-emissions/GHGRP-G11812-2023.html,"http://indicators-map.canada.ca/App/Detail?id=0111812&GoCTemplateCulture=en-CA
"
11813,GENPAK MISSISSAUGA,"Genpak, Division of Great Pacific Enterprises LP",Mississauga,3185 Pepper Mill Court,L5L 4X3,Ontario,43.5382,-79.7128,3.79,kilotonnes of carbon dioxide equivalents (kt CO2 eq),2023,Polystyrene Foam Product Manufacturing,https://www23.statcan.gc.ca/imdb/p3VD.pl?Function=getVD&TVD=1369825&CVD=1370970&CPV=326140&CST=27012022&CLV=5&MLV=5,https://climate-change.canada.ca/facility-emissions/GHGRP-G11813-2023.html,"http://indicators-map.canada.ca/App/Detail?id=0111813&GoCTemplateCulture=en-CA
"
11816,Countess Makepeace Comp Stn 03-18-022-17W4,Torxen Energy Ltd.,Calgary,2700 240 4 Avenue Southwest,T2P 4P4,Alberta,50.86496,-112.35058,12.22,kilotonnes of carbon dioxide equivalents (kt CO2 eq),2023,Oil and gas extraction (except oil sands),https://www23.statcan.gc.ca/imdb/p3VD.pl?Function=getVD&TVD=1369825&CVD=1370970&CPV=211110&CST=27012022&CLV=5&MLV=5,https://climate-change.canada.ca/facility-emissions/GHGRP-G11816-2023.html,"http://indicators-map.canada.ca/App/Detail?id=0111816&GoCTemplateCulture=en-CA
"
11819,LET Saint-Flavien,MRC de Lotbinière,Saint Flavien,1450 rang pointe-du-jour,G0S 2M0,Quebec,46.33433,-71.32486,17.14,kilotonnes of carbon dioxide equivalents (kt CO2 eq),2023,Waste Treatment and Disposal,https://www23.statcan.gc.ca/imdb/p3VD.pl?Function=getVD&TVD=1369825&CVD=1370970&CPV=562210&CST=27012022&CLV=5&MLV=5,https://climate-change.canada.ca/facility-emissions/GHGRP-G11819-2023.html,"http://indicators-map.canada.ca/App/Detail?id=0111819&GoCTemplateCulture=en-CA
"
11820,Usine de PCC de Windsor,Mintech Canada Ltd.,Windsor,609 12th,J1S 2L9,Quebec,45.5605,-71.976,9.44,kilotonnes of carbon dioxide equivalents (kt CO2 eq),2023,All Other Non-Metallic Mineral Product Manufacturing,https://www23.statcan.gc.ca/imdb/p3VD.pl?Function=getVD&TVD=1369825&CVD=1370970&CPV=327990&CST=27012022&CLV=5&MLV=5,https://climate-change.canada.ca/facility-emissions/GHGRP-G11820-2023.html,"http://indicators-map.canada.ca/App/Detail?id=0111820&GoCTemplateCulture=en-CA
"
11821,"Innophos Canada, Inc.","Innophos Canada, Inc.",Lowbanks,109 Siddall Road,N0A 1K0,Ontario,42.8631,-79.5683,28.71,kilotonnes of carbon dioxide equivalents (kt CO2 eq),2023,All Other Basic Inorganic Chemical Manufacturing,https://www23.statcan.gc.ca/imdb/p3VD.pl?Function=getVD&TVD=1369825&CVD=1370970&CPV=325189&CST=27012022&CLV=5&MLV=5,https://climate-change.canada.ca/facility-emissions/GHGRP-G11821-2023.html,"http://indicators-map.canada.ca/App/Detail?id=0111821&GoCTemplateCulture=en-CA
"
11822,Physical Resources Service,University of Ottawa,Ottawa,720 King Edward Street,K1N 6N5,Ontario,45.4212,-75.6801,16.89,kilotonnes of carbon dioxide equivalents (kt CO2 eq),2023,Universities,https://www23.statcan.gc.ca/imdb/p3VD.pl?Function=getVD&TVD=1369825&CVD=1370970&CPV=611310&CST=27012022&CLV=5&MLV=5,https://climate-change.canada.ca/facility-emissions/GHGRP-G11822-2023.html,"http://indicators-map.canada.ca/App/Detail?id=0111822&GoCTemplateCulture=en-CA
"
11823,Usine St-Laurent,Bombardier Inc.,Saint Laurent,1800 Marcel-Laurin,H4R 1K2,Quebec,45.5139,-73.7,18.64,kilotonnes of carbon dioxide equivalents (kt CO2 eq),2023,Aerospace Product and Parts Manufacturing,https://www23.statcan.gc.ca/imdb/p3VD.pl?Function=getVD&TVD=1369825&CVD=1370970&CPV=336410&CST=27012022&CLV=5&MLV=5,https://climate-change.canada.ca/facility-emissions/GHGRP-G11823-2023.html,"http://indicators-map.canada.ca/App/Detail?id=0111823&GoCTemplateCulture=en-CA
"
11824,Cambridge Manufacturing,PepsiCo Canada ULC,Cambridge,1001 Bishop Street North,N3H 4V8,Ontario,43.3949,-80.3325,21.78,kilotonnes of carbon dioxide equivalents (kt CO2 eq),2023,Other Snack Food Manufacturing,https://www23.statcan.gc.ca/imdb/p3VD.pl?Function=getVD&TVD=1369825&CVD=1370970&CPV=311919&CST=27012022&CLV=5&MLV=5,https://climate-change.canada.ca/facility-emissions/GHGRP-G11824-2023.html,"http://indicators-map.canada.ca/App/Detail?id=0111824&GoCTemplateCulture=en-CA
"
11825,Calgary Plant,Canada Malting Co Ltd.,Calgary,3316 Bonnybrook Road,T2G 4M9,Alberta,51.0245,-114.025,35.89,kilotonnes of carbon dioxide equivalents (kt CO2 eq),2023,All Other Food Manufacturing,https://www23.statcan.gc.ca/imdb/p3VD.pl?Function=getVD&TVD=1369825&CVD=1370970&CPV=311990&CST=27012022&CLV=5&MLV=5,https://climate-change.canada.ca/facility-emissions/GHGRP-G11825-2023.html,"http://indicators-map.canada.ca/App/Detail?id=0111825&GoCTemplateCulture=en-CA
"
11826,IKO Hawkesbury,IKO Industries Ltd.,Hawkesbury,1451 Spence Avenue,K6A 3T4,Ontario,45.5956,-74.5912,14.01,kilotonnes of carbon dioxide equivalents (kt CO2 eq),2023,Asphalt Shingle and Coating Material Manufacturing,https://www23.statcan.gc.ca/imdb/p3VD.pl?Function=getVD&TVD=1369825&CVD=1370970&CPV=324122&CST=27012022&CLV=5&MLV=5,https://climate-change.canada.ca/facility-emissions/GHGRP-G11826-2023.html,"http://indicators-map.canada.ca/App/Detail?id=0111826&GoCTemplateCulture=en-CA
"
11827,IKO Madoc,IKO Industries Ltd.,Madoc,105084 Highway 7,K0K 2K0,Ontario,44.4961,-77.5348,22.74,kilotonnes of carbon dioxide equivalents (kt CO2 eq),2023,All Other Non-Metallic Mineral Mining and Quarrying,https://www23.statcan.gc.ca/imdb/p3VD.pl?Function=getVD&TVD=1369825&CVD=1370970&CPV=212398&CST=27012022&CLV=5&MLV=5,https://climate-change.canada.ca/facility-emissions/GHGRP-G11827-2023.html,"http://indicators-map.canada.ca/App/Detail?id=0111827&GoCTemplateCulture=en-CA
"
11828,Complexe environnemental St-Michel,Ville de Montréal,Montréal,2235 Michel-Jurdant Street East,H1Z 4N1,Quebec,45.56015,-73.62109,15.38,kilotonnes of carbon dioxide equivalents (kt CO2 eq),2023,Waste Treatment and Disposal,https://www23.statcan.gc.ca/imdb/p3VD.pl?Function=getVD&TVD=1369825&CVD=1370970&CPV=562210&CST=27012022&CLV=5&MLV=5,https://climate-change.canada.ca/facility-emissions/GHGRP-G11828-2023.html,"http://indicators-map.canada.ca/App/Detail?id=0111828&GoCTemplateCulture=en-CA
"
11829,Vaudreuil-Dorion site,Excelitas Canada Inc.,Vaudreuil Dorion,22001 Dumberry Road,J7V 8P7,Quebec,45.4153,-74.0273,3.43,kilotonnes of carbon dioxide equivalents (kt CO2 eq),2023,Semiconductor and Other Electronic Component Manufacturing,https://www23.statcan.gc.ca/imdb/p3VD.pl?Function=getVD&TVD=1369825&CVD=1370970&CPV=334410&CST=27012022&CLV=5&MLV=5,https://climate-change.canada.ca/facility-emissions/GHGRP-G11829-2023.html,"http://indicators-map.canada.ca/App/Detail?id=0111829&GoCTemplateCulture=en-CA
"
11831,Montreal Wallboard/Finishing Plant,"CertainTeed Canada, Inc.",Sainte Catherine,700 1st Avenue,J5C 1C5,Quebec,45.4045,-73.5889,33.89,kilotonnes of carbon dioxide equivalents (kt CO2 eq),2023,Gypsum Product Manufacturing,https://www23.statcan.gc.ca/imdb/p3VD.pl?Function=getVD&TVD=1369825&CVD=1370970&CPV=327420&CST=27012022&CLV=5&MLV=5,https://climate-change.canada.ca/facility-emissions/GHGRP-G11831-2023.html,"http://indicators-map.canada.ca/App/Detail?id=0111831&GoCTemplateCulture=en-CA
"
11832,Lieu d'enfouissement technique de Saint-Côme-Linière,Régie Intermunicipale du comté de Beauce-Sud,Saint Côme Linière,695 rang St-Joseph,G0M 1J0,Quebec,46.09126,-70.53709,50.1,kilotonnes of carbon dioxide equivalents (kt CO2 eq),2023,Waste Treatment and Disposal,https://www23.statcan.gc.ca/imdb/p3VD.pl?Function=getVD&TVD=1369825&CVD=1370970&CPV=562210&CST=27012022&CLV=5&MLV=5,https://climate-change.canada.ca/facility-emissions/GHGRP-G11832-2023.html,"http://indicators-map.canada.ca/App/Detail?id=0111832&GoCTemplateCulture=en-CA
"
11833,Usine St-Leonard,Saputo Produits Laitiers Canada s.e.n.c.,Saint Léonard,6869 Metropolitain,H1P 1X8,Quebec,45.5969,-73.5742,14.85,kilotonnes of carbon dioxide equivalents (kt CO2 eq),2023,"Butter, Cheese, and Dry and Condensed Dairy Products Manufacturing",https://www23.statcan.gc.ca/imdb/p3VD.pl?Function=getVD&TVD=1369825&CVD=1370970&CPV=311515&CST=27012022&CLV=5&MLV=5,https://climate-change.canada.ca/facility-emissions/GHGRP-G11833-2023.html,"http://indicators-map.canada.ca/App/Detail?id=0111833&GoCTemplateCulture=en-CA
"
11834,1329606 Ontario Limited,1329606 Ontario Limited,Leamington,353 highway 77 Highway,N8H 3V5,Ontario,42.06914,-82.60178,13.4,kilotonnes of carbon dioxide equivalents (kt CO2 eq),2023,Other Food Crops Grown Under Cover,https://www23.statcan.gc.ca/imdb/p3VD.pl?Function=getVD&TVD=1369825&CVD=1370970&CPV=111419&CST=27012022&CLV=5&MLV=5,https://climate-change.canada.ca/facility-emissions/GHGRP-G11834-2023.html,"http://indicators-map.canada.ca/App/Detail?id=0111834&GoCTemplateCulture=en-CA
"
11835,Klassen Greenhouse Farms,Klassen Greenhouse Farms Inc.,Cottam,63 County Road 29,N0R 1B0,Ontario,42.10683,-82.73823,9.24,kilotonnes of carbon dioxide equivalents (kt CO2 eq),2023,Other Food Crops Grown Under Cover,https://www23.statcan.gc.ca/imdb/p3VD.pl?Function=getVD&TVD=1369825&CVD=1370970&CPV=111419&CST=27012022&CLV=5&MLV=5,https://climate-change.canada.ca/facility-emissions/GHGRP-G11835-2023.html,"http://indicators-map.canada.ca/App/Detail?id=0111835&GoCTemplateCulture=en-CA
"
11836,Mucci Farms Ltd.,Mucci Farms Ltd,Kingsville,1876 Seacliff Drive,N9Y 2N1,Ontario,42.04029,-82.66082,33.26,kilotonnes of carbon dioxide equivalents (kt CO2 eq),2023,Other Food Crops Grown Under Cover,https://www23.statcan.gc.ca/imdb/p3VD.pl?Function=getVD&TVD=1369825&CVD=1370970&CPV=111419&CST=27012022&CLV=5&MLV=5,https://climate-change.canada.ca/facility-emissions/GHGRP-G11836-2023.html,"http://indicators-map.canada.ca/App/Detail?id=0111836&GoCTemplateCulture=en-CA
"
11837,Pomas Farms Inc.,Pomas Farms Inc,Staples,1057 Hwy 77 R.R. #1 Highway,N0P 2J0,Ontario,42.15499,-82.5928,46.87,kilotonnes of carbon dioxide equivalents (kt CO2 eq),2023,Other Food Crops Grown Under Cover,https://www23.statcan.gc.ca/imdb/p3VD.pl?Function=getVD&TVD=1369825&CVD=1370970&CPV=111419&CST=27012022&CLV=5&MLV=5,https://climate-change.canada.ca/facility-emissions/GHGRP-G11837-2023.html,"http://indicators-map.canada.ca/App/Detail?id=0111837&GoCTemplateCulture=en-CA
"
11839,Agriville Farms Ltd,Agriville Farms Ltd,Kingsville,1600 Kratz Road,N9Y 3K3,Ontario,42.04796,-82.71609,21.7,kilotonnes of carbon dioxide equivalents (kt CO2 eq),2023,Other Food Crops Grown Under Cover,https://www23.statcan.gc.ca/imdb/p3VD.pl?Function=getVD&TVD=1369825&CVD=1370970&CPV=111419&CST=27012022&CLV=5&MLV=5,https://climate-change.canada.ca/facility-emissions/GHGRP-G11839-2023.html,"http://indicators-map.canada.ca/App/Detail?id=0111839&GoCTemplateCulture=en-CA
"
11840,Southshore Greenhouses Inc.,Southshore Greenhouses Inc.,Kingsville,1746 Seacliff Drive,N9Y 2M6,Ontario,42.03991,-82.66335,25.71,kilotonnes of carbon dioxide equivalents (kt CO2 eq),2023,Other Food Crops Grown Under Cover,https://www23.statcan.gc.ca/imdb/p3VD.pl?Function=getVD&TVD=1369825&CVD=1370970&CPV=111419&CST=27012022&CLV=5&MLV=5,https://climate-change.canada.ca/facility-emissions/GHGRP-G11840-2023.html,"http://indicators-map.canada.ca/App/Detail?id=0111840&GoCTemplateCulture=en-CA
"
11841,Zochem,Zochem ULC,Brampton,1 Tilbury Court,L6T 3T4,Ontario,43.6988,-79.725,10,kilotonnes of carbon dioxide equivalents (kt CO2 eq),2023,All Other Basic Inorganic Chemical Manufacturing,https://www23.statcan.gc.ca/imdb/p3VD.pl?Function=getVD&TVD=1369825&CVD=1370970&CPV=325189&CST=27012022&CLV=5&MLV=5,https://climate-change.canada.ca/facility-emissions/GHGRP-G11841-2023.html,"http://indicators-map.canada.ca/App/Detail?id=0111841&GoCTemplateCulture=en-CA
"
11843,Nature Fresh Plant 1,Nature Fresh Farms,Leamington,634 Mersea Road 7 Road,N8H 3V8,Ontario,42.10965,-82.59623,6.15,kilotonnes of carbon dioxide equivalents (kt CO2 eq),2023,Other Food Crops Grown Under Cover,https://www23.statcan.gc.ca/imdb/p3VD.pl?Function=getVD&TVD=1369825&CVD=1370970&CPV=111419&CST=27012022&CLV=5&MLV=5,https://climate-change.canada.ca/facility-emissions/GHGRP-G11843-2023.html,"http://indicators-map.canada.ca/App/Detail?id=0111843&GoCTemplateCulture=en-CA
"
11844,Nature Fresh Plant 2,Nature Fresh Farms,Leamington,634 Mersea Road 7 Road,N8H 3V8,Ontario,42.10965,-82.59623,33.51,kilotonnes of carbon dioxide equivalents (kt CO2 eq),2023,Other Food Crops Grown Under Cover,https://www23.statcan.gc.ca/imdb/p3VD.pl?Function=getVD&TVD=1369825&CVD=1370970&CPV=111419&CST=27012022&CLV=5&MLV=5,https://climate-change.canada.ca/facility-emissions/GHGRP-G11844-2023.html,"http://indicators-map.canada.ca/App/Detail?id=0111844&GoCTemplateCulture=en-CA
"
11845,Kapital Produce Ltd,Kapital Produce Ltd,Ruthven,1475 County Rd 34 Road,N0P 2G0,Ontario,42.05938,-82.74042,5.94,kilotonnes of carbon dioxide equivalents (kt CO2 eq),2023,Other Food Crops Grown Under Cover,https://www23.statcan.gc.ca/imdb/p3VD.pl?Function=getVD&TVD=1369825&CVD=1370970&CPV=111419&CST=27012022&CLV=5&MLV=5,https://climate-change.canada.ca/facility-emissions/GHGRP-G11845-2023.html,"http://indicators-map.canada.ca/App/Detail?id=0111845&GoCTemplateCulture=en-CA
"
11846,Platinum Produce,Platinum Produce Company,Blenheim,21037 Communication Rd. Road South,N0P 1A0,Ontario,42.37015,-82.0605,22.27,kilotonnes of carbon dioxide equivalents (kt CO2 eq),2023,Other Food Crops Grown Under Cover,https://www23.statcan.gc.ca/imdb/p3VD.pl?Function=getVD&TVD=1369825&CVD=1370970&CPV=111419&CST=27012022&CLV=5&MLV=5,https://climate-change.canada.ca/facility-emissions/GHGRP-G11846-2023.html,"http://indicators-map.canada.ca/App/Detail?id=0111846&GoCTemplateCulture=en-CA
"
11847,J.C. Fresh Farms Ltd.,J C Fresh Farms Ltd,Kingsville,2495 Graham Sideroad Road North,N9Y 2E5,Ontario,42.07335,-82.69333,8.89,kilotonnes of carbon dioxide equivalents (kt CO2 eq),2023,Other Food Crops Grown Under Cover,https://www23.statcan.gc.ca/imdb/p3VD.pl?Function=getVD&TVD=1369825&CVD=1370970&CPV=111419&CST=27012022&CLV=5&MLV=5,https://climate-change.canada.ca/facility-emissions/GHGRP-G11847-2023.html,"http://indicators-map.canada.ca/App/Detail?id=0111847&GoCTemplateCulture=en-CA
"
11849,Great Lakes Greenhouses Inc.,Great Lakes Greenhouses Inc.,Leamington,834 Mersea Rd 4,N8H 3V6,Ontario,42.07277,-82.58502,42.47,kilotonnes of carbon dioxide equivalents (kt CO2 eq),2023,Other Food Crops Grown Under Cover,https://www23.statcan.gc.ca/imdb/p3VD.pl?Function=getVD&TVD=1369825&CVD=1370970&CPV=111419&CST=27012022&CLV=5&MLV=5,https://climate-change.canada.ca/facility-emissions/GHGRP-G11849-2023.html,"http://indicators-map.canada.ca/App/Detail?id=0111849&GoCTemplateCulture=en-CA
"
11850,Arriva 02-25 Gas Plant,Petrus Resources Ltd.,Rocky Mountain House,,N/A,Alberta,52.29159,-115.15215,36.25,kilotonnes of carbon dioxide equivalents (kt CO2 eq),2023,Oil and gas extraction (except oil sands),https://www23.statcan.gc.ca/imdb/p3VD.pl?Function=getVD&TVD=1369825&CVD=1370970&CPV=211110&CST=27012022&CLV=5&MLV=5,https://climate-change.canada.ca/facility-emissions/GHGRP-G11850-2023.html,"http://indicators-map.canada.ca/App/Detail?id=0111850&GoCTemplateCulture=en-CA
"
11851,Sunrite Greenhouses Ltd,Sunrite Greenhouses Ltd.,Kingsville,1414 Seacliff Drive Drive,N9Y 2M2,Ontario,42.03936,-82.68021,18.16,kilotonnes of carbon dioxide equivalents (kt CO2 eq),2023,Other Food Crops Grown Under Cover,https://www23.statcan.gc.ca/imdb/p3VD.pl?Function=getVD&TVD=1369825&CVD=1370970&CPV=111419&CST=27012022&CLV=5&MLV=5,https://climate-change.canada.ca/facility-emissions/GHGRP-G11851-2023.html,"http://indicators-map.canada.ca/App/Detail?id=0111851&GoCTemplateCulture=en-CA
"
11852,Lieu d'enfouissement sanitaire Chibougamau,Ville de Chibougamau,Chibougamau,121 Chemin du Lac Dufault Road Northwest,G8P 1P1,Quebec,49.96003,-74.3693,10.83,kilotonnes of carbon dioxide equivalents (kt CO2 eq),2023,Waste Treatment and Disposal,https://www23.statcan.gc.ca/imdb/p3VD.pl?Function=getVD&TVD=1369825&CVD=1370970&CPV=562210&CST=27012022&CLV=5&MLV=5,https://climate-change.canada.ca/facility-emissions/GHGRP-G11852-2023.html,"http://indicators-map.canada.ca/App/Detail?id=0111852&GoCTemplateCulture=en-CA
"
11854,Toronto Board Plant,"CertainTeed Canada, Inc.",Mississauga,2424 Lakeshore Road West,L5J 1K4,Ontario,43.4952,-79.6148,36.26,kilotonnes of carbon dioxide equivalents (kt CO2 eq),2023,Gypsum Product Manufacturing,https://www23.statcan.gc.ca/imdb/p3VD.pl?Function=getVD&TVD=1369825&CVD=1370970&CPV=327420&CST=27012022&CLV=5&MLV=5,https://climate-change.canada.ca/facility-emissions/GHGRP-G11854-2023.html,"http://indicators-map.canada.ca/App/Detail?id=0111854&GoCTemplateCulture=en-CA
"
11855,Levesque Plywood Ltd.,Columbia Forest Products Ltd.,Hearst,225 Prince Street,P0L 1N0,Ontario,49.6856,-83.6505,17.01,kilotonnes of carbon dioxide equivalents (kt CO2 eq),2023,Hardwood Veneer and Plywood Mills,https://www23.statcan.gc.ca/imdb/p3VD.pl?Function=getVD&TVD=1369825&CVD=1370970&CPV=321211&CST=27012022&CLV=5&MLV=5,https://climate-change.canada.ca/facility-emissions/GHGRP-G11855-2023.html,"http://indicators-map.canada.ca/App/Detail?id=0111855&GoCTemplateCulture=en-CA
"
11876,Chaplin,Saskatchewan Mining and Minerals,Chaplin,120  Railway Avenue,S0H 0V0,Saskatchewan,50.4615,-106.66843,14.78,kilotonnes of carbon dioxide equivalents (kt CO2 eq),2023,Salt Mining,https://www23.statcan.gc.ca/imdb/p3VD.pl?Function=getVD&TVD=1369825&CVD=1370970&CPV=212393&CST=27012022&CLV=5&MLV=5,https://climate-change.canada.ca/facility-emissions/GHGRP-G11876-2023.html,"http://indicators-map.canada.ca/App/Detail?id=0111876&GoCTemplateCulture=en-CA
"
11877,Prairie Malt Limited,Prairie Malt ULC,Biggar,602 4 East Ave Avenue East,S0K 0M0,Saskatchewan,52.0311,-107.58178,29.12,kilotonnes of carbon dioxide equivalents (kt CO2 eq),2023,Rice Milling and Malt Manufacturing,https://www23.statcan.gc.ca/imdb/p3VD.pl?Function=getVD&TVD=1369825&CVD=1370970&CPV=311214&CST=27012022&CLV=5&MLV=5,https://climate-change.canada.ca/facility-emissions/GHGRP-G11877-2023.html,"http://indicators-map.canada.ca/App/Detail?id=0111877&GoCTemplateCulture=en-CA
"
11878,Max Aicher (North America) Limited,Max Aicher (North America) Limited,Hamilton,855 Industrial Drive,L8L 0B2,Ontario,43.26654,-79.82236,20.43,kilotonnes of carbon dioxide equivalents (kt CO2 eq),2023,Cold-Rolled Steel Shape Manufacturing,https://www23.statcan.gc.ca/imdb/p3VD.pl?Function=getVD&TVD=1369825&CVD=1370970&CPV=331221&CST=27012022&CLV=5&MLV=5,https://climate-change.canada.ca/facility-emissions/GHGRP-G11878-2023.html,"http://indicators-map.canada.ca/App/Detail?id=0111878&GoCTemplateCulture=en-CA
"
11879,City of Moose Jaw (Landfill),City of Moose Jaw,Moose Jaw,1802 Caribou Street East,S0H 0N0,Saskatchewan,50.39872,-105.48078,82.25,kilotonnes of carbon dioxide equivalents (kt CO2 eq),2023,Waste Treatment and Disposal,https://www23.statcan.gc.ca/imdb/p3VD.pl?Function=getVD&TVD=1369825&CVD=1370970&CPV=562210&CST=27012022&CLV=5&MLV=5,https://climate-change.canada.ca/facility-emissions/GHGRP-G11879-2023.html,"http://indicators-map.canada.ca/App/Detail?id=0111879&GoCTemplateCulture=en-CA
"
11880,West Yellowhead Regional Landfill,Town of Hinton,Hinton,Forestry Trunk Road,T7V 2E5,Alberta,53.35305,-117.61725,30.01,kilotonnes of carbon dioxide equivalents (kt CO2 eq),2023,Waste Treatment and Disposal,https://www23.statcan.gc.ca/imdb/p3VD.pl?Function=getVD&TVD=1369825&CVD=1370970&CPV=562210&CST=27012022&CLV=5&MLV=5,https://climate-change.canada.ca/facility-emissions/GHGRP-G11880-2023.html,"http://indicators-map.canada.ca/App/Detail?id=0111880&GoCTemplateCulture=en-CA
"
11881,WDMLR Landfill,Camrose County,Ferintosh,21184 SEC HWY 609 Highway,N/A,Alberta,52.78534,-112.95504,65.69,kilotonnes of carbon dioxide equivalents (kt CO2 eq),2023,Waste Treatment and Disposal,https://www23.statcan.gc.ca/imdb/p3VD.pl?Function=getVD&TVD=1369825&CVD=1370970&CPV=562210&CST=27012022&CLV=5&MLV=5,https://climate-change.canada.ca/facility-emissions/GHGRP-G11881-2023.html,"http://indicators-map.canada.ca/App/Detail?id=0111881&GoCTemplateCulture=en-CA
"
11882,Brock University,Brock University,St. Catharines,1812 Sir Isaac Brock Way,L2S 3A1,Ontario,43.1192,-79.2483,22.05,kilotonnes of carbon dioxide equivalents (kt CO2 eq),2023,Universities,https://www23.statcan.gc.ca/imdb/p3VD.pl?Function=getVD&TVD=1369825&CVD=1370970&CPV=611310&CST=27012022&CLV=5&MLV=5,https://climate-change.canada.ca/facility-emissions/GHGRP-G11882-2023.html,"http://indicators-map.canada.ca/App/Detail?id=0111882&GoCTemplateCulture=en-CA
"
11884,Meota West 06-24-046-18W3M,Strathcona Resources Ltd.,Meota,,N/A,Saskatchewan,52.97845,-108.48622,256.52,kilotonnes of carbon dioxide equivalents (kt CO2 eq),2023,Oil and gas extraction (except oil sands),https://www23.statcan.gc.ca/imdb/p3VD.pl?Function=getVD&TVD=1369825&CVD=1370970&CPV=211110&CST=27012022&CLV=5&MLV=5,https://climate-change.canada.ca/facility-emissions/GHGRP-G11884-2023.html,"http://indicators-map.canada.ca/App/Detail?id=0111884&GoCTemplateCulture=en-CA
"
11885,Alliance Pipeline Ltd. - BC Pipeline System,Alliance Pipeline Ltd. Partnership,Calgary,200 425 1st Street Southwest,T2P 3L8,British Columbia,0,0,21.38,kilotonnes of carbon dioxide equivalents (kt CO2 eq),2023,Pipeline Transportation of Natural Gas,https://www23.statcan.gc.ca/imdb/p3VD.pl?Function=getVD&TVD=1369825&CVD=1370970&CPV=486210&CST=27012022&CLV=5&MLV=5,https://climate-change.canada.ca/facility-emissions/GHGRP-G11885-2023.html,"http://indicators-map.canada.ca/App/Detail?id=0111885&GoCTemplateCulture=en-CA
"
11886,LONDON,3M Canada Company,London,1840 Oxford Street East,N5V 3R6,Ontario,43.0171,-81.1845,9.77,kilotonnes of carbon dioxide equivalents (kt CO2 eq),2023,Paper Bag and Coated and Treated Paper Manufacturing,https://www23.statcan.gc.ca/imdb/p3VD.pl?Function=getVD&TVD=1369825&CVD=1370970&CPV=322220&CST=27012022&CLV=5&MLV=5,https://climate-change.canada.ca/facility-emissions/GHGRP-G11886-2023.html,"http://indicators-map.canada.ca/App/Detail?id=0111886&GoCTemplateCulture=en-CA
"
11887,Coleville Compressor Station,Steel Reef Infrastructure Corp.,Coleville,,S0L 0K0,Saskatchewan,51.7114,-109.2455,32.03,kilotonnes of carbon dioxide equivalents (kt CO2 eq),2023,Oil and gas extraction (except oil sands),https://www23.statcan.gc.ca/imdb/p3VD.pl?Function=getVD&TVD=1369825&CVD=1370970&CPV=211110&CST=27012022&CLV=5&MLV=5,https://climate-change.canada.ca/facility-emissions/GHGRP-G11887-2023.html,"http://indicators-map.canada.ca/App/Detail?id=0111887&GoCTemplateCulture=en-CA
"
11888,Cargill Limited - Camrose Oilseed Processing,Cargill Limited,Camrose,46450 Range Road 200 Road,T4V 2M9,Alberta,52.97433,-112.76169,63.22,kilotonnes of carbon dioxide equivalents (kt CO2 eq),2023,Oilseed Processing,https://www23.statcan.gc.ca/imdb/p3VD.pl?Function=getVD&TVD=1369825&CVD=1370970&CPV=311224&CST=27012022&CLV=5&MLV=5,https://climate-change.canada.ca/facility-emissions/GHGRP-G11888-2023.html,"http://indicators-map.canada.ca/App/Detail?id=0111888&GoCTemplateCulture=en-CA
"
11893,Wapiti 13-05-067-08W6 BTY,Whitecap Resources Inc.,Greenview,N/A,N/A,Alberta,54.77609,-119.19216,46.61,kilotonnes of carbon dioxide equivalents (kt CO2 eq),2023,Oil and gas extraction (except oil sands),https://www23.statcan.gc.ca/imdb/p3VD.pl?Function=getVD&TVD=1369825&CVD=1370970&CPV=211110&CST=27012022&CLV=5&MLV=5,https://climate-change.canada.ca/facility-emissions/GHGRP-G11893-2023.html,"http://indicators-map.canada.ca/App/Detail?id=0111893&GoCTemplateCulture=en-CA
"
11894,Copper Mountain Mine,Copper Mountain Mine (BC) Ltd.,Princeton,6500 Copper Mountain Road,V0X 1W0,British Columbia,49.34556,-120.51,70.4,kilotonnes of carbon dioxide equivalents (kt CO2 eq),2023,Copper-Zinc Ore Mining,https://www23.statcan.gc.ca/imdb/p3VD.pl?Function=getVD&TVD=1369825&CVD=1370970&CPV=212233&CST=27012022&CLV=5&MLV=5,https://climate-change.canada.ca/facility-emissions/GHGRP-G11894-2023.html,"http://indicators-map.canada.ca/App/Detail?id=0111894&GoCTemplateCulture=en-CA
"
11897,BONAVISTA STRACHAN 05-34-037-08W5,Bonavista Energy Corporation,,N/A,N/A,Alberta,52.22249,-115.06978,46.21,kilotonnes of carbon dioxide equivalents (kt CO2 eq),2023,Oil and gas extraction (except oil sands),https://www23.statcan.gc.ca/imdb/p3VD.pl?Function=getVD&TVD=1369825&CVD=1370970&CPV=211110&CST=27012022&CLV=5&MLV=5,https://climate-change.canada.ca/facility-emissions/GHGRP-G11897-2023.html,"http://indicators-map.canada.ca/App/Detail?id=0111897&GoCTemplateCulture=en-CA
"
11898,The Black Velvet Distilling Company,Heaven Hill Distilling Canada Inc.,Lethbridge,2925 9th Avenue North,T1H 5E3,Alberta,49.7137,-112.79537,10.69,kilotonnes of carbon dioxide equivalents (kt CO2 eq),2023,Distilleries,https://www23.statcan.gc.ca/imdb/p3VD.pl?Function=getVD&TVD=1369825&CVD=1370970&CPV=312140&CST=27012022&CLV=5&MLV=5,https://climate-change.canada.ca/facility-emissions/GHGRP-G11898-2023.html,"http://indicators-map.canada.ca/App/Detail?id=0111898&GoCTemplateCulture=en-CA
"
11899,07-25-77-12-W6M,Birchcliff Energy Ltd.,Pouce Coupe,1 1 Range Road 124 Road,V0C 2C0,Alberta,55.6986,-119.7151,10.19,kilotonnes of carbon dioxide equivalents (kt CO2 eq),2023,Oil and gas extraction (except oil sands),https://www23.statcan.gc.ca/imdb/p3VD.pl?Function=getVD&TVD=1369825&CVD=1370970&CPV=211110&CST=27012022&CLV=5&MLV=5,https://climate-change.canada.ca/facility-emissions/GHGRP-G11899-2023.html,"http://indicators-map.canada.ca/App/Detail?id=0111899&GoCTemplateCulture=en-CA
"
11900,07-29-78-11-W6M,Birchcliff Energy Ltd.,Gordondale,1 1 Range Road 115 Road,T0H 1V0,Alberta,55.7868,-119.66504,16.67,kilotonnes of carbon dioxide equivalents (kt CO2 eq),2023,Oil and gas extraction (except oil sands),https://www23.statcan.gc.ca/imdb/p3VD.pl?Function=getVD&TVD=1369825&CVD=1370970&CPV=211110&CST=27012022&CLV=5&MLV=5,https://climate-change.canada.ca/facility-emissions/GHGRP-G11900-2023.html,"http://indicators-map.canada.ca/App/Detail?id=0111900&GoCTemplateCulture=en-CA
"
11902,Electric Utility - Generation - Remote Site,City of Medicine Hat,Medicine Hat,5270 Box Springs Road Northwest,N/A,Alberta,50.09268,-110.7359,252.78,kilotonnes of carbon dioxide equivalents (kt CO2 eq),2023,Fossil-Fuel Electric Power Generation,https://www23.statcan.gc.ca/imdb/p3VD.pl?Function=getVD&TVD=1369825&CVD=1370970&CPV=221112&CST=27012022&CLV=5&MLV=5,https://climate-change.canada.ca/facility-emissions/GHGRP-G11902-2023.html,"http://indicators-map.canada.ca/App/Detail?id=0111902&GoCTemplateCulture=en-CA
"
11906,Sunrise Comp Station 01-34,Ovintiv Canada ULC,Dawson Creek,37 Vic Turner Airport Road,V1G 0G1,British Columbia,55.79784,-120.53826,11.57,kilotonnes of carbon dioxide equivalents (kt CO2 eq),2023,Oil and gas extraction (except oil sands),https://www23.statcan.gc.ca/imdb/p3VD.pl?Function=getVD&TVD=1369825&CVD=1370970&CPV=211110&CST=27012022&CLV=5&MLV=5,https://climate-change.canada.ca/facility-emissions/GHGRP-G11906-2023.html,"http://indicators-map.canada.ca/App/Detail?id=0111906&GoCTemplateCulture=en-CA
"
11907,Saturn Comp Stn 09-27,Ovintiv Canada ULC,Dawson Creek,37 Vic Turner Airport Road,V1G 0G1,British Columbia,55.87801,-120.56138,16.46,kilotonnes of carbon dioxide equivalents (kt CO2 eq),2023,Oil and gas extraction (except oil sands),https://www23.statcan.gc.ca/imdb/p3VD.pl?Function=getVD&TVD=1369825&CVD=1370970&CPV=211110&CST=27012022&CLV=5&MLV=5,https://climate-change.canada.ca/facility-emissions/GHGRP-G11907-2023.html,"http://indicators-map.canada.ca/App/Detail?id=0111907&GoCTemplateCulture=en-CA
"
11908,Sunrise Gas Plant 04-26-078-17W6,Ovintiv Canada ULC,Dawson Creek,37 Vic Turner Airport Road,V1G 0G1,British Columbia,55.78331,-120.53011,11.3,kilotonnes of carbon dioxide equivalents (kt CO2 eq),2023,Oil and gas extraction (except oil sands),https://www23.statcan.gc.ca/imdb/p3VD.pl?Function=getVD&TVD=1369825&CVD=1370970&CPV=211110&CST=27012022&CLV=5&MLV=5,https://climate-change.canada.ca/facility-emissions/GHGRP-G11908-2023.html,"http://indicators-map.canada.ca/App/Detail?id=0111908&GoCTemplateCulture=en-CA
"
11909,Usine St-Hyacinthe,Saputo Produits Laitiers Canada s.e.n.c.,Saint Hyacinthe,1195 Johnson,J2S 7Y6,Quebec,45.646,-72.9578,11.87,kilotonnes of carbon dioxide equivalents (kt CO2 eq),2023,"Butter, Cheese, and Dry and Condensed Dairy Products Manufacturing",https://www23.statcan.gc.ca/imdb/p3VD.pl?Function=getVD&TVD=1369825&CVD=1370970&CPV=311515&CST=27012022&CLV=5&MLV=5,https://climate-change.canada.ca/facility-emissions/GHGRP-G11909-2023.html,"http://indicators-map.canada.ca/App/Detail?id=0111909&GoCTemplateCulture=en-CA
"
11910,Big Marble Farms,Big Marble Farms Inc.,Cypress County,12118 Range Road 63,T0J 2P0,Alberta,49.98351,-110.75965,28.52,kilotonnes of carbon dioxide equivalents (kt CO2 eq),2023,Other Food Crops Grown Under Cover,https://www23.statcan.gc.ca/imdb/p3VD.pl?Function=getVD&TVD=1369825&CVD=1370970&CPV=111419&CST=27012022&CLV=5&MLV=5,https://climate-change.canada.ca/facility-emissions/GHGRP-G11910-2023.html,"http://indicators-map.canada.ca/App/Detail?id=0111910&GoCTemplateCulture=en-CA
"
11912,West Beg c-34-C/94-G-1,PETRONAS Energy Canada Ltd.,Fort St John,0,N/A,British Columbia,57.032,-122.3,10.03,kilotonnes of carbon dioxide equivalents (kt CO2 eq),2023,Oil and gas extraction (except oil sands),https://www23.statcan.gc.ca/imdb/p3VD.pl?Function=getVD&TVD=1369825&CVD=1370970&CPV=211110&CST=27012022&CLV=5&MLV=5,https://climate-change.canada.ca/facility-emissions/GHGRP-G11912-2023.html,"http://indicators-map.canada.ca/App/Detail?id=0111912&GoCTemplateCulture=en-CA
"
11913,BUNGE CANADA - WAINWRIGHT PLANT,Bunge Canada,Wainwright,1101 4th Avenue South,T9W 1S8,Alberta,52.8292,-110.8592,7.79,kilotonnes of carbon dioxide equivalents (kt CO2 eq),2023,All Other Food Manufacturing,https://www23.statcan.gc.ca/imdb/p3VD.pl?Function=getVD&TVD=1369825&CVD=1370970&CPV=311990&CST=27012022&CLV=5&MLV=5,https://climate-change.canada.ca/facility-emissions/GHGRP-G11913-2023.html,"http://indicators-map.canada.ca/App/Detail?id=0111913&GoCTemplateCulture=en-CA
"
11914,Kaybob 05-33 Gas Battery,Veren Inc.,,,T0H 1P0,Alberta,54.29331,-116.58191,63.53,kilotonnes of carbon dioxide equivalents (kt CO2 eq),2023,Oil and gas extraction (except oil sands),https://www23.statcan.gc.ca/imdb/p3VD.pl?Function=getVD&TVD=1369825&CVD=1370970&CPV=211110&CST=27012022&CLV=5&MLV=5,https://climate-change.canada.ca/facility-emissions/GHGRP-G11914-2023.html,"http://indicators-map.canada.ca/App/Detail?id=0111914&GoCTemplateCulture=en-CA
"
11915,Cypress Thorsby 7-14-49-1W5,Petrus Resources Ltd.,Thorsby,,N/A,Alberta,53.22672,-114.03437,10.48,kilotonnes of carbon dioxide equivalents (kt CO2 eq),2023,Oil and gas extraction (except oil sands),https://www23.statcan.gc.ca/imdb/p3VD.pl?Function=getVD&TVD=1369825&CVD=1370970&CPV=211110&CST=27012022&CLV=5&MLV=5,https://climate-change.canada.ca/facility-emissions/GHGRP-G11915-2023.html,"http://indicators-map.canada.ca/App/Detail?id=0111915&GoCTemplateCulture=en-CA
"
11916,Thorhild,Waste Management of Canada Corporation,Newbrook,61308 Highway 63,T0A 2P0,Alberta,53.58442,-113.61293,60.13,kilotonnes of carbon dioxide equivalents (kt CO2 eq),2023,Waste Treatment and Disposal,https://www23.statcan.gc.ca/imdb/p3VD.pl?Function=getVD&TVD=1369825&CVD=1370970&CPV=562210&CST=27012022&CLV=5&MLV=5,https://climate-change.canada.ca/facility-emissions/GHGRP-G11916-2023.html,"http://indicators-map.canada.ca/App/Detail?id=0111916&GoCTemplateCulture=en-CA
"
11919,Barrier Hydro Plant,TA Alberta Hydro LP,Seebe,AB-40 Highway,N/A,Alberta,51.03418,-115.04094,0.02,kilotonnes of carbon dioxide equivalents (kt CO2 eq),2023,Hydro-Electric Power Generation,https://www23.statcan.gc.ca/imdb/p3VD.pl?Function=getVD&TVD=1369825&CVD=1370970&CPV=221111&CST=27012022&CLV=5&MLV=5,https://climate-change.canada.ca/facility-emissions/GHGRP-G11919-2023.html,"http://indicators-map.canada.ca/App/Detail?id=0111919&GoCTemplateCulture=en-CA
"
11921,Bearspaw Hydro Plant,TA Alberta Hydro LP,Calgary,Bearspaw Dam Road Northwest,N/A,Alberta,51.101,-114.2819,0.03,kilotonnes of carbon dioxide equivalents (kt CO2 eq),2023,Hydro-Electric Power Generation,https://www23.statcan.gc.ca/imdb/p3VD.pl?Function=getVD&TVD=1369825&CVD=1370970&CPV=221111&CST=27012022&CLV=5&MLV=5,https://climate-change.canada.ca/facility-emissions/GHGRP-G11921-2023.html,"http://indicators-map.canada.ca/App/Detail?id=0111921&GoCTemplateCulture=en-CA
"
11922,Bighorn Hydro Plant,TA Alberta Hydro LP,Clearwater,Bighorn Dam Road,N/A,Alberta,52.30835,-116.32327,0.05,kilotonnes of carbon dioxide equivalents (kt CO2 eq),2023,Hydro-Electric Power Generation,https://www23.statcan.gc.ca/imdb/p3VD.pl?Function=getVD&TVD=1369825&CVD=1370970&CPV=221111&CST=27012022&CLV=5&MLV=5,https://climate-change.canada.ca/facility-emissions/GHGRP-G11922-2023.html,"http://indicators-map.canada.ca/App/Detail?id=0111922&GoCTemplateCulture=en-CA
"
11924,Brazeau Hydro Plant,TA Alberta Hydro LP,Drayton Valley,5004 50 Avenue,N/A,Alberta,52.91,-115.375,0.1,kilotonnes of carbon dioxide equivalents (kt CO2 eq),2023,Hydro-Electric Power Generation,https://www23.statcan.gc.ca/imdb/p3VD.pl?Function=getVD&TVD=1369825&CVD=1370970&CPV=221111&CST=27012022&CLV=5&MLV=5,https://climate-change.canada.ca/facility-emissions/GHGRP-G11924-2023.html,"http://indicators-map.canada.ca/App/Detail?id=0111924&GoCTemplateCulture=en-CA
"
11925,Cascade Hydro Plant,TA Alberta Hydro LP,Banff,TransCanada Highway,N/A,Alberta,51.2,-115.502,0.01,kilotonnes of carbon dioxide equivalents (kt CO2 eq),2023,Hydro-Electric Power Generation,https://www23.statcan.gc.ca/imdb/p3VD.pl?Function=getVD&TVD=1369825&CVD=1370970&CPV=221111&CST=27012022&CLV=5&MLV=5,https://climate-change.canada.ca/facility-emissions/GHGRP-G11925-2023.html,"http://indicators-map.canada.ca/App/Detail?id=0111925&GoCTemplateCulture=en-CA
"
11926,Ghost Hydro Plant,TA Alberta Hydro LP,Cochrane,Range Road 60,N/A,Alberta,51.218,-114.707,0.1,kilotonnes of carbon dioxide equivalents (kt CO2 eq),2023,Hydro-Electric Power Generation,https://www23.statcan.gc.ca/imdb/p3VD.pl?Function=getVD&TVD=1369825&CVD=1370970&CPV=221111&CST=27012022&CLV=5&MLV=5,https://climate-change.canada.ca/facility-emissions/GHGRP-G11926-2023.html,"http://indicators-map.canada.ca/App/Detail?id=0111926&GoCTemplateCulture=en-CA
"
11927,Horseshoe Hydro Plant,TA Alberta Hydro LP,Seebe,1 Horseshoe Drive,N/A,Alberta,51.118,-115.034,0.02,kilotonnes of carbon dioxide equivalents (kt CO2 eq),2023,Hydro-Electric Power Generation,https://www23.statcan.gc.ca/imdb/p3VD.pl?Function=getVD&TVD=1369825&CVD=1370970&CPV=221111&CST=27012022&CLV=5&MLV=5,https://climate-change.canada.ca/facility-emissions/GHGRP-G11927-2023.html,"http://indicators-map.canada.ca/App/Detail?id=0111927&GoCTemplateCulture=en-CA
"
11928,Interlakes Hydro Plant,TA Alberta Hydro LP,Kananaskis,AB-40 Highway,N/A,Alberta,50.633,-115.139,0.01,kilotonnes of carbon dioxide equivalents (kt CO2 eq),2023,Hydro-Electric Power Generation,https://www23.statcan.gc.ca/imdb/p3VD.pl?Function=getVD&TVD=1369825&CVD=1370970&CPV=221111&CST=27012022&CLV=5&MLV=5,https://climate-change.canada.ca/facility-emissions/GHGRP-G11928-2023.html,"http://indicators-map.canada.ca/App/Detail?id=0111928&GoCTemplateCulture=en-CA
"
11929,Kananaskis Hydro Plant,TA Alberta Hydro LP,Seebe,1 Horseshoe Drive,N/A,Alberta,51.097,-115.057,0.05,kilotonnes of carbon dioxide equivalents (kt CO2 eq),2023,Hydro-Electric Power Generation,https://www23.statcan.gc.ca/imdb/p3VD.pl?Function=getVD&TVD=1369825&CVD=1370970&CPV=221111&CST=27012022&CLV=5&MLV=5,https://climate-change.canada.ca/facility-emissions/GHGRP-G11929-2023.html,"http://indicators-map.canada.ca/App/Detail?id=0111929&GoCTemplateCulture=en-CA
"
11930,Pocaterra Hydro Plant,TA Alberta Hydro LP,Kananaskis,Smith-Dorrien Trail,N/A,Alberta,50.699,-115.119,0.03,kilotonnes of carbon dioxide equivalents (kt CO2 eq),2023,Hydro-Electric Power Generation,https://www23.statcan.gc.ca/imdb/p3VD.pl?Function=getVD&TVD=1369825&CVD=1370970&CPV=221111&CST=27012022&CLV=5&MLV=5,https://climate-change.canada.ca/facility-emissions/GHGRP-G11930-2023.html,"http://indicators-map.canada.ca/App/Detail?id=0111930&GoCTemplateCulture=en-CA
"
11931,Rundle Hydro Plant,TA Alberta Hydro LP,Canmore,16 Ken Ritchie Way,N/A,Alberta,51.088,-115.373,0.02,kilotonnes of carbon dioxide equivalents (kt CO2 eq),2023,Hydro-Electric Power Generation,https://www23.statcan.gc.ca/imdb/p3VD.pl?Function=getVD&TVD=1369825&CVD=1370970&CPV=221111&CST=27012022&CLV=5&MLV=5,https://climate-change.canada.ca/facility-emissions/GHGRP-G11931-2023.html,"http://indicators-map.canada.ca/App/Detail?id=0111931&GoCTemplateCulture=en-CA
"
11932,Spray Hydro Plant,TA Alberta Hydro LP,Canmore,16 Ken Ritchie Way,N/A,Alberta,51.074,-115.402,0.04,kilotonnes of carbon dioxide equivalents (kt CO2 eq),2023,Hydro-Electric Power Generation,https://www23.statcan.gc.ca/imdb/p3VD.pl?Function=getVD&TVD=1369825&CVD=1370970&CPV=221111&CST=27012022&CLV=5&MLV=5,https://climate-change.canada.ca/facility-emissions/GHGRP-G11932-2023.html,"http://indicators-map.canada.ca/App/Detail?id=0111932&GoCTemplateCulture=en-CA
"
11933,Castle Wind Farm,TransAlta Renewables Inc.,Pincher Creek,507 AB Highway,N/A,Alberta,49.515,-114.026,0.01,kilotonnes of carbon dioxide equivalents (kt CO2 eq),2023,Other Electric Power Generation,https://www23.statcan.gc.ca/imdb/p3VD.pl?Function=getVD&TVD=1369825&CVD=1370970&CPV=221119&CST=27012022&CLV=5&MLV=5,https://climate-change.canada.ca/facility-emissions/GHGRP-G11933-2023.html,"http://indicators-map.canada.ca/App/Detail?id=0111933&GoCTemplateCulture=en-CA
"
11934,Cowley Wind Farm,TransAlta Renewables Inc.,Pincher Creek,AB-3 Highway,N/A,Alberta,49.562,-114.108,0.01,kilotonnes of carbon dioxide equivalents (kt CO2 eq),2023,Other Electric Power Generation,https://www23.statcan.gc.ca/imdb/p3VD.pl?Function=getVD&TVD=1369825&CVD=1370970&CPV=221119&CST=27012022&CLV=5&MLV=5,https://climate-change.canada.ca/facility-emissions/GHGRP-G11934-2023.html,"http://indicators-map.canada.ca/App/Detail?id=0111934&GoCTemplateCulture=en-CA
"
11936,Sinnott Wind Farm,TransAlta Renewables Inc.,Pincher Creek,AB-3 Highway,N/A,Alberta,49.532,-114.002,0,kilotonnes of carbon dioxide equivalents (kt CO2 eq),2023,Other Electric Power Generation,https://www23.statcan.gc.ca/imdb/p3VD.pl?Function=getVD&TVD=1369825&CVD=1370970&CPV=221119&CST=27012022&CLV=5&MLV=5,https://climate-change.canada.ca/facility-emissions/GHGRP-G11936-2023.html,"http://indicators-map.canada.ca/App/Detail?id=0111936&GoCTemplateCulture=en-CA
"
11937,Summerview 1 Wind Farm,TransAlta Renewables Inc.,Pincher Creek,785 AB Highway,N/A,Alberta,49.582,-113.793,0.04,kilotonnes of carbon dioxide equivalents (kt CO2 eq),2023,Other Electric Power Generation,https://www23.statcan.gc.ca/imdb/p3VD.pl?Function=getVD&TVD=1369825&CVD=1370970&CPV=221119&CST=27012022&CLV=5&MLV=5,https://climate-change.canada.ca/facility-emissions/GHGRP-G11937-2023.html,"http://indicators-map.canada.ca/App/Detail?id=0111937&GoCTemplateCulture=en-CA
"
11938,Taylor Hydro Plant,TransAlta Renewables Inc.,Magrath,Range Road 222A,N/A,Alberta,49.333,-112.887,0.02,kilotonnes of carbon dioxide equivalents (kt CO2 eq),2023,Hydro-Electric Power Generation,https://www23.statcan.gc.ca/imdb/p3VD.pl?Function=getVD&TVD=1369825&CVD=1370970&CPV=221111&CST=27012022&CLV=5&MLV=5,https://climate-change.canada.ca/facility-emissions/GHGRP-G11938-2023.html,"http://indicators-map.canada.ca/App/Detail?id=0111938&GoCTemplateCulture=en-CA
"
11939,Centre Hospitalier de l'Université de Montréal,Centre hospitalier de l'Université de Montréal,Montréal,1000 Saint-Denis Street,H2X 0C1,Quebec,45.51151,-73.5573,24.32,kilotonnes of carbon dioxide equivalents (kt CO2 eq),2023,General (except Paediatric) Hospitals,https://www23.statcan.gc.ca/imdb/p3VD.pl?Function=getVD&TVD=1369825&CVD=1370970&CPV=622111&CST=27012022&CLV=5&MLV=5,https://climate-change.canada.ca/facility-emissions/GHGRP-G11939-2023.html,"http://indicators-map.canada.ca/App/Detail?id=0111939&GoCTemplateCulture=en-CA
"
11941,Duvernay Kaybob Complex,Pembina Pipeline Corporation,M.d. of Greenview,Bigstone Rd Road,T0H 1P0,Alberta,54.39575,-116.94479,42.94,kilotonnes of carbon dioxide equivalents (kt CO2 eq),2023,Oil and gas extraction (except oil sands),https://www23.statcan.gc.ca/imdb/p3VD.pl?Function=getVD&TVD=1369825&CVD=1370970&CPV=211110&CST=27012022&CLV=5&MLV=5,https://climate-change.canada.ca/facility-emissions/GHGRP-G11941-2023.html,"http://indicators-map.canada.ca/App/Detail?id=0111941&GoCTemplateCulture=en-CA
"
11942,WASKAHIGAN MGS 10-29-062-23W5,Pembina Pipeline Corporation,Waskahigan,,N/A,Alberta,54.3953,-117.41744,19.66,kilotonnes of carbon dioxide equivalents (kt CO2 eq),2023,Oil and gas extraction (except oil sands),https://www23.statcan.gc.ca/imdb/p3VD.pl?Function=getVD&TVD=1369825&CVD=1370970&CPV=211110&CST=27012022&CLV=5&MLV=5,https://climate-change.canada.ca/facility-emissions/GHGRP-G11942-2023.html,"http://indicators-map.canada.ca/App/Detail?id=0111942&GoCTemplateCulture=en-CA
"
11944,Virginia Hills Oil MWB 04-12,Veren Inc.,Calgary,,T0G 2C0,Alberta,54.69238,-115.8381,16.21,kilotonnes of carbon dioxide equivalents (kt CO2 eq),2023,Oil and gas extraction (except oil sands),https://www23.statcan.gc.ca/imdb/p3VD.pl?Function=getVD&TVD=1369825&CVD=1370970&CPV=211110&CST=27012022&CLV=5&MLV=5,https://climate-change.canada.ca/facility-emissions/GHGRP-G11944-2023.html,"http://indicators-map.canada.ca/App/Detail?id=0111944&GoCTemplateCulture=en-CA
"
11948,Rush Lake 2 Thermal Plant 16-03-048-21W3,Cenovus Energy Inc.,Lloydminster,4335 44 Street,S9V 0Z8,Saskatchewan,53.11622,-108.98205,282.9,kilotonnes of carbon dioxide equivalents (kt CO2 eq),2023,Oil and gas extraction (except oil sands),https://www23.statcan.gc.ca/imdb/p3VD.pl?Function=getVD&TVD=1369825&CVD=1370970&CPV=211110&CST=27012022&CLV=5&MLV=5,https://climate-change.canada.ca/facility-emissions/GHGRP-G11948-2023.html,"http://indicators-map.canada.ca/App/Detail?id=0111948&GoCTemplateCulture=en-CA
"
11949,Brampton Civic Hospital,William Osler Health System,Brampton,2100 Bovaird Drive East,L6R 3J7,Ontario,43.75055,-79.71641,11.82,kilotonnes of carbon dioxide equivalents (kt CO2 eq),2023,General (except Paediatric) Hospitals,https://www23.statcan.gc.ca/imdb/p3VD.pl?Function=getVD&TVD=1369825&CVD=1370970&CPV=622111&CST=27012022&CLV=5&MLV=5,https://climate-change.canada.ca/facility-emissions/GHGRP-G11949-2023.html,"http://indicators-map.canada.ca/App/Detail?id=0111949&GoCTemplateCulture=en-CA
"
11950,TERMINAL DE MONTREAL-EST,Valero Energy Inc.,Montréal Est,7000 MARIEN Avenue,H1B 4W3,Quebec,45.6413,-73.5322,13.19,kilotonnes of carbon dioxide equivalents (kt CO2 eq),2023,Petroleum Product Wholesaler-Distributors,https://www23.statcan.gc.ca/imdb/p3VD.pl?Function=getVD&TVD=1369825&CVD=1370970&CPV=412110&CST=27012022&CLV=5&MLV=5,https://climate-change.canada.ca/facility-emissions/GHGRP-G11950-2023.html,"http://indicators-map.canada.ca/App/Detail?id=0111950&GoCTemplateCulture=en-CA
"
11951,Red Lake Operation,Evolution Mining,Balmertown,15 Eric Radford Way,P0V 1C0,Ontario,51.0597,-93.74407,26.8,kilotonnes of carbon dioxide equivalents (kt CO2 eq),2023,Gold and Silver Ore Mining,https://www23.statcan.gc.ca/imdb/p3VD.pl?Function=getVD&TVD=1369825&CVD=1370970&CPV=212220&CST=27012022&CLV=5&MLV=5,https://climate-change.canada.ca/facility-emissions/GHGRP-G11951-2023.html,"http://indicators-map.canada.ca/App/Detail?id=0111951&GoCTemplateCulture=en-CA
"
11952,LET RAGUENEAU,Régie de gestion des matières résiduelles de Manicouagan (RG,Ragueneau,5101 CHEMIN DE LA SCIERIE DES OUTARDES,G0H 1S0,Quebec,49.16077,-68.48379,17.11,kilotonnes of carbon dioxide equivalents (kt CO2 eq),2023,Waste Treatment and Disposal,https://www23.statcan.gc.ca/imdb/p3VD.pl?Function=getVD&TVD=1369825&CVD=1370970&CPV=562210&CST=27012022&CLV=5&MLV=5,https://climate-change.canada.ca/facility-emissions/GHGRP-G11952-2023.html,"http://indicators-map.canada.ca/App/Detail?id=0111952&GoCTemplateCulture=en-CA
"
11953,Bodo 9-14,Strathcona Resources Ltd.,Municipal District of Provost ,,N/A,Alberta,52.18101,-110.03107,11.63,kilotonnes of carbon dioxide equivalents (kt CO2 eq),2023,Oil and gas extraction (except oil sands),https://www23.statcan.gc.ca/imdb/p3VD.pl?Function=getVD&TVD=1369825&CVD=1370970&CPV=211110&CST=27012022&CLV=5&MLV=5,https://climate-change.canada.ca/facility-emissions/GHGRP-G11953-2023.html,"http://indicators-map.canada.ca/App/Detail?id=0111953&GoCTemplateCulture=en-CA
"
11954,HUSSAR GAS STOR 07-07-025-20W4,Cenovus Energy Inc.,Hussar,,N/A,Alberta,51.11602,-112.78125,11.33,kilotonnes of carbon dioxide equivalents (kt CO2 eq),2023,Oil and gas extraction (except oil sands),https://www23.statcan.gc.ca/imdb/p3VD.pl?Function=getVD&TVD=1369825&CVD=1370970&CPV=211110&CST=27012022&CLV=5&MLV=5,https://climate-change.canada.ca/facility-emissions/GHGRP-G11954-2023.html,"http://indicators-map.canada.ca/App/Detail?id=0111954&GoCTemplateCulture=en-CA
"
11955,Iqaluit,Qulliq Energy Corporation,Iqaluit,1 NPC Hill,X0A 0H0,Nunavut,63.75375,-68.50708,43.85,kilotonnes of carbon dioxide equivalents (kt CO2 eq),2023,Fossil-Fuel Electric Power Generation,https://www23.statcan.gc.ca/imdb/p3VD.pl?Function=getVD&TVD=1369825&CVD=1370970&CPV=221112&CST=27012022&CLV=5&MLV=5,https://climate-change.canada.ca/facility-emissions/GHGRP-G11955-2023.html,"http://indicators-map.canada.ca/App/Detail?id=0111955&GoCTemplateCulture=en-CA
"
11957,Rankin Inlet,Qulliq Energy Corporation,Rankin Inlet,,X0C 0G0,Nunavut,68.81257,-92.08061,15.19,kilotonnes of carbon dioxide equivalents (kt CO2 eq),2023,Fossil-Fuel Electric Power Generation,https://www23.statcan.gc.ca/imdb/p3VD.pl?Function=getVD&TVD=1369825&CVD=1370970&CPV=221112&CST=27012022&CLV=5&MLV=5,https://climate-change.canada.ca/facility-emissions/GHGRP-G11957-2023.html,"http://indicators-map.canada.ca/App/Detail?id=0111957&GoCTemplateCulture=en-CA
"
11958,Rmp Waskahigan 12-07-064-23w5,HWN Energy Ltd.,Little Smoky,,N/A,Alberta,54.52509,-117.4767,32.81,kilotonnes of carbon dioxide equivalents (kt CO2 eq),2023,Oil and gas extraction (except oil sands),https://www23.statcan.gc.ca/imdb/p3VD.pl?Function=getVD&TVD=1369825&CVD=1370970&CPV=211110&CST=27012022&CLV=5&MLV=5,https://climate-change.canada.ca/facility-emissions/GHGRP-G11958-2023.html,"http://indicators-map.canada.ca/App/Detail?id=0111958&GoCTemplateCulture=en-CA
"
11959,02-26 Gas Plant,Journey Energy Inc.,Niton Junction,,N/A,Alberta,53.51387,-115.65692,15.69,kilotonnes of carbon dioxide equivalents (kt CO2 eq),2023,Oil and gas extraction (except oil sands),https://www23.statcan.gc.ca/imdb/p3VD.pl?Function=getVD&TVD=1369825&CVD=1370970&CPV=211110&CST=27012022&CLV=5&MLV=5,https://climate-change.canada.ca/facility-emissions/GHGRP-G11959-2023.html,"http://indicators-map.canada.ca/App/Detail?id=0111959&GoCTemplateCulture=en-CA
"
11961,Willesden Green 14-05,Westbrick Energy Ltd (1),Brazeau No. 77,Unnamed Road,N/A,Alberta,52.85639,-115.2763,12.13,kilotonnes of carbon dioxide equivalents (kt CO2 eq),2023,Oil and gas extraction (except oil sands),https://www23.statcan.gc.ca/imdb/p3VD.pl?Function=getVD&TVD=1369825&CVD=1370970&CPV=211110&CST=27012022&CLV=5&MLV=5,https://climate-change.canada.ca/facility-emissions/GHGRP-G11961-2023.html,"http://indicators-map.canada.ca/App/Detail?id=0111961&GoCTemplateCulture=en-CA
"
11963,North Pine Liquid Separation,AltaGas Ltd.,,,N/A,British Columbia,56.57189,-121.13751,32.31,kilotonnes of carbon dioxide equivalents (kt CO2 eq),2023,Oil and gas extraction (except oil sands),https://www23.statcan.gc.ca/imdb/p3VD.pl?Function=getVD&TVD=1369825&CVD=1370970&CPV=211110&CST=27012022&CLV=5&MLV=5,https://climate-change.canada.ca/facility-emissions/GHGRP-G11963-2023.html,"http://indicators-map.canada.ca/App/Detail?id=0111963&GoCTemplateCulture=en-CA
"
11970,HUSKY ABERFELDY 8-1-50-27,Cenovus Energy Inc.,Lloydminster,,N/A,Saskatchewan,53.28347,-109.81154,12.71,kilotonnes of carbon dioxide equivalents (kt CO2 eq),2023,Oil and gas extraction (except oil sands),https://www23.statcan.gc.ca/imdb/p3VD.pl?Function=getVD&TVD=1369825&CVD=1370970&CPV=211110&CST=27012022&CLV=5&MLV=5,https://climate-change.canada.ca/facility-emissions/GHGRP-G11970-2023.html,"http://indicators-map.canada.ca/App/Detail?id=0111970&GoCTemplateCulture=en-CA
"
11976,Pointes-Aux-Trembles CO2 Plant,Linde Canada Inc.,Montréal,3500 3rd Avenue,H1B 4P9,Quebec,45.6387,-73.5188,24.42,kilotonnes of carbon dioxide equivalents (kt CO2 eq),2023,Industrial Gas Manufacturing,https://www23.statcan.gc.ca/imdb/p3VD.pl?Function=getVD&TVD=1369825&CVD=1370970&CPV=325120&CST=27012022&CLV=5&MLV=5,https://climate-change.canada.ca/facility-emissions/GHGRP-G11976-2023.html,"http://indicators-map.canada.ca/App/Detail?id=0111976&GoCTemplateCulture=en-CA
"
11978,Fort Saskatchewan CO2 Plant,Linde Canada Inc.,Fort Saskatchewan,11698 99th Avenue,T8L 2T1,Alberta,53.72126,-113.17954,15.03,kilotonnes of carbon dioxide equivalents (kt CO2 eq),2023,Industrial Gas Manufacturing,https://www23.statcan.gc.ca/imdb/p3VD.pl?Function=getVD&TVD=1369825&CVD=1370970&CPV=325120&CST=27012022&CLV=5&MLV=5,https://climate-change.canada.ca/facility-emissions/GHGRP-G11978-2023.html,"http://indicators-map.canada.ca/App/Detail?id=0111978&GoCTemplateCulture=en-CA
"
11979,Highvale Sour Gas Plant 10-04,New Star Energy Ltd.,,,N/A,Alberta,53.3743,-114.5279,16.39,kilotonnes of carbon dioxide equivalents (kt CO2 eq),2023,Oil and gas extraction (except oil sands),https://www23.statcan.gc.ca/imdb/p3VD.pl?Function=getVD&TVD=1369825&CVD=1370970&CPV=211110&CST=27012022&CLV=5&MLV=5,https://climate-change.canada.ca/facility-emissions/GHGRP-G11979-2023.html,"http://indicators-map.canada.ca/App/Detail?id=0111979&GoCTemplateCulture=en-CA
"
11981,UNITY PLANT,Compass Minerals Canada Corporation,Unity,14 Highway East,S0K 4L0,Saskatchewan,52.4294,-109.1111,27.07,kilotonnes of carbon dioxide equivalents (kt CO2 eq),2023,Salt Mining,https://www23.statcan.gc.ca/imdb/p3VD.pl?Function=getVD&TVD=1369825&CVD=1370970&CPV=212393&CST=27012022&CLV=5&MLV=5,https://climate-change.canada.ca/facility-emissions/GHGRP-G11981-2023.html,"http://indicators-map.canada.ca/App/Detail?id=0111981&GoCTemplateCulture=en-CA
"
11982,BlackGold SAGD Sec14-76-07W4,HARVEST OPERATIONS CORP.,Regional Municipality of Wood ,,N/A,Alberta,55.58276,-110.97928,213.22,kilotonnes of carbon dioxide equivalents (kt CO2 eq),2023,In-situ oil sands extraction,https://www23.statcan.gc.ca/imdb/p3VD.pl?Function=getVD&TVD=1369825&CVD=1370970&CPV=211141&CST=27012022&CLV=5&MLV=5,https://climate-change.canada.ca/facility-emissions/GHGRP-G11982-2023.html,"http://indicators-map.canada.ca/App/Detail?id=0111982&GoCTemplateCulture=en-CA
"
11987,Usine LSR - Train #2,"Gaz Métro GNL, s.e.c.",Montréal,11201 Henri-Bourassa Boulevard East,H1C 1H2,Quebec,45.65763,-73.52883,16.67,kilotonnes of carbon dioxide equivalents (kt CO2 eq),2023,Other Support Activities for Transportation,https://www23.statcan.gc.ca/imdb/p3VD.pl?Function=getVD&TVD=1369825&CVD=1370970&CPV=488990&CST=27012022&CLV=5&MLV=5,https://climate-change.canada.ca/facility-emissions/GHGRP-G11987-2023.html,"http://indicators-map.canada.ca/App/Detail?id=0111987&GoCTemplateCulture=en-CA
"
11989,ArcelorMittal Contrecoeur Est,ArcelorMittal Produits Longs Canada s.e.n.c,Contrecoeur,3900 Route des Aciéries,J0L 1C0,Quebec,45.82055,-73.26362,952.95,kilotonnes of carbon dioxide equivalents (kt CO2 eq),2023,Iron and Steel Mills and Ferro-Alloy Manufacturing,https://www23.statcan.gc.ca/imdb/p3VD.pl?Function=getVD&TVD=1369825&CVD=1370970&CPV=331110&CST=27012022&CLV=5&MLV=5,https://climate-change.canada.ca/facility-emissions/GHGRP-G11989-2023.html,"http://indicators-map.canada.ca/App/Detail?id=0111989&GoCTemplateCulture=en-CA
"
11990,Varennes Plant,Greenfield Global Quebec Inc.,Varennes,3300 Marie-Victorin Boulevard,J3X 1P7,Quebec,45.7078,-73.4242,36.85,kilotonnes of carbon dioxide equivalents (kt CO2 eq),2023,Other Basic Organic Chemical Manufacturing,https://www23.statcan.gc.ca/imdb/p3VD.pl?Function=getVD&TVD=1369825&CVD=1370970&CPV=325190&CST=27012022&CLV=5&MLV=5,https://climate-change.canada.ca/facility-emissions/GHGRP-G11990-2023.html,"http://indicators-map.canada.ca/App/Detail?id=0111990&GoCTemplateCulture=en-CA
"
11992,BITUMAR,Bitumar Inc.,Montréal,3000 Broadway,H1B 5B4,Quebec,45.6333,-73.5168,9.09,kilotonnes of carbon dioxide equivalents (kt CO2 eq),2023,All Other Miscellaneous Manufacturing,https://www23.statcan.gc.ca/imdb/p3VD.pl?Function=getVD&TVD=1369825&CVD=1370970&CPV=339990&CST=27012022&CLV=5&MLV=5,https://climate-change.canada.ca/facility-emissions/GHGRP-G11992-2023.html,"http://indicators-map.canada.ca/App/Detail?id=0111992&GoCTemplateCulture=en-CA
"
11995,Patterson Creek Gas Plant 11-21,PGI Processing ULC,Greenview N16,*Near Forestry Trunk,N/A,Alberta,54.72934,-118.3932,92,kilotonnes of carbon dioxide equivalents (kt CO2 eq),2023,Oil and gas extraction (except oil sands),https://www23.statcan.gc.ca/imdb/p3VD.pl?Function=getVD&TVD=1369825&CVD=1370970&CPV=211110&CST=27012022&CLV=5&MLV=5,https://climate-change.canada.ca/facility-emissions/GHGRP-G11995-2023.html,"http://indicators-map.canada.ca/App/Detail?id=0111995&GoCTemplateCulture=en-CA
"
11996,SemCAMS Gold Creek 11-02,PGI Processing ULC,Greenview No. 16,*Near* Forestry Trunk,N/A,Alberta,54.85974,-118.34666,47.05,kilotonnes of carbon dioxide equivalents (kt CO2 eq),2023,Oil and gas extraction (except oil sands),https://www23.statcan.gc.ca/imdb/p3VD.pl?Function=getVD&TVD=1369825&CVD=1370970&CPV=211110&CST=27012022&CLV=5&MLV=5,https://climate-change.canada.ca/facility-emissions/GHGRP-G11996-2023.html,"http://indicators-map.canada.ca/App/Detail?id=0111996&GoCTemplateCulture=en-CA
"
11997,Elmworth 2-23 Bty,PGI Processing ULC,Greenview No. 16,Near Forestry Trunk Road,N/A,Alberta,54.89606,-118.34038,18.29,kilotonnes of carbon dioxide equivalents (kt CO2 eq),2023,Oil and gas extraction (except oil sands),https://www23.statcan.gc.ca/imdb/p3VD.pl?Function=getVD&TVD=1369825&CVD=1370970&CPV=211110&CST=27012022&CLV=5&MLV=5,https://climate-change.canada.ca/facility-emissions/GHGRP-G11997-2023.html,"http://indicators-map.canada.ca/App/Detail?id=0111997&GoCTemplateCulture=en-CA
"
11998,Usine de Valleyfield,Macco Organiques Inc.,Salaberry de Valleyfield,112 100 McArthur,J6S 4M5,Quebec,45.2624,-74.1039,10.35,kilotonnes of carbon dioxide equivalents (kt CO2 eq),2023,All Other Basic Inorganic Chemical Manufacturing,https://www23.statcan.gc.ca/imdb/p3VD.pl?Function=getVD&TVD=1369825&CVD=1370970&CPV=325189&CST=27012022&CLV=5&MLV=5,https://climate-change.canada.ca/facility-emissions/GHGRP-G11998-2023.html,"http://indicators-map.canada.ca/App/Detail?id=0111998&GoCTemplateCulture=en-CA
"
11999,Calgary Composting Facility,City of Calgary,Calgary,11920 68 Street Southeast,T2Z 5E7,Alberta,50.94282,-113.9323,19.75,kilotonnes of carbon dioxide equivalents (kt CO2 eq),2023,Material Recovery Facilities,https://www23.statcan.gc.ca/imdb/p3VD.pl?Function=getVD&TVD=1369825&CVD=1370970&CPV=562920&CST=27012022&CLV=5&MLV=5,https://climate-change.canada.ca/facility-emissions/GHGRP-G11999-2023.html,"http://indicators-map.canada.ca/App/Detail?id=0111999&GoCTemplateCulture=en-CA
"
12000,Kakwa 14-18-064-05W6,ARC RESOURCES LTD.,Kakwa,,N/A,Alberta,54.5428,-118.743,43.5,kilotonnes of carbon dioxide equivalents (kt CO2 eq),2023,Oil and gas extraction (except oil sands),https://www23.statcan.gc.ca/imdb/p3VD.pl?Function=getVD&TVD=1369825&CVD=1370970&CPV=211110&CST=27012022&CLV=5&MLV=5,https://climate-change.canada.ca/facility-emissions/GHGRP-G12000-2023.html,"http://indicators-map.canada.ca/App/Detail?id=0112000&GoCTemplateCulture=en-CA
"
12001,Kakwa 05-01-064-06W6,ARC RESOURCES LTD.,Kakwa,,N/A,Alberta,54.5054,-118.7796,78.49,kilotonnes of carbon dioxide equivalents (kt CO2 eq),2023,Oil and gas extraction (except oil sands),https://www23.statcan.gc.ca/imdb/p3VD.pl?Function=getVD&TVD=1369825&CVD=1370970&CPV=211110&CST=27012022&CLV=5&MLV=5,https://climate-change.canada.ca/facility-emissions/GHGRP-G12001-2023.html,"http://indicators-map.canada.ca/App/Detail?id=0112001&GoCTemplateCulture=en-CA
"
12009,NATT Tools Group Inc.,NATT Tools Group Inc.,Hamilton,460 Sherman Avenue North,L8L 8J6,Ontario,43.2663,-79.829,9.25,kilotonnes of carbon dioxide equivalents (kt CO2 eq),2023,Cold-Rolled Steel Shape Manufacturing,https://www23.statcan.gc.ca/imdb/p3VD.pl?Function=getVD&TVD=1369825&CVD=1370970&CPV=331221&CST=27012022&CLV=5&MLV=5,https://climate-change.canada.ca/facility-emissions/GHGRP-G12009-2023.html,"http://indicators-map.canada.ca/App/Detail?id=0112009&GoCTemplateCulture=en-CA
"
12010,Touquoy Mine,St Barbara Limited,Middle Musquodoboit,"409 Billybell Way, Mooseland Road",B0N 1X0,Nova Scotia,44.97361,-62.91917,3.97,kilotonnes of carbon dioxide equivalents (kt CO2 eq),2023,Gold and Silver Ore Mining,https://www23.statcan.gc.ca/imdb/p3VD.pl?Function=getVD&TVD=1369825&CVD=1370970&CPV=212220&CST=27012022&CLV=5&MLV=5,https://climate-change.canada.ca/facility-emissions/GHGRP-G12010-2023.html,"http://indicators-map.canada.ca/App/Detail?id=0112010&GoCTemplateCulture=en-CA
"
12014,Countess Deep Comp Stn 16-14-020-16W4,Torxen Energy Ltd.,,,N/A,Alberta,50.70128,-112.10807,10.31,kilotonnes of carbon dioxide equivalents (kt CO2 eq),2023,Oil and gas extraction (except oil sands),https://www23.statcan.gc.ca/imdb/p3VD.pl?Function=getVD&TVD=1369825&CVD=1370970&CPV=211110&CST=27012022&CLV=5&MLV=5,https://climate-change.canada.ca/facility-emissions/GHGRP-G12014-2023.html,"http://indicators-map.canada.ca/App/Detail?id=0112014&GoCTemplateCulture=en-CA
"
12015,Ante Creek Oil Battery 10-07,ARC RESOURCES LTD.,,,N/A,Alberta,54.7853,-117.658,15.13,kilotonnes of carbon dioxide equivalents (kt CO2 eq),2023,Oil and gas extraction (except oil sands),https://www23.statcan.gc.ca/imdb/p3VD.pl?Function=getVD&TVD=1369825&CVD=1370970&CPV=211110&CST=27012022&CLV=5&MLV=5,https://climate-change.canada.ca/facility-emissions/GHGRP-G12015-2023.html,"http://indicators-map.canada.ca/App/Detail?id=0112015&GoCTemplateCulture=en-CA
"
12016,Pembalta IV Sour Gas Plant 09-16,Ricochet Oil Corp.,Calgary,Suite 700 520 5 Avenue Southwest,T2P 3R7,Alberta,53.2287,-115.1044,12.29,kilotonnes of carbon dioxide equivalents (kt CO2 eq),2023,Oil and gas extraction (except oil sands),https://www23.statcan.gc.ca/imdb/p3VD.pl?Function=getVD&TVD=1369825&CVD=1370970&CPV=211110&CST=27012022&CLV=5&MLV=5,https://climate-change.canada.ca/facility-emissions/GHGRP-G12016-2023.html,"http://indicators-map.canada.ca/App/Detail?id=0112016&GoCTemplateCulture=en-CA
"
12018,Cessford Sweet Gas Plant 02-08-024-12W4,Canadian Natural Resources Limited,,,N/A,Alberta,51.02502,-111.64167,27.46,kilotonnes of carbon dioxide equivalents (kt CO2 eq),2023,Oil and gas extraction (except oil sands),https://www23.statcan.gc.ca/imdb/p3VD.pl?Function=getVD&TVD=1369825&CVD=1370970&CPV=211110&CST=27012022&CLV=5&MLV=5,https://climate-change.canada.ca/facility-emissions/GHGRP-G12018-2023.html,"http://indicators-map.canada.ca/App/Detail?id=0112018&GoCTemplateCulture=en-CA
"
12022,Rosa Flora Growers Limited,Rosa Flora Growers Limited,Dunnville,717 Diltz Road,N1A 2W2,Ontario,42.95316,-79.58429,20.64,kilotonnes of carbon dioxide equivalents (kt CO2 eq),2023,Floriculture Production,https://www23.statcan.gc.ca/imdb/p3VD.pl?Function=getVD&TVD=1369825&CVD=1370970&CPV=111422&CST=27012022&CLV=5&MLV=5,https://climate-change.canada.ca/facility-emissions/GHGRP-G12022-2023.html,"http://indicators-map.canada.ca/App/Detail?id=0112022&GoCTemplateCulture=en-CA
"
12023,Carson Creek 15MW,Enfinite Generation Corporation,Carson Creek,,N/A,Alberta,54.28493,-115.69845,44.47,kilotonnes of carbon dioxide equivalents (kt CO2 eq),2023,Fossil-Fuel Electric Power Generation,https://www23.statcan.gc.ca/imdb/p3VD.pl?Function=getVD&TVD=1369825&CVD=1370970&CPV=221112&CST=27012022&CLV=5&MLV=5,https://climate-change.canada.ca/facility-emissions/GHGRP-G12023-2023.html,"http://indicators-map.canada.ca/App/Detail?id=0112023&GoCTemplateCulture=en-CA
"
12024,Judy Creek 15MW,Enfinite Generation Corporation,Judy Creek,,N/A,Alberta,54.51412,-115.50411,30.32,kilotonnes of carbon dioxide equivalents (kt CO2 eq),2023,Fossil-Fuel Electric Power Generation,https://www23.statcan.gc.ca/imdb/p3VD.pl?Function=getVD&TVD=1369825&CVD=1370970&CPV=221112&CST=27012022&CLV=5&MLV=5,https://climate-change.canada.ca/facility-emissions/GHGRP-G12024-2023.html,"http://indicators-map.canada.ca/App/Detail?id=0112024&GoCTemplateCulture=en-CA
"
12026,Brintnell South Power Generation Plant 13-01-081-23W4,Canadian Natural Resources Limited,,,N/A,Alberta,55.99704,-113.47398,19.3,kilotonnes of carbon dioxide equivalents (kt CO2 eq),2023,Oil and gas extraction (except oil sands),https://www23.statcan.gc.ca/imdb/p3VD.pl?Function=getVD&TVD=1369825&CVD=1370970&CPV=211110&CST=27012022&CLV=5&MLV=5,https://climate-change.canada.ca/facility-emissions/GHGRP-G12026-2023.html,"http://indicators-map.canada.ca/App/Detail?id=0112026&GoCTemplateCulture=en-CA
"
12030,Aitken A-011-A/094-G-01 Compressor,Tourmaline Oil Corp,,,N/A,British Columbia,57.01042,-122.00312,10.21,kilotonnes of carbon dioxide equivalents (kt CO2 eq),2023,Oil and gas extraction (except oil sands),https://www23.statcan.gc.ca/imdb/p3VD.pl?Function=getVD&TVD=1369825&CVD=1370970&CPV=211110&CST=27012022&CLV=5&MLV=5,https://climate-change.canada.ca/facility-emissions/GHGRP-G12030-2023.html,"http://indicators-map.canada.ca/App/Detail?id=0112030&GoCTemplateCulture=en-CA
"
12031,Consumer Foods - Winnipeg,Maple Leaf Foods Inc.,Winnipeg,870 Lagimodiere Boulevard,R2J 0T9,Manitoba,49.8799,-97.0724,13.54,kilotonnes of carbon dioxide equivalents (kt CO2 eq),2023,Rendering and Meat Processing from Carcasses,https://www23.statcan.gc.ca/imdb/p3VD.pl?Function=getVD&TVD=1369825&CVD=1370970&CPV=311614&CST=27012022&CLV=5&MLV=5,https://climate-change.canada.ca/facility-emissions/GHGRP-G12031-2023.html,"http://indicators-map.canada.ca/App/Detail?id=0112031&GoCTemplateCulture=en-CA
"
12034,Heavysound 1509,Outlier Resources Ltd.,Greenview No. 16,,N/A,Alberta,54.26778,-116.33694,30.44,kilotonnes of carbon dioxide equivalents (kt CO2 eq),2023,Oil and gas extraction (except oil sands),https://www23.statcan.gc.ca/imdb/p3VD.pl?Function=getVD&TVD=1369825&CVD=1370970&CPV=211110&CST=27012022&CLV=5&MLV=5,https://climate-change.canada.ca/facility-emissions/GHGRP-G12034-2023.html,"http://indicators-map.canada.ca/App/Detail?id=0112034&GoCTemplateCulture=en-CA
"
12036,Kakwa 01-13-063-05W6,ARC RESOURCES LTD.,Kakwa,43 Highway,N/A,Alberta,54.4453,-118.6076,14.63,kilotonnes of carbon dioxide equivalents (kt CO2 eq),2023,Oil and gas extraction (except oil sands),https://www23.statcan.gc.ca/imdb/p3VD.pl?Function=getVD&TVD=1369825&CVD=1370970&CPV=211110&CST=27012022&CLV=5&MLV=5,https://climate-change.canada.ca/facility-emissions/GHGRP-G12036-2023.html,"http://indicators-map.canada.ca/App/Detail?id=0112036&GoCTemplateCulture=en-CA
"
12037,Usine Mirabel,Société en Commandite Airbus Canada,Mirabel,13100 Henri-Fabre Boulevard,J7N 3C6,Quebec,45.6873,-74.0199,10.22,kilotonnes of carbon dioxide equivalents (kt CO2 eq),2023,Aerospace Product and Parts Manufacturing,https://www23.statcan.gc.ca/imdb/p3VD.pl?Function=getVD&TVD=1369825&CVD=1370970&CPV=336410&CST=27012022&CLV=5&MLV=5,https://climate-change.canada.ca/facility-emissions/GHGRP-G12037-2023.html,"http://indicators-map.canada.ca/App/Detail?id=0112037&GoCTemplateCulture=en-CA
"
12039,Centre d'épuration Rive-Sud (CERS),Ville de Longueuil,Longueuil,2999 De l'île Charron Street North,J4G 1R6,Quebec,45.5837,-73.4862,4.66,kilotonnes of carbon dioxide equivalents (kt CO2 eq),2023,Sewage Treatment Facilities,https://www23.statcan.gc.ca/imdb/p3VD.pl?Function=getVD&TVD=1369825&CVD=1370970&CPV=221320&CST=27012022&CLV=5&MLV=5,https://climate-change.canada.ca/facility-emissions/GHGRP-G12039-2023.html,"http://indicators-map.canada.ca/App/Detail?id=0112039&GoCTemplateCulture=en-CA
"
12042,City of Prince Albert Landfill,City of Prince Albert Landfill,Prince Albert,1084 Central Avenue Avenue,S6V 7P3,Saskatchewan,53.2315,-105.7886,30.14,kilotonnes of carbon dioxide equivalents (kt CO2 eq),2023,Waste Treatment and Disposal,https://www23.statcan.gc.ca/imdb/p3VD.pl?Function=getVD&TVD=1369825&CVD=1370970&CPV=562210&CST=27012022&CLV=5&MLV=5,https://climate-change.canada.ca/facility-emissions/GHGRP-G12042-2023.html,"http://indicators-map.canada.ca/App/Detail?id=0112042&GoCTemplateCulture=en-CA
"
12045,McLeod River Sweet Gas Plant 16-36-055-15W5,Westbrick Energy Ltd (1),,,N/A,Alberta,53.79945,-116.08432,10.43,kilotonnes of carbon dioxide equivalents (kt CO2 eq),2023,Oil and gas extraction (except oil sands),https://www23.statcan.gc.ca/imdb/p3VD.pl?Function=getVD&TVD=1369825&CVD=1370970&CPV=211110&CST=27012022&CLV=5&MLV=5,https://climate-change.canada.ca/facility-emissions/GHGRP-G12045-2023.html,"http://indicators-map.canada.ca/App/Detail?id=0112045&GoCTemplateCulture=en-CA
"
12046,Northern Landfill Inc.,Loraas Disposal North Ltd.,Saskatoon,805 47th Street East,S7K 8G7,Saskatchewan,52.2639,-106.6522,55.97,kilotonnes of carbon dioxide equivalents (kt CO2 eq),2023,Waste Treatment and Disposal,https://www23.statcan.gc.ca/imdb/p3VD.pl?Function=getVD&TVD=1369825&CVD=1370970&CPV=562210&CST=27012022&CLV=5&MLV=5,https://climate-change.canada.ca/facility-emissions/GHGRP-G12046-2023.html,"http://indicators-map.canada.ca/App/Detail?id=0112046&GoCTemplateCulture=en-CA
"
12048,Vista Mine,Coalspur Mines (Operations) Ltd.,Hinton,110 MacLeod Avenue,T7V 1X5,Alberta,53.40716,-117.3782,307.53,kilotonnes of carbon dioxide equivalents (kt CO2 eq),2023,Subbituminous Coal Mining,https://www23.statcan.gc.ca/imdb/p3VD.pl?Function=getVD&TVD=1369825&CVD=1370970&CPV=212115&CST=27012022&CLV=5&MLV=5,https://climate-change.canada.ca/facility-emissions/GHGRP-G12048-2023.html,"http://indicators-map.canada.ca/App/Detail?id=0112048&GoCTemplateCulture=en-CA
"
12053,District Energy Centre,Calgary District Heating Inc.,Calgary,435 9th Avenue Southeast,T2G 2J6,Alberta,51.04408,-114.05375,24.24,kilotonnes of carbon dioxide equivalents (kt CO2 eq),2023,Steam and Air-Conditioning Supply,https://www23.statcan.gc.ca/imdb/p3VD.pl?Function=getVD&TVD=1369825&CVD=1370970&CPV=221330&CST=27012022&CLV=5&MLV=5,https://climate-change.canada.ca/facility-emissions/GHGRP-G12053-2023.html,"http://indicators-map.canada.ca/App/Detail?id=0112053&GoCTemplateCulture=en-CA
"
12055,Morrin Ghost Pine Sweet Gas Plant,Pine Cliff Energy Ltd.,,,N/A,Alberta,51.6372,-112.866,14,kilotonnes of carbon dioxide equivalents (kt CO2 eq),2023,Oil and gas extraction (except oil sands),https://www23.statcan.gc.ca/imdb/p3VD.pl?Function=getVD&TVD=1369825&CVD=1370970&CPV=211110&CST=27012022&CLV=5&MLV=5,https://climate-change.canada.ca/facility-emissions/GHGRP-G12055-2023.html,"http://indicators-map.canada.ca/App/Detail?id=0112055&GoCTemplateCulture=en-CA
"
12056,Huxley Sweet Gas Plant,Pine Cliff Energy Ltd.,,,N/A,Alberta,51.9151,-113.3737,11.45,kilotonnes of carbon dioxide equivalents (kt CO2 eq),2023,Oil and gas extraction (except oil sands),https://www23.statcan.gc.ca/imdb/p3VD.pl?Function=getVD&TVD=1369825&CVD=1370970&CPV=211110&CST=27012022&CLV=5&MLV=5,https://climate-change.canada.ca/facility-emissions/GHGRP-G12056-2023.html,"http://indicators-map.canada.ca/App/Detail?id=0112056&GoCTemplateCulture=en-CA
"
12057,Foothills Regional Landfill & Resource Recovery Centre,Foothills Regional Services Commission,Okotoks,434137 Highway 783 Highway,T1S 1B6,Alberta,50.64958,-113.97835,54.81,kilotonnes of carbon dioxide equivalents (kt CO2 eq),2023,Waste Treatment and Disposal,https://www23.statcan.gc.ca/imdb/p3VD.pl?Function=getVD&TVD=1369825&CVD=1370970&CPV=562210&CST=27012022&CLV=5&MLV=5,https://climate-change.canada.ca/facility-emissions/GHGRP-G12057-2023.html,"http://indicators-map.canada.ca/App/Detail?id=0112057&GoCTemplateCulture=en-CA
"
12066,Harmon Valley Sour Gas Plant 03-18-084-17W5,Baytex Energy Ltd,Harmon Valley,,N/A,Alberta,56.27719,-116.66553,68.63,kilotonnes of carbon dioxide equivalents (kt CO2 eq),2023,Oil and gas extraction (except oil sands),https://www23.statcan.gc.ca/imdb/p3VD.pl?Function=getVD&TVD=1369825&CVD=1370970&CPV=211110&CST=27012022&CLV=5&MLV=5,https://climate-change.canada.ca/facility-emissions/GHGRP-G12066-2023.html,"http://indicators-map.canada.ca/App/Detail?id=0112066&GoCTemplateCulture=en-CA
"
12084,PAPIERS WHITE BIRCHmc - DIVISION PAPIER MASSON LTÉE,Papier Masson Ltée.,Gatineau,2 Chemin Montréal ouest Road,J8M 2E1,Quebec,45.5417,-75.425,13.96,kilotonnes of carbon dioxide equivalents (kt CO2 eq),2023,Newsprint Mills,https://www23.statcan.gc.ca/imdb/p3VD.pl?Function=getVD&TVD=1369825&CVD=1370970&CPV=322122&CST=27012022&CLV=5&MLV=5,https://climate-change.canada.ca/facility-emissions/GHGRP-G12084-2023.html,"http://indicators-map.canada.ca/App/Detail?id=0112084&GoCTemplateCulture=en-CA
"
12085,City of Cornwall Landfill Site,Corporation of the City of Cornwall,Cornwall,2590 Cornwall Centre Road,K6K 1M2,Ontario,45.0343,-74.8071,48.52,kilotonnes of carbon dioxide equivalents (kt CO2 eq),2023,Waste Treatment and Disposal,https://www23.statcan.gc.ca/imdb/p3VD.pl?Function=getVD&TVD=1369825&CVD=1370970&CPV=562210&CST=27012022&CLV=5&MLV=5,https://climate-change.canada.ca/facility-emissions/GHGRP-G12085-2023.html,"http://indicators-map.canada.ca/App/Detail?id=0112085&GoCTemplateCulture=en-CA
"
12086,Calgary Wallboard Plant,"CertainTeed Canada, Inc.",Calgary,6750 Ogden Dale Road,T2C 2A4,Alberta,50.9938,-113.99,29.4,kilotonnes of carbon dioxide equivalents (kt CO2 eq),2023,Gypsum Product Manufacturing,https://www23.statcan.gc.ca/imdb/p3VD.pl?Function=getVD&TVD=1369825&CVD=1370970&CPV=327420&CST=27012022&CLV=5&MLV=5,https://climate-change.canada.ca/facility-emissions/GHGRP-G12086-2023.html,"http://indicators-map.canada.ca/App/Detail?id=0112086&GoCTemplateCulture=en-CA
"
12087,Route Gas Plant 07-09-062-08W6M,Tourmaline Oil Corp,Kakwa,,N/A,Alberta,54.34668,-119.13431,40.37,kilotonnes of carbon dioxide equivalents (kt CO2 eq),2023,Oil and gas extraction (except oil sands),https://www23.statcan.gc.ca/imdb/p3VD.pl?Function=getVD&TVD=1369825&CVD=1370970&CPV=211110&CST=27012022&CLV=5&MLV=5,https://climate-change.canada.ca/facility-emissions/GHGRP-G12087-2023.html,"http://indicators-map.canada.ca/App/Detail?id=0112087&GoCTemplateCulture=en-CA
"
12089,House Mountain GP 1-8-70-10W5,Cardinal Energy Ltd.,Swan Hills,,T0G 2C0,Alberta,55.04142,-115.47912,10.19,kilotonnes of carbon dioxide equivalents (kt CO2 eq),2023,Oil and gas extraction (except oil sands),https://www23.statcan.gc.ca/imdb/p3VD.pl?Function=getVD&TVD=1369825&CVD=1370970&CPV=211110&CST=27012022&CLV=5&MLV=5,https://climate-change.canada.ca/facility-emissions/GHGRP-G12089-2023.html,"http://indicators-map.canada.ca/App/Detail?id=0112089&GoCTemplateCulture=en-CA
"
12090,Gilby Sweet Gas Plant 01-04,Journey Energy Inc.,Gilby,,N/A,Alberta,52.58315,-114.36475,10.21,kilotonnes of carbon dioxide equivalents (kt CO2 eq),2023,Oil and gas extraction (except oil sands),https://www23.statcan.gc.ca/imdb/p3VD.pl?Function=getVD&TVD=1369825&CVD=1370970&CPV=211110&CST=27012022&CLV=5&MLV=5,https://climate-change.canada.ca/facility-emissions/GHGRP-G12090-2023.html,"http://indicators-map.canada.ca/App/Detail?id=0112090&GoCTemplateCulture=en-CA
"
12091,Garrington 03-03-35-04 W5,Whitecap Resources Inc.,Garrington,,N/A,Alberta,51.9716,-114.4925,31.26,kilotonnes of carbon dioxide equivalents (kt CO2 eq),2023,Oil and gas extraction (except oil sands),https://www23.statcan.gc.ca/imdb/p3VD.pl?Function=getVD&TVD=1369825&CVD=1370970&CPV=211110&CST=27012022&CLV=5&MLV=5,https://climate-change.canada.ca/facility-emissions/GHGRP-G12091-2023.html,"http://indicators-map.canada.ca/App/Detail?id=0112091&GoCTemplateCulture=en-CA
"
12092,LOCHEND 03-20-027-03W5,HWN Energy Ltd.,Rocky View,,X0X 0X0,Alberta,51.31643,-114.39142,16.55,kilotonnes of carbon dioxide equivalents (kt CO2 eq),2023,Oil and gas extraction (except oil sands),https://www23.statcan.gc.ca/imdb/p3VD.pl?Function=getVD&TVD=1369825&CVD=1370970&CPV=211110&CST=27012022&CLV=5&MLV=5,https://climate-change.canada.ca/facility-emissions/GHGRP-G12092-2023.html,"http://indicators-map.canada.ca/App/Detail?id=0112092&GoCTemplateCulture=en-CA
"
12094,WESTWARD HO 6&07-08-033-04W5,Whitecap Resources Inc.,Westward Ho,,N/A,Alberta,51.81492,-114.53026,16.59,kilotonnes of carbon dioxide equivalents (kt CO2 eq),2023,Oil and gas extraction (except oil sands),https://www23.statcan.gc.ca/imdb/p3VD.pl?Function=getVD&TVD=1369825&CVD=1370970&CPV=211110&CST=27012022&CLV=5&MLV=5,https://climate-change.canada.ca/facility-emissions/GHGRP-G12094-2023.html,"http://indicators-map.canada.ca/App/Detail?id=0112094&GoCTemplateCulture=en-CA
"
12096,Olds 16-33-30-1W5,Whitecap Resources Inc.,Calgary,,T2P 0B4,Alberta,51.6183,-114.075,20.2,kilotonnes of carbon dioxide equivalents (kt CO2 eq),2023,Oil and gas extraction (except oil sands),https://www23.statcan.gc.ca/imdb/p3VD.pl?Function=getVD&TVD=1369825&CVD=1370970&CPV=211110&CST=27012022&CLV=5&MLV=5,https://climate-change.canada.ca/facility-emissions/GHGRP-G12096-2023.html,"http://indicators-map.canada.ca/App/Detail?id=0112096&GoCTemplateCulture=en-CA
"
12097,Université de Montréal - Campus de la Montagne,Université de Montréal,Montréal,2900 Edouard Montpetit Boulevard,H3T 1J4,Quebec,45.50884,-73.58781,15.37,kilotonnes of carbon dioxide equivalents (kt CO2 eq),2023,Universities,https://www23.statcan.gc.ca/imdb/p3VD.pl?Function=getVD&TVD=1369825&CVD=1370970&CPV=611310&CST=27012022&CLV=5&MLV=5,https://climate-change.canada.ca/facility-emissions/GHGRP-G12097-2023.html,"http://indicators-map.canada.ca/App/Detail?id=0112097&GoCTemplateCulture=en-CA
"
12112,Silvertip Mine,Coeur Silvertip Holdings Ltd.,Vancouver,740 1111 Melville Street,V6E 3V6,British Columbia,53.72667,-127.64762,14.21,kilotonnes of carbon dioxide equivalents (kt CO2 eq),2023,Lead-Zinc Ore Mining,https://www23.statcan.gc.ca/imdb/p3VD.pl?Function=getVD&TVD=1369825&CVD=1370970&CPV=212231&CST=27012022&CLV=5&MLV=5,https://climate-change.canada.ca/facility-emissions/GHGRP-G12112-2023.html,"http://indicators-map.canada.ca/App/Detail?id=0112112&GoCTemplateCulture=en-CA
"
12113,Burnside Combustion Turbines,Nova Scotia Power Incorporated,Dartmouth,2 Vidito Drive,B3P 1P9,Nova Scotia,44.7118,-63.6074,10.9,kilotonnes of carbon dioxide equivalents (kt CO2 eq),2023,Fossil-Fuel Electric Power Generation,https://www23.statcan.gc.ca/imdb/p3VD.pl?Function=getVD&TVD=1369825&CVD=1370970&CPV=221112&CST=27012022&CLV=5&MLV=5,https://climate-change.canada.ca/facility-emissions/GHGRP-G12113-2023.html,"http://indicators-map.canada.ca/App/Detail?id=0112113&GoCTemplateCulture=en-CA
"
12114,Nairn Centre Sawmill,Eacom Timber Corporation,Nairn Centre,100 Old Nairn Road,P0M 2L0,Ontario,46.3387,-81.6059,9.34,kilotonnes of carbon dioxide equivalents (kt CO2 eq),2023,Sawmills (except Shingle and Shake Mills),https://www23.statcan.gc.ca/imdb/p3VD.pl?Function=getVD&TVD=1369825&CVD=1370970&CPV=321111&CST=27012022&CLV=5&MLV=5,https://climate-change.canada.ca/facility-emissions/GHGRP-G12114-2023.html,"http://indicators-map.canada.ca/App/Detail?id=0112114&GoCTemplateCulture=en-CA
"
12116,McBride Lake Wind Farm,TransAlta Renewables Inc.,Fort Macleod,810 AB Highway,N/A,Alberta,49.612,-113.481,0.02,kilotonnes of carbon dioxide equivalents (kt CO2 eq),2023,Other Electric Power Generation,https://www23.statcan.gc.ca/imdb/p3VD.pl?Function=getVD&TVD=1369825&CVD=1370970&CPV=221119&CST=27012022&CLV=5&MLV=5,https://climate-change.canada.ca/facility-emissions/GHGRP-G12116-2023.html,"http://indicators-map.canada.ca/App/Detail?id=0112116&GoCTemplateCulture=en-CA
"
12117,Whitehorse Rapids Diesel Generating Station,Yukon Energy Corp.,Whitehorse,2 Miles Canyon Road,Y1A 6S7,Yukon,60.6774,-135.0379,22.31,kilotonnes of carbon dioxide equivalents (kt CO2 eq),2023,Fossil-Fuel Electric Power Generation,https://www23.statcan.gc.ca/imdb/p3VD.pl?Function=getVD&TVD=1369825&CVD=1370970&CPV=221112&CST=27012022&CLV=5&MLV=5,https://climate-change.canada.ca/facility-emissions/GHGRP-G12117-2023.html,"http://indicators-map.canada.ca/App/Detail?id=0112117&GoCTemplateCulture=en-CA
"
12119,Elmworth Generating Station,Northstone Power Corp,Elmworth,,N/A,Alberta,55.04747,-119.63341,34.95,kilotonnes of carbon dioxide equivalents (kt CO2 eq),2023,Fossil-Fuel Electric Power Generation,https://www23.statcan.gc.ca/imdb/p3VD.pl?Function=getVD&TVD=1369825&CVD=1370970&CPV=221112&CST=27012022&CLV=5&MLV=5,https://climate-change.canada.ca/facility-emissions/GHGRP-G12119-2023.html,"http://indicators-map.canada.ca/App/Detail?id=0112119&GoCTemplateCulture=en-CA
"
12120,Foothills Boulevard Regional Landfill,Regional District of Fraser-Fort George,Prince George,6595 Foothills Boulevard,N/A,British Columbia,53.99054,-122.82637,114.18,kilotonnes of carbon dioxide equivalents (kt CO2 eq),2023,Waste Treatment and Disposal,https://www23.statcan.gc.ca/imdb/p3VD.pl?Function=getVD&TVD=1369825&CVD=1370970&CPV=562210&CST=27012022&CLV=5&MLV=5,https://climate-change.canada.ca/facility-emissions/GHGRP-G12120-2023.html,"http://indicators-map.canada.ca/App/Detail?id=0112120&GoCTemplateCulture=en-CA
"
12135,Whitecourt Division,Canadian Forest Products Ltd,Whitecourt,5004 52 Street,T7S 1N2,Alberta,54.1398,-115.6891,26.1,kilotonnes of carbon dioxide equivalents (kt CO2 eq),2023,Sawmills (except Shingle and Shake Mills),https://www23.statcan.gc.ca/imdb/p3VD.pl?Function=getVD&TVD=1369825&CVD=1370970&CPV=321111&CST=27012022&CLV=5&MLV=5,https://climate-change.canada.ca/facility-emissions/GHGRP-G12135-2023.html,"http://indicators-map.canada.ca/App/Detail?id=0112135&GoCTemplateCulture=en-CA
"
12137,Taber Power Plant,Signalta Resources Ltd.,Taber,,N/A,Alberta,49.81565,-112.0701,15.13,kilotonnes of carbon dioxide equivalents (kt CO2 eq),2023,Fossil-Fuel Electric Power Generation,https://www23.statcan.gc.ca/imdb/p3VD.pl?Function=getVD&TVD=1369825&CVD=1370970&CPV=221112&CST=27012022&CLV=5&MLV=5,https://climate-change.canada.ca/facility-emissions/GHGRP-G12137-2023.html,"http://indicators-map.canada.ca/App/Detail?id=0112137&GoCTemplateCulture=en-CA
"
12138,Coaldale Power Plant,Signalta Resources Ltd.,Lethbridge,,N/A,Alberta,49.79259,-112.55509,11.54,kilotonnes of carbon dioxide equivalents (kt CO2 eq),2023,Fossil-Fuel Electric Power Generation,https://www23.statcan.gc.ca/imdb/p3VD.pl?Function=getVD&TVD=1369825&CVD=1370970&CPV=221112&CST=27012022&CLV=5&MLV=5,https://climate-change.canada.ca/facility-emissions/GHGRP-G12138-2023.html,"http://indicators-map.canada.ca/App/Detail?id=0112138&GoCTemplateCulture=en-CA
"
12139,Burdett Power Plant,Signalta Resources Ltd.,Burdett,,N/A,Alberta,49.8152,-111.53862,13.56,kilotonnes of carbon dioxide equivalents (kt CO2 eq),2023,Fossil-Fuel Electric Power Generation,https://www23.statcan.gc.ca/imdb/p3VD.pl?Function=getVD&TVD=1369825&CVD=1370970&CPV=221112&CST=27012022&CLV=5&MLV=5,https://climate-change.canada.ca/facility-emissions/GHGRP-G12139-2023.html,"http://indicators-map.canada.ca/App/Detail?id=0112139&GoCTemplateCulture=en-CA
"
12141,Borden Generating Station,Maritime Electric,Borden Carleton,250 Carleton Street,C0B 1X0,Prince Edward Island,46.25027,-63.68824,1.52,kilotonnes of carbon dioxide equivalents (kt CO2 eq),2023,Fossil-Fuel Electric Power Generation,https://www23.statcan.gc.ca/imdb/p3VD.pl?Function=getVD&TVD=1369825&CVD=1370970&CPV=221112&CST=27012022&CLV=5&MLV=5,https://climate-change.canada.ca/facility-emissions/GHGRP-G12141-2023.html,"http://indicators-map.canada.ca/App/Detail?id=0112141&GoCTemplateCulture=en-CA
"
12144,Winnipeg Wallboard Plant,"CertainTeed Canada, Inc.",Winnipeg,1200 Empress Avenue,R3E 3B4,Manitoba,49.9038,-97.1949,17.32,kilotonnes of carbon dioxide equivalents (kt CO2 eq),2023,Gypsum Product Manufacturing,https://www23.statcan.gc.ca/imdb/p3VD.pl?Function=getVD&TVD=1369825&CVD=1370970&CPV=327420&CST=27012022&CLV=5&MLV=5,https://climate-change.canada.ca/facility-emissions/GHGRP-G12144-2023.html,"http://indicators-map.canada.ca/App/Detail?id=0112144&GoCTemplateCulture=en-CA
"
12145,Napanee Generating Station,Portlands Energy Centre LP,Bath,RR #1 7143 Loyalist Parkway,K0H 1G0,Ontario,44.14812,-76.8415,1159.98,kilotonnes of carbon dioxide equivalents (kt CO2 eq),2023,Fossil-Fuel Electric Power Generation,https://www23.statcan.gc.ca/imdb/p3VD.pl?Function=getVD&TVD=1369825&CVD=1370970&CPV=221112&CST=27012022&CLV=5&MLV=5,https://climate-change.canada.ca/facility-emissions/GHGRP-G12145-2023.html,"http://indicators-map.canada.ca/App/Detail?id=0112145&GoCTemplateCulture=en-CA
"
12146,Enbridge Gas Inc.,Enbridge Gas Inc.,North York,500 Consumers Road,M2J 1P8,Ontario,43.77221,-79.32341,293.68,kilotonnes of carbon dioxide equivalents (kt CO2 eq),2023,Pipeline Transportation of Natural Gas,https://www23.statcan.gc.ca/imdb/p3VD.pl?Function=getVD&TVD=1369825&CVD=1370970&CPV=486210&CST=27012022&CLV=5&MLV=5,https://climate-change.canada.ca/facility-emissions/GHGRP-G12146-2023.html,"http://indicators-map.canada.ca/App/Detail?id=0112146&GoCTemplateCulture=en-CA
"
12147,Enbridge Gas Inc. - Distribution,Enbridge Gas Inc.,North York,500 Consumers Road,M2J 1P8,Ontario,43.77221,-79.32341,402.86,kilotonnes of carbon dioxide equivalents (kt CO2 eq),2023,Natural Gas Distribution,https://www23.statcan.gc.ca/imdb/p3VD.pl?Function=getVD&TVD=1369825&CVD=1370970&CPV=221210&CST=27012022&CLV=5&MLV=5,https://climate-change.canada.ca/facility-emissions/GHGRP-G12147-2023.html,"http://indicators-map.canada.ca/App/Detail?id=0112147&GoCTemplateCulture=en-CA
"
12148,Jackfish District,Canadian Natural Resources Limited,Conklin,,T0P 1H0,Alberta,55.5259,-110.9975,2668.48,kilotonnes of carbon dioxide equivalents (kt CO2 eq),2023,In-situ oil sands extraction,https://www23.statcan.gc.ca/imdb/p3VD.pl?Function=getVD&TVD=1369825&CVD=1370970&CPV=211141&CST=27012022&CLV=5&MLV=5,https://climate-change.canada.ca/facility-emissions/GHGRP-G12148-2023.html,"http://indicators-map.canada.ca/App/Detail?id=0112148&GoCTemplateCulture=en-CA
"
12149,Kirby North 01-06-075-8 W4M,Canadian Natural Resources Limited,,,N/A,Alberta,55.2326,-111.0702,789.27,kilotonnes of carbon dioxide equivalents (kt CO2 eq),2023,In-situ oil sands extraction,https://www23.statcan.gc.ca/imdb/p3VD.pl?Function=getVD&TVD=1369825&CVD=1370970&CPV=211141&CST=27012022&CLV=5&MLV=5,https://climate-change.canada.ca/facility-emissions/GHGRP-G12149-2023.html,"http://indicators-map.canada.ca/App/Detail?id=0112149&GoCTemplateCulture=en-CA
"
12150,Chinook Power Station,Saskatchewan Power Corporation,Swift Current,,S9H 3X4,Saskatchewan,50.34477,-107.93734,752.72,kilotonnes of carbon dioxide equivalents (kt CO2 eq),2023,Fossil-Fuel Electric Power Generation,https://www23.statcan.gc.ca/imdb/p3VD.pl?Function=getVD&TVD=1369825&CVD=1370970&CPV=221112&CST=27012022&CLV=5&MLV=5,https://climate-change.canada.ca/facility-emissions/GHGRP-G12150-2023.html,"http://indicators-map.canada.ca/App/Detail?id=0112150&GoCTemplateCulture=en-CA
"
12151,Clover Bar Landfills,City of Edmonton - WMC,Edmonton,Site 1000 250 Aurum Road Road East,T6S 1G9,Alberta,53.60157,-113.33544,66.16,kilotonnes of carbon dioxide equivalents (kt CO2 eq),2023,Waste Treatment and Disposal,https://www23.statcan.gc.ca/imdb/p3VD.pl?Function=getVD&TVD=1369825&CVD=1370970&CPV=562210&CST=27012022&CLV=5&MLV=5,https://climate-change.canada.ca/facility-emissions/GHGRP-G12151-2023.html,"http://indicators-map.canada.ca/App/Detail?id=0112151&GoCTemplateCulture=en-CA
"
12152,Wapiti Sour Gas Processing Plant,Keyera Corp,Grand Prairie,,N/A,Alberta,54.80878,-119.05879,135.49,kilotonnes of carbon dioxide equivalents (kt CO2 eq),2023,Oil and gas extraction (except oil sands),https://www23.statcan.gc.ca/imdb/p3VD.pl?Function=getVD&TVD=1369825&CVD=1370970&CPV=211110&CST=27012022&CLV=5&MLV=5,https://climate-change.canada.ca/facility-emissions/GHGRP-G12152-2023.html,"http://indicators-map.canada.ca/App/Detail?id=0112152&GoCTemplateCulture=en-CA
"
12153,ECO360 Landfill,Southeast Regional Service Comission,Berry Mills,100 Enviro Drive,E1G 5X5,New Brunswick,46.0537,-64.539,117.23,kilotonnes of carbon dioxide equivalents (kt CO2 eq),2023,Waste Treatment and Disposal,https://www23.statcan.gc.ca/imdb/p3VD.pl?Function=getVD&TVD=1369825&CVD=1370970&CPV=562210&CST=27012022&CLV=5&MLV=5,https://climate-change.canada.ca/facility-emissions/GHGRP-G12153-2023.html,"http://indicators-map.canada.ca/App/Detail?id=0112153&GoCTemplateCulture=en-CA
"
12154,Gundy Gas Plant (c-060-A/094-B-16) - TOU,Tourmaline Oil Corp,Wonowon,,V0C 2N0,British Columbia,56.79957,-122.1206,293.2,kilotonnes of carbon dioxide equivalents (kt CO2 eq),2023,Oil and gas extraction (except oil sands),https://www23.statcan.gc.ca/imdb/p3VD.pl?Function=getVD&TVD=1369825&CVD=1370970&CPV=211110&CST=27012022&CLV=5&MLV=5,https://climate-change.canada.ca/facility-emissions/GHGRP-G12154-2023.html,"http://indicators-map.canada.ca/App/Detail?id=0112154&GoCTemplateCulture=en-CA
"
12155,Dee Valley Thermal,Cenovus Energy Inc.,Maidstone,,N/A,Saskatchewan,53.1732,-109.2721,286.08,kilotonnes of carbon dioxide equivalents (kt CO2 eq),2023,Oil and gas extraction (except oil sands),https://www23.statcan.gc.ca/imdb/p3VD.pl?Function=getVD&TVD=1369825&CVD=1370970&CPV=211110&CST=27012022&CLV=5&MLV=5,https://climate-change.canada.ca/facility-emissions/GHGRP-G12155-2023.html,"http://indicators-map.canada.ca/App/Detail?id=0112155&GoCTemplateCulture=en-CA
"
12156,Wapiti Gas Plant 07-35,PGI Processing ULC,Grande Prairie,Bald Mountain Tower Road,N/A,Alberta,54.8415,-118.95089,109.6,kilotonnes of carbon dioxide equivalents (kt CO2 eq),2023,Oil and gas extraction (except oil sands),https://www23.statcan.gc.ca/imdb/p3VD.pl?Function=getVD&TVD=1369825&CVD=1370970&CPV=211110&CST=27012022&CLV=5&MLV=5,https://climate-change.canada.ca/facility-emissions/GHGRP-G12156-2023.html,"http://indicators-map.canada.ca/App/Detail?id=0112156&GoCTemplateCulture=en-CA
"
12160,Kakwa 10-23-067-05W6,ARC RESOURCES LTD.,Grande Prairie,304 10920 84 Avenue,T8V 6H2,Alberta,54.81059,-118.63677,52.19,kilotonnes of carbon dioxide equivalents (kt CO2 eq),2023,Oil and gas extraction (except oil sands),https://www23.statcan.gc.ca/imdb/p3VD.pl?Function=getVD&TVD=1369825&CVD=1370970&CPV=211110&CST=27012022&CLV=5&MLV=5,https://climate-change.canada.ca/facility-emissions/GHGRP-G12160-2023.html,"http://indicators-map.canada.ca/App/Detail?id=0112160&GoCTemplateCulture=en-CA
"
12161,Hydro One Networks,Hydro One Networks Inc.,Toronto,483 Bay Street,M5G 2P5,Ontario,43.65339,-79.38232,21.4,kilotonnes of carbon dioxide equivalents (kt CO2 eq),2023,Electric Bulk Power Transmission and Control,https://www23.statcan.gc.ca/imdb/p3VD.pl?Function=getVD&TVD=1369825&CVD=1370970&CPV=221121&CST=27012022&CLV=5&MLV=5,https://climate-change.canada.ca/facility-emissions/GHGRP-G12161-2023.html,"http://indicators-map.canada.ca/App/Detail?id=0112161&GoCTemplateCulture=en-CA
"
12162,Pipestone 12-35-070-09W6 Gas Plant,Tidewater Midstream and Infrastructure Ltd.,Dimsdale,,N/A,Alberta,55.1053,-119.27167,144.62,kilotonnes of carbon dioxide equivalents (kt CO2 eq),2023,Oil and gas extraction (except oil sands),https://www23.statcan.gc.ca/imdb/p3VD.pl?Function=getVD&TVD=1369825&CVD=1370970&CPV=211110&CST=27012022&CLV=5&MLV=5,https://climate-change.canada.ca/facility-emissions/GHGRP-G12162-2023.html,"http://indicators-map.canada.ca/App/Detail?id=0112162&GoCTemplateCulture=en-CA
"
12163,GFL Environmental Inc. West Hants,GFL Environmental Inc.,Centre Burlington,1569  Walton Woods Road Road,B0N 2A0,Nova Scotia,45.12093,-64.0526,92.08,kilotonnes of carbon dioxide equivalents (kt CO2 eq),2023,Waste Treatment and Disposal,https://www23.statcan.gc.ca/imdb/p3VD.pl?Function=getVD&TVD=1369825&CVD=1370970&CPV=562210&CST=27012022&CLV=5&MLV=5,https://climate-change.canada.ca/facility-emissions/GHGRP-G12163-2023.html,"http://indicators-map.canada.ca/App/Detail?id=0112163&GoCTemplateCulture=en-CA
"
12164,Inga Compressor Station 02-10-088-23W6,ConocoPhillips Canada (BRC) Partnership,,,N/A,British Columbia,56.61242,-121.56085,38.88,kilotonnes of carbon dioxide equivalents (kt CO2 eq),2023,Oil and gas extraction (except oil sands),https://www23.statcan.gc.ca/imdb/p3VD.pl?Function=getVD&TVD=1369825&CVD=1370970&CPV=211110&CST=27012022&CLV=5&MLV=5,https://climate-change.canada.ca/facility-emissions/GHGRP-G12164-2023.html,"http://indicators-map.canada.ca/App/Detail?id=0112164&GoCTemplateCulture=en-CA
"
12165,Transmission Mainline - AB,Westcoast Energy Inc.,Calgary,425 1st Street Southwest,T2P 3L8,Alberta,55.82473,-119.75256,33.88,kilotonnes of carbon dioxide equivalents (kt CO2 eq),2023,Pipeline Transportation of Natural Gas,https://www23.statcan.gc.ca/imdb/p3VD.pl?Function=getVD&TVD=1369825&CVD=1370970&CPV=486210&CST=27012022&CLV=5&MLV=5,https://climate-change.canada.ca/facility-emissions/GHGRP-G12165-2023.html,"http://indicators-map.canada.ca/App/Detail?id=0112165&GoCTemplateCulture=en-CA
"
12166,Battrum Oil MWB 07-21,Veren Inc.,Battrum,,N/A,Saskatchewan,50.53392,-108.28183,21.76,kilotonnes of carbon dioxide equivalents (kt CO2 eq),2023,Oil and gas extraction (except oil sands),https://www23.statcan.gc.ca/imdb/p3VD.pl?Function=getVD&TVD=1369825&CVD=1370970&CPV=211110&CST=27012022&CLV=5&MLV=5,https://climate-change.canada.ca/facility-emissions/GHGRP-G12166-2023.html,"http://indicators-map.canada.ca/App/Detail?id=0112166&GoCTemplateCulture=en-CA
"
12167,Economy Creek 11-05,PGI Processing ULC,Greenview No. 16,11-5-69-2W6  Off the Forestry Truck Road,N/A,Alberta,54.94679,-118.26981,44.94,kilotonnes of carbon dioxide equivalents (kt CO2 eq),2023,Oil and gas extraction (except oil sands),https://www23.statcan.gc.ca/imdb/p3VD.pl?Function=getVD&TVD=1369825&CVD=1370970&CPV=211110&CST=27012022&CLV=5&MLV=5,https://climate-change.canada.ca/facility-emissions/GHGRP-G12167-2023.html,"http://indicators-map.canada.ca/App/Detail?id=0112167&GoCTemplateCulture=en-CA
"
12168,Highway 48 Landfill,Waste Management of Canada Corporation,Stouffville,1406 Highway 48,L0K 1A0,Ontario,44.37286,-79.10714,33.56,kilotonnes of carbon dioxide equivalents (kt CO2 eq),2023,Waste Treatment and Disposal,https://www23.statcan.gc.ca/imdb/p3VD.pl?Function=getVD&TVD=1369825&CVD=1370970&CPV=562210&CST=27012022&CLV=5&MLV=5,https://climate-change.canada.ca/facility-emissions/GHGRP-G12168-2023.html,"http://indicators-map.canada.ca/App/Detail?id=0112168&GoCTemplateCulture=en-CA
"
12169,Swan Hills OB 03-19-65-10W5,Razor Energy Corp.,High Prairie,7  Road Northeast,T0G 1E0,Alberta,54.6341,-115.50397,30.67,kilotonnes of carbon dioxide equivalents (kt CO2 eq),2023,Oil and gas extraction (except oil sands),https://www23.statcan.gc.ca/imdb/p3VD.pl?Function=getVD&TVD=1369825&CVD=1370970&CPV=211110&CST=27012022&CLV=5&MLV=5,https://climate-change.canada.ca/facility-emissions/GHGRP-G12169-2023.html,"http://indicators-map.canada.ca/App/Detail?id=0112169&GoCTemplateCulture=en-CA
"
12170,Labatt Brewing Company Ltd,Labatt Brewing Company Ltd,London,150 Simcoe Street,N6A 4M3,Ontario,42.9764,-81.2477,25.37,kilotonnes of carbon dioxide equivalents (kt CO2 eq),2023,Breweries,https://www23.statcan.gc.ca/imdb/p3VD.pl?Function=getVD&TVD=1369825&CVD=1370970&CPV=312120&CST=27012022&CLV=5&MLV=5,https://climate-change.canada.ca/facility-emissions/GHGRP-G12170-2023.html,"http://indicators-map.canada.ca/App/Detail?id=0112170&GoCTemplateCulture=en-CA
"
12172,Nig Creek Comp Stn C-039-D/094-H-03,Canadian Natural Resources Limited,John,1 1,N/A,British Columbia,57.11686,-121.72802,33.31,kilotonnes of carbon dioxide equivalents (kt CO2 eq),2023,Oil and gas extraction (except oil sands),https://www23.statcan.gc.ca/imdb/p3VD.pl?Function=getVD&TVD=1369825&CVD=1370970&CPV=211110&CST=27012022&CLV=5&MLV=5,https://climate-change.canada.ca/facility-emissions/GHGRP-G12172-2023.html,"http://indicators-map.canada.ca/App/Detail?id=0112172&GoCTemplateCulture=en-CA
"
12173,SRL NIG CREEK C-039-D,Canadian Natural Resources Limited,John,1 1,N/A,British Columbia,57.03125,-121.48438,26.54,kilotonnes of carbon dioxide equivalents (kt CO2 eq),2023,Oil and gas extraction (except oil sands),https://www23.statcan.gc.ca/imdb/p3VD.pl?Function=getVD&TVD=1369825&CVD=1370970&CPV=211110&CST=27012022&CLV=5&MLV=5,https://climate-change.canada.ca/facility-emissions/GHGRP-G12173-2023.html,"http://indicators-map.canada.ca/App/Detail?id=0112173&GoCTemplateCulture=en-CA
"
12174,"Kraft Nordic, s.e.c. - Usine de pâtes kraft de Lebel-sur-Quév","Kraft Nordic, s.e.c.",Lebel Sur Quévillon,30 du Moulin Road,J0Y 1X0,Quebec,49.02516,-76.9549,94.37,kilotonnes of carbon dioxide equivalents (kt CO2 eq),2023,Chemical Pulp Mills,https://www23.statcan.gc.ca/imdb/p3VD.pl?Function=getVD&TVD=1369825&CVD=1370970&CPV=322112&CST=27012022&CLV=5&MLV=5,https://climate-change.canada.ca/facility-emissions/GHGRP-G12174-2023.html,"http://indicators-map.canada.ca/App/Detail?id=0112174&GoCTemplateCulture=en-CA
"
12175,Glenrose Energy Centre,Alberta  Health Services,Edmonton,10230 111 Avenue Northwest,T5G 0B7,Alberta,53.55934,-113.49596,27.38,kilotonnes of carbon dioxide equivalents (kt CO2 eq),2023,General (except Paediatric) Hospitals,https://www23.statcan.gc.ca/imdb/p3VD.pl?Function=getVD&TVD=1369825&CVD=1370970&CPV=622111&CST=27012022&CLV=5&MLV=5,https://climate-change.canada.ca/facility-emissions/GHGRP-G12175-2023.html,"http://indicators-map.canada.ca/App/Detail?id=0112175&GoCTemplateCulture=en-CA
"
12176,Plant #2,Bartek Ingredients Inc.,Stoney Creek,690 South Service Road,L8E 3J4,Ontario,43.2267,-79.69416,26.65,kilotonnes of carbon dioxide equivalents (kt CO2 eq),2023,All Other Miscellaneous Chemical Product Manufacturing,https://www23.statcan.gc.ca/imdb/p3VD.pl?Function=getVD&TVD=1369825&CVD=1370970&CPV=325999&CST=27012022&CLV=5&MLV=5,https://climate-change.canada.ca/facility-emissions/GHGRP-G12176-2023.html,"http://indicators-map.canada.ca/App/Detail?id=0112176&GoCTemplateCulture=en-CA
"
12179,Kakwa 16-16-064-04W6,ARC RESOURCES LTD.,Grande Prairie,304 10920 84 Avenue,T8V 6H2,Alberta,54.5153,-118.5837,37.41,kilotonnes of carbon dioxide equivalents (kt CO2 eq),2023,Oil and gas extraction (except oil sands),https://www23.statcan.gc.ca/imdb/p3VD.pl?Function=getVD&TVD=1369825&CVD=1370970&CPV=211110&CST=27012022&CLV=5&MLV=5,https://climate-change.canada.ca/facility-emissions/GHGRP-G12179-2023.html,"http://indicators-map.canada.ca/App/Detail?id=0112179&GoCTemplateCulture=en-CA
"
12180,01-20-060-17 W5M,HWN Energy Ltd.,Whitecourt,,N/A,Alberta,54.19775,-116.50466,15.31,kilotonnes of carbon dioxide equivalents (kt CO2 eq),2023,Oil and gas extraction (except oil sands),https://www23.statcan.gc.ca/imdb/p3VD.pl?Function=getVD&TVD=1369825&CVD=1370970&CPV=211110&CST=27012022&CLV=5&MLV=5,https://climate-change.canada.ca/facility-emissions/GHGRP-G12180-2023.html,"http://indicators-map.canada.ca/App/Detail?id=0112180&GoCTemplateCulture=en-CA
"
12181,Rmp Kaybob 10-22 Compressor,HWN Energy Ltd.,Whitecourt,,N/A,Alberta,54.20495,-116.76082,24.78,kilotonnes of carbon dioxide equivalents (kt CO2 eq),2023,Oil and gas extraction (except oil sands),https://www23.statcan.gc.ca/imdb/p3VD.pl?Function=getVD&TVD=1369825&CVD=1370970&CPV=211110&CST=27012022&CLV=5&MLV=5,https://climate-change.canada.ca/facility-emissions/GHGRP-G12181-2023.html,"http://indicators-map.canada.ca/App/Detail?id=0112181&GoCTemplateCulture=en-CA
"
12182,Toronto Facility,Terrapure BR Ltd.,Mississauga,"1333 Tonolli Road,",L4Y 4C2,Ontario,43.6022,-79.5811,21.04,kilotonnes of carbon dioxide equivalents (kt CO2 eq),2023,"Non-Ferrous Metal (except Copper and Aluminum) Rolling, Drawing, Extruding and A",https://www23.statcan.gc.ca/imdb/p3VD.pl?Function=getVD&TVD=1369825&CVD=1370970&CPV=331490&CST=27012022&CLV=5&MLV=5,https://climate-change.canada.ca/facility-emissions/GHGRP-G12182-2023.html,"http://indicators-map.canada.ca/App/Detail?id=0112182&GoCTemplateCulture=en-CA
"
12183,"P5 Farms, a division of Pure Flavor Farms LP",Pure Flavor Farms LP,Staples,731 County Road 14,N0P 2J0,Ontario,42.13948,-82.59002,13.58,kilotonnes of carbon dioxide equivalents (kt CO2 eq),2023,Other Food Crops Grown Under Cover,https://www23.statcan.gc.ca/imdb/p3VD.pl?Function=getVD&TVD=1369825&CVD=1370970&CPV=111419&CST=27012022&CLV=5&MLV=5,https://climate-change.canada.ca/facility-emissions/GHGRP-G12183-2023.html,"http://indicators-map.canada.ca/App/Detail?id=0112183&GoCTemplateCulture=en-CA
"
12184,Site Windfall,Groupe Minier Windfall,Lebel Sur Quévillon,km 115 6000 Route,J0Y 1X0,Quebec,49.07366,-75.6518,17.5,kilotonnes of carbon dioxide equivalents (kt CO2 eq),2023,Other Support Activities for Mining,https://www23.statcan.gc.ca/imdb/p3VD.pl?Function=getVD&TVD=1369825&CVD=1370970&CPV=213119&CST=27012022&CLV=5&MLV=5,https://climate-change.canada.ca/facility-emissions/GHGRP-G12184-2023.html,"http://indicators-map.canada.ca/App/Detail?id=0112184&GoCTemplateCulture=en-CA
"
12185,Sappi Matane,Entreprises Sappi Canada Inc.,Matane,400 du Port,G4W 3P6,Quebec,48.4954,-67.3323,17.99,kilotonnes of carbon dioxide equivalents (kt CO2 eq),2023,Mechanical Pulp Mills,https://www23.statcan.gc.ca/imdb/p3VD.pl?Function=getVD&TVD=1369825&CVD=1370970&CPV=322111&CST=27012022&CLV=5&MLV=5,https://climate-change.canada.ca/facility-emissions/GHGRP-G12185-2023.html,"http://indicators-map.canada.ca/App/Detail?id=0112185&GoCTemplateCulture=en-CA
"
12186,Nig Creek Sour Gas Plant (c-046-C/94-H-04) - TOU,Tourmaline Oil Corp,,,N/A,British Columbia,57.03949,-121.82333,170.35,kilotonnes of carbon dioxide equivalents (kt CO2 eq),2023,Oil and gas extraction (except oil sands),https://www23.statcan.gc.ca/imdb/p3VD.pl?Function=getVD&TVD=1369825&CVD=1370970&CPV=211110&CST=27012022&CLV=5&MLV=5,https://climate-change.canada.ca/facility-emissions/GHGRP-G12186-2023.html,"http://indicators-map.canada.ca/App/Detail?id=0112186&GoCTemplateCulture=en-CA
"
12187,PRIMEWEST LONE PINE CREEK,Taqa North Ltd.,Mount View County,,T0K 1N0,Alberta,51.6142,-113.8463,10.48,kilotonnes of carbon dioxide equivalents (kt CO2 eq),2023,Oil and gas extraction (except oil sands),https://www23.statcan.gc.ca/imdb/p3VD.pl?Function=getVD&TVD=1369825&CVD=1370970&CPV=211110&CST=27012022&CLV=5&MLV=5,https://climate-change.canada.ca/facility-emissions/GHGRP-G12187-2023.html,"http://indicators-map.canada.ca/App/Detail?id=0112187&GoCTemplateCulture=en-CA
"
12190,Parkland Power Plant 06-11,Campus Energy Partners Operations Inc.,Parkland,271039  Township Road 152,T0L 1V0,Alberta,50.24261,-113.61295,22.62,kilotonnes of carbon dioxide equivalents (kt CO2 eq),2023,Electric Bulk Power Transmission and Control,https://www23.statcan.gc.ca/imdb/p3VD.pl?Function=getVD&TVD=1369825&CVD=1370970&CPV=221121&CST=27012022&CLV=5&MLV=5,https://climate-change.canada.ca/facility-emissions/GHGRP-G12190-2023.html,"http://indicators-map.canada.ca/App/Detail?id=0112190&GoCTemplateCulture=en-CA
"
12191,Gold Creek Compressor Station 12-02-068-06W6,Keyera Corp,Grand Prairie,,A1A 1A1,Alberta,54.85967,-118.811,57.77,kilotonnes of carbon dioxide equivalents (kt CO2 eq),2023,Oil and gas extraction (except oil sands),https://www23.statcan.gc.ca/imdb/p3VD.pl?Function=getVD&TVD=1369825&CVD=1370970&CPV=211110&CST=27012022&CLV=5&MLV=5,https://climate-change.canada.ca/facility-emissions/GHGRP-G12191-2023.html,"http://indicators-map.canada.ca/App/Detail?id=0112191&GoCTemplateCulture=en-CA
"
12193,Blackrod SAGD Pilot 02-36-076-18W4,IPC Canada Ltd.,Wandering River,,N/A,Alberta,55.62258,-112.65492,27.34,kilotonnes of carbon dioxide equivalents (kt CO2 eq),2023,Oil and gas extraction (except oil sands),https://www23.statcan.gc.ca/imdb/p3VD.pl?Function=getVD&TVD=1369825&CVD=1370970&CPV=211110&CST=27012022&CLV=5&MLV=5,https://climate-change.canada.ca/facility-emissions/GHGRP-G12193-2023.html,"http://indicators-map.canada.ca/App/Detail?id=0112193&GoCTemplateCulture=en-CA
"
12197,Toronto Site,Bombardier Inc.,Toronto,123 Garratt Boulevard,M3K 1Y5,Ontario,43.7353,-79.4728,13.29,kilotonnes of carbon dioxide equivalents (kt CO2 eq),2023,Aerospace Product and Parts Manufacturing,https://www23.statcan.gc.ca/imdb/p3VD.pl?Function=getVD&TVD=1369825&CVD=1370970&CPV=336410&CST=27012022&CLV=5&MLV=5,https://climate-change.canada.ca/facility-emissions/GHGRP-G12197-2023.html,"http://indicators-map.canada.ca/App/Detail?id=0112197&GoCTemplateCulture=en-CA
"
12198,Prince Rupert Generating Station (RPG),British Columbia Hydro and Power Authority,Prince Rupert,1 1 Highway,V8J 1L7,British Columbia,54.256,-130.2275,3.54,kilotonnes of carbon dioxide equivalents (kt CO2 eq),2023,Fossil-Fuel Electric Power Generation,https://www23.statcan.gc.ca/imdb/p3VD.pl?Function=getVD&TVD=1369825&CVD=1370970&CPV=221112&CST=27012022&CLV=5&MLV=5,https://climate-change.canada.ca/facility-emissions/GHGRP-G12198-2023.html,"http://indicators-map.canada.ca/App/Detail?id=0112198&GoCTemplateCulture=en-CA
"
12200,Chosen Fresh Farms Ltd.,Chosen Fresh Farms Ltd.,Leamington,616 Mersea Road 7 Road,N8H 3V8,Ontario,42.12631,-82.59431,11.46,kilotonnes of carbon dioxide equivalents (kt CO2 eq),2023,Other Food Crops Grown Under Cover,https://www23.statcan.gc.ca/imdb/p3VD.pl?Function=getVD&TVD=1369825&CVD=1370970&CPV=111419&CST=27012022&CLV=5&MLV=5,https://climate-change.canada.ca/facility-emissions/GHGRP-G12200-2023.html,"http://indicators-map.canada.ca/App/Detail?id=0112200&GoCTemplateCulture=en-CA
"
12201,Bonterra 05-35 Sweet Gas Plant,Bonterra Energy Corp.,Drayton Valley,39 HWY Highway,N/A,Alberta,53.1833,-114.486,15.83,kilotonnes of carbon dioxide equivalents (kt CO2 eq),2023,Oil and gas extraction (except oil sands),https://www23.statcan.gc.ca/imdb/p3VD.pl?Function=getVD&TVD=1369825&CVD=1370970&CPV=211110&CST=27012022&CLV=5&MLV=5,https://climate-change.canada.ca/facility-emissions/GHGRP-G12201-2023.html,"http://indicators-map.canada.ca/App/Detail?id=0112201&GoCTemplateCulture=en-CA
"
12202,RSI Environnement - Centre de décontamination et de recyclage,8439117 Canada Inc. / RSI Environmental,Saint Ambroise,80 Des mélèzes Street North,G7P 2N4,Quebec,48.54153,-71.2916,17.1,kilotonnes of carbon dioxide equivalents (kt CO2 eq),2023,Remediation Services,https://www23.statcan.gc.ca/imdb/p3VD.pl?Function=getVD&TVD=1369825&CVD=1370970&CPV=562910&CST=27012022&CLV=5&MLV=5,https://climate-change.canada.ca/facility-emissions/GHGRP-G12202-2023.html,"http://indicators-map.canada.ca/App/Detail?id=0112202&GoCTemplateCulture=en-CA
"
12206,Leland Comp Stn 14-34-058-26-W5,Tourmaline Oil Corp,Hinton,,N/A,Alberta,54.0629,-117.7826,29.37,kilotonnes of carbon dioxide equivalents (kt CO2 eq),2023,Oil and gas extraction (except oil sands),https://www23.statcan.gc.ca/imdb/p3VD.pl?Function=getVD&TVD=1369825&CVD=1370970&CPV=211110&CST=27012022&CLV=5&MLV=5,https://climate-change.canada.ca/facility-emissions/GHGRP-G12206-2023.html,"http://indicators-map.canada.ca/App/Detail?id=0112206&GoCTemplateCulture=en-CA
"
12207,Pipestone Processing Facility and Liquids Hub 04-07-073-08W6,Ovintiv Canada ULC,,,N/A,Alberta,55.30328,-119.22614,168.52,kilotonnes of carbon dioxide equivalents (kt CO2 eq),2023,Oil and gas extraction (except oil sands),https://www23.statcan.gc.ca/imdb/p3VD.pl?Function=getVD&TVD=1369825&CVD=1370970&CPV=211110&CST=27012022&CLV=5&MLV=5,https://climate-change.canada.ca/facility-emissions/GHGRP-G12207-2023.html,"http://indicators-map.canada.ca/App/Detail?id=0112207&GoCTemplateCulture=en-CA
"
12208,Aphria Inc.,Aphria Inc.,Leamington,265 Talbot Street West,N8H 4H3,Ontario,42.04758,-82.62307,12.47,kilotonnes of carbon dioxide equivalents (kt CO2 eq),2023,Other Food Crops Grown Under Cover,https://www23.statcan.gc.ca/imdb/p3VD.pl?Function=getVD&TVD=1369825&CVD=1370970&CPV=111419&CST=27012022&CLV=5&MLV=5,https://climate-change.canada.ca/facility-emissions/GHGRP-G12208-2023.html,"http://indicators-map.canada.ca/App/Detail?id=0112208&GoCTemplateCulture=en-CA
"
12211,Mancal Karr 1-7-66-3W6 Oil Battery,Mancal Energy Inc.,Karr,,T3A 4A4,Alberta,54.69257,-118.43036,10.13,kilotonnes of carbon dioxide equivalents (kt CO2 eq),2023,Oil and gas extraction (except oil sands),https://www23.statcan.gc.ca/imdb/p3VD.pl?Function=getVD&TVD=1369825&CVD=1370970&CPV=211110&CST=27012022&CLV=5&MLV=5,https://climate-change.canada.ca/facility-emissions/GHGRP-G12211-2023.html,"http://indicators-map.canada.ca/App/Detail?id=0112211&GoCTemplateCulture=en-CA
"
12215,Willesden Green 08-10,Westbrick Energy Ltd (1),Clearwater County,,N/A,Alberta,52.7766,-115.2126,16.78,kilotonnes of carbon dioxide equivalents (kt CO2 eq),2023,Oil and gas extraction (except oil sands),https://www23.statcan.gc.ca/imdb/p3VD.pl?Function=getVD&TVD=1369825&CVD=1370970&CPV=211110&CST=27012022&CLV=5&MLV=5,https://climate-change.canada.ca/facility-emissions/GHGRP-G12215-2023.html,"http://indicators-map.canada.ca/App/Detail?id=0112215&GoCTemplateCulture=en-CA
"
12217,Pinnacle Acres,1287755 Ontario Inc,Leamington,333 County Road 18 Road,N8H 3V5,Ontario,42.07436,-82.62133,26.44,kilotonnes of carbon dioxide equivalents (kt CO2 eq),2023,Other Food Crops Grown Under Cover,https://www23.statcan.gc.ca/imdb/p3VD.pl?Function=getVD&TVD=1369825&CVD=1370970&CPV=111419&CST=27012022&CLV=5&MLV=5,https://climate-change.canada.ca/facility-emissions/GHGRP-G12217-2023.html,"http://indicators-map.canada.ca/App/Detail?id=0112217&GoCTemplateCulture=en-CA
"
12218,Crew Edson 16-10-052-15 W5,Tourmaline Oil Corp,Na,N/A,N/A,Alberta,53.48083,-116.1177,13.81,kilotonnes of carbon dioxide equivalents (kt CO2 eq),2023,Oil and gas extraction (except oil sands),https://www23.statcan.gc.ca/imdb/p3VD.pl?Function=getVD&TVD=1369825&CVD=1370970&CPV=211110&CST=27012022&CLV=5&MLV=5,https://climate-change.canada.ca/facility-emissions/GHGRP-G12218-2023.html,"http://indicators-map.canada.ca/App/Detail?id=0112218&GoCTemplateCulture=en-CA
"
12219,H&A Graham #3,H & A Mastronardi Farms Ltd,Kingsville,2340 Graham Side Road,N9Y 2E5,Ontario,42.08239,-82.74042,13.86,kilotonnes of carbon dioxide equivalents (kt CO2 eq),2023,Other Food Crops Grown Under Cover,https://www23.statcan.gc.ca/imdb/p3VD.pl?Function=getVD&TVD=1369825&CVD=1370970&CPV=111419&CST=27012022&CLV=5&MLV=5,https://climate-change.canada.ca/facility-emissions/GHGRP-G12219-2023.html,"http://indicators-map.canada.ca/App/Detail?id=0112219&GoCTemplateCulture=en-CA
"
12220,Bonterra 10-15 Sweet Gas Plant,Bonterra Energy Corp.,Drayton Valley,,N/A,Alberta,53.0561,-114.9374,14.31,kilotonnes of carbon dioxide equivalents (kt CO2 eq),2023,Oil and gas extraction (except oil sands),https://www23.statcan.gc.ca/imdb/p3VD.pl?Function=getVD&TVD=1369825&CVD=1370970&CPV=211110&CST=27012022&CLV=5&MLV=5,https://climate-change.canada.ca/facility-emissions/GHGRP-G12220-2023.html,"http://indicators-map.canada.ca/App/Detail?id=0112220&GoCTemplateCulture=en-CA
"
12221,SC East Landfill,City of Swift Current,Swift Currect,,N/A,Saskatchewan,50.30842,-107.75457,18.31,kilotonnes of carbon dioxide equivalents (kt CO2 eq),2023,Waste Treatment and Disposal,https://www23.statcan.gc.ca/imdb/p3VD.pl?Function=getVD&TVD=1369825&CVD=1370970&CPV=562210&CST=27012022&CLV=5&MLV=5,https://climate-change.canada.ca/facility-emissions/GHGRP-G12221-2023.html,"http://indicators-map.canada.ca/App/Detail?id=0112221&GoCTemplateCulture=en-CA
"
12222,Success 11-17-016-16W3 GGS,Whitecap Resources Inc.,Swift Current,,N/A,Saskatchewan,50.3484,-108.17304,11.22,kilotonnes of carbon dioxide equivalents (kt CO2 eq),2023,Oil and gas extraction (except oil sands),https://www23.statcan.gc.ca/imdb/p3VD.pl?Function=getVD&TVD=1369825&CVD=1370970&CPV=211110&CST=27012022&CLV=5&MLV=5,https://climate-change.canada.ca/facility-emissions/GHGRP-G12222-2023.html,"http://indicators-map.canada.ca/App/Detail?id=0112222&GoCTemplateCulture=en-CA
"
12223,ANSELL CORSER GAS PLANT 06-20-049-18W5,Cenovus Energy Inc.,Edson,,N/A,Alberta,53.24139,-116.60069,63.65,kilotonnes of carbon dioxide equivalents (kt CO2 eq),2023,Oil and gas extraction (except oil sands),https://www23.statcan.gc.ca/imdb/p3VD.pl?Function=getVD&TVD=1369825&CVD=1370970&CPV=211110&CST=27012022&CLV=5&MLV=5,https://climate-change.canada.ca/facility-emissions/GHGRP-G12223-2023.html,"http://indicators-map.canada.ca/App/Detail?id=0112223&GoCTemplateCulture=en-CA
"
12224,Flat Lake 14-09-002-11W2 MWB,Tundra Oil & Gas Limited,,,N/A,Saskatchewan,49.11387,-103.42302,16.87,kilotonnes of carbon dioxide equivalents (kt CO2 eq),2023,Oil and gas extraction (except oil sands),https://www23.statcan.gc.ca/imdb/p3VD.pl?Function=getVD&TVD=1369825&CVD=1370970&CPV=211110&CST=27012022&CLV=5&MLV=5,https://climate-change.canada.ca/facility-emissions/GHGRP-G12224-2023.html,"http://indicators-map.canada.ca/App/Detail?id=0112224&GoCTemplateCulture=en-CA
"
12225,Septimus Comp Stn 14-16,Canadian Natural Resources Limited,Calgary,2500 855 2 Street Southwest,N/A,Alberta,56.02707,-120.75698,12.27,kilotonnes of carbon dioxide equivalents (kt CO2 eq),2023,Oil and gas extraction (except oil sands),https://www23.statcan.gc.ca/imdb/p3VD.pl?Function=getVD&TVD=1369825&CVD=1370970&CPV=211110&CST=27012022&CLV=5&MLV=5,https://climate-change.canada.ca/facility-emissions/GHGRP-G12225-2023.html,"http://indicators-map.canada.ca/App/Detail?id=0112225&GoCTemplateCulture=en-CA
"
12229,Daly Unit No. 3 Battery,Corex Resources Ltd.,Virden,,R0M 2C0,Manitoba,49.81484,-101.17633,12.51,kilotonnes of carbon dioxide equivalents (kt CO2 eq),2023,Oil and gas extraction (except oil sands),https://www23.statcan.gc.ca/imdb/p3VD.pl?Function=getVD&TVD=1369825&CVD=1370970&CPV=211110&CST=27012022&CLV=5&MLV=5,https://climate-change.canada.ca/facility-emissions/GHGRP-G12229-2023.html,"http://indicators-map.canada.ca/App/Detail?id=0112229&GoCTemplateCulture=en-CA
"
12232,TEINE Plato 13-18-26-18W3,Teine Energy Ltd.,Snipe Lake,,N/A,Saskatchewan,51.22548,-108.51265,10.87,kilotonnes of carbon dioxide equivalents (kt CO2 eq),2023,Oil and gas extraction (except oil sands),https://www23.statcan.gc.ca/imdb/p3VD.pl?Function=getVD&TVD=1369825&CVD=1370970&CPV=211110&CST=27012022&CLV=5&MLV=5,https://climate-change.canada.ca/facility-emissions/GHGRP-G12232-2023.html,"http://indicators-map.canada.ca/App/Detail?id=0112232&GoCTemplateCulture=en-CA
"
12237,Harmattan Eagle Hill Battery,AltaGas Ltd.,,,N/A,Alberta,51.87525,-114.48315,28.43,kilotonnes of carbon dioxide equivalents (kt CO2 eq),2023,Oil and gas extraction (except oil sands),https://www23.statcan.gc.ca/imdb/p3VD.pl?Function=getVD&TVD=1369825&CVD=1370970&CPV=211110&CST=27012022&CLV=5&MLV=5,https://climate-change.canada.ca/facility-emissions/GHGRP-G12237-2023.html,"http://indicators-map.canada.ca/App/Detail?id=0112237&GoCTemplateCulture=en-CA
"
12238,Bilbo Comp Stn 04-32-065-07W6,Canadian Natural Resources Limited,,,N/A,Alberta,54.66347,-119.02905,13.11,kilotonnes of carbon dioxide equivalents (kt CO2 eq),2023,Oil and gas extraction (except oil sands),https://www23.statcan.gc.ca/imdb/p3VD.pl?Function=getVD&TVD=1369825&CVD=1370970&CPV=211110&CST=27012022&CLV=5&MLV=5,https://climate-change.canada.ca/facility-emissions/GHGRP-G12238-2023.html,"http://indicators-map.canada.ca/App/Detail?id=0112238&GoCTemplateCulture=en-CA
"
12239,MOCL KAYBOB NORTH 16-25-065-20W5,Murphy Oil Company Ltd,Fox Creek,,N/A,Alberta,54.65981,-116.87779,10.13,kilotonnes of carbon dioxide equivalents (kt CO2 eq),2023,Oil and gas extraction (except oil sands),https://www23.statcan.gc.ca/imdb/p3VD.pl?Function=getVD&TVD=1369825&CVD=1370970&CPV=211110&CST=27012022&CLV=5&MLV=5,https://climate-change.canada.ca/facility-emissions/GHGRP-G12239-2023.html,"http://indicators-map.canada.ca/App/Detail?id=0112239&GoCTemplateCulture=en-CA
"
12242,Hacienda North Farms Plant 1,Hacienda North Farms Inc.,Wheatley,2961 Talbot Trail,N0P 2P0,Ontario,42.14896,-82.33063,17.71,kilotonnes of carbon dioxide equivalents (kt CO2 eq),2023,Other Food Crops Grown Under Cover,https://www23.statcan.gc.ca/imdb/p3VD.pl?Function=getVD&TVD=1369825&CVD=1370970&CPV=111419&CST=27012022&CLV=5&MLV=5,https://climate-change.canada.ca/facility-emissions/GHGRP-G12242-2023.html,"http://indicators-map.canada.ca/App/Detail?id=0112242&GoCTemplateCulture=en-CA
"
12244,Meota East 02-16-46-16W3M,Strathcona Resources Ltd.,Meota,,N/A,Saskatchewan,52.96033,-108.26257,262.81,kilotonnes of carbon dioxide equivalents (kt CO2 eq),2023,Oil and gas extraction (except oil sands),https://www23.statcan.gc.ca/imdb/p3VD.pl?Function=getVD&TVD=1369825&CVD=1370970&CPV=211110&CST=27012022&CLV=5&MLV=5,https://climate-change.canada.ca/facility-emissions/GHGRP-G12244-2023.html,"http://indicators-map.canada.ca/App/Detail?id=0112244&GoCTemplateCulture=en-CA
"
12245,CS 09-02-048-06W5 (ABCS0136852),Bonterra Energy Corp.,Calgary,901 1015 4 Street Southwest,T2R 1J4,Alberta,53.11427,-114.76054,12.72,kilotonnes of carbon dioxide equivalents (kt CO2 eq),2023,Oil and gas extraction (except oil sands),https://www23.statcan.gc.ca/imdb/p3VD.pl?Function=getVD&TVD=1369825&CVD=1370970&CPV=211110&CST=27012022&CLV=5&MLV=5,https://climate-change.canada.ca/facility-emissions/GHGRP-G12245-2023.html,"http://indicators-map.canada.ca/App/Detail?id=0112245&GoCTemplateCulture=en-CA
"
12251,ARCHER MANNVILLE-MINBURN,Perpetual Energy Inc.,Na,,N/A,Alberta,53.3378,-111.2439,10.6,kilotonnes of carbon dioxide equivalents (kt CO2 eq),2023,Oil and gas extraction (except oil sands),https://www23.statcan.gc.ca/imdb/p3VD.pl?Function=getVD&TVD=1369825&CVD=1370970&CPV=211110&CST=27012022&CLV=5&MLV=5,https://climate-change.canada.ca/facility-emissions/GHGRP-G12251-2023.html,"http://indicators-map.canada.ca/App/Detail?id=0112251&GoCTemplateCulture=en-CA
"
12253,PPY Daiber d-044-C/094-B-16,Canadian Natural Resources Limited,Daiber,,N/A,British Columbia,56.78958,-122.29062,12.92,kilotonnes of carbon dioxide equivalents (kt CO2 eq),2023,Oil and gas extraction (except oil sands),https://www23.statcan.gc.ca/imdb/p3VD.pl?Function=getVD&TVD=1369825&CVD=1370970&CPV=211110&CST=27012022&CLV=5&MLV=5,https://climate-change.canada.ca/facility-emissions/GHGRP-G12253-2023.html,"http://indicators-map.canada.ca/App/Detail?id=0112253&GoCTemplateCulture=en-CA
"
12255,Ontario Plants Propagation Limited,Ontario Plants Propagation Limited,St. Thomas,38024 John Wise Line,N5P 3T2,Ontario,42.78612,-81.30084,9.96,kilotonnes of carbon dioxide equivalents (kt CO2 eq),2023,Other Food Crops Grown Under Cover,https://www23.statcan.gc.ca/imdb/p3VD.pl?Function=getVD&TVD=1369825&CVD=1370970&CPV=111419&CST=27012022&CLV=5&MLV=5,https://climate-change.canada.ca/facility-emissions/GHGRP-G12255-2023.html,"http://indicators-map.canada.ca/App/Detail?id=0112255&GoCTemplateCulture=en-CA
"
12259,Valhalla Comp Stn 13-16,Advantage Energy Ltd.,Valhalla,,N/A,Alberta,55.50323,-119.49652,22.68,kilotonnes of carbon dioxide equivalents (kt CO2 eq),2023,Oil and gas extraction (except oil sands),https://www23.statcan.gc.ca/imdb/p3VD.pl?Function=getVD&TVD=1369825&CVD=1370970&CPV=211110&CST=27012022&CLV=5&MLV=5,https://climate-change.canada.ca/facility-emissions/GHGRP-G12259-2023.html,"http://indicators-map.canada.ca/App/Detail?id=0112259&GoCTemplateCulture=en-CA
"
12262,Medicine Hat  01-16-013-29 W3,Pine Cliff Energy Ltd.,Medicine Hat,,N/A,Saskatchewan,50.07891,-109.89878,5.68,kilotonnes of carbon dioxide equivalents (kt CO2 eq),2023,Oil and gas extraction (except oil sands),https://www23.statcan.gc.ca/imdb/p3VD.pl?Function=getVD&TVD=1369825&CVD=1370970&CPV=211110&CST=27012022&CLV=5&MLV=5,https://climate-change.canada.ca/facility-emissions/GHGRP-G12262-2023.html,"http://indicators-map.canada.ca/App/Detail?id=0112262&GoCTemplateCulture=en-CA
"
12264,Kakwa 10-16-062-04W6,ARC RESOURCES LTD.,Kakwa,43 Highway,T8V 6J3,Alberta,54.36602,-118.5348,95.91,kilotonnes of carbon dioxide equivalents (kt CO2 eq),2023,Oil and gas extraction (except oil sands),https://www23.statcan.gc.ca/imdb/p3VD.pl?Function=getVD&TVD=1369825&CVD=1370970&CPV=211110&CST=27012022&CLV=5&MLV=5,https://climate-change.canada.ca/facility-emissions/GHGRP-G12264-2023.html,"http://indicators-map.canada.ca/App/Detail?id=0112264&GoCTemplateCulture=en-CA
"
12265,Woodward Avenue Wastewater Treatment Plant,City of Hamilton,Hamilton,700 Woodward Avenue North,L8H 6P4,Ontario,43.25335,-79.77394,33.3,kilotonnes of carbon dioxide equivalents (kt CO2 eq),2023,Sewage Treatment Facilities,https://www23.statcan.gc.ca/imdb/p3VD.pl?Function=getVD&TVD=1369825&CVD=1370970&CPV=221320&CST=27012022&CLV=5&MLV=5,https://climate-change.canada.ca/facility-emissions/GHGRP-G12265-2023.html,"http://indicators-map.canada.ca/App/Detail?id=0112265&GoCTemplateCulture=en-CA
"
12267,Ferrier Gas Battery 10-19-044-10W5,Baytex Energy Ltd,Calgary,520 3rd,T2P 0R3,Alberta,52.80878,-115.43722,11.79,kilotonnes of carbon dioxide equivalents (kt CO2 eq),2023,Oil and gas extraction (except oil sands),https://www23.statcan.gc.ca/imdb/p3VD.pl?Function=getVD&TVD=1369825&CVD=1370970&CPV=211110&CST=27012022&CLV=5&MLV=5,https://climate-change.canada.ca/facility-emissions/GHGRP-G12267-2023.html,"http://indicators-map.canada.ca/App/Detail?id=0112267&GoCTemplateCulture=en-CA
"
12268,RBR KAYB 15-30-063-18W5 MWOB,Saturn Oil & Gas Inc.,County of Greenview No. 16,,N/A,Alberta,54.48535,-116.70946,23.39,kilotonnes of carbon dioxide equivalents (kt CO2 eq),2023,Oil and gas extraction (except oil sands),https://www23.statcan.gc.ca/imdb/p3VD.pl?Function=getVD&TVD=1369825&CVD=1370970&CPV=211110&CST=27012022&CLV=5&MLV=5,https://climate-change.canada.ca/facility-emissions/GHGRP-G12268-2023.html,"http://indicators-map.canada.ca/App/Detail?id=0112268&GoCTemplateCulture=en-CA
"
12270,Attachie Compressor Station 04-20,ARC RESOURCES LTD.,,,N/A,British Columbia,56.29193,-121.75716,13.06,kilotonnes of carbon dioxide equivalents (kt CO2 eq),2023,Oil and gas extraction (except oil sands),https://www23.statcan.gc.ca/imdb/p3VD.pl?Function=getVD&TVD=1369825&CVD=1370970&CPV=211110&CST=27012022&CLV=5&MLV=5,https://climate-change.canada.ca/facility-emissions/GHGRP-G12270-2023.html,"http://indicators-map.canada.ca/App/Detail?id=0112270&GoCTemplateCulture=en-CA
"
12277,Vesta Sylvan Lake 06-20-037-01W5 Gas Plant,Vesta Energy Ltd.,Na,,N/A,Alberta,52.195,-114.11,11.86,kilotonnes of carbon dioxide equivalents (kt CO2 eq),2023,Oil and gas extraction (except oil sands),https://www23.statcan.gc.ca/imdb/p3VD.pl?Function=getVD&TVD=1369825&CVD=1370970&CPV=211110&CST=27012022&CLV=5&MLV=5,https://climate-change.canada.ca/facility-emissions/GHGRP-G12277-2023.html,"http://indicators-map.canada.ca/App/Detail?id=0112277&GoCTemplateCulture=en-CA
"
12282,05-22 Pouce Coupe Compressor Station,NorthRiver Midstream Inc.,Spirit River,,T0H 3G0,Alberta,55.94588,-119.80008,11.86,kilotonnes of carbon dioxide equivalents (kt CO2 eq),2023,Oil and gas extraction (except oil sands),https://www23.statcan.gc.ca/imdb/p3VD.pl?Function=getVD&TVD=1369825&CVD=1370970&CPV=211110&CST=27012022&CLV=5&MLV=5,https://climate-change.canada.ca/facility-emissions/GHGRP-G12282-2023.html,"http://indicators-map.canada.ca/App/Detail?id=0112282&GoCTemplateCulture=en-CA
"
12286,Ojay Comp Stn A-011-L,Canadian Natural Resources Limited,,0,N/A,British Columbia,54.677,-120.378,17.97,kilotonnes of carbon dioxide equivalents (kt CO2 eq),2023,Oil and gas extraction (except oil sands),https://www23.statcan.gc.ca/imdb/p3VD.pl?Function=getVD&TVD=1369825&CVD=1370970&CPV=211110&CST=27012022&CLV=5&MLV=5,https://climate-change.canada.ca/facility-emissions/GHGRP-G12286-2023.html,"http://indicators-map.canada.ca/App/Detail?id=0112286&GoCTemplateCulture=en-CA
"
12290,Cavendish Farms,Cavendish Farms Corporation,Lethbridge,4620 43rd Street N Street North,T1H 6P3,Alberta,49.44397,-112.46583,30.74,kilotonnes of carbon dioxide equivalents (kt CO2 eq),2023,Frozen Food Manufacturing,https://www23.statcan.gc.ca/imdb/p3VD.pl?Function=getVD&TVD=1369825&CVD=1370970&CPV=311410&CST=27012022&CLV=5&MLV=5,https://climate-change.canada.ca/facility-emissions/GHGRP-G12290-2023.html,"http://indicators-map.canada.ca/App/Detail?id=0112290&GoCTemplateCulture=en-CA
"
12291,LRE - Kakut Gas Plant 14-12,Long Run Exploration Ltd,,,N/A,Alberta,55.4895,-118.3252,12.33,kilotonnes of carbon dioxide equivalents (kt CO2 eq),2023,Oil and gas extraction (except oil sands),https://www23.statcan.gc.ca/imdb/p3VD.pl?Function=getVD&TVD=1369825&CVD=1370970&CPV=211110&CST=27012022&CLV=5&MLV=5,https://climate-change.canada.ca/facility-emissions/GHGRP-G12291-2023.html,"http://indicators-map.canada.ca/App/Detail?id=0112291&GoCTemplateCulture=en-CA
"
12292,Elmira Facility,Lanxess Canada Co./Cie,Elmira,25 Erb Street,N3B 3A3,Ontario,43.5964,-80.5525,7.3,kilotonnes of carbon dioxide equivalents (kt CO2 eq),2023,All Other Miscellaneous Chemical Product Manufacturing,https://www23.statcan.gc.ca/imdb/p3VD.pl?Function=getVD&TVD=1369825&CVD=1370970&CPV=325999&CST=27012022&CLV=5&MLV=5,https://climate-change.canada.ca/facility-emissions/GHGRP-G12292-2023.html,"http://indicators-map.canada.ca/App/Detail?id=0112292&GoCTemplateCulture=en-CA
"
12294,Coaldale 6.4 MW Power Plant,Signalta Resources Ltd.,Lethbridge,,N/A,Alberta,49.73734,-112.56141,24.58,kilotonnes of carbon dioxide equivalents (kt CO2 eq),2023,Fossil-Fuel Electric Power Generation,https://www23.statcan.gc.ca/imdb/p3VD.pl?Function=getVD&TVD=1369825&CVD=1370970&CPV=221112&CST=27012022&CLV=5&MLV=5,https://climate-change.canada.ca/facility-emissions/GHGRP-G12294-2023.html,"http://indicators-map.canada.ca/App/Detail?id=0112294&GoCTemplateCulture=en-CA
"
12297,Soderglen Wind Farm,TransAlta Renewables Inc.,Fort Macleod,810-AB Highway,N/A,Alberta,49.53833,-113.52323,0.04,kilotonnes of carbon dioxide equivalents (kt CO2 eq),2023,Other Electric Power Generation,https://www23.statcan.gc.ca/imdb/p3VD.pl?Function=getVD&TVD=1369825&CVD=1370970&CPV=221119&CST=27012022&CLV=5&MLV=5,https://climate-change.canada.ca/facility-emissions/GHGRP-G12297-2023.html,"http://indicators-map.canada.ca/App/Detail?id=0112297&GoCTemplateCulture=en-CA
"
12298,"Copper Cliff Mining, Smelting and Refining Complex",Vale Canada Limited,Copper Cliff,18 Rink Street,P0M 1N0,Ontario,46.4786,-81.0553,325.43,kilotonnes of carbon dioxide equivalents (kt CO2 eq),2023,Non-Ferrous Metal (except Aluminum) Smelting and Refining,https://www23.statcan.gc.ca/imdb/p3VD.pl?Function=getVD&TVD=1369825&CVD=1370970&CPV=331410&CST=27012022&CLV=5&MLV=5,https://climate-change.canada.ca/facility-emissions/GHGRP-G12298-2023.html,"http://indicators-map.canada.ca/App/Detail?id=0112298&GoCTemplateCulture=en-CA
"
12299,Todd Birch a-44-I/94-A-13 Compressor Station IF_a,TODD ENERGY CANADA LIMITED,Fort St. John,,N/A,British Columbia,56.95199,-121.54208,20.67,kilotonnes of carbon dioxide equivalents (kt CO2 eq),2023,Oil and gas extraction (except oil sands),https://www23.statcan.gc.ca/imdb/p3VD.pl?Function=getVD&TVD=1369825&CVD=1370970&CPV=211110&CST=27012022&CLV=5&MLV=5,https://climate-change.canada.ca/facility-emissions/GHGRP-G12299-2023.html,"http://indicators-map.canada.ca/App/Detail?id=0112299&GoCTemplateCulture=en-CA
"
12300,Louis Dreyfus Company Canada ULC,Louis Dreyfus Company Canada ULC,Yorkton,500 Sully Avenue,S3N 3X3,Saskatchewan,51.22773,-102.50512,51.96,kilotonnes of carbon dioxide equivalents (kt CO2 eq),2023,Oilseed Processing,https://www23.statcan.gc.ca/imdb/p3VD.pl?Function=getVD&TVD=1369825&CVD=1370970&CPV=311224&CST=27012022&CLV=5&MLV=5,https://climate-change.canada.ca/facility-emissions/GHGRP-G12300-2023.html,"http://indicators-map.canada.ca/App/Detail?id=0112300&GoCTemplateCulture=en-CA
"
12302,Metex Heat Treating Ltd.,Metex Heat Treating Ltd.,Brampton,225 Wilkinson Road,L6T 4M2,Ontario,43.68615,-79.69732,10.76,kilotonnes of carbon dioxide equivalents (kt CO2 eq),2023,"Coating, Engraving, Heat Treating and Allied Activities",https://www23.statcan.gc.ca/imdb/p3VD.pl?Function=getVD&TVD=1369825&CVD=1370970&CPV=332810&CST=27012022&CLV=5&MLV=5,https://climate-change.canada.ca/facility-emissions/GHGRP-G12302-2023.html,"http://indicators-map.canada.ca/App/Detail?id=0112302&GoCTemplateCulture=en-CA
"
12304,Eagle River Mill,Wesdome Gold Mines Ltd.,Wawa,93 Mission Road,P0S 1K0,Ontario,48.10601,-85.42365,12.4,kilotonnes of carbon dioxide equivalents (kt CO2 eq),2023,Gold and Silver Ore Mining,https://www23.statcan.gc.ca/imdb/p3VD.pl?Function=getVD&TVD=1369825&CVD=1370970&CPV=212220&CST=27012022&CLV=5&MLV=5,https://climate-change.canada.ca/facility-emissions/GHGRP-G12304-2023.html,"http://indicators-map.canada.ca/App/Detail?id=0112304&GoCTemplateCulture=en-CA
"
12305,Spirit River 13-28-078-08W6 GGS,Tourmaline Oil Corp,Grande Prairie,,N/A,Alberta,55.79411,-119.18639,12.47,kilotonnes of carbon dioxide equivalents (kt CO2 eq),2023,Oil and gas extraction (except oil sands),https://www23.statcan.gc.ca/imdb/p3VD.pl?Function=getVD&TVD=1369825&CVD=1370970&CPV=211110&CST=27012022&CLV=5&MLV=5,https://climate-change.canada.ca/facility-emissions/GHGRP-G12305-2023.html,"http://indicators-map.canada.ca/App/Detail?id=0112305&GoCTemplateCulture=en-CA
"
12307,Pierson 04-01-002-28 W1M,Tundra Oil & Gas Limited,Pierson,,N/A,Manitoba,49.08892,-101.11456,19.11,kilotonnes of carbon dioxide equivalents (kt CO2 eq),2023,Oil and gas extraction (except oil sands),https://www23.statcan.gc.ca/imdb/p3VD.pl?Function=getVD&TVD=1369825&CVD=1370970&CPV=211110&CST=27012022&CLV=5&MLV=5,https://climate-change.canada.ca/facility-emissions/GHGRP-G12307-2023.html,"http://indicators-map.canada.ca/App/Detail?id=0112307&GoCTemplateCulture=en-CA
"
12308,Milner M2 Power Plant,Milner Power II Limited Partnership by its General Partner M,Municipal District of Greenvie,500 581073 40 Highway North,T0E 0Y0,Alberta,54.0078,-119.10191,228.34,kilotonnes of carbon dioxide equivalents (kt CO2 eq),2023,Fossil-Fuel Electric Power Generation,https://www23.statcan.gc.ca/imdb/p3VD.pl?Function=getVD&TVD=1369825&CVD=1370970&CPV=221112&CST=27012022&CLV=5&MLV=5,https://climate-change.canada.ca/facility-emissions/GHGRP-G12308-2023.html,"http://indicators-map.canada.ca/App/Detail?id=0112308&GoCTemplateCulture=en-CA
"
12309,Beare Road Landfill,City of Toronto,Scarborough,8145 Finch Avenue East,M1B 5W3,Ontario,43.82399,-79.16456,117.29,kilotonnes of carbon dioxide equivalents (kt CO2 eq),2023,Waste Treatment and Disposal,https://www23.statcan.gc.ca/imdb/p3VD.pl?Function=getVD&TVD=1369825&CVD=1370970&CPV=562210&CST=27012022&CLV=5&MLV=5,https://climate-change.canada.ca/facility-emissions/GHGRP-G12309-2023.html,"http://indicators-map.canada.ca/App/Detail?id=0112309&GoCTemplateCulture=en-CA
"
12310,Fredericton Region Landfill,Capital Region Service Commission,Fredericton,1775 Alison Boulevard,E3B 4Y2,New Brunswick,45.88107,-66.6109,69.12,kilotonnes of carbon dioxide equivalents (kt CO2 eq),2023,Waste Treatment and Disposal,https://www23.statcan.gc.ca/imdb/p3VD.pl?Function=getVD&TVD=1369825&CVD=1370970&CPV=562210&CST=27012022&CLV=5&MLV=5,https://climate-change.canada.ca/facility-emissions/GHGRP-G12310-2023.html,"http://indicators-map.canada.ca/App/Detail?id=0112310&GoCTemplateCulture=en-CA
"
12311,Spruce Lake Central Thermal,Cenovus Energy Inc.,Lloydminster,5516 59 Avenue,N/A,Saskatchewan,53.59641,-109.05002,301.77,kilotonnes of carbon dioxide equivalents (kt CO2 eq),2023,Oil and gas extraction (except oil sands),https://www23.statcan.gc.ca/imdb/p3VD.pl?Function=getVD&TVD=1369825&CVD=1370970&CPV=211110&CST=27012022&CLV=5&MLV=5,https://climate-change.canada.ca/facility-emissions/GHGRP-G12311-2023.html,"http://indicators-map.canada.ca/App/Detail?id=0112311&GoCTemplateCulture=en-CA
"
12312,Kaybob 07-20-060-19W5 GGS,Whitecap Resources Inc.,Calgary,,N/A,Alberta,54.20132,-116.8108,85.45,kilotonnes of carbon dioxide equivalents (kt CO2 eq),2023,Oil and gas extraction (except oil sands),https://www23.statcan.gc.ca/imdb/p3VD.pl?Function=getVD&TVD=1369825&CVD=1370970&CPV=211110&CST=27012022&CLV=5&MLV=5,https://climate-change.canada.ca/facility-emissions/GHGRP-G12312-2023.html,"http://indicators-map.canada.ca/App/Detail?id=0112312&GoCTemplateCulture=en-CA
"
12313,NEL ANSELL BT 07-27-051-19W5,Cenovus Energy Inc.,Edson,,N/A,Alberta,53.42949,-116.71152,47.53,kilotonnes of carbon dioxide equivalents (kt CO2 eq),2023,Oil and gas extraction (except oil sands),https://www23.statcan.gc.ca/imdb/p3VD.pl?Function=getVD&TVD=1369825&CVD=1370970&CPV=211110&CST=27012022&CLV=5&MLV=5,https://climate-change.canada.ca/facility-emissions/GHGRP-G12313-2023.html,"http://indicators-map.canada.ca/App/Detail?id=0112313&GoCTemplateCulture=en-CA
"
12314,HHR Karr 01-16-065-03W6,Veren Inc.,Grande Prairie,,N/A,Alberta,54.6199,-118.38114,72.83,kilotonnes of carbon dioxide equivalents (kt CO2 eq),2023,Oil and gas extraction (except oil sands),https://www23.statcan.gc.ca/imdb/p3VD.pl?Function=getVD&TVD=1369825&CVD=1370970&CPV=211110&CST=27012022&CLV=5&MLV=5,https://climate-change.canada.ca/facility-emissions/GHGRP-G12314-2023.html,"http://indicators-map.canada.ca/App/Detail?id=0112314&GoCTemplateCulture=en-CA
"
12315,Hemlock Knoll Landfill,Southwest Regional Service Commission,Lawrence Station,5749 route 3 Highway,E5A 3B9,New Brunswick,45.4558,-67.1156,76,kilotonnes of carbon dioxide equivalents (kt CO2 eq),2023,Waste Treatment and Disposal,https://www23.statcan.gc.ca/imdb/p3VD.pl?Function=getVD&TVD=1369825&CVD=1370970&CPV=562210&CST=27012022&CLV=5&MLV=5,https://climate-change.canada.ca/facility-emissions/GHGRP-G12315-2023.html,"http://indicators-map.canada.ca/App/Detail?id=0112315&GoCTemplateCulture=en-CA
"
12316,Crane Mountain,Fundy Regional Service Commission,Saint John,10 Crane Mountain Road,E2M 7T8,New Brunswick,45.2706,-66.2117,75.78,kilotonnes of carbon dioxide equivalents (kt CO2 eq),2023,Waste Treatment and Disposal,https://www23.statcan.gc.ca/imdb/p3VD.pl?Function=getVD&TVD=1369825&CVD=1370970&CPV=562210&CST=27012022&CLV=5&MLV=5,https://climate-change.canada.ca/facility-emissions/GHGRP-G12316-2023.html,"http://indicators-map.canada.ca/App/Detail?id=0112316&GoCTemplateCulture=en-CA
"
12317,TOWN C-72-A Gas Plant,PETRONAS Energy Canada Ltd.,Fort St. John,,N/A,British Columbia,56.81458,-122.02187,62.84,kilotonnes of carbon dioxide equivalents (kt CO2 eq),2023,Oil and gas extraction (except oil sands),https://www23.statcan.gc.ca/imdb/p3VD.pl?Function=getVD&TVD=1369825&CVD=1370970&CPV=211110&CST=27012022&CLV=5&MLV=5,https://climate-change.canada.ca/facility-emissions/GHGRP-G12317-2023.html,"http://indicators-map.canada.ca/App/Detail?id=0112317&GoCTemplateCulture=en-CA
"
12318,Ansell MWB 03-06-049-18W5,Cenovus Energy Inc.,Yellowhead County,,N/A,Alberta,53.19545,-116.62666,21.24,kilotonnes of carbon dioxide equivalents (kt CO2 eq),2023,Oil and gas extraction (except oil sands),https://www23.statcan.gc.ca/imdb/p3VD.pl?Function=getVD&TVD=1369825&CVD=1370970&CPV=211110&CST=27012022&CLV=5&MLV=5,https://climate-change.canada.ca/facility-emissions/GHGRP-G12318-2023.html,"http://indicators-map.canada.ca/App/Detail?id=0112318&GoCTemplateCulture=en-CA
"
12319,HHR Gold Creek 09-03-068-04W6,Veren Inc.,Grande Prairie,,N/A,Alberta,54.85974,-118.51212,42.77,kilotonnes of carbon dioxide equivalents (kt CO2 eq),2023,Oil and gas extraction (except oil sands),https://www23.statcan.gc.ca/imdb/p3VD.pl?Function=getVD&TVD=1369825&CVD=1370970&CPV=211110&CST=27012022&CLV=5&MLV=5,https://climate-change.canada.ca/facility-emissions/GHGRP-G12319-2023.html,"http://indicators-map.canada.ca/App/Detail?id=0112319&GoCTemplateCulture=en-CA
"
12322,Montney Sour Gas Plant C-011-K/094-A-12,ConocoPhillips Canada (BRC) Partnership,,,N/A,British Columbia,56.68125,-121.75937,121.18,kilotonnes of carbon dioxide equivalents (kt CO2 eq),2023,Oil and gas extraction (except oil sands),https://www23.statcan.gc.ca/imdb/p3VD.pl?Function=getVD&TVD=1369825&CVD=1370970&CPV=211110&CST=27012022&CLV=5&MLV=5,https://climate-change.canada.ca/facility-emissions/GHGRP-G12322-2023.html,"http://indicators-map.canada.ca/App/Detail?id=0112322&GoCTemplateCulture=en-CA
"
12323,HHR GGS 11-12-068-04W6,Veren Inc.,Grande Prairie,,N/A,Alberta,54.87418,-118.47382,51.41,kilotonnes of carbon dioxide equivalents (kt CO2 eq),2023,Oil and gas extraction (except oil sands),https://www23.statcan.gc.ca/imdb/p3VD.pl?Function=getVD&TVD=1369825&CVD=1370970&CPV=211110&CST=27012022&CLV=5&MLV=5,https://climate-change.canada.ca/facility-emissions/GHGRP-G12323-2023.html,"http://indicators-map.canada.ca/App/Detail?id=0112323&GoCTemplateCulture=en-CA
"
12324,Cogerno Regional Landfill,Commission de services régionaux Nord Ouest,Riviere Verte,248 Clement Roy Road,E7C 2W7,New Brunswick,47.3687,-67.9747,45.59,kilotonnes of carbon dioxide equivalents (kt CO2 eq),2023,Waste Treatment and Disposal,https://www23.statcan.gc.ca/imdb/p3VD.pl?Function=getVD&TVD=1369825&CVD=1370970&CPV=562210&CST=27012022&CLV=5&MLV=5,https://climate-change.canada.ca/facility-emissions/GHGRP-G12324-2023.html,"http://indicators-map.canada.ca/App/Detail?id=0112324&GoCTemplateCulture=en-CA
"
12325,TAQA - Sunchild 01-04-044-11W5M Facility,Taqa North Ltd.,Na,1 Clearwater County,N/A,Alberta,52.4538,-115.3149,52.03,kilotonnes of carbon dioxide equivalents (kt CO2 eq),2023,Oil and gas extraction (except oil sands),https://www23.statcan.gc.ca/imdb/p3VD.pl?Function=getVD&TVD=1369825&CVD=1370970&CPV=211110&CST=27012022&CLV=5&MLV=5,https://climate-change.canada.ca/facility-emissions/GHGRP-G12325-2023.html,"http://indicators-map.canada.ca/App/Detail?id=0112325&GoCTemplateCulture=en-CA
"
12326,Red Pine Landfill,Commission de services régionaux Chaleur,Allardville,1300 route 360 Route,E8L 1H5,New Brunswick,47.45014,-65.60488,68.04,kilotonnes of carbon dioxide equivalents (kt CO2 eq),2023,Waste Treatment and Disposal,https://www23.statcan.gc.ca/imdb/p3VD.pl?Function=getVD&TVD=1369825&CVD=1370970&CPV=562210&CST=27012022&CLV=5&MLV=5,https://climate-change.canada.ca/facility-emissions/GHGRP-G12326-2023.html,"http://indicators-map.canada.ca/App/Detail?id=0112326&GoCTemplateCulture=en-CA
"
12327,Resthaven 03-16-060-02W6 Gas Plant,Tourmaline Oil Corp,Calgary,2900 250 6 Avenue Southwest,T2P 3H7,Alberta,54.18319,-118.24083,46.47,kilotonnes of carbon dioxide equivalents (kt CO2 eq),2023,Oil and gas extraction (except oil sands),https://www23.statcan.gc.ca/imdb/p3VD.pl?Function=getVD&TVD=1369825&CVD=1370970&CPV=211110&CST=27012022&CLV=5&MLV=5,https://climate-change.canada.ca/facility-emissions/GHGRP-G12327-2023.html,"http://indicators-map.canada.ca/App/Detail?id=0112327&GoCTemplateCulture=en-CA
"
12328,Provost Veteran Oil Battery 15-20-034-08W4,Tamarack Acquisition Corp.,Calgary,,N/A,Alberta,51.93817,-111.10061,20.98,kilotonnes of carbon dioxide equivalents (kt CO2 eq),2023,Oil and gas extraction (except oil sands),https://www23.statcan.gc.ca/imdb/p3VD.pl?Function=getVD&TVD=1369825&CVD=1370970&CPV=211110&CST=27012022&CLV=5&MLV=5,https://climate-change.canada.ca/facility-emissions/GHGRP-G12328-2023.html,"http://indicators-map.canada.ca/App/Detail?id=0112328&GoCTemplateCulture=en-CA
"
12329,"NGTL, British Columbia System",Nova Gas Transmission Ltd.,Arras,,V0C 1B0,British Columbia,55.8017,-120.3704,172.59,kilotonnes of carbon dioxide equivalents (kt CO2 eq),2023,Pipeline Transportation of Natural Gas,https://www23.statcan.gc.ca/imdb/p3VD.pl?Function=getVD&TVD=1369825&CVD=1370970&CPV=486210&CST=27012022&CLV=5&MLV=5,https://climate-change.canada.ca/facility-emissions/GHGRP-G12329-2023.html,"http://indicators-map.canada.ca/App/Detail?id=0112329&GoCTemplateCulture=en-CA
"
12331,Duvernay Sweetening Plant,Pembina Pipeline Corporation,M.d. of Greenview,Bigstone Road,T0H 1P0,Alberta,54.39964,-116.94217,31.02,kilotonnes of carbon dioxide equivalents (kt CO2 eq),2023,Oil and gas extraction (except oil sands),https://www23.statcan.gc.ca/imdb/p3VD.pl?Function=getVD&TVD=1369825&CVD=1370970&CPV=211110&CST=27012022&CLV=5&MLV=5,https://climate-change.canada.ca/facility-emissions/GHGRP-G12331-2023.html,"http://indicators-map.canada.ca/App/Detail?id=0112331&GoCTemplateCulture=en-CA
"
12332,Kakwa 04-26-061-05W6 Compressor,Tourmaline Oil Corp,Calgary,3700 250 6th Avenue Southwest,T2P 3H7,Alberta,54.30111,-118.64797,47.18,kilotonnes of carbon dioxide equivalents (kt CO2 eq),2023,Oil and gas extraction (except oil sands),https://www23.statcan.gc.ca/imdb/p3VD.pl?Function=getVD&TVD=1369825&CVD=1370970&CPV=211110&CST=27012022&CLV=5&MLV=5,https://climate-change.canada.ca/facility-emissions/GHGRP-G12332-2023.html,"http://indicators-map.canada.ca/App/Detail?id=0112332&GoCTemplateCulture=en-CA
"
12333,Highway 101 Landfill,Halifax Regional Municipality (HRM),Upper Sackville,74 Landfill Road,B0N 1Z0,Nova Scotia,44.81126,-63.77131,33.32,kilotonnes of carbon dioxide equivalents (kt CO2 eq),2023,Waste Treatment and Disposal,https://www23.statcan.gc.ca/imdb/p3VD.pl?Function=getVD&TVD=1369825&CVD=1370970&CPV=562210&CST=27012022&CLV=5&MLV=5,https://climate-change.canada.ca/facility-emissions/GHGRP-G12333-2023.html,"http://indicators-map.canada.ca/App/Detail?id=0112333&GoCTemplateCulture=en-CA
"
12334,OTTAWA VALLEY WASTE RECOVERY CENTRE,Ottawa Valley Waste Management Board,Pembroke,900 Woito Station Road,K8A 6W5,Ontario,45.7045,-77.1541,30.35,kilotonnes of carbon dioxide equivalents (kt CO2 eq),2023,Waste Treatment and Disposal,https://www23.statcan.gc.ca/imdb/p3VD.pl?Function=getVD&TVD=1369825&CVD=1370970&CPV=562210&CST=27012022&CLV=5&MLV=5,https://climate-change.canada.ca/facility-emissions/GHGRP-G12334-2023.html,"http://indicators-map.canada.ca/App/Detail?id=0112334&GoCTemplateCulture=en-CA
"
12335,PWE Pouce Coupe 1-19 GGS,Taqa North Ltd.,Saddle Hills County,1 Pouce Coup,N/A,Alberta,55.68102,-119.53175,30.74,kilotonnes of carbon dioxide equivalents (kt CO2 eq),2023,Oil and gas extraction (except oil sands),https://www23.statcan.gc.ca/imdb/p3VD.pl?Function=getVD&TVD=1369825&CVD=1370970&CPV=211110&CST=27012022&CLV=5&MLV=5,https://climate-change.canada.ca/facility-emissions/GHGRP-G12335-2023.html,"http://indicators-map.canada.ca/App/Detail?id=0112335&GoCTemplateCulture=en-CA
"
12336,Thackeray Landfill,City of Toronto,Toronto,2955 Kipling Avenue,M5H 2N2,Ontario,43.76213,-79.58871,33.97,kilotonnes of carbon dioxide equivalents (kt CO2 eq),2023,Waste Treatment and Disposal,https://www23.statcan.gc.ca/imdb/p3VD.pl?Function=getVD&TVD=1369825&CVD=1370970&CPV=562210&CST=27012022&CLV=5&MLV=5,https://climate-change.canada.ca/facility-emissions/GHGRP-G12336-2023.html,"http://indicators-map.canada.ca/App/Detail?id=0112336&GoCTemplateCulture=en-CA
"
12338,Aphria Diamond,1974568 Ontario Limited o/a Aphria Diamond,Leamington,620 County Road 14,N8H 3V8,Ontario,42.13355,-82.59533,22.51,kilotonnes of carbon dioxide equivalents (kt CO2 eq),2023,Other Food Crops Grown Under Cover,https://www23.statcan.gc.ca/imdb/p3VD.pl?Function=getVD&TVD=1369825&CVD=1370970&CPV=111419&CST=27012022&CLV=5&MLV=5,https://climate-change.canada.ca/facility-emissions/GHGRP-G12338-2023.html,"http://indicators-map.canada.ca/App/Detail?id=0112338&GoCTemplateCulture=en-CA
"
12339,Pipestone South Gas Battery 14-17,NuVista Energy Ltd.,Calgary,2500 525 8 Avenue Southwest,N/A,Alberta,55.06697,-119.18626,62.07,kilotonnes of carbon dioxide equivalents (kt CO2 eq),2023,Oil and gas extraction (except oil sands),https://www23.statcan.gc.ca/imdb/p3VD.pl?Function=getVD&TVD=1369825&CVD=1370970&CPV=211110&CST=27012022&CLV=5&MLV=5,https://climate-change.canada.ca/facility-emissions/GHGRP-G12339-2023.html,"http://indicators-map.canada.ca/App/Detail?id=0112339&GoCTemplateCulture=en-CA
"
12340,AG20 ABGP0001220 NEVIS 12-07 GP,Ember Resources Inc.,Nevis,,N/A,Alberta,52.51511,-113.1671,22.57,kilotonnes of carbon dioxide equivalents (kt CO2 eq),2023,Oil and gas extraction (except oil sands),https://www23.statcan.gc.ca/imdb/p3VD.pl?Function=getVD&TVD=1369825&CVD=1370970&CPV=211110&CST=27012022&CLV=5&MLV=5,https://climate-change.canada.ca/facility-emissions/GHGRP-G12340-2023.html,"http://indicators-map.canada.ca/App/Detail?id=0112340&GoCTemplateCulture=en-CA
"
12342,Pipestone Compressor Station 08-15-070-08W6,Strathcona Resources Ltd.,,,N/A,Alberta,55.05966,-119.12277,62.17,kilotonnes of carbon dioxide equivalents (kt CO2 eq),2023,Oil and gas extraction (except oil sands),https://www23.statcan.gc.ca/imdb/p3VD.pl?Function=getVD&TVD=1369825&CVD=1370970&CPV=211110&CST=27012022&CLV=5&MLV=5,https://climate-change.canada.ca/facility-emissions/GHGRP-G12342-2023.html,"http://indicators-map.canada.ca/App/Detail?id=0112342&GoCTemplateCulture=en-CA
"
12344,Gundy A-021-I/094-B-09 Compressor,Tourmaline Oil Corp,Wonowon,,V0C 2N0,British Columbia,56.68558,-122.00179,46.87,kilotonnes of carbon dioxide equivalents (kt CO2 eq),2023,Oil and gas extraction (except oil sands),https://www23.statcan.gc.ca/imdb/p3VD.pl?Function=getVD&TVD=1369825&CVD=1370970&CPV=211110&CST=27012022&CLV=5&MLV=5,https://climate-change.canada.ca/facility-emissions/GHGRP-G12344-2023.html,"http://indicators-map.canada.ca/App/Detail?id=0112344&GoCTemplateCulture=en-CA
"
12346,AG20 ABBT0118889 IRRICANA 10-22 BTY,Ember Resources Inc.,Irricana,,N/A,Alberta,51.32201,-113.7191,23.83,kilotonnes of carbon dioxide equivalents (kt CO2 eq),2023,Oil and gas extraction (except oil sands),https://www23.statcan.gc.ca/imdb/p3VD.pl?Function=getVD&TVD=1369825&CVD=1370970&CPV=211110&CST=27012022&CLV=5&MLV=5,https://climate-change.canada.ca/facility-emissions/GHGRP-G12346-2023.html,"http://indicators-map.canada.ca/App/Detail?id=0112346&GoCTemplateCulture=en-CA
"
12349,Ante Creek Sweet Gas Plant 10-36,ARC RESOURCES LTD.,,,N/A,Alberta,54.6689,-117.6516,28.24,kilotonnes of carbon dioxide equivalents (kt CO2 eq),2023,Oil and gas extraction (except oil sands),https://www23.statcan.gc.ca/imdb/p3VD.pl?Function=getVD&TVD=1369825&CVD=1370970&CPV=211110&CST=27012022&CLV=5&MLV=5,https://climate-change.canada.ca/facility-emissions/GHGRP-G12349-2023.html,"http://indicators-map.canada.ca/App/Detail?id=0112349&GoCTemplateCulture=en-CA
"
12351,AG20 ABBT0111618 LONE PINE 11-32 BTY,Ember Resources Inc.,Lone Pine,,N/A,Alberta,51.61285,-113.4897,17.41,kilotonnes of carbon dioxide equivalents (kt CO2 eq),2023,Oil and gas extraction (except oil sands),https://www23.statcan.gc.ca/imdb/p3VD.pl?Function=getVD&TVD=1369825&CVD=1370970&CPV=211110&CST=27012022&CLV=5&MLV=5,https://climate-change.canada.ca/facility-emissions/GHGRP-G12351-2023.html,"http://indicators-map.canada.ca/App/Detail?id=0112351&GoCTemplateCulture=en-CA
"
12352,Shell Canada Limited CS 12-28,Canlin Energy Corporation,Bighorn,,N/A,Alberta,51.60001,-115.35697,18.47,kilotonnes of carbon dioxide equivalents (kt CO2 eq),2023,Oil and gas extraction (except oil sands),https://www23.statcan.gc.ca/imdb/p3VD.pl?Function=getVD&TVD=1369825&CVD=1370970&CPV=211110&CST=27012022&CLV=5&MLV=5,https://climate-change.canada.ca/facility-emissions/GHGRP-G12352-2023.html,"http://indicators-map.canada.ca/App/Detail?id=0112352&GoCTemplateCulture=en-CA
"
12353,GCT Deltaport,GCT Canada Limited Partnership,Delta,2 Roberts Bank Way,V4M 4G2,British Columbia,49.02197,-123.16172,18.4,kilotonnes of carbon dioxide equivalents (kt CO2 eq),2023,Marine Cargo Handling,https://www23.statcan.gc.ca/imdb/p3VD.pl?Function=getVD&TVD=1369825&CVD=1370970&CPV=488320&CST=27012022&CLV=5&MLV=5,https://climate-change.canada.ca/facility-emissions/GHGRP-G12353-2023.html,"http://indicators-map.canada.ca/App/Detail?id=0112353&GoCTemplateCulture=en-CA
"
12354,Ridley Island Propane Export Terminal,AltaGas Ltd.,Prince Rupert,,N/A,British Columbia,54.22323,-130.32752,60.09,kilotonnes of carbon dioxide equivalents (kt CO2 eq),2023,Oil and gas extraction (except oil sands),https://www23.statcan.gc.ca/imdb/p3VD.pl?Function=getVD&TVD=1369825&CVD=1370970&CPV=211110&CST=27012022&CLV=5&MLV=5,https://climate-change.canada.ca/facility-emissions/GHGRP-G12354-2023.html,"http://indicators-map.canada.ca/App/Detail?id=0112354&GoCTemplateCulture=en-CA
"
12356,Linamar Gear,Linamar Gear,Guelph,32 Independence Place,N1K 1H8,Ontario,43.5304,-80.3078,23.23,kilotonnes of carbon dioxide equivalents (kt CO2 eq),2023,Motor Vehicle Transmission and Power Train Parts Manufacturing,https://www23.statcan.gc.ca/imdb/p3VD.pl?Function=getVD&TVD=1369825&CVD=1370970&CPV=336350&CST=27012022&CLV=5&MLV=5,https://climate-change.canada.ca/facility-emissions/GHGRP-G12356-2023.html,"http://indicators-map.canada.ca/App/Detail?id=0112356&GoCTemplateCulture=en-CA
"
12357,HHR Gold Creek 03-10-068-04W6,Veren Inc.,Grande Prairie,,N/A,Alberta,54.86697,-118.52467,17.88,kilotonnes of carbon dioxide equivalents (kt CO2 eq),2023,Oil and gas extraction (except oil sands),https://www23.statcan.gc.ca/imdb/p3VD.pl?Function=getVD&TVD=1369825&CVD=1370970&CPV=211110&CST=27012022&CLV=5&MLV=5,https://climate-change.canada.ca/facility-emissions/GHGRP-G12357-2023.html,"http://indicators-map.canada.ca/App/Detail?id=0112357&GoCTemplateCulture=en-CA
"
12359,Suncor Energy Inc CS 14-03,Canlin Energy Corporation,Clearwater County,,N/A,Alberta,52.76862,-116.38563,18.07,kilotonnes of carbon dioxide equivalents (kt CO2 eq),2023,Oil and gas extraction (except oil sands),https://www23.statcan.gc.ca/imdb/p3VD.pl?Function=getVD&TVD=1369825&CVD=1370970&CPV=211110&CST=27012022&CLV=5&MLV=5,https://climate-change.canada.ca/facility-emissions/GHGRP-G12359-2023.html,"http://indicators-map.canada.ca/App/Detail?id=0112359&GoCTemplateCulture=en-CA
"
12361,AG20 ABBT0097122 FOSTER 08-28 BTY,Ember Resources Inc.,Torrington,,N/A,Alberta,51.77174,-113.6228,16.94,kilotonnes of carbon dioxide equivalents (kt CO2 eq),2023,Oil and gas extraction (except oil sands),https://www23.statcan.gc.ca/imdb/p3VD.pl?Function=getVD&TVD=1369825&CVD=1370970&CPV=211110&CST=27012022&CLV=5&MLV=5,https://climate-change.canada.ca/facility-emissions/GHGRP-G12361-2023.html,"http://indicators-map.canada.ca/App/Detail?id=0112361&GoCTemplateCulture=en-CA
"
12362,AG20 ABGS0121501 ACME 16-07 GGS,Ember Resources Inc.,Acme,,N/A,Alberta,51.47298,-113.6404,10.58,kilotonnes of carbon dioxide equivalents (kt CO2 eq),2023,Oil and gas extraction (except oil sands),https://www23.statcan.gc.ca/imdb/p3VD.pl?Function=getVD&TVD=1369825&CVD=1370970&CPV=211110&CST=27012022&CLV=5&MLV=5,https://climate-change.canada.ca/facility-emissions/GHGRP-G12362-2023.html,"http://indicators-map.canada.ca/App/Detail?id=0112362&GoCTemplateCulture=en-CA
"
12363,AG20 ABBT0141226 ENTICE 01-22 BTY,Ember Resources Inc.,Entice,,N/A,Alberta,51.31596,-113.4289,30.34,kilotonnes of carbon dioxide equivalents (kt CO2 eq),2023,Oil and gas extraction (except oil sands),https://www23.statcan.gc.ca/imdb/p3VD.pl?Function=getVD&TVD=1369825&CVD=1370970&CPV=211110&CST=27012022&CLV=5&MLV=5,https://climate-change.canada.ca/facility-emissions/GHGRP-G12363-2023.html,"http://indicators-map.canada.ca/App/Detail?id=0112363&GoCTemplateCulture=en-CA
"
12364,Willesden Green Sweet Gas Plant 13-27,Obsidian Energy Ltd.,,,N/A,Alberta,52.65227,-115.0781,15.73,kilotonnes of carbon dioxide equivalents (kt CO2 eq),2023,Oil and gas extraction (except oil sands),https://www23.statcan.gc.ca/imdb/p3VD.pl?Function=getVD&TVD=1369825&CVD=1370970&CPV=211110&CST=27012022&CLV=5&MLV=5,https://climate-change.canada.ca/facility-emissions/GHGRP-G12364-2023.html,"http://indicators-map.canada.ca/App/Detail?id=0112364&GoCTemplateCulture=en-CA
"
12366,TQM Pipeline,"TQM Pipeline and Company, Limited Partnership",Mascouche,800 Louis-Blériot Street,J7K 3C1,Quebec,45.03349,-71.49976,19.19,kilotonnes of carbon dioxide equivalents (kt CO2 eq),2023,Pipeline Transportation of Crude Oil,https://www23.statcan.gc.ca/imdb/p3VD.pl?Function=getVD&TVD=1369825&CVD=1370970&CPV=486110&CST=27012022&CLV=5&MLV=5,https://climate-change.canada.ca/facility-emissions/GHGRP-G12366-2023.html,"http://indicators-map.canada.ca/App/Detail?id=0112366&GoCTemplateCulture=en-CA
"
12367,Pouce Coupe 14-27,Insignia Energy Ltd.,Calgary,800 520 3 Avenue Southwest,T2P 0R3,Alberta,55.70553,-119.62071,14.82,kilotonnes of carbon dioxide equivalents (kt CO2 eq),2023,Oil and gas extraction (except oil sands),https://www23.statcan.gc.ca/imdb/p3VD.pl?Function=getVD&TVD=1369825&CVD=1370970&CPV=211110&CST=27012022&CLV=5&MLV=5,https://climate-change.canada.ca/facility-emissions/GHGRP-G12367-2023.html,"http://indicators-map.canada.ca/App/Detail?id=0112367&GoCTemplateCulture=en-CA
"
12368,"WestPine MDF, a division of West Fraser Mills Ltd.",West Fraser Mills Ltd.,Quesnel,300 Carradice Road,V2J 5Z7,British Columbia,53.0153,-122.5142,16.28,kilotonnes of carbon dioxide equivalents (kt CO2 eq),2023,Particle Board and Fibreboard Mills,https://www23.statcan.gc.ca/imdb/p3VD.pl?Function=getVD&TVD=1369825&CVD=1370970&CPV=321216&CST=27012022&CLV=5&MLV=5,https://climate-change.canada.ca/facility-emissions/GHGRP-G12368-2023.html,"http://indicators-map.canada.ca/App/Detail?id=0112368&GoCTemplateCulture=en-CA
"
12369,Sensei Farms Leamington ULC,Sensei Farms Leamington ULC,Staples,709 Mersea Rd. 11,N0P 2J0,Ontario,42.15983,-82.59117,10.2,kilotonnes of carbon dioxide equivalents (kt CO2 eq),2023,Other Food Crops Grown Under Cover,https://www23.statcan.gc.ca/imdb/p3VD.pl?Function=getVD&TVD=1369825&CVD=1370970&CPV=111419&CST=27012022&CLV=5&MLV=5,https://climate-change.canada.ca/facility-emissions/GHGRP-G12369-2023.html,"http://indicators-map.canada.ca/App/Detail?id=0112369&GoCTemplateCulture=en-CA
"
12370,Placid 07-11-060-23W5 Sour Facility,Kiwetinohk Energy Corp.,Placid Montney,,N/A,Alberta,54.17216,-117.3349,33.5,kilotonnes of carbon dioxide equivalents (kt CO2 eq),2023,Oil and gas extraction (except oil sands),https://www23.statcan.gc.ca/imdb/p3VD.pl?Function=getVD&TVD=1369825&CVD=1370970&CPV=211110&CST=27012022&CLV=5&MLV=5,https://climate-change.canada.ca/facility-emissions/GHGRP-G12370-2023.html,"http://indicators-map.canada.ca/App/Detail?id=0112370&GoCTemplateCulture=en-CA
"
12371,AG20 ABGS0003808 FENN BV 12-15 GGS,Ember Resources Inc.,Fenn Big Valley,,N/A,Alberta,52.18183,-112.6457,13.87,kilotonnes of carbon dioxide equivalents (kt CO2 eq),2023,Oil and gas extraction (except oil sands),https://www23.statcan.gc.ca/imdb/p3VD.pl?Function=getVD&TVD=1369825&CVD=1370970&CPV=211110&CST=27012022&CLV=5&MLV=5,https://climate-change.canada.ca/facility-emissions/GHGRP-G12371-2023.html,"http://indicators-map.canada.ca/App/Detail?id=0112371&GoCTemplateCulture=en-CA
"
12373,MURPHY SIMONETTE 03-02,Cygnet Energy Ltd.,Fox Creek,,N/A,Alberta,54.50343,-117.67222,8.89,kilotonnes of carbon dioxide equivalents (kt CO2 eq),2023,Oil and gas extraction (except oil sands),https://www23.statcan.gc.ca/imdb/p3VD.pl?Function=getVD&TVD=1369825&CVD=1370970&CPV=211110&CST=27012022&CLV=5&MLV=5,https://climate-change.canada.ca/facility-emissions/GHGRP-G12373-2023.html,"http://indicators-map.canada.ca/App/Detail?id=0112373&GoCTemplateCulture=en-CA
"
12374,2492309 Ontario Ltd,2492309 Ontario Ltd,Leamington,607 Mersea Road 8,N8H 3V8,Ontario,42.1243,-82.59902,23.54,kilotonnes of carbon dioxide equivalents (kt CO2 eq),2023,Other Food Crops Grown Under Cover,https://www23.statcan.gc.ca/imdb/p3VD.pl?Function=getVD&TVD=1369825&CVD=1370970&CPV=111419&CST=27012022&CLV=5&MLV=5,https://climate-change.canada.ca/facility-emissions/GHGRP-G12374-2023.html,"http://indicators-map.canada.ca/App/Detail?id=0112374&GoCTemplateCulture=en-CA
"
12376,Mancal Alder 06-19-045-06W5 Gas Plant,Mancal Energy Inc.,Calgary,,T2P 0H7,Alberta,52.89301,-114.86248,13.15,kilotonnes of carbon dioxide equivalents (kt CO2 eq),2023,Oil and gas extraction (except oil sands),https://www23.statcan.gc.ca/imdb/p3VD.pl?Function=getVD&TVD=1369825&CVD=1370970&CPV=211110&CST=27012022&CLV=5&MLV=5,https://climate-change.canada.ca/facility-emissions/GHGRP-G12376-2023.html,"http://indicators-map.canada.ca/App/Detail?id=0112376&GoCTemplateCulture=en-CA
"
12377,Encal Wilson Creek 6-18,Taqa North Ltd.,Ponoka County,1100 PC3G+5V Willesden Green,T0C 0M0,Alberta,52.70196,-114.57276,10.73,kilotonnes of carbon dioxide equivalents (kt CO2 eq),2023,Oil and gas extraction (except oil sands),https://www23.statcan.gc.ca/imdb/p3VD.pl?Function=getVD&TVD=1369825&CVD=1370970&CPV=211110&CST=27012022&CLV=5&MLV=5,https://climate-change.canada.ca/facility-emissions/GHGRP-G12377-2023.html,"http://indicators-map.canada.ca/App/Detail?id=0112377&GoCTemplateCulture=en-CA
"
12378,Mancal Wilson 04-14-044-05W5 Oil Battery,Mancal Energy Inc.,Calgary,,T2P 3L8,Alberta,52.78749,-114.62709,11.67,kilotonnes of carbon dioxide equivalents (kt CO2 eq),2023,Oil and gas extraction (except oil sands),https://www23.statcan.gc.ca/imdb/p3VD.pl?Function=getVD&TVD=1369825&CVD=1370970&CPV=211110&CST=27012022&CLV=5&MLV=5,https://climate-change.canada.ca/facility-emissions/GHGRP-G12378-2023.html,"http://indicators-map.canada.ca/App/Detail?id=0112378&GoCTemplateCulture=en-CA
"
12380,6-21-38-20W4M,Bearspaw Petroleum Ltd.,Stettler,,T0C 2L0,Alberta,52.2795,-112.80565,16.09,kilotonnes of carbon dioxide equivalents (kt CO2 eq),2023,Oil and gas extraction (except oil sands),https://www23.statcan.gc.ca/imdb/p3VD.pl?Function=getVD&TVD=1369825&CVD=1370970&CPV=211110&CST=27012022&CLV=5&MLV=5,https://climate-change.canada.ca/facility-emissions/GHGRP-G12380-2023.html,"http://indicators-map.canada.ca/App/Detail?id=0112380&GoCTemplateCulture=en-CA
"
12382,Kakwa Gas Processing 01-35-060-05W6,Tourmaline Oil Corp,Calgary,3700 250 6th Avenue Southwest,T2P 3H7,Alberta,54.22802,-118.62981,41.77,kilotonnes of carbon dioxide equivalents (kt CO2 eq),2023,Oil and gas extraction (except oil sands),https://www23.statcan.gc.ca/imdb/p3VD.pl?Function=getVD&TVD=1369825&CVD=1370970&CPV=211110&CST=27012022&CLV=5&MLV=5,https://climate-change.canada.ca/facility-emissions/GHGRP-G12382-2023.html,"http://indicators-map.canada.ca/App/Detail?id=0112382&GoCTemplateCulture=en-CA
"
12383,Westbrick 04-06-047-12W5 Multi-Well Battery,Westbrick Energy Ltd (1),Yellowhead County,,N/A,Alberta,53.01982,-115.75399,24.16,kilotonnes of carbon dioxide equivalents (kt CO2 eq),2023,Oil and gas extraction (except oil sands),https://www23.statcan.gc.ca/imdb/p3VD.pl?Function=getVD&TVD=1369825&CVD=1370970&CPV=211110&CST=27012022&CLV=5&MLV=5,https://climate-change.canada.ca/facility-emissions/GHGRP-G12383-2023.html,"http://indicators-map.canada.ca/App/Detail?id=0112383&GoCTemplateCulture=en-CA
"
12385,Station F Comp Station 16-09,Cenovus Energy Inc.,,,N/A,Alberta,55.05229,-119.45299,14.66,kilotonnes of carbon dioxide equivalents (kt CO2 eq),2023,Oil and gas extraction (except oil sands),https://www23.statcan.gc.ca/imdb/p3VD.pl?Function=getVD&TVD=1369825&CVD=1370970&CPV=211110&CST=27012022&CLV=5&MLV=5,https://climate-change.canada.ca/facility-emissions/GHGRP-G12385-2023.html,"http://indicators-map.canada.ca/App/Detail?id=0112385&GoCTemplateCulture=en-CA
"
12386,AG20 ABGS0103389 GAYFORD 12-35 GGS,Ember Resources Inc.,Gayford,,T2P 4H2,Alberta,51.2638,-113.1994,13.84,kilotonnes of carbon dioxide equivalents (kt CO2 eq),2023,Oil and gas extraction (except oil sands),https://www23.statcan.gc.ca/imdb/p3VD.pl?Function=getVD&TVD=1369825&CVD=1370970&CPV=211110&CST=27012022&CLV=5&MLV=5,https://climate-change.canada.ca/facility-emissions/GHGRP-G12386-2023.html,"http://indicators-map.canada.ca/App/Detail?id=0112386&GoCTemplateCulture=en-CA
"
12387,Mantario Oil Battery 13-32-027-27W3,Canadian Natural Resources Limited,Lloydminster,6603 44  Street,T9V 2G6,Saskatchewan,51.35592,-109.77258,15.58,kilotonnes of carbon dioxide equivalents (kt CO2 eq),2023,Oil and gas extraction (except oil sands),https://www23.statcan.gc.ca/imdb/p3VD.pl?Function=getVD&TVD=1369825&CVD=1370970&CPV=211110&CST=27012022&CLV=5&MLV=5,https://climate-change.canada.ca/facility-emissions/GHGRP-G12387-2023.html,"http://indicators-map.canada.ca/App/Detail?id=0112387&GoCTemplateCulture=en-CA
"
12389,Nig Creek Sour Gas Plant b-048-G,Canadian Natural Resources Limited,Buick,,N/A,British Columbia,57.11875,-121.72187,38.92,kilotonnes of carbon dioxide equivalents (kt CO2 eq),2023,Oil and gas extraction (except oil sands),https://www23.statcan.gc.ca/imdb/p3VD.pl?Function=getVD&TVD=1369825&CVD=1370970&CPV=211110&CST=27012022&CLV=5&MLV=5,https://climate-change.canada.ca/facility-emissions/GHGRP-G12389-2023.html,"http://indicators-map.canada.ca/App/Detail?id=0112389&GoCTemplateCulture=en-CA
"
12390,Gerald Parisien Energy Facility,FortisOntario Inc.,Cornwall,700 Adolphus Street,K6H 5V3,Ontario,45.0278,-74.727,8.22,kilotonnes of carbon dioxide equivalents (kt CO2 eq),2023,Fossil-Fuel Electric Power Generation,https://www23.statcan.gc.ca/imdb/p3VD.pl?Function=getVD&TVD=1369825&CVD=1370970&CPV=221112&CST=27012022&CLV=5&MLV=5,https://climate-change.canada.ca/facility-emissions/GHGRP-G12390-2023.html,"http://indicators-map.canada.ca/App/Detail?id=0112390&GoCTemplateCulture=en-CA
"
12391,Medicine Lodge Gas Plant (14-03-052-23W5) - TOU,Tourmaline Oil Corp,Hinton,,N/A,Alberta,53.4666,-117.3095,20.15,kilotonnes of carbon dioxide equivalents (kt CO2 eq),2023,Oil and gas extraction (except oil sands),https://www23.statcan.gc.ca/imdb/p3VD.pl?Function=getVD&TVD=1369825&CVD=1370970&CPV=211110&CST=27012022&CLV=5&MLV=5,https://climate-change.canada.ca/facility-emissions/GHGRP-G12391-2023.html,"http://indicators-map.canada.ca/App/Detail?id=0112391&GoCTemplateCulture=en-CA
"
12394,Pipestone 05-36-071-07W6 Battery,Tidewater Midstream and Infrastructure Ltd.,Dimsdale,,N/A,Alberta,55.19205,-118.94735,14.84,kilotonnes of carbon dioxide equivalents (kt CO2 eq),2023,Oil and gas extraction (except oil sands),https://www23.statcan.gc.ca/imdb/p3VD.pl?Function=getVD&TVD=1369825&CVD=1370970&CPV=211110&CST=27012022&CLV=5&MLV=5,https://climate-change.canada.ca/facility-emissions/GHGRP-G12394-2023.html,"http://indicators-map.canada.ca/App/Detail?id=0112394&GoCTemplateCulture=en-CA
"
12395,VEHCOM MANUFACTURING,Vehcom Manufacturing,Guelph,74 Campbell Road,N1H 1C1,Ontario,43.5495,-80.288,11,kilotonnes of carbon dioxide equivalents (kt CO2 eq),2023,Motor Vehicle Transmission and Power Train Parts Manufacturing,https://www23.statcan.gc.ca/imdb/p3VD.pl?Function=getVD&TVD=1369825&CVD=1370970&CPV=336350&CST=27012022&CLV=5&MLV=5,https://climate-change.canada.ca/facility-emissions/GHGRP-G12395-2023.html,"http://indicators-map.canada.ca/App/Detail?id=0112395&GoCTemplateCulture=en-CA
"
12397,Carmichael 13-15-011-19W3 BTY,Whitecap Resources Inc.,Carmichael,,N/A,Saskatchewan,49.91501,-108.52732,14.82,kilotonnes of carbon dioxide equivalents (kt CO2 eq),2023,Oil and gas extraction (except oil sands),https://www23.statcan.gc.ca/imdb/p3VD.pl?Function=getVD&TVD=1369825&CVD=1370970&CPV=211110&CST=27012022&CLV=5&MLV=5,https://climate-change.canada.ca/facility-emissions/GHGRP-G12397-2023.html,"http://indicators-map.canada.ca/App/Detail?id=0112397&GoCTemplateCulture=en-CA
"
12398,MURPHY 08-03 WASKAHIGAN,Cygnet Energy Ltd.,Fox Creek,,N/A,Alberta,54.50704,-117.53372,4.87,kilotonnes of carbon dioxide equivalents (kt CO2 eq),2023,Oil and gas extraction (except oil sands),https://www23.statcan.gc.ca/imdb/p3VD.pl?Function=getVD&TVD=1369825&CVD=1370970&CPV=211110&CST=27012022&CLV=5&MLV=5,https://climate-change.canada.ca/facility-emissions/GHGRP-G12398-2023.html,"http://indicators-map.canada.ca/App/Detail?id=0112398&GoCTemplateCulture=en-CA
"
12399,BILBO 04-25 GROUP GAS BTY,HARVEST OPERATIONS CORP.,,,N/A,Alberta,54.51,-118.17,17.42,kilotonnes of carbon dioxide equivalents (kt CO2 eq),2023,Oil and gas extraction (except oil sands),https://www23.statcan.gc.ca/imdb/p3VD.pl?Function=getVD&TVD=1369825&CVD=1370970&CPV=211110&CST=27012022&CLV=5&MLV=5,https://climate-change.canada.ca/facility-emissions/GHGRP-G12399-2023.html,"http://indicators-map.canada.ca/App/Detail?id=0112399&GoCTemplateCulture=en-CA
"
12400,Conserve Joffre 15-17-39-26-w4,DEL Canada GP Ltd.,Joffre,,N/A,Alberta,52.3593,-113.7152,10.12,kilotonnes of carbon dioxide equivalents (kt CO2 eq),2023,Oil and gas extraction (except oil sands),https://www23.statcan.gc.ca/imdb/p3VD.pl?Function=getVD&TVD=1369825&CVD=1370970&CPV=211110&CST=27012022&CLV=5&MLV=5,https://climate-change.canada.ca/facility-emissions/GHGRP-G12400-2023.html,"http://indicators-map.canada.ca/App/Detail?id=0112400&GoCTemplateCulture=en-CA
"
12401,Wintering Hills gas Plant 01-18-025-17W4,Torxen Energy Ltd.,,2700 240 4 Avenue Southwest,T2P 4H4,Alberta,51.12694,-112.35699,14.29,kilotonnes of carbon dioxide equivalents (kt CO2 eq),2023,Oil and gas extraction (except oil sands),https://www23.statcan.gc.ca/imdb/p3VD.pl?Function=getVD&TVD=1369825&CVD=1370970&CPV=211110&CST=27012022&CLV=5&MLV=5,https://climate-change.canada.ca/facility-emissions/GHGRP-G12401-2023.html,"http://indicators-map.canada.ca/App/Detail?id=0112401&GoCTemplateCulture=en-CA
"
12402,"Williams Lake Lumber, a division of West Fraser Mills Ltd.",West Fraser Mills Ltd.,Williams Lake,4255 Rottacker Road,V2G 2V4,British Columbia,52.1604,-122.1854,9.3,kilotonnes of carbon dioxide equivalents (kt CO2 eq),2023,Sawmills (except Shingle and Shake Mills),https://www23.statcan.gc.ca/imdb/p3VD.pl?Function=getVD&TVD=1369825&CVD=1370970&CPV=321111&CST=27012022&CLV=5&MLV=5,https://climate-change.canada.ca/facility-emissions/GHGRP-G12402-2023.html,"http://indicators-map.canada.ca/App/Detail?id=0112402&GoCTemplateCulture=en-CA
"
12404,Eldorado Gold (Québec) Inc.,Eldorado Gold (Québec) Inc.,Val D'or,300 3e Avenue Est Avenue East,J9P 0J6,Quebec,48.63633,-77.45517,15.2,kilotonnes of carbon dioxide equivalents (kt CO2 eq),2023,Gold and Silver Ore Mining,https://www23.statcan.gc.ca/imdb/p3VD.pl?Function=getVD&TVD=1369825&CVD=1370970&CPV=212220&CST=27012022&CLV=5&MLV=5,https://climate-change.canada.ca/facility-emissions/GHGRP-G12404-2023.html,"http://indicators-map.canada.ca/App/Detail?id=0112404&GoCTemplateCulture=en-CA
"
12407,Ghost Pine No.1 Comp Station 06-05,Pine Cliff Energy Ltd.,,,N/A,Alberta,51.6245,-112.9526,10.85,kilotonnes of carbon dioxide equivalents (kt CO2 eq),2023,Oil and gas extraction (except oil sands),https://www23.statcan.gc.ca/imdb/p3VD.pl?Function=getVD&TVD=1369825&CVD=1370970&CPV=211110&CST=27012022&CLV=5&MLV=5,https://climate-change.canada.ca/facility-emissions/GHGRP-G12407-2023.html,"http://indicators-map.canada.ca/App/Detail?id=0112407&GoCTemplateCulture=en-CA
"
12409,POLAR DIVISION,Canadian Forest Products Ltd,Bear Lake,36654 Hart Highway,V0J 3G0,British Columbia,54.5007,-122.674,6.68,kilotonnes of carbon dioxide equivalents (kt CO2 eq),2023,Sawmills (except Shingle and Shake Mills),https://www23.statcan.gc.ca/imdb/p3VD.pl?Function=getVD&TVD=1369825&CVD=1370970&CPV=321111&CST=27012022&CLV=5&MLV=5,https://climate-change.canada.ca/facility-emissions/GHGRP-G12409-2023.html,"http://indicators-map.canada.ca/App/Detail?id=0112409&GoCTemplateCulture=en-CA
"
12411,"Chetwynd Forest Industries, a division of West Fraser Mills L",West Fraser Mills Ltd.,Chetwynd,3598 West Fraser Road,V0C 1J0,British Columbia,55.72361,-121.55667,6.4,kilotonnes of carbon dioxide equivalents (kt CO2 eq),2023,Sawmills (except Shingle and Shake Mills),https://www23.statcan.gc.ca/imdb/p3VD.pl?Function=getVD&TVD=1369825&CVD=1370970&CPV=321111&CST=27012022&CLV=5&MLV=5,https://climate-change.canada.ca/facility-emissions/GHGRP-G12411-2023.html,"http://indicators-map.canada.ca/App/Detail?id=0112411&GoCTemplateCulture=en-CA
"
12412,Grizzly North  Comp Stn A-074-G,Canadian Natural Resources Limited,,,N/A,British Columbia,54.8938,-120.6656,13.84,kilotonnes of carbon dioxide equivalents (kt CO2 eq),2023,Oil and gas extraction (except oil sands),https://www23.statcan.gc.ca/imdb/p3VD.pl?Function=getVD&TVD=1369825&CVD=1370970&CPV=211110&CST=27012022&CLV=5&MLV=5,https://climate-change.canada.ca/facility-emissions/GHGRP-G12412-2023.html,"http://indicators-map.canada.ca/App/Detail?id=0112412&GoCTemplateCulture=en-CA
"
12417,NRK SUNCHILD 11-18 COMPRESSOR,Taqa North Ltd.,Alhambra,1 9546PH44+QQ,N/A,Alberta,52.707,-115.4431,13.37,kilotonnes of carbon dioxide equivalents (kt CO2 eq),2023,Oil and gas extraction (except oil sands),https://www23.statcan.gc.ca/imdb/p3VD.pl?Function=getVD&TVD=1369825&CVD=1370970&CPV=211110&CST=27012022&CLV=5&MLV=5,https://climate-change.canada.ca/facility-emissions/GHGRP-G12417-2023.html,"http://indicators-map.canada.ca/App/Detail?id=0112417&GoCTemplateCulture=en-CA
"
12422,PepsiCo Beverage Company,The Pepsi Bottling Group,Mississauga,5900 Falbourne Street,L5R 3M2,Ontario,43.617,-79.683,10.69,kilotonnes of carbon dioxide equivalents (kt CO2 eq),2023,Soft Drink and Ice Manufacturing,https://www23.statcan.gc.ca/imdb/p3VD.pl?Function=getVD&TVD=1369825&CVD=1370970&CPV=312110&CST=27012022&CLV=5&MLV=5,https://climate-change.canada.ca/facility-emissions/GHGRP-G12422-2023.html,"http://indicators-map.canada.ca/App/Detail?id=0112422&GoCTemplateCulture=en-CA
"
12423,Wembley Comp Stn 03-01,Advantage Energy Ltd.,Calgary,2200 440 2 Avenue Southwest,T2P 5E9,Alberta,55.28866,-119.09321,25.73,kilotonnes of carbon dioxide equivalents (kt CO2 eq),2023,Oil and gas extraction (except oil sands),https://www23.statcan.gc.ca/imdb/p3VD.pl?Function=getVD&TVD=1369825&CVD=1370970&CPV=211110&CST=27012022&CLV=5&MLV=5,https://climate-change.canada.ca/facility-emissions/GHGRP-G12423-2023.html,"http://indicators-map.canada.ca/App/Detail?id=0112423&GoCTemplateCulture=en-CA
"
12425,Grace Family Farms Ltd,Grace Family Farms Limited,Leamington,221 Essex Road 18 Road,N8H 3V5,Ontario,42.07214,-82.61057,9.2,kilotonnes of carbon dioxide equivalents (kt CO2 eq),2023,Other Food Crops Grown Under Cover,https://www23.statcan.gc.ca/imdb/p3VD.pl?Function=getVD&TVD=1369825&CVD=1370970&CPV=111419&CST=27012022&CLV=5&MLV=5,https://climate-change.canada.ca/facility-emissions/GHGRP-G12425-2023.html,"http://indicators-map.canada.ca/App/Detail?id=0112425&GoCTemplateCulture=en-CA
"
12428,Princess Compressor Station 01-28-020-10W4,Canadian Natural Resources Limited,,,N/A,Alberta,50.6895,-111.5548,10.87,kilotonnes of carbon dioxide equivalents (kt CO2 eq),2023,Oil and gas extraction (except oil sands),https://www23.statcan.gc.ca/imdb/p3VD.pl?Function=getVD&TVD=1369825&CVD=1370970&CPV=211110&CST=27012022&CLV=5&MLV=5,https://climate-change.canada.ca/facility-emissions/GHGRP-G12428-2023.html,"http://indicators-map.canada.ca/App/Detail?id=0112428&GoCTemplateCulture=en-CA
"
12430,Verger North Comp Stn 06-18-022-14W4,Torxen Energy Ltd.,,,N/A,Alberta,50.86859,-111.9349,11.17,kilotonnes of carbon dioxide equivalents (kt CO2 eq),2023,Oil and gas extraction (except oil sands),https://www23.statcan.gc.ca/imdb/p3VD.pl?Function=getVD&TVD=1369825&CVD=1370970&CPV=211110&CST=27012022&CLV=5&MLV=5,https://climate-change.canada.ca/facility-emissions/GHGRP-G12430-2023.html,"http://indicators-map.canada.ca/App/Detail?id=0112430&GoCTemplateCulture=en-CA
"
12432,Pipestone Compressor Station 14-27-072-09W6,Ovintiv Canada ULC,Grande Prairie,12002 97  Avenue,T8W 0J7,Alberta,55.27061,-119.29672,17.27,kilotonnes of carbon dioxide equivalents (kt CO2 eq),2023,Oil and gas extraction (except oil sands),https://www23.statcan.gc.ca/imdb/p3VD.pl?Function=getVD&TVD=1369825&CVD=1370970&CPV=211110&CST=27012022&CLV=5&MLV=5,https://climate-change.canada.ca/facility-emissions/GHGRP-G12432-2023.html,"http://indicators-map.canada.ca/App/Detail?id=0112432&GoCTemplateCulture=en-CA
"
12435,Mitchell,Lactalis Canada Inc.,Mitchell,100 St. George Street,N0K 1N0,Ontario,43.4676,-81.1989,10.37,kilotonnes of carbon dioxide equivalents (kt CO2 eq),2023,"Butter, Cheese, and Dry and Condensed Dairy Products Manufacturing",https://www23.statcan.gc.ca/imdb/p3VD.pl?Function=getVD&TVD=1369825&CVD=1370970&CPV=311515&CST=27012022&CLV=5&MLV=5,https://climate-change.canada.ca/facility-emissions/GHGRP-G12435-2023.html,"http://indicators-map.canada.ca/App/Detail?id=0112435&GoCTemplateCulture=en-CA
"
12436,Brownfield Sweet Gas Plant,Karve Energy Inc.,Castor,,N/A,Alberta,52.3193,-111.4776,10.84,kilotonnes of carbon dioxide equivalents (kt CO2 eq),2023,Oil and gas extraction (except oil sands),https://www23.statcan.gc.ca/imdb/p3VD.pl?Function=getVD&TVD=1369825&CVD=1370970&CPV=211110&CST=27012022&CLV=5&MLV=5,https://climate-change.canada.ca/facility-emissions/GHGRP-G12436-2023.html,"http://indicators-map.canada.ca/App/Detail?id=0112436&GoCTemplateCulture=en-CA
"
12437,Sandy Lake Diesel Generating Station,Hydro One Remote Communities Inc.,Sandy Lake,General Delivery,P0V 1V0,Ontario,53.07,-93.35,10.89,kilotonnes of carbon dioxide equivalents (kt CO2 eq),2023,Fossil-Fuel Electric Power Generation,https://www23.statcan.gc.ca/imdb/p3VD.pl?Function=getVD&TVD=1369825&CVD=1370970&CPV=221112&CST=27012022&CLV=5&MLV=5,https://climate-change.canada.ca/facility-emissions/GHGRP-G12437-2023.html,"http://indicators-map.canada.ca/App/Detail?id=0112437&GoCTemplateCulture=en-CA
"
12439,"Quesnel Plywood, a division of West Fraser Mills Ltd.",West Fraser Mills Ltd.,Quesnel,2000 Plywood Road,V2J 3J5,British Columbia,52.9475,-122.4861,11.27,kilotonnes of carbon dioxide equivalents (kt CO2 eq),2023,Softwood Veneer and Plywood Mills,https://www23.statcan.gc.ca/imdb/p3VD.pl?Function=getVD&TVD=1369825&CVD=1370970&CPV=321212&CST=27012022&CLV=5&MLV=5,https://climate-change.canada.ca/facility-emissions/GHGRP-G12439-2023.html,"http://indicators-map.canada.ca/App/Detail?id=0112439&GoCTemplateCulture=en-CA
"
12440,Birchmount Energy Centre,Markham District Energy Inc.,Markham,7900 Birchmount Road,L6G 0E2,Ontario,43.84532,-79.32394,15.2,kilotonnes of carbon dioxide equivalents (kt CO2 eq),2023,Steam and Air-Conditioning Supply,https://www23.statcan.gc.ca/imdb/p3VD.pl?Function=getVD&TVD=1369825&CVD=1370970&CPV=221330&CST=27012022&CLV=5&MLV=5,https://climate-change.canada.ca/facility-emissions/GHGRP-G12440-2023.html,"http://indicators-map.canada.ca/App/Detail?id=0112440&GoCTemplateCulture=en-CA
"
12445,CS12 14-11 Hub,NorthRiver Midstream Inc.,Spirit River,,T0H 3G0,Alberta,56.01423,-119.60833,2.7,kilotonnes of carbon dioxide equivalents (kt CO2 eq),2023,Oil and gas extraction (except oil sands),https://www23.statcan.gc.ca/imdb/p3VD.pl?Function=getVD&TVD=1369825&CVD=1370970&CPV=211110&CST=27012022&CLV=5&MLV=5,https://climate-change.canada.ca/facility-emissions/GHGRP-G12445-2023.html,"http://indicators-map.canada.ca/App/Detail?id=0112445&GoCTemplateCulture=en-CA
"
12446,Clegg Energy Centre,Markham District Energy Inc.,Markham,140 South Town Centre Drive,L6G 1C3,Ontario,43.8507,-79.3381,1.27,kilotonnes of carbon dioxide equivalents (kt CO2 eq),2023,Steam and Air-Conditioning Supply,https://www23.statcan.gc.ca/imdb/p3VD.pl?Function=getVD&TVD=1369825&CVD=1370970&CPV=221330&CST=27012022&CLV=5&MLV=5,https://climate-change.canada.ca/facility-emissions/GHGRP-G12446-2023.html,"http://indicators-map.canada.ca/App/Detail?id=0112446&GoCTemplateCulture=en-CA
"
12447,Donkin Mine,KAMERON COAL MANAGEMENT LIMITED,Donkin,750 Longbeach Road,B1A 6P8,Nova Scotia,46.17779,-59.8259,243.93,kilotonnes of carbon dioxide equivalents (kt CO2 eq),2023,Bituminous Coal Mining,https://www23.statcan.gc.ca/imdb/p3VD.pl?Function=getVD&TVD=1369825&CVD=1370970&CPV=212114&CST=27012022&CLV=5&MLV=5,https://climate-change.canada.ca/facility-emissions/GHGRP-G12447-2023.html,"http://indicators-map.canada.ca/App/Detail?id=0112447&GoCTemplateCulture=en-CA
"
12448,Waterton Complex - Compressor Station X,PIERIDAE ALBERTA PRODUCTION LTD.,Pincher Creek,,T0K 1W0,Alberta,49.2292,-114.0291,9.63,kilotonnes of carbon dioxide equivalents (kt CO2 eq),2023,Oil and gas extraction (except oil sands),https://www23.statcan.gc.ca/imdb/p3VD.pl?Function=getVD&TVD=1369825&CVD=1370970&CPV=211110&CST=27012022&CLV=5&MLV=5,https://climate-change.canada.ca/facility-emissions/GHGRP-G12448-2023.html,"http://indicators-map.canada.ca/App/Detail?id=0112448&GoCTemplateCulture=en-CA
"
12449,Lieu d'Enfouissement Sanitaire de l'Ascension,Municipalité Régionale de Comté de Lac-Saint-Jean-Est,L'Ascension,5955 Uniforêt Route,G0W 1Y0,Quebec,48.46215,-71.34168,21.14,kilotonnes of carbon dioxide equivalents (kt CO2 eq),2023,Waste Treatment and Disposal,https://www23.statcan.gc.ca/imdb/p3VD.pl?Function=getVD&TVD=1369825&CVD=1370970&CPV=562210&CST=27012022&CLV=5&MLV=5,https://climate-change.canada.ca/facility-emissions/GHGRP-G12449-2023.html,"http://indicators-map.canada.ca/App/Detail?id=0112449&GoCTemplateCulture=en-CA
"
12451,Belleville Plant,WK Kellogg Canada Corp.,Belleville,501 College Street,K8N 0A3,Ontario,44.917,-77.3559,10.27,kilotonnes of carbon dioxide equivalents (kt CO2 eq),2023,Breakfast Cereal Manufacturing,https://www23.statcan.gc.ca/imdb/p3VD.pl?Function=getVD&TVD=1369825&CVD=1370970&CPV=311230&CST=27012022&CLV=5&MLV=5,https://climate-change.canada.ca/facility-emissions/GHGRP-G12451-2023.html,"http://indicators-map.canada.ca/App/Detail?id=0112451&GoCTemplateCulture=en-CA
"
12453,Municipalité de Saint-Alphonse- LET,Régie intermunicipale de gestion des matières résiduelles Av,Saint Alphonse,222 Rang 5 Road,G0C 2V0,Quebec,48.09366,-65.37196,17.55,kilotonnes of carbon dioxide equivalents (kt CO2 eq),2023,Waste Treatment and Disposal,https://www23.statcan.gc.ca/imdb/p3VD.pl?Function=getVD&TVD=1369825&CVD=1370970&CPV=562210&CST=27012022&CLV=5&MLV=5,https://climate-change.canada.ca/facility-emissions/GHGRP-G12453-2023.html,"http://indicators-map.canada.ca/App/Detail?id=0112453&GoCTemplateCulture=en-CA
"
12454,Laprise Gas Plant (B-24-H / 94-G-08),Tourmaline Oil Corp,Beatton River,Laprise Road,N/A,British Columbia,57.3535,-122.0505,69.6,kilotonnes of carbon dioxide equivalents (kt CO2 eq),2023,Oil and gas extraction (except oil sands),https://www23.statcan.gc.ca/imdb/p3VD.pl?Function=getVD&TVD=1369825&CVD=1370970&CPV=211110&CST=27012022&CLV=5&MLV=5,https://climate-change.canada.ca/facility-emissions/GHGRP-G12454-2023.html,"http://indicators-map.canada.ca/App/Detail?id=0112454&GoCTemplateCulture=en-CA
"
12455,Bimbo Canada EPS - Integrated Facility,"Canada Bread Company, Limited",Hannon,745 Nebo Road,L0R 1P0,Ontario,43.1752,-79.84457,12.07,kilotonnes of carbon dioxide equivalents (kt CO2 eq),2023,Commercial Bakeries and Frozen Bakery Product Manufacturing,https://www23.statcan.gc.ca/imdb/p3VD.pl?Function=getVD&TVD=1369825&CVD=1370970&CPV=311814&CST=27012022&CLV=5&MLV=5,https://climate-change.canada.ca/facility-emissions/GHGRP-G12455-2023.html,"http://indicators-map.canada.ca/App/Detail?id=0112455&GoCTemplateCulture=en-CA
"
12456,Montreal Plant (024),CGC Inc.,Montréal,7200 Notre Dame Street,H1N 3L6,Quebec,45.5811,-73.5102,35.97,kilotonnes of carbon dioxide equivalents (kt CO2 eq),2023,Gypsum Product Manufacturing,https://www23.statcan.gc.ca/imdb/p3VD.pl?Function=getVD&TVD=1369825&CVD=1370970&CPV=327420&CST=27012022&CLV=5&MLV=5,https://climate-change.canada.ca/facility-emissions/GHGRP-G12456-2023.html,"http://indicators-map.canada.ca/App/Detail?id=0112456&GoCTemplateCulture=en-CA
"
12458,GSENR MAXHAMISHLAKE A-060-I/094-O-11,Bench Creek Resources Ltd.,Northern Rockies A,,N/A,British Columbia,59.71042,-123.11562,11.36,kilotonnes of carbon dioxide equivalents (kt CO2 eq),2023,Oil and gas extraction (except oil sands),https://www23.statcan.gc.ca/imdb/p3VD.pl?Function=getVD&TVD=1369825&CVD=1370970&CPV=211110&CST=27012022&CLV=5&MLV=5,https://climate-change.canada.ca/facility-emissions/GHGRP-G12458-2023.html,"http://indicators-map.canada.ca/App/Detail?id=0112458&GoCTemplateCulture=en-CA
"
12459,Eagle Gold Mine,Victoria Gold Corp.,Vancouver,1000 1050 West Pender Street,V6E 3S7,British Columbia,64.02,-135.81839,53.74,kilotonnes of carbon dioxide equivalents (kt CO2 eq),2023,Gold and Silver Ore Mining,https://www23.statcan.gc.ca/imdb/p3VD.pl?Function=getVD&TVD=1369825&CVD=1370970&CPV=212220&CST=27012022&CLV=5&MLV=5,https://climate-change.canada.ca/facility-emissions/GHGRP-G12459-2023.html,"http://indicators-map.canada.ca/App/Detail?id=0112459&GoCTemplateCulture=en-CA
"
12460,Kaybob 10-29-063-23W5 Gas Plant,Kiwetinohk Energy Corp.,Simonette,,N/A,Alberta,54.4807,-117.44062,54.33,kilotonnes of carbon dioxide equivalents (kt CO2 eq),2023,Oil and gas extraction (except oil sands),https://www23.statcan.gc.ca/imdb/p3VD.pl?Function=getVD&TVD=1369825&CVD=1370970&CPV=211110&CST=27012022&CLV=5&MLV=5,https://climate-change.canada.ca/facility-emissions/GHGRP-G12460-2023.html,"http://indicators-map.canada.ca/App/Detail?id=0112460&GoCTemplateCulture=en-CA
"
12461,Kaybob 05-31-062-24W5 Gas Plant,Kiwetinohk Energy Corp.,Simonette,,N/A,Alberta,54.40348,-117.5985,24.11,kilotonnes of carbon dioxide equivalents (kt CO2 eq),2023,Oil and gas extraction (except oil sands),https://www23.statcan.gc.ca/imdb/p3VD.pl?Function=getVD&TVD=1369825&CVD=1370970&CPV=211110&CST=27012022&CLV=5&MLV=5,https://climate-change.canada.ca/facility-emissions/GHGRP-G12461-2023.html,"http://indicators-map.canada.ca/App/Detail?id=0112461&GoCTemplateCulture=en-CA
"
12466,Côté Gold,Iamgold Corporation,Gogama,3 Mesomikenda Lake Road,P0M 1W0,Ontario,47.55556,-81.94055,91.04,kilotonnes of carbon dioxide equivalents (kt CO2 eq),2023,Gold and Silver Ore Mining,https://www23.statcan.gc.ca/imdb/p3VD.pl?Function=getVD&TVD=1369825&CVD=1370970&CPV=212220&CST=27012022&CLV=5&MLV=5,https://climate-change.canada.ca/facility-emissions/GHGRP-G12466-2023.html,"http://indicators-map.canada.ca/App/Detail?id=0112466&GoCTemplateCulture=en-CA
"
12467,Palliser Dehy Facility 14-36-61-13W6,PIERIDAE ALBERTA PRODUCTION LTD.,,,N/A,Alberta,54.325,-119.815,13.2,kilotonnes of carbon dioxide equivalents (kt CO2 eq),2023,Oil and gas extraction (except oil sands),https://www23.statcan.gc.ca/imdb/p3VD.pl?Function=getVD&TVD=1369825&CVD=1370970&CPV=211110&CST=27012022&CLV=5&MLV=5,https://climate-change.canada.ca/facility-emissions/GHGRP-G12467-2023.html,"http://indicators-map.canada.ca/App/Detail?id=0112467&GoCTemplateCulture=en-CA
"
12472,Astra Lampman 08-03-05-06 W2M,Surge Energy Inc.,Lampman,,N/A,Saskatchewan,49.35319,-102.72642,14.87,kilotonnes of carbon dioxide equivalents (kt CO2 eq),2023,Oil and gas extraction (except oil sands),https://www23.statcan.gc.ca/imdb/p3VD.pl?Function=getVD&TVD=1369825&CVD=1370970&CPV=211110&CST=27012022&CLV=5&MLV=5,https://climate-change.canada.ca/facility-emissions/GHGRP-G12472-2023.html,"http://indicators-map.canada.ca/App/Detail?id=0112472&GoCTemplateCulture=en-CA
"
12474,Provost Gas Plant 08-14-040-03W4,Surge Energy Inc.,Provost,,N/A,Alberta,52.4393,-110.3164,10.43,kilotonnes of carbon dioxide equivalents (kt CO2 eq),2023,Oil and gas extraction (except oil sands),https://www23.statcan.gc.ca/imdb/p3VD.pl?Function=getVD&TVD=1369825&CVD=1370970&CPV=211110&CST=27012022&CLV=5&MLV=5,https://climate-change.canada.ca/facility-emissions/GHGRP-G12474-2023.html,"http://indicators-map.canada.ca/App/Detail?id=0112474&GoCTemplateCulture=en-CA
"
12475,Pipestone North 16-28-71-09W6 GS,NuVista Energy Ltd.,Calgary,2500 525 8th Avenue Southwest,T2P 1G1,Alberta,55.18332,-119.31112,88.37,kilotonnes of carbon dioxide equivalents (kt CO2 eq),2023,Oil and gas extraction (except oil sands),https://www23.statcan.gc.ca/imdb/p3VD.pl?Function=getVD&TVD=1369825&CVD=1370970&CPV=211110&CST=27012022&CLV=5&MLV=5,https://climate-change.canada.ca/facility-emissions/GHGRP-G12475-2023.html,"http://indicators-map.canada.ca/App/Detail?id=0112475&GoCTemplateCulture=en-CA
"
12477,Wildrose 16-25-048-13W5 Gas Plant,Tidewater Midstream and Infrastructure Ltd.,Lodgepole,,N/A,Alberta,53.17555,-115.75781,8.97,kilotonnes of carbon dioxide equivalents (kt CO2 eq),2023,Oil and gas extraction (except oil sands),https://www23.statcan.gc.ca/imdb/p3VD.pl?Function=getVD&TVD=1369825&CVD=1370970&CPV=211110&CST=27012022&CLV=5&MLV=5,https://climate-change.canada.ca/facility-emissions/GHGRP-G12477-2023.html,"http://indicators-map.canada.ca/App/Detail?id=0112477&GoCTemplateCulture=en-CA
"
12478,Kaybob 05-33 Gathering Station,Veren Inc.,,,T0H 1P0,Alberta,54.29331,-116.58191,42.75,kilotonnes of carbon dioxide equivalents (kt CO2 eq),2023,Oil and gas extraction (except oil sands),https://www23.statcan.gc.ca/imdb/p3VD.pl?Function=getVD&TVD=1369825&CVD=1370970&CPV=211110&CST=27012022&CLV=5&MLV=5,https://climate-change.canada.ca/facility-emissions/GHGRP-G12478-2023.html,"http://indicators-map.canada.ca/App/Detail?id=0112478&GoCTemplateCulture=en-CA
"
12483,Nipisi 15-31-076-06W5,Spur Petroleum Ltd.,,,N/A,Alberta,55.63388,-114.91657,13.65,kilotonnes of carbon dioxide equivalents (kt CO2 eq),2023,Oil and gas extraction (except oil sands),https://www23.statcan.gc.ca/imdb/p3VD.pl?Function=getVD&TVD=1369825&CVD=1370970&CPV=211110&CST=27012022&CLV=5&MLV=5,https://climate-change.canada.ca/facility-emissions/GHGRP-G12483-2023.html,"http://indicators-map.canada.ca/App/Detail?id=0112483&GoCTemplateCulture=en-CA
"
12484,Marten Hills 15-29-073-24W4,Spur Petroleum Ltd.,,,N/A,Alberta,55.35729,-113.65719,35.85,kilotonnes of carbon dioxide equivalents (kt CO2 eq),2023,Oil and gas extraction (except oil sands),https://www23.statcan.gc.ca/imdb/p3VD.pl?Function=getVD&TVD=1369825&CVD=1370970&CPV=211110&CST=27012022&CLV=5&MLV=5,https://climate-change.canada.ca/facility-emissions/GHGRP-G12484-2023.html,"http://indicators-map.canada.ca/App/Detail?id=0112484&GoCTemplateCulture=en-CA
"
12485,Hardisty Diluent Recovery Unit,Gibson Energy Inc.,Hardisty,,T0B 1V0,Alberta,52.63947,-111.18278,64.05,kilotonnes of carbon dioxide equivalents (kt CO2 eq),2023,Pipeline Transportation of Crude Oil,https://www23.statcan.gc.ca/imdb/p3VD.pl?Function=getVD&TVD=1369825&CVD=1370970&CPV=486110&CST=27012022&CLV=5&MLV=5,https://climate-change.canada.ca/facility-emissions/GHGRP-G12485-2023.html,"http://indicators-map.canada.ca/App/Detail?id=0112485&GoCTemplateCulture=en-CA
"
12486,Karr South 5-35-64-02-W6,PGI Processing ULC,Greenview,Off the Forestry Truck Road Greenview No. 16,N/A,Alberta,54.58118,-118.19684,27.44,kilotonnes of carbon dioxide equivalents (kt CO2 eq),2023,Oil and gas extraction (except oil sands),https://www23.statcan.gc.ca/imdb/p3VD.pl?Function=getVD&TVD=1369825&CVD=1370970&CPV=211110&CST=27012022&CLV=5&MLV=5,https://climate-change.canada.ca/facility-emissions/GHGRP-G12486-2023.html,"http://indicators-map.canada.ca/App/Detail?id=0112486&GoCTemplateCulture=en-CA
"
12488,Centre de finition Montréal,Bombardier Inc.,Dorval,200 Vertu,H4S 2A3,Quebec,45.4787,-73.7228,10.67,kilotonnes of carbon dioxide equivalents (kt CO2 eq),2023,Aerospace Product and Parts Manufacturing,https://www23.statcan.gc.ca/imdb/p3VD.pl?Function=getVD&TVD=1369825&CVD=1370970&CPV=336410&CST=27012022&CLV=5&MLV=5,https://climate-change.canada.ca/facility-emissions/GHGRP-G12488-2023.html,"http://indicators-map.canada.ca/App/Detail?id=0112488&GoCTemplateCulture=en-CA
"
12489,Gold Creek 03-26 GP,Veren Inc.,Calgary,2000 585 8 Avenue Southwest,T2P 1G1,Alberta,54.99779,-118.65202,29.5,kilotonnes of carbon dioxide equivalents (kt CO2 eq),2023,Oil and gas extraction (except oil sands),https://www23.statcan.gc.ca/imdb/p3VD.pl?Function=getVD&TVD=1369825&CVD=1370970&CPV=211110&CST=27012022&CLV=5&MLV=5,https://climate-change.canada.ca/facility-emissions/GHGRP-G12489-2023.html,"http://indicators-map.canada.ca/App/Detail?id=0112489&GoCTemplateCulture=en-CA
"
12490,Brampton Plant,Coca Cola Canada Bottling Limited,Brampton,15 Westcreek Boulevard,L6T 5T4,Ontario,43.6819,-79.6993,11.32,kilotonnes of carbon dioxide equivalents (kt CO2 eq),2023,Soft Drink and Ice Manufacturing,https://www23.statcan.gc.ca/imdb/p3VD.pl?Function=getVD&TVD=1369825&CVD=1370970&CPV=312110&CST=27012022&CLV=5&MLV=5,https://climate-change.canada.ca/facility-emissions/GHGRP-G12490-2023.html,"http://indicators-map.canada.ca/App/Detail?id=0112490&GoCTemplateCulture=en-CA
"
12491,Weston Plant,Coca Cola Canada Bottling Limited,Toronto,24 Fenmar Drive,M9L 1L8,Ontario,43.75912,-79.53769,10.73,kilotonnes of carbon dioxide equivalents (kt CO2 eq),2023,Soft Drink and Ice Manufacturing,https://www23.statcan.gc.ca/imdb/p3VD.pl?Function=getVD&TVD=1369825&CVD=1370970&CPV=312110&CST=27012022&CLV=5&MLV=5,https://climate-change.canada.ca/facility-emissions/GHGRP-G12491-2023.html,"http://indicators-map.canada.ca/App/Detail?id=0112491&GoCTemplateCulture=en-CA
"
12494,Standen's Building 1,IMT Standen's Limited Partnership,Calgary,1222  58th Avenue Southeast,T2H 2G7,Alberta,51.00192,-114.0368,13.18,kilotonnes of carbon dioxide equivalents (kt CO2 eq),2023,Forging,https://www23.statcan.gc.ca/imdb/p3VD.pl?Function=getVD&TVD=1369825&CVD=1370970&CPV=332113&CST=27012022&CLV=5&MLV=5,https://climate-change.canada.ca/facility-emissions/GHGRP-G12494-2023.html,"http://indicators-map.canada.ca/App/Detail?id=0112494&GoCTemplateCulture=en-CA
"
12495,"Meota West 2, 06-17-46-17W3",Strathcona Resources Ltd.,Meota,,N/A,Saskatchewan,52.96544,-108.43961,247.2,kilotonnes of carbon dioxide equivalents (kt CO2 eq),2023,Oil and gas extraction (except oil sands),https://www23.statcan.gc.ca/imdb/p3VD.pl?Function=getVD&TVD=1369825&CVD=1370970&CPV=211110&CST=27012022&CLV=5&MLV=5,https://climate-change.canada.ca/facility-emissions/GHGRP-G12495-2023.html,"http://indicators-map.canada.ca/App/Detail?id=0112495&GoCTemplateCulture=en-CA
"
12496,Nylene Canada Inc.,Nylene Canada ULC.,Arnprior,200 McNab Street,K7S 3P2,Ontario,45.4358,-76.3372,8.33,kilotonnes of carbon dioxide equivalents (kt CO2 eq),2023,"Fibre, Yarn and Thread Mills",https://www23.statcan.gc.ca/imdb/p3VD.pl?Function=getVD&TVD=1369825&CVD=1370970&CPV=313110&CST=27012022&CLV=5&MLV=5,https://climate-change.canada.ca/facility-emissions/GHGRP-G12496-2023.html,"http://indicators-map.canada.ca/App/Detail?id=0112496&GoCTemplateCulture=en-CA
"
12497,Produits Kruger Sherbrooke Inc,Produits Kruger Sherbrooke Inc,Sherbrooke,330 Route de Windsor Route,J1C 0W8,Quebec,45.47756,-71.94011,51.91,kilotonnes of carbon dioxide equivalents (kt CO2 eq),2023,Paper (except Newsprint) Mills,https://www23.statcan.gc.ca/imdb/p3VD.pl?Function=getVD&TVD=1369825&CVD=1370970&CPV=322121&CST=27012022&CLV=5&MLV=5,https://climate-change.canada.ca/facility-emissions/GHGRP-G12497-2023.html,"http://indicators-map.canada.ca/App/Detail?id=0112497&GoCTemplateCulture=en-CA
"
12498,Town A-018-D/094-A-13,PETRONAS Energy Canada Ltd.,Peace River,,N/A,British Columbia,56.76042,-121.96562,30.86,kilotonnes of carbon dioxide equivalents (kt CO2 eq),2023,Oil and gas extraction (except oil sands),https://www23.statcan.gc.ca/imdb/p3VD.pl?Function=getVD&TVD=1369825&CVD=1370970&CPV=211110&CST=27012022&CLV=5&MLV=5,https://climate-change.canada.ca/facility-emissions/GHGRP-G12498-2023.html,"http://indicators-map.canada.ca/App/Detail?id=0112498&GoCTemplateCulture=en-CA
"
12499,Town B-089-J/094-B-16 Gas Plant,PETRONAS Energy Canada Ltd.,Peace River,,N/A,British Columbia,56.98542,-122.23437,81.92,kilotonnes of carbon dioxide equivalents (kt CO2 eq),2023,Oil and gas extraction (except oil sands),https://www23.statcan.gc.ca/imdb/p3VD.pl?Function=getVD&TVD=1369825&CVD=1370970&CPV=211110&CST=27012022&CLV=5&MLV=5,https://climate-change.canada.ca/facility-emissions/GHGRP-G12499-2023.html,"http://indicators-map.canada.ca/App/Detail?id=0112499&GoCTemplateCulture=en-CA
"
12501,AG20 ABGS0084509 DRY ISLAND GGS,Ember Resources Inc.,Elnora,,N/A,Alberta,51.98733,-113.14012,18.44,kilotonnes of carbon dioxide equivalents (kt CO2 eq),2023,Oil and gas extraction (except oil sands),https://www23.statcan.gc.ca/imdb/p3VD.pl?Function=getVD&TVD=1369825&CVD=1370970&CPV=211110&CST=27012022&CLV=5&MLV=5,https://climate-change.canada.ca/facility-emissions/GHGRP-G12501-2023.html,"http://indicators-map.canada.ca/App/Detail?id=0112501&GoCTemplateCulture=en-CA
"
12503,AG20 ABGS0004537 CLIVE GATHERING SYSTEM,Ember Resources Inc.,Clive,,N/A,Alberta,52.37396,-113.17468,10.27,kilotonnes of carbon dioxide equivalents (kt CO2 eq),2023,Oil and gas extraction (except oil sands),https://www23.statcan.gc.ca/imdb/p3VD.pl?Function=getVD&TVD=1369825&CVD=1370970&CPV=211110&CST=27012022&CLV=5&MLV=5,https://climate-change.canada.ca/facility-emissions/GHGRP-G12503-2023.html,"http://indicators-map.canada.ca/App/Detail?id=0112503&GoCTemplateCulture=en-CA
"
12505,Mitsue Plant,Tiger Calcium Services Inc,Md of Lesser Slave River N0. 1,4505 Township Road 724C Mitsue Industrial Park Road,T0G 2A0,Alberta,55.26911,-114.59559,15.55,kilotonnes of carbon dioxide equivalents (kt CO2 eq),2023,All Other Miscellaneous Chemical Product Manufacturing,https://www23.statcan.gc.ca/imdb/p3VD.pl?Function=getVD&TVD=1369825&CVD=1370970&CPV=325999&CST=27012022&CLV=5&MLV=5,https://climate-change.canada.ca/facility-emissions/GHGRP-G12505-2023.html,"http://indicators-map.canada.ca/App/Detail?id=0112505&GoCTemplateCulture=en-CA
"
12506,Edmonton South Power Plant,Enbridge Pipelines Inc.,Edmonton,,N/A,Alberta,53.5461,-113.4938,60.22,kilotonnes of carbon dioxide equivalents (kt CO2 eq),2023,Fossil-Fuel Electric Power Generation,https://www23.statcan.gc.ca/imdb/p3VD.pl?Function=getVD&TVD=1369825&CVD=1370970&CPV=221112&CST=27012022&CLV=5&MLV=5,https://climate-change.canada.ca/facility-emissions/GHGRP-G12506-2023.html,"http://indicators-map.canada.ca/App/Detail?id=0112506&GoCTemplateCulture=en-CA
"
12508,Browning 04-23-006-07W2 MWB,Whitecap Resources Inc.,,,N/A,Saskatchewan,49.48101,-102.85575,18.73,kilotonnes of carbon dioxide equivalents (kt CO2 eq),2023,Oil and gas extraction (except oil sands),https://www23.statcan.gc.ca/imdb/p3VD.pl?Function=getVD&TVD=1369825&CVD=1370970&CPV=211110&CST=27012022&CLV=5&MLV=5,https://climate-change.canada.ca/facility-emissions/GHGRP-G12508-2023.html,"http://indicators-map.canada.ca/App/Detail?id=0112508&GoCTemplateCulture=en-CA
"
12512,Whitecap Garrington 08-15-034-04W5M,Whitecap Resources Inc.,Garrington,,N/A,Alberta,51.91697,-114.47722,17.46,kilotonnes of carbon dioxide equivalents (kt CO2 eq),2023,Oil and gas extraction (except oil sands),https://www23.statcan.gc.ca/imdb/p3VD.pl?Function=getVD&TVD=1369825&CVD=1370970&CPV=211110&CST=27012022&CLV=5&MLV=5,https://climate-change.canada.ca/facility-emissions/GHGRP-G12512-2023.html,"http://indicators-map.canada.ca/App/Detail?id=0112512&GoCTemplateCulture=en-CA
"
12513,Verendrye 04-22-028-24W3 MWB,Whitecap Resources Inc.,,,N/A,Saskatchewan,51.40381,-109.30582,11.22,kilotonnes of carbon dioxide equivalents (kt CO2 eq),2023,Oil and gas extraction (except oil sands),https://www23.statcan.gc.ca/imdb/p3VD.pl?Function=getVD&TVD=1369825&CVD=1370970&CPV=211110&CST=27012022&CLV=5&MLV=5,https://climate-change.canada.ca/facility-emissions/GHGRP-G12513-2023.html,"http://indicators-map.canada.ca/App/Detail?id=0112513&GoCTemplateCulture=en-CA
"
12514,Via Verde Hydroponics,Via Verde Hydroponics Ltd.,Leamington,1102 Mersea Rd. 5 Road,N8H 3V6,Ontario,42.08316,-82.56803,18.54,kilotonnes of carbon dioxide equivalents (kt CO2 eq),2023,Other Food Crops Grown Under Cover,https://www23.statcan.gc.ca/imdb/p3VD.pl?Function=getVD&TVD=1369825&CVD=1370970&CPV=111419&CST=27012022&CLV=5&MLV=5,https://climate-change.canada.ca/facility-emissions/GHGRP-G12514-2023.html,"http://indicators-map.canada.ca/App/Detail?id=0112514&GoCTemplateCulture=en-CA
"
12515,Lockhart 06-19 Compressor Site,Keyera Corp,Rimbey,,N/A,Alberta,52.5432,-114.28079,10.91,kilotonnes of carbon dioxide equivalents (kt CO2 eq),2023,Oil and gas extraction (except oil sands),https://www23.statcan.gc.ca/imdb/p3VD.pl?Function=getVD&TVD=1369825&CVD=1370970&CPV=211110&CST=27012022&CLV=5&MLV=5,https://climate-change.canada.ca/facility-emissions/GHGRP-G12515-2023.html,"http://indicators-map.canada.ca/App/Detail?id=0112515&GoCTemplateCulture=en-CA
"
12516,LET de Saint-Rosaire,Société de développement durable d'Arthabaska,Saint Rosaire,318 chemin de la Grande Ligne,G0Z 1K0,Quebec,46.20513,-71.98424,114.4,kilotonnes of carbon dioxide equivalents (kt CO2 eq),2023,Waste Treatment and Disposal,https://www23.statcan.gc.ca/imdb/p3VD.pl?Function=getVD&TVD=1369825&CVD=1370970&CPV=562210&CST=27012022&CLV=5&MLV=5,https://climate-change.canada.ca/facility-emissions/GHGRP-G12516-2023.html,"http://indicators-map.canada.ca/App/Detail?id=0112516&GoCTemplateCulture=en-CA
"
12517,Boem Berry Farms Inc.,Boem Berry Farms Inc.,Kingsville,672 Road 2  East,N9Y 2E4,Ontario,42.0543,-82.71071,16.66,kilotonnes of carbon dioxide equivalents (kt CO2 eq),2023,Other Food Crops Grown Under Cover,https://www23.statcan.gc.ca/imdb/p3VD.pl?Function=getVD&TVD=1369825&CVD=1370970&CPV=111419&CST=27012022&CLV=5&MLV=5,https://climate-change.canada.ca/facility-emissions/GHGRP-G12517-2023.html,"http://indicators-map.canada.ca/App/Detail?id=0112517&GoCTemplateCulture=en-CA
"
12518,La Prairie,PNA Partnership,La Prairie,1505 Industrielle,J5R 2E4,Quebec,45.3992,-73.5017,10.47,kilotonnes of carbon dioxide equivalents (kt CO2 eq),2023,Glass Product Manufacturing from Purchased Glass,https://www23.statcan.gc.ca/imdb/p3VD.pl?Function=getVD&TVD=1369825&CVD=1370970&CPV=327215&CST=27012022&CLV=5&MLV=5,https://climate-change.canada.ca/facility-emissions/GHGRP-G12518-2023.html,"http://indicators-map.canada.ca/App/Detail?id=0112518&GoCTemplateCulture=en-CA
"
12519,Bear B / South Ric gathering system,Bonavista Energy Corporation,Clearwater County,,N/A,Alberta,51.89864,-115.0377,11.04,kilotonnes of carbon dioxide equivalents (kt CO2 eq),2023,Oil and gas extraction (except oil sands),https://www23.statcan.gc.ca/imdb/p3VD.pl?Function=getVD&TVD=1369825&CVD=1370970&CPV=211110&CST=27012022&CLV=5&MLV=5,https://climate-change.canada.ca/facility-emissions/GHGRP-G12519-2023.html,"http://indicators-map.canada.ca/App/Detail?id=0112519&GoCTemplateCulture=en-CA
"
12520,PERTH,3M Canada Company,Perth,2 Craig Street,K7H 3E2,Ontario,44.90209,-76.23783,8.59,kilotonnes of carbon dioxide equivalents (kt CO2 eq),2023,Paper Bag and Coated and Treated Paper Manufacturing,https://www23.statcan.gc.ca/imdb/p3VD.pl?Function=getVD&TVD=1369825&CVD=1370970&CPV=322220&CST=27012022&CLV=5&MLV=5,https://climate-change.canada.ca/facility-emissions/GHGRP-G12520-2023.html,"http://indicators-map.canada.ca/App/Detail?id=0112520&GoCTemplateCulture=en-CA
"
12521,Value Added Division,Western Forest Products Inc.,Chemainus,9469 Trans Canada Highway,V0R 1K4,British Columbia,48.9102,-123.7372,13.24,kilotonnes of carbon dioxide equivalents (kt CO2 eq),2023,Sawmills (except Shingle and Shake Mills),https://www23.statcan.gc.ca/imdb/p3VD.pl?Function=getVD&TVD=1369825&CVD=1370970&CPV=321111&CST=27012022&CLV=5&MLV=5,https://climate-change.canada.ca/facility-emissions/GHGRP-G12521-2023.html,"http://indicators-map.canada.ca/App/Detail?id=0112521&GoCTemplateCulture=en-CA
"
12525,Red Sun Farms Ontario LP,Red Sun Farms Ontario LP,Kingsville,1233 Road 4  East,N9Y 2E5,Ontario,42.07364,-82.64415,8.54,kilotonnes of carbon dioxide equivalents (kt CO2 eq),2023,Other Food Crops Grown Under Cover,https://www23.statcan.gc.ca/imdb/p3VD.pl?Function=getVD&TVD=1369825&CVD=1370970&CPV=111419&CST=27012022&CLV=5&MLV=5,https://climate-change.canada.ca/facility-emissions/GHGRP-G12525-2023.html,"http://indicators-map.canada.ca/App/Detail?id=0112525&GoCTemplateCulture=en-CA
"
12526,Ya Ya Foods Corporation,Ya Ya Foods Corporation,Etobicoke,B 450 Kipling Avenue,M8Z 5E1,Ontario,43.61087,-79.52228,21.7,kilotonnes of carbon dioxide equivalents (kt CO2 eq),2023,Flavouring Syrup and Concentrate Manufacturing,https://www23.statcan.gc.ca/imdb/p3VD.pl?Function=getVD&TVD=1369825&CVD=1370970&CPV=311930&CST=27012022&CLV=5&MLV=5,https://climate-change.canada.ca/facility-emissions/GHGRP-G12526-2023.html,"http://indicators-map.canada.ca/App/Detail?id=0112526&GoCTemplateCulture=en-CA
"
12527,Fernlea Flowers,Fernlea Flowers,Delhi,1211 Highway 3,N4B 2W6,Ontario,42.84711,-80.59603,11.04,kilotonnes of carbon dioxide equivalents (kt CO2 eq),2023,Floriculture Production,https://www23.statcan.gc.ca/imdb/p3VD.pl?Function=getVD&TVD=1369825&CVD=1370970&CPV=111422&CST=27012022&CLV=5&MLV=5,https://climate-change.canada.ca/facility-emissions/GHGRP-G12527-2023.html,"http://indicators-map.canada.ca/App/Detail?id=0112527&GoCTemplateCulture=en-CA
"
12528,Cielo Vista Farms Inc.,Cielo Vista Farms Inc.,Leamington,768 Highway 77,N8H 3V8,Ontario,42.11934,-82.59407,18.17,kilotonnes of carbon dioxide equivalents (kt CO2 eq),2023,Other Food Crops Grown Under Cover,https://www23.statcan.gc.ca/imdb/p3VD.pl?Function=getVD&TVD=1369825&CVD=1370970&CPV=111419&CST=27012022&CLV=5&MLV=5,https://climate-change.canada.ca/facility-emissions/GHGRP-G12528-2023.html,"http://indicators-map.canada.ca/App/Detail?id=0112528&GoCTemplateCulture=en-CA
"
12529,Brampton Westwyn,Olymel s.e.c (Ontario),Brampton,14 Westwyn Court,L6T 4T5,Ontario,43.68624,-79.69394,1.01,kilotonnes of carbon dioxide equivalents (kt CO2 eq),2023,Poultry Processing,https://www23.statcan.gc.ca/imdb/p3VD.pl?Function=getVD&TVD=1369825&CVD=1370970&CPV=311615&CST=27012022&CLV=5&MLV=5,https://climate-change.canada.ca/facility-emissions/GHGRP-G12529-2023.html,"http://indicators-map.canada.ca/App/Detail?id=0112529&GoCTemplateCulture=en-CA
"
12530,Alberta Carbon Trunk Line,Wolf Midstream,Calgary,1500 520 3rd Avenue Southwest,T2P 0R3,Alberta,53.83284,-113.11429,2.04,kilotonnes of carbon dioxide equivalents (kt CO2 eq),2023,All Other Pipeline Transportation,https://www23.statcan.gc.ca/imdb/p3VD.pl?Function=getVD&TVD=1369825&CVD=1370970&CPV=486990&CST=27012022&CLV=5&MLV=5,https://climate-change.canada.ca/facility-emissions/GHGRP-G12530-2023.html,"http://indicators-map.canada.ca/App/Detail?id=0112530&GoCTemplateCulture=en-CA
"
12531,Golden Acre Farms Inc.,GOLDEN ACRE FARMS INC.,Kingsville,2011 Graham Side Road,N9Y 2E4,Ontario,42.05787,-82.69498,13.53,kilotonnes of carbon dioxide equivalents (kt CO2 eq),2023,Other Food Crops Grown Under Cover,https://www23.statcan.gc.ca/imdb/p3VD.pl?Function=getVD&TVD=1369825&CVD=1370970&CPV=111419&CST=27012022&CLV=5&MLV=5,https://climate-change.canada.ca/facility-emissions/GHGRP-G12531-2023.html,"http://indicators-map.canada.ca/App/Detail?id=0112531&GoCTemplateCulture=en-CA
"
12532,Grand Lake Timber,J.D. Irving Ltd.,Chipman,290 Main Street,E4A 2M7,New Brunswick,46.1728,-65.8852,18.39,kilotonnes of carbon dioxide equivalents (kt CO2 eq),2023,Sawmills (except Shingle and Shake Mills),https://www23.statcan.gc.ca/imdb/p3VD.pl?Function=getVD&TVD=1369825&CVD=1370970&CPV=321111&CST=27012022&CLV=5&MLV=5,https://climate-change.canada.ca/facility-emissions/GHGRP-G12532-2023.html,"http://indicators-map.canada.ca/App/Detail?id=0112532&GoCTemplateCulture=en-CA
"
12534,Windfall 14-24,Outlier Resources Ltd.,Woodlands County,,N/A,Alberta,54.12232,-116.26721,23.05,kilotonnes of carbon dioxide equivalents (kt CO2 eq),2023,Oil and gas extraction (except oil sands),https://www23.statcan.gc.ca/imdb/p3VD.pl?Function=getVD&TVD=1369825&CVD=1370970&CPV=211110&CST=27012022&CLV=5&MLV=5,https://climate-change.canada.ca/facility-emissions/GHGRP-G12534-2023.html,"http://indicators-map.canada.ca/App/Detail?id=0112534&GoCTemplateCulture=en-CA
"
12536,Bailey Sanitary Landfill,City of Chilliwack,Chilliwack,5940 Matheson Road,V2P 4P1,British Columbia,49.10991,-121.92697,68.66,kilotonnes of carbon dioxide equivalents (kt CO2 eq),2023,Waste Treatment and Disposal,https://www23.statcan.gc.ca/imdb/p3VD.pl?Function=getVD&TVD=1369825&CVD=1370970&CPV=562210&CST=27012022&CLV=5&MLV=5,https://climate-change.canada.ca/facility-emissions/GHGRP-G12536-2023.html,"http://indicators-map.canada.ca/App/Detail?id=0112536&GoCTemplateCulture=en-CA
"
12537,Orlando,Sofina Foods Inc./Aliments Sofina Inc.,Mississauga,3340 Orlando Drive,L4V 1C7,Ontario,43.70196,-79.62161,13.63,kilotonnes of carbon dioxide equivalents (kt CO2 eq),2023,Frozen Food Manufacturing,https://www23.statcan.gc.ca/imdb/p3VD.pl?Function=getVD&TVD=1369825&CVD=1370970&CPV=311410&CST=27012022&CLV=5&MLV=5,https://climate-change.canada.ca/facility-emissions/GHGRP-G12537-2023.html,"http://indicators-map.canada.ca/App/Detail?id=0112537&GoCTemplateCulture=en-CA
"
12538,IMT Integrated Facility,IMT Standen's GP Inc.,Kitchener,530 Manitou Drive,N2C 1L3,Ontario,43.40108,-80.44677,9.36,kilotonnes of carbon dioxide equivalents (kt CO2 eq),2023,Forging,https://www23.statcan.gc.ca/imdb/p3VD.pl?Function=getVD&TVD=1369825&CVD=1370970&CPV=332113&CST=27012022&CLV=5&MLV=5,https://climate-change.canada.ca/facility-emissions/GHGRP-G12538-2023.html,"http://indicators-map.canada.ca/App/Detail?id=0112538&GoCTemplateCulture=en-CA
"
12539,Twining GP 16-24,Artis Exploration Ltd.,Three Hills,,N/A,Alberta,51.67606,-113.40957,21.82,kilotonnes of carbon dioxide equivalents (kt CO2 eq),2023,Oil and gas extraction (except oil sands),https://www23.statcan.gc.ca/imdb/p3VD.pl?Function=getVD&TVD=1369825&CVD=1370970&CPV=211110&CST=27012022&CLV=5&MLV=5,https://climate-change.canada.ca/facility-emissions/GHGRP-G12539-2023.html,"http://indicators-map.canada.ca/App/Detail?id=0112539&GoCTemplateCulture=en-CA
"
12544,Pembina 09-17-050-07W5,Obsidian Energy Ltd.,,,N/A,Alberta,53.254,-114.4379,10.14,kilotonnes of carbon dioxide equivalents (kt CO2 eq),2023,Oil and gas extraction (except oil sands),https://www23.statcan.gc.ca/imdb/p3VD.pl?Function=getVD&TVD=1369825&CVD=1370970&CPV=211110&CST=27012022&CLV=5&MLV=5,https://climate-change.canada.ca/facility-emissions/GHGRP-G12544-2023.html,"http://indicators-map.canada.ca/App/Detail?id=0112544&GoCTemplateCulture=en-CA
"
12545,Kerry Renfrew,Kerry (Canada) Inc,Renfrew,1 Innovation Drive,K7V 4B1,Ontario,45.479,-76.6499,0.73,kilotonnes of carbon dioxide equivalents (kt CO2 eq),2023,Flavouring Syrup and Concentrate Manufacturing,https://www23.statcan.gc.ca/imdb/p3VD.pl?Function=getVD&TVD=1369825&CVD=1370970&CPV=311930&CST=27012022&CLV=5&MLV=5,https://climate-change.canada.ca/facility-emissions/GHGRP-G12545-2023.html,"http://indicators-map.canada.ca/App/Detail?id=0112545&GoCTemplateCulture=en-CA
"
12546,Canada Royal Milk ULC,Canada Royal Milk ULC,Kingston,1680 Venture Drive,K7P 0E9,Ontario,44.273,-76.55774,9.94,kilotonnes of carbon dioxide equivalents (kt CO2 eq),2023,"Butter, Cheese, and Dry and Condensed Dairy Products Manufacturing",https://www23.statcan.gc.ca/imdb/p3VD.pl?Function=getVD&TVD=1369825&CVD=1370970&CPV=311515&CST=27012022&CLV=5&MLV=5,https://climate-change.canada.ca/facility-emissions/GHGRP-G12546-2023.html,"http://indicators-map.canada.ca/App/Detail?id=0112546&GoCTemplateCulture=en-CA
"
12547,Canoe Forest Products,Canoe Forest Products,Canoe,5751 Canoe Beach Drive,V0E 1K0,British Columbia,50.7536,-119.219,16.04,kilotonnes of carbon dioxide equivalents (kt CO2 eq),2023,Softwood Veneer and Plywood Mills,https://www23.statcan.gc.ca/imdb/p3VD.pl?Function=getVD&TVD=1369825&CVD=1370970&CPV=321212&CST=27012022&CLV=5&MLV=5,https://climate-change.canada.ca/facility-emissions/GHGRP-G12547-2023.html,"http://indicators-map.canada.ca/App/Detail?id=0112547&GoCTemplateCulture=en-CA
"
12548,Enhance Energy - Clive 04-15,Enhance Energy Inc.,Clive,,N/A,Alberta,52.43606,-113.38425,0.04,kilotonnes of carbon dioxide equivalents (kt CO2 eq),2023,Oil and gas extraction (except oil sands),https://www23.statcan.gc.ca/imdb/p3VD.pl?Function=getVD&TVD=1369825&CVD=1370970&CPV=211110&CST=27012022&CLV=5&MLV=5,https://climate-change.canada.ca/facility-emissions/GHGRP-G12548-2023.html,"http://indicators-map.canada.ca/App/Detail?id=0112548&GoCTemplateCulture=en-CA
"
12549,MODATEK SYSTEMS,Magna International Inc,Milton,400 Chisholm Drive,L9T 5V6,Ontario,43.5235,-79.9198,6.9,kilotonnes of carbon dioxide equivalents (kt CO2 eq),2023,Other Motor Vehicle Parts Manufacturing,https://www23.statcan.gc.ca/imdb/p3VD.pl?Function=getVD&TVD=1369825&CVD=1370970&CPV=336390&CST=27012022&CLV=5&MLV=5,https://climate-change.canada.ca/facility-emissions/GHGRP-G12549-2023.html,"http://indicators-map.canada.ca/App/Detail?id=0112549&GoCTemplateCulture=en-CA
"
12550,Weyerhaeuser Princeton Sawmill,Weyerhaeuser Company Limited,Princeton,201 Old Hedley Road,V0X 1W0,British Columbia,49.4656,-120.48889,13.99,kilotonnes of carbon dioxide equivalents (kt CO2 eq),2023,Sawmills (except Shingle and Shake Mills),https://www23.statcan.gc.ca/imdb/p3VD.pl?Function=getVD&TVD=1369825&CVD=1370970&CPV=321111&CST=27012022&CLV=5&MLV=5,https://climate-change.canada.ca/facility-emissions/GHGRP-G12550-2023.html,"http://indicators-map.canada.ca/App/Detail?id=0112550&GoCTemplateCulture=en-CA
"
12551,Grand Forks Sawmill,Interfor Corporation,Grand Forks,570 68th Avenue,V0H 1H0,British Columbia,49.0269,-118.4368,12.34,kilotonnes of carbon dioxide equivalents (kt CO2 eq),2023,Sawmills (except Shingle and Shake Mills),https://www23.statcan.gc.ca/imdb/p3VD.pl?Function=getVD&TVD=1369825&CVD=1370970&CPV=321111&CST=27012022&CLV=5&MLV=5,https://climate-change.canada.ca/facility-emissions/GHGRP-G12551-2023.html,"http://indicators-map.canada.ca/App/Detail?id=0112551&GoCTemplateCulture=en-CA
"
12552,Dunkley Lumber Ltd.,Dunkley Lumber Ltd.,Strathnaver,17000 Dunkley Road,V0K 1S1,British Columbia,53.279,-122.47,28.72,kilotonnes of carbon dioxide equivalents (kt CO2 eq),2023,Sawmills (except Shingle and Shake Mills),https://www23.statcan.gc.ca/imdb/p3VD.pl?Function=getVD&TVD=1369825&CVD=1370970&CPV=321111&CST=27012022&CLV=5&MLV=5,https://climate-change.canada.ca/facility-emissions/GHGRP-G12552-2023.html,"http://indicators-map.canada.ca/App/Detail?id=0112552&GoCTemplateCulture=en-CA
"
12553,Red Chris Mine,NEWCREST RED CHRIS MINING LIMITED,Dease Lake,37 Highway Highway,V0C 1L0,British Columbia,57.72573,-129.76764,95.7,kilotonnes of carbon dioxide equivalents (kt CO2 eq),2023,Gold and Silver Ore Mining,https://www23.statcan.gc.ca/imdb/p3VD.pl?Function=getVD&TVD=1369825&CVD=1370970&CPV=212220&CST=27012022&CLV=5&MLV=5,https://climate-change.canada.ca/facility-emissions/GHGRP-G12553-2023.html,"http://indicators-map.canada.ca/App/Detail?id=0112553&GoCTemplateCulture=en-CA
"
12555,Moly-Cop Canada,Moly-Cop Canada,Kamloops,250 Andover Crescent,V2C 6X2,British Columbia,50.65726,-120.09649,22.64,kilotonnes of carbon dioxide equivalents (kt CO2 eq),2023,Iron Foundries,https://www23.statcan.gc.ca/imdb/p3VD.pl?Function=getVD&TVD=1369825&CVD=1370970&CPV=331511&CST=27012022&CLV=5&MLV=5,https://climate-change.canada.ca/facility-emissions/GHGRP-G12555-2023.html,"http://indicators-map.canada.ca/App/Detail?id=0112555&GoCTemplateCulture=en-CA
"
12556,Solid Waste Area Management Project,Solid Waste Area Management Project,Stanley,17119 RD 19W,R6P 0A8,Manitoba,49.2625,-97.8826,18.9,kilotonnes of carbon dioxide equivalents (kt CO2 eq),2023,Waste Treatment and Disposal,https://www23.statcan.gc.ca/imdb/p3VD.pl?Function=getVD&TVD=1369825&CVD=1370970&CPV=562210&CST=27012022&CLV=5&MLV=5,https://climate-change.canada.ca/facility-emissions/GHGRP-G12556-2023.html,"http://indicators-map.canada.ca/App/Detail?id=0112556&GoCTemplateCulture=en-CA
"
12558,Twining Sweet Gas Plant 04-02,"Barnwell of Canada, Limited",,,N/A,Alberta,51.7954,-113.456,5.4,kilotonnes of carbon dioxide equivalents (kt CO2 eq),2023,Oil and gas extraction (except oil sands),https://www23.statcan.gc.ca/imdb/p3VD.pl?Function=getVD&TVD=1369825&CVD=1370970&CPV=211110&CST=27012022&CLV=5&MLV=5,https://climate-change.canada.ca/facility-emissions/GHGRP-G12558-2023.html,"http://indicators-map.canada.ca/App/Detail?id=0112558&GoCTemplateCulture=en-CA
"
12559,PRESSTRAN INDUSTRIES (170 Edward St),Magna International Inc,St Thomas,170 Edward Street,N5P 4B4,Ontario,42.7875,-81.1625,3.09,kilotonnes of carbon dioxide equivalents (kt CO2 eq),2023,Other Motor Vehicle Parts Manufacturing,https://www23.statcan.gc.ca/imdb/p3VD.pl?Function=getVD&TVD=1369825&CVD=1370970&CPV=336390&CST=27012022&CLV=5&MLV=5,https://climate-change.canada.ca/facility-emissions/GHGRP-G12559-2023.html,"http://indicators-map.canada.ca/App/Detail?id=0112559&GoCTemplateCulture=en-CA
"
12560,PRESSTRAN INDUSTRIES (1155 Talbot St),Magna International Inc,St Thomas,1155 Talbot Street,N5P 1G6,Ontario,42.7804,-81.16429,0.65,kilotonnes of carbon dioxide equivalents (kt CO2 eq),2023,Other Motor Vehicle Parts Manufacturing,https://www23.statcan.gc.ca/imdb/p3VD.pl?Function=getVD&TVD=1369825&CVD=1370970&CPV=336390&CST=27012022&CLV=5&MLV=5,https://climate-change.canada.ca/facility-emissions/GHGRP-G12560-2023.html,"http://indicators-map.canada.ca/App/Detail?id=0112560&GoCTemplateCulture=en-CA
"
12561,Robert O. Pickard Environmental Centre,City of Ottawa,Ottawa,800 Greens Creek Drive,K1J 1A6,Ontario,45.4606,-75.5908,52.68,kilotonnes of carbon dioxide equivalents (kt CO2 eq),2023,Sewage Treatment Facilities,https://www23.statcan.gc.ca/imdb/p3VD.pl?Function=getVD&TVD=1369825&CVD=1370970&CPV=221320&CST=27012022&CLV=5&MLV=5,https://climate-change.canada.ca/facility-emissions/GHGRP-G12561-2023.html,"http://indicators-map.canada.ca/App/Detail?id=0112561&GoCTemplateCulture=en-CA
"
12562,ARCHER 09-25-074-08W6 MWOB & GS,Archer Exploration Corp.,Calgary,550 525 8th Avenue Southwest,N/A,Alberta,55.44136,-119.07837,18.55,kilotonnes of carbon dioxide equivalents (kt CO2 eq),2023,Oil and gas extraction (except oil sands),https://www23.statcan.gc.ca/imdb/p3VD.pl?Function=getVD&TVD=1369825&CVD=1370970&CPV=211110&CST=27012022&CLV=5&MLV=5,https://climate-change.canada.ca/facility-emissions/GHGRP-G12562-2023.html,"http://indicators-map.canada.ca/App/Detail?id=0112562&GoCTemplateCulture=en-CA
"
12563,Progress Comp Stn 04-21,Advantage Energy Ltd.,Valhalla,,N/A,Alberta,55.5941,-119.34177,22.62,kilotonnes of carbon dioxide equivalents (kt CO2 eq),2023,Oil and gas extraction (except oil sands),https://www23.statcan.gc.ca/imdb/p3VD.pl?Function=getVD&TVD=1369825&CVD=1370970&CPV=211110&CST=27012022&CLV=5&MLV=5,https://climate-change.canada.ca/facility-emissions/GHGRP-G12563-2023.html,"http://indicators-map.canada.ca/App/Detail?id=0112563&GoCTemplateCulture=en-CA
"
12564,115 Drumlin Cir,Allwood Products Ltd.,Concord,115 Drumlin cir.,L4K 3E6,Ontario,43.78456,-79.48609,0.35,kilotonnes of carbon dioxide equivalents (kt CO2 eq),2023,"Wood Office Furniture, including Custom Architectural Woodwork, Manufacturing",https://www23.statcan.gc.ca/imdb/p3VD.pl?Function=getVD&TVD=1369825&CVD=1370970&CPV=337213&CST=27012022&CLV=5&MLV=5,https://climate-change.canada.ca/facility-emissions/GHGRP-G12564-2023.html,"http://indicators-map.canada.ca/App/Detail?id=0112564&GoCTemplateCulture=en-CA
"
12565,180 Viceroy RD,Allwood Products Ltd.,Concord,180 Viceroy Road,L4K 2L8,Ontario,43.78816,-79.47529,0.29,kilotonnes of carbon dioxide equivalents (kt CO2 eq),2023,"Wood Office Furniture, including Custom Architectural Woodwork, Manufacturing",https://www23.statcan.gc.ca/imdb/p3VD.pl?Function=getVD&TVD=1369825&CVD=1370970&CPV=337213&CST=27012022&CLV=5&MLV=5,https://climate-change.canada.ca/facility-emissions/GHGRP-G12565-2023.html,"http://indicators-map.canada.ca/App/Detail?id=0112565&GoCTemplateCulture=en-CA
"
12566,Kakwa 102/10-10-065-05W6,ARC RESOURCES LTD.,Kakwa,,N/A,Alberta,54.61249,-118.66427,48.16,kilotonnes of carbon dioxide equivalents (kt CO2 eq),2023,Oil and gas extraction (except oil sands),https://www23.statcan.gc.ca/imdb/p3VD.pl?Function=getVD&TVD=1369825&CVD=1370970&CPV=211110&CST=27012022&CLV=5&MLV=5,https://climate-change.canada.ca/facility-emissions/GHGRP-G12566-2023.html,"http://indicators-map.canada.ca/App/Detail?id=0112566&GoCTemplateCulture=en-CA
"
12568,Kakwa 04-24-065-05W6,ARC RESOURCES LTD.,Grande Prairie,304 10920 84 Avenue,T8V 6H2,Alberta,54.6325,-118.6262,11.87,kilotonnes of carbon dioxide equivalents (kt CO2 eq),2023,Oil and gas extraction (except oil sands),https://www23.statcan.gc.ca/imdb/p3VD.pl?Function=getVD&TVD=1369825&CVD=1370970&CPV=211110&CST=27012022&CLV=5&MLV=5,https://climate-change.canada.ca/facility-emissions/GHGRP-G12568-2023.html,"http://indicators-map.canada.ca/App/Detail?id=0112568&GoCTemplateCulture=en-CA
"
12569,Kakwa 05-25-063-04W6,ARC RESOURCES LTD.,Kakwa,,N/A,Alberta,54.47802,-118.4752,14.42,kilotonnes of carbon dioxide equivalents (kt CO2 eq),2023,Oil and gas extraction (except oil sands),https://www23.statcan.gc.ca/imdb/p3VD.pl?Function=getVD&TVD=1369825&CVD=1370970&CPV=211110&CST=27012022&CLV=5&MLV=5,https://climate-change.canada.ca/facility-emissions/GHGRP-G12569-2023.html,"http://indicators-map.canada.ca/App/Detail?id=0112569&GoCTemplateCulture=en-CA
"
12571,City of North Battleford Waste Management Facility,City of North Battleford,North Battleford,,N/A,Saskatchewan,52.78796,-108.25373,12.75,kilotonnes of carbon dioxide equivalents (kt CO2 eq),2023,Waste Treatment and Disposal,https://www23.statcan.gc.ca/imdb/p3VD.pl?Function=getVD&TVD=1369825&CVD=1370970&CPV=562210&CST=27012022&CLV=5&MLV=5,https://climate-change.canada.ca/facility-emissions/GHGRP-G12571-2023.html,"http://indicators-map.canada.ca/App/Detail?id=0112571&GoCTemplateCulture=en-CA
"
12573,04-08 Blue Rapids,Barrel Oil Corporation,Drayton Valley,50 Avenue Avenue,T7A 1R3,Alberta,53.03416,-115.29069,30.09,kilotonnes of carbon dioxide equivalents (kt CO2 eq),2023,Oil and gas extraction (except oil sands),https://www23.statcan.gc.ca/imdb/p3VD.pl?Function=getVD&TVD=1369825&CVD=1370970&CPV=211110&CST=27012022&CLV=5&MLV=5,https://climate-change.canada.ca/facility-emissions/GHGRP-G12573-2023.html,"http://indicators-map.canada.ca/App/Detail?id=0112573&GoCTemplateCulture=en-CA
"
12575,Belden Canada,Belden Canada ULC,Cobourg,130 Willmott Street,K9A 4M3,Ontario,43.9597,-78.1297,15.44,kilotonnes of carbon dioxide equivalents (kt CO2 eq),2023,Communication and Energy Wire and Cable Manufacturing,https://www23.statcan.gc.ca/imdb/p3VD.pl?Function=getVD&TVD=1369825&CVD=1370970&CPV=335920&CST=27012022&CLV=5&MLV=5,https://climate-change.canada.ca/facility-emissions/GHGRP-G12575-2023.html,"http://indicators-map.canada.ca/App/Detail?id=0112575&GoCTemplateCulture=en-CA
"
12576,RRX Smiley GP 09-30,Baytex Energy Ltd,Na,,N/A,Saskatchewan,51.77427,-109.38582,13.87,kilotonnes of carbon dioxide equivalents (kt CO2 eq),2023,Oil and gas extraction (except oil sands),https://www23.statcan.gc.ca/imdb/p3VD.pl?Function=getVD&TVD=1369825&CVD=1370970&CPV=211110&CST=27012022&CLV=5&MLV=5,https://climate-change.canada.ca/facility-emissions/GHGRP-G12576-2023.html,"http://indicators-map.canada.ca/App/Detail?id=0112576&GoCTemplateCulture=en-CA
"
12577,Blue Trail Wind Farm,TransAlta Renewables Inc.,Fort Macleod,810 AB Highway,N/A,Alberta,49.9546,-111.7385,0.02,kilotonnes of carbon dioxide equivalents (kt CO2 eq),2023,Other Electric Power Generation,https://www23.statcan.gc.ca/imdb/p3VD.pl?Function=getVD&TVD=1369825&CVD=1370970&CPV=221119&CST=27012022&CLV=5&MLV=5,https://climate-change.canada.ca/facility-emissions/GHGRP-G12577-2023.html,"http://indicators-map.canada.ca/App/Detail?id=0112577&GoCTemplateCulture=en-CA
"
12578,Summerview 2 Wind Farm,TransAlta Renewables Inc.,Pincher Creek,785 AB Highway,N/A,Alberta,49.9546,-111.7385,0.04,kilotonnes of carbon dioxide equivalents (kt CO2 eq),2023,Other Electric Power Generation,https://www23.statcan.gc.ca/imdb/p3VD.pl?Function=getVD&TVD=1369825&CVD=1370970&CPV=221119&CST=27012022&CLV=5&MLV=5,https://climate-change.canada.ca/facility-emissions/GHGRP-G12578-2023.html,"http://indicators-map.canada.ca/App/Detail?id=0112578&GoCTemplateCulture=en-CA
"
12580,Swimming 16-11-052-07W4 Pad,Lycos Energy Inc.,Calgary,1900 215 2nd Street Southwest,T2P 1M9,Alberta,53.48065,-110.91882,2.53,kilotonnes of carbon dioxide equivalents (kt CO2 eq),2023,Oil and gas extraction (except oil sands),https://www23.statcan.gc.ca/imdb/p3VD.pl?Function=getVD&TVD=1369825&CVD=1370970&CPV=211110&CST=27012022&CLV=5&MLV=5,https://climate-change.canada.ca/facility-emissions/GHGRP-G12580-2023.html,"http://indicators-map.canada.ca/App/Detail?id=0112580&GoCTemplateCulture=en-CA
"
12581,Extrusion North America - Mississauga,"Hydro Extrusion Canada, Inc.",Mississauga,5675 Kennedy Road,L4Z 2H9,Ontario,43.6306,-79.6575,5.02,kilotonnes of carbon dioxide equivalents (kt CO2 eq),2023,"Aluminum Rolling, Drawing, Extruding and Alloying",https://www23.statcan.gc.ca/imdb/p3VD.pl?Function=getVD&TVD=1369825&CVD=1370970&CPV=331317&CST=27012022&CLV=5&MLV=5,https://climate-change.canada.ca/facility-emissions/GHGRP-G12581-2023.html,"http://indicators-map.canada.ca/App/Detail?id=0112581&GoCTemplateCulture=en-CA
"
12582,Humber Treatment Plant,City of Toronto,Toronto,130 The Queensway,M8Y 1H9,Ontario,43.6333,-79.4806,34.72,kilotonnes of carbon dioxide equivalents (kt CO2 eq),2023,Sewage Treatment Facilities,https://www23.statcan.gc.ca/imdb/p3VD.pl?Function=getVD&TVD=1369825&CVD=1370970&CPV=221320&CST=27012022&CLV=5&MLV=5,https://climate-change.canada.ca/facility-emissions/GHGRP-G12582-2023.html,"http://indicators-map.canada.ca/App/Detail?id=0112582&GoCTemplateCulture=en-CA
"
12583,Saskatoon Processing Company,West Coast Reduction Ltd.,Saskatoon,3018 Miners Avenue,S7K 4Z8,Saskatchewan,52.1794,-106.6572,12.02,kilotonnes of carbon dioxide equivalents (kt CO2 eq),2023,Rendering and Meat Processing from Carcasses,https://www23.statcan.gc.ca/imdb/p3VD.pl?Function=getVD&TVD=1369825&CVD=1370970&CPV=311614&CST=27012022&CLV=5&MLV=5,https://climate-change.canada.ca/facility-emissions/GHGRP-G12583-2023.html,"http://indicators-map.canada.ca/App/Detail?id=0112583&GoCTemplateCulture=en-CA
"
12585,City of Weyburn Landfill,City of Weyburn,Weyburn,,N/A,Saskatchewan,49.64007,-103.85111,10.18,kilotonnes of carbon dioxide equivalents (kt CO2 eq),2023,Waste Treatment and Disposal,https://www23.statcan.gc.ca/imdb/p3VD.pl?Function=getVD&TVD=1369825&CVD=1370970&CPV=562210&CST=27012022&CLV=5&MLV=5,https://climate-change.canada.ca/facility-emissions/GHGRP-G12585-2023.html,"http://indicators-map.canada.ca/App/Detail?id=0112585&GoCTemplateCulture=en-CA
"
12587,AG20 ABBT0086644 GHOST PINE 13-15,Ember Resources Inc.,Pine Lake,,N/A,Alberta,52.09838,-113.35908,10.62,kilotonnes of carbon dioxide equivalents (kt CO2 eq),2023,Oil and gas extraction (except oil sands),https://www23.statcan.gc.ca/imdb/p3VD.pl?Function=getVD&TVD=1369825&CVD=1370970&CPV=211110&CST=27012022&CLV=5&MLV=5,https://climate-change.canada.ca/facility-emissions/GHGRP-G12587-2023.html,"http://indicators-map.canada.ca/App/Detail?id=0112587&GoCTemplateCulture=en-CA
"
12589,Hamilton Confectionary Plant,Mondelez Canada Inc,Hamilton,45 Ewen Road,L8S 3C3,Ontario,43.25555,-79.92444,9.78,kilotonnes of carbon dioxide equivalents (kt CO2 eq),2023,Non-Chocolate Confectionery Manufacturing,https://www23.statcan.gc.ca/imdb/p3VD.pl?Function=getVD&TVD=1369825&CVD=1370970&CPV=311340&CST=27012022&CLV=5&MLV=5,https://climate-change.canada.ca/facility-emissions/GHGRP-G12589-2023.html,"http://indicators-map.canada.ca/App/Detail?id=0112589&GoCTemplateCulture=en-CA
"
12591,East Coulee Compressor Station 04-01-028-18W4,Canadian Natural Resources Limited,Calgary,855 2,T2P 4J8,Alberta,51.35968,-112.41644,10.98,kilotonnes of carbon dioxide equivalents (kt CO2 eq),2023,Oil and gas extraction (except oil sands),https://www23.statcan.gc.ca/imdb/p3VD.pl?Function=getVD&TVD=1369825&CVD=1370970&CPV=211110&CST=27012022&CLV=5&MLV=5,https://climate-change.canada.ca/facility-emissions/GHGRP-G12591-2023.html,"http://indicators-map.canada.ca/App/Detail?id=0112591&GoCTemplateCulture=en-CA
"
12594,TAQA East Crossfield D Gas 09-14 BT 815,Taqa North Ltd.,Na,,N/A,Alberta,51.39645,-114.02822,10.71,kilotonnes of carbon dioxide equivalents (kt CO2 eq),2023,Conventional Oil and Gas Extraction,https://www23.statcan.gc.ca/imdb/p3VD.pl?Function=getVD&TVD=1369825&CVD=1370970&CPV=211113&CST=27012022&CLV=5&MLV=5,https://climate-change.canada.ca/facility-emissions/GHGRP-G12594-2023.html,"http://indicators-map.canada.ca/App/Detail?id=0112594&GoCTemplateCulture=en-CA
"
12595,Lakeview - Williams Lake,Tolko Industries Ltd.,Williams Lake,180 Hodgson Road,V2G 3P6,British Columbia,52.1117,-122.1422,10.4,kilotonnes of carbon dioxide equivalents (kt CO2 eq),2023,Sawmills (except Shingle and Shake Mills),https://www23.statcan.gc.ca/imdb/p3VD.pl?Function=getVD&TVD=1369825&CVD=1370970&CPV=321111&CST=27012022&CLV=5&MLV=5,https://climate-change.canada.ca/facility-emissions/GHGRP-G12595-2023.html,"http://indicators-map.canada.ca/App/Detail?id=0112595&GoCTemplateCulture=en-CA
"
12597,Berland River West Gas Battery 07-16,Cenovus Energy Inc.,Calgary,225 6  Avenue Southwest,T2P 0M5,Alberta,54.09958,-117.53554,10.54,kilotonnes of carbon dioxide equivalents (kt CO2 eq),2023,Oil and gas extraction (except oil sands),https://www23.statcan.gc.ca/imdb/p3VD.pl?Function=getVD&TVD=1369825&CVD=1370970&CPV=211110&CST=27012022&CLV=5&MLV=5,https://climate-change.canada.ca/facility-emissions/GHGRP-G12597-2023.html,"http://indicators-map.canada.ca/App/Detail?id=0112597&GoCTemplateCulture=en-CA
"
12601,Ojay Comp Stn A-065-A,Canadian Natural Resources Limited,,,N/A,British Columbia,54.55208,-120.05313,11.75,kilotonnes of carbon dioxide equivalents (kt CO2 eq),2023,Oil and gas extraction (except oil sands),https://www23.statcan.gc.ca/imdb/p3VD.pl?Function=getVD&TVD=1369825&CVD=1370970&CPV=211110&CST=27012022&CLV=5&MLV=5,https://climate-change.canada.ca/facility-emissions/GHGRP-G12601-2023.html,"http://indicators-map.canada.ca/App/Detail?id=0112601&GoCTemplateCulture=en-CA
"
12602,SC 13-07 Run Oil MWB 13-07-063-21W4,Tamarack Acquisition Corp.,Calgary,,N/A,Alberta,54.4398,-113.1786,12.18,kilotonnes of carbon dioxide equivalents (kt CO2 eq),2023,Oil and gas extraction (except oil sands),https://www23.statcan.gc.ca/imdb/p3VD.pl?Function=getVD&TVD=1369825&CVD=1370970&CPV=211110&CST=27012022&CLV=5&MLV=5,https://climate-change.canada.ca/facility-emissions/GHGRP-G12602-2023.html,"http://indicators-map.canada.ca/App/Detail?id=0112602&GoCTemplateCulture=en-CA
"
12603,ABGS0002924,Torxen Energy Ltd.,,2700 240 4 Avenue Southwest,T2P 4H4,Alberta,50.29002,-112.00656,13.25,kilotonnes of carbon dioxide equivalents (kt CO2 eq),2023,Oil and gas extraction (except oil sands),https://www23.statcan.gc.ca/imdb/p3VD.pl?Function=getVD&TVD=1369825&CVD=1370970&CPV=211110&CST=27012022&CLV=5&MLV=5,https://climate-change.canada.ca/facility-emissions/GHGRP-G12603-2023.html,"http://indicators-map.canada.ca/App/Detail?id=0112603&GoCTemplateCulture=en-CA
"
12604,Lodgepole 13-35-47-10w5,i3 Energy Canada Ltd.,Calgary,500 207 9 Avenue Southwest,T2P 1K3,Alberta,53.10328,-115.36397,10.17,kilotonnes of carbon dioxide equivalents (kt CO2 eq),2023,Oil and gas extraction (except oil sands),https://www23.statcan.gc.ca/imdb/p3VD.pl?Function=getVD&TVD=1369825&CVD=1370970&CPV=211110&CST=27012022&CLV=5&MLV=5,https://climate-change.canada.ca/facility-emissions/GHGRP-G12604-2023.html,"http://indicators-map.canada.ca/App/Detail?id=0112604&GoCTemplateCulture=en-CA
"
12606,"Uniboard Canad inc, usine Val-d'Or",Uniboard Canada Inc,Val D'or,2700 Jean-Jacques Cossette Boulevard,J9P 5G6,Quebec,48.1,-77.7792,10.91,kilotonnes of carbon dioxide equivalents (kt CO2 eq),2023,Particle Board and Fibreboard Mills,https://www23.statcan.gc.ca/imdb/p3VD.pl?Function=getVD&TVD=1369825&CVD=1370970&CPV=321216&CST=27012022&CLV=5&MLV=5,https://climate-change.canada.ca/facility-emissions/GHGRP-G12606-2023.html,"http://indicators-map.canada.ca/App/Detail?id=0112606&GoCTemplateCulture=en-CA
"
12607,Inga 10-19-87-23 W6,Yoho Resources Inc.,Wonowon,,V0C 2N0,British Columbia,56.56257,-121.65845,10.23,kilotonnes of carbon dioxide equivalents (kt CO2 eq),2023,Oil and gas extraction (except oil sands),https://www23.statcan.gc.ca/imdb/p3VD.pl?Function=getVD&TVD=1369825&CVD=1370970&CPV=211110&CST=27012022&CLV=5&MLV=5,https://climate-change.canada.ca/facility-emissions/GHGRP-G12607-2023.html,"http://indicators-map.canada.ca/App/Detail?id=0112607&GoCTemplateCulture=en-CA
"
12608,Big River Sawmill,Carrier Forest Products Ltd.,Big River,55 Highway,S0J 0E0,Saskatchewan,53.8345,-107.0279,11.16,kilotonnes of carbon dioxide equivalents (kt CO2 eq),2023,Sawmills (except Shingle and Shake Mills),https://www23.statcan.gc.ca/imdb/p3VD.pl?Function=getVD&TVD=1369825&CVD=1370970&CPV=321111&CST=27012022&CLV=5&MLV=5,https://climate-change.canada.ca/facility-emissions/GHGRP-G12608-2023.html,"http://indicators-map.canada.ca/App/Detail?id=0112608&GoCTemplateCulture=en-CA
"
12610,ABGS0002211,Torxen Energy Ltd.,,2700 240 4 Avenue Southwest,T2P 4H4,Alberta,50.91585,-112.44874,11.09,kilotonnes of carbon dioxide equivalents (kt CO2 eq),2023,Oil and gas extraction (except oil sands),https://www23.statcan.gc.ca/imdb/p3VD.pl?Function=getVD&TVD=1369825&CVD=1370970&CPV=211110&CST=27012022&CLV=5&MLV=5,https://climate-change.canada.ca/facility-emissions/GHGRP-G12610-2023.html,"http://indicators-map.canada.ca/App/Detail?id=0112610&GoCTemplateCulture=en-CA
"
12611,East York Bakery,Mondelez Canada Inc,Toronto,5 Bermondsey Road,M4B 2T7,Ontario,43.713,-79.3102,13.09,kilotonnes of carbon dioxide equivalents (kt CO2 eq),2023,Cookie and Cracker Manufacturing,https://www23.statcan.gc.ca/imdb/p3VD.pl?Function=getVD&TVD=1369825&CVD=1370970&CPV=311821&CST=27012022&CLV=5&MLV=5,https://climate-change.canada.ca/facility-emissions/GHGRP-G12611-2023.html,"http://indicators-map.canada.ca/App/Detail?id=0112611&GoCTemplateCulture=en-CA
"
12612,NIPISI 09-34-76-07 W5,Spur Petroleum Ltd.,Slave Lake,,N/A,Alberta,55.63079,-114.99206,16.56,kilotonnes of carbon dioxide equivalents (kt CO2 eq),2023,Oil and gas extraction (except oil sands),https://www23.statcan.gc.ca/imdb/p3VD.pl?Function=getVD&TVD=1369825&CVD=1370970&CPV=211110&CST=27012022&CLV=5&MLV=5,https://climate-change.canada.ca/facility-emissions/GHGRP-G12612-2023.html,"http://indicators-map.canada.ca/App/Detail?id=0112612&GoCTemplateCulture=en-CA
"
12613,Apache Willesden Green 11-19 GGS,Bonavista Energy Corporation,Carlos,,N/A,Alberta,52.54673,-114.71232,11.91,kilotonnes of carbon dioxide equivalents (kt CO2 eq),2023,Oil and gas extraction (except oil sands),https://www23.statcan.gc.ca/imdb/p3VD.pl?Function=getVD&TVD=1369825&CVD=1370970&CPV=211110&CST=27012022&CLV=5&MLV=5,https://climate-change.canada.ca/facility-emissions/GHGRP-G12613-2023.html,"http://indicators-map.canada.ca/App/Detail?id=0112613&GoCTemplateCulture=en-CA
"
12614,ConAgra DMAT ULC,ConAgra DMAT ULC,Dresden,759 Wellington Street,N0P 1M0,Ontario,42.5867,-82.1749,10.32,kilotonnes of carbon dioxide equivalents (kt CO2 eq),2023,"Fruit and Vegetable Canning, Pickling and Drying",https://www23.statcan.gc.ca/imdb/p3VD.pl?Function=getVD&TVD=1369825&CVD=1370970&CPV=311420&CST=27012022&CLV=5&MLV=5,https://climate-change.canada.ca/facility-emissions/GHGRP-G12614-2023.html,"http://indicators-map.canada.ca/App/Detail?id=0112614&GoCTemplateCulture=en-CA
"
12617,Meanook Oil MWB 15-19-063-21W4,Tamarack Acquisition Corp.,Calgary,,N/A,Alberta,54.4689,-113.16594,11.81,kilotonnes of carbon dioxide equivalents (kt CO2 eq),2023,Oil and gas extraction (except oil sands),https://www23.statcan.gc.ca/imdb/p3VD.pl?Function=getVD&TVD=1369825&CVD=1370970&CPV=211110&CST=27012022&CLV=5&MLV=5,https://climate-change.canada.ca/facility-emissions/GHGRP-G12617-2023.html,"http://indicators-map.canada.ca/App/Detail?id=0112617&GoCTemplateCulture=en-CA
"
12618,Skyberry Farms Inc.,Skyberry Farms Inc.,Leamington,440 Essex Road 31,N8H 3V5,Ontario,42.08024,-82.64218,10.39,kilotonnes of carbon dioxide equivalents (kt CO2 eq),2023,Other Food Crops Grown Under Cover,https://www23.statcan.gc.ca/imdb/p3VD.pl?Function=getVD&TVD=1369825&CVD=1370970&CPV=111419&CST=27012022&CLV=5&MLV=5,https://climate-change.canada.ca/facility-emissions/GHGRP-G12618-2023.html,"http://indicators-map.canada.ca/App/Detail?id=0112618&GoCTemplateCulture=en-CA
"
12620,Erie Meats Listowel,Erie Meats Ltd.,Listowel,1400 Mitchell Road South,N4W 3G7,Ontario,43.72429,-80.97438,10.74,kilotonnes of carbon dioxide equivalents (kt CO2 eq),2023,Frozen Food Manufacturing,https://www23.statcan.gc.ca/imdb/p3VD.pl?Function=getVD&TVD=1369825&CVD=1370970&CPV=311410&CST=27012022&CLV=5&MLV=5,https://climate-change.canada.ca/facility-emissions/GHGRP-G12620-2023.html,"http://indicators-map.canada.ca/App/Detail?id=0112620&GoCTemplateCulture=en-CA
"
12621,Integrated Hot Mix,D. CRUPI & SONS,Toronto,85 Passmore Avenue,M1V 4S9,Ontario,43.8199,-79.29734,12.08,kilotonnes of carbon dioxide equivalents (kt CO2 eq),2023,Asphalt Paving Mixture and Block Manufacturing,https://www23.statcan.gc.ca/imdb/p3VD.pl?Function=getVD&TVD=1369825&CVD=1370970&CPV=324121&CST=27012022&CLV=5&MLV=5,https://climate-change.canada.ca/facility-emissions/GHGRP-G12621-2023.html,"http://indicators-map.canada.ca/App/Detail?id=0112621&GoCTemplateCulture=en-CA
"
12623,Enerchem Slave Lake,Enerchem International,Slave Lake,,T0G 2A0,Alberta,55.3728,-114.7409,11.47,kilotonnes of carbon dioxide equivalents (kt CO2 eq),2023,Petroleum Refineries,https://www23.statcan.gc.ca/imdb/p3VD.pl?Function=getVD&TVD=1369825&CVD=1370970&CPV=324110&CST=27012022&CLV=5&MLV=5,https://climate-change.canada.ca/facility-emissions/GHGRP-G12623-2023.html,"http://indicators-map.canada.ca/App/Detail?id=0112623&GoCTemplateCulture=en-CA
"
12625,Calling Lake South 01-20,Canadian Natural Resources Limited,,,N/A,Alberta,55.0694,-113.3139,11.77,kilotonnes of carbon dioxide equivalents (kt CO2 eq),2023,Conventional Oil and Gas Extraction,https://www23.statcan.gc.ca/imdb/p3VD.pl?Function=getVD&TVD=1369825&CVD=1370970&CPV=211113&CST=27012022&CLV=5&MLV=5,https://climate-change.canada.ca/facility-emissions/GHGRP-G12625-2023.html,"http://indicators-map.canada.ca/App/Detail?id=0112625&GoCTemplateCulture=en-CA
"
12626,Marten Hills 09-24-074-26W4,Spur Petroleum Ltd.,Slave Lake,,N/A,Alberta,55.5795,-114.80676,10.74,kilotonnes of carbon dioxide equivalents (kt CO2 eq),2023,Oil and gas extraction (except oil sands),https://www23.statcan.gc.ca/imdb/p3VD.pl?Function=getVD&TVD=1369825&CVD=1370970&CPV=211110&CST=27012022&CLV=5&MLV=5,https://climate-change.canada.ca/facility-emissions/GHGRP-G12626-2023.html,"http://indicators-map.canada.ca/App/Detail?id=0112626&GoCTemplateCulture=en-CA
"
12627,Rosemary Gathering System 08-21-021-15W (2),Torxen Energy Ltd.,,2700 240 4 Avenue Southwest,T2P 4H4,Alberta,50.79575,-112.01578,10.22,kilotonnes of carbon dioxide equivalents (kt CO2 eq),2023,Oil and gas extraction (except oil sands),https://www23.statcan.gc.ca/imdb/p3VD.pl?Function=getVD&TVD=1369825&CVD=1370970&CPV=211110&CST=27012022&CLV=5&MLV=5,https://climate-change.canada.ca/facility-emissions/GHGRP-G12627-2023.html,"http://indicators-map.canada.ca/App/Detail?id=0112627&GoCTemplateCulture=en-CA
"
12628,Cyn Pem Oil Battery 15-16-051-11W5,Vermilion Energy Inc.,Calgary,520 3 Avenue Southwest,T2P 0R3,Alberta,53.40842,-115.55854,18.76,kilotonnes of carbon dioxide equivalents (kt CO2 eq),2023,Oil and gas extraction (except oil sands),https://www23.statcan.gc.ca/imdb/p3VD.pl?Function=getVD&TVD=1369825&CVD=1370970&CPV=211110&CST=27012022&CLV=5&MLV=5,https://climate-change.canada.ca/facility-emissions/GHGRP-G12628-2023.html,"http://indicators-map.canada.ca/App/Detail?id=0112628&GoCTemplateCulture=en-CA
"
12629,Station A Comp Stn 02-02,Cenovus Energy Inc.,Ca;gary,225 6  Avenue Southwest,T2P 0M5,Alberta,55.20155,-119.88141,14,kilotonnes of carbon dioxide equivalents (kt CO2 eq),2023,Oil and gas extraction (except oil sands),https://www23.statcan.gc.ca/imdb/p3VD.pl?Function=getVD&TVD=1369825&CVD=1370970&CPV=211110&CST=27012022&CLV=5&MLV=5,https://climate-change.canada.ca/facility-emissions/GHGRP-G12629-2023.html,"http://indicators-map.canada.ca/App/Detail?id=0112629&GoCTemplateCulture=en-CA
"
12631,Peyto Aurora 11-13-43-13W5,Peyto Exploration and Development Corporation,Clearwater County,,N/A,Alberta,52.70698,-115.75754,24.64,kilotonnes of carbon dioxide equivalents (kt CO2 eq),2023,Oil and gas extraction (except oil sands),https://www23.statcan.gc.ca/imdb/p3VD.pl?Function=getVD&TVD=1369825&CVD=1370970&CPV=211110&CST=27012022&CLV=5&MLV=5,https://climate-change.canada.ca/facility-emissions/GHGRP-G12631-2023.html,"http://indicators-map.canada.ca/App/Detail?id=0112631&GoCTemplateCulture=en-CA
"
12632,Perryvale West Oil MWB 16-24-063-24W4,Tamarack Acquisition Corp.,Calgary,,N/A,Alberta,54.46891,-113.48716,39.67,kilotonnes of carbon dioxide equivalents (kt CO2 eq),2023,Oil and gas extraction (except oil sands),https://www23.statcan.gc.ca/imdb/p3VD.pl?Function=getVD&TVD=1369825&CVD=1370970&CPV=211110&CST=27012022&CLV=5&MLV=5,https://climate-change.canada.ca/facility-emissions/GHGRP-G12632-2023.html,"http://indicators-map.canada.ca/App/Detail?id=0112632&GoCTemplateCulture=en-CA
"
12633,Jarvie 05-20-063,Tamarack Acquisition Corp.,,,N/A,Alberta,54.46171,-113.90907,36.46,kilotonnes of carbon dioxide equivalents (kt CO2 eq),2023,Oil and gas extraction (except oil sands),https://www23.statcan.gc.ca/imdb/p3VD.pl?Function=getVD&TVD=1369825&CVD=1370970&CPV=211110&CST=27012022&CLV=5&MLV=5,https://climate-change.canada.ca/facility-emissions/GHGRP-G12633-2023.html,"http://indicators-map.canada.ca/App/Detail?id=0112633&GoCTemplateCulture=en-CA
"
12634,Corunna Storage Facility,Pembina Pipeline Corporation,Corunna,4391 40 Highway,N0N 1G0,Ontario,42.89978,-82.41635,9.85,kilotonnes of carbon dioxide equivalents (kt CO2 eq),2023,Petroleum Product Wholesaler-Distributors,https://www23.statcan.gc.ca/imdb/p3VD.pl?Function=getVD&TVD=1369825&CVD=1370970&CPV=412110&CST=27012022&CLV=5&MLV=5,https://climate-change.canada.ca/facility-emissions/GHGRP-G12634-2023.html,"http://indicators-map.canada.ca/App/Detail?id=0112634&GoCTemplateCulture=en-CA
"
12635,ABGS0006283,Cenovus Energy Inc.,Na,1111 NA,N/A,Alberta,52.99444,-115.32228,11.32,kilotonnes of carbon dioxide equivalents (kt CO2 eq),2023,Oil and gas extraction (except oil sands),https://www23.statcan.gc.ca/imdb/p3VD.pl?Function=getVD&TVD=1369825&CVD=1370970&CPV=211110&CST=27012022&CLV=5&MLV=5,https://climate-change.canada.ca/facility-emissions/GHGRP-G12635-2023.html,"http://indicators-map.canada.ca/App/Detail?id=0112635&GoCTemplateCulture=en-CA
"
12637,South Cecil 08-15-084-08 W6M,Canadian Natural Resources Limited,,N/A,N/A,Alberta,56.28,-119.1689,10.04,kilotonnes of carbon dioxide equivalents (kt CO2 eq),2023,Oil and gas extraction (except oil sands),https://www23.statcan.gc.ca/imdb/p3VD.pl?Function=getVD&TVD=1369825&CVD=1370970&CPV=211110&CST=27012022&CLV=5&MLV=5,https://climate-change.canada.ca/facility-emissions/GHGRP-G12637-2023.html,"http://indicators-map.canada.ca/App/Detail?id=0112637&GoCTemplateCulture=en-CA
"
12638,Doe Gas Plant,Vermilion Energy Inc.,Dawson Creek,,N/A,British Columbia,55.95344,-120.21484,13.29,kilotonnes of carbon dioxide equivalents (kt CO2 eq),2023,Oil and gas extraction (except oil sands),https://www23.statcan.gc.ca/imdb/p3VD.pl?Function=getVD&TVD=1369825&CVD=1370970&CPV=211110&CST=27012022&CLV=5&MLV=5,https://climate-change.canada.ca/facility-emissions/GHGRP-G12638-2023.html,"http://indicators-map.canada.ca/App/Detail?id=0112638&GoCTemplateCulture=en-CA
"
12639,ABCS0015365,Canadian Natural Resources Limited,Calgary,855 2 Street,T2P 4J8,Alberta,55.34422,-119.46169,14.39,kilotonnes of carbon dioxide equivalents (kt CO2 eq),2023,Oil and gas extraction (except oil sands),https://www23.statcan.gc.ca/imdb/p3VD.pl?Function=getVD&TVD=1369825&CVD=1370970&CPV=211110&CST=27012022&CLV=5&MLV=5,https://climate-change.canada.ca/facility-emissions/GHGRP-G12639-2023.html,"http://indicators-map.canada.ca/App/Detail?id=0112639&GoCTemplateCulture=en-CA
"
12641,Houston Pellet Limited Partnership,Houston Pellet Limited Partnership,Houston,KM#1 Houston North Road,V0J 1Z0,British Columbia,54.3642,-126.7231,10.34,kilotonnes of carbon dioxide equivalents (kt CO2 eq),2023,All Other Miscellaneous Wood Product Manufacturing,https://www23.statcan.gc.ca/imdb/p3VD.pl?Function=getVD&TVD=1369825&CVD=1370970&CPV=321999&CST=27012022&CLV=5&MLV=5,https://climate-change.canada.ca/facility-emissions/GHGRP-G12641-2023.html,"http://indicators-map.canada.ca/App/Detail?id=0112641&GoCTemplateCulture=en-CA
"
12642,Smithers Pellet Limited Partnership,Smithers Pellet Limited Partnership,Smithers,1723 Dahlie Road,V0J 2N0,British Columbia,54.76211,-127.157,15.41,kilotonnes of carbon dioxide equivalents (kt CO2 eq),2023,All Other Miscellaneous Wood Product Manufacturing,https://www23.statcan.gc.ca/imdb/p3VD.pl?Function=getVD&TVD=1369825&CVD=1370970&CPV=321999&CST=27012022&CLV=5&MLV=5,https://climate-change.canada.ca/facility-emissions/GHGRP-G12642-2023.html,"http://indicators-map.canada.ca/App/Detail?id=0112642&GoCTemplateCulture=en-CA
"
12643,Williams Lake,Pinnacle Renewable Energy Inc - Entwistle,Williams Lake,1160 Lakeside Drive,V2G 3A6,British Columbia,52.11655,-122.12735,12.23,kilotonnes of carbon dioxide equivalents (kt CO2 eq),2023,All Other Miscellaneous Wood Product Manufacturing,https://www23.statcan.gc.ca/imdb/p3VD.pl?Function=getVD&TVD=1369825&CVD=1370970&CPV=321999&CST=27012022&CLV=5&MLV=5,https://climate-change.canada.ca/facility-emissions/GHGRP-G12643-2023.html,"http://indicators-map.canada.ca/App/Detail?id=0112643&GoCTemplateCulture=en-CA
"
12644,Portage la Prairie Regional Landfill,Portage la Prairie Regional Landfill Authority Inc.,Portage La Prairie,26095 227 Road,R1N 3B9,Manitoba,50.10984,-98.07065,14.08,kilotonnes of carbon dioxide equivalents (kt CO2 eq),2023,Waste Treatment and Disposal,https://www23.statcan.gc.ca/imdb/p3VD.pl?Function=getVD&TVD=1369825&CVD=1370970&CPV=562210&CST=27012022&CLV=5&MLV=5,https://climate-change.canada.ca/facility-emissions/GHGRP-G12644-2023.html,"http://indicators-map.canada.ca/App/Detail?id=0112644&GoCTemplateCulture=en-CA
"
12645,04-26-77-13-W6M,Birchcliff Energy Ltd.,Bay Tree,1 1 134 Road Southwest,T0H 0A0,Alberta,55.69457,-119.912,11.1,kilotonnes of carbon dioxide equivalents (kt CO2 eq),2023,Oil and gas extraction (except oil sands),https://www23.statcan.gc.ca/imdb/p3VD.pl?Function=getVD&TVD=1369825&CVD=1370970&CPV=211110&CST=27012022&CLV=5&MLV=5,https://climate-change.canada.ca/facility-emissions/GHGRP-G12645-2023.html,"http://indicators-map.canada.ca/App/Detail?id=0112645&GoCTemplateCulture=en-CA
"
12646,Mobil Pembina Oil Battery 13-09,Ricochet Oil Corp.,Calgary,Suite 700 520 5 Avenue Southwest,T2P 3R7,Alberta,53.13231,-115.11981,14.74,kilotonnes of carbon dioxide equivalents (kt CO2 eq),2023,Oil and gas extraction (except oil sands),https://www23.statcan.gc.ca/imdb/p3VD.pl?Function=getVD&TVD=1369825&CVD=1370970&CPV=211110&CST=27012022&CLV=5&MLV=5,https://climate-change.canada.ca/facility-emissions/GHGRP-G12646-2023.html,"http://indicators-map.canada.ca/App/Detail?id=0112646&GoCTemplateCulture=en-CA
"
12648,Swan Hills GS 15-25,Conifer Energy Inc.,Swan Hills,,N/A,Alberta,54.57229,-115.52307,12.08,kilotonnes of carbon dioxide equivalents (kt CO2 eq),2023,Oil and gas extraction (except oil sands),https://www23.statcan.gc.ca/imdb/p3VD.pl?Function=getVD&TVD=1369825&CVD=1370970&CPV=211110&CST=27012022&CLV=5&MLV=5,https://climate-change.canada.ca/facility-emissions/GHGRP-G12648-2023.html,"http://indicators-map.canada.ca/App/Detail?id=0112648&GoCTemplateCulture=en-CA
"
12650,HyLife Foods LP,HyLife Foods LP,Neepawa,623 Main Street,R3C 1A5,Manitoba,50.22769,-99.42412,14.53,kilotonnes of carbon dioxide equivalents (kt CO2 eq),2023,Hog slaughtering,https://www23.statcan.gc.ca/imdb/p3VD.pl?Function=getVD&TVD=1369825&CVD=1370970&CPV=311617&CST=27012022&CLV=5&MLV=5,https://climate-change.canada.ca/facility-emissions/GHGRP-G12650-2023.html,"http://indicators-map.canada.ca/App/Detail?id=0112650&GoCTemplateCulture=en-CA
"
12651,ABBT0060208,Canadian Natural Resources Limited,Calgary,855 2 Street,T2P 4J8,Alberta,53.9539,-117.547,14.46,kilotonnes of carbon dioxide equivalents (kt CO2 eq),2023,Oil and gas extraction (except oil sands),https://www23.statcan.gc.ca/imdb/p3VD.pl?Function=getVD&TVD=1369825&CVD=1370970&CPV=211110&CST=27012022&CLV=5&MLV=5,https://climate-change.canada.ca/facility-emissions/GHGRP-G12651-2023.html,"http://indicators-map.canada.ca/App/Detail?id=0112651&GoCTemplateCulture=en-CA
"
12652,Edmonton Organics Processing Facility,City of Edmonton - WMC,Edmonton,Site 550 250 Aurum Road Northeast,T6S 1G9,Alberta,53.59626,-113.34282,11.67,kilotonnes of carbon dioxide equivalents (kt CO2 eq),2023,Waste Treatment and Disposal,https://www23.statcan.gc.ca/imdb/p3VD.pl?Function=getVD&TVD=1369825&CVD=1370970&CPV=562210&CST=27012022&CLV=5&MLV=5,https://climate-change.canada.ca/facility-emissions/GHGRP-G12652-2023.html,"http://indicators-map.canada.ca/App/Detail?id=0112652&GoCTemplateCulture=en-CA
"
12654,Resthaven 02-10-060-01W6 MWB,Whitecap Resources Inc.,Resthaven,,N/A,Alberta,54.28647,-118.32746,11.16,kilotonnes of carbon dioxide equivalents (kt CO2 eq),2023,Oil and gas extraction (except oil sands),https://www23.statcan.gc.ca/imdb/p3VD.pl?Function=getVD&TVD=1369825&CVD=1370970&CPV=211110&CST=27012022&CLV=5&MLV=5,https://climate-change.canada.ca/facility-emissions/GHGRP-G12654-2023.html,"http://indicators-map.canada.ca/App/Detail?id=0112654&GoCTemplateCulture=en-CA
"
12656,02-06-79-11-W6M,Birchcliff Energy Ltd.,Gordandale,15  Road,T0H 1V0,Alberta,55.81248,-119.70674,12,kilotonnes of carbon dioxide equivalents (kt CO2 eq),2023,Oil and gas extraction (except oil sands),https://www23.statcan.gc.ca/imdb/p3VD.pl?Function=getVD&TVD=1369825&CVD=1370970&CPV=211110&CST=27012022&CLV=5&MLV=5,https://climate-change.canada.ca/facility-emissions/GHGRP-G12656-2023.html,"http://indicators-map.canada.ca/App/Detail?id=0112656&GoCTemplateCulture=en-CA
"
12657,Jarvie 01-10-063-01W5,Tamarack Acquisition Corp.,Jarvie,,N/A,Alberta,54.43052,-114.05557,51.84,kilotonnes of carbon dioxide equivalents (kt CO2 eq),2023,Oil and gas extraction (except oil sands),https://www23.statcan.gc.ca/imdb/p3VD.pl?Function=getVD&TVD=1369825&CVD=1370970&CPV=211110&CST=27012022&CLV=5&MLV=5,https://climate-change.canada.ca/facility-emissions/GHGRP-G12657-2023.html,"http://indicators-map.canada.ca/App/Detail?id=0112657&GoCTemplateCulture=en-CA
"
12658,Ukalta 05-18,Spur Petroleum Ltd.,,,N/A,Alberta,53.92531,-112.52638,17.73,kilotonnes of carbon dioxide equivalents (kt CO2 eq),2023,Oil and gas extraction (except oil sands),https://www23.statcan.gc.ca/imdb/p3VD.pl?Function=getVD&TVD=1369825&CVD=1370970&CPV=211110&CST=27012022&CLV=5&MLV=5,https://climate-change.canada.ca/facility-emissions/GHGRP-G12658-2023.html,"http://indicators-map.canada.ca/App/Detail?id=0112658&GoCTemplateCulture=en-CA
"
12659,Ferrier 07-18-040-09 W5M,Canadian Natural Resources Limited,Ferrier,,N/A,Alberta,52.4405,-115.2808,22.01,kilotonnes of carbon dioxide equivalents (kt CO2 eq),2023,Oil and gas extraction (except oil sands),https://www23.statcan.gc.ca/imdb/p3VD.pl?Function=getVD&TVD=1369825&CVD=1370970&CPV=211110&CST=27012022&CLV=5&MLV=5,https://climate-change.canada.ca/facility-emissions/GHGRP-G12659-2023.html,"http://indicators-map.canada.ca/App/Detail?id=0112659&GoCTemplateCulture=en-CA
"
12660,Muskeg Valley Quarry,Hammerstone Infrastructure Materials Ltd,Fort McMurray,,N/A,Alberta,57.191,-111.5539,12.93,kilotonnes of carbon dioxide equivalents (kt CO2 eq),2023,Limestone Mining and Quarrying,https://www23.statcan.gc.ca/imdb/p3VD.pl?Function=getVD&TVD=1369825&CVD=1370970&CPV=212315&CST=27012022&CLV=5&MLV=5,https://climate-change.canada.ca/facility-emissions/GHGRP-G12660-2023.html,"http://indicators-map.canada.ca/App/Detail?id=0112660&GoCTemplateCulture=en-CA
"
12662,ABBT0580005,Canadian Natural Resources Limited,Calgary,855 2 Street,T2P 4J8,Alberta,53.4993,-116.805,12.27,kilotonnes of carbon dioxide equivalents (kt CO2 eq),2023,Oil and gas extraction (except oil sands),https://www23.statcan.gc.ca/imdb/p3VD.pl?Function=getVD&TVD=1369825&CVD=1370970&CPV=211110&CST=27012022&CLV=5&MLV=5,https://climate-change.canada.ca/facility-emissions/GHGRP-G12662-2023.html,"http://indicators-map.canada.ca/App/Detail?id=0112662&GoCTemplateCulture=en-CA
"
12665,ABCS0025486,Canadian Natural Resources Limited,Yellowhead County,,N/A,Alberta,53.6663,-117.25977,16.89,kilotonnes of carbon dioxide equivalents (kt CO2 eq),2023,Oil and gas extraction (except oil sands),https://www23.statcan.gc.ca/imdb/p3VD.pl?Function=getVD&TVD=1369825&CVD=1370970&CPV=211110&CST=27012022&CLV=5&MLV=5,https://climate-change.canada.ca/facility-emissions/GHGRP-G12665-2023.html,"http://indicators-map.canada.ca/App/Detail?id=0112665&GoCTemplateCulture=en-CA
"
12668,Kerrobert Crude Oil Processing Facility,Independent Energy Corp.,Kerrobert,5 Yukon Avenue,S0L 1R0,Saskatchewan,51.85694,-109.04363,36.09,kilotonnes of carbon dioxide equivalents (kt CO2 eq),2023,Petroleum Refineries,https://www23.statcan.gc.ca/imdb/p3VD.pl?Function=getVD&TVD=1369825&CVD=1370970&CPV=324110&CST=27012022&CLV=5&MLV=5,https://climate-change.canada.ca/facility-emissions/GHGRP-G12668-2023.html,"http://indicators-map.canada.ca/App/Detail?id=0112668&GoCTemplateCulture=en-CA
"
12669,Tabor Sawmill,Carrier Lumber Ltd.,Prince George,37700 Willow Cale Road,V2N 5S5,British Columbia,53.8006,-122.7172,16.7,kilotonnes of carbon dioxide equivalents (kt CO2 eq),2023,Sawmills (except Shingle and Shake Mills),https://www23.statcan.gc.ca/imdb/p3VD.pl?Function=getVD&TVD=1369825&CVD=1370970&CPV=321111&CST=27012022&CLV=5&MLV=5,https://climate-change.canada.ca/facility-emissions/GHGRP-G12669-2023.html,"http://indicators-map.canada.ca/App/Detail?id=0112669&GoCTemplateCulture=en-CA
"
12670,Marten Hills 14-06-076-02W5,Headwater Exploration Incorporated,Slave Lake,,N/A,Alberta,55.56121,-114.30207,21.37,kilotonnes of carbon dioxide equivalents (kt CO2 eq),2023,Oil and gas extraction (except oil sands),https://www23.statcan.gc.ca/imdb/p3VD.pl?Function=getVD&TVD=1369825&CVD=1370970&CPV=211110&CST=27012022&CLV=5&MLV=5,https://climate-change.canada.ca/facility-emissions/GHGRP-G12670-2023.html,"http://indicators-map.canada.ca/App/Detail?id=0112670&GoCTemplateCulture=en-CA
"
12672,Wayne Dalum Oil MWB 10-13-027-19W4,Torxen Energy Ltd.,,2700 240 4 Avenue Southwest,T2P 4H4,Alberta,51.30871,-112.54525,21.36,kilotonnes of carbon dioxide equivalents (kt CO2 eq),2023,Oil and gas extraction (except oil sands),https://www23.statcan.gc.ca/imdb/p3VD.pl?Function=getVD&TVD=1369825&CVD=1370970&CPV=211110&CST=27012022&CLV=5&MLV=5,https://climate-change.canada.ca/facility-emissions/GHGRP-G12672-2023.html,"http://indicators-map.canada.ca/App/Detail?id=0112672&GoCTemplateCulture=en-CA
"
12674,Fireweed MWB A-005-J/094-A-13,Canadian Natural Resources Limited,,,N/A,British Columbia,56.91875,-121.67812,22.18,kilotonnes of carbon dioxide equivalents (kt CO2 eq),2023,Oil and gas extraction (except oil sands),https://www23.statcan.gc.ca/imdb/p3VD.pl?Function=getVD&TVD=1369825&CVD=1370970&CPV=211110&CST=27012022&CLV=5&MLV=5,https://climate-change.canada.ca/facility-emissions/GHGRP-G12674-2023.html,"http://indicators-map.canada.ca/App/Detail?id=0112674&GoCTemplateCulture=en-CA
"
12675,ABBT0153027,Canadian Natural Resources Limited,Calgary,855 2 Street,T2P 4J8,Alberta,55.99806,-118.53229,17.61,kilotonnes of carbon dioxide equivalents (kt CO2 eq),2023,Oil and gas extraction (except oil sands),https://www23.statcan.gc.ca/imdb/p3VD.pl?Function=getVD&TVD=1369825&CVD=1370970&CPV=211110&CST=27012022&CLV=5&MLV=5,https://climate-change.canada.ca/facility-emissions/GHGRP-G12675-2023.html,"http://indicators-map.canada.ca/App/Detail?id=0112675&GoCTemplateCulture=en-CA
"
12676,Peterborough County/City Waste Management Facility,City of Peterborough,Peterborough,1260 Bensfort Road,K9J 6X7,Ontario,44.2227,-78.2821,61.61,kilotonnes of carbon dioxide equivalents (kt CO2 eq),2023,Waste Treatment and Disposal,https://www23.statcan.gc.ca/imdb/p3VD.pl?Function=getVD&TVD=1369825&CVD=1370970&CPV=562210&CST=27012022&CLV=5&MLV=5,https://climate-change.canada.ca/facility-emissions/GHGRP-G12676-2023.html,"http://indicators-map.canada.ca/App/Detail?id=0112676&GoCTemplateCulture=en-CA
"
12678,Greenstone Mine,Greenstone Gold Mines GP INC.,Geraldton,8000 Highway 11 Highway,P0T 1M0,Ontario,49.66714,-86.92899,61.62,kilotonnes of carbon dioxide equivalents (kt CO2 eq),2023,Gold and Silver Ore Mining,https://www23.statcan.gc.ca/imdb/p3VD.pl?Function=getVD&TVD=1369825&CVD=1370970&CPV=212220&CST=27012022&CLV=5&MLV=5,https://climate-change.canada.ca/facility-emissions/GHGRP-G12678-2023.html,"http://indicators-map.canada.ca/App/Detail?id=0112678&GoCTemplateCulture=en-CA
"
12679,"Pure Flavor Farms, a division of Pure Flavor Farms LP",Pure Flavor Farms LP,Leamington,966 Highway 77,N8H 3V8,Ontario,42.14415,-82.59255,38.8,kilotonnes of carbon dioxide equivalents (kt CO2 eq),2023,Other Food Crops Grown Under Cover,https://www23.statcan.gc.ca/imdb/p3VD.pl?Function=getVD&TVD=1369825&CVD=1370970&CPV=111419&CST=27012022&CLV=5&MLV=5,https://climate-change.canada.ca/facility-emissions/GHGRP-G12679-2023.html,"http://indicators-map.canada.ca/App/Detail?id=0112679&GoCTemplateCulture=en-CA
"
12680,City of Lloydminster Landfill,City of Lloydminster,Lloydminster,40 Avenue,S0M 1R0,Saskatchewan,53.30932,-109.97587,26.09,kilotonnes of carbon dioxide equivalents (kt CO2 eq),2023,Waste Treatment and Disposal,https://www23.statcan.gc.ca/imdb/p3VD.pl?Function=getVD&TVD=1369825&CVD=1370970&CPV=562210&CST=27012022&CLV=5&MLV=5,https://climate-change.canada.ca/facility-emissions/GHGRP-G12680-2023.html,"http://indicators-map.canada.ca/App/Detail?id=0112680&GoCTemplateCulture=en-CA
"
12681,Wembley Oil MWB 01-20-072-08W6,Canadian Natural Resources Limited,Calgary,855 2 Street,T2P 4J8,Alberta,55.24513,-119.1829,29.12,kilotonnes of carbon dioxide equivalents (kt CO2 eq),2023,Oil and gas extraction (except oil sands),https://www23.statcan.gc.ca/imdb/p3VD.pl?Function=getVD&TVD=1369825&CVD=1370970&CPV=211110&CST=27012022&CLV=5&MLV=5,https://climate-change.canada.ca/facility-emissions/GHGRP-G12681-2023.html,"http://indicators-map.canada.ca/App/Detail?id=0112681&GoCTemplateCulture=en-CA
"
12682,Border 14-03-040-28W3,Prairie Thunder Resources Ltd.,Provost,,N/A,Saskatchewan,52.4189,-109.949,24.26,kilotonnes of carbon dioxide equivalents (kt CO2 eq),2023,Oil and gas extraction (except oil sands),https://www23.statcan.gc.ca/imdb/p3VD.pl?Function=getVD&TVD=1369825&CVD=1370970&CPV=211110&CST=27012022&CLV=5&MLV=5,https://climate-change.canada.ca/facility-emissions/GHGRP-G12682-2023.html,"http://indicators-map.canada.ca/App/Detail?id=0112682&GoCTemplateCulture=en-CA
"
12683,GFL Cumberland Central Landfill,GFL Environmental Inc.,Cumberland,2052 Little Forks Road Road,B0M 1X0,Nova Scotia,45.71999,-64.1362,32.88,kilotonnes of carbon dioxide equivalents (kt CO2 eq),2023,Waste Treatment and Disposal,https://www23.statcan.gc.ca/imdb/p3VD.pl?Function=getVD&TVD=1369825&CVD=1370970&CPV=562210&CST=27012022&CLV=5&MLV=5,https://climate-change.canada.ca/facility-emissions/GHGRP-G12683-2023.html,"http://indicators-map.canada.ca/App/Detail?id=0112683&GoCTemplateCulture=en-CA
"
12685,Lavington Pellet Limited Partnership,Lavington Pellet Limited Partnership,Coldstream,9900 School Road Road South,V1B 3C7,British Columbia,50.2316,-119.10739,27.98,kilotonnes of carbon dioxide equivalents (kt CO2 eq),2023,All Other Miscellaneous Wood Product Manufacturing,https://www23.statcan.gc.ca/imdb/p3VD.pl?Function=getVD&TVD=1369825&CVD=1370970&CPV=321999&CST=27012022&CLV=5&MLV=5,https://climate-change.canada.ca/facility-emissions/GHGRP-G12685-2023.html,"http://indicators-map.canada.ca/App/Detail?id=0112685&GoCTemplateCulture=en-CA
"
12686,Wastewater Treatment Plant,City of Red Deer,Red Deer,7890 40th Avenue,T4P 3R6,Alberta,52.3088,-113.79,42.62,kilotonnes of carbon dioxide equivalents (kt CO2 eq),2023,Sewage Treatment Facilities,https://www23.statcan.gc.ca/imdb/p3VD.pl?Function=getVD&TVD=1369825&CVD=1370970&CPV=221320&CST=27012022&CLV=5&MLV=5,https://climate-change.canada.ca/facility-emissions/GHGRP-G12686-2023.html,"http://indicators-map.canada.ca/App/Detail?id=0112686&GoCTemplateCulture=en-CA
"
12687,Chambers Gas Plant 02-15,Peyto Exploration and Development Corporation,Clearwater County,,N/A,Alberta,52.52488,-115.49778,45.22,kilotonnes of carbon dioxide equivalents (kt CO2 eq),2023,Oil and gas extraction (except oil sands),https://www23.statcan.gc.ca/imdb/p3VD.pl?Function=getVD&TVD=1369825&CVD=1370970&CPV=211110&CST=27012022&CLV=5&MLV=5,https://climate-change.canada.ca/facility-emissions/GHGRP-G12687-2023.html,"http://indicators-map.canada.ca/App/Detail?id=0112687&GoCTemplateCulture=en-CA
"
12688,ABBT0066632,Canadian Natural Resources Limited,Calgary,855 2 Street,T2P 4J8,Alberta,53.8921,-117.343,22.2,kilotonnes of carbon dioxide equivalents (kt CO2 eq),2023,Oil and gas extraction (except oil sands),https://www23.statcan.gc.ca/imdb/p3VD.pl?Function=getVD&TVD=1369825&CVD=1370970&CPV=211110&CST=27012022&CLV=5&MLV=5,https://climate-change.canada.ca/facility-emissions/GHGRP-G12688-2023.html,"http://indicators-map.canada.ca/App/Detail?id=0112688&GoCTemplateCulture=en-CA
"
12689,THOR KNAPPEN 16-29 PLANT,Thor Resources Inc.,Warner County,,N/A,Alberta,49.07033,-111.43349,28.88,kilotonnes of carbon dioxide equivalents (kt CO2 eq),2023,Oil and gas extraction (except oil sands),https://www23.statcan.gc.ca/imdb/p3VD.pl?Function=getVD&TVD=1369825&CVD=1370970&CPV=211110&CST=27012022&CLV=5&MLV=5,https://climate-change.canada.ca/facility-emissions/GHGRP-G12689-2023.html,"http://indicators-map.canada.ca/App/Detail?id=0112689&GoCTemplateCulture=en-CA
"
12692,BCGS3164246,Canadian Natural Resources Limited,Wonowon,,N/A,British Columbia,56.87292,-122.25937,50.79,kilotonnes of carbon dioxide equivalents (kt CO2 eq),2023,Oil and gas extraction (except oil sands),https://www23.statcan.gc.ca/imdb/p3VD.pl?Function=getVD&TVD=1369825&CVD=1370970&CPV=211110&CST=27012022&CLV=5&MLV=5,https://climate-change.canada.ca/facility-emissions/GHGRP-G12692-2023.html,"http://indicators-map.canada.ca/App/Detail?id=0112692&GoCTemplateCulture=en-CA
"
12693,ABBT0150246,Canadian Natural Resources Limited,Calgary,855 2 Street,T2P 4J8,Alberta,56.30656,-116.54756,36.87,kilotonnes of carbon dioxide equivalents (kt CO2 eq),2023,Oil and gas extraction (except oil sands),https://www23.statcan.gc.ca/imdb/p3VD.pl?Function=getVD&TVD=1369825&CVD=1370970&CPV=211110&CST=27012022&CLV=5&MLV=5,https://climate-change.canada.ca/facility-emissions/GHGRP-G12693-2023.html,"http://indicators-map.canada.ca/App/Detail?id=0112693&GoCTemplateCulture=en-CA
"
12694,Richmond Landfill,Waste Management of Canada Corporation,Napanee,1271 Beechwood Road,K7R 3K8,Ontario,44.2616,-77.0635,47.82,kilotonnes of carbon dioxide equivalents (kt CO2 eq),2023,Waste Treatment and Disposal,https://www23.statcan.gc.ca/imdb/p3VD.pl?Function=getVD&TVD=1369825&CVD=1370970&CPV=562210&CST=27012022&CLV=5&MLV=5,https://climate-change.canada.ca/facility-emissions/GHGRP-G12694-2023.html,"http://indicators-map.canada.ca/App/Detail?id=0112694&GoCTemplateCulture=en-CA
"
12695,Marten Hills 08-34-074-25W4,Headwater Exploration Incorporated,Slave Lake,,N/A,Alberta,55.45537,-113.75345,58.15,kilotonnes of carbon dioxide equivalents (kt CO2 eq),2023,Oil and gas extraction (except oil sands),https://www23.statcan.gc.ca/imdb/p3VD.pl?Function=getVD&TVD=1369825&CVD=1370970&CPV=211110&CST=27012022&CLV=5&MLV=5,https://climate-change.canada.ca/facility-emissions/GHGRP-G12695-2023.html,"http://indicators-map.canada.ca/App/Detail?id=0112695&GoCTemplateCulture=en-CA
"
12696,GFL Guysborough Landfill,GFL Environmental Inc.,Boylston,151 Waste Management Road E Road East,B0H 1G0,Nova Scotia,45.4908,-61.53274,83.79,kilotonnes of carbon dioxide equivalents (kt CO2 eq),2023,All Other Waste Management Services,https://www23.statcan.gc.ca/imdb/p3VD.pl?Function=getVD&TVD=1369825&CVD=1370970&CPV=562990&CST=27012022&CLV=5&MLV=5,https://climate-change.canada.ca/facility-emissions/GHGRP-G12696-2023.html,"http://indicators-map.canada.ca/App/Detail?id=0112696&GoCTemplateCulture=en-CA
"
12699,Elmworth Gas MWB 01-08-070-11W6,Cenovus Energy Inc.,Grand Prairie,9701 116 Street,T8V 6H6,Alberta,55.0415,-119.63097,69.34,kilotonnes of carbon dioxide equivalents (kt CO2 eq),2023,Oil and gas extraction (except oil sands),https://www23.statcan.gc.ca/imdb/p3VD.pl?Function=getVD&TVD=1369825&CVD=1370970&CPV=211110&CST=27012022&CLV=5&MLV=5,https://climate-change.canada.ca/facility-emissions/GHGRP-G12699-2023.html,"http://indicators-map.canada.ca/App/Detail?id=0112699&GoCTemplateCulture=en-CA
"
12700,Heartland Petrochemical Complex - PDH/PP/Rail,Inter Pipeline Propylene Ltd.,Fort Saskatchewan,55436 Range Road 220,T8L 4C2,Alberta,53.4651,-113.0759,133.56,kilotonnes of carbon dioxide equivalents (kt CO2 eq),2023,Petrochemical Manufacturing,https://www23.statcan.gc.ca/imdb/p3VD.pl?Function=getVD&TVD=1369825&CVD=1370970&CPV=325110&CST=27012022&CLV=5&MLV=5,https://climate-change.canada.ca/facility-emissions/GHGRP-G12700-2023.html,"http://indicators-map.canada.ca/App/Detail?id=0112700&GoCTemplateCulture=en-CA
"
12701,Spruce Lake North Thermal,Cenovus Energy Inc.,Lloydminster,5516 59 Avenue,N/A,Saskatchewan,53.60798,-109.03837,239.15,kilotonnes of carbon dioxide equivalents (kt CO2 eq),2023,Oil and gas extraction (except oil sands),https://www23.statcan.gc.ca/imdb/p3VD.pl?Function=getVD&TVD=1369825&CVD=1370970&CPV=211110&CST=27012022&CLV=5&MLV=5,https://climate-change.canada.ca/facility-emissions/GHGRP-G12701-2023.html,"http://indicators-map.canada.ca/App/Detail?id=0112701&GoCTemplateCulture=en-CA
"
12702,Heartland Petrochemical Complex Cogeneration Power Plant,Inter Pipeline Propylene Ltd.,Fort Saskatchewan,55436 Range Road 220,T8L 4C2,Alberta,53.4651,-113.0759,529.45,kilotonnes of carbon dioxide equivalents (kt CO2 eq),2023,Fossil-Fuel Electric Power Generation,https://www23.statcan.gc.ca/imdb/p3VD.pl?Function=getVD&TVD=1369825&CVD=1370970&CPV=221112&CST=27012022&CLV=5&MLV=5,https://climate-change.canada.ca/facility-emissions/GHGRP-G12702-2023.html,"http://indicators-map.canada.ca/App/Detail?id=0112702&GoCTemplateCulture=en-CA
"
12706,Brasserie de Longueuil,Molson Coors Canada,St Hubert,6125 Rte de L'Aéroport Route,J3Y 0V9,Quebec,45.51839,-73.40072,6.45,kilotonnes of carbon dioxide equivalents (kt CO2 eq),2023,Breweries,https://www23.statcan.gc.ca/imdb/p3VD.pl?Function=getVD&TVD=1369825&CVD=1370970&CPV=312120&CST=27012022&CLV=5&MLV=5,https://climate-change.canada.ca/facility-emissions/GHGRP-G12706-2023.html,"http://indicators-map.canada.ca/App/Detail?id=0112706&GoCTemplateCulture=en-CA
"
12707,KELT WEMBLEY 11-31 MWGEB,Kelt Exploration,Calgary,,N/A,Alberta,55.36709,-119.21949,21.26,kilotonnes of carbon dioxide equivalents (kt CO2 eq),2023,Oil and gas extraction (except oil sands),https://www23.statcan.gc.ca/imdb/p3VD.pl?Function=getVD&TVD=1369825&CVD=1370970&CPV=211110&CST=27012022&CLV=5&MLV=5,https://climate-change.canada.ca/facility-emissions/GHGRP-G12707-2023.html,"http://indicators-map.canada.ca/App/Detail?id=0112707&GoCTemplateCulture=en-CA
"
12708,Rochester Aluminum Smelting Canada Limited,Rochester Aluminum Smelting Canada Limited,Concord,31 Freshway Drive,L4K 1R9,Ontario,43.79254,-79.51162,10.66,kilotonnes of carbon dioxide equivalents (kt CO2 eq),2023,Non-Ferrous Foundries (except Die-Casting),https://www23.statcan.gc.ca/imdb/p3VD.pl?Function=getVD&TVD=1369825&CVD=1370970&CPV=331529&CST=27012022&CLV=5&MLV=5,https://climate-change.canada.ca/facility-emissions/GHGRP-G12708-2023.html,"http://indicators-map.canada.ca/App/Detail?id=0112708&GoCTemplateCulture=en-CA
"
12709,THUNDER MATZIWIN 13-36,Journey Energy Inc.,Matziwin,,N/A,Alberta,51.00676,-111.83832,14.29,kilotonnes of carbon dioxide equivalents (kt CO2 eq),2023,Oil and gas extraction (except oil sands),https://www23.statcan.gc.ca/imdb/p3VD.pl?Function=getVD&TVD=1369825&CVD=1370970&CPV=211110&CST=27012022&CLV=5&MLV=5,https://climate-change.canada.ca/facility-emissions/GHGRP-G12709-2023.html,"http://indicators-map.canada.ca/App/Detail?id=0112709&GoCTemplateCulture=en-CA
"
12716,Lieu d'enfouissement technique RIDT,Régie intermunicpale des déchets de Témiscouata,Dégelis,297 295 Route,G5T 1R2,Quebec,47.56188,-68.3883,11.61,kilotonnes of carbon dioxide equivalents (kt CO2 eq),2023,Waste Treatment and Disposal,https://www23.statcan.gc.ca/imdb/p3VD.pl?Function=getVD&TVD=1369825&CVD=1370970&CPV=562210&CST=27012022&CLV=5&MLV=5,https://climate-change.canada.ca/facility-emissions/GHGRP-G12716-2023.html,"http://indicators-map.canada.ca/App/Detail?id=0112716&GoCTemplateCulture=en-CA
"
12717,Lieu d'enfouissement technique de la Ville de Matane,Ville de Matane,Matane,330 Yves-Bérubé Street,G4W 3M6,Quebec,48.81885,-67.57371,16.07,kilotonnes of carbon dioxide equivalents (kt CO2 eq),2023,Waste Treatment and Disposal,https://www23.statcan.gc.ca/imdb/p3VD.pl?Function=getVD&TVD=1369825&CVD=1370970&CPV=562210&CST=27012022&CLV=5&MLV=5,https://climate-change.canada.ca/facility-emissions/GHGRP-G12717-2023.html,"http://indicators-map.canada.ca/App/Detail?id=0112717&GoCTemplateCulture=en-CA
"
12718,Lieu d'enfouissement technique de la ville de Sept-Iles,ville de Sept-Iles,Sept Iles,750 du lac Daigle Road Northeast,N/A,Quebec,50.2697,-66.2969,50.26,kilotonnes of carbon dioxide equivalents (kt CO2 eq),2023,Waste Treatment and Disposal,https://www23.statcan.gc.ca/imdb/p3VD.pl?Function=getVD&TVD=1369825&CVD=1370970&CPV=562210&CST=27012022&CLV=5&MLV=5,https://climate-change.canada.ca/facility-emissions/GHGRP-G12718-2023.html,"http://indicators-map.canada.ca/App/Detail?id=0112718&GoCTemplateCulture=en-CA
"
12719,Pure Sunfarms Delta 3,Pure Sunfarms,Delta,4431 80th Street,V4K 3N3,British Columbia,49.08432,-122.99768,9.37,kilotonnes of carbon dioxide equivalents (kt CO2 eq),2023,Cannabis grown under cover,https://www23.statcan.gc.ca/imdb/p3VD.pl?Function=getVD&TVD=1369825&CVD=1370970&CPV=111412&CST=27012022&CLV=5&MLV=5,https://climate-change.canada.ca/facility-emissions/GHGRP-G12719-2023.html,"http://indicators-map.canada.ca/App/Detail?id=0112719&GoCTemplateCulture=en-CA
"
12720,KARMAX HEAVY STAMPING - MILTON,Magna International Inc.,Milton,333 Market Drive,L9T 4Z7,Ontario,43.5207,-79.9113,9.23,kilotonnes of carbon dioxide equivalents (kt CO2 eq),2023,Motor Vehicle Metal Stamping,https://www23.statcan.gc.ca/imdb/p3VD.pl?Function=getVD&TVD=1369825&CVD=1370970&CPV=336370&CST=27012022&CLV=5&MLV=5,https://climate-change.canada.ca/facility-emissions/GHGRP-G12720-2023.html,"http://indicators-map.canada.ca/App/Detail?id=0112720&GoCTemplateCulture=en-CA
"
12721,Lieu d'enfouissement technique de Rivière-du-Loup,Ville de Rivière-du-Loup,Cacouna,1707 du Patrimoine Route,G0L 1G0,Quebec,47.9748,-69.43849,38.32,kilotonnes of carbon dioxide equivalents (kt CO2 eq),2023,Waste Treatment and Disposal,https://www23.statcan.gc.ca/imdb/p3VD.pl?Function=getVD&TVD=1369825&CVD=1370970&CPV=562210&CST=27012022&CLV=5&MLV=5,https://climate-change.canada.ca/facility-emissions/GHGRP-G12721-2023.html,"http://indicators-map.canada.ca/App/Detail?id=0112721&GoCTemplateCulture=en-CA
"
12722,Gull Lake Power Plant,BTG Energy Inc,Calgary,300  808 1st Street Southwest,T2P 1M9,Alberta,52.51686,-113.91527,28.11,kilotonnes of carbon dioxide equivalents (kt CO2 eq),2023,Fossil-Fuel Electric Power Generation,https://www23.statcan.gc.ca/imdb/p3VD.pl?Function=getVD&TVD=1369825&CVD=1370970&CPV=221112&CST=27012022&CLV=5&MLV=5,https://climate-change.canada.ca/facility-emissions/GHGRP-G12722-2023.html,"http://indicators-map.canada.ca/App/Detail?id=0112722&GoCTemplateCulture=en-CA
"
12723,Rocky Mountain House Gas-fired Power Plant,Pathfinder Energy Ltd.,Calgary,158  Tuscany Vista Point  Northwest,T3L 3A1,Alberta,52.65242,-115.0806,13.8,kilotonnes of carbon dioxide equivalents (kt CO2 eq),2023,Fossil-Fuel Electric Power Generation,https://www23.statcan.gc.ca/imdb/p3VD.pl?Function=getVD&TVD=1369825&CVD=1370970&CPV=221112&CST=27012022&CLV=5&MLV=5,https://climate-change.canada.ca/facility-emissions/GHGRP-G12723-2023.html,"http://indicators-map.canada.ca/App/Detail?id=0112723&GoCTemplateCulture=en-CA
"
12724,Aspen Waste Management,Town of Drayton Valley,Drayton Valley,49226 56 street Street,T7A 1A1,Alberta,53.2387,-114.97968,31.4,kilotonnes of carbon dioxide equivalents (kt CO2 eq),2023,Waste Treatment and Disposal,https://www23.statcan.gc.ca/imdb/p3VD.pl?Function=getVD&TVD=1369825&CVD=1370970&CPV=562210&CST=27012022&CLV=5&MLV=5,https://climate-change.canada.ca/facility-emissions/GHGRP-G12724-2023.html,"http://indicators-map.canada.ca/App/Detail?id=0112724&GoCTemplateCulture=en-CA
"
12725,North Peace Regional Landfill,Peace River Regional District,Fort St John,7014 269 Road,N/A,British Columbia,56.21539,-120.90556,22.35,kilotonnes of carbon dioxide equivalents (kt CO2 eq),2023,Waste Treatment and Disposal,https://www23.statcan.gc.ca/imdb/p3VD.pl?Function=getVD&TVD=1369825&CVD=1370970&CPV=562210&CST=27012022&CLV=5&MLV=5,https://climate-change.canada.ca/facility-emissions/GHGRP-G12725-2023.html,"http://indicators-map.canada.ca/App/Detail?id=0112725&GoCTemplateCulture=en-CA
"
12726,Roseridge Landfill,Roseridge Waste Management Services Commission,Sturgeon County,55515 RR251,T8R 0N9,Alberta,53.79098,-113.59052,39.79,kilotonnes of carbon dioxide equivalents (kt CO2 eq),2023,Waste Treatment and Disposal,https://www23.statcan.gc.ca/imdb/p3VD.pl?Function=getVD&TVD=1369825&CVD=1370970&CPV=562210&CST=27012022&CLV=5&MLV=5,https://climate-change.canada.ca/facility-emissions/GHGRP-G12726-2023.html,"http://indicators-map.canada.ca/App/Detail?id=0112726&GoCTemplateCulture=en-CA
"
12727,TEINE Milton BTY 13-18,Teine Energy Ltd.,Milton,,N/A,Saskatchewan,51.57,-109.8,3.07,kilotonnes of carbon dioxide equivalents (kt CO2 eq),2023,Oil and gas extraction (except oil sands),https://www23.statcan.gc.ca/imdb/p3VD.pl?Function=getVD&TVD=1369825&CVD=1370970&CPV=211110&CST=27012022&CLV=5&MLV=5,https://climate-change.canada.ca/facility-emissions/GHGRP-G12727-2023.html,"http://indicators-map.canada.ca/App/Detail?id=0112727&GoCTemplateCulture=en-CA
"
12728,Prairiedale 2-23,ISH Energy Ltd.,South West,,N/A,Saskatchewan,51.7519,-109.5862,16.13,kilotonnes of carbon dioxide equivalents (kt CO2 eq),2023,Oil and gas extraction (except oil sands),https://www23.statcan.gc.ca/imdb/p3VD.pl?Function=getVD&TVD=1369825&CVD=1370970&CPV=211110&CST=27012022&CLV=5&MLV=5,https://climate-change.canada.ca/facility-emissions/GHGRP-G12728-2023.html,"http://indicators-map.canada.ca/App/Detail?id=0112728&GoCTemplateCulture=en-CA
"
12729,Shiningbank 10-12-056-17 W5M,ISH Energy Ltd.,Shiningbank,,N/A,Alberta,53.8251,-116.3969,16.11,kilotonnes of carbon dioxide equivalents (kt CO2 eq),2023,Oil and gas extraction (except oil sands),https://www23.statcan.gc.ca/imdb/p3VD.pl?Function=getVD&TVD=1369825&CVD=1370970&CPV=211110&CST=27012022&CLV=5&MLV=5,https://climate-change.canada.ca/facility-emissions/GHGRP-G12729-2023.html,"http://indicators-map.canada.ca/App/Detail?id=0112729&GoCTemplateCulture=en-CA
"
12730,APF ENERGY COUNTESS,Long Term Asset Management Inc,Countess,,N/A,Alberta,50.54208,-112.20502,12.94,kilotonnes of carbon dioxide equivalents (kt CO2 eq),2023,Oil and gas extraction (except oil sands),https://www23.statcan.gc.ca/imdb/p3VD.pl?Function=getVD&TVD=1369825&CVD=1370970&CPV=211110&CST=27012022&CLV=5&MLV=5,https://climate-change.canada.ca/facility-emissions/GHGRP-G12730-2023.html,"http://indicators-map.canada.ca/App/Detail?id=0112730&GoCTemplateCulture=en-CA
"
12732,ABBT0164071,Vermilion Energy Inc.,,,T2P 0R3,Alberta,56.07427,-119.95476,16.55,kilotonnes of carbon dioxide equivalents (kt CO2 eq),2023,Oil and gas extraction (except oil sands),https://www23.statcan.gc.ca/imdb/p3VD.pl?Function=getVD&TVD=1369825&CVD=1370970&CPV=211110&CST=27012022&CLV=5&MLV=5,https://climate-change.canada.ca/facility-emissions/GHGRP-G12732-2023.html,"http://indicators-map.canada.ca/App/Detail?id=0112732&GoCTemplateCulture=en-CA
"
12734,Fort Chipewyan Water Treatment Plant,Regional Municipality of Wood Buffalo,Fort Chipewyan,202 breyant Avenue,T0P 1B0,Alberta,58.7172,-111.1558,0.39,kilotonnes of carbon dioxide equivalents (kt CO2 eq),2023,Water Supply and Irrigation Systems,https://www23.statcan.gc.ca/imdb/p3VD.pl?Function=getVD&TVD=1369825&CVD=1370970&CPV=221310&CST=27012022&CLV=5&MLV=5,https://climate-change.canada.ca/facility-emissions/GHGRP-G12734-2023.html,"http://indicators-map.canada.ca/App/Detail?id=0112734&GoCTemplateCulture=en-CA
"
12735,Marten Hills 10-15-075-02W5,Headwater Exploration Incorporated,Slave Lake,,N/A,Alberta,55.49944,-114.21814,32.27,kilotonnes of carbon dioxide equivalents (kt CO2 eq),2023,Oil and gas extraction (except oil sands),https://www23.statcan.gc.ca/imdb/p3VD.pl?Function=getVD&TVD=1369825&CVD=1370970&CPV=211110&CST=27012022&CLV=5&MLV=5,https://climate-change.canada.ca/facility-emissions/GHGRP-G12735-2023.html,"http://indicators-map.canada.ca/App/Detail?id=0112735&GoCTemplateCulture=en-CA
"
12736,Marten Hills 14-28,Headwater Exploration Incorporated,Slave Lake,,T2P 1K3,Alberta,55.5313,-114.249,31.97,kilotonnes of carbon dioxide equivalents (kt CO2 eq),2023,Oil and gas extraction (except oil sands),https://www23.statcan.gc.ca/imdb/p3VD.pl?Function=getVD&TVD=1369825&CVD=1370970&CPV=211110&CST=27012022&CLV=5&MLV=5,https://climate-change.canada.ca/facility-emissions/GHGRP-G12736-2023.html,"http://indicators-map.canada.ca/App/Detail?id=0112736&GoCTemplateCulture=en-CA
"
12737,Miller Central Integrated Asphalt and Aggregate,Miller Paving Limited,Scarborough,1159 Tapscott Road,M1X 1A1,Ontario,43.82974,-79.24404,17.36,kilotonnes of carbon dioxide equivalents (kt CO2 eq),2023,Asphalt Paving Mixture and Block Manufacturing,https://www23.statcan.gc.ca/imdb/p3VD.pl?Function=getVD&TVD=1369825&CVD=1370970&CPV=324121&CST=27012022&CLV=5&MLV=5,https://climate-change.canada.ca/facility-emissions/GHGRP-G12737-2023.html,"http://indicators-map.canada.ca/App/Detail?id=0112737&GoCTemplateCulture=en-CA
"
12738,Marten Hills 16-06-076-02W5,Headwater Exploration Incorporated,Slave Lake,,N/A,Alberta,55.56122,-114.28932,16.89,kilotonnes of carbon dioxide equivalents (kt CO2 eq),2023,Oil and gas extraction (except oil sands),https://www23.statcan.gc.ca/imdb/p3VD.pl?Function=getVD&TVD=1369825&CVD=1370970&CPV=211110&CST=27012022&CLV=5&MLV=5,https://climate-change.canada.ca/facility-emissions/GHGRP-G12738-2023.html,"http://indicators-map.canada.ca/App/Detail?id=0112738&GoCTemplateCulture=en-CA
"
12739,PGR HDRD Complex,Tidewater Renewables Ltd.,Prince George,2542 Pulp Mill,V2L 4V4,British Columbia,53.93044,-122.70569,22.01,kilotonnes of carbon dioxide equivalents (kt CO2 eq),2023,Other Basic Organic Chemical Manufacturing,https://www23.statcan.gc.ca/imdb/p3VD.pl?Function=getVD&TVD=1369825&CVD=1370970&CPV=325190&CST=27012022&CLV=5&MLV=5,https://climate-change.canada.ca/facility-emissions/GHGRP-G12739-2023.html,"http://indicators-map.canada.ca/App/Detail?id=0112739&GoCTemplateCulture=en-CA
"
12740,Atikokan Sawmill,Produits forestiers Résolu,Atikokan,601 Sapawe Road,P0T 1C0,Ontario,48.7695,-91.34019,12.07,kilotonnes of carbon dioxide equivalents (kt CO2 eq),2023,Sawmills (except Shingle and Shake Mills),https://www23.statcan.gc.ca/imdb/p3VD.pl?Function=getVD&TVD=1369825&CVD=1370970&CPV=321111&CST=27012022&CLV=5&MLV=5,https://climate-change.canada.ca/facility-emissions/GHGRP-G12740-2023.html,"http://indicators-map.canada.ca/App/Detail?id=0112740&GoCTemplateCulture=en-CA
"
12741,Kubebooth Inc.,Kubebooth Inc.,Toronto,40 Penn Drive,M9L 2A9,Ontario,43.75236,-79.55642,0.08,kilotonnes of carbon dioxide equivalents (kt CO2 eq),2023,Furniture retailers,https://www23.statcan.gc.ca/imdb/p3VD.pl?Function=getVD&TVD=1369825&CVD=1370970&CPV=449110&CST=27012022&CLV=5&MLV=5,https://climate-change.canada.ca/facility-emissions/GHGRP-G12741-2023.html,"http://indicators-map.canada.ca/App/Detail?id=0112741&GoCTemplateCulture=en-CA
"
12742,Countess 08-36-020-16 W4,Journey Energy Inc.,Countess,,N/A,Alberta,50.76191,-112.27888,22.75,kilotonnes of carbon dioxide equivalents (kt CO2 eq),2023,Oil and gas extraction (except oil sands),https://www23.statcan.gc.ca/imdb/p3VD.pl?Function=getVD&TVD=1369825&CVD=1370970&CPV=211110&CST=27012022&CLV=5&MLV=5,https://climate-change.canada.ca/facility-emissions/GHGRP-G12742-2023.html,"http://indicators-map.canada.ca/App/Detail?id=0112742&GoCTemplateCulture=en-CA
"
12743,RBR BEAV 06-28-071-09W6 MWOB,Archer Exploration Corp.,Calgary,,N/A,Alberta,55.17603,-119.32347,13.98,kilotonnes of carbon dioxide equivalents (kt CO2 eq),2023,Oil and gas extraction (except oil sands),https://www23.statcan.gc.ca/imdb/p3VD.pl?Function=getVD&TVD=1369825&CVD=1370970&CPV=211110&CST=27012022&CLV=5&MLV=5,https://climate-change.canada.ca/facility-emissions/GHGRP-G12743-2023.html,"http://indicators-map.canada.ca/App/Detail?id=0112743&GoCTemplateCulture=en-CA
"
12744,Velvet 16-23-054-17W5,Westbrick Energy Ltd (1),Calgary,2300 3 3 Avenue,T2P 0R3,Alberta,53.6832,-116.389,10.8,kilotonnes of carbon dioxide equivalents (kt CO2 eq),2023,Oil and gas extraction (except oil sands),https://www23.statcan.gc.ca/imdb/p3VD.pl?Function=getVD&TVD=1369825&CVD=1370970&CPV=211110&CST=27012022&CLV=5&MLV=5,https://climate-change.canada.ca/facility-emissions/GHGRP-G12744-2023.html,"http://indicators-map.canada.ca/App/Detail?id=0112744&GoCTemplateCulture=en-CA
"
12745,Westbrick GS 9-4-41-11W5,Westbrick Energy Ltd (1),Calgary,2300 520 3 Avenue Southwest,T2P 0R3,Alberta,52.50317,-115.51572,14.16,kilotonnes of carbon dioxide equivalents (kt CO2 eq),2023,Oil and gas extraction (except oil sands),https://www23.statcan.gc.ca/imdb/p3VD.pl?Function=getVD&TVD=1369825&CVD=1370970&CPV=211110&CST=27012022&CLV=5&MLV=5,https://climate-change.canada.ca/facility-emissions/GHGRP-G12745-2023.html,"http://indicators-map.canada.ca/App/Detail?id=0112745&GoCTemplateCulture=en-CA
"
12746,Browning 02-13-006-06W2 MWB,Whitecap Resources Inc.,Na,,N/A,Saskatchewan,49.46652,-102.68774,10.59,kilotonnes of carbon dioxide equivalents (kt CO2 eq),2023,Oil and gas extraction (except oil sands),https://www23.statcan.gc.ca/imdb/p3VD.pl?Function=getVD&TVD=1369825&CVD=1370970&CPV=211110&CST=27012022&CLV=5&MLV=5,https://climate-change.canada.ca/facility-emissions/GHGRP-G12746-2023.html,"http://indicators-map.canada.ca/App/Detail?id=0112746&GoCTemplateCulture=en-CA
"
12748,Lamoral Gas Gathering 09-11-41-10W5,Taqa North Ltd.,Lamoral,,N/A,Alberta,52.51762,-115.32385,11.83,kilotonnes of carbon dioxide equivalents (kt CO2 eq),2023,Oil and gas extraction (except oil sands),https://www23.statcan.gc.ca/imdb/p3VD.pl?Function=getVD&TVD=1369825&CVD=1370970&CPV=211110&CST=27012022&CLV=5&MLV=5,https://climate-change.canada.ca/facility-emissions/GHGRP-G12748-2023.html,"http://indicators-map.canada.ca/App/Detail?id=0112748&GoCTemplateCulture=en-CA
"
12749,ABBT0089807,Whitecap Resources Inc.,Calgary,,N/A,Alberta,54.18525,-116.78455,10.01,kilotonnes of carbon dioxide equivalents (kt CO2 eq),2023,Oil and gas extraction (except oil sands),https://www23.statcan.gc.ca/imdb/p3VD.pl?Function=getVD&TVD=1369825&CVD=1370970&CPV=211110&CST=27012022&CLV=5&MLV=5,https://climate-change.canada.ca/facility-emissions/GHGRP-G12749-2023.html,"http://indicators-map.canada.ca/App/Detail?id=0112749&GoCTemplateCulture=en-CA
"
12750,Northland Utilities Hay River,Northland Utilities (NWT) Limited,Hay River,1 Spruce Road,X0E 0R6,Northwest Territories,60.80677,-115.79817,15.08,kilotonnes of carbon dioxide equivalents (kt CO2 eq),2023,Electric Power Distribution,https://www23.statcan.gc.ca/imdb/p3VD.pl?Function=getVD&TVD=1369825&CVD=1370970&CPV=221122&CST=27012022&CLV=5&MLV=5,https://climate-change.canada.ca/facility-emissions/GHGRP-G12750-2023.html,"http://indicators-map.canada.ca/App/Detail?id=0112750&GoCTemplateCulture=en-CA
"
12751,Bessborough Landfill,Peace River Regional District,Arras,6688 237 Road,V1G 4H8,British Columbia,55.82199,-120.47313,10.23,kilotonnes of carbon dioxide equivalents (kt CO2 eq),2023,Waste Treatment and Disposal,https://www23.statcan.gc.ca/imdb/p3VD.pl?Function=getVD&TVD=1369825&CVD=1370970&CPV=562210&CST=27012022&CLV=5&MLV=5,https://climate-change.canada.ca/facility-emissions/GHGRP-G12751-2023.html,"http://indicators-map.canada.ca/App/Detail?id=0112751&GoCTemplateCulture=en-CA
"
12752,Fayolle,Iamgold Corporation,Rouyn Noranda,1 CHEMIN ARTHUR DOYON,J9X 5C8,Quebec,48.25805,-78.52514,2.75,kilotonnes of carbon dioxide equivalents (kt CO2 eq),2023,Gold and Silver Ore Mining,https://www23.statcan.gc.ca/imdb/p3VD.pl?Function=getVD&TVD=1369825&CVD=1370970&CPV=212220&CST=27012022&CLV=5&MLV=5,https://climate-change.canada.ca/facility-emissions/GHGRP-G12752-2023.html,"http://indicators-map.canada.ca/App/Detail?id=0112752&GoCTemplateCulture=en-CA
"
12753,ABGS0113388,ORLEN Upstream Canada Ltd.,Calgary,400 850 2 Street Southwest,T2P 0R8,Alberta,52.29913,-115.02838,10.43,kilotonnes of carbon dioxide equivalents (kt CO2 eq),2023,Oil and gas extraction (except oil sands),https://www23.statcan.gc.ca/imdb/p3VD.pl?Function=getVD&TVD=1369825&CVD=1370970&CPV=211110&CST=27012022&CLV=5&MLV=5,https://climate-change.canada.ca/facility-emissions/GHGRP-G12753-2023.html,"http://indicators-map.canada.ca/App/Detail?id=0112753&GoCTemplateCulture=en-CA
"
12754,Open Creek 10-34-042-05 W5M,i3 Energy Canada Ltd.,Calgary,500 207 9 Avenue Southwest,T2P 1K3,Alberta,52.66337,-114.63472,12.15,kilotonnes of carbon dioxide equivalents (kt CO2 eq),2023,Oil and gas extraction (except oil sands),https://www23.statcan.gc.ca/imdb/p3VD.pl?Function=getVD&TVD=1369825&CVD=1370970&CPV=211110&CST=27012022&CLV=5&MLV=5,https://climate-change.canada.ca/facility-emissions/GHGRP-G12754-2023.html,"http://indicators-map.canada.ca/App/Detail?id=0112754&GoCTemplateCulture=en-CA
"
12755,UKALTA 13-35-56-18W4 PRORATION,Rubellite Energy Inc.,Boyle,,T0A 0M0,Alberta,53.88874,-112.57594,11.93,kilotonnes of carbon dioxide equivalents (kt CO2 eq),2023,Oil and gas extraction (except oil sands),https://www23.statcan.gc.ca/imdb/p3VD.pl?Function=getVD&TVD=1369825&CVD=1370970&CPV=211110&CST=27012022&CLV=5&MLV=5,https://climate-change.canada.ca/facility-emissions/GHGRP-G12755-2023.html,"http://indicators-map.canada.ca/App/Detail?id=0112755&GoCTemplateCulture=en-CA
"
12756,FIGURE LAKE 9-23-63-18W4 PRORATION,Rubellite Energy Inc.,Boyle,,T0A 0M0,Alberta,54.46539,-112.60497,15.28,kilotonnes of carbon dioxide equivalents (kt CO2 eq),2023,Oil and gas extraction (except oil sands),https://www23.statcan.gc.ca/imdb/p3VD.pl?Function=getVD&TVD=1369825&CVD=1370970&CPV=211110&CST=27012022&CLV=5&MLV=5,https://climate-change.canada.ca/facility-emissions/GHGRP-G12756-2023.html,"http://indicators-map.canada.ca/App/Detail?id=0112756&GoCTemplateCulture=en-CA
"
12757,FIGURE LAKE 2/1-13-63-18W4 PRORATION,Rubellite Energy Inc.,Boyle,,T0A 0M0,Alberta,54.44377,-112.57979,10.47,kilotonnes of carbon dioxide equivalents (kt CO2 eq),2023,Oil and gas extraction (except oil sands),https://www23.statcan.gc.ca/imdb/p3VD.pl?Function=getVD&TVD=1369825&CVD=1370970&CPV=211110&CST=27012022&CLV=5&MLV=5,https://climate-change.canada.ca/facility-emissions/GHGRP-G12757-2023.html,"http://indicators-map.canada.ca/App/Detail?id=0112757&GoCTemplateCulture=en-CA
"
12758,FIGURE LAKE 2/1-3-63-18W4 PRORATION,Rubellite Energy Inc.,Boyle,,T0A 0M0,Alberta,54.41486,-112.63025,10.14,kilotonnes of carbon dioxide equivalents (kt CO2 eq),2023,Oil and gas extraction (except oil sands),https://www23.statcan.gc.ca/imdb/p3VD.pl?Function=getVD&TVD=1369825&CVD=1370970&CPV=211110&CST=27012022&CLV=5&MLV=5,https://climate-change.canada.ca/facility-emissions/GHGRP-G12758-2023.html,"http://indicators-map.canada.ca/App/Detail?id=0112758&GoCTemplateCulture=en-CA
"
12759,Clarkson Wastewater Treatment Facility,Ontario Clean Water Agency,Mississauga,2307 Lakeshore Road,L5J 1J9,Ontario,43.49544,-79.6197,29.77,kilotonnes of carbon dioxide equivalents (kt CO2 eq),2023,Sewage Treatment Facilities,https://www23.statcan.gc.ca/imdb/p3VD.pl?Function=getVD&TVD=1369825&CVD=1370970&CPV=221320&CST=27012022&CLV=5&MLV=5,https://climate-change.canada.ca/facility-emissions/GHGRP-G12759-2023.html,"http://indicators-map.canada.ca/App/Detail?id=0112759&GoCTemplateCulture=en-CA
"
12760,Puskwa 05-14-074-01W6 MWB,Prairie Thunder Resources Ltd.,Debolt,,T0H 1B0,Alberta,55.40881,-118.04815,11.63,kilotonnes of carbon dioxide equivalents (kt CO2 eq),2023,Oil and gas extraction (except oil sands),https://www23.statcan.gc.ca/imdb/p3VD.pl?Function=getVD&TVD=1369825&CVD=1370970&CPV=211110&CST=27012022&CLV=5&MLV=5,https://climate-change.canada.ca/facility-emissions/GHGRP-G12760-2023.html,"http://indicators-map.canada.ca/App/Detail?id=0112760&GoCTemplateCulture=en-CA
"
12761,LECOURS LUMBER CO LTD,Lecours Lumber Co. Limited,Calstock,HWY663,P0L 1B0,Ontario,49.7915,-84.3224,13.08,kilotonnes of carbon dioxide equivalents (kt CO2 eq),2023,Sawmills (except Shingle and Shake Mills),https://www23.statcan.gc.ca/imdb/p3VD.pl?Function=getVD&TVD=1369825&CVD=1370970&CPV=321111&CST=27012022&CLV=5&MLV=5,https://climate-change.canada.ca/facility-emissions/GHGRP-G12761-2023.html,"http://indicators-map.canada.ca/App/Detail?id=0112761&GoCTemplateCulture=en-CA
"
12762,AG20 ABGP0001429 SWALWELL GAS PLANT,Ember Resources Inc.,Entice,,T2P 4H2,Alberta,51.53143,-113.27666,10.09,kilotonnes of carbon dioxide equivalents (kt CO2 eq),2023,Oil and gas extraction (except oil sands),https://www23.statcan.gc.ca/imdb/p3VD.pl?Function=getVD&TVD=1369825&CVD=1370970&CPV=211110&CST=27012022&CLV=5&MLV=5,https://climate-change.canada.ca/facility-emissions/GHGRP-G12762-2023.html,"http://indicators-map.canada.ca/App/Detail?id=0112762&GoCTemplateCulture=en-CA
"
12763,Town B-032-C/094-G-01,PETRONAS Energy Canada Ltd.,Peace River,,V0J 3N0,British Columbia,57.02744,-122.27043,18.95,kilotonnes of carbon dioxide equivalents (kt CO2 eq),2023,Oil and gas extraction (except oil sands),https://www23.statcan.gc.ca/imdb/p3VD.pl?Function=getVD&TVD=1369825&CVD=1370970&CPV=211110&CST=27012022&CLV=5&MLV=5,https://climate-change.canada.ca/facility-emissions/GHGRP-G12763-2023.html,"http://indicators-map.canada.ca/App/Detail?id=0112763&GoCTemplateCulture=en-CA
"
12765,NIPISI 05-29-75-05 W5,Spur Petroleum Ltd.,Slave Lake,,T2P 0B2,Alberta,55.52579,-114.74968,14.23,kilotonnes of carbon dioxide equivalents (kt CO2 eq),2023,Oil and gas extraction (except oil sands),https://www23.statcan.gc.ca/imdb/p3VD.pl?Function=getVD&TVD=1369825&CVD=1370970&CPV=211110&CST=27012022&CLV=5&MLV=5,https://climate-change.canada.ca/facility-emissions/GHGRP-G12765-2023.html,"http://indicators-map.canada.ca/App/Detail?id=0112765&GoCTemplateCulture=en-CA
"
12766,NIPISI 09-17-78-09 W5,Spur Petroleum Ltd.,Slave Lake,,N/A,Alberta,55.76083,-115.35009,10.52,kilotonnes of carbon dioxide equivalents (kt CO2 eq),2023,Oil and gas extraction (except oil sands),https://www23.statcan.gc.ca/imdb/p3VD.pl?Function=getVD&TVD=1369825&CVD=1370970&CPV=211110&CST=27012022&CLV=5&MLV=5,https://climate-change.canada.ca/facility-emissions/GHGRP-G12766-2023.html,"http://indicators-map.canada.ca/App/Detail?id=0112766&GoCTemplateCulture=en-CA
"
12767,SKBTB1H2202,Canadian Natural Resources Limited,Calgary,2500 855 2 Street Southwest,N/A,Alberta,53.0179,-109.878,12.45,kilotonnes of carbon dioxide equivalents (kt CO2 eq),2023,Oil and gas extraction (except oil sands),https://www23.statcan.gc.ca/imdb/p3VD.pl?Function=getVD&TVD=1369825&CVD=1370970&CPV=211110&CST=27012022&CLV=5&MLV=5,https://climate-change.canada.ca/facility-emissions/GHGRP-G12767-2023.html,"http://indicators-map.canada.ca/App/Detail?id=0112767&GoCTemplateCulture=en-CA
"
12768,Narraway Gas MWB 10-08-062-10W6,Canadian Natural Resources Limited,Calgary,855 2nd Street Southwest,T2P 4J8,Alberta,54.3503,-119.459,44.19,kilotonnes of carbon dioxide equivalents (kt CO2 eq),2023,Oil and gas extraction (except oil sands),https://www23.statcan.gc.ca/imdb/p3VD.pl?Function=getVD&TVD=1369825&CVD=1370970&CPV=211110&CST=27012022&CLV=5&MLV=5,https://climate-change.canada.ca/facility-emissions/GHGRP-G12768-2023.html,"http://indicators-map.canada.ca/App/Detail?id=0112768&GoCTemplateCulture=en-CA
"
12769,Progress Gas MWB 01-01-078-10W6,Canadian Natural Resources Limited,Calgary,2500 855 2 Street Southwest,N/A,Alberta,55.7251,-119.4,14.1,kilotonnes of carbon dioxide equivalents (kt CO2 eq),2023,Oil and gas extraction (except oil sands),https://www23.statcan.gc.ca/imdb/p3VD.pl?Function=getVD&TVD=1369825&CVD=1370970&CPV=211110&CST=27012022&CLV=5&MLV=5,https://climate-change.canada.ca/facility-emissions/GHGRP-G12769-2023.html,"http://indicators-map.canada.ca/App/Detail?id=0112769&GoCTemplateCulture=en-CA
"
12771,Peavine 13-25-078-16W5,Baytex Energy Ltd,,,N/A,Alberta,55.79361,-116.35368,22.7,kilotonnes of carbon dioxide equivalents (kt CO2 eq),2023,Oil and gas extraction (except oil sands),https://www23.statcan.gc.ca/imdb/p3VD.pl?Function=getVD&TVD=1369825&CVD=1370970&CPV=211110&CST=27012022&CLV=5&MLV=5,https://climate-change.canada.ca/facility-emissions/GHGRP-G12771-2023.html,"http://indicators-map.canada.ca/App/Detail?id=0112771&GoCTemplateCulture=en-CA
"
12772,Peavine 05-25-078-16W5,Baytex Energy Ltd,Calgary,2800 520 3rd,T2P 0R3,Alberta,55.79361,-116.35368,34.23,kilotonnes of carbon dioxide equivalents (kt CO2 eq),2023,Oil and gas extraction (except oil sands),https://www23.statcan.gc.ca/imdb/p3VD.pl?Function=getVD&TVD=1369825&CVD=1370970&CPV=211110&CST=27012022&CLV=5&MLV=5,https://climate-change.canada.ca/facility-emissions/GHGRP-G12772-2023.html,"http://indicators-map.canada.ca/App/Detail?id=0112772&GoCTemplateCulture=en-CA
"
12773,Peavine Oil MWB 14-36-078-16W5,Baytex Energy Ltd,,,N/A,Alberta,55.80874,-116.34569,11.58,kilotonnes of carbon dioxide equivalents (kt CO2 eq),2023,Oil and gas extraction (except oil sands),https://www23.statcan.gc.ca/imdb/p3VD.pl?Function=getVD&TVD=1369825&CVD=1370970&CPV=211110&CST=27012022&CLV=5&MLV=5,https://climate-change.canada.ca/facility-emissions/GHGRP-G12773-2023.html,"http://indicators-map.canada.ca/App/Detail?id=0112773&GoCTemplateCulture=en-CA
"
12774,ABCS0014441,Canadian Natural Resources Limited,Calgary,2100 855 2nd Street Southwest,T2P 4J8,Alberta,54.67068,-119.21838,13.43,kilotonnes of carbon dioxide equivalents (kt CO2 eq),2023,Oil and gas extraction (except oil sands),https://www23.statcan.gc.ca/imdb/p3VD.pl?Function=getVD&TVD=1369825&CVD=1370970&CPV=211110&CST=27012022&CLV=5&MLV=5,https://climate-change.canada.ca/facility-emissions/GHGRP-G12774-2023.html,"http://indicators-map.canada.ca/App/Detail?id=0112774&GoCTemplateCulture=en-CA
"
12775,BCBT0007778,Canadian Natural Resources Limited,Peace River,,N/A,British Columbia,56.23542,-122.09687,15.95,kilotonnes of carbon dioxide equivalents (kt CO2 eq),2023,Oil and gas extraction (except oil sands),https://www23.statcan.gc.ca/imdb/p3VD.pl?Function=getVD&TVD=1369825&CVD=1370970&CPV=211110&CST=27012022&CLV=5&MLV=5,https://climate-change.canada.ca/facility-emissions/GHGRP-G12775-2023.html,"http://indicators-map.canada.ca/App/Detail?id=0112775&GoCTemplateCulture=en-CA
"
12776,ABBT0143321,Canadian Natural Resources Limited,Calgary,2100 855 2nd Street Southwest,T2P 4J8,Alberta,54.6124,-118.211,18.3,kilotonnes of carbon dioxide equivalents (kt CO2 eq),2023,Oil and gas extraction (except oil sands),https://www23.statcan.gc.ca/imdb/p3VD.pl?Function=getVD&TVD=1369825&CVD=1370970&CPV=211110&CST=27012022&CLV=5&MLV=5,https://climate-change.canada.ca/facility-emissions/GHGRP-G12776-2023.html,"http://indicators-map.canada.ca/App/Detail?id=0112776&GoCTemplateCulture=en-CA
"
12777,ABBT0137426,Canadian Natural Resources Limited,Calgary,2100 855 2nd Street Southwest,T2P 4J8,Alberta,54.66339,-118.356,37.53,kilotonnes of carbon dioxide equivalents (kt CO2 eq),2023,Oil and gas extraction (except oil sands),https://www23.statcan.gc.ca/imdb/p3VD.pl?Function=getVD&TVD=1369825&CVD=1370970&CPV=211110&CST=27012022&CLV=5&MLV=5,https://climate-change.canada.ca/facility-emissions/GHGRP-G12777-2023.html,"http://indicators-map.canada.ca/App/Detail?id=0112777&GoCTemplateCulture=en-CA
"
12778,ABGS0006487,Canadian Natural Resources Limited,Calgary,2100 855 2nd Street Southwest,T2P 4J8,Alberta,54.0629,-117.746,13.63,kilotonnes of carbon dioxide equivalents (kt CO2 eq),2023,Oil and gas extraction (except oil sands),https://www23.statcan.gc.ca/imdb/p3VD.pl?Function=getVD&TVD=1369825&CVD=1370970&CPV=211110&CST=27012022&CLV=5&MLV=5,https://climate-change.canada.ca/facility-emissions/GHGRP-G12778-2023.html,"http://indicators-map.canada.ca/App/Detail?id=0112778&GoCTemplateCulture=en-CA
"
12779,ABBT0133144,Canadian Natural Resources Limited,Calgary,2100 855 2nd Street Southwest,T2P 4J8,Alberta,55.838,-119.778,31.92,kilotonnes of carbon dioxide equivalents (kt CO2 eq),2023,Oil and gas extraction (except oil sands),https://www23.statcan.gc.ca/imdb/p3VD.pl?Function=getVD&TVD=1369825&CVD=1370970&CPV=211110&CST=27012022&CLV=5&MLV=5,https://climate-change.canada.ca/facility-emissions/GHGRP-G12779-2023.html,"http://indicators-map.canada.ca/App/Detail?id=0112779&GoCTemplateCulture=en-CA
"
12780,ABBT0126676,Canadian Natural Resources Limited,Calgary,2100 855 2nd Street Southwest,T2P 4J8,Alberta,53.4993,-116.805,18.82,kilotonnes of carbon dioxide equivalents (kt CO2 eq),2023,Oil and gas extraction (except oil sands),https://www23.statcan.gc.ca/imdb/p3VD.pl?Function=getVD&TVD=1369825&CVD=1370970&CPV=211110&CST=27012022&CLV=5&MLV=5,https://climate-change.canada.ca/facility-emissions/GHGRP-G12780-2023.html,"http://indicators-map.canada.ca/App/Detail?id=0112780&GoCTemplateCulture=en-CA
"
12781,ABGS0006080,Canadian Natural Resources Limited,Calgary,2100 855 2nd Street Southwest,T2P 4J8,Alberta,55.997,-113.474,33.68,kilotonnes of carbon dioxide equivalents (kt CO2 eq),2023,Oil and gas extraction (except oil sands),https://www23.statcan.gc.ca/imdb/p3VD.pl?Function=getVD&TVD=1369825&CVD=1370970&CPV=211110&CST=27012022&CLV=5&MLV=5,https://climate-change.canada.ca/facility-emissions/GHGRP-G12781-2023.html,"http://indicators-map.canada.ca/App/Detail?id=0112781&GoCTemplateCulture=en-CA
"
12782,ABGS0003864,Canadian Natural Resources Limited,Calgary,2100 855 2nd Street Southwest,T2P 4J8,Alberta,55.2828,-119.096,10.4,kilotonnes of carbon dioxide equivalents (kt CO2 eq),2023,Oil and gas extraction (except oil sands),https://www23.statcan.gc.ca/imdb/p3VD.pl?Function=getVD&TVD=1369825&CVD=1370970&CPV=211110&CST=27012022&CLV=5&MLV=5,https://climate-change.canada.ca/facility-emissions/GHGRP-G12782-2023.html,"http://indicators-map.canada.ca/App/Detail?id=0112782&GoCTemplateCulture=en-CA
"
12783,ABBT0126615 (Brintnell Central Bitumen Battery 01-36-080-22W4,Canadian Natural Resources Limited,Sandy Lake,,N/A,Alberta,55.97158,-113.29779,72.34,kilotonnes of carbon dioxide equivalents (kt CO2 eq),2023,Oil and gas extraction (except oil sands),https://www23.statcan.gc.ca/imdb/p3VD.pl?Function=getVD&TVD=1369825&CVD=1370970&CPV=211110&CST=27012022&CLV=5&MLV=5,https://climate-change.canada.ca/facility-emissions/GHGRP-G12783-2023.html,"http://indicators-map.canada.ca/App/Detail?id=0112783&GoCTemplateCulture=en-CA
"
12784,ABGS0002527,Canadian Natural Resources Limited,Calgary,2100 855 2nd Street Southwest,T2P 4J8,Alberta,50.592,-111.779,20.08,kilotonnes of carbon dioxide equivalents (kt CO2 eq),2023,Oil and gas extraction (except oil sands),https://www23.statcan.gc.ca/imdb/p3VD.pl?Function=getVD&TVD=1369825&CVD=1370970&CPV=211110&CST=27012022&CLV=5&MLV=5,https://climate-change.canada.ca/facility-emissions/GHGRP-G12784-2023.html,"http://indicators-map.canada.ca/App/Detail?id=0112784&GoCTemplateCulture=en-CA
"
12785,ABBT0122253,Canadian Natural Resources Limited,Calgary,855 2 Street,T2P 4J8,Alberta,54.8487,-119.224,118.47,kilotonnes of carbon dioxide equivalents (kt CO2 eq),2023,Oil and gas extraction (except oil sands),https://www23.statcan.gc.ca/imdb/p3VD.pl?Function=getVD&TVD=1369825&CVD=1370970&CPV=211110&CST=27012022&CLV=5&MLV=5,https://climate-change.canada.ca/facility-emissions/GHGRP-G12785-2023.html,"http://indicators-map.canada.ca/App/Detail?id=0112785&GoCTemplateCulture=en-CA
"
12786,ABGS0002510,Canadian Natural Resources Limited,Calgary,2100 855 2nd Street Southwest,T2P 4J8,Alberta,50.523,-111.651,32.81,kilotonnes of carbon dioxide equivalents (kt CO2 eq),2023,Oil and gas extraction (except oil sands),https://www23.statcan.gc.ca/imdb/p3VD.pl?Function=getVD&TVD=1369825&CVD=1370970&CPV=211110&CST=27012022&CLV=5&MLV=5,https://climate-change.canada.ca/facility-emissions/GHGRP-G12786-2023.html,"http://indicators-map.canada.ca/App/Detail?id=0112786&GoCTemplateCulture=en-CA
"
12787,ABCS0126236,Canadian Natural Resources Limited,Calgary,2100 855 2nd Street Southwest,T2P 4J8,Alberta,55.3506,-119.3301,11.1,kilotonnes of carbon dioxide equivalents (kt CO2 eq),2023,Oil and gas extraction (except oil sands),https://www23.statcan.gc.ca/imdb/p3VD.pl?Function=getVD&TVD=1369825&CVD=1370970&CPV=211110&CST=27012022&CLV=5&MLV=5,https://climate-change.canada.ca/facility-emissions/GHGRP-G12787-2023.html,"http://indicators-map.canada.ca/App/Detail?id=0112787&GoCTemplateCulture=en-CA
"
12788,ADI Art Design International,Bouty inc.,St Hubert,3450 1re rue Street,J3Y 8Y5,Quebec,45.47496,-73.39394,0.07,kilotonnes of carbon dioxide equivalents (kt CO2 eq),2023,"Wood Office Furniture, including Custom Architectural Woodwork, Manufacturing",https://www23.statcan.gc.ca/imdb/p3VD.pl?Function=getVD&TVD=1369825&CVD=1370970&CPV=337213&CST=27012022&CLV=5&MLV=5,https://climate-change.canada.ca/facility-emissions/GHGRP-G12788-2023.html,"http://indicators-map.canada.ca/App/Detail?id=0112788&GoCTemplateCulture=en-CA
"
12789,Judy Creek B-Pool WP,Conifer Energy Inc.,Woodlands County,,N/A,Alberta,54.51242,-115.50231,15.77,kilotonnes of carbon dioxide equivalents (kt CO2 eq),2023,Oil and gas extraction (except oil sands),https://www23.statcan.gc.ca/imdb/p3VD.pl?Function=getVD&TVD=1369825&CVD=1370970&CPV=211110&CST=27012022&CLV=5&MLV=5,https://climate-change.canada.ca/facility-emissions/GHGRP-G12789-2023.html,"http://indicators-map.canada.ca/App/Detail?id=0112789&GoCTemplateCulture=en-CA
"
12790,03-13-066-05W6 Comp,Paramount Resources Ltd.,Calgary,4700 3 888 Terrace Southwest,T2P 5C5,Alberta,54.70699,-118.62033,19.64,kilotonnes of carbon dioxide equivalents (kt CO2 eq),2023,Oil and gas extraction (except oil sands),https://www23.statcan.gc.ca/imdb/p3VD.pl?Function=getVD&TVD=1369825&CVD=1370970&CPV=211110&CST=27012022&CLV=5&MLV=5,https://climate-change.canada.ca/facility-emissions/GHGRP-G12790-2023.html,"http://indicators-map.canada.ca/App/Detail?id=0112790&GoCTemplateCulture=en-CA
"
12791,Brampton Orenda,Olymel s.e.c (Ontario),Brampton,318 Orenda Road,L6T 1G1,Ontario,43.70257,-79.70182,7.22,kilotonnes of carbon dioxide equivalents (kt CO2 eq),2023,Poultry Processing,https://www23.statcan.gc.ca/imdb/p3VD.pl?Function=getVD&TVD=1369825&CVD=1370970&CPV=311615&CST=27012022&CLV=5&MLV=5,https://climate-change.canada.ca/facility-emissions/GHGRP-G12791-2023.html,"http://indicators-map.canada.ca/App/Detail?id=0112791&GoCTemplateCulture=en-CA
"
12792,Oakville,Olymel s.e.c (Ontario),Oakville,2714 Bristol Circle,L6H 6A1,Ontario,43.50996,-79.68445,4.92,kilotonnes of carbon dioxide equivalents (kt CO2 eq),2023,Poultry Processing,https://www23.statcan.gc.ca/imdb/p3VD.pl?Function=getVD&TVD=1369825&CVD=1370970&CPV=311615&CST=27012022&CLV=5&MLV=5,https://climate-change.canada.ca/facility-emissions/GHGRP-G12792-2023.html,"http://indicators-map.canada.ca/App/Detail?id=0112792&GoCTemplateCulture=en-CA
"
12793,Paris,Olymel s.e.c (Ontario),Paris,20 Scott Avenue,N3L 3R1,Ontario,43.2125,-80.39318,5.31,kilotonnes of carbon dioxide equivalents (kt CO2 eq),2023,Poultry Processing,https://www23.statcan.gc.ca/imdb/p3VD.pl?Function=getVD&TVD=1369825&CVD=1370970&CPV=311615&CST=27012022&CLV=5&MLV=5,https://climate-change.canada.ca/facility-emissions/GHGRP-G12793-2023.html,"http://indicators-map.canada.ca/App/Detail?id=0112793&GoCTemplateCulture=en-CA
"
12794,Port Colborne,Olymel s.e.c (Ontario),Port Colborne,2276 Second Concession Road,L2K 5V3,Ontario,42.91091,-79.1878,4.94,kilotonnes of carbon dioxide equivalents (kt CO2 eq),2023,Poultry Processing,https://www23.statcan.gc.ca/imdb/p3VD.pl?Function=getVD&TVD=1369825&CVD=1370970&CPV=311615&CST=27012022&CLV=5&MLV=5,https://climate-change.canada.ca/facility-emissions/GHGRP-G12794-2023.html,"http://indicators-map.canada.ca/App/Detail?id=0112794&GoCTemplateCulture=en-CA
"
12795,Mitchell Aerospace,MITCHELL AEROSPACE INC.,Montréal,350 Décarie Boulevard,H4L 3K5,Quebec,45.50548,-73.67245,23.43,kilotonnes of carbon dioxide equivalents (kt CO2 eq),2023,Aerospace Product and Parts Manufacturing,https://www23.statcan.gc.ca/imdb/p3VD.pl?Function=getVD&TVD=1369825&CVD=1370970&CPV=336410&CST=27012022&CLV=5&MLV=5,https://climate-change.canada.ca/facility-emissions/GHGRP-G12795-2023.html,"http://indicators-map.canada.ca/App/Detail?id=0112795&GoCTemplateCulture=en-CA
"
12796,01-31-088-23W3 Well Pad,ConocoPhillips Canada (BRC) Partnership,,,V0C 0C0,British Columbia,56.56942,-121.2904,16.5,kilotonnes of carbon dioxide equivalents (kt CO2 eq),2023,Oil and gas extraction (except oil sands),https://www23.statcan.gc.ca/imdb/p3VD.pl?Function=getVD&TVD=1369825&CVD=1370970&CPV=211110&CST=27012022&CLV=5&MLV=5,https://climate-change.canada.ca/facility-emissions/GHGRP-G12796-2023.html,"http://indicators-map.canada.ca/App/Detail?id=0112796&GoCTemplateCulture=en-CA
"
12797,Teeswater,Gay Lea Foods Cooperative Ltd.,Teeswater,21 Clinton Street North,N0G 2S0,Ontario,44.00166,-81.28509,10.84,kilotonnes of carbon dioxide equivalents (kt CO2 eq),2023,"Butter, Cheese, and Dry and Condensed Dairy Products Manufacturing",https://www23.statcan.gc.ca/imdb/p3VD.pl?Function=getVD&TVD=1369825&CVD=1370970&CPV=311515&CST=27012022&CLV=5&MLV=5,https://climate-change.canada.ca/facility-emissions/GHGRP-G12797-2023.html,"http://indicators-map.canada.ca/App/Detail?id=0112797&GoCTemplateCulture=en-CA
"
12798,Wembley Gas MWB 01-14-072-08W6,Kelt Exploration,,,T2P 3H2,Alberta,55.23052,-119.10603,18.77,kilotonnes of carbon dioxide equivalents (kt CO2 eq),2023,Oil and gas extraction (except oil sands),https://www23.statcan.gc.ca/imdb/p3VD.pl?Function=getVD&TVD=1369825&CVD=1370970&CPV=211110&CST=27012022&CLV=5&MLV=5,https://climate-change.canada.ca/facility-emissions/GHGRP-G12798-2023.html,"http://indicators-map.canada.ca/App/Detail?id=0112798&GoCTemplateCulture=en-CA
"
12799,KELT LNG OAK 06-35 MWGEB,Kelt Exploration,,,N/A,British Columbia,56.49886,-120.7317,17.61,kilotonnes of carbon dioxide equivalents (kt CO2 eq),2023,Oil and gas extraction (except oil sands),https://www23.statcan.gc.ca/imdb/p3VD.pl?Function=getVD&TVD=1369825&CVD=1370970&CPV=211110&CST=27012022&CLV=5&MLV=5,https://climate-change.canada.ca/facility-emissions/GHGRP-G12799-2023.html,"http://indicators-map.canada.ca/App/Detail?id=0112799&GoCTemplateCulture=en-CA
"
12800,Hacienda North Farms Plant 2,Hacienda North Farms Inc.,Wheatley,2883 Talbot Trail,N0P 1H0,Ontario,42.14896,-82.33063,27.17,kilotonnes of carbon dioxide equivalents (kt CO2 eq),2023,Other Food Crops Grown Under Cover,https://www23.statcan.gc.ca/imdb/p3VD.pl?Function=getVD&TVD=1369825&CVD=1370970&CPV=111419&CST=27012022&CLV=5&MLV=5,https://climate-change.canada.ca/facility-emissions/GHGRP-G12800-2023.html,"http://indicators-map.canada.ca/App/Detail?id=0112800&GoCTemplateCulture=en-CA
"
12801,11-04-075-25 W4 Marten Hills,Tamarack Acquisition Corp.,Marten Hills,,N/A,Alberta,55.56999,-113.82569,17.86,kilotonnes of carbon dioxide equivalents (kt CO2 eq),2023,Oil and gas extraction (except oil sands),https://www23.statcan.gc.ca/imdb/p3VD.pl?Function=getVD&TVD=1369825&CVD=1370970&CPV=211110&CST=27012022&CLV=5&MLV=5,https://climate-change.canada.ca/facility-emissions/GHGRP-G12801-2023.html,"http://indicators-map.canada.ca/App/Detail?id=0112801&GoCTemplateCulture=en-CA
"
12802,ABBT0164475,Tamarack Acquisition Corp.,Calgary,,N/A,Alberta,55.59029,-114.68385,34.31,kilotonnes of carbon dioxide equivalents (kt CO2 eq),2023,Oil and gas extraction (except oil sands),https://www23.statcan.gc.ca/imdb/p3VD.pl?Function=getVD&TVD=1369825&CVD=1370970&CPV=211110&CST=27012022&CLV=5&MLV=5,https://climate-change.canada.ca/facility-emissions/GHGRP-G12802-2023.html,"http://indicators-map.canada.ca/App/Detail?id=0112802&GoCTemplateCulture=en-CA
"
12803,ABBT0159972 (Tank),Tamarack Acquisition Corp.,Calgary,,N/A,Alberta,55.60477,-114.99436,15.23,kilotonnes of carbon dioxide equivalents (kt CO2 eq),2023,Oil and gas extraction (except oil sands),https://www23.statcan.gc.ca/imdb/p3VD.pl?Function=getVD&TVD=1369825&CVD=1370970&CPV=211110&CST=27012022&CLV=5&MLV=5,https://climate-change.canada.ca/facility-emissions/GHGRP-G12803-2023.html,"http://indicators-map.canada.ca/App/Detail?id=0112803&GoCTemplateCulture=en-CA
"
12804,West Marten Oil MWB 12-18-076-04W5,Tamarack Acquisition Corp.,Calgary,,N/A,Alberta,55.58662,-114.61913,31.93,kilotonnes of carbon dioxide equivalents (kt CO2 eq),2023,Oil and gas extraction (except oil sands),https://www23.statcan.gc.ca/imdb/p3VD.pl?Function=getVD&TVD=1369825&CVD=1370970&CPV=211110&CST=27012022&CLV=5&MLV=5,https://climate-change.canada.ca/facility-emissions/GHGRP-G12804-2023.html,"http://indicators-map.canada.ca/App/Detail?id=0112804&GoCTemplateCulture=en-CA
"
12805,Canal Oil MWB 04-21-070-23W4,Tamarack Acquisition Corp.,Calgary,,N/A,Alberta,55.07059,-113.45977,20.14,kilotonnes of carbon dioxide equivalents (kt CO2 eq),2023,Oil and gas extraction (except oil sands),https://www23.statcan.gc.ca/imdb/p3VD.pl?Function=getVD&TVD=1369825&CVD=1370970&CPV=211110&CST=27012022&CLV=5&MLV=5,https://climate-change.canada.ca/facility-emissions/GHGRP-G12805-2023.html,"http://indicators-map.canada.ca/App/Detail?id=0112805&GoCTemplateCulture=en-CA
"
12806,Canal Oil MWB 16-09-070-23W4,Tamarack Acquisition Corp.,Calgary,,N/A,Alberta,55.05117,-113.44102,15.24,kilotonnes of carbon dioxide equivalents (kt CO2 eq),2023,Oil and gas extraction (except oil sands),https://www23.statcan.gc.ca/imdb/p3VD.pl?Function=getVD&TVD=1369825&CVD=1370970&CPV=211110&CST=27012022&CLV=5&MLV=5,https://climate-change.canada.ca/facility-emissions/GHGRP-G12806-2023.html,"http://indicators-map.canada.ca/App/Detail?id=0112806&GoCTemplateCulture=en-CA
"
12807,West Marten Oil MWB 15-28-076-05W5,Tamarack Acquisition Corp.,Calgary,,N/A,Alberta,55.62074,-114.70743,17.34,kilotonnes of carbon dioxide equivalents (kt CO2 eq),2023,Oil and gas extraction (except oil sands),https://www23.statcan.gc.ca/imdb/p3VD.pl?Function=getVD&TVD=1369825&CVD=1370970&CPV=211110&CST=27012022&CLV=5&MLV=5,https://climate-change.canada.ca/facility-emissions/GHGRP-G12807-2023.html,"http://indicators-map.canada.ca/App/Detail?id=0112807&GoCTemplateCulture=en-CA
"
12808,ABBT0159851,Tamarack Acquisition Corp.,Calgary,,N/A,Alberta,55.43687,-113.76212,22.35,kilotonnes of carbon dioxide equivalents (kt CO2 eq),2023,Oil and gas extraction (except oil sands),https://www23.statcan.gc.ca/imdb/p3VD.pl?Function=getVD&TVD=1369825&CVD=1370970&CPV=211110&CST=27012022&CLV=5&MLV=5,https://climate-change.canada.ca/facility-emissions/GHGRP-G12808-2023.html,"http://indicators-map.canada.ca/App/Detail?id=0112808&GoCTemplateCulture=en-CA
"
12809,Marten Hills Oil MWB 09-26-075-26W4,Tamarack Acquisition Corp.,Calgary,,N/A,Alberta,55.52792,-113.91759,16.06,kilotonnes of carbon dioxide equivalents (kt CO2 eq),2023,Oil and gas extraction (except oil sands),https://www23.statcan.gc.ca/imdb/p3VD.pl?Function=getVD&TVD=1369825&CVD=1370970&CPV=211110&CST=27012022&CLV=5&MLV=5,https://climate-change.canada.ca/facility-emissions/GHGRP-G12809-2023.html,"http://indicators-map.canada.ca/App/Detail?id=0112809&GoCTemplateCulture=en-CA
"
12810,ABCT0156805 (Tank),Tamarack Acquisition Corp.,Calgary,,N/A,Alberta,55.47001,-113.82594,15.28,kilotonnes of carbon dioxide equivalents (kt CO2 eq),2023,Oil and gas extraction (except oil sands),https://www23.statcan.gc.ca/imdb/p3VD.pl?Function=getVD&TVD=1369825&CVD=1370970&CPV=211110&CST=27012022&CLV=5&MLV=5,https://climate-change.canada.ca/facility-emissions/GHGRP-G12810-2023.html,"http://indicators-map.canada.ca/App/Detail?id=0112810&GoCTemplateCulture=en-CA
"
12811,Nipisi Gas Gathering System 15-22-076-07W5,Tamarack Acquisition Corp.,Calgary,,N/A,Alberta,55.60477,-114.99436,13.38,kilotonnes of carbon dioxide equivalents (kt CO2 eq),2023,Oil and gas extraction (except oil sands),https://www23.statcan.gc.ca/imdb/p3VD.pl?Function=getVD&TVD=1369825&CVD=1370970&CPV=211110&CST=27012022&CLV=5&MLV=5,https://climate-change.canada.ca/facility-emissions/GHGRP-G12811-2023.html,"http://indicators-map.canada.ca/App/Detail?id=0112811&GoCTemplateCulture=en-CA
"
12812,Perryvale East (Perryvale) Oil MWB 02-33-063-23W4,Tamarack Acquisition Corp.,Calgary,,N/A,Alberta,54.48595,-113.41978,15.43,kilotonnes of carbon dioxide equivalents (kt CO2 eq),2023,Oil and gas extraction (except oil sands),https://www23.statcan.gc.ca/imdb/p3VD.pl?Function=getVD&TVD=1369825&CVD=1370970&CPV=211110&CST=27012022&CLV=5&MLV=5,https://climate-change.canada.ca/facility-emissions/GHGRP-G12812-2023.html,"http://indicators-map.canada.ca/App/Detail?id=0112812&GoCTemplateCulture=en-CA
"
12813,Perryvale West (Perryvale) Oil MWB 12-07-063-23W4,Tamarack Acquisition Corp.,Calgary,,N/A,Alberta,54.43619,-113.48085,11.95,kilotonnes of carbon dioxide equivalents (kt CO2 eq),2023,Oil and gas extraction (except oil sands),https://www23.statcan.gc.ca/imdb/p3VD.pl?Function=getVD&TVD=1369825&CVD=1370970&CPV=211110&CST=27012022&CLV=5&MLV=5,https://climate-change.canada.ca/facility-emissions/GHGRP-G12813-2023.html,"http://indicators-map.canada.ca/App/Detail?id=0112813&GoCTemplateCulture=en-CA
"
12814,"Coastal GasLink Pipeline, British Columbia System",Coastal GasLink Pipeline Limited Partnership,Vancouver,Suite 3500 1133 Melville Street,V6E 4E5,British Columbia,55.79794,-120.89109,22.75,kilotonnes of carbon dioxide equivalents (kt CO2 eq),2023,Pipeline Transportation of Natural Gas,https://www23.statcan.gc.ca/imdb/p3VD.pl?Function=getVD&TVD=1369825&CVD=1370970&CPV=486210&CST=27012022&CLV=5&MLV=5,https://climate-change.canada.ca/facility-emissions/GHGRP-G12814-2023.html,"http://indicators-map.canada.ca/App/Detail?id=0112814&GoCTemplateCulture=en-CA
"
12815,Conrad Brothers Limited,Conrad Brothers Limited,Dartmouth,31 Cono Drive,B2W 3Y2,Nova Scotia,44.73022,-63.53843,7,kilotonnes of carbon dioxide equivalents (kt CO2 eq),2023,Sand and Gravel Mining and Quarrying,https://www23.statcan.gc.ca/imdb/p3VD.pl?Function=getVD&TVD=1369825&CVD=1370970&CPV=212323&CST=27012022&CLV=5&MLV=5,https://climate-change.canada.ca/facility-emissions/GHGRP-G12815-2023.html,"http://indicators-map.canada.ca/App/Detail?id=0112815&GoCTemplateCulture=en-CA
"
12816,Rokeby Site,NOVA Chemicals Corporation,St. Clair Township,804 Rokeby Line,N0N 1M0,Ontario,42.86316,-82.39999,109.32,kilotonnes of carbon dioxide equivalents (kt CO2 eq),2023,Resin and Synthetic Rubber Manufacturing,https://www23.statcan.gc.ca/imdb/p3VD.pl?Function=getVD&TVD=1369825&CVD=1370970&CPV=325210&CST=27012022&CLV=5&MLV=5,https://climate-change.canada.ca/facility-emissions/GHGRP-G12816-2023.html,"http://indicators-map.canada.ca/App/Detail?id=0112816&GoCTemplateCulture=en-CA
"
12817,Ardenville Wind Farm,TransAlta Renewables Inc.,Fort Macleod,810 AB Highway,T0L 1Y0,Alberta,49.54648,-113.43093,0.02,kilotonnes of carbon dioxide equivalents (kt CO2 eq),2023,Other Electric Power Generation,https://www23.statcan.gc.ca/imdb/p3VD.pl?Function=getVD&TVD=1369825&CVD=1370970&CPV=221119&CST=27012022&CLV=5&MLV=5,https://climate-change.canada.ca/facility-emissions/GHGRP-G12817-2023.html,"http://indicators-map.canada.ca/App/Detail?id=0112817&GoCTemplateCulture=en-CA
"
12818,ABBT0134269,Spartan Delta Corp.,Calgary,1600 308 4th Avenue Southwest,T2P 0H7,Alberta,52.7179,-115.25,12.44,kilotonnes of carbon dioxide equivalents (kt CO2 eq),2023,Oil and gas extraction (except oil sands),https://www23.statcan.gc.ca/imdb/p3VD.pl?Function=getVD&TVD=1369825&CVD=1370970&CPV=211110&CST=27012022&CLV=5&MLV=5,https://climate-change.canada.ca/facility-emissions/GHGRP-G12818-2023.html,"http://indicators-map.canada.ca/App/Detail?id=0112818&GoCTemplateCulture=en-CA
"
12819,Wolf Feedstock Separation Facility (WFS),Wolf NGL,Sturgeon County,56127 RANGE ROAD 220,N/A,Alberta,53.82247,-113.1229,17.26,kilotonnes of carbon dioxide equivalents (kt CO2 eq),2023,Oil and gas extraction (except oil sands),https://www23.statcan.gc.ca/imdb/p3VD.pl?Function=getVD&TVD=1369825&CVD=1370970&CPV=211110&CST=27012022&CLV=5&MLV=5,https://climate-change.canada.ca/facility-emissions/GHGRP-G12819-2023.html,"http://indicators-map.canada.ca/App/Detail?id=0112819&GoCTemplateCulture=en-CA
"
12820,06-20 Gathering System - ABGS0164585,Strathcona Resources Ltd.,Municipal District of Greenvie,,N/A,Alberta,54.3759,-118.41559,12.05,kilotonnes of carbon dioxide equivalents (kt CO2 eq),2023,Oil and gas extraction (except oil sands),https://www23.statcan.gc.ca/imdb/p3VD.pl?Function=getVD&TVD=1369825&CVD=1370970&CPV=211110&CST=27012022&CLV=5&MLV=5,https://climate-change.canada.ca/facility-emissions/GHGRP-G12820-2023.html,"http://indicators-map.canada.ca/App/Detail?id=0112820&GoCTemplateCulture=en-CA
"
12821,03-12 Battery - ABBT0158102,Strathcona Resources Ltd.,Wembley,,N/A,Alberta,55.12881,-119.09281,10.62,kilotonnes of carbon dioxide equivalents (kt CO2 eq),2023,Oil and gas extraction (except oil sands),https://www23.statcan.gc.ca/imdb/p3VD.pl?Function=getVD&TVD=1369825&CVD=1370970&CPV=211110&CST=27012022&CLV=5&MLV=5,https://climate-change.canada.ca/facility-emissions/GHGRP-G12821-2023.html,"http://indicators-map.canada.ca/App/Detail?id=0112821&GoCTemplateCulture=en-CA
"
12822,Plover Lake 10-05 Battery,Strathcona Resources Ltd.,Luseland,,N/A,Saskatchewan,51.97804,-109.67816,31.41,kilotonnes of carbon dioxide equivalents (kt CO2 eq),2023,Oil and gas extraction (except oil sands),https://www23.statcan.gc.ca/imdb/p3VD.pl?Function=getVD&TVD=1369825&CVD=1370970&CPV=211110&CST=27012022&CLV=5&MLV=5,https://climate-change.canada.ca/facility-emissions/GHGRP-G12822-2023.html,"http://indicators-map.canada.ca/App/Detail?id=0112822&GoCTemplateCulture=en-CA
"
12823,08-15 Battery - ABBT0156838,Strathcona Resources Ltd.,Pipestone Creek,,T0H 3S0,Alberta,55.05977,-119.12273,10.52,kilotonnes of carbon dioxide equivalents (kt CO2 eq),2023,Oil and gas extraction (except oil sands),https://www23.statcan.gc.ca/imdb/p3VD.pl?Function=getVD&TVD=1369825&CVD=1370970&CPV=211110&CST=27012022&CLV=5&MLV=5,https://climate-change.canada.ca/facility-emissions/GHGRP-G12823-2023.html,"http://indicators-map.canada.ca/App/Detail?id=0112823&GoCTemplateCulture=en-CA
"
12824,Neptune Oil Battery 05-31,Surge Energy Inc.,,,N/A,Saskatchewan,49.2528,-104.1562,10.37,kilotonnes of carbon dioxide equivalents (kt CO2 eq),2023,Oil and gas extraction (except oil sands),https://www23.statcan.gc.ca/imdb/p3VD.pl?Function=getVD&TVD=1369825&CVD=1370970&CPV=211110&CST=27012022&CLV=5&MLV=5,https://climate-change.canada.ca/facility-emissions/GHGRP-G12824-2023.html,"http://indicators-map.canada.ca/App/Detail?id=0112824&GoCTemplateCulture=en-CA
"
12825,Maple Leaf Foods - London Poultry,Maple Leaf Foods Inc.,London,1577 Wilton Grove Road,N6N 1M3,Ontario,42.93013,-81.16707,17.3,kilotonnes of carbon dioxide equivalents (kt CO2 eq),2023,Poultry Processing,https://www23.statcan.gc.ca/imdb/p3VD.pl?Function=getVD&TVD=1369825&CVD=1370970&CPV=311615&CST=27012022&CLV=5&MLV=5,https://climate-change.canada.ca/facility-emissions/GHGRP-G12825-2023.html,"http://indicators-map.canada.ca/App/Detail?id=0112825&GoCTemplateCulture=en-CA
"
12826,Sunnyside Produce Delta,Sunnyside Produce Ltd.,Delta,9230 Ladner Trunk Road,V4K 3N3,British Columbia,49.08959,-122.96846,12.93,kilotonnes of carbon dioxide equivalents (kt CO2 eq),2023,Other Food Crops Grown Under Cover,https://www23.statcan.gc.ca/imdb/p3VD.pl?Function=getVD&TVD=1369825&CVD=1370970&CPV=111419&CST=27012022&CLV=5&MLV=5,https://climate-change.canada.ca/facility-emissions/GHGRP-G12826-2023.html,"http://indicators-map.canada.ca/App/Detail?id=0112826&GoCTemplateCulture=en-CA
"
12827,J/E Bearing & Machine Ltd.,1916354 Alberta Ltd.,Tillsonburg,68 Spruce Street,N4G 5V3,Ontario,42.85219,-80.7145,0,kilotonnes of carbon dioxide equivalents (kt CO2 eq),2023,Machine Shops,https://www23.statcan.gc.ca/imdb/p3VD.pl?Function=getVD&TVD=1369825&CVD=1370970&CPV=332710&CST=27012022&CLV=5&MLV=5,https://climate-change.canada.ca/facility-emissions/GHGRP-G12827-2023.html,"http://indicators-map.canada.ca/App/Detail?id=0112827&GoCTemplateCulture=en-CA
"
12828,Cascade Power Project,Cascade Power Project Limited Partnership,Yellowhead County,5205 47 Highway,T7E 3B9,Alberta,53.52511,-116.59682,2.52,kilotonnes of carbon dioxide equivalents (kt CO2 eq),2023,Fossil-Fuel Electric Power Generation,https://www23.statcan.gc.ca/imdb/p3VD.pl?Function=getVD&TVD=1369825&CVD=1370970&CPV=221112&CST=27012022&CLV=5&MLV=5,https://climate-change.canada.ca/facility-emissions/GHGRP-G12828-2023.html,"http://indicators-map.canada.ca/App/Detail?id=0112828&GoCTemplateCulture=en-CA
"
12829,Pioneer 1 Liquids Extraction Plant,Inter Pipeline Offgas Ltd,Fort McMurray,"Highway 63 N, Suncor Gate",T9H 4G3,Alberta,56.9814,-111.4625,12.53,kilotonnes of carbon dioxide equivalents (kt CO2 eq),2023,In-situ oil sands extraction,https://www23.statcan.gc.ca/imdb/p3VD.pl?Function=getVD&TVD=1369825&CVD=1370970&CPV=211141&CST=27012022&CLV=5&MLV=5,https://climate-change.canada.ca/facility-emissions/GHGRP-G12829-2023.html,"http://indicators-map.canada.ca/App/Detail?id=0112829&GoCTemplateCulture=en-CA
"
12830,Flavor Fresh Farms Ltd.,Flavor Fresh Farms Ltd.,Leamington,635 Mersea Road 7,N8H 3V8,Ontario,42.10994,-82.5966,10.12,kilotonnes of carbon dioxide equivalents (kt CO2 eq),2023,Other Food Crops Grown Under Cover,https://www23.statcan.gc.ca/imdb/p3VD.pl?Function=getVD&TVD=1369825&CVD=1370970&CPV=111419&CST=27012022&CLV=5&MLV=5,https://climate-change.canada.ca/facility-emissions/GHGRP-G12830-2023.html,"http://indicators-map.canada.ca/App/Detail?id=0112830&GoCTemplateCulture=en-CA
"
12831,JPI Farms Inc.,JPI Farms Inc.,Leamington,422 Mersea Road 7,N8H 3V8,Ontario,42.10723,-82.61361,13.64,kilotonnes of carbon dioxide equivalents (kt CO2 eq),2023,Other Food Crops Grown Under Cover,https://www23.statcan.gc.ca/imdb/p3VD.pl?Function=getVD&TVD=1369825&CVD=1370970&CPV=111419&CST=27012022&CLV=5&MLV=5,https://climate-change.canada.ca/facility-emissions/GHGRP-G12831-2023.html,"http://indicators-map.canada.ca/App/Detail?id=0112831&GoCTemplateCulture=en-CA
"
12834,141 Snidercroft,Global Wood Concepts,Vaughan,141 Snidercroft Road,N/A,Ontario,43.78639,-79.50152,0.59,kilotonnes of carbon dioxide equivalents (kt CO2 eq),2023,"Wood Office Furniture, including Custom Architectural Woodwork, Manufacturing",https://www23.statcan.gc.ca/imdb/p3VD.pl?Function=getVD&TVD=1369825&CVD=1370970&CPV=337213&CST=27012022&CLV=5&MLV=5,https://climate-change.canada.ca/facility-emissions/GHGRP-G12834-2023.html,"http://indicators-map.canada.ca/App/Detail?id=0112834&GoCTemplateCulture=en-CA
"
12835,1300 Flint,Global Wood Concepts,Toronto,1300 Flint Road,M3J 2J7,Ontario,43.78064,-79.48132,0.41,kilotonnes of carbon dioxide equivalents (kt CO2 eq),2023,"Wood Office Furniture, including Custom Architectural Woodwork, Manufacturing",https://www23.statcan.gc.ca/imdb/p3VD.pl?Function=getVD&TVD=1369825&CVD=1370970&CPV=337213&CST=27012022&CLV=5&MLV=5,https://climate-change.canada.ca/facility-emissions/GHGRP-G12835-2023.html,"http://indicators-map.canada.ca/App/Detail?id=0112835&GoCTemplateCulture=en-CA
"
12836,Pine Creek Wastewater Treatment Plant,City of Calgary,Calgary,3131 210 Avenue Southeast,T2X 1Z3,Alberta,50.8589,-113.9885,12.28,kilotonnes of carbon dioxide equivalents (kt CO2 eq),2023,Sewage Treatment Facilities,https://www23.statcan.gc.ca/imdb/p3VD.pl?Function=getVD&TVD=1369825&CVD=1370970&CPV=221320&CST=27012022&CLV=5&MLV=5,https://climate-change.canada.ca/facility-emissions/GHGRP-G12836-2023.html,"http://indicators-map.canada.ca/App/Detail?id=0112836&GoCTemplateCulture=en-CA
"
12837,Barrie Landfill Site,The Corporation of the City of Barrie,Barrie,272 Ferndale Drive North,L4M 4T5,Ontario,44.38585,-79.73625,9.07,kilotonnes of carbon dioxide equivalents (kt CO2 eq),2023,Waste Treatment and Disposal,https://www23.statcan.gc.ca/imdb/p3VD.pl?Function=getVD&TVD=1369825&CVD=1370970&CPV=562210&CST=27012022&CLV=5&MLV=5,https://climate-change.canada.ca/facility-emissions/GHGRP-G12837-2023.html,"http://indicators-map.canada.ca/App/Detail?id=0112837&GoCTemplateCulture=en-CA
"
12838,Mackenzie Regional Waste Management Commission,Mackenzie Regional Waste Management Commission,High Level,1 Highway 58,N/A,Alberta,58.51596,-117.19019,12.21,kilotonnes of carbon dioxide equivalents (kt CO2 eq),2023,Waste Treatment and Disposal,https://www23.statcan.gc.ca/imdb/p3VD.pl?Function=getVD&TVD=1369825&CVD=1370970&CPV=562210&CST=27012022&CLV=5&MLV=5,https://climate-change.canada.ca/facility-emissions/GHGRP-G12838-2023.html,"http://indicators-map.canada.ca/App/Detail?id=0112838&GoCTemplateCulture=en-CA
"
12839,High River Peaking Power Plant,Signalta Resources Ltd.,High River,,N/A,Alberta,50.60215,-113.90448,26.47,kilotonnes of carbon dioxide equivalents (kt CO2 eq),2023,Fossil-Fuel Electric Power Generation,https://www23.statcan.gc.ca/imdb/p3VD.pl?Function=getVD&TVD=1369825&CVD=1370970&CPV=221112&CST=27012022&CLV=5&MLV=5,https://climate-change.canada.ca/facility-emissions/GHGRP-G12839-2023.html,"http://indicators-map.canada.ca/App/Detail?id=0112839&GoCTemplateCulture=en-CA
"
12840,ABBT0141267,Veren Inc.,,,T0H 1X0,Alberta,55.01503,-118.66944,17.08,kilotonnes of carbon dioxide equivalents (kt CO2 eq),2023,Oil and gas extraction (except oil sands),https://www23.statcan.gc.ca/imdb/p3VD.pl?Function=getVD&TVD=1369825&CVD=1370970&CPV=211110&CST=27012022&CLV=5&MLV=5,https://climate-change.canada.ca/facility-emissions/GHGRP-G12840-2023.html,"http://indicators-map.canada.ca/App/Detail?id=0112840&GoCTemplateCulture=en-CA
"
12841,Goose Property,B2Gold Back River Corp.,Goose Lake,N/A,X0B 0E0,Nunavut,65.54344,-106.43334,21.17,kilotonnes of carbon dioxide equivalents (kt CO2 eq),2023,Gold and Silver Ore Mining,https://www23.statcan.gc.ca/imdb/p3VD.pl?Function=getVD&TVD=1369825&CVD=1370970&CPV=212220&CST=27012022&CLV=5&MLV=5,https://climate-change.canada.ca/facility-emissions/GHGRP-G12841-2023.html,"http://indicators-map.canada.ca/App/Detail?id=0112841&GoCTemplateCulture=en-CA
"
12843,Youngstown Regional Landfill,Big Country Waste Management Commission,Youngstown,,T0J 1P0,Alberta,51.50568,-111.22421,10.03,kilotonnes of carbon dioxide equivalents (kt CO2 eq),2023,Waste Treatment and Disposal,https://www23.statcan.gc.ca/imdb/p3VD.pl?Function=getVD&TVD=1369825&CVD=1370970&CPV=562210&CST=27012022&CLV=5&MLV=5,https://climate-change.canada.ca/facility-emissions/GHGRP-G12843-2023.html,"http://indicators-map.canada.ca/App/Detail?id=0112843&GoCTemplateCulture=en-CA
"
