Facility GHGRP ID No. / Installation No d'identification du PDGES,Reference Year / Année de référence,Facility Name / Nom de l'installation,Facility City or District or Municipality / Ville ou District ou Municipalité de l'installation,Facility Province or Territory / Province ou territoire de l'installation,Latitude,Longitude,Facility NAICS Code / Code SCIAN de l'installation,English Facility NAICS Code Description / Description du code SCIAN de l'installation en anglais,Reporting Company Legal Name / Dénomination sociale de la société déclarante,Emission Source / Source d'emission,substance,unit,value
10010,2023,Rio Tinto Alcan Inc.,Kitimat,British Columbia,54.00286,-128.69531,331313,Primary Production of Alumina and Aluminum,Rio Tinto Alcan Inc,Stationary Fuel Combustion,CO2,t,56847.628
10010,2023,Rio Tinto Alcan Inc.,Kitimat,British Columbia,54.00286,-128.69531,331313,Primary Production of Alumina and Aluminum,Rio Tinto Alcan Inc,Industrial Processes,CO2,t,647615.0
10010,2023,Rio Tinto Alcan Inc.,Kitimat,British Columbia,54.00286,-128.69531,331313,Primary Production of Alumina and Aluminum,Rio Tinto Alcan Inc,On-site Transportation,CO2,t,7922.0
10011,2023,Algoma Steel Inc,Sault Ste. Marie,Ontario,46.5217,-84.3637,331110,Iron and Steel Mills and Ferro-Alloy Manufacturing,Algoma Steel Inc.,Flaring / Torchage,CO2,t,402.2
10011,2023,Algoma Steel Inc,Sault Ste. Marie,Ontario,46.5217,-84.3637,331110,Iron and Steel Mills and Ferro-Alloy Manufacturing,Algoma Steel Inc.,Stationary Fuel Combustion,CO2,t,977163.917
10011,2023,Algoma Steel Inc,Sault Ste. Marie,Ontario,46.5217,-84.3637,331110,Iron and Steel Mills and Ferro-Alloy Manufacturing,Algoma Steel Inc.,Industrial Processes,CO2,t,3276798.403
10011,2023,Algoma Steel Inc,Sault Ste. Marie,Ontario,46.5217,-84.3637,331110,Iron and Steel Mills and Ferro-Alloy Manufacturing,Algoma Steel Inc.,On-site Transportation,CO2,t,22471.58
10012,2023,Aluminerie Alouette inc.,Sept-Îles,Quebec,50.1583,-66.4416,331313,Primary Production of Alumina and Aluminum,Aluminerie Alouette inc.,Stationary Fuel Combustion,CO2,t,49900.2
10012,2023,Aluminerie Alouette inc.,Sept-Îles,Quebec,50.1583,-66.4416,331313,Primary Production of Alumina and Aluminum,Aluminerie Alouette inc.,Industrial Processes,CO2,t,1004138.9
10012,2023,Aluminerie Alouette inc.,Sept-Îles,Quebec,50.1583,-66.4416,331313,Primary Production of Alumina and Aluminum,Aluminerie Alouette inc.,On-site Transportation,CO2,t,3916.6
10013,2023,Aluminerie de Baie-Comeau,BAIE-COMEAU,Quebec,49.2583,-68.1461,331313,Primary Production of Alumina and Aluminum,Ne pas prendre - Alcoa Canada Co.,Stationary Fuel Combustion,CO2,t,26864.0
10013,2023,Aluminerie de Baie-Comeau,BAIE-COMEAU,Quebec,49.2583,-68.1461,331313,Primary Production of Alumina and Aluminum,Ne pas prendre - Alcoa Canada Co.,Industrial Processes,CO2,t,492312.0
10013,2023,Aluminerie de Baie-Comeau,BAIE-COMEAU,Quebec,49.2583,-68.1461,331313,Primary Production of Alumina and Aluminum,Ne pas prendre - Alcoa Canada Co.,On-site Transportation,CO2,t,2681.0
10014,2023,Aluminerie de Bécancour inc.,Bécancour,Quebec,46.3829,-72.3874,331313,Primary Production of Alumina and Aluminum,Aluminerie de Bécancour inc.,Stationary Fuel Combustion,CO2,t,60447.0
10014,2023,Aluminerie de Bécancour inc.,Bécancour,Quebec,46.3829,-72.3874,331313,Primary Production of Alumina and Aluminum,Aluminerie de Bécancour inc.,Industrial Processes,CO2,t,734647.1411
10014,2023,Aluminerie de Bécancour inc.,Bécancour,Quebec,46.3829,-72.3874,331313,Primary Production of Alumina and Aluminum,Aluminerie de Bécancour inc.,On-site Transportation,CO2,t,3184.9043
10052,2023,Carol Project,Labrador city,Newfoundland and Labrador,52.9565,-66.8936,212210,Iron Ore Mining,Iron Ore Company of Canada,Stationary Fuel Combustion,CO2,t,504422.833
10052,2023,Carol Project,Labrador city,Newfoundland and Labrador,52.9565,-66.8936,212210,Iron Ore Mining,Iron Ore Company of Canada,Industrial Processes,CO2,t,129810.756
10052,2023,Carol Project,Labrador city,Newfoundland and Labrador,52.9565,-66.8936,212210,Iron Ore Mining,Iron Ore Company of Canada,On-site Transportation,CO2,t,140977.403
10076,2023,Rio Tinto Fer et Titane inc.- Complexe  de Sorel-Tracy,Sorel-Tracy,Quebec,46.0475,-73.13778,331110,Iron and Steel Mills and Ferro-Alloy Manufacturing,Rio Tinto Fer et Titane inc.,Stationary Fuel Combustion,CO2,t,180525.0
10076,2023,Rio Tinto Fer et Titane inc.- Complexe  de Sorel-Tracy,Sorel-Tracy,Quebec,46.0475,-73.13778,331110,Iron and Steel Mills and Ferro-Alloy Manufacturing,Rio Tinto Fer et Titane inc.,Industrial Processes,CO2,t,692886.0
10076,2023,Rio Tinto Fer et Titane inc.- Complexe  de Sorel-Tracy,Sorel-Tracy,Quebec,46.0475,-73.13778,331110,Iron and Steel Mills and Ferro-Alloy Manufacturing,Rio Tinto Fer et Titane inc.,On-site Transportation,CO2,t,9688.0
10091,2023,ArcelorMittal Dofasco,Hamilton,Ontario,43.2597,-79.8111,331110,Iron and Steel Mills and Ferro-Alloy Manufacturing,ArcelorMittal Canada MP Inc. and ArcelorMittal Canada Inc. partners in ArcelorMittal Dofasco G.P.,Stationary Fuel Combustion,CO2,t,848845.9052
10091,2023,ArcelorMittal Dofasco,Hamilton,Ontario,43.2597,-79.8111,331110,Iron and Steel Mills and Ferro-Alloy Manufacturing,ArcelorMittal Canada MP Inc. and ArcelorMittal Canada Inc. partners in ArcelorMittal Dofasco G.P.,Industrial Processes,CO2,t,3288316.939
10091,2023,ArcelorMittal Dofasco,Hamilton,Ontario,43.2597,-79.8111,331110,Iron and Steel Mills and Ferro-Alloy Manufacturing,ArcelorMittal Canada MP Inc. and ArcelorMittal Canada Inc. partners in ArcelorMittal Dofasco G.P.,On-site Transportation,CO2,t,23770.1698
10103,2023,Elkem Métal Chicoutimi,Chicoutimi,Quebec,48.4124,-71.1307,331110,Iron and Steel Mills and Ferro-Alloy Manufacturing,Elkem Metal Canada Inc.,Stationary Fuel Combustion,CO2,t,771.0
10103,2023,Elkem Métal Chicoutimi,Chicoutimi,Quebec,48.4124,-71.1307,331110,Iron and Steel Mills and Ferro-Alloy Manufacturing,Elkem Metal Canada Inc.,Industrial Processes,CO2,t,112551.0
10103,2023,Elkem Métal Chicoutimi,Chicoutimi,Quebec,48.4124,-71.1307,331110,Iron and Steel Mills and Ferro-Alloy Manufacturing,Elkem Metal Canada Inc.,On-site Transportation,CO2,t,297.8
10119,2023,Fort Saskatchewan,Fort Saskatchewan,Alberta,53.7217,-113.1917,331410,Non-Ferrous Metal (except Aluminum) Smelting and Refining,Sherritt International Corporation,Flaring / Torchage,CO2,t,785.8346
10119,2023,Fort Saskatchewan,Fort Saskatchewan,Alberta,53.7217,-113.1917,331410,Non-Ferrous Metal (except Aluminum) Smelting and Refining,Sherritt International Corporation,Stationary Fuel Combustion,CO2,t,211002.4599
10119,2023,Fort Saskatchewan,Fort Saskatchewan,Alberta,53.7217,-113.1917,331410,Non-Ferrous Metal (except Aluminum) Smelting and Refining,Sherritt International Corporation,Industrial Processes,CO2,t,83198.1936
10119,2023,Fort Saskatchewan,Fort Saskatchewan,Alberta,53.7217,-113.1917,331410,Non-Ferrous Metal (except Aluminum) Smelting and Refining,Sherritt International Corporation,On-site Transportation,CO2,t,1772.9661
10119,2023,Fort Saskatchewan,Fort Saskatchewan,Alberta,53.7217,-113.1917,331410,Non-Ferrous Metal (except Aluminum) Smelting and Refining,Sherritt International Corporation,Venting / Évacuation,CO2,t,601.1804
10128,2023,"Gerdau Ameristeel Corporation, Whitby Mill",Whitby,Ontario,43.8578,-78.9097,331110,Iron and Steel Mills and Ferro-Alloy Manufacturing,Gerdau Ameristeel Corporation,Stationary Fuel Combustion,CO2,t,55929.09877
10128,2023,"Gerdau Ameristeel Corporation, Whitby Mill",Whitby,Ontario,43.8578,-78.9097,331110,Iron and Steel Mills and Ferro-Alloy Manufacturing,Gerdau Ameristeel Corporation,Industrial Processes,CO2,t,38329.4691
10128,2023,"Gerdau Ameristeel Corporation, Whitby Mill",Whitby,Ontario,43.8578,-78.9097,331110,Iron and Steel Mills and Ferro-Alloy Manufacturing,Gerdau Ameristeel Corporation,On-site Transportation,CO2,t,2504.945801
10150,2023,EVRAZ Inc NA Canada - Regina Facilities,RM of Sherwood,Saskatchewan,50.5176,-104.6301,331110,Iron and Steel Mills and Ferro-Alloy Manufacturing,EVRAZ Inc NA Canada,Stationary Fuel Combustion,CO2,t,128041.1552
10150,2023,EVRAZ Inc NA Canada - Regina Facilities,RM of Sherwood,Saskatchewan,50.5176,-104.6301,331110,Iron and Steel Mills and Ferro-Alloy Manufacturing,EVRAZ Inc NA Canada,Industrial Processes,CO2,t,77456.3429
10150,2023,EVRAZ Inc NA Canada - Regina Facilities,RM of Sherwood,Saskatchewan,50.5176,-104.6301,331110,Iron and Steel Mills and Ferro-Alloy Manufacturing,EVRAZ Inc NA Canada,On-site Transportation,CO2,t,7604.7767
10164,2023,Kidd Metallurgical Site,Timmins/District of Cochrane,Ontario,48.57373,-81.09115,212233,Copper-Zinc Ore Mining,Glencore,Stationary Fuel Combustion,CO2,t,20752.326
10164,2023,Kidd Metallurgical Site,Timmins/District of Cochrane,Ontario,48.57373,-81.09115,212233,Copper-Zinc Ore Mining,Glencore,On-site Transportation,CO2,t,8266.7293
10188,2023,Mine de Mont-Wright,Fermont,Quebec,52.76639,-67.33306,212210,Iron Ore Mining,ArcelorMittal Exploitation Minière Canada s.e.n.c.,Stationary Fuel Combustion,CO2,t,16827.654
10188,2023,Mine de Mont-Wright,Fermont,Quebec,52.76639,-67.33306,212210,Iron Ore Mining,ArcelorMittal Exploitation Minière Canada s.e.n.c.,Industrial Processes,CO2,t,11987.145
10188,2023,Mine de Mont-Wright,Fermont,Quebec,52.76639,-67.33306,212210,Iron Ore Mining,ArcelorMittal Exploitation Minière Canada s.e.n.c.,On-site Transportation,CO2,t,221258.242
10240,2023,Mine Raglan,Rivière-Koksoak,Quebec,61.6916,-73.6666,212232,Nickel-Copper Ore Mining,Glencore,Stationary Fuel Combustion,CO2,t,138037.1125
10240,2023,Mine Raglan,Rivière-Koksoak,Quebec,61.6916,-73.6666,212232,Nickel-Copper Ore Mining,Glencore,Industrial Processes,CO2,t,1553.41073
10240,2023,Mine Raglan,Rivière-Koksoak,Quebec,61.6916,-73.6666,212232,Nickel-Copper Ore Mining,Glencore,On-site Transportation,CO2,t,17060.32142
10240,2023,Mine Raglan,Rivière-Koksoak,Quebec,61.6916,-73.6666,212232,Nickel-Copper Ore Mining,Glencore,Waste,CO2,t,7.744957
10240,2023,Mine Raglan,Rivière-Koksoak,Quebec,61.6916,-73.6666,212232,Nickel-Copper Ore Mining,Glencore,Wastewater,CO2,t,0.0
10275,2023,Hamilton,Hamilton,Ontario,43.26438,-79.82723,331110,Iron and Steel Mills and Ferro-Alloy Manufacturing,Stelco Inc.,Flaring / Torchage,CO2,t,0.0
10275,2023,Hamilton,Hamilton,Ontario,43.26438,-79.82723,331110,Iron and Steel Mills and Ferro-Alloy Manufacturing,Stelco Inc.,Leakage / Fuites,CO2,t,0.0
10275,2023,Hamilton,Hamilton,Ontario,43.26438,-79.82723,331110,Iron and Steel Mills and Ferro-Alloy Manufacturing,Stelco Inc.,Stationary Fuel Combustion,CO2,t,225538.63
10275,2023,Hamilton,Hamilton,Ontario,43.26438,-79.82723,331110,Iron and Steel Mills and Ferro-Alloy Manufacturing,Stelco Inc.,On-site Transportation,CO2,t,3227.98
10275,2023,Hamilton,Hamilton,Ontario,43.26438,-79.82723,331110,Iron and Steel Mills and Ferro-Alloy Manufacturing,Stelco Inc.,Waste,CO2,t,0.0
10275,2023,Hamilton,Hamilton,Ontario,43.26438,-79.82723,331110,Iron and Steel Mills and Ferro-Alloy Manufacturing,Stelco Inc.,Wastewater,CO2,t,0.0
10276,2023,Lake Erie,Haldimand County,Ontario,42.81,-80.0967,331110,Iron and Steel Mills and Ferro-Alloy Manufacturing,Stelco Inc.,Leakage / Fuites,CO2,t,0.0
10276,2023,Lake Erie,Haldimand County,Ontario,42.81,-80.0967,331110,Iron and Steel Mills and Ferro-Alloy Manufacturing,Stelco Inc.,Stationary Fuel Combustion,CO2,t,616189.559
10276,2023,Lake Erie,Haldimand County,Ontario,42.81,-80.0967,331110,Iron and Steel Mills and Ferro-Alloy Manufacturing,Stelco Inc.,Industrial Processes,CO2,t,3119850.0
10276,2023,Lake Erie,Haldimand County,Ontario,42.81,-80.0967,331110,Iron and Steel Mills and Ferro-Alloy Manufacturing,Stelco Inc.,On-site Transportation,CO2,t,12978.086
10289,2023,"Teck Metals Ltd, Trail Operations",Trail,British Columbia,49.10194,-117.71722,331410,Non-Ferrous Metal (except Aluminum) Smelting and Refining,"Teck Metals Ltd, Trail Operations",Leakage / Fuites,CO2,t,0.0
10289,2023,"Teck Metals Ltd, Trail Operations",Trail,British Columbia,49.10194,-117.71722,331410,Non-Ferrous Metal (except Aluminum) Smelting and Refining,"Teck Metals Ltd, Trail Operations",Stationary Fuel Combustion,CO2,t,294161.1365
10289,2023,"Teck Metals Ltd, Trail Operations",Trail,British Columbia,49.10194,-117.71722,331410,Non-Ferrous Metal (except Aluminum) Smelting and Refining,"Teck Metals Ltd, Trail Operations",Industrial Processes,CO2,t,73809.7326
10289,2023,"Teck Metals Ltd, Trail Operations",Trail,British Columbia,49.10194,-117.71722,331410,Non-Ferrous Metal (except Aluminum) Smelting and Refining,"Teck Metals Ltd, Trail Operations",On-site Transportation,CO2,t,2376.3958
10295,2023,Usine Alma,Alma,Quebec,48.5837,-71.6889,331313,Primary Production of Alumina and Aluminum,Rio Tinto Alcan Inc,Stationary Fuel Combustion,CO2,t,68131.0
10295,2023,Usine Alma,Alma,Quebec,48.5837,-71.6889,331313,Primary Production of Alumina and Aluminum,Rio Tinto Alcan Inc,Industrial Processes,CO2,t,768642.0
10295,2023,Usine Alma,Alma,Quebec,48.5837,-71.6889,331313,Primary Production of Alumina and Aluminum,Rio Tinto Alcan Inc,On-site Transportation,CO2,t,2430.45
10296,2023,Usine Arvida,Saguenay,Quebec,48.4274,-71.1599,331313,Primary Production of Alumina and Aluminum,Rio Tinto Alcan Inc,Stationary Fuel Combustion,CO2,t,24271.135
10296,2023,Usine Arvida,Saguenay,Quebec,48.4274,-71.1599,331313,Primary Production of Alumina and Aluminum,Rio Tinto Alcan Inc,Industrial Processes,CO2,t,402994.0
10296,2023,Usine Arvida,Saguenay,Quebec,48.4274,-71.1599,331313,Primary Production of Alumina and Aluminum,Rio Tinto Alcan Inc,On-site Transportation,CO2,t,2959.03
10299,2023,Usine de Bouletage de Port-Cartier,Port-Cartier,Quebec,50.0334,-66.791,212210,Iron Ore Mining,ArcelorMittal Exploitation Minière Canada s.e.n.c.,Stationary Fuel Combustion,CO2,t,659666.451
10299,2023,Usine de Bouletage de Port-Cartier,Port-Cartier,Quebec,50.0334,-66.791,212210,Iron Ore Mining,ArcelorMittal Exploitation Minière Canada s.e.n.c.,Industrial Processes,CO2,t,142394.284
10299,2023,Usine de Bouletage de Port-Cartier,Port-Cartier,Quebec,50.0334,-66.791,212210,Iron Ore Mining,ArcelorMittal Exploitation Minière Canada s.e.n.c.,On-site Transportation,CO2,t,248.073
10300,2023,Aluminerie de Deschambault,DESCHAMBAULT,Quebec,46.69317,-71.94488,331313,Primary Production of Alumina and Aluminum,Compagnie de gestion Alcoa - Lauralco,Stationary Fuel Combustion,CO2,t,33366.0
10300,2023,Aluminerie de Deschambault,DESCHAMBAULT,Quebec,46.69317,-71.94488,331313,Primary Production of Alumina and Aluminum,Compagnie de gestion Alcoa - Lauralco,Industrial Processes,CO2,t,466653.0
10300,2023,Aluminerie de Deschambault,DESCHAMBAULT,Quebec,46.69317,-71.94488,331313,Primary Production of Alumina and Aluminum,Compagnie de gestion Alcoa - Lauralco,On-site Transportation,CO2,t,1502.0
10306,2023,Usine Grande-Baie,LA BAIE,Quebec,48.1821,-70.5536,331313,Primary Production of Alumina and Aluminum,Rio Tinto Alcan Inc,Stationary Fuel Combustion,CO2,t,64778.0
10306,2023,Usine Grande-Baie,LA BAIE,Quebec,48.1821,-70.5536,331313,Primary Production of Alumina and Aluminum,Rio Tinto Alcan Inc,Industrial Processes,CO2,t,410942.0
10306,2023,Usine Grande-Baie,LA BAIE,Quebec,48.1821,-70.5536,331313,Primary Production of Alumina and Aluminum,Rio Tinto Alcan Inc,On-site Transportation,CO2,t,1069.48
10307,2023,Usine Laterrière,Laterriere,Quebec,48.3007,-71.1289,331313,Primary Production of Alumina and Aluminum,Rio Tinto Alcan Inc,Stationary Fuel Combustion,CO2,t,16297.63
10307,2023,Usine Laterrière,Laterriere,Quebec,48.3007,-71.1289,331313,Primary Production of Alumina and Aluminum,Rio Tinto Alcan Inc,Industrial Processes,CO2,t,376385.0
10307,2023,Usine Laterrière,Laterriere,Quebec,48.3007,-71.1289,331313,Primary Production of Alumina and Aluminum,Rio Tinto Alcan Inc,On-site Transportation,CO2,t,1284.4
10350,2023,Wabush Mines - Scully,Wabush,Newfoundland and Labrador,52.907,-66.9105,212210,Iron Ore Mining,Tacora Resources Inc.,Stationary Fuel Combustion,CO2,t,76214.5865
10350,2023,Wabush Mines - Scully,Wabush,Newfoundland and Labrador,52.907,-66.9105,212210,Iron Ore Mining,Tacora Resources Inc.,Industrial Processes,CO2,t,1718.3632
10350,2023,Wabush Mines - Scully,Wabush,Newfoundland and Labrador,52.907,-66.9105,212210,Iron Ore Mining,Tacora Resources Inc.,On-site Transportation,CO2,t,30804.5179
10369,2023,ArcelorMittal Contrecoeur Ouest,Contrecoeur,Quebec,45.8206,-73.2661,331110,Iron and Steel Mills and Ferro-Alloy Manufacturing,ArcelorMittal Produits Longs Canada s.e.n.c,Stationary Fuel Combustion,CO2,t,34223.21
10369,2023,ArcelorMittal Contrecoeur Ouest,Contrecoeur,Quebec,45.8206,-73.2661,331110,Iron and Steel Mills and Ferro-Alloy Manufacturing,ArcelorMittal Produits Longs Canada s.e.n.c,Industrial Processes,CO2,t,59267.629
10369,2023,ArcelorMittal Contrecoeur Ouest,Contrecoeur,Quebec,45.8206,-73.2661,331110,Iron and Steel Mills and Ferro-Alloy Manufacturing,ArcelorMittal Produits Longs Canada s.e.n.c,On-site Transportation,CO2,t,790.58
10385,2023,Teck Highland Valley Copper Partnership,Logan Lake,British Columbia,50.47235,-121.02132,212233,Copper-Zinc Ore Mining,Teck Highland Valley Copper Partnership,Stationary Fuel Combustion,CO2,t,16582.3091
10385,2023,Teck Highland Valley Copper Partnership,Logan Lake,British Columbia,50.47235,-121.02132,212233,Copper-Zinc Ore Mining,Teck Highland Valley Copper Partnership,On-site Transportation,CO2,t,160943.741
10398,2023,Sudbury Integrated Nickel Operations Smelter,Falconbridge,Ontario,46.5775,-80.8042,331410,Non-Ferrous Metal (except Aluminum) Smelting and Refining,Glencore Canada Corporation,Leakage / Fuites,CO2,t,0.0
10398,2023,Sudbury Integrated Nickel Operations Smelter,Falconbridge,Ontario,46.5775,-80.8042,331410,Non-Ferrous Metal (except Aluminum) Smelting and Refining,Glencore Canada Corporation,Stationary Fuel Combustion,CO2,t,22603.5262
10398,2023,Sudbury Integrated Nickel Operations Smelter,Falconbridge,Ontario,46.5775,-80.8042,331410,Non-Ferrous Metal (except Aluminum) Smelting and Refining,Glencore Canada Corporation,Industrial Processes,CO2,t,83883.8858
10398,2023,Sudbury Integrated Nickel Operations Smelter,Falconbridge,Ontario,46.5775,-80.8042,331410,Non-Ferrous Metal (except Aluminum) Smelting and Refining,Glencore Canada Corporation,On-site Transportation,CO2,t,3702.6155
10420,2023,AltaSteel Inc.,Edmonton,Alberta,53.5291,-113.3875,331110,Iron and Steel Mills and Ferro-Alloy Manufacturing,AltaSteel Inc.,Stationary Fuel Combustion,CO2,t,56312.83779
10420,2023,AltaSteel Inc.,Edmonton,Alberta,53.5291,-113.3875,331110,Iron and Steel Mills and Ferro-Alloy Manufacturing,AltaSteel Inc.,Industrial Processes,CO2,t,22136.39353
10420,2023,AltaSteel Inc.,Edmonton,Alberta,53.5291,-113.3875,331110,Iron and Steel Mills and Ferro-Alloy Manufacturing,AltaSteel Inc.,On-site Transportation,CO2,t,1960.62025
10468,2023,Musselwhite Mine,"N/A Concession, Kenora District",Ontario,52.60389,-90.36806,212220,Gold and Silver Ore Mining,GOLDCORP CANADA LTD,Stationary Fuel Combustion,CO2,t,20095.139
10468,2023,Musselwhite Mine,"N/A Concession, Kenora District",Ontario,52.60389,-90.36806,212220,Gold and Silver Ore Mining,GOLDCORP CANADA LTD,Industrial Processes,CO2,t,268.354
10468,2023,Musselwhite Mine,"N/A Concession, Kenora District",Ontario,52.60389,-90.36806,212220,Gold and Silver Ore Mining,GOLDCORP CANADA LTD,On-site Transportation,CO2,t,16141.0802
10468,2023,Musselwhite Mine,"N/A Concession, Kenora District",Ontario,52.60389,-90.36806,212220,Gold and Silver Ore Mining,GOLDCORP CANADA LTD,Waste,CO2,t,0.0
10569,2023,Thompson Operations,Thompson,Manitoba,55.7138,-97.8561,212232,Nickel-Copper Ore Mining,Vale Canada Ltd,Stationary Fuel Combustion,CO2,t,9305.97
10569,2023,Thompson Operations,Thompson,Manitoba,55.7138,-97.8561,212232,Nickel-Copper Ore Mining,Vale Canada Ltd,On-site Transportation,CO2,t,9048.2
10569,2023,Thompson Operations,Thompson,Manitoba,55.7138,-97.8561,212232,Nickel-Copper Ore Mining,Vale Canada Ltd,Waste,CO2,t,0.0
10570,2023,Voisey's Bay Mine Site,HAPPY VALLEY-GOOSE BAY,Newfoundland and Labrador,56.33826,-62.09508,212232,Nickel-Copper Ore Mining,Vale Newfoundland and Labrador Limited,Stationary Fuel Combustion,CO2,t,127614.0
10570,2023,Voisey's Bay Mine Site,HAPPY VALLEY-GOOSE BAY,Newfoundland and Labrador,56.33826,-62.09508,212232,Nickel-Copper Ore Mining,Vale Newfoundland and Labrador Limited,On-site Transportation,CO2,t,39297.0
10578,2023,"Glencore Canada Corporation, CCR refinery",MONTRÉAL-EST,Quebec,45.6283,-73.5125,331410,Non-Ferrous Metal (except Aluminum) Smelting and Refining,Glencore Canada Corporation,Stationary Fuel Combustion,CO2,t,59156.68
10578,2023,"Glencore Canada Corporation, CCR refinery",MONTRÉAL-EST,Quebec,45.6283,-73.5125,331410,Non-Ferrous Metal (except Aluminum) Smelting and Refining,Glencore Canada Corporation,Industrial Processes,CO2,t,60.0
10578,2023,"Glencore Canada Corporation, CCR refinery",MONTRÉAL-EST,Quebec,45.6283,-73.5125,331410,Non-Ferrous Metal (except Aluminum) Smelting and Refining,Glencore Canada Corporation,On-site Transportation,CO2,t,255.4
10579,2023,Glencore Canada Corporation - Fonderie Horne,Rouyn-Noranda,Quebec,48.25417,-79.01667,331410,Non-Ferrous Metal (except Aluminum) Smelting and Refining,Glencore Canada Corporation,Stationary Fuel Combustion,CO2,t,50035.15671
10579,2023,Glencore Canada Corporation - Fonderie Horne,Rouyn-Noranda,Quebec,48.25417,-79.01667,331410,Non-Ferrous Metal (except Aluminum) Smelting and Refining,Glencore Canada Corporation,Industrial Processes,CO2,t,65223.69074
10579,2023,Glencore Canada Corporation - Fonderie Horne,Rouyn-Noranda,Quebec,48.25417,-79.01667,331410,Non-Ferrous Metal (except Aluminum) Smelting and Refining,Glencore Canada Corporation,On-site Transportation,CO2,t,4842.569783
10580,2023,Sudbury Operations Mines Mill - Onaping Area,Onaping,Ontario,46.67417,-81.3425,212232,Nickel-Copper Ore Mining,Glencore Canada Corporation,Stationary Fuel Combustion,CO2,t,16737.386
10580,2023,Sudbury Operations Mines Mill - Onaping Area,Onaping,Ontario,46.67417,-81.3425,212232,Nickel-Copper Ore Mining,Glencore Canada Corporation,Industrial Processes,CO2,t,3.213
10580,2023,Sudbury Operations Mines Mill - Onaping Area,Onaping,Ontario,46.67417,-81.3425,212232,Nickel-Copper Ore Mining,Glencore Canada Corporation,On-site Transportation,CO2,t,7132.265
10580,2023,Sudbury Operations Mines Mill - Onaping Area,Onaping,Ontario,46.67417,-81.3425,212232,Nickel-Copper Ore Mining,Glencore Canada Corporation,Waste,CO2,t,0.0
10587,2023,Division Meadowbank,BAKER LAKE,Nunavut,65.0149,-96.0524,212220,Gold and Silver Ore Mining,Agnico Eagle Mines Ltd.  (DO NOT USE),Stationary Fuel Combustion,CO2,t,119625.2855
10587,2023,Division Meadowbank,BAKER LAKE,Nunavut,65.0149,-96.0524,212220,Gold and Silver Ore Mining,Agnico Eagle Mines Ltd.  (DO NOT USE),Industrial Processes,CO2,t,0.0
10587,2023,Division Meadowbank,BAKER LAKE,Nunavut,65.0149,-96.0524,212220,Gold and Silver Ore Mining,Agnico Eagle Mines Ltd.  (DO NOT USE),On-site Transportation,CO2,t,130092.212
10587,2023,Division Meadowbank,BAKER LAKE,Nunavut,65.0149,-96.0524,212220,Gold and Silver Ore Mining,Agnico Eagle Mines Ltd.  (DO NOT USE),Waste,CO2,t,0.0
10589,2023,Mine de Fire Lake,Mont-Wright,Quebec,52.35028,-67.36917,212210,Iron Ore Mining,ArcelorMittal Exploitation Minière Canada s.e.n.c.,Stationary Fuel Combustion,CO2,t,4177.193
10589,2023,Mine de Fire Lake,Mont-Wright,Quebec,52.35028,-67.36917,212210,Iron Ore Mining,ArcelorMittal Exploitation Minière Canada s.e.n.c.,Industrial Processes,CO2,t,2246.073
10589,2023,Mine de Fire Lake,Mont-Wright,Quebec,52.35028,-67.36917,212210,Iron Ore Mining,ArcelorMittal Exploitation Minière Canada s.e.n.c.,On-site Transportation,CO2,t,38449.359
10613,2023,Mount Polley Mine,Likely,British Columbia,52.5443,-121.6328,212299,All Other Metal Ore Mining,Imperial Metals Corporation,Stationary Fuel Combustion,CO2,t,917.04
10613,2023,Mount Polley Mine,Likely,British Columbia,52.5443,-121.6328,212299,All Other Metal Ore Mining,Imperial Metals Corporation,On-site Transportation,CO2,t,46615.6208
10614,2023,Ivaco Rolling Mills,L'Orignal,Ontario,45.6133,-74.705,331110,Iron and Steel Mills and Ferro-Alloy Manufacturing,Ivaco Rolling Mills 2004 L. P.,Stationary Fuel Combustion,CO2,t,60321.331
10614,2023,Ivaco Rolling Mills,L'Orignal,Ontario,45.6133,-74.705,331110,Iron and Steel Mills and Ferro-Alloy Manufacturing,Ivaco Rolling Mills 2004 L. P.,Industrial Processes,CO2,t,44296.556
10614,2023,Ivaco Rolling Mills,L'Orignal,Ontario,45.6133,-74.705,331110,Iron and Steel Mills and Ferro-Alloy Manufacturing,Ivaco Rolling Mills 2004 L. P.,On-site Transportation,CO2,t,1732.234
10617,2023,Macassa Mine,Kirkland Lake,Ontario,48.14611,-80.06056,212220,Gold and Silver Ore Mining,Agnico Eagle Mines Limited (MAIN),Stationary Fuel Combustion,CO2,t,18983.1479
10617,2023,Macassa Mine,Kirkland Lake,Ontario,48.14611,-80.06056,212220,Gold and Silver Ore Mining,Agnico Eagle Mines Limited (MAIN),On-site Transportation,CO2,t,6185.154
10617,2023,Macassa Mine,Kirkland Lake,Ontario,48.14611,-80.06056,212220,Gold and Silver Ore Mining,Agnico Eagle Mines Limited (MAIN),Waste,CO2,t,0.0
10643,2023,Tenaris Algoma Tubes,Sault Ste. Marie,Ontario,46.5297,-84.3688,331210,Iron and Steel Pipes and Tubes Manufacturing from Purchased Steel,Algoma Tubes Inc.,Stationary Fuel Combustion,CO2,t,84147.99
10643,2023,Tenaris Algoma Tubes,Sault Ste. Marie,Ontario,46.5297,-84.3688,331210,Iron and Steel Pipes and Tubes Manufacturing from Purchased Steel,Algoma Tubes Inc.,On-site Transportation,CO2,t,856.0
10647,2023,Tree Island Industries Ltd.,Richmond,British Columbia,49.1875,-122.95916,331222,Steel Wire Drawing,Tree Island Industries Ltd,Stationary Fuel Combustion,CO2,t,12445.45
10647,2023,Tree Island Industries Ltd.,Richmond,British Columbia,49.1875,-122.95916,331222,Steel Wire Drawing,Tree Island Industries Ltd,On-site Transportation,CO2,t,534.39
10657,2023,Quebec Silicon LP,Bécancour,Quebec,46.3712,-72.3881,331110,Iron and Steel Mills and Ferro-Alloy Manufacturing,Silicium Québec SEC,Leakage / Fuites,CO2,t,0.0
10657,2023,Quebec Silicon LP,Bécancour,Quebec,46.3712,-72.3881,331110,Iron and Steel Mills and Ferro-Alloy Manufacturing,Silicium Québec SEC,Stationary Fuel Combustion,CO2,t,1081.025588
10657,2023,Quebec Silicon LP,Bécancour,Quebec,46.3712,-72.3881,331110,Iron and Steel Mills and Ferro-Alloy Manufacturing,Silicium Québec SEC,Industrial Processes,CO2,t,179657.2759
10657,2023,Quebec Silicon LP,Bécancour,Quebec,46.3712,-72.3881,331110,Iron and Steel Mills and Ferro-Alloy Manufacturing,Silicium Québec SEC,On-site Transportation,CO2,t,711.675537
10657,2023,Quebec Silicon LP,Bécancour,Quebec,46.3712,-72.3881,331110,Iron and Steel Mills and Ferro-Alloy Manufacturing,Silicium Québec SEC,Wastewater,CO2,t,0.0
10669,2023,Mine Canadian Malartic,Malartic,Quebec,48.12451,-78.12927,212220,Gold and Silver Ore Mining,Agnico Eagle Mines Limited (MAIN),Stationary Fuel Combustion,CO2,t,18126.13
10669,2023,Mine Canadian Malartic,Malartic,Quebec,48.12451,-78.12927,212220,Gold and Silver Ore Mining,Agnico Eagle Mines Limited (MAIN),Industrial Processes,CO2,t,3275.44
10669,2023,Mine Canadian Malartic,Malartic,Quebec,48.12451,-78.12927,212220,Gold and Silver Ore Mining,Agnico Eagle Mines Limited (MAIN),On-site Transportation,CO2,t,173415.254
10678,2023,"Gerdau Ameristeel Corporation, Manitoba Mill",Selkirk,Manitoba,50.1302,-96.9013,331110,Iron and Steel Mills and Ferro-Alloy Manufacturing,Gerdau Ameristeel Corporation,Stationary Fuel Combustion,CO2,t,35476.16
10678,2023,"Gerdau Ameristeel Corporation, Manitoba Mill",Selkirk,Manitoba,50.1302,-96.9013,331110,Iron and Steel Mills and Ferro-Alloy Manufacturing,Gerdau Ameristeel Corporation,Industrial Processes,CO2,t,6119.036009
10678,2023,"Gerdau Ameristeel Corporation, Manitoba Mill",Selkirk,Manitoba,50.1302,-96.9013,331110,Iron and Steel Mills and Ferro-Alloy Manufacturing,Gerdau Ameristeel Corporation,On-site Transportation,CO2,t,3387.982825
10679,2023,Gibraltar Mine (SFO),MCLEESE LAKE,British Columbia,52.5299,-122.2851,212233,Copper-Zinc Ore Mining,Gibraltar Mines Ltd.,Stationary Fuel Combustion,CO2,t,9638.285157
10679,2023,Gibraltar Mine (SFO),MCLEESE LAKE,British Columbia,52.5299,-122.2851,212233,Copper-Zinc Ore Mining,Gibraltar Mines Ltd.,On-site Transportation,CO2,t,114905.3282
10681,2023,Hope Bay Project,CAMBRIDGE BAY,Nunavut,68.13925,-106.61072,212220,Gold and Silver Ore Mining,TMAC Resources Inc.,Stationary Fuel Combustion,CO2,t,19959.0223
10681,2023,Hope Bay Project,CAMBRIDGE BAY,Nunavut,68.13925,-106.61072,212220,Gold and Silver Ore Mining,TMAC Resources Inc.,Industrial Processes,CO2,t,7.178332
10681,2023,Hope Bay Project,CAMBRIDGE BAY,Nunavut,68.13925,-106.61072,212220,Gold and Silver Ore Mining,TMAC Resources Inc.,On-site Transportation,CO2,t,5788.998375
10681,2023,Hope Bay Project,CAMBRIDGE BAY,Nunavut,68.13925,-106.61072,212220,Gold and Silver Ore Mining,TMAC Resources Inc.,Waste,CO2,t,769.329835
10681,2023,Hope Bay Project,CAMBRIDGE BAY,Nunavut,68.13925,-106.61072,212220,Gold and Silver Ore Mining,TMAC Resources Inc.,Wastewater,CO2,t,0.0
10722,2023,Mine du Lac Bloom,Fermont,Quebec,52.85235,-67.25387,212210,Iron Ore Mining,MINERAI DE FER QUÉBEC INC.,Stationary Fuel Combustion,CO2,t,12677.53
10722,2023,Mine du Lac Bloom,Fermont,Quebec,52.85235,-67.25387,212210,Iron Ore Mining,MINERAI DE FER QUÉBEC INC.,Industrial Processes,CO2,t,6256.35
10722,2023,Mine du Lac Bloom,Fermont,Quebec,52.85235,-67.25387,212210,Iron Ore Mining,MINERAI DE FER QUÉBEC INC.,On-site Transportation,CO2,t,99691.72
10738,2023,"Gerdau Ameristeel Corporation, Cambridge Mill",Cambridge,Ontario,43.3706,-80.284,331110,Iron and Steel Mills and Ferro-Alloy Manufacturing,Gerdau Ameristeel Corporation,Stationary Fuel Combustion,CO2,t,14609.1877
10738,2023,"Gerdau Ameristeel Corporation, Cambridge Mill",Cambridge,Ontario,43.3706,-80.284,331110,Iron and Steel Mills and Ferro-Alloy Manufacturing,Gerdau Ameristeel Corporation,On-site Transportation,CO2,t,81.6162
10765,2023,Detour Lake Project,Cochrane,Ontario,50.0171,-79.70393,212220,Gold and Silver Ore Mining,Agnico Eagle Mines Limited (MAIN),Stationary Fuel Combustion,CO2,t,11710.7047
10765,2023,Detour Lake Project,Cochrane,Ontario,50.0171,-79.70393,212220,Gold and Silver Ore Mining,Agnico Eagle Mines Limited (MAIN),On-site Transportation,CO2,t,277738.7235
10765,2023,Detour Lake Project,Cochrane,Ontario,50.0171,-79.70393,212220,Gold and Silver Ore Mining,Agnico Eagle Mines Limited (MAIN),Waste,CO2,t,0.0
10765,2023,Detour Lake Project,Cochrane,Ontario,50.0171,-79.70393,212220,Gold and Silver Ore Mining,Agnico Eagle Mines Limited (MAIN),Wastewater,CO2,t,0.0
10785,2023,Myra Falls Mine Ltd.,Campbell River,British Columbia,49.57694,-125.60194,212233,Copper-Zinc Ore Mining,Myra Falls Mine Ltd,Stationary Fuel Combustion,CO2,t,32726.26
10791,2023,Aluminerie Arvida - Centre technologique AP60,Jonquière,Quebec,48.43193,-71.15674,331313,Primary Production of Alumina and Aluminum,Rio Tinto Alcan Inc,Stationary Fuel Combustion,CO2,t,2590.0
10791,2023,Aluminerie Arvida - Centre technologique AP60,Jonquière,Quebec,48.43193,-71.15674,331313,Primary Production of Alumina and Aluminum,Rio Tinto Alcan Inc,Industrial Processes,CO2,t,88754.0
10791,2023,Aluminerie Arvida - Centre technologique AP60,Jonquière,Quebec,48.43193,-71.15674,331313,Primary Production of Alumina and Aluminum,Rio Tinto Alcan Inc,On-site Transportation,CO2,t,416.62
10810,2023,Long Harbour Operations,Long Harbour,Newfoundland and Labrador,47.40889,-53.81167,331410,Non-Ferrous Metal (except Aluminum) Smelting and Refining,Vale Newfoundland and Labrador Limited,Stationary Fuel Combustion,CO2,t,20033.3
10810,2023,Long Harbour Operations,Long Harbour,Newfoundland and Labrador,47.40889,-53.81167,331410,Non-Ferrous Metal (except Aluminum) Smelting and Refining,Vale Newfoundland and Labrador Limited,Industrial Processes,CO2,t,17394.0
10810,2023,Long Harbour Operations,Long Harbour,Newfoundland and Labrador,47.40889,-53.81167,331410,Non-Ferrous Metal (except Aluminum) Smelting and Refining,Vale Newfoundland and Labrador Limited,On-site Transportation,CO2,t,2675.07
10835,2023,Mary River Mine Site,,Nunavut,71.3146,-79.28194,212210,Iron Ore Mining,Baffinland Iron Mines Corporation,Stationary Fuel Combustion,CO2,t,23680.69145
10835,2023,Mary River Mine Site,,Nunavut,71.3146,-79.28194,212210,Iron Ore Mining,Baffinland Iron Mines Corporation,On-site Transportation,CO2,t,64863.55484
10835,2023,Mary River Mine Site,,Nunavut,71.3146,-79.28194,212210,Iron Ore Mining,Baffinland Iron Mines Corporation,Waste,CO2,t,52.18549
10835,2023,Mary River Mine Site,,Nunavut,71.3146,-79.28194,212210,Iron Ore Mining,Baffinland Iron Mines Corporation,Wastewater,CO2,t,0.0
10857,2023,Williams Mine,MARATHON,Ontario,48.6942,-85.9188,212220,Gold and Silver Ore Mining,Williams Operating Corporation,Stationary Fuel Combustion,CO2,t,9136.88
10857,2023,Williams Mine,MARATHON,Ontario,48.6942,-85.9188,212220,Gold and Silver Ore Mining,Williams Operating Corporation,On-site Transportation,CO2,t,9884.0
10863,2023,Meliadine Gold Project,Rankin Inlet,Nunavut,63.22417,-92.13417,212220,Gold and Silver Ore Mining,Agnico Eagle Mines Limited (DO NOT USE),Stationary Fuel Combustion,CO2,t,96146.21301
10863,2023,Meliadine Gold Project,Rankin Inlet,Nunavut,63.22417,-92.13417,212220,Gold and Silver Ore Mining,Agnico Eagle Mines Limited (DO NOT USE),Industrial Processes,CO2,t,0.0
10863,2023,Meliadine Gold Project,Rankin Inlet,Nunavut,63.22417,-92.13417,212220,Gold and Silver Ore Mining,Agnico Eagle Mines Limited (DO NOT USE),On-site Transportation,CO2,t,37254.26669
10863,2023,Meliadine Gold Project,Rankin Inlet,Nunavut,63.22417,-92.13417,212220,Gold and Silver Ore Mining,Agnico Eagle Mines Limited (DO NOT USE),Waste,CO2,t,1965.182828
10873,2023,Brucejack Gold Mine,Stewart,British Columbia,56.46624,-130.18596,212220,Gold and Silver Ore Mining,Pretium Resources Inc.,Stationary Fuel Combustion,CO2,t,9444.62
10873,2023,Brucejack Gold Mine,Stewart,British Columbia,56.46624,-130.18596,212220,Gold and Silver Ore Mining,Pretium Resources Inc.,On-site Transportation,CO2,t,17709.2
10873,2023,Brucejack Gold Mine,Stewart,British Columbia,56.46624,-130.18596,212220,Gold and Silver Ore Mining,Pretium Resources Inc.,Wastewater,CO2,t,0.0
10890,2023,Seabee,Saskatoon,Saskatchewan,55.241,-103.2255,212220,Gold and Silver Ore Mining,SGO Mining Inc.,Stationary Fuel Combustion,CO2,t,2746.6843
10890,2023,Seabee,Saskatoon,Saskatchewan,55.241,-103.2255,212220,Gold and Silver Ore Mining,SGO Mining Inc.,Industrial Processes,CO2,t,0.0
10890,2023,Seabee,Saskatoon,Saskatchewan,55.241,-103.2255,212220,Gold and Silver Ore Mining,SGO Mining Inc.,On-site Transportation,CO2,t,8984.7892
10890,2023,Seabee,Saskatoon,Saskatchewan,55.241,-103.2255,212220,Gold and Silver Ore Mining,SGO Mining Inc.,Waste,CO2,t,26.65
10900,2023,Milne Port Site,,Nunavut,71.88444,-80.88611,212210,Iron Ore Mining,Baffinland Iron Mines Corporation,Stationary Fuel Combustion,CO2,t,17394.28422
10900,2023,Milne Port Site,,Nunavut,71.88444,-80.88611,212210,Iron Ore Mining,Baffinland Iron Mines Corporation,On-site Transportation,CO2,t,59761.99755
10900,2023,Milne Port Site,,Nunavut,71.88444,-80.88611,212210,Iron Ore Mining,Baffinland Iron Mines Corporation,Waste,CO2,t,84.39828
10900,2023,Milne Port Site,,Nunavut,71.88444,-80.88611,212210,Iron Ore Mining,Baffinland Iron Mines Corporation,Wastewater,CO2,t,0.0
10903,2023,SOCIÉTÉ EN COMMANDITE REVENU NORANDA - VALLEYFIELD,Salaberry de Valleyfield,Quebec,45.2281,-74.1031,331410,Non-Ferrous Metal (except Aluminum) Smelting and Refining,Société en commandite Revenu Noranda,Stationary Fuel Combustion,CO2,t,43677.6
10903,2023,SOCIÉTÉ EN COMMANDITE REVENU NORANDA - VALLEYFIELD,Salaberry de Valleyfield,Quebec,45.2281,-74.1031,331410,Non-Ferrous Metal (except Aluminum) Smelting and Refining,Société en commandite Revenu Noranda,Industrial Processes,CO2,t,4470.46
10903,2023,SOCIÉTÉ EN COMMANDITE REVENU NORANDA - VALLEYFIELD,Salaberry de Valleyfield,Quebec,45.2281,-74.1031,331410,Non-Ferrous Metal (except Aluminum) Smelting and Refining,Société en commandite Revenu Noranda,On-site Transportation,CO2,t,1036.21
10904,2023,Casa Berardi,Municipalité Eeyou Istchee Baie-James,Quebec,49.3357,-79.1646,212220,Gold and Silver Ore Mining,Hecla Québec Inc.,Stationary Fuel Combustion,CO2,t,3258.186
10904,2023,Casa Berardi,Municipalité Eeyou Istchee Baie-James,Quebec,49.3357,-79.1646,212220,Gold and Silver Ore Mining,Hecla Québec Inc.,On-site Transportation,CO2,t,29345.114
10907,2023,La Mine Niobec,Saint-Honoré,Quebec,48.5322,-71.1578,212299,All Other Metal Ore Mining,Magris Ressources,Stationary Fuel Combustion,CO2,t,6426.51
10907,2023,La Mine Niobec,Saint-Honoré,Quebec,48.5322,-71.1578,212299,All Other Metal Ore Mining,Magris Ressources,On-site Transportation,CO2,t,5333.48
10908,2023,McClean Lake Operations,Saskatoon,Saskatchewan,58.25,-103.91694,212291,Uranium Ore Mining,Orano Canada Inc.,Stationary Fuel Combustion,CO2,t,19114.0205
10908,2023,McClean Lake Operations,Saskatoon,Saskatchewan,58.25,-103.91694,212291,Uranium Ore Mining,Orano Canada Inc.,Industrial Processes,CO2,t,352.1914
10908,2023,McClean Lake Operations,Saskatoon,Saskatchewan,58.25,-103.91694,212291,Uranium Ore Mining,Orano Canada Inc.,On-site Transportation,CO2,t,1780.2028
10908,2023,McClean Lake Operations,Saskatoon,Saskatchewan,58.25,-103.91694,212291,Uranium Ore Mining,Orano Canada Inc.,Waste,CO2,t,47.1596
10908,2023,McClean Lake Operations,Saskatoon,Saskatchewan,58.25,-103.91694,212291,Uranium Ore Mining,Orano Canada Inc.,Wastewater,CO2,t,0.0
10911,2023,La mine Doyon,Preissac,Quebec,48.2591,-78.5254,212220,Gold and Silver Ore Mining,Iamgold Corporation,Stationary Fuel Combustion,CO2,t,3109.981
10911,2023,La mine Doyon,Preissac,Quebec,48.2591,-78.5254,212220,Gold and Silver Ore Mining,Iamgold Corporation,On-site Transportation,CO2,t,11963.0
10912,2023,Timmins Micronizing Plant,Timmins,Ontario,48.4745,-81.318,212398,All Other Non-Metallic Mineral Mining and Quarrying,Magris Talc Canada Inc.,Stationary Fuel Combustion,CO2,t,13045.79
10912,2023,Timmins Micronizing Plant,Timmins,Ontario,48.4745,-81.318,212398,All Other Non-Metallic Mineral Mining and Quarrying,Magris Talc Canada Inc.,On-site Transportation,CO2,t,258.4
10913,2023,Key Lake Operation,Saskatoon,Saskatchewan,57.21194,-105.67861,212291,Uranium Ore Mining,Cameco Corporation,Stationary Fuel Combustion,CO2,t,31998.175
10913,2023,Key Lake Operation,Saskatoon,Saskatchewan,57.21194,-105.67861,212291,Uranium Ore Mining,Cameco Corporation,Industrial Processes,CO2,t,2282.2442
10913,2023,Key Lake Operation,Saskatoon,Saskatchewan,57.21194,-105.67861,212291,Uranium Ore Mining,Cameco Corporation,On-site Transportation,CO2,t,2632.4912
10913,2023,Key Lake Operation,Saskatoon,Saskatchewan,57.21194,-105.67861,212291,Uranium Ore Mining,Cameco Corporation,Waste,CO2,t,116.3
10913,2023,Key Lake Operation,Saskatoon,Saskatchewan,57.21194,-105.67861,212291,Uranium Ore Mining,Cameco Corporation,Wastewater,CO2,t,0.0
10917,2023,Island Gold Mine,Dubreuilville,Ontario,48.35028,-84.55278,212220,Gold and Silver Ore Mining,Alamos Gold Incorporated,Stationary Fuel Combustion,CO2,t,4403.757
10917,2023,Island Gold Mine,Dubreuilville,Ontario,48.35028,-84.55278,212220,Gold and Silver Ore Mining,Alamos Gold Incorporated,Industrial Processes,CO2,t,0.0
10917,2023,Island Gold Mine,Dubreuilville,Ontario,48.35028,-84.55278,212220,Gold and Silver Ore Mining,Alamos Gold Incorporated,On-site Transportation,CO2,t,15474.613
10917,2023,Island Gold Mine,Dubreuilville,Ontario,48.35028,-84.55278,212220,Gold and Silver Ore Mining,Alamos Gold Incorporated,Waste,CO2,t,0.0
10921,2023,HBMS Chisel Lake Mine,Snow Lake,Manitoba,54.83,-100.12,212233,Copper-Zinc Ore Mining,Hudbay Minerals,Stationary Fuel Combustion,CO2,t,12933.56
10921,2023,HBMS Chisel Lake Mine,Snow Lake,Manitoba,54.83,-100.12,212233,Copper-Zinc Ore Mining,Hudbay Minerals,On-site Transportation,CO2,t,9876.01
10922,2023,McArthur River Operation,Saskatoon,Saskatchewan,57.75556,-105.065,212291,Uranium Ore Mining,Cameco Corporation,Stationary Fuel Combustion,CO2,t,18051.9123
10922,2023,McArthur River Operation,Saskatoon,Saskatchewan,57.75556,-105.065,212291,Uranium Ore Mining,Cameco Corporation,Industrial Processes,CO2,t,14.0118
10922,2023,McArthur River Operation,Saskatoon,Saskatchewan,57.75556,-105.065,212291,Uranium Ore Mining,Cameco Corporation,On-site Transportation,CO2,t,3736.5818
10922,2023,McArthur River Operation,Saskatoon,Saskatchewan,57.75556,-105.065,212291,Uranium Ore Mining,Cameco Corporation,Waste,CO2,t,0.0
10922,2023,McArthur River Operation,Saskatoon,Saskatchewan,57.75556,-105.065,212291,Uranium Ore Mining,Cameco Corporation,Wastewater,CO2,t,0.0
10923,2023,Cigar Lake Operation,Sasktoon,Saskatchewan,58.0676,-104.542,212291,Uranium Ore Mining,Cameco Corporation,Stationary Fuel Combustion,CO2,t,12732.9967
10923,2023,Cigar Lake Operation,Sasktoon,Saskatchewan,58.0676,-104.542,212291,Uranium Ore Mining,Cameco Corporation,Industrial Processes,CO2,t,8.5812
10923,2023,Cigar Lake Operation,Sasktoon,Saskatchewan,58.0676,-104.542,212291,Uranium Ore Mining,Cameco Corporation,On-site Transportation,CO2,t,6771.2984
10923,2023,Cigar Lake Operation,Sasktoon,Saskatchewan,58.0676,-104.542,212291,Uranium Ore Mining,Cameco Corporation,Waste,CO2,t,0.0
10923,2023,Cigar Lake Operation,Sasktoon,Saskatchewan,58.0676,-104.542,212291,Uranium Ore Mining,Cameco Corporation,Wastewater,CO2,t,0.0
10924,2023,Porcupine Gold Mines,South Porcupine,Ontario,48.46306,-81.2475,212220,Gold and Silver Ore Mining,GOLDCORP CANADA LTD,Stationary Fuel Combustion,CO2,t,10555.172
10924,2023,Porcupine Gold Mines,South Porcupine,Ontario,48.46306,-81.2475,212220,Gold and Silver Ore Mining,GOLDCORP CANADA LTD,Industrial Processes,CO2,t,0.845
10924,2023,Porcupine Gold Mines,South Porcupine,Ontario,48.46306,-81.2475,212220,Gold and Silver Ore Mining,GOLDCORP CANADA LTD,On-site Transportation,CO2,t,42952.397
10926,2023,Impala Canada Ltd.,Thunder Bay,Ontario,49.16168,-89.61435,212299,All Other Metal Ore Mining,Impala Canada Ltd.,Stationary Fuel Combustion,CO2,t,18681.197
10926,2023,Impala Canada Ltd.,Thunder Bay,Ontario,49.16168,-89.61435,212299,All Other Metal Ore Mining,Impala Canada Ltd.,On-site Transportation,CO2,t,36179.248
10929,2023,Lake Shore Gold Timmins West Mine,Timmins,Ontario,48.384,-81.5575,212220,Gold and Silver Ore Mining,Lake Shore Gold,Stationary Fuel Combustion,CO2,t,3956.561
10929,2023,Lake Shore Gold Timmins West Mine,Timmins,Ontario,48.384,-81.5575,212220,Gold and Silver Ore Mining,Lake Shore Gold,On-site Transportation,CO2,t,8419.332
10930,2023,McEwen Ontario Black Fox Mine,Matheson,Ontario,48.3,-80.21,212220,Gold and Silver Ore Mining,McEwen Mining,Stationary Fuel Combustion,CO2,t,3966.561
10930,2023,McEwen Ontario Black Fox Mine,Matheson,Ontario,48.3,-80.21,212220,Gold and Silver Ore Mining,McEwen Mining,On-site Transportation,CO2,t,4638.992
10931,2023,Bell Creek Complex,Porcupine,Ontario,48.5523,-81.173,212220,Gold and Silver Ore Mining,Lake Shore Gold,Stationary Fuel Combustion,CO2,t,4413.565
10931,2023,Bell Creek Complex,Porcupine,Ontario,48.5523,-81.173,212220,Gold and Silver Ore Mining,Lake Shore Gold,On-site Transportation,CO2,t,7694.837
11046,2023,Great Lakes Copper Ltd.,London,Ontario,43.0233,-81.1842,331420,"Copper Rolling, Drawing, Extruding and Alloying",Great Lakes Copper Ltd.,Stationary Fuel Combustion,CO2,t,10366.3
11046,2023,Great Lakes Copper Ltd.,London,Ontario,43.0233,-81.1842,331420,"Copper Rolling, Drawing, Extruding and Alloying",Great Lakes Copper Ltd.,On-site Transportation,CO2,t,98.63
11095,2023,INFASCO,Marieville,Quebec,45.431,-73.1673,331221,Cold-Rolled Steel Shape Manufacturing,Ifastgroupe,Stationary Fuel Combustion,CO2,t,14831.0
11095,2023,INFASCO,Marieville,Quebec,45.431,-73.1673,331221,Cold-Rolled Steel Shape Manufacturing,Ifastgroupe,On-site Transportation,CO2,t,309.0
11128,2023,Sivaco Québec,Marieville,Quebec,45.4372,-73.1676,331222,Steel Wire Drawing,Groupe des tréfileries Sivaco 2004,Stationary Fuel Combustion,CO2,t,10774.0
11128,2023,Sivaco Québec,Marieville,Quebec,45.4372,-73.1676,331222,Steel Wire Drawing,Groupe des tréfileries Sivaco 2004,On-site Transportation,CO2,t,251.0
11231,2023,ArcelorMittal Longueuil,Longueuil,Quebec,45.5663,-73.4579,331110,Iron and Steel Mills and Ferro-Alloy Manufacturing,ArcelorMittal Produits Longs Canada s.e.n.c,Stationary Fuel Combustion,CO2,t,24613.46
11231,2023,ArcelorMittal Longueuil,Longueuil,Quebec,45.5663,-73.4579,331110,Iron and Steel Mills and Ferro-Alloy Manufacturing,ArcelorMittal Produits Longs Canada s.e.n.c,On-site Transportation,CO2,t,34.922
11361,2023,Welded Tube (Q&T Plant),Welland,Ontario,42.97077,-79.21057,331210,Iron and Steel Pipes and Tubes Manufacturing from Purchased Steel,Welded Tube of Canada Corp,Stationary Fuel Combustion,CO2,t,12039.6497
11361,2023,Welded Tube (Q&T Plant),Welland,Ontario,42.97077,-79.21057,331210,Iron and Steel Pipes and Tubes Manufacturing from Purchased Steel,Welded Tube of Canada Corp,On-site Transportation,CO2,t,892.71025
11368,2023,Valbruna ASW Inc.,Welland,Ontario,42.99864,-79.23453,331110,Iron and Steel Mills and Ferro-Alloy Manufacturing,Valbruna ASW Inc.,Stationary Fuel Combustion,CO2,t,14175.0422
11368,2023,Valbruna ASW Inc.,Welland,Ontario,42.99864,-79.23453,331110,Iron and Steel Mills and Ferro-Alloy Manufacturing,Valbruna ASW Inc.,Industrial Processes,CO2,t,4137.5184
11368,2023,Valbruna ASW Inc.,Welland,Ontario,42.99864,-79.23453,331110,Iron and Steel Mills and Ferro-Alloy Manufacturing,Valbruna ASW Inc.,On-site Transportation,CO2,t,504.8061
11375,2023,Young-Davidson,Matachewan,Ontario,47.94722,-80.67722,212220,Gold and Silver Ore Mining,Alamos Gold Incorporated,Stationary Fuel Combustion,CO2,t,11938.855
11375,2023,Young-Davidson,Matachewan,Ontario,47.94722,-80.67722,212220,Gold and Silver Ore Mining,Alamos Gold Incorporated,On-site Transportation,CO2,t,9599.44
11382,2023,Projet Nunavik Nickel,Kattiniq,Quebec,61.3239,-73.3234,212232,Nickel-Copper Ore Mining,Canadian Royalties inc.,Stationary Fuel Combustion,CO2,t,93808.86
11382,2023,Projet Nunavik Nickel,Kattiniq,Quebec,61.3239,-73.3234,212232,Nickel-Copper Ore Mining,Canadian Royalties inc.,Industrial Processes,CO2,t,0.0
11382,2023,Projet Nunavik Nickel,Kattiniq,Quebec,61.3239,-73.3234,212232,Nickel-Copper Ore Mining,Canadian Royalties inc.,On-site Transportation,CO2,t,32843.45
11390,2023,Fonderie Bibby Sainte-Croix,Sainte-Croix,Quebec,46.6236,-71.7361,331511,Iron Foundries,Canada Pipe Co Ltd.,Stationary Fuel Combustion,CO2,t,15299.86
11390,2023,Fonderie Bibby Sainte-Croix,Sainte-Croix,Quebec,46.6236,-71.7361,331511,Iron Foundries,Canada Pipe Co Ltd.,Industrial Processes,CO2,t,175.1
11390,2023,Fonderie Bibby Sainte-Croix,Sainte-Croix,Quebec,46.6236,-71.7361,331511,Iron Foundries,Canada Pipe Co Ltd.,On-site Transportation,CO2,t,391.59
11496,2023,Rainy River Mine,Emo,Ontario,48.848,-94.003,212220,Gold and Silver Ore Mining,New Gold Inc.,Stationary Fuel Combustion,CO2,t,5663.407
11496,2023,Rainy River Mine,Emo,Ontario,48.848,-94.003,212220,Gold and Silver Ore Mining,New Gold Inc.,Industrial Processes,CO2,t,2798.0
11496,2023,Rainy River Mine,Emo,Ontario,48.848,-94.003,212220,Gold and Silver Ore Mining,New Gold Inc.,On-site Transportation,CO2,t,113546.0
11723,2023,Port Colborne Refinery,Port Colborne,Ontario,42.8826,-79.2405,331410,Non-Ferrous Metal (except Aluminum) Smelting and Refining,Vale Canada Ltd,Stationary Fuel Combustion,CO2,t,10767.0531
11723,2023,Port Colborne Refinery,Port Colborne,Ontario,42.8826,-79.2405,331410,Non-Ferrous Metal (except Aluminum) Smelting and Refining,Vale Canada Ltd,Industrial Processes,CO2,t,2785.33
11723,2023,Port Colborne Refinery,Port Colborne,Ontario,42.8826,-79.2405,331410,Non-Ferrous Metal (except Aluminum) Smelting and Refining,Vale Canada Ltd,On-site Transportation,CO2,t,49.49
11730,2023,Usine Vaudreuil,Jonquière,Quebec,48.4257,-71.1718,331313,Primary Production of Alumina and Aluminum,Rio Tinto Alcan Inc,Stationary Fuel Combustion,CO2,t,403805.0
11730,2023,Usine Vaudreuil,Jonquière,Quebec,48.4257,-71.1718,331313,Primary Production of Alumina and Aluminum,Rio Tinto Alcan Inc,Industrial Processes,CO2,t,0.0
11730,2023,Usine Vaudreuil,Jonquière,Quebec,48.4257,-71.1718,331313,Primary Production of Alumina and Aluminum,Rio Tinto Alcan Inc,On-site Transportation,CO2,t,662.41
11734,2023,DSO Timmins Project,Menihek,Newfoundland and Labrador,54.88945,-67.0842,212210,Iron Ore Mining,Tata Steel Minerals Canada,Stationary Fuel Combustion,CO2,t,27325.165
11734,2023,DSO Timmins Project,Menihek,Newfoundland and Labrador,54.88945,-67.0842,212210,Iron Ore Mining,Tata Steel Minerals Canada,On-site Transportation,CO2,t,24120.525
11736,2023,North American Lithium,La Corne,Quebec,48.40579,-77.82782,212299,All Other Metal Ore Mining,North American Lithium inc.,Stationary Fuel Combustion,CO2,t,4063.867
11736,2023,North American Lithium,La Corne,Quebec,48.40579,-77.82782,212299,All Other Metal Ore Mining,North American Lithium inc.,On-site Transportation,CO2,t,22599.016
11736,2023,North American Lithium,La Corne,Quebec,48.40579,-77.82782,212299,All Other Metal Ore Mining,North American Lithium inc.,Waste,CO2,t,0.0
11736,2023,North American Lithium,La Corne,Quebec,48.40579,-77.82782,212299,All Other Metal Ore Mining,North American Lithium inc.,Wastewater,CO2,t,0.0
11750,2023,ARCELORMITTAL WINDSOR A DIVISION OF ARCELORMITTAL DOFASCO G.P.,Windsor,Ontario,42.2605,-83.1002,331110,Iron and Steel Mills and Ferro-Alloy Manufacturing,ArcelorMittal Canada MP Inc. and ArcelorMittal Canada Inc. partners in ArcelorMittal Dofasco G.P.,Stationary Fuel Combustion,CO2,t,28719.6543
11765,2023,ArcelorMittal long Products Canada - Hamilton East,Hamilton,Ontario,43.2625,-79.7857,331222,Steel Wire Drawing,ArcelorMittal long Products Canada G.P.,Stationary Fuel Combustion,CO2,t,15202.7
11765,2023,ArcelorMittal long Products Canada - Hamilton East,Hamilton,Ontario,43.2625,-79.7857,331222,Steel Wire Drawing,ArcelorMittal long Products Canada G.P.,On-site Transportation,CO2,t,307.22
11766,2023,Sil Industrial Minerals Lamont Plant,Bruderheim,Alberta,53.9063,-112.92419,212398,All Other Non-Metallic Mineral Mining and Quarrying,543077 Alberta Ltd.,Stationary Fuel Combustion,CO2,t,16007.9666
11766,2023,Sil Industrial Minerals Lamont Plant,Bruderheim,Alberta,53.9063,-112.92419,212398,All Other Non-Metallic Mineral Mining and Quarrying,543077 Alberta Ltd.,On-site Transportation,CO2,t,4279.6328
11767,2023,Rio Tinto Fer et Titane inc. - HAVRE-SAINT-PIERRE,Havre-Saint-Pierre,Quebec,50.2435,-63.6064,212210,Iron Ore Mining,Rio Tinto Fer et Titane inc.,Stationary Fuel Combustion,CO2,t,2182.0
11767,2023,Rio Tinto Fer et Titane inc. - HAVRE-SAINT-PIERRE,Havre-Saint-Pierre,Quebec,50.2435,-63.6064,212210,Iron Ore Mining,Rio Tinto Fer et Titane inc.,Industrial Processes,CO2,t,152.0
11767,2023,Rio Tinto Fer et Titane inc. - HAVRE-SAINT-PIERRE,Havre-Saint-Pierre,Quebec,50.2435,-63.6064,212210,Iron Ore Mining,Rio Tinto Fer et Titane inc.,On-site Transportation,CO2,t,13983.0
11770,2023,Division Goldex,Val-d'Or,Quebec,48.0923,-77.874,212220,Gold and Silver Ore Mining,Agnico-Eagle Mines Lted (DO NOT USE),Stationary Fuel Combustion,CO2,t,4289.8
11770,2023,Division Goldex,Val-d'Or,Quebec,48.0923,-77.874,212220,Gold and Silver Ore Mining,Agnico-Eagle Mines Lted (DO NOT USE),On-site Transportation,CO2,t,8912.0
11794,2023,Division Laronde,Preissac,Quebec,48.2375,-78.3958,212220,Gold and Silver Ore Mining,MINES AGNICO EAGLE LIMITEE (DO NOT USE),Stationary Fuel Combustion,CO2,t,14844.92689
11794,2023,Division Laronde,Preissac,Quebec,48.2375,-78.3958,212220,Gold and Silver Ore Mining,MINES AGNICO EAGLE LIMITEE (DO NOT USE),Industrial Processes,CO2,t,84.84
11794,2023,Division Laronde,Preissac,Quebec,48.2375,-78.3958,212220,Gold and Silver Ore Mining,MINES AGNICO EAGLE LIMITEE (DO NOT USE),On-site Transportation,CO2,t,26880.35
11804,2023,Mine Éléonore,Rouyn-Noranda,Quebec,52.42083,-76.04389,212220,Gold and Silver Ore Mining,Goldcorp Canada Ltd,Stationary Fuel Combustion,CO2,t,9959.6
11804,2023,Mine Éléonore,Rouyn-Noranda,Quebec,52.42083,-76.04389,212220,Gold and Silver Ore Mining,Goldcorp Canada Ltd,Industrial Processes,CO2,t,0.0
11804,2023,Mine Éléonore,Rouyn-Noranda,Quebec,52.42083,-76.04389,212220,Gold and Silver Ore Mining,Goldcorp Canada Ltd,On-site Transportation,CO2,t,24031.0
11827,2023,IKO Madoc,MADOC,Ontario,44.4961,-77.5348,212398,All Other Non-Metallic Mineral Mining and Quarrying,IKO Industries Ltd.,Stationary Fuel Combustion,CO2,t,21429.894
11827,2023,IKO Madoc,MADOC,Ontario,44.4961,-77.5348,212398,All Other Non-Metallic Mineral Mining and Quarrying,IKO Industries Ltd.,On-site Transportation,CO2,t,1195.288
11878,2023,Max Aicher (North America) Limited,Hamilton,Ontario,43.26654,-79.82236,331221,Cold-Rolled Steel Shape Manufacturing,Max Aicher (North America) Limited,Stationary Fuel Combustion,CO2,t,20322.1349
11894,2023,Copper Mountain Mine,Princeton,British Columbia,49.34556,-120.51,212233,Copper-Zinc Ore Mining,Copper Mountain Mine (BC) Ltd.,Stationary Fuel Combustion,CO2,t,3053.158
11894,2023,Copper Mountain Mine,Princeton,British Columbia,49.34556,-120.51,212233,Copper-Zinc Ore Mining,Copper Mountain Mine (BC) Ltd.,On-site Transportation,CO2,t,66954.959
11894,2023,Copper Mountain Mine,Princeton,British Columbia,49.34556,-120.51,212233,Copper-Zinc Ore Mining,Copper Mountain Mine (BC) Ltd.,Waste,CO2,t,0.0
11951,2023,Red Lake Operation,Balmertown,Ontario,51.0597,-93.74407,212220,Gold and Silver Ore Mining,Evolution Mining,Stationary Fuel Combustion,CO2,t,17060.636
11951,2023,Red Lake Operation,Balmertown,Ontario,51.0597,-93.74407,212220,Gold and Silver Ore Mining,Evolution Mining,Industrial Processes,CO2,t,457.462
11951,2023,Red Lake Operation,Balmertown,Ontario,51.0597,-93.74407,212220,Gold and Silver Ore Mining,Evolution Mining,On-site Transportation,CO2,t,9009.575
11951,2023,Red Lake Operation,Balmertown,Ontario,51.0597,-93.74407,212220,Gold and Silver Ore Mining,Evolution Mining,Waste,CO2,t,0.0
11989,2023,ArcelorMittal Contrecoeur Est,Contrecoeur,Quebec,45.82055,-73.26362,331110,Iron and Steel Mills and Ferro-Alloy Manufacturing,ArcelorMittal Produits Longs Canada s.e.n.c,Stationary Fuel Combustion,CO2,t,104615.6
11989,2023,ArcelorMittal Contrecoeur Est,Contrecoeur,Quebec,45.82055,-73.26362,331110,Iron and Steel Mills and Ferro-Alloy Manufacturing,ArcelorMittal Produits Longs Canada s.e.n.c,Industrial Processes,CO2,t,844302.81
11989,2023,ArcelorMittal Contrecoeur Est,Contrecoeur,Quebec,45.82055,-73.26362,331110,Iron and Steel Mills and Ferro-Alloy Manufacturing,ArcelorMittal Produits Longs Canada s.e.n.c,On-site Transportation,CO2,t,2735.218
12009,2023,NATT Tools Group Inc.,Hamilton,Ontario,43.2663,-79.829,331221,Cold-Rolled Steel Shape Manufacturing,NATT Tools Group Inc.,Stationary Fuel Combustion,CO2,t,9204.5
12009,2023,NATT Tools Group Inc.,Hamilton,Ontario,43.2663,-79.829,331221,Cold-Rolled Steel Shape Manufacturing,NATT Tools Group Inc.,On-site Transportation,CO2,t,1.101
12010,2023,Touquoy Mine,Middle Musquodoboit,Nova Scotia,44.97361,-62.91917,212220,Gold and Silver Ore Mining,St Barbara Limited,Stationary Fuel Combustion,CO2,t,1286.42127
12010,2023,Touquoy Mine,Middle Musquodoboit,Nova Scotia,44.97361,-62.91917,212220,Gold and Silver Ore Mining,St Barbara Limited,Industrial Processes,CO2,t,7.25305
12010,2023,Touquoy Mine,Middle Musquodoboit,Nova Scotia,44.97361,-62.91917,212220,Gold and Silver Ore Mining,St Barbara Limited,On-site Transportation,CO2,t,2644.358408
12112,2023,Silvertip Mine,Vancouver,British Columbia,53.72667,-127.64762,212231,Lead-Zinc Ore Mining,Coeur Silvertip Holdings Ltd.,Stationary Fuel Combustion,CO2,t,12690.973
12112,2023,Silvertip Mine,Vancouver,British Columbia,53.72667,-127.64762,212231,Lead-Zinc Ore Mining,Coeur Silvertip Holdings Ltd.,On-site Transportation,CO2,t,1353.8955
12182,2023,Toronto Facility,Mississauga,Ontario,43.6022,-79.5811,331490,"Non-Ferrous Metal (except Copper and Aluminum) Rolling, Drawing, Extruding and Alloying",Terrapure BR Ltd.,Stationary Fuel Combustion,CO2,t,8688.0
12182,2023,Toronto Facility,Mississauga,Ontario,43.6022,-79.5811,331490,"Non-Ferrous Metal (except Copper and Aluminum) Rolling, Drawing, Extruding and Alloying",Terrapure BR Ltd.,Industrial Processes,CO2,t,12020.0
12182,2023,Toronto Facility,Mississauga,Ontario,43.6022,-79.5811,331490,"Non-Ferrous Metal (except Copper and Aluminum) Rolling, Drawing, Extruding and Alloying",Terrapure BR Ltd.,On-site Transportation,CO2,t,289.0
12184,2023,Site Windfall,Lebel-sur-Quévillon,Quebec,49.07366,-75.6518,213119,Other Support Activities for Mining,Groupe Minier Windfall,Stationary Fuel Combustion,CO2,t,17362.431
12184,2023,Site Windfall,Lebel-sur-Quévillon,Quebec,49.07366,-75.6518,213119,Other Support Activities for Mining,Groupe Minier Windfall,Industrial Processes,CO2,t,28.445
12298,2023,"Copper Cliff Mining, Smelting and Refining Complex",Copper Cliff,Ontario,46.4786,-81.0553,331410,Non-Ferrous Metal (except Aluminum) Smelting and Refining,Vale Canada Limited,Stationary Fuel Combustion,CO2,t,226065.9313
12298,2023,"Copper Cliff Mining, Smelting and Refining Complex",Copper Cliff,Ontario,46.4786,-81.0553,331410,Non-Ferrous Metal (except Aluminum) Smelting and Refining,Vale Canada Limited,Industrial Processes,CO2,t,66982.15
12298,2023,"Copper Cliff Mining, Smelting and Refining Complex",Copper Cliff,Ontario,46.4786,-81.0553,331410,Non-Ferrous Metal (except Aluminum) Smelting and Refining,Vale Canada Limited,On-site Transportation,CO2,t,31047.86042
12304,2023,Eagle River Mill,Wawa,Ontario,48.10601,-85.42365,212220,Gold and Silver Ore Mining,Wesdome Gold Mines Ltd.,Stationary Fuel Combustion,CO2,t,4522.275
12304,2023,Eagle River Mill,Wawa,Ontario,48.10601,-85.42365,212220,Gold and Silver Ore Mining,Wesdome Gold Mines Ltd.,On-site Transportation,CO2,t,7732.951
12304,2023,Eagle River Mill,Wawa,Ontario,48.10601,-85.42365,212220,Gold and Silver Ore Mining,Wesdome Gold Mines Ltd.,Waste,CO2,t,0.0
12404,2023,Eldorado Gold (Québec) Inc.,Val-d'Or,Quebec,48.63633,-77.45517,212220,Gold and Silver Ore Mining,Eldorado Gold (Québec) Inc.,Stationary Fuel Combustion,CO2,t,2536.962
12404,2023,Eldorado Gold (Québec) Inc.,Val-d'Or,Quebec,48.63633,-77.45517,212220,Gold and Silver Ore Mining,Eldorado Gold (Québec) Inc.,On-site Transportation,CO2,t,11397.4
12459,2023,Eagle Gold Mine,Vancouver,British Columbia,64.02,-135.81839,212220,Gold and Silver Ore Mining,Victoria Gold Corp.,Stationary Fuel Combustion,CO2,t,10563.96
12459,2023,Eagle Gold Mine,Vancouver,British Columbia,64.02,-135.81839,212220,Gold and Silver Ore Mining,Victoria Gold Corp.,On-site Transportation,CO2,t,42047.06
12466,2023,Côté Gold,Gogama,Ontario,47.55556,-81.94055,212220,Gold and Silver Ore Mining,Iamgold Corporation,Stationary Fuel Combustion,CO2,t,3305.0
12466,2023,Côté Gold,Gogama,Ontario,47.55556,-81.94055,212220,Gold and Silver Ore Mining,Iamgold Corporation,On-site Transportation,CO2,t,87043.0
12553,2023,Red Chris Mine,Dease Lake,British Columbia,57.72573,-129.76764,212220,Gold and Silver Ore Mining,NEWCREST RED CHRIS MINING LIMITED,Stationary Fuel Combustion,CO2,t,4791.48
12553,2023,Red Chris Mine,Dease Lake,British Columbia,57.72573,-129.76764,212220,Gold and Silver Ore Mining,NEWCREST RED CHRIS MINING LIMITED,On-site Transportation,CO2,t,87224.67
12555,2023,Moly-Cop Canada,Kamloops,British Columbia,50.65726,-120.09649,331511,Iron Foundries,Moly-Cop Canada,Stationary Fuel Combustion,CO2,t,22485.21296
12555,2023,Moly-Cop Canada,Kamloops,British Columbia,50.65726,-120.09649,331511,Iron Foundries,Moly-Cop Canada,On-site Transportation,CO2,t,44.898812
12678,2023,Greenstone Mine,Geraldton,Ontario,49.66714,-86.92899,212220,Gold and Silver Ore Mining,Greenstone Gold Mines GP INC.,Stationary Fuel Combustion,CO2,t,11630.365
12678,2023,Greenstone Mine,Geraldton,Ontario,49.66714,-86.92899,212220,Gold and Silver Ore Mining,Greenstone Gold Mines GP INC.,Industrial Processes,CO2,t,1040.8
12678,2023,Greenstone Mine,Geraldton,Ontario,49.66714,-86.92899,212220,Gold and Silver Ore Mining,Greenstone Gold Mines GP INC.,On-site Transportation,CO2,t,48667.2
12752,2023,Fayolle,Rouyn-Noranda,Quebec,48.25804621,-78.52513889,212220,Gold and Silver Ore Mining,Iamgold Corporation,On-site Transportation,CO2,t,2478.127
12841,2023,Goose Property,Goose Lake,Nunavut,65.54344,-106.43334,212220,Gold and Silver Ore Mining,B2Gold Back River Corp.,Stationary Fuel Combustion,CO2,t,17321.89
12841,2023,Goose Property,Goose Lake,Nunavut,65.54344,-106.43334,212220,Gold and Silver Ore Mining,B2Gold Back River Corp.,On-site Transportation,CO2,t,3442.307
12841,2023,Goose Property,Goose Lake,Nunavut,65.54344,-106.43334,212220,Gold and Silver Ore Mining,B2Gold Back River Corp.,Waste,CO2,t,255.182
10010,2023,Rio Tinto Alcan Inc.,Kitimat,British Columbia,54.00286,-128.69531,331313,Primary Production of Alumina and Aluminum,Rio Tinto Alcan Inc,Stationary Fuel Combustion,CH4,t,1.12
10010,2023,Rio Tinto Alcan Inc.,Kitimat,British Columbia,54.00286,-128.69531,331313,Primary Production of Alumina and Aluminum,Rio Tinto Alcan Inc,Industrial Processes,CH4,t,
10010,2023,Rio Tinto Alcan Inc.,Kitimat,British Columbia,54.00286,-128.69531,331313,Primary Production of Alumina and Aluminum,Rio Tinto Alcan Inc,On-site Transportation,CH4,t,1.51687
10011,2023,Algoma Steel Inc,Sault Ste. Marie,Ontario,46.5217,-84.3637,331110,Iron and Steel Mills and Ferro-Alloy Manufacturing,Algoma Steel Inc.,Flaring / Torchage,CH4,t,1.2
10011,2023,Algoma Steel Inc,Sault Ste. Marie,Ontario,46.5217,-84.3637,331110,Iron and Steel Mills and Ferro-Alloy Manufacturing,Algoma Steel Inc.,Stationary Fuel Combustion,CH4,t,15.544
10011,2023,Algoma Steel Inc,Sault Ste. Marie,Ontario,46.5217,-84.3637,331110,Iron and Steel Mills and Ferro-Alloy Manufacturing,Algoma Steel Inc.,Industrial Processes,CH4,t,379.3
10011,2023,Algoma Steel Inc,Sault Ste. Marie,Ontario,46.5217,-84.3637,331110,Iron and Steel Mills and Ferro-Alloy Manufacturing,Algoma Steel Inc.,On-site Transportation,CH4,t,2.9
10012,2023,Aluminerie Alouette inc.,Sept-Îles,Quebec,50.1583,-66.4416,331313,Primary Production of Alumina and Aluminum,Aluminerie Alouette inc.,Stationary Fuel Combustion,CH4,t,0.8652
10012,2023,Aluminerie Alouette inc.,Sept-Îles,Quebec,50.1583,-66.4416,331313,Primary Production of Alumina and Aluminum,Aluminerie Alouette inc.,Industrial Processes,CH4,t,
10012,2023,Aluminerie Alouette inc.,Sept-Îles,Quebec,50.1583,-66.4416,331313,Primary Production of Alumina and Aluminum,Aluminerie Alouette inc.,On-site Transportation,CH4,t,0.8126
10013,2023,Aluminerie de Baie-Comeau,BAIE-COMEAU,Quebec,49.2583,-68.1461,331313,Primary Production of Alumina and Aluminum,Ne pas prendre - Alcoa Canada Co.,Stationary Fuel Combustion,CH4,t,0.118
10013,2023,Aluminerie de Baie-Comeau,BAIE-COMEAU,Quebec,49.2583,-68.1461,331313,Primary Production of Alumina and Aluminum,Ne pas prendre - Alcoa Canada Co.,Industrial Processes,CH4,t,
10013,2023,Aluminerie de Baie-Comeau,BAIE-COMEAU,Quebec,49.2583,-68.1461,331313,Primary Production of Alumina and Aluminum,Ne pas prendre - Alcoa Canada Co.,On-site Transportation,CH4,t,0.392
10014,2023,Aluminerie de Bécancour inc.,Bécancour,Quebec,46.3829,-72.3874,331313,Primary Production of Alumina and Aluminum,Aluminerie de Bécancour inc.,Stationary Fuel Combustion,CH4,t,1.191
10014,2023,Aluminerie de Bécancour inc.,Bécancour,Quebec,46.3829,-72.3874,331313,Primary Production of Alumina and Aluminum,Aluminerie de Bécancour inc.,Industrial Processes,CH4,t,
10014,2023,Aluminerie de Bécancour inc.,Bécancour,Quebec,46.3829,-72.3874,331313,Primary Production of Alumina and Aluminum,Aluminerie de Bécancour inc.,On-site Transportation,CH4,t,0.4098
10052,2023,Carol Project,Labrador city,Newfoundland and Labrador,52.9565,-66.8936,212210,Iron Ore Mining,Iron Ore Company of Canada,Stationary Fuel Combustion,CH4,t,11.802626
10052,2023,Carol Project,Labrador city,Newfoundland and Labrador,52.9565,-66.8936,212210,Iron Ore Mining,Iron Ore Company of Canada,Industrial Processes,CH4,t,
10052,2023,Carol Project,Labrador city,Newfoundland and Labrador,52.9565,-66.8936,212210,Iron Ore Mining,Iron Ore Company of Canada,On-site Transportation,CH4,t,3.725748
10076,2023,Rio Tinto Fer et Titane inc.- Complexe  de Sorel-Tracy,Sorel-Tracy,Quebec,46.0475,-73.13778,331110,Iron and Steel Mills and Ferro-Alloy Manufacturing,Rio Tinto Fer et Titane inc.,Stationary Fuel Combustion,CH4,t,3.56
10076,2023,Rio Tinto Fer et Titane inc.- Complexe  de Sorel-Tracy,Sorel-Tracy,Quebec,46.0475,-73.13778,331110,Iron and Steel Mills and Ferro-Alloy Manufacturing,Rio Tinto Fer et Titane inc.,Industrial Processes,CH4,t,0.56
10076,2023,Rio Tinto Fer et Titane inc.- Complexe  de Sorel-Tracy,Sorel-Tracy,Quebec,46.0475,-73.13778,331110,Iron and Steel Mills and Ferro-Alloy Manufacturing,Rio Tinto Fer et Titane inc.,On-site Transportation,CH4,t,1.0
10091,2023,ArcelorMittal Dofasco,Hamilton,Ontario,43.2597,-79.8111,331110,Iron and Steel Mills and Ferro-Alloy Manufacturing,ArcelorMittal Canada MP Inc. and ArcelorMittal Canada Inc. partners in ArcelorMittal Dofasco G.P.,Stationary Fuel Combustion,CH4,t,31.83895
10091,2023,ArcelorMittal Dofasco,Hamilton,Ontario,43.2597,-79.8111,331110,Iron and Steel Mills and Ferro-Alloy Manufacturing,ArcelorMittal Canada MP Inc. and ArcelorMittal Canada Inc. partners in ArcelorMittal Dofasco G.P.,Industrial Processes,CH4,t,
10091,2023,ArcelorMittal Dofasco,Hamilton,Ontario,43.2597,-79.8111,331110,Iron and Steel Mills and Ferro-Alloy Manufacturing,ArcelorMittal Canada MP Inc. and ArcelorMittal Canada Inc. partners in ArcelorMittal Dofasco G.P.,On-site Transportation,CH4,t,0.669488
10103,2023,Elkem Métal Chicoutimi,Chicoutimi,Quebec,48.4124,-71.1307,331110,Iron and Steel Mills and Ferro-Alloy Manufacturing,Elkem Metal Canada Inc.,Stationary Fuel Combustion,CH4,t,0.01521
10103,2023,Elkem Métal Chicoutimi,Chicoutimi,Quebec,48.4124,-71.1307,331110,Iron and Steel Mills and Ferro-Alloy Manufacturing,Elkem Metal Canada Inc.,Industrial Processes,CH4,t,68.76
10103,2023,Elkem Métal Chicoutimi,Chicoutimi,Quebec,48.4124,-71.1307,331110,Iron and Steel Mills and Ferro-Alloy Manufacturing,Elkem Metal Canada Inc.,On-site Transportation,CH4,t,0.0149
10119,2023,Fort Saskatchewan,Fort Saskatchewan,Alberta,53.7217,-113.1917,331410,Non-Ferrous Metal (except Aluminum) Smelting and Refining,Sherritt International Corporation,Flaring / Torchage,CH4,t,5.8442
10119,2023,Fort Saskatchewan,Fort Saskatchewan,Alberta,53.7217,-113.1917,331410,Non-Ferrous Metal (except Aluminum) Smelting and Refining,Sherritt International Corporation,Stationary Fuel Combustion,CH4,t,4.2093
10119,2023,Fort Saskatchewan,Fort Saskatchewan,Alberta,53.7217,-113.1917,331410,Non-Ferrous Metal (except Aluminum) Smelting and Refining,Sherritt International Corporation,Industrial Processes,CH4,t,
10119,2023,Fort Saskatchewan,Fort Saskatchewan,Alberta,53.7217,-113.1917,331410,Non-Ferrous Metal (except Aluminum) Smelting and Refining,Sherritt International Corporation,On-site Transportation,CH4,t,0.3074
10119,2023,Fort Saskatchewan,Fort Saskatchewan,Alberta,53.7217,-113.1917,331410,Non-Ferrous Metal (except Aluminum) Smelting and Refining,Sherritt International Corporation,Venting / Évacuation,CH4,t,232.35927
10128,2023,"Gerdau Ameristeel Corporation, Whitby Mill",Whitby,Ontario,43.8578,-78.9097,331110,Iron and Steel Mills and Ferro-Alloy Manufacturing,Gerdau Ameristeel Corporation,Stationary Fuel Combustion,CH4,t,1.089164
10128,2023,"Gerdau Ameristeel Corporation, Whitby Mill",Whitby,Ontario,43.8578,-78.9097,331110,Iron and Steel Mills and Ferro-Alloy Manufacturing,Gerdau Ameristeel Corporation,Industrial Processes,CH4,t,
10128,2023,"Gerdau Ameristeel Corporation, Whitby Mill",Whitby,Ontario,43.8578,-78.9097,331110,Iron and Steel Mills and Ferro-Alloy Manufacturing,Gerdau Ameristeel Corporation,On-site Transportation,CH4,t,0.278552
10150,2023,EVRAZ Inc NA Canada - Regina Facilities,RM of Sherwood,Saskatchewan,50.5176,-104.6301,331110,Iron and Steel Mills and Ferro-Alloy Manufacturing,EVRAZ Inc NA Canada,Stationary Fuel Combustion,CH4,t,2.406601
10150,2023,EVRAZ Inc NA Canada - Regina Facilities,RM of Sherwood,Saskatchewan,50.5176,-104.6301,331110,Iron and Steel Mills and Ferro-Alloy Manufacturing,EVRAZ Inc NA Canada,Industrial Processes,CH4,t,0.0
10150,2023,EVRAZ Inc NA Canada - Regina Facilities,RM of Sherwood,Saskatchewan,50.5176,-104.6301,331110,Iron and Steel Mills and Ferro-Alloy Manufacturing,EVRAZ Inc NA Canada,On-site Transportation,CH4,t,0.530765
10164,2023,Kidd Metallurgical Site,Timmins/District of Cochrane,Ontario,48.57373,-81.09115,212233,Copper-Zinc Ore Mining,Glencore,Stationary Fuel Combustion,CH4,t,0.4045
10164,2023,Kidd Metallurgical Site,Timmins/District of Cochrane,Ontario,48.57373,-81.09115,212233,Copper-Zinc Ore Mining,Glencore,On-site Transportation,CH4,t,0.83601
10188,2023,Mine de Mont-Wright,Fermont,Quebec,52.76639,-67.33306,212210,Iron Ore Mining,ArcelorMittal Exploitation Minière Canada s.e.n.c.,Stationary Fuel Combustion,CH4,t,0.7046
10188,2023,Mine de Mont-Wright,Fermont,Quebec,52.76639,-67.33306,212210,Iron Ore Mining,ArcelorMittal Exploitation Minière Canada s.e.n.c.,Industrial Processes,CH4,t,
10188,2023,Mine de Mont-Wright,Fermont,Quebec,52.76639,-67.33306,212210,Iron Ore Mining,ArcelorMittal Exploitation Minière Canada s.e.n.c.,On-site Transportation,CH4,t,12.4656
10240,2023,Mine Raglan,Rivière-Koksoak,Quebec,61.6916,-73.6666,212232,Nickel-Copper Ore Mining,Glencore,Stationary Fuel Combustion,CH4,t,4.076889
10240,2023,Mine Raglan,Rivière-Koksoak,Quebec,61.6916,-73.6666,212232,Nickel-Copper Ore Mining,Glencore,Industrial Processes,CH4,t,0.000119
10240,2023,Mine Raglan,Rivière-Koksoak,Quebec,61.6916,-73.6666,212232,Nickel-Copper Ore Mining,Glencore,On-site Transportation,CH4,t,0.464529
10240,2023,Mine Raglan,Rivière-Koksoak,Quebec,61.6916,-73.6666,212232,Nickel-Copper Ore Mining,Glencore,Waste,CH4,t,24.860208
10240,2023,Mine Raglan,Rivière-Koksoak,Quebec,61.6916,-73.6666,212232,Nickel-Copper Ore Mining,Glencore,Wastewater,CH4,t,
10275,2023,Hamilton,Hamilton,Ontario,43.26438,-79.82723,331110,Iron and Steel Mills and Ferro-Alloy Manufacturing,Stelco Inc.,Flaring / Torchage,CH4,t,26.607
10275,2023,Hamilton,Hamilton,Ontario,43.26438,-79.82723,331110,Iron and Steel Mills and Ferro-Alloy Manufacturing,Stelco Inc.,Leakage / Fuites,CH4,t,782.414
10275,2023,Hamilton,Hamilton,Ontario,43.26438,-79.82723,331110,Iron and Steel Mills and Ferro-Alloy Manufacturing,Stelco Inc.,Stationary Fuel Combustion,CH4,t,11.5797
10275,2023,Hamilton,Hamilton,Ontario,43.26438,-79.82723,331110,Iron and Steel Mills and Ferro-Alloy Manufacturing,Stelco Inc.,On-site Transportation,CH4,t,0.1562
10275,2023,Hamilton,Hamilton,Ontario,43.26438,-79.82723,331110,Iron and Steel Mills and Ferro-Alloy Manufacturing,Stelco Inc.,Waste,CH4,t,0.5027
10275,2023,Hamilton,Hamilton,Ontario,43.26438,-79.82723,331110,Iron and Steel Mills and Ferro-Alloy Manufacturing,Stelco Inc.,Wastewater,CH4,t,0.3006
10276,2023,Lake Erie,Haldimand County,Ontario,42.81,-80.0967,331110,Iron and Steel Mills and Ferro-Alloy Manufacturing,Stelco Inc.,Leakage / Fuites,CH4,t,1011.938
10276,2023,Lake Erie,Haldimand County,Ontario,42.81,-80.0967,331110,Iron and Steel Mills and Ferro-Alloy Manufacturing,Stelco Inc.,Stationary Fuel Combustion,CH4,t,14.86505
10276,2023,Lake Erie,Haldimand County,Ontario,42.81,-80.0967,331110,Iron and Steel Mills and Ferro-Alloy Manufacturing,Stelco Inc.,Industrial Processes,CH4,t,
10276,2023,Lake Erie,Haldimand County,Ontario,42.81,-80.0967,331110,Iron and Steel Mills and Ferro-Alloy Manufacturing,Stelco Inc.,On-site Transportation,CH4,t,1.704
10289,2023,"Teck Metals Ltd, Trail Operations",Trail,British Columbia,49.10194,-117.71722,331410,Non-Ferrous Metal (except Aluminum) Smelting and Refining,"Teck Metals Ltd, Trail Operations",Leakage / Fuites,CH4,t,51.9602
10289,2023,"Teck Metals Ltd, Trail Operations",Trail,British Columbia,49.10194,-117.71722,331410,Non-Ferrous Metal (except Aluminum) Smelting and Refining,"Teck Metals Ltd, Trail Operations",Stationary Fuel Combustion,CH4,t,4.216837
10289,2023,"Teck Metals Ltd, Trail Operations",Trail,British Columbia,49.10194,-117.71722,331410,Non-Ferrous Metal (except Aluminum) Smelting and Refining,"Teck Metals Ltd, Trail Operations",Industrial Processes,CH4,t,
10289,2023,"Teck Metals Ltd, Trail Operations",Trail,British Columbia,49.10194,-117.71722,331410,Non-Ferrous Metal (except Aluminum) Smelting and Refining,"Teck Metals Ltd, Trail Operations",On-site Transportation,CH4,t,1.04384
10295,2023,Usine Alma,Alma,Quebec,48.5837,-71.6889,331313,Primary Production of Alumina and Aluminum,Rio Tinto Alcan Inc,Stationary Fuel Combustion,CH4,t,1.34
10295,2023,Usine Alma,Alma,Quebec,48.5837,-71.6889,331313,Primary Production of Alumina and Aluminum,Rio Tinto Alcan Inc,Industrial Processes,CH4,t,
10295,2023,Usine Alma,Alma,Quebec,48.5837,-71.6889,331313,Primary Production of Alumina and Aluminum,Rio Tinto Alcan Inc,On-site Transportation,CH4,t,0.2781
10296,2023,Usine Arvida,Saguenay,Quebec,48.4274,-71.1599,331313,Primary Production of Alumina and Aluminum,Rio Tinto Alcan Inc,Stationary Fuel Combustion,CH4,t,0.5354
10296,2023,Usine Arvida,Saguenay,Quebec,48.4274,-71.1599,331313,Primary Production of Alumina and Aluminum,Rio Tinto Alcan Inc,Industrial Processes,CH4,t,
10296,2023,Usine Arvida,Saguenay,Quebec,48.4274,-71.1599,331313,Primary Production of Alumina and Aluminum,Rio Tinto Alcan Inc,On-site Transportation,CH4,t,0.34378
10299,2023,Usine de Bouletage de Port-Cartier,Port-Cartier,Quebec,50.0334,-66.791,212210,Iron Ore Mining,ArcelorMittal Exploitation Minière Canada s.e.n.c.,Stationary Fuel Combustion,CH4,t,11.7706
10299,2023,Usine de Bouletage de Port-Cartier,Port-Cartier,Quebec,50.0334,-66.791,212210,Iron Ore Mining,ArcelorMittal Exploitation Minière Canada s.e.n.c.,Industrial Processes,CH4,t,0.0
10299,2023,Usine de Bouletage de Port-Cartier,Port-Cartier,Quebec,50.0334,-66.791,212210,Iron Ore Mining,ArcelorMittal Exploitation Minière Canada s.e.n.c.,On-site Transportation,CH4,t,0.0158
10300,2023,Aluminerie de Deschambault,DESCHAMBAULT,Quebec,46.69317,-71.94488,331313,Primary Production of Alumina and Aluminum,Compagnie de gestion Alcoa - Lauralco,Stationary Fuel Combustion,CH4,t,0.65
10300,2023,Aluminerie de Deschambault,DESCHAMBAULT,Quebec,46.69317,-71.94488,331313,Primary Production of Alumina and Aluminum,Compagnie de gestion Alcoa - Lauralco,Industrial Processes,CH4,t,
10300,2023,Aluminerie de Deschambault,DESCHAMBAULT,Quebec,46.69317,-71.94488,331313,Primary Production of Alumina and Aluminum,Compagnie de gestion Alcoa - Lauralco,On-site Transportation,CH4,t,0.13
10306,2023,Usine Grande-Baie,LA BAIE,Quebec,48.1821,-70.5536,331313,Primary Production of Alumina and Aluminum,Rio Tinto Alcan Inc,Stationary Fuel Combustion,CH4,t,1.27629
10306,2023,Usine Grande-Baie,LA BAIE,Quebec,48.1821,-70.5536,331313,Primary Production of Alumina and Aluminum,Rio Tinto Alcan Inc,Industrial Processes,CH4,t,
10306,2023,Usine Grande-Baie,LA BAIE,Quebec,48.1821,-70.5536,331313,Primary Production of Alumina and Aluminum,Rio Tinto Alcan Inc,On-site Transportation,CH4,t,0.1583
10307,2023,Usine Laterrière,Laterriere,Quebec,48.3007,-71.1289,331313,Primary Production of Alumina and Aluminum,Rio Tinto Alcan Inc,Stationary Fuel Combustion,CH4,t,0.32123
10307,2023,Usine Laterrière,Laterriere,Quebec,48.3007,-71.1289,331313,Primary Production of Alumina and Aluminum,Rio Tinto Alcan Inc,Industrial Processes,CH4,t,
10307,2023,Usine Laterrière,Laterriere,Quebec,48.3007,-71.1289,331313,Primary Production of Alumina and Aluminum,Rio Tinto Alcan Inc,On-site Transportation,CH4,t,0.107
10350,2023,Wabush Mines - Scully,Wabush,Newfoundland and Labrador,52.907,-66.9105,212210,Iron Ore Mining,Tacora Resources Inc.,Stationary Fuel Combustion,CH4,t,2.9254
10350,2023,Wabush Mines - Scully,Wabush,Newfoundland and Labrador,52.907,-66.9105,212210,Iron Ore Mining,Tacora Resources Inc.,Industrial Processes,CH4,t,
10350,2023,Wabush Mines - Scully,Wabush,Newfoundland and Labrador,52.907,-66.9105,212210,Iron Ore Mining,Tacora Resources Inc.,On-site Transportation,CH4,t,1.5378
10369,2023,ArcelorMittal Contrecoeur Ouest,Contrecoeur,Quebec,45.8206,-73.2661,331110,Iron and Steel Mills and Ferro-Alloy Manufacturing,ArcelorMittal Produits Longs Canada s.e.n.c,Stationary Fuel Combustion,CH4,t,0.6745
10369,2023,ArcelorMittal Contrecoeur Ouest,Contrecoeur,Quebec,45.8206,-73.2661,331110,Iron and Steel Mills and Ferro-Alloy Manufacturing,ArcelorMittal Produits Longs Canada s.e.n.c,Industrial Processes,CH4,t,0.246
10369,2023,ArcelorMittal Contrecoeur Ouest,Contrecoeur,Quebec,45.8206,-73.2661,331110,Iron and Steel Mills and Ferro-Alloy Manufacturing,ArcelorMittal Produits Longs Canada s.e.n.c,On-site Transportation,CH4,t,0.09712
10385,2023,Teck Highland Valley Copper Partnership,Logan Lake,British Columbia,50.47235,-121.02132,212233,Copper-Zinc Ore Mining,Teck Highland Valley Copper Partnership,Stationary Fuel Combustion,CH4,t,0.2503
10385,2023,Teck Highland Valley Copper Partnership,Logan Lake,British Columbia,50.47235,-121.02132,212233,Copper-Zinc Ore Mining,Teck Highland Valley Copper Partnership,On-site Transportation,CH4,t,8.0724
10398,2023,Sudbury Integrated Nickel Operations Smelter,Falconbridge,Ontario,46.5775,-80.8042,331410,Non-Ferrous Metal (except Aluminum) Smelting and Refining,Glencore Canada Corporation,Leakage / Fuites,CH4,t,0.054
10398,2023,Sudbury Integrated Nickel Operations Smelter,Falconbridge,Ontario,46.5775,-80.8042,331410,Non-Ferrous Metal (except Aluminum) Smelting and Refining,Glencore Canada Corporation,Stationary Fuel Combustion,CH4,t,0.429
10398,2023,Sudbury Integrated Nickel Operations Smelter,Falconbridge,Ontario,46.5775,-80.8042,331410,Non-Ferrous Metal (except Aluminum) Smelting and Refining,Glencore Canada Corporation,Industrial Processes,CH4,t,
10398,2023,Sudbury Integrated Nickel Operations Smelter,Falconbridge,Ontario,46.5775,-80.8042,331410,Non-Ferrous Metal (except Aluminum) Smelting and Refining,Glencore Canada Corporation,On-site Transportation,CH4,t,0.5199
10420,2023,AltaSteel Inc.,Edmonton,Alberta,53.5291,-113.3875,331110,Iron and Steel Mills and Ferro-Alloy Manufacturing,AltaSteel Inc.,Stationary Fuel Combustion,CH4,t,1.096879
10420,2023,AltaSteel Inc.,Edmonton,Alberta,53.5291,-113.3875,331110,Iron and Steel Mills and Ferro-Alloy Manufacturing,AltaSteel Inc.,Industrial Processes,CH4,t,
10420,2023,AltaSteel Inc.,Edmonton,Alberta,53.5291,-113.3875,331110,Iron and Steel Mills and Ferro-Alloy Manufacturing,AltaSteel Inc.,On-site Transportation,CH4,t,0.206085
10468,2023,Musselwhite Mine,"N/A Concession, Kenora District",Ontario,52.60389,-90.36806,212220,Gold and Silver Ore Mining,GOLDCORP CANADA LTD,Stationary Fuel Combustion,CH4,t,0.4023
10468,2023,Musselwhite Mine,"N/A Concession, Kenora District",Ontario,52.60389,-90.36806,212220,Gold and Silver Ore Mining,GOLDCORP CANADA LTD,Industrial Processes,CH4,t,
10468,2023,Musselwhite Mine,"N/A Concession, Kenora District",Ontario,52.60389,-90.36806,212220,Gold and Silver Ore Mining,GOLDCORP CANADA LTD,On-site Transportation,CH4,t,1.22034
10468,2023,Musselwhite Mine,"N/A Concession, Kenora District",Ontario,52.60389,-90.36806,212220,Gold and Silver Ore Mining,GOLDCORP CANADA LTD,Waste,CH4,t,0.004825
10569,2023,Thompson Operations,Thompson,Manitoba,55.7138,-97.8561,212232,Nickel-Copper Ore Mining,Vale Canada Ltd,Stationary Fuel Combustion,CH4,t,0.14742
10569,2023,Thompson Operations,Thompson,Manitoba,55.7138,-97.8561,212232,Nickel-Copper Ore Mining,Vale Canada Ltd,On-site Transportation,CH4,t,0.4233
10569,2023,Thompson Operations,Thompson,Manitoba,55.7138,-97.8561,212232,Nickel-Copper Ore Mining,Vale Canada Ltd,Waste,CH4,t,2.21687
10570,2023,Voisey's Bay Mine Site,HAPPY VALLEY-GOOSE BAY,Newfoundland and Labrador,56.33826,-62.09508,212232,Nickel-Copper Ore Mining,Vale Newfoundland and Labrador Limited,Stationary Fuel Combustion,CH4,t,7.000135
10570,2023,Voisey's Bay Mine Site,HAPPY VALLEY-GOOSE BAY,Newfoundland and Labrador,56.33826,-62.09508,212232,Nickel-Copper Ore Mining,Vale Newfoundland and Labrador Limited,On-site Transportation,CH4,t,2.003
10578,2023,"Glencore Canada Corporation, CCR refinery",MONTRÉAL-EST,Quebec,45.6283,-73.5125,331410,Non-Ferrous Metal (except Aluminum) Smelting and Refining,Glencore Canada Corporation,Stationary Fuel Combustion,CH4,t,1.1491
10578,2023,"Glencore Canada Corporation, CCR refinery",MONTRÉAL-EST,Quebec,45.6283,-73.5125,331410,Non-Ferrous Metal (except Aluminum) Smelting and Refining,Glencore Canada Corporation,Industrial Processes,CH4,t,
10578,2023,"Glencore Canada Corporation, CCR refinery",MONTRÉAL-EST,Quebec,45.6283,-73.5125,331410,Non-Ferrous Metal (except Aluminum) Smelting and Refining,Glencore Canada Corporation,On-site Transportation,CH4,t,0.0746
10579,2023,Glencore Canada Corporation - Fonderie Horne,Rouyn-Noranda,Quebec,48.25417,-79.01667,331410,Non-Ferrous Metal (except Aluminum) Smelting and Refining,Glencore Canada Corporation,Stationary Fuel Combustion,CH4,t,0.98621
10579,2023,Glencore Canada Corporation - Fonderie Horne,Rouyn-Noranda,Quebec,48.25417,-79.01667,331410,Non-Ferrous Metal (except Aluminum) Smelting and Refining,Glencore Canada Corporation,Industrial Processes,CH4,t,
10579,2023,Glencore Canada Corporation - Fonderie Horne,Rouyn-Noranda,Quebec,48.25417,-79.01667,331410,Non-Ferrous Metal (except Aluminum) Smelting and Refining,Glencore Canada Corporation,On-site Transportation,CH4,t,0.743517
10580,2023,Sudbury Operations Mines Mill - Onaping Area,Onaping,Ontario,46.67417,-81.3425,212232,Nickel-Copper Ore Mining,Glencore Canada Corporation,Stationary Fuel Combustion,CH4,t,0.323
10580,2023,Sudbury Operations Mines Mill - Onaping Area,Onaping,Ontario,46.67417,-81.3425,212232,Nickel-Copper Ore Mining,Glencore Canada Corporation,Industrial Processes,CH4,t,
10580,2023,Sudbury Operations Mines Mill - Onaping Area,Onaping,Ontario,46.67417,-81.3425,212232,Nickel-Copper Ore Mining,Glencore Canada Corporation,On-site Transportation,CH4,t,0.47
10580,2023,Sudbury Operations Mines Mill - Onaping Area,Onaping,Ontario,46.67417,-81.3425,212232,Nickel-Copper Ore Mining,Glencore Canada Corporation,Waste,CH4,t,32.829
10587,2023,Division Meadowbank,BAKER LAKE,Nunavut,65.0149,-96.0524,212220,Gold and Silver Ore Mining,Agnico Eagle Mines Ltd.  (DO NOT USE),Stationary Fuel Combustion,CH4,t,3.254608
10587,2023,Division Meadowbank,BAKER LAKE,Nunavut,65.0149,-96.0524,212220,Gold and Silver Ore Mining,Agnico Eagle Mines Ltd.  (DO NOT USE),Industrial Processes,CH4,t,
10587,2023,Division Meadowbank,BAKER LAKE,Nunavut,65.0149,-96.0524,212220,Gold and Silver Ore Mining,Agnico Eagle Mines Ltd.  (DO NOT USE),On-site Transportation,CH4,t,3.649348
10587,2023,Division Meadowbank,BAKER LAKE,Nunavut,65.0149,-96.0524,212220,Gold and Silver Ore Mining,Agnico Eagle Mines Ltd.  (DO NOT USE),Waste,CH4,t,0.646606
10589,2023,Mine de Fire Lake,Mont-Wright,Quebec,52.35028,-67.36917,212210,Iron Ore Mining,ArcelorMittal Exploitation Minière Canada s.e.n.c.,Stationary Fuel Combustion,CH4,t,0.2087
10589,2023,Mine de Fire Lake,Mont-Wright,Quebec,52.35028,-67.36917,212210,Iron Ore Mining,ArcelorMittal Exploitation Minière Canada s.e.n.c.,Industrial Processes,CH4,t,
10589,2023,Mine de Fire Lake,Mont-Wright,Quebec,52.35028,-67.36917,212210,Iron Ore Mining,ArcelorMittal Exploitation Minière Canada s.e.n.c.,On-site Transportation,CH4,t,2.1658
10613,2023,Mount Polley Mine,Likely,British Columbia,52.5443,-121.6328,212299,All Other Metal Ore Mining,Imperial Metals Corporation,Stationary Fuel Combustion,CH4,t,0.0146
10613,2023,Mount Polley Mine,Likely,British Columbia,52.5443,-121.6328,212299,All Other Metal Ore Mining,Imperial Metals Corporation,On-site Transportation,CH4,t,3.5057
10614,2023,Ivaco Rolling Mills,L'Orignal,Ontario,45.6133,-74.705,331110,Iron and Steel Mills and Ferro-Alloy Manufacturing,Ivaco Rolling Mills 2004 L. P.,Stationary Fuel Combustion,CH4,t,1.179237
10614,2023,Ivaco Rolling Mills,L'Orignal,Ontario,45.6133,-74.705,331110,Iron and Steel Mills and Ferro-Alloy Manufacturing,Ivaco Rolling Mills 2004 L. P.,Industrial Processes,CH4,t,
10614,2023,Ivaco Rolling Mills,L'Orignal,Ontario,45.6133,-74.705,331110,Iron and Steel Mills and Ferro-Alloy Manufacturing,Ivaco Rolling Mills 2004 L. P.,On-site Transportation,CH4,t,0.83797
10617,2023,Macassa Mine,Kirkland Lake,Ontario,48.14611,-80.06056,212220,Gold and Silver Ore Mining,Agnico Eagle Mines Limited (MAIN),Stationary Fuel Combustion,CH4,t,0.3813
10617,2023,Macassa Mine,Kirkland Lake,Ontario,48.14611,-80.06056,212220,Gold and Silver Ore Mining,Agnico Eagle Mines Limited (MAIN),On-site Transportation,CH4,t,1.1007
10617,2023,Macassa Mine,Kirkland Lake,Ontario,48.14611,-80.06056,212220,Gold and Silver Ore Mining,Agnico Eagle Mines Limited (MAIN),Waste,CH4,t,0.0341
10643,2023,Tenaris Algoma Tubes,Sault Ste. Marie,Ontario,46.5297,-84.3688,331210,Iron and Steel Pipes and Tubes Manufacturing from Purchased Steel,Algoma Tubes Inc.,Stationary Fuel Combustion,CH4,t,1.65
10643,2023,Tenaris Algoma Tubes,Sault Ste. Marie,Ontario,46.5297,-84.3688,331210,Iron and Steel Pipes and Tubes Manufacturing from Purchased Steel,Algoma Tubes Inc.,On-site Transportation,CH4,t,0.27
10647,2023,Tree Island Industries Ltd.,Richmond,British Columbia,49.1875,-122.95916,331222,Steel Wire Drawing,Tree Island Industries Ltd,Stationary Fuel Combustion,CH4,t,0.24
10647,2023,Tree Island Industries Ltd.,Richmond,British Columbia,49.1875,-122.95916,331222,Steel Wire Drawing,Tree Island Industries Ltd,On-site Transportation,CH4,t,0.023
10657,2023,Quebec Silicon LP,Bécancour,Quebec,46.3712,-72.3881,331110,Iron and Steel Mills and Ferro-Alloy Manufacturing,Silicium Québec SEC,Leakage / Fuites,CH4,t,13.82
10657,2023,Quebec Silicon LP,Bécancour,Quebec,46.3712,-72.3881,331110,Iron and Steel Mills and Ferro-Alloy Manufacturing,Silicium Québec SEC,Stationary Fuel Combustion,CH4,t,4.870096
10657,2023,Quebec Silicon LP,Bécancour,Quebec,46.3712,-72.3881,331110,Iron and Steel Mills and Ferro-Alloy Manufacturing,Silicium Québec SEC,Industrial Processes,CH4,t,59.398
10657,2023,Quebec Silicon LP,Bécancour,Quebec,46.3712,-72.3881,331110,Iron and Steel Mills and Ferro-Alloy Manufacturing,Silicium Québec SEC,On-site Transportation,CH4,t,0.038419
10657,2023,Quebec Silicon LP,Bécancour,Quebec,46.3712,-72.3881,331110,Iron and Steel Mills and Ferro-Alloy Manufacturing,Silicium Québec SEC,Wastewater,CH4,t,0.3309
10669,2023,Mine Canadian Malartic,Malartic,Quebec,48.12451,-78.12927,212220,Gold and Silver Ore Mining,Agnico Eagle Mines Limited (MAIN),Stationary Fuel Combustion,CH4,t,0.42515
10669,2023,Mine Canadian Malartic,Malartic,Quebec,48.12451,-78.12927,212220,Gold and Silver Ore Mining,Agnico Eagle Mines Limited (MAIN),Industrial Processes,CH4,t,0.292
10669,2023,Mine Canadian Malartic,Malartic,Quebec,48.12451,-78.12927,212220,Gold and Silver Ore Mining,Agnico Eagle Mines Limited (MAIN),On-site Transportation,CH4,t,4.9144
10678,2023,"Gerdau Ameristeel Corporation, Manitoba Mill",Selkirk,Manitoba,50.1302,-96.9013,331110,Iron and Steel Mills and Ferro-Alloy Manufacturing,Gerdau Ameristeel Corporation,Stationary Fuel Combustion,CH4,t,0.6936
10678,2023,"Gerdau Ameristeel Corporation, Manitoba Mill",Selkirk,Manitoba,50.1302,-96.9013,331110,Iron and Steel Mills and Ferro-Alloy Manufacturing,Gerdau Ameristeel Corporation,Industrial Processes,CH4,t,0.0
10678,2023,"Gerdau Ameristeel Corporation, Manitoba Mill",Selkirk,Manitoba,50.1302,-96.9013,331110,Iron and Steel Mills and Ferro-Alloy Manufacturing,Gerdau Ameristeel Corporation,On-site Transportation,CH4,t,0.692262
10679,2023,Gibraltar Mine (SFO),MCLEESE LAKE,British Columbia,52.5299,-122.2851,212233,Copper-Zinc Ore Mining,Gibraltar Mines Ltd.,Stationary Fuel Combustion,CH4,t,0.187125
10679,2023,Gibraltar Mine (SFO),MCLEESE LAKE,British Columbia,52.5299,-122.2851,212233,Copper-Zinc Ore Mining,Gibraltar Mines Ltd.,On-site Transportation,CH4,t,5.738607
10681,2023,Hope Bay Project,CAMBRIDGE BAY,Nunavut,68.13925,-106.61072,212220,Gold and Silver Ore Mining,TMAC Resources Inc.,Stationary Fuel Combustion,CH4,t,0.539303
10681,2023,Hope Bay Project,CAMBRIDGE BAY,Nunavut,68.13925,-106.61072,212220,Gold and Silver Ore Mining,TMAC Resources Inc.,Industrial Processes,CH4,t,
10681,2023,Hope Bay Project,CAMBRIDGE BAY,Nunavut,68.13925,-106.61072,212220,Gold and Silver Ore Mining,TMAC Resources Inc.,On-site Transportation,CH4,t,0.147619
10681,2023,Hope Bay Project,CAMBRIDGE BAY,Nunavut,68.13925,-106.61072,212220,Gold and Silver Ore Mining,TMAC Resources Inc.,Waste,CH4,t,0.01955
10681,2023,Hope Bay Project,CAMBRIDGE BAY,Nunavut,68.13925,-106.61072,212220,Gold and Silver Ore Mining,TMAC Resources Inc.,Wastewater,CH4,t,0.010017
10722,2023,Mine du Lac Bloom,Fermont,Quebec,52.85235,-67.25387,212210,Iron Ore Mining,MINERAI DE FER QUÉBEC INC.,Stationary Fuel Combustion,CH4,t,0.234
10722,2023,Mine du Lac Bloom,Fermont,Quebec,52.85235,-67.25387,212210,Iron Ore Mining,MINERAI DE FER QUÉBEC INC.,Industrial Processes,CH4,t,
10722,2023,Mine du Lac Bloom,Fermont,Quebec,52.85235,-67.25387,212210,Iron Ore Mining,MINERAI DE FER QUÉBEC INC.,On-site Transportation,CH4,t,2.8397
10738,2023,"Gerdau Ameristeel Corporation, Cambridge Mill",Cambridge,Ontario,43.3706,-80.284,331110,Iron and Steel Mills and Ferro-Alloy Manufacturing,Gerdau Ameristeel Corporation,Stationary Fuel Combustion,CH4,t,0.592605
10738,2023,"Gerdau Ameristeel Corporation, Cambridge Mill",Cambridge,Ontario,43.3706,-80.284,331110,Iron and Steel Mills and Ferro-Alloy Manufacturing,Gerdau Ameristeel Corporation,On-site Transportation,CH4,t,0.0069
10765,2023,Detour Lake Project,Cochrane,Ontario,50.0171,-79.70393,212220,Gold and Silver Ore Mining,Agnico Eagle Mines Limited (MAIN),Stationary Fuel Combustion,CH4,t,0.19718
10765,2023,Detour Lake Project,Cochrane,Ontario,50.0171,-79.70393,212220,Gold and Silver Ore Mining,Agnico Eagle Mines Limited (MAIN),On-site Transportation,CH4,t,17.9708
10765,2023,Detour Lake Project,Cochrane,Ontario,50.0171,-79.70393,212220,Gold and Silver Ore Mining,Agnico Eagle Mines Limited (MAIN),Waste,CH4,t,137.4867
10765,2023,Detour Lake Project,Cochrane,Ontario,50.0171,-79.70393,212220,Gold and Silver Ore Mining,Agnico Eagle Mines Limited (MAIN),Wastewater,CH4,t,
10785,2023,Myra Falls Mine Ltd.,Campbell River,British Columbia,49.57694,-125.60194,212233,Copper-Zinc Ore Mining,Myra Falls Mine Ltd,Stationary Fuel Combustion,CH4,t,2.1501
10791,2023,Aluminerie Arvida - Centre technologique AP60,Jonquière,Quebec,48.43193,-71.15674,331313,Primary Production of Alumina and Aluminum,Rio Tinto Alcan Inc,Stationary Fuel Combustion,CH4,t,0.051
10791,2023,Aluminerie Arvida - Centre technologique AP60,Jonquière,Quebec,48.43193,-71.15674,331313,Primary Production of Alumina and Aluminum,Rio Tinto Alcan Inc,Industrial Processes,CH4,t,
10791,2023,Aluminerie Arvida - Centre technologique AP60,Jonquière,Quebec,48.43193,-71.15674,331313,Primary Production of Alumina and Aluminum,Rio Tinto Alcan Inc,On-site Transportation,CH4,t,0.1016
10810,2023,Long Harbour Operations,Long Harbour,Newfoundland and Labrador,47.40889,-53.81167,331410,Non-Ferrous Metal (except Aluminum) Smelting and Refining,Vale Newfoundland and Labrador Limited,Stationary Fuel Combustion,CH4,t,1.0
10810,2023,Long Harbour Operations,Long Harbour,Newfoundland and Labrador,47.40889,-53.81167,331410,Non-Ferrous Metal (except Aluminum) Smelting and Refining,Vale Newfoundland and Labrador Limited,Industrial Processes,CH4,t,
10810,2023,Long Harbour Operations,Long Harbour,Newfoundland and Labrador,47.40889,-53.81167,331410,Non-Ferrous Metal (except Aluminum) Smelting and Refining,Vale Newfoundland and Labrador Limited,On-site Transportation,CH4,t,0.13
10835,2023,Mary River Mine Site,,Nunavut,71.3146,-79.28194,212210,Iron Ore Mining,Baffinland Iron Mines Corporation,Stationary Fuel Combustion,CH4,t,0.68891
10835,2023,Mary River Mine Site,,Nunavut,71.3146,-79.28194,212210,Iron Ore Mining,Baffinland Iron Mines Corporation,On-site Transportation,CH4,t,1.71291
10835,2023,Mary River Mine Site,,Nunavut,71.3146,-79.28194,212210,Iron Ore Mining,Baffinland Iron Mines Corporation,Waste,CH4,t,
10835,2023,Mary River Mine Site,,Nunavut,71.3146,-79.28194,212210,Iron Ore Mining,Baffinland Iron Mines Corporation,Wastewater,CH4,t,0.01022
10857,2023,Williams Mine,MARATHON,Ontario,48.6942,-85.9188,212220,Gold and Silver Ore Mining,Williams Operating Corporation,Stationary Fuel Combustion,CH4,t,0.151
10857,2023,Williams Mine,MARATHON,Ontario,48.6942,-85.9188,212220,Gold and Silver Ore Mining,Williams Operating Corporation,On-site Transportation,CH4,t,1.1823
10863,2023,Meliadine Gold Project,Rankin Inlet,Nunavut,63.22417,-92.13417,212220,Gold and Silver Ore Mining,Agnico Eagle Mines Limited (DO NOT USE),Stationary Fuel Combustion,CH4,t,2.631517
10863,2023,Meliadine Gold Project,Rankin Inlet,Nunavut,63.22417,-92.13417,212220,Gold and Silver Ore Mining,Agnico Eagle Mines Limited (DO NOT USE),Industrial Processes,CH4,t,
10863,2023,Meliadine Gold Project,Rankin Inlet,Nunavut,63.22417,-92.13417,212220,Gold and Silver Ore Mining,Agnico Eagle Mines Limited (DO NOT USE),On-site Transportation,CH4,t,1.23136
10863,2023,Meliadine Gold Project,Rankin Inlet,Nunavut,63.22417,-92.13417,212220,Gold and Silver Ore Mining,Agnico Eagle Mines Limited (DO NOT USE),Waste,CH4,t,3.946029
10873,2023,Brucejack Gold Mine,Stewart,British Columbia,56.46624,-130.18596,212220,Gold and Silver Ore Mining,Pretium Resources Inc.,Stationary Fuel Combustion,CH4,t,0.233
10873,2023,Brucejack Gold Mine,Stewart,British Columbia,56.46624,-130.18596,212220,Gold and Silver Ore Mining,Pretium Resources Inc.,On-site Transportation,CH4,t,2.421
10873,2023,Brucejack Gold Mine,Stewart,British Columbia,56.46624,-130.18596,212220,Gold and Silver Ore Mining,Pretium Resources Inc.,Wastewater,CH4,t,
10890,2023,Seabee,Saskatoon,Saskatchewan,55.241,-103.2255,212220,Gold and Silver Ore Mining,SGO Mining Inc.,Stationary Fuel Combustion,CH4,t,0.07
10890,2023,Seabee,Saskatoon,Saskatchewan,55.241,-103.2255,212220,Gold and Silver Ore Mining,SGO Mining Inc.,Industrial Processes,CH4,t,
10890,2023,Seabee,Saskatoon,Saskatchewan,55.241,-103.2255,212220,Gold and Silver Ore Mining,SGO Mining Inc.,On-site Transportation,CH4,t,0.2446
10890,2023,Seabee,Saskatoon,Saskatchewan,55.241,-103.2255,212220,Gold and Silver Ore Mining,SGO Mining Inc.,Waste,CH4,t,9.713
10900,2023,Milne Port Site,,Nunavut,71.88444,-80.88611,212210,Iron Ore Mining,Baffinland Iron Mines Corporation,Stationary Fuel Combustion,CH4,t,0.50604
10900,2023,Milne Port Site,,Nunavut,71.88444,-80.88611,212210,Iron Ore Mining,Baffinland Iron Mines Corporation,On-site Transportation,CH4,t,1.63958
10900,2023,Milne Port Site,,Nunavut,71.88444,-80.88611,212210,Iron Ore Mining,Baffinland Iron Mines Corporation,Waste,CH4,t,
10900,2023,Milne Port Site,,Nunavut,71.88444,-80.88611,212210,Iron Ore Mining,Baffinland Iron Mines Corporation,Wastewater,CH4,t,0.00402
10903,2023,SOCIÉTÉ EN COMMANDITE REVENU NORANDA - VALLEYFIELD,Salaberry de Valleyfield,Quebec,45.2281,-74.1031,331410,Non-Ferrous Metal (except Aluminum) Smelting and Refining,Société en commandite Revenu Noranda,Stationary Fuel Combustion,CH4,t,0.9845
10903,2023,SOCIÉTÉ EN COMMANDITE REVENU NORANDA - VALLEYFIELD,Salaberry de Valleyfield,Quebec,45.2281,-74.1031,331410,Non-Ferrous Metal (except Aluminum) Smelting and Refining,Société en commandite Revenu Noranda,Industrial Processes,CH4,t,
10903,2023,SOCIÉTÉ EN COMMANDITE REVENU NORANDA - VALLEYFIELD,Salaberry de Valleyfield,Quebec,45.2281,-74.1031,331410,Non-Ferrous Metal (except Aluminum) Smelting and Refining,Société en commandite Revenu Noranda,On-site Transportation,CH4,t,0.070586
10904,2023,Casa Berardi,Municipalité Eeyou Istchee Baie-James,Quebec,49.3357,-79.1646,212220,Gold and Silver Ore Mining,Hecla Québec Inc.,Stationary Fuel Combustion,CH4,t,0.059
10904,2023,Casa Berardi,Municipalité Eeyou Istchee Baie-James,Quebec,49.3357,-79.1646,212220,Gold and Silver Ore Mining,Hecla Québec Inc.,On-site Transportation,CH4,t,3.247
10907,2023,La Mine Niobec,Saint-Honoré,Quebec,48.5322,-71.1578,212299,All Other Metal Ore Mining,Magris Ressources,Stationary Fuel Combustion,CH4,t,0.102
10907,2023,La Mine Niobec,Saint-Honoré,Quebec,48.5322,-71.1578,212299,All Other Metal Ore Mining,Magris Ressources,On-site Transportation,CH4,t,0.3
10908,2023,McClean Lake Operations,Saskatoon,Saskatchewan,58.25,-103.91694,212291,Uranium Ore Mining,Orano Canada Inc.,Stationary Fuel Combustion,CH4,t,0.308795
10908,2023,McClean Lake Operations,Saskatoon,Saskatchewan,58.25,-103.91694,212291,Uranium Ore Mining,Orano Canada Inc.,Industrial Processes,CH4,t,
10908,2023,McClean Lake Operations,Saskatoon,Saskatchewan,58.25,-103.91694,212291,Uranium Ore Mining,Orano Canada Inc.,On-site Transportation,CH4,t,0.0485
10908,2023,McClean Lake Operations,Saskatoon,Saskatchewan,58.25,-103.91694,212291,Uranium Ore Mining,Orano Canada Inc.,Waste,CH4,t,17.77
10908,2023,McClean Lake Operations,Saskatoon,Saskatchewan,58.25,-103.91694,212291,Uranium Ore Mining,Orano Canada Inc.,Wastewater,CH4,t,2.3563
10911,2023,La mine Doyon,Preissac,Quebec,48.2591,-78.5254,212220,Gold and Silver Ore Mining,Iamgold Corporation,Stationary Fuel Combustion,CH4,t,0.061
10911,2023,La mine Doyon,Preissac,Quebec,48.2591,-78.5254,212220,Gold and Silver Ore Mining,Iamgold Corporation,On-site Transportation,CH4,t,0.674
10912,2023,Timmins Micronizing Plant,Timmins,Ontario,48.4745,-81.318,212398,All Other Non-Metallic Mineral Mining and Quarrying,Magris Talc Canada Inc.,Stationary Fuel Combustion,CH4,t,0.243225
10912,2023,Timmins Micronizing Plant,Timmins,Ontario,48.4745,-81.318,212398,All Other Non-Metallic Mineral Mining and Quarrying,Magris Talc Canada Inc.,On-site Transportation,CH4,t,0.007036
10913,2023,Key Lake Operation,Saskatoon,Saskatchewan,57.21194,-105.67861,212291,Uranium Ore Mining,Cameco Corporation,Stationary Fuel Combustion,CH4,t,0.5133
10913,2023,Key Lake Operation,Saskatoon,Saskatchewan,57.21194,-105.67861,212291,Uranium Ore Mining,Cameco Corporation,Industrial Processes,CH4,t,
10913,2023,Key Lake Operation,Saskatoon,Saskatchewan,57.21194,-105.67861,212291,Uranium Ore Mining,Cameco Corporation,On-site Transportation,CH4,t,1.4747
10913,2023,Key Lake Operation,Saskatoon,Saskatchewan,57.21194,-105.67861,212291,Uranium Ore Mining,Cameco Corporation,Waste,CH4,t,45.325
10913,2023,Key Lake Operation,Saskatoon,Saskatchewan,57.21194,-105.67861,212291,Uranium Ore Mining,Cameco Corporation,Wastewater,CH4,t,1.4886
10917,2023,Island Gold Mine,Dubreuilville,Ontario,48.35028,-84.55278,212220,Gold and Silver Ore Mining,Alamos Gold Incorporated,Stationary Fuel Combustion,CH4,t,0.071
10917,2023,Island Gold Mine,Dubreuilville,Ontario,48.35028,-84.55278,212220,Gold and Silver Ore Mining,Alamos Gold Incorporated,Industrial Processes,CH4,t,
10917,2023,Island Gold Mine,Dubreuilville,Ontario,48.35028,-84.55278,212220,Gold and Silver Ore Mining,Alamos Gold Incorporated,On-site Transportation,CH4,t,2.528
10917,2023,Island Gold Mine,Dubreuilville,Ontario,48.35028,-84.55278,212220,Gold and Silver Ore Mining,Alamos Gold Incorporated,Waste,CH4,t,0.046
10921,2023,HBMS Chisel Lake Mine,Snow Lake,Manitoba,54.83,-100.12,212233,Copper-Zinc Ore Mining,Hudbay Minerals,Stationary Fuel Combustion,CH4,t,0.2049
10921,2023,HBMS Chisel Lake Mine,Snow Lake,Manitoba,54.83,-100.12,212233,Copper-Zinc Ore Mining,Hudbay Minerals,On-site Transportation,CH4,t,0.891
10922,2023,McArthur River Operation,Saskatoon,Saskatchewan,57.75556,-105.065,212291,Uranium Ore Mining,Cameco Corporation,Stationary Fuel Combustion,CH4,t,0.2915
10922,2023,McArthur River Operation,Saskatoon,Saskatchewan,57.75556,-105.065,212291,Uranium Ore Mining,Cameco Corporation,Industrial Processes,CH4,t,
10922,2023,McArthur River Operation,Saskatoon,Saskatchewan,57.75556,-105.065,212291,Uranium Ore Mining,Cameco Corporation,On-site Transportation,CH4,t,1.0728
10922,2023,McArthur River Operation,Saskatoon,Saskatchewan,57.75556,-105.065,212291,Uranium Ore Mining,Cameco Corporation,Waste,CH4,t,4.515
10922,2023,McArthur River Operation,Saskatoon,Saskatchewan,57.75556,-105.065,212291,Uranium Ore Mining,Cameco Corporation,Wastewater,CH4,t,1.7386
10923,2023,Cigar Lake Operation,Sasktoon,Saskatchewan,58.0676,-104.542,212291,Uranium Ore Mining,Cameco Corporation,Stationary Fuel Combustion,CH4,t,0.2042
10923,2023,Cigar Lake Operation,Sasktoon,Saskatchewan,58.0676,-104.542,212291,Uranium Ore Mining,Cameco Corporation,Industrial Processes,CH4,t,
10923,2023,Cigar Lake Operation,Sasktoon,Saskatchewan,58.0676,-104.542,212291,Uranium Ore Mining,Cameco Corporation,On-site Transportation,CH4,t,1.5461
10923,2023,Cigar Lake Operation,Sasktoon,Saskatchewan,58.0676,-104.542,212291,Uranium Ore Mining,Cameco Corporation,Waste,CH4,t,4.812
10923,2023,Cigar Lake Operation,Sasktoon,Saskatchewan,58.0676,-104.542,212291,Uranium Ore Mining,Cameco Corporation,Wastewater,CH4,t,2.2389
10924,2023,Porcupine Gold Mines,South Porcupine,Ontario,48.46306,-81.2475,212220,Gold and Silver Ore Mining,GOLDCORP CANADA LTD,Stationary Fuel Combustion,CH4,t,0.208
10924,2023,Porcupine Gold Mines,South Porcupine,Ontario,48.46306,-81.2475,212220,Gold and Silver Ore Mining,GOLDCORP CANADA LTD,Industrial Processes,CH4,t,
10924,2023,Porcupine Gold Mines,South Porcupine,Ontario,48.46306,-81.2475,212220,Gold and Silver Ore Mining,GOLDCORP CANADA LTD,On-site Transportation,CH4,t,3.905
10926,2023,Impala Canada Ltd.,Thunder Bay,Ontario,49.16168,-89.61435,212299,All Other Metal Ore Mining,Impala Canada Ltd.,Stationary Fuel Combustion,CH4,t,0.299
10926,2023,Impala Canada Ltd.,Thunder Bay,Ontario,49.16168,-89.61435,212299,All Other Metal Ore Mining,Impala Canada Ltd.,On-site Transportation,CH4,t,2.885
10929,2023,Lake Shore Gold Timmins West Mine,Timmins,Ontario,48.384,-81.5575,212220,Gold and Silver Ore Mining,Lake Shore Gold,Stationary Fuel Combustion,CH4,t,0.0774
10929,2023,Lake Shore Gold Timmins West Mine,Timmins,Ontario,48.384,-81.5575,212220,Gold and Silver Ore Mining,Lake Shore Gold,On-site Transportation,CH4,t,0.229
10930,2023,McEwen Ontario Black Fox Mine,Matheson,Ontario,48.3,-80.21,212220,Gold and Silver Ore Mining,McEwen Mining,Stationary Fuel Combustion,CH4,t,0.0811
10930,2023,McEwen Ontario Black Fox Mine,Matheson,Ontario,48.3,-80.21,212220,Gold and Silver Ore Mining,McEwen Mining,On-site Transportation,CH4,t,0.51
10931,2023,Bell Creek Complex,Porcupine,Ontario,48.5523,-81.173,212220,Gold and Silver Ore Mining,Lake Shore Gold,Stationary Fuel Combustion,CH4,t,0.08608
10931,2023,Bell Creek Complex,Porcupine,Ontario,48.5523,-81.173,212220,Gold and Silver Ore Mining,Lake Shore Gold,On-site Transportation,CH4,t,0.21
11046,2023,Great Lakes Copper Ltd.,London,Ontario,43.0233,-81.1842,331420,"Copper Rolling, Drawing, Extruding and Alloying",Great Lakes Copper Ltd.,Stationary Fuel Combustion,CH4,t,0.201321
11046,2023,Great Lakes Copper Ltd.,London,Ontario,43.0233,-81.1842,331420,"Copper Rolling, Drawing, Extruding and Alloying",Great Lakes Copper Ltd.,On-site Transportation,CH4,t,0.036056
11095,2023,INFASCO,Marieville,Quebec,45.431,-73.1673,331221,Cold-Rolled Steel Shape Manufacturing,Ifastgroupe,Stationary Fuel Combustion,CH4,t,0.377
11095,2023,INFASCO,Marieville,Quebec,45.431,-73.1673,331221,Cold-Rolled Steel Shape Manufacturing,Ifastgroupe,On-site Transportation,CH4,t,0.0907
11128,2023,Sivaco Québec,Marieville,Quebec,45.4372,-73.1676,331222,Steel Wire Drawing,Groupe des tréfileries Sivaco 2004,Stationary Fuel Combustion,CH4,t,0.212
11128,2023,Sivaco Québec,Marieville,Quebec,45.4372,-73.1676,331222,Steel Wire Drawing,Groupe des tréfileries Sivaco 2004,On-site Transportation,CH4,t,0.053
11231,2023,ArcelorMittal Longueuil,Longueuil,Quebec,45.5663,-73.4579,331110,Iron and Steel Mills and Ferro-Alloy Manufacturing,ArcelorMittal Produits Longs Canada s.e.n.c,Stationary Fuel Combustion,CH4,t,0.485
11231,2023,ArcelorMittal Longueuil,Longueuil,Quebec,45.5663,-73.4579,331110,Iron and Steel Mills and Ferro-Alloy Manufacturing,ArcelorMittal Produits Longs Canada s.e.n.c,On-site Transportation,CH4,t,0.0023
11361,2023,Welded Tube (Q&T Plant),Welland,Ontario,42.97077,-79.21057,331210,Iron and Steel Pipes and Tubes Manufacturing from Purchased Steel,Welded Tube of Canada Corp,Stationary Fuel Combustion,CH4,t,0.23441
11361,2023,Welded Tube (Q&T Plant),Welland,Ontario,42.97077,-79.21057,331210,Iron and Steel Pipes and Tubes Manufacturing from Purchased Steel,Welded Tube of Canada Corp,On-site Transportation,CH4,t,0.117174
11368,2023,Valbruna ASW Inc.,Welland,Ontario,42.99864,-79.23453,331110,Iron and Steel Mills and Ferro-Alloy Manufacturing,Valbruna ASW Inc.,Stationary Fuel Combustion,CH4,t,0.2778
11368,2023,Valbruna ASW Inc.,Welland,Ontario,42.99864,-79.23453,331110,Iron and Steel Mills and Ferro-Alloy Manufacturing,Valbruna ASW Inc.,Industrial Processes,CH4,t,
11368,2023,Valbruna ASW Inc.,Welland,Ontario,42.99864,-79.23453,331110,Iron and Steel Mills and Ferro-Alloy Manufacturing,Valbruna ASW Inc.,On-site Transportation,CH4,t,0.0594
11375,2023,Young-Davidson,Matachewan,Ontario,47.94722,-80.67722,212220,Gold and Silver Ore Mining,Alamos Gold Incorporated,Stationary Fuel Combustion,CH4,t,0.227
11375,2023,Young-Davidson,Matachewan,Ontario,47.94722,-80.67722,212220,Gold and Silver Ore Mining,Alamos Gold Incorporated,On-site Transportation,CH4,t,0.587
11382,2023,Projet Nunavik Nickel,Kattiniq,Quebec,61.3239,-73.3234,212232,Nickel-Copper Ore Mining,Canadian Royalties inc.,Stationary Fuel Combustion,CH4,t,4.745063
11382,2023,Projet Nunavik Nickel,Kattiniq,Quebec,61.3239,-73.3234,212232,Nickel-Copper Ore Mining,Canadian Royalties inc.,Industrial Processes,CH4,t,
11382,2023,Projet Nunavik Nickel,Kattiniq,Quebec,61.3239,-73.3234,212232,Nickel-Copper Ore Mining,Canadian Royalties inc.,On-site Transportation,CH4,t,1.86
11390,2023,Fonderie Bibby Sainte-Croix,Sainte-Croix,Quebec,46.6236,-71.7361,331511,Iron Foundries,Canada Pipe Co Ltd.,Stationary Fuel Combustion,CH4,t,0.183
11390,2023,Fonderie Bibby Sainte-Croix,Sainte-Croix,Quebec,46.6236,-71.7361,331511,Iron Foundries,Canada Pipe Co Ltd.,Industrial Processes,CH4,t,0.13
11390,2023,Fonderie Bibby Sainte-Croix,Sainte-Croix,Quebec,46.6236,-71.7361,331511,Iron Foundries,Canada Pipe Co Ltd.,On-site Transportation,CH4,t,0.081
11496,2023,Rainy River Mine,Emo,Ontario,48.848,-94.003,212220,Gold and Silver Ore Mining,New Gold Inc.,Stationary Fuel Combustion,CH4,t,0.221
11496,2023,Rainy River Mine,Emo,Ontario,48.848,-94.003,212220,Gold and Silver Ore Mining,New Gold Inc.,Industrial Processes,CH4,t,
11496,2023,Rainy River Mine,Emo,Ontario,48.848,-94.003,212220,Gold and Silver Ore Mining,New Gold Inc.,On-site Transportation,CH4,t,8.918
11723,2023,Port Colborne Refinery,Port Colborne,Ontario,42.8826,-79.2405,331410,Non-Ferrous Metal (except Aluminum) Smelting and Refining,Vale Canada Ltd,Stationary Fuel Combustion,CH4,t,0.2055
11723,2023,Port Colborne Refinery,Port Colborne,Ontario,42.8826,-79.2405,331410,Non-Ferrous Metal (except Aluminum) Smelting and Refining,Vale Canada Ltd,Industrial Processes,CH4,t,
11723,2023,Port Colborne Refinery,Port Colborne,Ontario,42.8826,-79.2405,331410,Non-Ferrous Metal (except Aluminum) Smelting and Refining,Vale Canada Ltd,On-site Transportation,CH4,t,0.05844
11730,2023,Usine Vaudreuil,Jonquière,Quebec,48.4257,-71.1718,331313,Primary Production of Alumina and Aluminum,Rio Tinto Alcan Inc,Stationary Fuel Combustion,CH4,t,7.9702
11730,2023,Usine Vaudreuil,Jonquière,Quebec,48.4257,-71.1718,331313,Primary Production of Alumina and Aluminum,Rio Tinto Alcan Inc,Industrial Processes,CH4,t,
11730,2023,Usine Vaudreuil,Jonquière,Quebec,48.4257,-71.1718,331313,Primary Production of Alumina and Aluminum,Rio Tinto Alcan Inc,On-site Transportation,CH4,t,0.30147
11734,2023,DSO Timmins Project,Menihek,Newfoundland and Labrador,54.88945,-67.0842,212210,Iron Ore Mining,Tata Steel Minerals Canada,Stationary Fuel Combustion,CH4,t,0.795
11734,2023,DSO Timmins Project,Menihek,Newfoundland and Labrador,54.88945,-67.0842,212210,Iron Ore Mining,Tata Steel Minerals Canada,On-site Transportation,CH4,t,0.641
11736,2023,North American Lithium,La Corne,Quebec,48.40579,-77.82782,212299,All Other Metal Ore Mining,North American Lithium inc.,Stationary Fuel Combustion,CH4,t,0.1123
11736,2023,North American Lithium,La Corne,Quebec,48.40579,-77.82782,212299,All Other Metal Ore Mining,North American Lithium inc.,On-site Transportation,CH4,t,2.071
11736,2023,North American Lithium,La Corne,Quebec,48.40579,-77.82782,212299,All Other Metal Ore Mining,North American Lithium inc.,Waste,CH4,t,0.09
11736,2023,North American Lithium,La Corne,Quebec,48.40579,-77.82782,212299,All Other Metal Ore Mining,North American Lithium inc.,Wastewater,CH4,t,0.04
11750,2023,ARCELORMITTAL WINDSOR A DIVISION OF ARCELORMITTAL DOFASCO G.P.,Windsor,Ontario,42.2605,-83.1002,331110,Iron and Steel Mills and Ferro-Alloy Manufacturing,ArcelorMittal Canada MP Inc. and ArcelorMittal Canada Inc. partners in ArcelorMittal Dofasco G.P.,Stationary Fuel Combustion,CH4,t,0.527799
11765,2023,ArcelorMittal long Products Canada - Hamilton East,Hamilton,Ontario,43.2625,-79.7857,331222,Steel Wire Drawing,ArcelorMittal long Products Canada G.P.,Stationary Fuel Combustion,CH4,t,0.296442
11765,2023,ArcelorMittal long Products Canada - Hamilton East,Hamilton,Ontario,43.2625,-79.7857,331222,Steel Wire Drawing,ArcelorMittal long Products Canada G.P.,On-site Transportation,CH4,t,0.103
11766,2023,Sil Industrial Minerals Lamont Plant,Bruderheim,Alberta,53.9063,-112.92419,212398,All Other Non-Metallic Mineral Mining and Quarrying,543077 Alberta Ltd.,Stationary Fuel Combustion,CH4,t,0.3095
11766,2023,Sil Industrial Minerals Lamont Plant,Bruderheim,Alberta,53.9063,-112.92419,212398,All Other Non-Metallic Mineral Mining and Quarrying,543077 Alberta Ltd.,On-site Transportation,CH4,t,0.2791
11767,2023,Rio Tinto Fer et Titane inc. - HAVRE-SAINT-PIERRE,Havre-Saint-Pierre,Quebec,50.2435,-63.6064,212210,Iron Ore Mining,Rio Tinto Fer et Titane inc.,Stationary Fuel Combustion,CH4,t,0.11
11767,2023,Rio Tinto Fer et Titane inc. - HAVRE-SAINT-PIERRE,Havre-Saint-Pierre,Quebec,50.2435,-63.6064,212210,Iron Ore Mining,Rio Tinto Fer et Titane inc.,Industrial Processes,CH4,t,
11767,2023,Rio Tinto Fer et Titane inc. - HAVRE-SAINT-PIERRE,Havre-Saint-Pierre,Quebec,50.2435,-63.6064,212210,Iron Ore Mining,Rio Tinto Fer et Titane inc.,On-site Transportation,CH4,t,1.12
11770,2023,Division Goldex,Val-d'Or,Quebec,48.0923,-77.874,212220,Gold and Silver Ore Mining,Agnico-Eagle Mines Lted (DO NOT USE),Stationary Fuel Combustion,CH4,t,0.085
11770,2023,Division Goldex,Val-d'Or,Quebec,48.0923,-77.874,212220,Gold and Silver Ore Mining,Agnico-Eagle Mines Lted (DO NOT USE),On-site Transportation,CH4,t,0.502
11794,2023,Division Laronde,Preissac,Quebec,48.2375,-78.3958,212220,Gold and Silver Ore Mining,MINES AGNICO EAGLE LIMITEE (DO NOT USE),Stationary Fuel Combustion,CH4,t,0.294074
11794,2023,Division Laronde,Preissac,Quebec,48.2375,-78.3958,212220,Gold and Silver Ore Mining,MINES AGNICO EAGLE LIMITEE (DO NOT USE),Industrial Processes,CH4,t,0.001046
11794,2023,Division Laronde,Preissac,Quebec,48.2375,-78.3958,212220,Gold and Silver Ore Mining,MINES AGNICO EAGLE LIMITEE (DO NOT USE),On-site Transportation,CH4,t,1.514101
11804,2023,Mine Éléonore,Rouyn-Noranda,Quebec,52.42083,-76.04389,212220,Gold and Silver Ore Mining,Goldcorp Canada Ltd,Stationary Fuel Combustion,CH4,t,0.184
11804,2023,Mine Éléonore,Rouyn-Noranda,Quebec,52.42083,-76.04389,212220,Gold and Silver Ore Mining,Goldcorp Canada Ltd,Industrial Processes,CH4,t,
11804,2023,Mine Éléonore,Rouyn-Noranda,Quebec,52.42083,-76.04389,212220,Gold and Silver Ore Mining,Goldcorp Canada Ltd,On-site Transportation,CH4,t,1.354
11827,2023,IKO Madoc,MADOC,Ontario,44.4961,-77.5348,212398,All Other Non-Metallic Mineral Mining and Quarrying,IKO Industries Ltd.,Stationary Fuel Combustion,CH4,t,0.405344
11827,2023,IKO Madoc,MADOC,Ontario,44.4961,-77.5348,212398,All Other Non-Metallic Mineral Mining and Quarrying,IKO Industries Ltd.,On-site Transportation,CH4,t,0.1092
11878,2023,Max Aicher (North America) Limited,Hamilton,Ontario,43.26654,-79.82236,331221,Cold-Rolled Steel Shape Manufacturing,Max Aicher (North America) Limited,Stationary Fuel Combustion,CH4,t,0.3953
11894,2023,Copper Mountain Mine,Princeton,British Columbia,49.34556,-120.51,212233,Copper-Zinc Ore Mining,Copper Mountain Mine (BC) Ltd.,Stationary Fuel Combustion,CH4,t,0.07623
11894,2023,Copper Mountain Mine,Princeton,British Columbia,49.34556,-120.51,212233,Copper-Zinc Ore Mining,Copper Mountain Mine (BC) Ltd.,On-site Transportation,CH4,t,4.644
11894,2023,Copper Mountain Mine,Princeton,British Columbia,49.34556,-120.51,212233,Copper-Zinc Ore Mining,Copper Mountain Mine (BC) Ltd.,Waste,CH4,t,2.962
11951,2023,Red Lake Operation,Balmertown,Ontario,51.0597,-93.74407,212220,Gold and Silver Ore Mining,Evolution Mining,Stationary Fuel Combustion,CH4,t,0.3332
11951,2023,Red Lake Operation,Balmertown,Ontario,51.0597,-93.74407,212220,Gold and Silver Ore Mining,Evolution Mining,Industrial Processes,CH4,t,
11951,2023,Red Lake Operation,Balmertown,Ontario,51.0597,-93.74407,212220,Gold and Silver Ore Mining,Evolution Mining,On-site Transportation,CH4,t,1.0971
11951,2023,Red Lake Operation,Balmertown,Ontario,51.0597,-93.74407,212220,Gold and Silver Ore Mining,Evolution Mining,Waste,CH4,t,0.577721
11989,2023,ArcelorMittal Contrecoeur Est,Contrecoeur,Quebec,45.82055,-73.26362,331110,Iron and Steel Mills and Ferro-Alloy Manufacturing,ArcelorMittal Produits Longs Canada s.e.n.c,Stationary Fuel Combustion,CH4,t,2.060673
11989,2023,ArcelorMittal Contrecoeur Est,Contrecoeur,Quebec,45.82055,-73.26362,331110,Iron and Steel Mills and Ferro-Alloy Manufacturing,ArcelorMittal Produits Longs Canada s.e.n.c,Industrial Processes,CH4,t,16.4448
11989,2023,ArcelorMittal Contrecoeur Est,Contrecoeur,Quebec,45.82055,-73.26362,331110,Iron and Steel Mills and Ferro-Alloy Manufacturing,ArcelorMittal Produits Longs Canada s.e.n.c,On-site Transportation,CH4,t,0.40789
12009,2023,NATT Tools Group Inc.,Hamilton,Ontario,43.2663,-79.829,331221,Cold-Rolled Steel Shape Manufacturing,NATT Tools Group Inc.,Stationary Fuel Combustion,CH4,t,0.174
12009,2023,NATT Tools Group Inc.,Hamilton,Ontario,43.2663,-79.829,331221,Cold-Rolled Steel Shape Manufacturing,NATT Tools Group Inc.,On-site Transportation,CH4,t,0.0005
12010,2023,Touquoy Mine,Middle Musquodoboit,Nova Scotia,44.97361,-62.91917,212220,Gold and Silver Ore Mining,St Barbara Limited,Stationary Fuel Combustion,CH4,t,0.029734
12010,2023,Touquoy Mine,Middle Musquodoboit,Nova Scotia,44.97361,-62.91917,212220,Gold and Silver Ore Mining,St Barbara Limited,Industrial Processes,CH4,t,
12010,2023,Touquoy Mine,Middle Musquodoboit,Nova Scotia,44.97361,-62.91917,212220,Gold and Silver Ore Mining,St Barbara Limited,On-site Transportation,CH4,t,0.293607
12112,2023,Silvertip Mine,Vancouver,British Columbia,53.72667,-127.64762,212231,Lead-Zinc Ore Mining,Coeur Silvertip Holdings Ltd.,Stationary Fuel Combustion,CH4,t,2.4049
12112,2023,Silvertip Mine,Vancouver,British Columbia,53.72667,-127.64762,212231,Lead-Zinc Ore Mining,Coeur Silvertip Holdings Ltd.,On-site Transportation,CH4,t,0.3452
12182,2023,Toronto Facility,Mississauga,Ontario,43.6022,-79.5811,331490,"Non-Ferrous Metal (except Copper and Aluminum) Rolling, Drawing, Extruding and Alloying",Terrapure BR Ltd.,Stationary Fuel Combustion,CH4,t,0.17
12182,2023,Toronto Facility,Mississauga,Ontario,43.6022,-79.5811,331490,"Non-Ferrous Metal (except Copper and Aluminum) Rolling, Drawing, Extruding and Alloying",Terrapure BR Ltd.,Industrial Processes,CH4,t,
12182,2023,Toronto Facility,Mississauga,Ontario,43.6022,-79.5811,331490,"Non-Ferrous Metal (except Copper and Aluminum) Rolling, Drawing, Extruding and Alloying",Terrapure BR Ltd.,On-site Transportation,CH4,t,0.006
12184,2023,Site Windfall,Lebel-sur-Quévillon,Quebec,49.07366,-75.6518,213119,Other Support Activities for Mining,Groupe Minier Windfall,Stationary Fuel Combustion,CH4,t,1.0058
12184,2023,Site Windfall,Lebel-sur-Quévillon,Quebec,49.07366,-75.6518,213119,Other Support Activities for Mining,Groupe Minier Windfall,Industrial Processes,CH4,t,
12298,2023,"Copper Cliff Mining, Smelting and Refining Complex",Copper Cliff,Ontario,46.4786,-81.0553,331410,Non-Ferrous Metal (except Aluminum) Smelting and Refining,Vale Canada Limited,Stationary Fuel Combustion,CH4,t,4.21316
12298,2023,"Copper Cliff Mining, Smelting and Refining Complex",Copper Cliff,Ontario,46.4786,-81.0553,331410,Non-Ferrous Metal (except Aluminum) Smelting and Refining,Vale Canada Limited,Industrial Processes,CH4,t,
12298,2023,"Copper Cliff Mining, Smelting and Refining Complex",Copper Cliff,Ontario,46.4786,-81.0553,331410,Non-Ferrous Metal (except Aluminum) Smelting and Refining,Vale Canada Limited,On-site Transportation,CH4,t,3.770054
12304,2023,Eagle River Mill,Wawa,Ontario,48.10601,-85.42365,212220,Gold and Silver Ore Mining,Wesdome Gold Mines Ltd.,Stationary Fuel Combustion,CH4,t,0.081
12304,2023,Eagle River Mill,Wawa,Ontario,48.10601,-85.42365,212220,Gold and Silver Ore Mining,Wesdome Gold Mines Ltd.,On-site Transportation,CH4,t,1.887
12304,2023,Eagle River Mill,Wawa,Ontario,48.10601,-85.42365,212220,Gold and Silver Ore Mining,Wesdome Gold Mines Ltd.,Waste,CH4,t,0.001
12404,2023,Eldorado Gold (Québec) Inc.,Val-d'Or,Quebec,48.63633,-77.45517,212220,Gold and Silver Ore Mining,Eldorado Gold (Québec) Inc.,Stationary Fuel Combustion,CH4,t,0.0507
12404,2023,Eldorado Gold (Québec) Inc.,Val-d'Or,Quebec,48.63633,-77.45517,212220,Gold and Silver Ore Mining,Eldorado Gold (Québec) Inc.,On-site Transportation,CH4,t,0.83
12459,2023,Eagle Gold Mine,Vancouver,British Columbia,64.02,-135.81839,212220,Gold and Silver Ore Mining,Victoria Gold Corp.,Stationary Fuel Combustion,CH4,t,0.263
12459,2023,Eagle Gold Mine,Vancouver,British Columbia,64.02,-135.81839,212220,Gold and Silver Ore Mining,Victoria Gold Corp.,On-site Transportation,CH4,t,3.9937
12466,2023,Côté Gold,Gogama,Ontario,47.55556,-81.94055,212220,Gold and Silver Ore Mining,Iamgold Corporation,Stationary Fuel Combustion,CH4,t,0.052
12466,2023,Côté Gold,Gogama,Ontario,47.55556,-81.94055,212220,Gold and Silver Ore Mining,Iamgold Corporation,On-site Transportation,CH4,t,15.225
12553,2023,Red Chris Mine,Dease Lake,British Columbia,57.72573,-129.76764,212220,Gold and Silver Ore Mining,NEWCREST RED CHRIS MINING LIMITED,Stationary Fuel Combustion,CH4,t,0.0763
12553,2023,Red Chris Mine,Dease Lake,British Columbia,57.72573,-129.76764,212220,Gold and Silver Ore Mining,NEWCREST RED CHRIS MINING LIMITED,On-site Transportation,CH4,t,6.9372
12555,2023,Moly-Cop Canada,Kamloops,British Columbia,50.65726,-120.09649,331511,Iron Foundries,Moly-Cop Canada,Stationary Fuel Combustion,CH4,t,0.428721
12555,2023,Moly-Cop Canada,Kamloops,British Columbia,50.65726,-120.09649,331511,Iron Foundries,Moly-Cop Canada,On-site Transportation,CH4,t,0.001652
12678,2023,Greenstone Mine,Geraldton,Ontario,49.66714,-86.92899,212220,Gold and Silver Ore Mining,Greenstone Gold Mines GP INC.,Stationary Fuel Combustion,CH4,t,0.3497
12678,2023,Greenstone Mine,Geraldton,Ontario,49.66714,-86.92899,212220,Gold and Silver Ore Mining,Greenstone Gold Mines GP INC.,Industrial Processes,CH4,t,
12678,2023,Greenstone Mine,Geraldton,Ontario,49.66714,-86.92899,212220,Gold and Silver Ore Mining,Greenstone Gold Mines GP INC.,On-site Transportation,CH4,t,4.418
12752,2023,Fayolle,Rouyn-Noranda,Quebec,48.25804621,-78.52513889,212220,Gold and Silver Ore Mining,Iamgold Corporation,On-site Transportation,CH4,t,0.14
12841,2023,Goose Property,Goose Lake,Nunavut,65.54344,-106.43334,212220,Gold and Silver Ore Mining,B2Gold Back River Corp.,Stationary Fuel Combustion,CH4,t,0.50095
12841,2023,Goose Property,Goose Lake,Nunavut,65.54344,-106.43334,212220,Gold and Silver Ore Mining,B2Gold Back River Corp.,On-site Transportation,CH4,t,0.09373
12841,2023,Goose Property,Goose Lake,Nunavut,65.54344,-106.43334,212220,Gold and Silver Ore Mining,B2Gold Back River Corp.,Waste,CH4,t,1.32232
10010,2023,Rio Tinto Alcan Inc.,Kitimat,British Columbia,54.00286,-128.69531,331313,Primary Production of Alumina and Aluminum,Rio Tinto Alcan Inc,Stationary Fuel Combustion,N2O,t,1.001
10010,2023,Rio Tinto Alcan Inc.,Kitimat,British Columbia,54.00286,-128.69531,331313,Primary Production of Alumina and Aluminum,Rio Tinto Alcan Inc,Industrial Processes,N2O,t,
10010,2023,Rio Tinto Alcan Inc.,Kitimat,British Columbia,54.00286,-128.69531,331313,Primary Production of Alumina and Aluminum,Rio Tinto Alcan Inc,On-site Transportation,N2O,t,0.071252
10011,2023,Algoma Steel Inc,Sault Ste. Marie,Ontario,46.5217,-84.3637,331110,Iron and Steel Mills and Ferro-Alloy Manufacturing,Algoma Steel Inc.,Flaring / Torchage,N2O,t,0.00322
10011,2023,Algoma Steel Inc,Sault Ste. Marie,Ontario,46.5217,-84.3637,331110,Iron and Steel Mills and Ferro-Alloy Manufacturing,Algoma Steel Inc.,Stationary Fuel Combustion,N2O,t,13.8237
10011,2023,Algoma Steel Inc,Sault Ste. Marie,Ontario,46.5217,-84.3637,331110,Iron and Steel Mills and Ferro-Alloy Manufacturing,Algoma Steel Inc.,Industrial Processes,N2O,t,
10011,2023,Algoma Steel Inc,Sault Ste. Marie,Ontario,46.5217,-84.3637,331110,Iron and Steel Mills and Ferro-Alloy Manufacturing,Algoma Steel Inc.,On-site Transportation,N2O,t,1.87
10012,2023,Aluminerie Alouette inc.,Sept-Îles,Quebec,50.1583,-66.4416,331313,Primary Production of Alumina and Aluminum,Aluminerie Alouette inc.,Stationary Fuel Combustion,N2O,t,0.9476
10012,2023,Aluminerie Alouette inc.,Sept-Îles,Quebec,50.1583,-66.4416,331313,Primary Production of Alumina and Aluminum,Aluminerie Alouette inc.,Industrial Processes,N2O,t,
10012,2023,Aluminerie Alouette inc.,Sept-Îles,Quebec,50.1583,-66.4416,331313,Primary Production of Alumina and Aluminum,Aluminerie Alouette inc.,On-site Transportation,N2O,t,1.4116
10013,2023,Aluminerie de Baie-Comeau,BAIE-COMEAU,Quebec,49.2583,-68.1461,331313,Primary Production of Alumina and Aluminum,Ne pas prendre - Alcoa Canada Co.,Stationary Fuel Combustion,N2O,t,0.557
10013,2023,Aluminerie de Baie-Comeau,BAIE-COMEAU,Quebec,49.2583,-68.1461,331313,Primary Production of Alumina and Aluminum,Ne pas prendre - Alcoa Canada Co.,Industrial Processes,N2O,t,24.771
10013,2023,Aluminerie de Baie-Comeau,BAIE-COMEAU,Quebec,49.2583,-68.1461,331313,Primary Production of Alumina and Aluminum,Ne pas prendre - Alcoa Canada Co.,On-site Transportation,N2O,t,0.221
10014,2023,Aluminerie de Bécancour inc.,Bécancour,Quebec,46.3829,-72.3874,331313,Primary Production of Alumina and Aluminum,Aluminerie de Bécancour inc.,Stationary Fuel Combustion,N2O,t,1.062
10014,2023,Aluminerie de Bécancour inc.,Bécancour,Quebec,46.3829,-72.3874,331313,Primary Production of Alumina and Aluminum,Aluminerie de Bécancour inc.,Industrial Processes,N2O,t,
10014,2023,Aluminerie de Bécancour inc.,Bécancour,Quebec,46.3829,-72.3874,331313,Primary Production of Alumina and Aluminum,Aluminerie de Bécancour inc.,On-site Transportation,N2O,t,1.2353
10052,2023,Carol Project,Labrador city,Newfoundland and Labrador,52.9565,-66.8936,212210,Iron Ore Mining,Iron Ore Company of Canada,Stationary Fuel Combustion,N2O,t,6.670616
10052,2023,Carol Project,Labrador city,Newfoundland and Labrador,52.9565,-66.8936,212210,Iron Ore Mining,Iron Ore Company of Canada,Industrial Processes,N2O,t,
10052,2023,Carol Project,Labrador city,Newfoundland and Labrador,52.9565,-66.8936,212210,Iron Ore Mining,Iron Ore Company of Canada,On-site Transportation,N2O,t,11.707492
10076,2023,Rio Tinto Fer et Titane inc.- Complexe  de Sorel-Tracy,Sorel-Tracy,Quebec,46.0475,-73.13778,331110,Iron and Steel Mills and Ferro-Alloy Manufacturing,Rio Tinto Fer et Titane inc.,Stationary Fuel Combustion,N2O,t,3.19
10076,2023,Rio Tinto Fer et Titane inc.- Complexe  de Sorel-Tracy,Sorel-Tracy,Quebec,46.0475,-73.13778,331110,Iron and Steel Mills and Ferro-Alloy Manufacturing,Rio Tinto Fer et Titane inc.,Industrial Processes,N2O,t,0.0
10076,2023,Rio Tinto Fer et Titane inc.- Complexe  de Sorel-Tracy,Sorel-Tracy,Quebec,46.0475,-73.13778,331110,Iron and Steel Mills and Ferro-Alloy Manufacturing,Rio Tinto Fer et Titane inc.,On-site Transportation,N2O,t,3.83
10091,2023,ArcelorMittal Dofasco,Hamilton,Ontario,43.2597,-79.8111,331110,Iron and Steel Mills and Ferro-Alloy Manufacturing,ArcelorMittal Canada MP Inc. and ArcelorMittal Canada Inc. partners in ArcelorMittal Dofasco G.P.,Stationary Fuel Combustion,N2O,t,24.076683
10091,2023,ArcelorMittal Dofasco,Hamilton,Ontario,43.2597,-79.8111,331110,Iron and Steel Mills and Ferro-Alloy Manufacturing,ArcelorMittal Canada MP Inc. and ArcelorMittal Canada Inc. partners in ArcelorMittal Dofasco G.P.,Industrial Processes,N2O,t,
10091,2023,ArcelorMittal Dofasco,Hamilton,Ontario,43.2597,-79.8111,331110,Iron and Steel Mills and Ferro-Alloy Manufacturing,ArcelorMittal Canada MP Inc. and ArcelorMittal Canada Inc. partners in ArcelorMittal Dofasco G.P.,On-site Transportation,N2O,t,0.226177
10103,2023,Elkem Métal Chicoutimi,Chicoutimi,Quebec,48.4124,-71.1307,331110,Iron and Steel Mills and Ferro-Alloy Manufacturing,Elkem Metal Canada Inc.,Stationary Fuel Combustion,N2O,t,0.014
10103,2023,Elkem Métal Chicoutimi,Chicoutimi,Quebec,48.4124,-71.1307,331110,Iron and Steel Mills and Ferro-Alloy Manufacturing,Elkem Metal Canada Inc.,Industrial Processes,N2O,t,1.498
10103,2023,Elkem Métal Chicoutimi,Chicoutimi,Quebec,48.4124,-71.1307,331110,Iron and Steel Mills and Ferro-Alloy Manufacturing,Elkem Metal Canada Inc.,On-site Transportation,N2O,t,0.0447
10119,2023,Fort Saskatchewan,Fort Saskatchewan,Alberta,53.7217,-113.1917,331410,Non-Ferrous Metal (except Aluminum) Smelting and Refining,Sherritt International Corporation,Flaring / Torchage,N2O,t,0.0353
10119,2023,Fort Saskatchewan,Fort Saskatchewan,Alberta,53.7217,-113.1917,331410,Non-Ferrous Metal (except Aluminum) Smelting and Refining,Sherritt International Corporation,Stationary Fuel Combustion,N2O,t,3.7305
10119,2023,Fort Saskatchewan,Fort Saskatchewan,Alberta,53.7217,-113.1917,331410,Non-Ferrous Metal (except Aluminum) Smelting and Refining,Sherritt International Corporation,Industrial Processes,N2O,t,
10119,2023,Fort Saskatchewan,Fort Saskatchewan,Alberta,53.7217,-113.1917,331410,Non-Ferrous Metal (except Aluminum) Smelting and Refining,Sherritt International Corporation,On-site Transportation,N2O,t,0.0665
10119,2023,Fort Saskatchewan,Fort Saskatchewan,Alberta,53.7217,-113.1917,331410,Non-Ferrous Metal (except Aluminum) Smelting and Refining,Sherritt International Corporation,Venting / Évacuation,N2O,t,
10128,2023,"Gerdau Ameristeel Corporation, Whitby Mill",Whitby,Ontario,43.8578,-78.9097,331110,Iron and Steel Mills and Ferro-Alloy Manufacturing,Gerdau Ameristeel Corporation,Stationary Fuel Combustion,N2O,t,0.967006
10128,2023,"Gerdau Ameristeel Corporation, Whitby Mill",Whitby,Ontario,43.8578,-78.9097,331110,Iron and Steel Mills and Ferro-Alloy Manufacturing,Gerdau Ameristeel Corporation,Industrial Processes,N2O,t,
10128,2023,"Gerdau Ameristeel Corporation, Whitby Mill",Whitby,Ontario,43.8578,-78.9097,331110,Iron and Steel Mills and Ferro-Alloy Manufacturing,Gerdau Ameristeel Corporation,On-site Transportation,N2O,t,0.208117
10150,2023,EVRAZ Inc NA Canada - Regina Facilities,RM of Sherwood,Saskatchewan,50.5176,-104.6301,331110,Iron and Steel Mills and Ferro-Alloy Manufacturing,EVRAZ Inc NA Canada,Stationary Fuel Combustion,N2O,t,2.13433
10150,2023,EVRAZ Inc NA Canada - Regina Facilities,RM of Sherwood,Saskatchewan,50.5176,-104.6301,331110,Iron and Steel Mills and Ferro-Alloy Manufacturing,EVRAZ Inc NA Canada,Industrial Processes,N2O,t,
10150,2023,EVRAZ Inc NA Canada - Regina Facilities,RM of Sherwood,Saskatchewan,50.5176,-104.6301,331110,Iron and Steel Mills and Ferro-Alloy Manufacturing,EVRAZ Inc NA Canada,On-site Transportation,N2O,t,0.062418
10164,2023,Kidd Metallurgical Site,Timmins/District of Cochrane,Ontario,48.57373,-81.09115,212233,Copper-Zinc Ore Mining,Glencore,Stationary Fuel Combustion,N2O,t,0.3591
10164,2023,Kidd Metallurgical Site,Timmins/District of Cochrane,Ontario,48.57373,-81.09115,212233,Copper-Zinc Ore Mining,Glencore,On-site Transportation,N2O,t,0.69281
10188,2023,Mine de Mont-Wright,Fermont,Quebec,52.76639,-67.33306,212210,Iron Ore Mining,ArcelorMittal Exploitation Minière Canada s.e.n.c.,Stationary Fuel Combustion,N2O,t,0.8886
10188,2023,Mine de Mont-Wright,Fermont,Quebec,52.76639,-67.33306,212210,Iron Ore Mining,ArcelorMittal Exploitation Minière Canada s.e.n.c.,Industrial Processes,N2O,t,
10188,2023,Mine de Mont-Wright,Fermont,Quebec,52.76639,-67.33306,212210,Iron Ore Mining,ArcelorMittal Exploitation Minière Canada s.e.n.c.,On-site Transportation,N2O,t,91.3918
10240,2023,Mine Raglan,Rivière-Koksoak,Quebec,61.6916,-73.6666,212232,Nickel-Copper Ore Mining,Glencore,Stationary Fuel Combustion,N2O,t,1.039991
10240,2023,Mine Raglan,Rivière-Koksoak,Quebec,61.6916,-73.6666,212232,Nickel-Copper Ore Mining,Glencore,Industrial Processes,N2O,t,
10240,2023,Mine Raglan,Rivière-Koksoak,Quebec,61.6916,-73.6666,212232,Nickel-Copper Ore Mining,Glencore,On-site Transportation,N2O,t,0.127268
10240,2023,Mine Raglan,Rivière-Koksoak,Quebec,61.6916,-73.6666,212232,Nickel-Copper Ore Mining,Glencore,Waste,N2O,t,0.660689
10240,2023,Mine Raglan,Rivière-Koksoak,Quebec,61.6916,-73.6666,212232,Nickel-Copper Ore Mining,Glencore,Wastewater,N2O,t,0.05525
10275,2023,Hamilton,Hamilton,Ontario,43.26438,-79.82723,331110,Iron and Steel Mills and Ferro-Alloy Manufacturing,Stelco Inc.,Flaring / Torchage,N2O,t,0.00015
10275,2023,Hamilton,Hamilton,Ontario,43.26438,-79.82723,331110,Iron and Steel Mills and Ferro-Alloy Manufacturing,Stelco Inc.,Leakage / Fuites,N2O,t,
10275,2023,Hamilton,Hamilton,Ontario,43.26438,-79.82723,331110,Iron and Steel Mills and Ferro-Alloy Manufacturing,Stelco Inc.,Stationary Fuel Combustion,N2O,t,10.8502
10275,2023,Hamilton,Hamilton,Ontario,43.26438,-79.82723,331110,Iron and Steel Mills and Ferro-Alloy Manufacturing,Stelco Inc.,On-site Transportation,N2O,t,0.0327
10275,2023,Hamilton,Hamilton,Ontario,43.26438,-79.82723,331110,Iron and Steel Mills and Ferro-Alloy Manufacturing,Stelco Inc.,Waste,N2O,t,0.3519
10275,2023,Hamilton,Hamilton,Ontario,43.26438,-79.82723,331110,Iron and Steel Mills and Ferro-Alloy Manufacturing,Stelco Inc.,Wastewater,N2O,t,0.0233
10276,2023,Lake Erie,Haldimand County,Ontario,42.81,-80.0967,331110,Iron and Steel Mills and Ferro-Alloy Manufacturing,Stelco Inc.,Leakage / Fuites,N2O,t,
10276,2023,Lake Erie,Haldimand County,Ontario,42.81,-80.0967,331110,Iron and Steel Mills and Ferro-Alloy Manufacturing,Stelco Inc.,Stationary Fuel Combustion,N2O,t,13.65956
10276,2023,Lake Erie,Haldimand County,Ontario,42.81,-80.0967,331110,Iron and Steel Mills and Ferro-Alloy Manufacturing,Stelco Inc.,Industrial Processes,N2O,t,
10276,2023,Lake Erie,Haldimand County,Ontario,42.81,-80.0967,331110,Iron and Steel Mills and Ferro-Alloy Manufacturing,Stelco Inc.,On-site Transportation,N2O,t,1.077
10289,2023,"Teck Metals Ltd, Trail Operations",Trail,British Columbia,49.10194,-117.71722,331410,Non-Ferrous Metal (except Aluminum) Smelting and Refining,"Teck Metals Ltd, Trail Operations",Leakage / Fuites,N2O,t,
10289,2023,"Teck Metals Ltd, Trail Operations",Trail,British Columbia,49.10194,-117.71722,331410,Non-Ferrous Metal (except Aluminum) Smelting and Refining,"Teck Metals Ltd, Trail Operations",Stationary Fuel Combustion,N2O,t,3.129742
10289,2023,"Teck Metals Ltd, Trail Operations",Trail,British Columbia,49.10194,-117.71722,331410,Non-Ferrous Metal (except Aluminum) Smelting and Refining,"Teck Metals Ltd, Trail Operations",Industrial Processes,N2O,t,
10289,2023,"Teck Metals Ltd, Trail Operations",Trail,British Columbia,49.10194,-117.71722,331410,Non-Ferrous Metal (except Aluminum) Smelting and Refining,"Teck Metals Ltd, Trail Operations",On-site Transportation,N2O,t,0.3042
10295,2023,Usine Alma,Alma,Quebec,48.5837,-71.6889,331313,Primary Production of Alumina and Aluminum,Rio Tinto Alcan Inc,Stationary Fuel Combustion,N2O,t,1.19
10295,2023,Usine Alma,Alma,Quebec,48.5837,-71.6889,331313,Primary Production of Alumina and Aluminum,Rio Tinto Alcan Inc,Industrial Processes,N2O,t,
10295,2023,Usine Alma,Alma,Quebec,48.5837,-71.6889,331313,Primary Production of Alumina and Aluminum,Rio Tinto Alcan Inc,On-site Transportation,N2O,t,0.0201
10296,2023,Usine Arvida,Saguenay,Quebec,48.4274,-71.1599,331313,Primary Production of Alumina and Aluminum,Rio Tinto Alcan Inc,Stationary Fuel Combustion,N2O,t,0.43415
10296,2023,Usine Arvida,Saguenay,Quebec,48.4274,-71.1599,331313,Primary Production of Alumina and Aluminum,Rio Tinto Alcan Inc,Industrial Processes,N2O,t,
10296,2023,Usine Arvida,Saguenay,Quebec,48.4274,-71.1599,331313,Primary Production of Alumina and Aluminum,Rio Tinto Alcan Inc,On-site Transportation,N2O,t,0.024558
10299,2023,Usine de Bouletage de Port-Cartier,Port-Cartier,Quebec,50.0334,-66.791,212210,Iron Ore Mining,ArcelorMittal Exploitation Minière Canada s.e.n.c.,Stationary Fuel Combustion,N2O,t,6.8753
10299,2023,Usine de Bouletage de Port-Cartier,Port-Cartier,Quebec,50.0334,-66.791,212210,Iron Ore Mining,ArcelorMittal Exploitation Minière Canada s.e.n.c.,Industrial Processes,N2O,t,
10299,2023,Usine de Bouletage de Port-Cartier,Port-Cartier,Quebec,50.0334,-66.791,212210,Iron Ore Mining,ArcelorMittal Exploitation Minière Canada s.e.n.c.,On-site Transportation,N2O,t,0.1006
10300,2023,Aluminerie de Deschambault,DESCHAMBAULT,Quebec,46.69317,-71.94488,331313,Primary Production of Alumina and Aluminum,Compagnie de gestion Alcoa - Lauralco,Stationary Fuel Combustion,N2O,t,0.58
10300,2023,Aluminerie de Deschambault,DESCHAMBAULT,Quebec,46.69317,-71.94488,331313,Primary Production of Alumina and Aluminum,Compagnie de gestion Alcoa - Lauralco,Industrial Processes,N2O,t,6.108
10300,2023,Aluminerie de Deschambault,DESCHAMBAULT,Quebec,46.69317,-71.94488,331313,Primary Production of Alumina and Aluminum,Compagnie de gestion Alcoa - Lauralco,On-site Transportation,N2O,t,0.127
10306,2023,Usine Grande-Baie,LA BAIE,Quebec,48.1821,-70.5536,331313,Primary Production of Alumina and Aluminum,Rio Tinto Alcan Inc,Stationary Fuel Combustion,N2O,t,1.13935
10306,2023,Usine Grande-Baie,LA BAIE,Quebec,48.1821,-70.5536,331313,Primary Production of Alumina and Aluminum,Rio Tinto Alcan Inc,Industrial Processes,N2O,t,
10306,2023,Usine Grande-Baie,LA BAIE,Quebec,48.1821,-70.5536,331313,Primary Production of Alumina and Aluminum,Rio Tinto Alcan Inc,On-site Transportation,N2O,t,0.40767
10307,2023,Usine Laterrière,Laterriere,Quebec,48.3007,-71.1289,331313,Primary Production of Alumina and Aluminum,Rio Tinto Alcan Inc,Stationary Fuel Combustion,N2O,t,0.28631
10307,2023,Usine Laterrière,Laterriere,Quebec,48.3007,-71.1289,331313,Primary Production of Alumina and Aluminum,Rio Tinto Alcan Inc,Industrial Processes,N2O,t,
10307,2023,Usine Laterrière,Laterriere,Quebec,48.3007,-71.1289,331313,Primary Production of Alumina and Aluminum,Rio Tinto Alcan Inc,On-site Transportation,N2O,t,0.517685
10350,2023,Wabush Mines - Scully,Wabush,Newfoundland and Labrador,52.907,-66.9105,212210,Iron Ore Mining,Tacora Resources Inc.,Stationary Fuel Combustion,N2O,t,1.567
10350,2023,Wabush Mines - Scully,Wabush,Newfoundland and Labrador,52.907,-66.9105,212210,Iron Ore Mining,Tacora Resources Inc.,Industrial Processes,N2O,t,
10350,2023,Wabush Mines - Scully,Wabush,Newfoundland and Labrador,52.907,-66.9105,212210,Iron Ore Mining,Tacora Resources Inc.,On-site Transportation,N2O,t,4.6255
10369,2023,ArcelorMittal Contrecoeur Ouest,Contrecoeur,Quebec,45.8206,-73.2661,331110,Iron and Steel Mills and Ferro-Alloy Manufacturing,ArcelorMittal Produits Longs Canada s.e.n.c,Stationary Fuel Combustion,N2O,t,0.60127
10369,2023,ArcelorMittal Contrecoeur Ouest,Contrecoeur,Quebec,45.8206,-73.2661,331110,Iron and Steel Mills and Ferro-Alloy Manufacturing,ArcelorMittal Produits Longs Canada s.e.n.c,Industrial Processes,N2O,t,
10369,2023,ArcelorMittal Contrecoeur Ouest,Contrecoeur,Quebec,45.8206,-73.2661,331110,Iron and Steel Mills and Ferro-Alloy Manufacturing,ArcelorMittal Produits Longs Canada s.e.n.c,On-site Transportation,N2O,t,0.307172
10385,2023,Teck Highland Valley Copper Partnership,Logan Lake,British Columbia,50.47235,-121.02132,212233,Copper-Zinc Ore Mining,Teck Highland Valley Copper Partnership,Stationary Fuel Combustion,N2O,t,0.2343
10385,2023,Teck Highland Valley Copper Partnership,Logan Lake,British Columbia,50.47235,-121.02132,212233,Copper-Zinc Ore Mining,Teck Highland Valley Copper Partnership,On-site Transportation,N2O,t,24.0086
10398,2023,Sudbury Integrated Nickel Operations Smelter,Falconbridge,Ontario,46.5775,-80.8042,331410,Non-Ferrous Metal (except Aluminum) Smelting and Refining,Glencore Canada Corporation,Leakage / Fuites,N2O,t,
10398,2023,Sudbury Integrated Nickel Operations Smelter,Falconbridge,Ontario,46.5775,-80.8042,331410,Non-Ferrous Metal (except Aluminum) Smelting and Refining,Glencore Canada Corporation,Stationary Fuel Combustion,N2O,t,0.382565
10398,2023,Sudbury Integrated Nickel Operations Smelter,Falconbridge,Ontario,46.5775,-80.8042,331410,Non-Ferrous Metal (except Aluminum) Smelting and Refining,Glencore Canada Corporation,Industrial Processes,N2O,t,
10398,2023,Sudbury Integrated Nickel Operations Smelter,Falconbridge,Ontario,46.5775,-80.8042,331410,Non-Ferrous Metal (except Aluminum) Smelting and Refining,Glencore Canada Corporation,On-site Transportation,N2O,t,0.0321
10420,2023,AltaSteel Inc.,Edmonton,Alberta,53.5291,-113.3875,331110,Iron and Steel Mills and Ferro-Alloy Manufacturing,AltaSteel Inc.,Stationary Fuel Combustion,N2O,t,0.974758
10420,2023,AltaSteel Inc.,Edmonton,Alberta,53.5291,-113.3875,331110,Iron and Steel Mills and Ferro-Alloy Manufacturing,AltaSteel Inc.,Industrial Processes,N2O,t,
10420,2023,AltaSteel Inc.,Edmonton,Alberta,53.5291,-113.3875,331110,Iron and Steel Mills and Ferro-Alloy Manufacturing,AltaSteel Inc.,On-site Transportation,N2O,t,0.163954
10468,2023,Musselwhite Mine,"N/A Concession, Kenora District",Ontario,52.60389,-90.36806,212220,Gold and Silver Ore Mining,GOLDCORP CANADA LTD,Stationary Fuel Combustion,N2O,t,1.0283
10468,2023,Musselwhite Mine,"N/A Concession, Kenora District",Ontario,52.60389,-90.36806,212220,Gold and Silver Ore Mining,GOLDCORP CANADA LTD,Industrial Processes,N2O,t,
10468,2023,Musselwhite Mine,"N/A Concession, Kenora District",Ontario,52.60389,-90.36806,212220,Gold and Silver Ore Mining,GOLDCORP CANADA LTD,On-site Transportation,N2O,t,0.127809
10468,2023,Musselwhite Mine,"N/A Concession, Kenora District",Ontario,52.60389,-90.36806,212220,Gold and Silver Ore Mining,GOLDCORP CANADA LTD,Waste,N2O,t,0.003377
10569,2023,Thompson Operations,Thompson,Manitoba,55.7138,-97.8561,212232,Nickel-Copper Ore Mining,Vale Canada Ltd,Stationary Fuel Combustion,N2O,t,0.6634
10569,2023,Thompson Operations,Thompson,Manitoba,55.7138,-97.8561,212232,Nickel-Copper Ore Mining,Vale Canada Ltd,On-site Transportation,N2O,t,0.7728
10569,2023,Thompson Operations,Thompson,Manitoba,55.7138,-97.8561,212232,Nickel-Copper Ore Mining,Vale Canada Ltd,Waste,N2O,t,0.05116
10570,2023,Voisey's Bay Mine Site,HAPPY VALLEY-GOOSE BAY,Newfoundland and Labrador,56.33826,-62.09508,212232,Nickel-Copper Ore Mining,Vale Newfoundland and Labrador Limited,Stationary Fuel Combustion,N2O,t,19.000608
10570,2023,Voisey's Bay Mine Site,HAPPY VALLEY-GOOSE BAY,Newfoundland and Labrador,56.33826,-62.09508,212232,Nickel-Copper Ore Mining,Vale Newfoundland and Labrador Limited,On-site Transportation,N2O,t,6.000062
10578,2023,"Glencore Canada Corporation, CCR refinery",MONTRÉAL-EST,Quebec,45.6283,-73.5125,331410,Non-Ferrous Metal (except Aluminum) Smelting and Refining,Glencore Canada Corporation,Stationary Fuel Combustion,N2O,t,1.0228
10578,2023,"Glencore Canada Corporation, CCR refinery",MONTRÉAL-EST,Quebec,45.6283,-73.5125,331410,Non-Ferrous Metal (except Aluminum) Smelting and Refining,Glencore Canada Corporation,Industrial Processes,N2O,t,
10578,2023,"Glencore Canada Corporation, CCR refinery",MONTRÉAL-EST,Quebec,45.6283,-73.5125,331410,Non-Ferrous Metal (except Aluminum) Smelting and Refining,Glencore Canada Corporation,On-site Transportation,N2O,t,0.0033
10579,2023,Glencore Canada Corporation - Fonderie Horne,Rouyn-Noranda,Quebec,48.25417,-79.01667,331410,Non-Ferrous Metal (except Aluminum) Smelting and Refining,Glencore Canada Corporation,Stationary Fuel Combustion,N2O,t,0.87901
10579,2023,Glencore Canada Corporation - Fonderie Horne,Rouyn-Noranda,Quebec,48.25417,-79.01667,331410,Non-Ferrous Metal (except Aluminum) Smelting and Refining,Glencore Canada Corporation,Industrial Processes,N2O,t,
10579,2023,Glencore Canada Corporation - Fonderie Horne,Rouyn-Noranda,Quebec,48.25417,-79.01667,331410,Non-Ferrous Metal (except Aluminum) Smelting and Refining,Glencore Canada Corporation,On-site Transportation,N2O,t,1.915163
10580,2023,Sudbury Operations Mines Mill - Onaping Area,Onaping,Ontario,46.67417,-81.3425,212232,Nickel-Copper Ore Mining,Glencore Canada Corporation,Stationary Fuel Combustion,N2O,t,0.279
10580,2023,Sudbury Operations Mines Mill - Onaping Area,Onaping,Ontario,46.67417,-81.3425,212232,Nickel-Copper Ore Mining,Glencore Canada Corporation,Industrial Processes,N2O,t,
10580,2023,Sudbury Operations Mines Mill - Onaping Area,Onaping,Ontario,46.67417,-81.3425,212232,Nickel-Copper Ore Mining,Glencore Canada Corporation,On-site Transportation,N2O,t,0.056
10580,2023,Sudbury Operations Mines Mill - Onaping Area,Onaping,Ontario,46.67417,-81.3425,212232,Nickel-Copper Ore Mining,Glencore Canada Corporation,Waste,N2O,t,
10587,2023,Division Meadowbank,BAKER LAKE,Nunavut,65.0149,-96.0524,212220,Gold and Silver Ore Mining,Agnico Eagle Mines Ltd.  (DO NOT USE),Stationary Fuel Combustion,N2O,t,0.952699
10587,2023,Division Meadowbank,BAKER LAKE,Nunavut,65.0149,-96.0524,212220,Gold and Silver Ore Mining,Agnico Eagle Mines Ltd.  (DO NOT USE),Industrial Processes,N2O,t,
10587,2023,Division Meadowbank,BAKER LAKE,Nunavut,65.0149,-96.0524,212220,Gold and Silver Ore Mining,Agnico Eagle Mines Ltd.  (DO NOT USE),On-site Transportation,N2O,t,10.508047
10587,2023,Division Meadowbank,BAKER LAKE,Nunavut,65.0149,-96.0524,212220,Gold and Silver Ore Mining,Agnico Eagle Mines Ltd.  (DO NOT USE),Waste,N2O,t,0.038796
10589,2023,Mine de Fire Lake,Mont-Wright,Quebec,52.35028,-67.36917,212210,Iron Ore Mining,ArcelorMittal Exploitation Minière Canada s.e.n.c.,Stationary Fuel Combustion,N2O,t,0.6274
10589,2023,Mine de Fire Lake,Mont-Wright,Quebec,52.35028,-67.36917,212210,Iron Ore Mining,ArcelorMittal Exploitation Minière Canada s.e.n.c.,Industrial Processes,N2O,t,
10589,2023,Mine de Fire Lake,Mont-Wright,Quebec,52.35028,-67.36917,212210,Iron Ore Mining,ArcelorMittal Exploitation Minière Canada s.e.n.c.,On-site Transportation,N2O,t,15.8821
10613,2023,Mount Polley Mine,Likely,British Columbia,52.5443,-121.6328,212299,All Other Metal Ore Mining,Imperial Metals Corporation,Stationary Fuel Combustion,N2O,t,0.0656
10613,2023,Mount Polley Mine,Likely,British Columbia,52.5443,-121.6328,212299,All Other Metal Ore Mining,Imperial Metals Corporation,On-site Transportation,N2O,t,6.8682
10614,2023,Ivaco Rolling Mills,L'Orignal,Ontario,45.6133,-74.705,331110,Iron and Steel Mills and Ferro-Alloy Manufacturing,Ivaco Rolling Mills 2004 L. P.,Stationary Fuel Combustion,N2O,t,1.037651
10614,2023,Ivaco Rolling Mills,L'Orignal,Ontario,45.6133,-74.705,331110,Iron and Steel Mills and Ferro-Alloy Manufacturing,Ivaco Rolling Mills 2004 L. P.,Industrial Processes,N2O,t,
10614,2023,Ivaco Rolling Mills,L'Orignal,Ontario,45.6133,-74.705,331110,Iron and Steel Mills and Ferro-Alloy Manufacturing,Ivaco Rolling Mills 2004 L. P.,On-site Transportation,N2O,t,0.020726
10617,2023,Macassa Mine,Kirkland Lake,Ontario,48.14611,-80.06056,212220,Gold and Silver Ore Mining,Agnico Eagle Mines Limited (MAIN),Stationary Fuel Combustion,N2O,t,0.3178
10617,2023,Macassa Mine,Kirkland Lake,Ontario,48.14611,-80.06056,212220,Gold and Silver Ore Mining,Agnico Eagle Mines Limited (MAIN),On-site Transportation,N2O,t,0.055
10617,2023,Macassa Mine,Kirkland Lake,Ontario,48.14611,-80.06056,212220,Gold and Silver Ore Mining,Agnico Eagle Mines Limited (MAIN),Waste,N2O,t,0.0239
10643,2023,Tenaris Algoma Tubes,Sault Ste. Marie,Ontario,46.5297,-84.3688,331210,Iron and Steel Pipes and Tubes Manufacturing from Purchased Steel,Algoma Tubes Inc.,Stationary Fuel Combustion,N2O,t,1.465
10643,2023,Tenaris Algoma Tubes,Sault Ste. Marie,Ontario,46.5297,-84.3688,331210,Iron and Steel Pipes and Tubes Manufacturing from Purchased Steel,Algoma Tubes Inc.,On-site Transportation,N2O,t,0.066
10647,2023,Tree Island Industries Ltd.,Richmond,British Columbia,49.1875,-122.95916,331222,Steel Wire Drawing,Tree Island Industries Ltd,Stationary Fuel Combustion,N2O,t,0.214
10647,2023,Tree Island Industries Ltd.,Richmond,British Columbia,49.1875,-122.95916,331222,Steel Wire Drawing,Tree Island Industries Ltd,On-site Transportation,N2O,t,0.047
10657,2023,Quebec Silicon LP,Bécancour,Quebec,46.3712,-72.3881,331110,Iron and Steel Mills and Ferro-Alloy Manufacturing,Silicium Québec SEC,Leakage / Fuites,N2O,t,
10657,2023,Quebec Silicon LP,Bécancour,Quebec,46.3712,-72.3881,331110,Iron and Steel Mills and Ferro-Alloy Manufacturing,Silicium Québec SEC,Stationary Fuel Combustion,N2O,t,3.417041
10657,2023,Quebec Silicon LP,Bécancour,Quebec,46.3712,-72.3881,331110,Iron and Steel Mills and Ferro-Alloy Manufacturing,Silicium Québec SEC,Industrial Processes,N2O,t,
10657,2023,Quebec Silicon LP,Bécancour,Quebec,46.3712,-72.3881,331110,Iron and Steel Mills and Ferro-Alloy Manufacturing,Silicium Québec SEC,On-site Transportation,N2O,t,0.005477
10657,2023,Quebec Silicon LP,Bécancour,Quebec,46.3712,-72.3881,331110,Iron and Steel Mills and Ferro-Alloy Manufacturing,Silicium Québec SEC,Wastewater,N2O,t,
10669,2023,Mine Canadian Malartic,Malartic,Quebec,48.12451,-78.12927,212220,Gold and Silver Ore Mining,Agnico Eagle Mines Limited (MAIN),Stationary Fuel Combustion,N2O,t,0.25153
10669,2023,Mine Canadian Malartic,Malartic,Quebec,48.12451,-78.12927,212220,Gold and Silver Ore Mining,Agnico Eagle Mines Limited (MAIN),Industrial Processes,N2O,t,
10669,2023,Mine Canadian Malartic,Malartic,Quebec,48.12451,-78.12927,212220,Gold and Silver Ore Mining,Agnico Eagle Mines Limited (MAIN),On-site Transportation,N2O,t,1.700019
10678,2023,"Gerdau Ameristeel Corporation, Manitoba Mill",Selkirk,Manitoba,50.1302,-96.9013,331110,Iron and Steel Mills and Ferro-Alloy Manufacturing,Gerdau Ameristeel Corporation,Stationary Fuel Combustion,N2O,t,0.6157
10678,2023,"Gerdau Ameristeel Corporation, Manitoba Mill",Selkirk,Manitoba,50.1302,-96.9013,331110,Iron and Steel Mills and Ferro-Alloy Manufacturing,Gerdau Ameristeel Corporation,Industrial Processes,N2O,t,
10678,2023,"Gerdau Ameristeel Corporation, Manitoba Mill",Selkirk,Manitoba,50.1302,-96.9013,331110,Iron and Steel Mills and Ferro-Alloy Manufacturing,Gerdau Ameristeel Corporation,On-site Transportation,N2O,t,0.273975
10679,2023,Gibraltar Mine (SFO),MCLEESE LAKE,British Columbia,52.5299,-122.2851,212233,Copper-Zinc Ore Mining,Gibraltar Mines Ltd.,Stationary Fuel Combustion,N2O,t,0.866753
10679,2023,Gibraltar Mine (SFO),MCLEESE LAKE,British Columbia,52.5299,-122.2851,212233,Copper-Zinc Ore Mining,Gibraltar Mines Ltd.,On-site Transportation,N2O,t,17.259097
10681,2023,Hope Bay Project,CAMBRIDGE BAY,Nunavut,68.13925,-106.61072,212220,Gold and Silver Ore Mining,TMAC Resources Inc.,Stationary Fuel Combustion,N2O,t,0.157038
10681,2023,Hope Bay Project,CAMBRIDGE BAY,Nunavut,68.13925,-106.61072,212220,Gold and Silver Ore Mining,TMAC Resources Inc.,Industrial Processes,N2O,t,
10681,2023,Hope Bay Project,CAMBRIDGE BAY,Nunavut,68.13925,-106.61072,212220,Gold and Silver Ore Mining,TMAC Resources Inc.,On-site Transportation,N2O,t,0.459491
10681,2023,Hope Bay Project,CAMBRIDGE BAY,Nunavut,68.13925,-106.61072,212220,Gold and Silver Ore Mining,TMAC Resources Inc.,Waste,N2O,t,0.821385
10681,2023,Hope Bay Project,CAMBRIDGE BAY,Nunavut,68.13925,-106.61072,212220,Gold and Silver Ore Mining,TMAC Resources Inc.,Wastewater,N2O,t,0.005777
10722,2023,Mine du Lac Bloom,Fermont,Quebec,52.85235,-67.25387,212210,Iron Ore Mining,MINERAI DE FER QUÉBEC INC.,Stationary Fuel Combustion,N2O,t,0.125
10722,2023,Mine du Lac Bloom,Fermont,Quebec,52.85235,-67.25387,212210,Iron Ore Mining,MINERAI DE FER QUÉBEC INC.,Industrial Processes,N2O,t,
10722,2023,Mine du Lac Bloom,Fermont,Quebec,52.85235,-67.25387,212210,Iron Ore Mining,MINERAI DE FER QUÉBEC INC.,On-site Transportation,N2O,t,1.1894
10738,2023,"Gerdau Ameristeel Corporation, Cambridge Mill",Cambridge,Ontario,43.3706,-80.284,331110,Iron and Steel Mills and Ferro-Alloy Manufacturing,Gerdau Ameristeel Corporation,Stationary Fuel Combustion,N2O,t,0.284101
10738,2023,"Gerdau Ameristeel Corporation, Cambridge Mill",Cambridge,Ontario,43.3706,-80.284,331110,Iron and Steel Mills and Ferro-Alloy Manufacturing,Gerdau Ameristeel Corporation,On-site Transportation,N2O,t,0.0012
10765,2023,Detour Lake Project,Cochrane,Ontario,50.0171,-79.70393,212220,Gold and Silver Ore Mining,Agnico Eagle Mines Limited (MAIN),Stationary Fuel Combustion,N2O,t,0.778485
10765,2023,Detour Lake Project,Cochrane,Ontario,50.0171,-79.70393,212220,Gold and Silver Ore Mining,Agnico Eagle Mines Limited (MAIN),On-site Transportation,N2O,t,2.169
10765,2023,Detour Lake Project,Cochrane,Ontario,50.0171,-79.70393,212220,Gold and Silver Ore Mining,Agnico Eagle Mines Limited (MAIN),Waste,N2O,t,0.07349
10765,2023,Detour Lake Project,Cochrane,Ontario,50.0171,-79.70393,212220,Gold and Silver Ore Mining,Agnico Eagle Mines Limited (MAIN),Wastewater,N2O,t,0.0003
10785,2023,Myra Falls Mine Ltd.,Campbell River,British Columbia,49.57694,-125.60194,212233,Copper-Zinc Ore Mining,Myra Falls Mine Ltd,Stationary Fuel Combustion,N2O,t,4.7607
10791,2023,Aluminerie Arvida - Centre technologique AP60,Jonquière,Quebec,48.43193,-71.15674,331313,Primary Production of Alumina and Aluminum,Rio Tinto Alcan Inc,Stationary Fuel Combustion,N2O,t,0.0455
10791,2023,Aluminerie Arvida - Centre technologique AP60,Jonquière,Quebec,48.43193,-71.15674,331313,Primary Production of Alumina and Aluminum,Rio Tinto Alcan Inc,Industrial Processes,N2O,t,
10791,2023,Aluminerie Arvida - Centre technologique AP60,Jonquière,Quebec,48.43193,-71.15674,331313,Primary Production of Alumina and Aluminum,Rio Tinto Alcan Inc,On-site Transportation,N2O,t,0.00395
10810,2023,Long Harbour Operations,Long Harbour,Newfoundland and Labrador,47.40889,-53.81167,331410,Non-Ferrous Metal (except Aluminum) Smelting and Refining,Vale Newfoundland and Labrador Limited,Stationary Fuel Combustion,N2O,t,3.01
10810,2023,Long Harbour Operations,Long Harbour,Newfoundland and Labrador,47.40889,-53.81167,331410,Non-Ferrous Metal (except Aluminum) Smelting and Refining,Vale Newfoundland and Labrador Limited,Industrial Processes,N2O,t,
10810,2023,Long Harbour Operations,Long Harbour,Newfoundland and Labrador,47.40889,-53.81167,331410,Non-Ferrous Metal (except Aluminum) Smelting and Refining,Vale Newfoundland and Labrador Limited,On-site Transportation,N2O,t,0.4
10835,2023,Mary River Mine Site,,Nunavut,71.3146,-79.28194,212210,Iron Ore Mining,Baffinland Iron Mines Corporation,Stationary Fuel Combustion,N2O,t,0.17689
10835,2023,Mary River Mine Site,,Nunavut,71.3146,-79.28194,212210,Iron Ore Mining,Baffinland Iron Mines Corporation,On-site Transportation,N2O,t,5.26807
10835,2023,Mary River Mine Site,,Nunavut,71.3146,-79.28194,212210,Iron Ore Mining,Baffinland Iron Mines Corporation,Waste,N2O,t,0.00795
10835,2023,Mary River Mine Site,,Nunavut,71.3146,-79.28194,212210,Iron Ore Mining,Baffinland Iron Mines Corporation,Wastewater,N2O,t,0.000109
10857,2023,Williams Mine,MARATHON,Ontario,48.6942,-85.9188,212220,Gold and Silver Ore Mining,Williams Operating Corporation,Stationary Fuel Combustion,N2O,t,0.635
10857,2023,Williams Mine,MARATHON,Ontario,48.6942,-85.9188,212220,Gold and Silver Ore Mining,Williams Operating Corporation,On-site Transportation,N2O,t,0.0822
10863,2023,Meliadine Gold Project,Rankin Inlet,Nunavut,63.22417,-92.13417,212220,Gold and Silver Ore Mining,Agnico Eagle Mines Limited (DO NOT USE),Stationary Fuel Combustion,N2O,t,0.76321
10863,2023,Meliadine Gold Project,Rankin Inlet,Nunavut,63.22417,-92.13417,212220,Gold and Silver Ore Mining,Agnico Eagle Mines Limited (DO NOT USE),Industrial Processes,N2O,t,
10863,2023,Meliadine Gold Project,Rankin Inlet,Nunavut,63.22417,-92.13417,212220,Gold and Silver Ore Mining,Agnico Eagle Mines Limited (DO NOT USE),On-site Transportation,N2O,t,2.999509
10863,2023,Meliadine Gold Project,Rankin Inlet,Nunavut,63.22417,-92.13417,212220,Gold and Silver Ore Mining,Agnico Eagle Mines Limited (DO NOT USE),Waste,N2O,t,5.65719
10873,2023,Brucejack Gold Mine,Stewart,British Columbia,56.46624,-130.18596,212220,Gold and Silver Ore Mining,Pretium Resources Inc.,Stationary Fuel Combustion,N2O,t,0.245
10873,2023,Brucejack Gold Mine,Stewart,British Columbia,56.46624,-130.18596,212220,Gold and Silver Ore Mining,Pretium Resources Inc.,On-site Transportation,N2O,t,0.15
10873,2023,Brucejack Gold Mine,Stewart,British Columbia,56.46624,-130.18596,212220,Gold and Silver Ore Mining,Pretium Resources Inc.,Wastewater,N2O,t,0.01063
10890,2023,Seabee,Saskatoon,Saskatchewan,55.241,-103.2255,212220,Gold and Silver Ore Mining,SGO Mining Inc.,Stationary Fuel Combustion,N2O,t,0.3492
10890,2023,Seabee,Saskatoon,Saskatchewan,55.241,-103.2255,212220,Gold and Silver Ore Mining,SGO Mining Inc.,Industrial Processes,N2O,t,
10890,2023,Seabee,Saskatoon,Saskatchewan,55.241,-103.2255,212220,Gold and Silver Ore Mining,SGO Mining Inc.,On-site Transportation,N2O,t,0.067
10890,2023,Seabee,Saskatoon,Saskatchewan,55.241,-103.2255,212220,Gold and Silver Ore Mining,SGO Mining Inc.,Waste,N2O,t,
10900,2023,Milne Port Site,,Nunavut,71.88444,-80.88611,212210,Iron Ore Mining,Baffinland Iron Mines Corporation,Stationary Fuel Combustion,N2O,t,0.12985
10900,2023,Milne Port Site,,Nunavut,71.88444,-80.88611,212210,Iron Ore Mining,Baffinland Iron Mines Corporation,On-site Transportation,N2O,t,5.12659
10900,2023,Milne Port Site,,Nunavut,71.88444,-80.88611,212210,Iron Ore Mining,Baffinland Iron Mines Corporation,Waste,N2O,t,0.12571
10900,2023,Milne Port Site,,Nunavut,71.88444,-80.88611,212210,Iron Ore Mining,Baffinland Iron Mines Corporation,Wastewater,N2O,t,2.8e-05
10903,2023,SOCIÉTÉ EN COMMANDITE REVENU NORANDA - VALLEYFIELD,Salaberry de Valleyfield,Quebec,45.2281,-74.1031,331410,Non-Ferrous Metal (except Aluminum) Smelting and Refining,Société en commandite Revenu Noranda,Stationary Fuel Combustion,N2O,t,1.2534
10903,2023,SOCIÉTÉ EN COMMANDITE REVENU NORANDA - VALLEYFIELD,Salaberry de Valleyfield,Quebec,45.2281,-74.1031,331410,Non-Ferrous Metal (except Aluminum) Smelting and Refining,Société en commandite Revenu Noranda,Industrial Processes,N2O,t,
10903,2023,SOCIÉTÉ EN COMMANDITE REVENU NORANDA - VALLEYFIELD,Salaberry de Valleyfield,Quebec,45.2281,-74.1031,331410,Non-Ferrous Metal (except Aluminum) Smelting and Refining,Société en commandite Revenu Noranda,On-site Transportation,N2O,t,0.414909
10904,2023,Casa Berardi,Municipalité Eeyou Istchee Baie-James,Quebec,49.3357,-79.1646,212220,Gold and Silver Ore Mining,Hecla Québec Inc.,Stationary Fuel Combustion,N2O,t,0.234
10904,2023,Casa Berardi,Municipalité Eeyou Istchee Baie-James,Quebec,49.3357,-79.1646,212220,Gold and Silver Ore Mining,Hecla Québec Inc.,On-site Transportation,N2O,t,2.452
10907,2023,La Mine Niobec,Saint-Honoré,Quebec,48.5322,-71.1578,212299,All Other Metal Ore Mining,Magris Ressources,Stationary Fuel Combustion,N2O,t,0.46
10907,2023,La Mine Niobec,Saint-Honoré,Quebec,48.5322,-71.1578,212299,All Other Metal Ore Mining,Magris Ressources,On-site Transportation,N2O,t,2.203
10908,2023,McClean Lake Operations,Saskatoon,Saskatchewan,58.25,-103.91694,212291,Uranium Ore Mining,Orano Canada Inc.,Stationary Fuel Combustion,N2O,t,1.333676
10908,2023,McClean Lake Operations,Saskatoon,Saskatchewan,58.25,-103.91694,212291,Uranium Ore Mining,Orano Canada Inc.,Industrial Processes,N2O,t,5.2063
10908,2023,McClean Lake Operations,Saskatoon,Saskatchewan,58.25,-103.91694,212291,Uranium Ore Mining,Orano Canada Inc.,On-site Transportation,N2O,t,0.0133
10908,2023,McClean Lake Operations,Saskatoon,Saskatchewan,58.25,-103.91694,212291,Uranium Ore Mining,Orano Canada Inc.,Waste,N2O,t,0.0088
10908,2023,McClean Lake Operations,Saskatoon,Saskatchewan,58.25,-103.91694,212291,Uranium Ore Mining,Orano Canada Inc.,Wastewater,N2O,t,0.0782
10911,2023,La mine Doyon,Preissac,Quebec,48.2591,-78.5254,212220,Gold and Silver Ore Mining,Iamgold Corporation,Stationary Fuel Combustion,N2O,t,0.055
10911,2023,La mine Doyon,Preissac,Quebec,48.2591,-78.5254,212220,Gold and Silver Ore Mining,Iamgold Corporation,On-site Transportation,N2O,t,4.942
10912,2023,Timmins Micronizing Plant,Timmins,Ontario,48.4745,-81.318,212398,All Other Non-Metallic Mineral Mining and Quarrying,Magris Talc Canada Inc.,Stationary Fuel Combustion,N2O,t,0.218434
10912,2023,Timmins Micronizing Plant,Timmins,Ontario,48.4745,-81.318,212398,All Other Non-Metallic Mineral Mining and Quarrying,Magris Talc Canada Inc.,On-site Transportation,N2O,t,0.001928
10913,2023,Key Lake Operation,Saskatoon,Saskatchewan,57.21194,-105.67861,212291,Uranium Ore Mining,Cameco Corporation,Stationary Fuel Combustion,N2O,t,2.2503
10913,2023,Key Lake Operation,Saskatoon,Saskatchewan,57.21194,-105.67861,212291,Uranium Ore Mining,Cameco Corporation,Industrial Processes,N2O,t,
10913,2023,Key Lake Operation,Saskatoon,Saskatchewan,57.21194,-105.67861,212291,Uranium Ore Mining,Cameco Corporation,On-site Transportation,N2O,t,0.0327
10913,2023,Key Lake Operation,Saskatoon,Saskatchewan,57.21194,-105.67861,212291,Uranium Ore Mining,Cameco Corporation,Waste,N2O,t,
10913,2023,Key Lake Operation,Saskatoon,Saskatchewan,57.21194,-105.67861,212291,Uranium Ore Mining,Cameco Corporation,Wastewater,N2O,t,0.0007
10917,2023,Island Gold Mine,Dubreuilville,Ontario,48.35028,-84.55278,212220,Gold and Silver Ore Mining,Alamos Gold Incorporated,Stationary Fuel Combustion,N2O,t,0.306
10917,2023,Island Gold Mine,Dubreuilville,Ontario,48.35028,-84.55278,212220,Gold and Silver Ore Mining,Alamos Gold Incorporated,Industrial Processes,N2O,t,
10917,2023,Island Gold Mine,Dubreuilville,Ontario,48.35028,-84.55278,212220,Gold and Silver Ore Mining,Alamos Gold Incorporated,On-site Transportation,N2O,t,0.141
10917,2023,Island Gold Mine,Dubreuilville,Ontario,48.35028,-84.55278,212220,Gold and Silver Ore Mining,Alamos Gold Incorporated,Waste,N2O,t,0.032
10921,2023,HBMS Chisel Lake Mine,Snow Lake,Manitoba,54.83,-100.12,212233,Copper-Zinc Ore Mining,Hudbay Minerals,Stationary Fuel Combustion,N2O,t,0.922
10921,2023,HBMS Chisel Lake Mine,Snow Lake,Manitoba,54.83,-100.12,212233,Copper-Zinc Ore Mining,Hudbay Minerals,On-site Transportation,N2O,t,0.831
10922,2023,McArthur River Operation,Saskatoon,Saskatchewan,57.75556,-105.065,212291,Uranium Ore Mining,Cameco Corporation,Stationary Fuel Combustion,N2O,t,1.2602
10922,2023,McArthur River Operation,Saskatoon,Saskatchewan,57.75556,-105.065,212291,Uranium Ore Mining,Cameco Corporation,Industrial Processes,N2O,t,
10922,2023,McArthur River Operation,Saskatoon,Saskatchewan,57.75556,-105.065,212291,Uranium Ore Mining,Cameco Corporation,On-site Transportation,N2O,t,0.0369
10922,2023,McArthur River Operation,Saskatoon,Saskatchewan,57.75556,-105.065,212291,Uranium Ore Mining,Cameco Corporation,Waste,N2O,t,
10922,2023,McArthur River Operation,Saskatoon,Saskatchewan,57.75556,-105.065,212291,Uranium Ore Mining,Cameco Corporation,Wastewater,N2O,t,0.0008
10923,2023,Cigar Lake Operation,Sasktoon,Saskatchewan,58.0676,-104.542,212291,Uranium Ore Mining,Cameco Corporation,Stationary Fuel Combustion,N2O,t,0.8955
10923,2023,Cigar Lake Operation,Sasktoon,Saskatchewan,58.0676,-104.542,212291,Uranium Ore Mining,Cameco Corporation,Industrial Processes,N2O,t,
10923,2023,Cigar Lake Operation,Sasktoon,Saskatchewan,58.0676,-104.542,212291,Uranium Ore Mining,Cameco Corporation,On-site Transportation,N2O,t,0.0632
10923,2023,Cigar Lake Operation,Sasktoon,Saskatchewan,58.0676,-104.542,212291,Uranium Ore Mining,Cameco Corporation,Waste,N2O,t,
10923,2023,Cigar Lake Operation,Sasktoon,Saskatchewan,58.0676,-104.542,212291,Uranium Ore Mining,Cameco Corporation,Wastewater,N2O,t,0.0011
10924,2023,Porcupine Gold Mines,South Porcupine,Ontario,48.46306,-81.2475,212220,Gold and Silver Ore Mining,GOLDCORP CANADA LTD,Stationary Fuel Combustion,N2O,t,0.192
10924,2023,Porcupine Gold Mines,South Porcupine,Ontario,48.46306,-81.2475,212220,Gold and Silver Ore Mining,GOLDCORP CANADA LTD,Industrial Processes,N2O,t,
10924,2023,Porcupine Gold Mines,South Porcupine,Ontario,48.46306,-81.2475,212220,Gold and Silver Ore Mining,GOLDCORP CANADA LTD,On-site Transportation,N2O,t,0.3459
10926,2023,Impala Canada Ltd.,Thunder Bay,Ontario,49.16168,-89.61435,212299,All Other Metal Ore Mining,Impala Canada Ltd.,Stationary Fuel Combustion,N2O,t,1.316
10926,2023,Impala Canada Ltd.,Thunder Bay,Ontario,49.16168,-89.61435,212299,All Other Metal Ore Mining,Impala Canada Ltd.,On-site Transportation,N2O,t,3.053
10929,2023,Lake Shore Gold Timmins West Mine,Timmins,Ontario,48.384,-81.5575,212220,Gold and Silver Ore Mining,Lake Shore Gold,Stationary Fuel Combustion,N2O,t,0.0681
10929,2023,Lake Shore Gold Timmins West Mine,Timmins,Ontario,48.384,-81.5575,212220,Gold and Silver Ore Mining,Lake Shore Gold,On-site Transportation,N2O,t,0.063
10930,2023,McEwen Ontario Black Fox Mine,Matheson,Ontario,48.3,-80.21,212220,Gold and Silver Ore Mining,McEwen Mining,Stationary Fuel Combustion,N2O,t,0.0653
10930,2023,McEwen Ontario Black Fox Mine,Matheson,Ontario,48.3,-80.21,212220,Gold and Silver Ore Mining,McEwen Mining,On-site Transportation,N2O,t,0.038
10931,2023,Bell Creek Complex,Porcupine,Ontario,48.5523,-81.173,212220,Gold and Silver Ore Mining,Lake Shore Gold,Stationary Fuel Combustion,N2O,t,0.07602
10931,2023,Bell Creek Complex,Porcupine,Ontario,48.5523,-81.173,212220,Gold and Silver Ore Mining,Lake Shore Gold,On-site Transportation,N2O,t,0.057
11046,2023,Great Lakes Copper Ltd.,London,Ontario,43.0233,-81.1842,331420,"Copper Rolling, Drawing, Extruding and Alloying",Great Lakes Copper Ltd.,Stationary Fuel Combustion,N2O,t,0.178724
11046,2023,Great Lakes Copper Ltd.,London,Ontario,43.0233,-81.1842,331420,"Copper Rolling, Drawing, Extruding and Alloying",Great Lakes Copper Ltd.,On-site Transportation,N2O,t,0.006066
11095,2023,INFASCO,Marieville,Quebec,45.431,-73.1673,331221,Cold-Rolled Steel Shape Manufacturing,Ifastgroupe,Stationary Fuel Combustion,N2O,t,0.304
11095,2023,INFASCO,Marieville,Quebec,45.431,-73.1673,331221,Cold-Rolled Steel Shape Manufacturing,Ifastgroupe,On-site Transportation,N2O,t,0.0491
11128,2023,Sivaco Québec,Marieville,Quebec,45.4372,-73.1676,331222,Steel Wire Drawing,Groupe des tréfileries Sivaco 2004,Stationary Fuel Combustion,N2O,t,0.189
11128,2023,Sivaco Québec,Marieville,Quebec,45.4372,-73.1676,331222,Steel Wire Drawing,Groupe des tréfileries Sivaco 2004,On-site Transportation,N2O,t,0.062
11231,2023,ArcelorMittal Longueuil,Longueuil,Quebec,45.5663,-73.4579,331110,Iron and Steel Mills and Ferro-Alloy Manufacturing,ArcelorMittal Produits Longs Canada s.e.n.c,Stationary Fuel Combustion,N2O,t,0.4324
11231,2023,ArcelorMittal Longueuil,Longueuil,Quebec,45.5663,-73.4579,331110,Iron and Steel Mills and Ferro-Alloy Manufacturing,ArcelorMittal Produits Longs Canada s.e.n.c,On-site Transportation,N2O,t,0.014067
11361,2023,Welded Tube (Q&T Plant),Welland,Ontario,42.97077,-79.21057,331210,Iron and Steel Pipes and Tubes Manufacturing from Purchased Steel,Welded Tube of Canada Corp,Stationary Fuel Combustion,N2O,t,0.2081
11361,2023,Welded Tube (Q&T Plant),Welland,Ontario,42.97077,-79.21057,331210,Iron and Steel Pipes and Tubes Manufacturing from Purchased Steel,Welded Tube of Canada Corp,On-site Transportation,N2O,t,0.074004
11368,2023,Valbruna ASW Inc.,Welland,Ontario,42.99864,-79.23453,331110,Iron and Steel Mills and Ferro-Alloy Manufacturing,Valbruna ASW Inc.,Stationary Fuel Combustion,N2O,t,0.2466
11368,2023,Valbruna ASW Inc.,Welland,Ontario,42.99864,-79.23453,331110,Iron and Steel Mills and Ferro-Alloy Manufacturing,Valbruna ASW Inc.,Industrial Processes,N2O,t,
11368,2023,Valbruna ASW Inc.,Welland,Ontario,42.99864,-79.23453,331110,Iron and Steel Mills and Ferro-Alloy Manufacturing,Valbruna ASW Inc.,On-site Transportation,N2O,t,0.0421
11375,2023,Young-Davidson,Matachewan,Ontario,47.94722,-80.67722,212220,Gold and Silver Ore Mining,Alamos Gold Incorporated,Stationary Fuel Combustion,N2O,t,0.198
11375,2023,Young-Davidson,Matachewan,Ontario,47.94722,-80.67722,212220,Gold and Silver Ore Mining,Alamos Gold Incorporated,On-site Transportation,N2O,t,0.08
11382,2023,Projet Nunavik Nickel,Kattiniq,Quebec,61.3239,-73.3234,212232,Nickel-Copper Ore Mining,Canadian Royalties inc.,Stationary Fuel Combustion,N2O,t,14.235333
11382,2023,Projet Nunavik Nickel,Kattiniq,Quebec,61.3239,-73.3234,212232,Nickel-Copper Ore Mining,Canadian Royalties inc.,Industrial Processes,N2O,t,
11382,2023,Projet Nunavik Nickel,Kattiniq,Quebec,61.3239,-73.3234,212232,Nickel-Copper Ore Mining,Canadian Royalties inc.,On-site Transportation,N2O,t,13.560123
11390,2023,Fonderie Bibby Sainte-Croix,Sainte-Croix,Quebec,46.6236,-71.7361,331511,Iron Foundries,Canada Pipe Co Ltd.,Stationary Fuel Combustion,N2O,t,0.312
11390,2023,Fonderie Bibby Sainte-Croix,Sainte-Croix,Quebec,46.6236,-71.7361,331511,Iron Foundries,Canada Pipe Co Ltd.,Industrial Processes,N2O,t,0.0
11390,2023,Fonderie Bibby Sainte-Croix,Sainte-Croix,Quebec,46.6236,-71.7361,331511,Iron Foundries,Canada Pipe Co Ltd.,On-site Transportation,N2O,t,0.116
11496,2023,Rainy River Mine,Emo,Ontario,48.848,-94.003,212220,Gold and Silver Ore Mining,New Gold Inc.,Stationary Fuel Combustion,N2O,t,0.49
11496,2023,Rainy River Mine,Emo,Ontario,48.848,-94.003,212220,Gold and Silver Ore Mining,New Gold Inc.,Industrial Processes,N2O,t,
11496,2023,Rainy River Mine,Emo,Ontario,48.848,-94.003,212220,Gold and Silver Ore Mining,New Gold Inc.,On-site Transportation,N2O,t,9.814
11723,2023,Port Colborne Refinery,Port Colborne,Ontario,42.8826,-79.2405,331410,Non-Ferrous Metal (except Aluminum) Smelting and Refining,Vale Canada Ltd,Stationary Fuel Combustion,N2O,t,0.1887
11723,2023,Port Colborne Refinery,Port Colborne,Ontario,42.8826,-79.2405,331410,Non-Ferrous Metal (except Aluminum) Smelting and Refining,Vale Canada Ltd,Industrial Processes,N2O,t,
11723,2023,Port Colborne Refinery,Port Colborne,Ontario,42.8826,-79.2405,331410,Non-Ferrous Metal (except Aluminum) Smelting and Refining,Vale Canada Ltd,On-site Transportation,N2O,t,0.00205
11730,2023,Usine Vaudreuil,Jonquière,Quebec,48.4257,-71.1718,331313,Primary Production of Alumina and Aluminum,Rio Tinto Alcan Inc,Stationary Fuel Combustion,N2O,t,7.09138
11730,2023,Usine Vaudreuil,Jonquière,Quebec,48.4257,-71.1718,331313,Primary Production of Alumina and Aluminum,Rio Tinto Alcan Inc,Industrial Processes,N2O,t,
11730,2023,Usine Vaudreuil,Jonquière,Quebec,48.4257,-71.1718,331313,Primary Production of Alumina and Aluminum,Rio Tinto Alcan Inc,On-site Transportation,N2O,t,0.007585
11734,2023,DSO Timmins Project,Menihek,Newfoundland and Labrador,54.88945,-67.0842,212210,Iron Ore Mining,Tata Steel Minerals Canada,Stationary Fuel Combustion,N2O,t,0.224
11734,2023,DSO Timmins Project,Menihek,Newfoundland and Labrador,54.88945,-67.0842,212210,Iron Ore Mining,Tata Steel Minerals Canada,On-site Transportation,N2O,t,0.193
11736,2023,North American Lithium,La Corne,Quebec,48.40579,-77.82782,212299,All Other Metal Ore Mining,North American Lithium inc.,Stationary Fuel Combustion,N2O,t,0.05886
11736,2023,North American Lithium,La Corne,Quebec,48.40579,-77.82782,212299,All Other Metal Ore Mining,North American Lithium inc.,On-site Transportation,N2O,t,1.899
11736,2023,North American Lithium,La Corne,Quebec,48.40579,-77.82782,212299,All Other Metal Ore Mining,North American Lithium inc.,Waste,N2O,t,0.004
11736,2023,North American Lithium,La Corne,Quebec,48.40579,-77.82782,212299,All Other Metal Ore Mining,North American Lithium inc.,Wastewater,N2O,t,0.0004
11750,2023,ARCELORMITTAL WINDSOR A DIVISION OF ARCELORMITTAL DOFASCO G.P.,Windsor,Ontario,42.2605,-83.1002,331110,Iron and Steel Mills and Ferro-Alloy Manufacturing,ArcelorMittal Canada MP Inc. and ArcelorMittal Canada Inc. partners in ArcelorMittal Dofasco G.P.,Stationary Fuel Combustion,N2O,t,0.470739
11765,2023,ArcelorMittal long Products Canada - Hamilton East,Hamilton,Ontario,43.2625,-79.7857,331222,Steel Wire Drawing,ArcelorMittal long Products Canada G.P.,Stationary Fuel Combustion,N2O,t,0.263168
11765,2023,ArcelorMittal long Products Canada - Hamilton East,Hamilton,Ontario,43.2625,-79.7857,331222,Steel Wire Drawing,ArcelorMittal long Products Canada G.P.,On-site Transportation,N2O,t,0.01955
11766,2023,Sil Industrial Minerals Lamont Plant,Bruderheim,Alberta,53.9063,-112.92419,212398,All Other Non-Metallic Mineral Mining and Quarrying,543077 Alberta Ltd.,Stationary Fuel Combustion,N2O,t,0.2773
11766,2023,Sil Industrial Minerals Lamont Plant,Bruderheim,Alberta,53.9063,-112.92419,212398,All Other Non-Metallic Mineral Mining and Quarrying,543077 Alberta Ltd.,On-site Transportation,N2O,t,0.1249
11767,2023,Rio Tinto Fer et Titane inc. - HAVRE-SAINT-PIERRE,Havre-Saint-Pierre,Quebec,50.2435,-63.6064,212210,Iron Ore Mining,Rio Tinto Fer et Titane inc.,Stationary Fuel Combustion,N2O,t,0.33
11767,2023,Rio Tinto Fer et Titane inc. - HAVRE-SAINT-PIERRE,Havre-Saint-Pierre,Quebec,50.2435,-63.6064,212210,Iron Ore Mining,Rio Tinto Fer et Titane inc.,Industrial Processes,N2O,t,
11767,2023,Rio Tinto Fer et Titane inc. - HAVRE-SAINT-PIERRE,Havre-Saint-Pierre,Quebec,50.2435,-63.6064,212210,Iron Ore Mining,Rio Tinto Fer et Titane inc.,On-site Transportation,N2O,t,1.299
11770,2023,Division Goldex,Val-d'Or,Quebec,48.0923,-77.874,212220,Gold and Silver Ore Mining,Agnico-Eagle Mines Lted (DO NOT USE),Stationary Fuel Combustion,N2O,t,0.076
11770,2023,Division Goldex,Val-d'Or,Quebec,48.0923,-77.874,212220,Gold and Silver Ore Mining,Agnico-Eagle Mines Lted (DO NOT USE),On-site Transportation,N2O,t,3.682
11794,2023,Division Laronde,Preissac,Quebec,48.2375,-78.3958,212220,Gold and Silver Ore Mining,MINES AGNICO EAGLE LIMITEE (DO NOT USE),Stationary Fuel Combustion,N2O,t,0.267275
11794,2023,Division Laronde,Preissac,Quebec,48.2375,-78.3958,212220,Gold and Silver Ore Mining,MINES AGNICO EAGLE LIMITEE (DO NOT USE),Industrial Processes,N2O,t,0.003143
11794,2023,Division Laronde,Preissac,Quebec,48.2375,-78.3958,212220,Gold and Silver Ore Mining,MINES AGNICO EAGLE LIMITEE (DO NOT USE),On-site Transportation,N2O,t,11.1
11804,2023,Mine Éléonore,Rouyn-Noranda,Quebec,52.42083,-76.04389,212220,Gold and Silver Ore Mining,Goldcorp Canada Ltd,Stationary Fuel Combustion,N2O,t,0.755
11804,2023,Mine Éléonore,Rouyn-Noranda,Quebec,52.42083,-76.04389,212220,Gold and Silver Ore Mining,Goldcorp Canada Ltd,Industrial Processes,N2O,t,
11804,2023,Mine Éléonore,Rouyn-Noranda,Quebec,52.42083,-76.04389,212220,Gold and Silver Ore Mining,Goldcorp Canada Ltd,On-site Transportation,N2O,t,9.927
11827,2023,IKO Madoc,MADOC,Ontario,44.4961,-77.5348,212398,All Other Non-Metallic Mineral Mining and Quarrying,IKO Industries Ltd.,Stationary Fuel Combustion,N2O,t,0.361101
11827,2023,IKO Madoc,MADOC,Ontario,44.4961,-77.5348,212398,All Other Non-Metallic Mineral Mining and Quarrying,IKO Industries Ltd.,On-site Transportation,N2O,t,0.009752
11878,2023,Max Aicher (North America) Limited,Hamilton,Ontario,43.26654,-79.82236,331221,Cold-Rolled Steel Shape Manufacturing,Max Aicher (North America) Limited,Stationary Fuel Combustion,N2O,t,0.351
11894,2023,Copper Mountain Mine,Princeton,British Columbia,49.34556,-120.51,212233,Copper-Zinc Ore Mining,Copper Mountain Mine (BC) Ltd.,Stationary Fuel Combustion,N2O,t,0.13005
11894,2023,Copper Mountain Mine,Princeton,British Columbia,49.34556,-120.51,212233,Copper-Zinc Ore Mining,Copper Mountain Mine (BC) Ltd.,On-site Transportation,N2O,t,0.543
11894,2023,Copper Mountain Mine,Princeton,British Columbia,49.34556,-120.51,212233,Copper-Zinc Ore Mining,Copper Mountain Mine (BC) Ltd.,Waste,N2O,t,
11951,2023,Red Lake Operation,Balmertown,Ontario,51.0597,-93.74407,212220,Gold and Silver Ore Mining,Evolution Mining,Stationary Fuel Combustion,N2O,t,0.322358
11951,2023,Red Lake Operation,Balmertown,Ontario,51.0597,-93.74407,212220,Gold and Silver Ore Mining,Evolution Mining,Industrial Processes,N2O,t,
11951,2023,Red Lake Operation,Balmertown,Ontario,51.0597,-93.74407,212220,Gold and Silver Ore Mining,Evolution Mining,On-site Transportation,N2O,t,0.075287
11951,2023,Red Lake Operation,Balmertown,Ontario,51.0597,-93.74407,212220,Gold and Silver Ore Mining,Evolution Mining,Waste,N2O,t,0.404047
11989,2023,ArcelorMittal Contrecoeur Est,Contrecoeur,Quebec,45.82055,-73.26362,331110,Iron and Steel Mills and Ferro-Alloy Manufacturing,ArcelorMittal Produits Longs Canada s.e.n.c,Stationary Fuel Combustion,N2O,t,1.837391
11989,2023,ArcelorMittal Contrecoeur Est,Contrecoeur,Quebec,45.82055,-73.26362,331110,Iron and Steel Mills and Ferro-Alloy Manufacturing,ArcelorMittal Produits Longs Canada s.e.n.c,Industrial Processes,N2O,t,
11989,2023,ArcelorMittal Contrecoeur Est,Contrecoeur,Quebec,45.82055,-73.26362,331110,Iron and Steel Mills and Ferro-Alloy Manufacturing,ArcelorMittal Produits Longs Canada s.e.n.c,On-site Transportation,N2O,t,1.039579
12009,2023,NATT Tools Group Inc.,Hamilton,Ontario,43.2663,-79.829,331221,Cold-Rolled Steel Shape Manufacturing,NATT Tools Group Inc.,Stationary Fuel Combustion,N2O,t,0.155
12009,2023,NATT Tools Group Inc.,Hamilton,Ontario,43.2663,-79.829,331221,Cold-Rolled Steel Shape Manufacturing,NATT Tools Group Inc.,On-site Transportation,N2O,t,0.0001
12010,2023,Touquoy Mine,Middle Musquodoboit,Nova Scotia,44.97361,-62.91917,212220,Gold and Silver Ore Mining,St Barbara Limited,Stationary Fuel Combustion,N2O,t,0.04694
12010,2023,Touquoy Mine,Middle Musquodoboit,Nova Scotia,44.97361,-62.91917,212220,Gold and Silver Ore Mining,St Barbara Limited,Industrial Processes,N2O,t,
12010,2023,Touquoy Mine,Middle Musquodoboit,Nova Scotia,44.97361,-62.91917,212220,Gold and Silver Ore Mining,St Barbara Limited,On-site Transportation,N2O,t,0.021794
12112,2023,Silvertip Mine,Vancouver,British Columbia,53.72667,-127.64762,212231,Lead-Zinc Ore Mining,Coeur Silvertip Holdings Ltd.,Stationary Fuel Combustion,N2O,t,0.334
12112,2023,Silvertip Mine,Vancouver,British Columbia,53.72667,-127.64762,212231,Lead-Zinc Ore Mining,Coeur Silvertip Holdings Ltd.,On-site Transportation,N2O,t,0.0129
12182,2023,Toronto Facility,Mississauga,Ontario,43.6022,-79.5811,331490,"Non-Ferrous Metal (except Copper and Aluminum) Rolling, Drawing, Extruding and Alloying",Terrapure BR Ltd.,Stationary Fuel Combustion,N2O,t,0.14
12182,2023,Toronto Facility,Mississauga,Ontario,43.6022,-79.5811,331490,"Non-Ferrous Metal (except Copper and Aluminum) Rolling, Drawing, Extruding and Alloying",Terrapure BR Ltd.,Industrial Processes,N2O,t,
12182,2023,Toronto Facility,Mississauga,Ontario,43.6022,-79.5811,331490,"Non-Ferrous Metal (except Copper and Aluminum) Rolling, Drawing, Extruding and Alloying",Terrapure BR Ltd.,On-site Transportation,N2O,t,0.01
12184,2023,Site Windfall,Lebel-sur-Quévillon,Quebec,49.07366,-75.6518,213119,Other Support Activities for Mining,Groupe Minier Windfall,Stationary Fuel Combustion,N2O,t,0.3067
12184,2023,Site Windfall,Lebel-sur-Quévillon,Quebec,49.07366,-75.6518,213119,Other Support Activities for Mining,Groupe Minier Windfall,Industrial Processes,N2O,t,
12298,2023,"Copper Cliff Mining, Smelting and Refining Complex",Copper Cliff,Ontario,46.4786,-81.0553,331410,Non-Ferrous Metal (except Aluminum) Smelting and Refining,Vale Canada Limited,Stationary Fuel Combustion,N2O,t,3.84114
12298,2023,"Copper Cliff Mining, Smelting and Refining Complex",Copper Cliff,Ontario,46.4786,-81.0553,331410,Non-Ferrous Metal (except Aluminum) Smelting and Refining,Vale Canada Limited,Industrial Processes,N2O,t,
12298,2023,"Copper Cliff Mining, Smelting and Refining Complex",Copper Cliff,Ontario,46.4786,-81.0553,331410,Non-Ferrous Metal (except Aluminum) Smelting and Refining,Vale Canada Limited,On-site Transportation,N2O,t,0.259407
12304,2023,Eagle River Mill,Wawa,Ontario,48.10601,-85.42365,212220,Gold and Silver Ore Mining,Wesdome Gold Mines Ltd.,Stationary Fuel Combustion,N2O,t,0.278
12304,2023,Eagle River Mill,Wawa,Ontario,48.10601,-85.42365,212220,Gold and Silver Ore Mining,Wesdome Gold Mines Ltd.,On-site Transportation,N2O,t,0.073
12304,2023,Eagle River Mill,Wawa,Ontario,48.10601,-85.42365,212220,Gold and Silver Ore Mining,Wesdome Gold Mines Ltd.,Waste,N2O,t,0.001
12404,2023,Eldorado Gold (Québec) Inc.,Val-d'Or,Quebec,48.63633,-77.45517,212220,Gold and Silver Ore Mining,Eldorado Gold (Québec) Inc.,Stationary Fuel Combustion,N2O,t,0.0445
12404,2023,Eldorado Gold (Québec) Inc.,Val-d'Or,Quebec,48.63633,-77.45517,212220,Gold and Silver Ore Mining,Eldorado Gold (Québec) Inc.,On-site Transportation,N2O,t,4.6437
12459,2023,Eagle Gold Mine,Vancouver,British Columbia,64.02,-135.81839,212220,Gold and Silver Ore Mining,Victoria Gold Corp.,Stationary Fuel Combustion,N2O,t,0.2924
12459,2023,Eagle Gold Mine,Vancouver,British Columbia,64.02,-135.81839,212220,Gold and Silver Ore Mining,Victoria Gold Corp.,On-site Transportation,N2O,t,3.5311
12466,2023,Côté Gold,Gogama,Ontario,47.55556,-81.94055,212220,Gold and Silver Ore Mining,Iamgold Corporation,Stationary Fuel Combustion,N2O,t,0.236
12466,2023,Côté Gold,Gogama,Ontario,47.55556,-81.94055,212220,Gold and Silver Ore Mining,Iamgold Corporation,On-site Transportation,N2O,t,0.769
12553,2023,Red Chris Mine,Dease Lake,British Columbia,57.72573,-129.76764,212220,Gold and Silver Ore Mining,NEWCREST RED CHRIS MINING LIMITED,Stationary Fuel Combustion,N2O,t,0.3429
12553,2023,Red Chris Mine,Dease Lake,British Columbia,57.72573,-129.76764,212220,Gold and Silver Ore Mining,NEWCREST RED CHRIS MINING LIMITED,On-site Transportation,N2O,t,12.8084
12555,2023,Moly-Cop Canada,Kamloops,British Columbia,50.65726,-120.09649,331511,Iron Foundries,Moly-Cop Canada,Stationary Fuel Combustion,N2O,t,0.382065
12555,2023,Moly-Cop Canada,Kamloops,British Columbia,50.65726,-120.09649,331511,Iron Foundries,Moly-Cop Canada,On-site Transportation,N2O,t,0.00536
12678,2023,Greenstone Mine,Geraldton,Ontario,49.66714,-86.92899,212220,Gold and Silver Ore Mining,Greenstone Gold Mines GP INC.,Stationary Fuel Combustion,N2O,t,0.1568
12678,2023,Greenstone Mine,Geraldton,Ontario,49.66714,-86.92899,212220,Gold and Silver Ore Mining,Greenstone Gold Mines GP INC.,Industrial Processes,N2O,t,
12678,2023,Greenstone Mine,Geraldton,Ontario,49.66714,-86.92899,212220,Gold and Silver Ore Mining,Greenstone Gold Mines GP INC.,On-site Transportation,N2O,t,0.391
12752,2023,Fayolle,Rouyn-Noranda,Quebec,48.25804621,-78.52513889,212220,Gold and Silver Ore Mining,Iamgold Corporation,On-site Transportation,N2O,t,1.024
12841,2023,Goose Property,Goose Lake,Nunavut,65.54344,-106.43334,212220,Gold and Silver Ore Mining,B2Gold Back River Corp.,Stationary Fuel Combustion,N2O,t,0.13519
12841,2023,Goose Property,Goose Lake,Nunavut,65.54344,-106.43334,212220,Gold and Silver Ore Mining,B2Gold Back River Corp.,On-site Transportation,N2O,t,0.02568
12841,2023,Goose Property,Goose Lake,Nunavut,65.54344,-106.43334,212220,Gold and Silver Ore Mining,B2Gold Back River Corp.,Waste,N2O,t,0.21155
10010,2023,Rio Tinto Alcan Inc.,Kitimat,British Columbia,54.00286,-128.69531,331313,Primary Production of Alumina and Aluminum,Rio Tinto Alcan Inc,Stationary Fuel Combustion,CO2eq,t,57144.253
10010,2023,Rio Tinto Alcan Inc.,Kitimat,British Columbia,54.00286,-128.69531,331313,Primary Production of Alumina and Aluminum,Rio Tinto Alcan Inc,Industrial Processes,CO2eq,t,744025.68
10010,2023,Rio Tinto Alcan Inc.,Kitimat,British Columbia,54.00286,-128.69531,331313,Primary Production of Alumina and Aluminum,Rio Tinto Alcan Inc,On-site Transportation,CO2eq,t,7983.35414
10011,2023,Algoma Steel Inc,Sault Ste. Marie,Ontario,46.5217,-84.3637,331110,Iron and Steel Mills and Ferro-Alloy Manufacturing,Algoma Steel Inc.,Flaring / Torchage,CO2eq,t,436.6533
10011,2023,Algoma Steel Inc,Sault Ste. Marie,Ontario,46.5217,-84.3637,331110,Iron and Steel Mills and Ferro-Alloy Manufacturing,Algoma Steel Inc.,Stationary Fuel Combustion,CO2eq,t,981262.4295
10011,2023,Algoma Steel Inc,Sault Ste. Marie,Ontario,46.5217,-84.3637,331110,Iron and Steel Mills and Ferro-Alloy Manufacturing,Algoma Steel Inc.,Industrial Processes,CO2eq,t,3287418.803
10011,2023,Algoma Steel Inc,Sault Ste. Marie,Ontario,46.5217,-84.3637,331110,Iron and Steel Mills and Ferro-Alloy Manufacturing,Algoma Steel Inc.,On-site Transportation,CO2eq,t,23048.33
10012,2023,Aluminerie Alouette inc.,Sept-Îles,Quebec,50.1583,-66.4416,331313,Primary Production of Alumina and Aluminum,Aluminerie Alouette inc.,Stationary Fuel Combustion,CO2eq,t,50175.5396
10012,2023,Aluminerie Alouette inc.,Sept-Îles,Quebec,50.1583,-66.4416,331313,Primary Production of Alumina and Aluminum,Aluminerie Alouette inc.,Industrial Processes,CO2eq,t,1053820.963
10012,2023,Aluminerie Alouette inc.,Sept-Îles,Quebec,50.1583,-66.4416,331313,Primary Production of Alumina and Aluminum,Aluminerie Alouette inc.,On-site Transportation,CO2eq,t,4313.4268
10013,2023,Aluminerie de Baie-Comeau,BAIE-COMEAU,Quebec,49.2583,-68.1461,331313,Primary Production of Alumina and Aluminum,Ne pas prendre - Alcoa Canada Co.,Stationary Fuel Combustion,CO2eq,t,27014.909
10013,2023,Aluminerie de Baie-Comeau,BAIE-COMEAU,Quebec,49.2583,-68.1461,331313,Primary Production of Alumina and Aluminum,Ne pas prendre - Alcoa Canada Co.,Industrial Processes,CO2eq,t,508182.622
10013,2023,Aluminerie de Baie-Comeau,BAIE-COMEAU,Quebec,49.2583,-68.1461,331313,Primary Production of Alumina and Aluminum,Ne pas prendre - Alcoa Canada Co.,On-site Transportation,CO2eq,t,2750.541
10014,2023,Aluminerie de Bécancour inc.,Bécancour,Quebec,46.3829,-72.3874,331313,Primary Production of Alumina and Aluminum,Aluminerie de Bécancour inc.,Stationary Fuel Combustion,CO2eq,t,60761.778
10014,2023,Aluminerie de Bécancour inc.,Bécancour,Quebec,46.3829,-72.3874,331313,Primary Production of Alumina and Aluminum,Aluminerie de Bécancour inc.,Industrial Processes,CO2eq,t,755527.407
10014,2023,Aluminerie de Bécancour inc.,Bécancour,Quebec,46.3829,-72.3874,331313,Primary Production of Alumina and Aluminum,Aluminerie de Bécancour inc.,On-site Transportation,CO2eq,t,3523.7332
10052,2023,Carol Project,Labrador city,Newfoundland and Labrador,52.9565,-66.8936,212210,Iron Ore Mining,Iron Ore Company of Canada,Stationary Fuel Combustion,CO2eq,t,506521.0198
10052,2023,Carol Project,Labrador city,Newfoundland and Labrador,52.9565,-66.8936,212210,Iron Ore Mining,Iron Ore Company of Canada,Industrial Processes,CO2eq,t,129810.756
10052,2023,Carol Project,Labrador city,Newfoundland and Labrador,52.9565,-66.8936,212210,Iron Ore Mining,Iron Ore Company of Canada,On-site Transportation,CO2eq,t,144184.2093
10076,2023,Rio Tinto Fer et Titane inc.- Complexe  de Sorel-Tracy,Sorel-Tracy,Quebec,46.0475,-73.13778,331110,Iron and Steel Mills and Ferro-Alloy Manufacturing,Rio Tinto Fer et Titane inc.,Stationary Fuel Combustion,CO2eq,t,181470.03
10076,2023,Rio Tinto Fer et Titane inc.- Complexe  de Sorel-Tracy,Sorel-Tracy,Quebec,46.0475,-73.13778,331110,Iron and Steel Mills and Ferro-Alloy Manufacturing,Rio Tinto Fer et Titane inc.,Industrial Processes,CO2eq,t,693429.848
10076,2023,Rio Tinto Fer et Titane inc.- Complexe  de Sorel-Tracy,Sorel-Tracy,Quebec,46.0475,-73.13778,331110,Iron and Steel Mills and Ferro-Alloy Manufacturing,Rio Tinto Fer et Titane inc.,On-site Transportation,CO2eq,t,10730.95
10091,2023,ArcelorMittal Dofasco,Hamilton,Ontario,43.2597,-79.8111,331110,Iron and Steel Mills and Ferro-Alloy Manufacturing,ArcelorMittal Canada MP Inc. and ArcelorMittal Canada Inc. partners in ArcelorMittal Dofasco G.P.,Stationary Fuel Combustion,CO2eq,t,856117.7168
10091,2023,ArcelorMittal Dofasco,Hamilton,Ontario,43.2597,-79.8111,331110,Iron and Steel Mills and Ferro-Alloy Manufacturing,ArcelorMittal Canada MP Inc. and ArcelorMittal Canada Inc. partners in ArcelorMittal Dofasco G.P.,Industrial Processes,CO2eq,t,3288316.939
10091,2023,ArcelorMittal Dofasco,Hamilton,Ontario,43.2597,-79.8111,331110,Iron and Steel Mills and Ferro-Alloy Manufacturing,ArcelorMittal Canada MP Inc. and ArcelorMittal Canada Inc. partners in ArcelorMittal Dofasco G.P.,On-site Transportation,CO2eq,t,23848.85237
10103,2023,Elkem Métal Chicoutimi,Chicoutimi,Quebec,48.4124,-71.1307,331110,Iron and Steel Mills and Ferro-Alloy Manufacturing,Elkem Metal Canada Inc.,Stationary Fuel Combustion,CO2eq,t,775.13588
10103,2023,Elkem Métal Chicoutimi,Chicoutimi,Quebec,48.4124,-71.1307,331110,Iron and Steel Mills and Ferro-Alloy Manufacturing,Elkem Metal Canada Inc.,Industrial Processes,CO2eq,t,114875.9429
10103,2023,Elkem Métal Chicoutimi,Chicoutimi,Quebec,48.4124,-71.1307,331110,Iron and Steel Mills and Ferro-Alloy Manufacturing,Elkem Metal Canada Inc.,On-site Transportation,CO2eq,t,310.0627
10119,2023,Fort Saskatchewan,Fort Saskatchewan,Alberta,53.7217,-113.1917,331410,Non-Ferrous Metal (except Aluminum) Smelting and Refining,Sherritt International Corporation,Flaring / Torchage,CO2eq,t,958.8267
10119,2023,Fort Saskatchewan,Fort Saskatchewan,Alberta,53.7217,-113.1917,331410,Non-Ferrous Metal (except Aluminum) Smelting and Refining,Sherritt International Corporation,Stationary Fuel Combustion,CO2eq,t,212108.9028
10119,2023,Fort Saskatchewan,Fort Saskatchewan,Alberta,53.7217,-113.1917,331410,Non-Ferrous Metal (except Aluminum) Smelting and Refining,Sherritt International Corporation,Industrial Processes,CO2eq,t,83198.1936
10119,2023,Fort Saskatchewan,Fort Saskatchewan,Alberta,53.7217,-113.1917,331410,Non-Ferrous Metal (except Aluminum) Smelting and Refining,Sherritt International Corporation,On-site Transportation,CO2eq,t,1799.1958
10119,2023,Fort Saskatchewan,Fort Saskatchewan,Alberta,53.7217,-113.1917,331410,Non-Ferrous Metal (except Aluminum) Smelting and Refining,Sherritt International Corporation,Venting / Évacuation,CO2eq,t,7107.23996
10128,2023,"Gerdau Ameristeel Corporation, Whitby Mill",Whitby,Ontario,43.8578,-78.9097,331110,Iron and Steel Mills and Ferro-Alloy Manufacturing,Gerdau Ameristeel Corporation,Stationary Fuel Combustion,CO2eq,t,56215.85195
10128,2023,"Gerdau Ameristeel Corporation, Whitby Mill",Whitby,Ontario,43.8578,-78.9097,331110,Iron and Steel Mills and Ferro-Alloy Manufacturing,Gerdau Ameristeel Corporation,Industrial Processes,CO2eq,t,38373.6938
10128,2023,"Gerdau Ameristeel Corporation, Whitby Mill",Whitby,Ontario,43.8578,-78.9097,331110,Iron and Steel Mills and Ferro-Alloy Manufacturing,Gerdau Ameristeel Corporation,On-site Transportation,CO2eq,t,2567.896262
10150,2023,EVRAZ Inc NA Canada - Regina Facilities,RM of Sherwood,Saskatchewan,50.5176,-104.6301,331110,Iron and Steel Mills and Ferro-Alloy Manufacturing,EVRAZ Inc NA Canada,Stationary Fuel Combustion,CO2eq,t,128674.1375
10150,2023,EVRAZ Inc NA Canada - Regina Facilities,RM of Sherwood,Saskatchewan,50.5176,-104.6301,331110,Iron and Steel Mills and Ferro-Alloy Manufacturing,EVRAZ Inc NA Canada,Industrial Processes,CO2eq,t,77456.3429
10150,2023,EVRAZ Inc NA Canada - Regina Facilities,RM of Sherwood,Saskatchewan,50.5176,-104.6301,331110,Iron and Steel Mills and Ferro-Alloy Manufacturing,EVRAZ Inc NA Canada,On-site Transportation,CO2eq,t,7636.17889
10164,2023,Kidd Metallurgical Site,Timmins/District of Cochrane,Ontario,48.57373,-81.09115,212233,Copper-Zinc Ore Mining,Glencore,Stationary Fuel Combustion,CO2eq,t,20858.8135
10164,2023,Kidd Metallurgical Site,Timmins/District of Cochrane,Ontario,48.57373,-81.09115,212233,Copper-Zinc Ore Mining,Glencore,On-site Transportation,CO2eq,t,8473.73223
10188,2023,Mine de Mont-Wright,Fermont,Quebec,52.76639,-67.33306,212210,Iron Ore Mining,ArcelorMittal Exploitation Minière Canada s.e.n.c.,Stationary Fuel Combustion,CO2eq,t,17082.8618
10188,2023,Mine de Mont-Wright,Fermont,Quebec,52.76639,-67.33306,212210,Iron Ore Mining,ArcelorMittal Exploitation Minière Canada s.e.n.c.,Industrial Processes,CO2eq,t,11987.145
10188,2023,Mine de Mont-Wright,Fermont,Quebec,52.76639,-67.33306,212210,Iron Ore Mining,ArcelorMittal Exploitation Minière Canada s.e.n.c.,On-site Transportation,CO2eq,t,245826.1058
10240,2023,Mine Raglan,Rivière-Koksoak,Quebec,61.6916,-73.6666,212232,Nickel-Copper Ore Mining,Glencore,Stationary Fuel Combustion,CO2eq,t,138426.863
10240,2023,Mine Raglan,Rivière-Koksoak,Quebec,61.6916,-73.6666,212232,Nickel-Copper Ore Mining,Glencore,Industrial Processes,CO2eq,t,1567.749062
10240,2023,Mine Raglan,Rivière-Koksoak,Quebec,61.6916,-73.6666,212232,Nickel-Copper Ore Mining,Glencore,On-site Transportation,CO2eq,t,17107.05425
10240,2023,Mine Raglan,Rivière-Koksoak,Quebec,61.6916,-73.6666,212232,Nickel-Copper Ore Mining,Glencore,Waste,CO2eq,t,878.913366
10240,2023,Mine Raglan,Rivière-Koksoak,Quebec,61.6916,-73.6666,212232,Nickel-Copper Ore Mining,Glencore,Wastewater,CO2eq,t,14.64125
10275,2023,Hamilton,Hamilton,Ontario,43.26438,-79.82723,331110,Iron and Steel Mills and Ferro-Alloy Manufacturing,Stelco Inc.,Flaring / Torchage,CO2eq,t,745.03575
10275,2023,Hamilton,Hamilton,Ontario,43.26438,-79.82723,331110,Iron and Steel Mills and Ferro-Alloy Manufacturing,Stelco Inc.,Leakage / Fuites,CO2eq,t,21907.592
10275,2023,Hamilton,Hamilton,Ontario,43.26438,-79.82723,331110,Iron and Steel Mills and Ferro-Alloy Manufacturing,Stelco Inc.,Stationary Fuel Combustion,CO2eq,t,228738.1646
10275,2023,Hamilton,Hamilton,Ontario,43.26438,-79.82723,331110,Iron and Steel Mills and Ferro-Alloy Manufacturing,Stelco Inc.,On-site Transportation,CO2eq,t,3241.0191
10275,2023,Hamilton,Hamilton,Ontario,43.26438,-79.82723,331110,Iron and Steel Mills and Ferro-Alloy Manufacturing,Stelco Inc.,Waste,CO2eq,t,107.3291
10275,2023,Hamilton,Hamilton,Ontario,43.26438,-79.82723,331110,Iron and Steel Mills and Ferro-Alloy Manufacturing,Stelco Inc.,Wastewater,CO2eq,t,14.5913
10276,2023,Lake Erie,Haldimand County,Ontario,42.81,-80.0967,331110,Iron and Steel Mills and Ferro-Alloy Manufacturing,Stelco Inc.,Leakage / Fuites,CO2eq,t,28334.264
10276,2023,Lake Erie,Haldimand County,Ontario,42.81,-80.0967,331110,Iron and Steel Mills and Ferro-Alloy Manufacturing,Stelco Inc.,Stationary Fuel Combustion,CO2eq,t,620225.5638
10276,2023,Lake Erie,Haldimand County,Ontario,42.81,-80.0967,331110,Iron and Steel Mills and Ferro-Alloy Manufacturing,Stelco Inc.,Industrial Processes,CO2eq,t,3119850.0
10276,2023,Lake Erie,Haldimand County,Ontario,42.81,-80.0967,331110,Iron and Steel Mills and Ferro-Alloy Manufacturing,Stelco Inc.,On-site Transportation,CO2eq,t,13311.203
10289,2023,"Teck Metals Ltd, Trail Operations",Trail,British Columbia,49.10194,-117.71722,331410,Non-Ferrous Metal (except Aluminum) Smelting and Refining,"Teck Metals Ltd, Trail Operations",Leakage / Fuites,CO2eq,t,1454.8856
10289,2023,"Teck Metals Ltd, Trail Operations",Trail,British Columbia,49.10194,-117.71722,331410,Non-Ferrous Metal (except Aluminum) Smelting and Refining,"Teck Metals Ltd, Trail Operations",Stationary Fuel Combustion,CO2eq,t,295108.5896
10289,2023,"Teck Metals Ltd, Trail Operations",Trail,British Columbia,49.10194,-117.71722,331410,Non-Ferrous Metal (except Aluminum) Smelting and Refining,"Teck Metals Ltd, Trail Operations",Industrial Processes,CO2eq,t,73809.7326
10289,2023,"Teck Metals Ltd, Trail Operations",Trail,British Columbia,49.10194,-117.71722,331410,Non-Ferrous Metal (except Aluminum) Smelting and Refining,"Teck Metals Ltd, Trail Operations",On-site Transportation,CO2eq,t,2486.23632
10295,2023,Usine Alma,Alma,Quebec,48.5837,-71.6889,331313,Primary Production of Alumina and Aluminum,Rio Tinto Alcan Inc,Stationary Fuel Combustion,CO2eq,t,68483.87
10295,2023,Usine Alma,Alma,Quebec,48.5837,-71.6889,331313,Primary Production of Alumina and Aluminum,Rio Tinto Alcan Inc,Industrial Processes,CO2eq,t,854520.232
10295,2023,Usine Alma,Alma,Quebec,48.5837,-71.6889,331313,Primary Production of Alumina and Aluminum,Rio Tinto Alcan Inc,On-site Transportation,CO2eq,t,2443.5633
10296,2023,Usine Arvida,Saguenay,Quebec,48.4274,-71.1599,331313,Primary Production of Alumina and Aluminum,Rio Tinto Alcan Inc,Stationary Fuel Combustion,CO2eq,t,24401.17595
10296,2023,Usine Arvida,Saguenay,Quebec,48.4274,-71.1599,331313,Primary Production of Alumina and Aluminum,Rio Tinto Alcan Inc,Industrial Processes,CO2eq,t,630401.838
10296,2023,Usine Arvida,Saguenay,Quebec,48.4274,-71.1599,331313,Primary Production of Alumina and Aluminum,Rio Tinto Alcan Inc,On-site Transportation,CO2eq,t,2975.16371
10299,2023,Usine de Bouletage de Port-Cartier,Port-Cartier,Quebec,50.0334,-66.791,212210,Iron Ore Mining,ArcelorMittal Exploitation Minière Canada s.e.n.c.,Stationary Fuel Combustion,CO2eq,t,661817.9823
10299,2023,Usine de Bouletage de Port-Cartier,Port-Cartier,Quebec,50.0334,-66.791,212210,Iron Ore Mining,ArcelorMittal Exploitation Minière Canada s.e.n.c.,Industrial Processes,CO2eq,t,142394.284
10299,2023,Usine de Bouletage de Port-Cartier,Port-Cartier,Quebec,50.0334,-66.791,212210,Iron Ore Mining,ArcelorMittal Exploitation Minière Canada s.e.n.c.,On-site Transportation,CO2eq,t,275.1744
10300,2023,Aluminerie de Deschambault,DESCHAMBAULT,Quebec,46.69317,-71.94488,331313,Primary Production of Alumina and Aluminum,Compagnie de gestion Alcoa - Lauralco,Stationary Fuel Combustion,CO2eq,t,33537.9
10300,2023,Aluminerie de Deschambault,DESCHAMBAULT,Quebec,46.69317,-71.94488,331313,Primary Production of Alumina and Aluminum,Compagnie de gestion Alcoa - Lauralco,Industrial Processes,CO2eq,t,482459.8888
10300,2023,Aluminerie de Deschambault,DESCHAMBAULT,Quebec,46.69317,-71.94488,331313,Primary Production of Alumina and Aluminum,Compagnie de gestion Alcoa - Lauralco,On-site Transportation,CO2eq,t,1539.295
10306,2023,Usine Grande-Baie,LA BAIE,Quebec,48.1821,-70.5536,331313,Primary Production of Alumina and Aluminum,Rio Tinto Alcan Inc,Stationary Fuel Combustion,CO2eq,t,65115.66387
10306,2023,Usine Grande-Baie,LA BAIE,Quebec,48.1821,-70.5536,331313,Primary Production of Alumina and Aluminum,Rio Tinto Alcan Inc,Industrial Processes,CO2eq,t,474543.9285
10306,2023,Usine Grande-Baie,LA BAIE,Quebec,48.1821,-70.5536,331313,Primary Production of Alumina and Aluminum,Rio Tinto Alcan Inc,On-site Transportation,CO2eq,t,1181.94495
10307,2023,Usine Laterrière,Laterriere,Quebec,48.3007,-71.1289,331313,Primary Production of Alumina and Aluminum,Rio Tinto Alcan Inc,Stationary Fuel Combustion,CO2eq,t,16382.49659
10307,2023,Usine Laterrière,Laterriere,Quebec,48.3007,-71.1289,331313,Primary Production of Alumina and Aluminum,Rio Tinto Alcan Inc,Industrial Processes,CO2eq,t,495309.299
10307,2023,Usine Laterrière,Laterriere,Quebec,48.3007,-71.1289,331313,Primary Production of Alumina and Aluminum,Rio Tinto Alcan Inc,On-site Transportation,CO2eq,t,1424.582525
10350,2023,Wabush Mines - Scully,Wabush,Newfoundland and Labrador,52.907,-66.9105,212210,Iron Ore Mining,Tacora Resources Inc.,Stationary Fuel Combustion,CO2eq,t,76711.7527
10350,2023,Wabush Mines - Scully,Wabush,Newfoundland and Labrador,52.907,-66.9105,212210,Iron Ore Mining,Tacora Resources Inc.,Industrial Processes,CO2eq,t,1718.3632
10350,2023,Wabush Mines - Scully,Wabush,Newfoundland and Labrador,52.907,-66.9105,212210,Iron Ore Mining,Tacora Resources Inc.,On-site Transportation,CO2eq,t,32073.3338
10369,2023,ArcelorMittal Contrecoeur Ouest,Contrecoeur,Quebec,45.8206,-73.2661,331110,Iron and Steel Mills and Ferro-Alloy Manufacturing,ArcelorMittal Produits Longs Canada s.e.n.c,Stationary Fuel Combustion,CO2eq,t,34401.43255
10369,2023,ArcelorMittal Contrecoeur Ouest,Contrecoeur,Quebec,45.8206,-73.2661,331110,Iron and Steel Mills and Ferro-Alloy Manufacturing,ArcelorMittal Produits Longs Canada s.e.n.c,Industrial Processes,CO2eq,t,59274.517
10369,2023,ArcelorMittal Contrecoeur Ouest,Contrecoeur,Quebec,45.8206,-73.2661,331110,Iron and Steel Mills and Ferro-Alloy Manufacturing,ArcelorMittal Produits Longs Canada s.e.n.c,On-site Transportation,CO2eq,t,874.69994
10385,2023,Teck Highland Valley Copper Partnership,Logan Lake,British Columbia,50.47235,-121.02132,212233,Copper-Zinc Ore Mining,Teck Highland Valley Copper Partnership,Stationary Fuel Combustion,CO2eq,t,16651.407
10385,2023,Teck Highland Valley Copper Partnership,Logan Lake,British Columbia,50.47235,-121.02132,212233,Copper-Zinc Ore Mining,Teck Highland Valley Copper Partnership,On-site Transportation,CO2eq,t,167532.0472
10398,2023,Sudbury Integrated Nickel Operations Smelter,Falconbridge,Ontario,46.5775,-80.8042,331410,Non-Ferrous Metal (except Aluminum) Smelting and Refining,Glencore Canada Corporation,Leakage / Fuites,CO2eq,t,1.512
10398,2023,Sudbury Integrated Nickel Operations Smelter,Falconbridge,Ontario,46.5775,-80.8042,331410,Non-Ferrous Metal (except Aluminum) Smelting and Refining,Glencore Canada Corporation,Stationary Fuel Combustion,CO2eq,t,22716.91793
10398,2023,Sudbury Integrated Nickel Operations Smelter,Falconbridge,Ontario,46.5775,-80.8042,331410,Non-Ferrous Metal (except Aluminum) Smelting and Refining,Glencore Canada Corporation,Industrial Processes,CO2eq,t,83883.8858
10398,2023,Sudbury Integrated Nickel Operations Smelter,Falconbridge,Ontario,46.5775,-80.8042,331410,Non-Ferrous Metal (except Aluminum) Smelting and Refining,Glencore Canada Corporation,On-site Transportation,CO2eq,t,3725.6792
10420,2023,AltaSteel Inc.,Edmonton,Alberta,53.5291,-113.3875,331110,Iron and Steel Mills and Ferro-Alloy Manufacturing,AltaSteel Inc.,Stationary Fuel Combustion,CO2eq,t,56601.86128
10420,2023,AltaSteel Inc.,Edmonton,Alberta,53.5291,-113.3875,331110,Iron and Steel Mills and Ferro-Alloy Manufacturing,AltaSteel Inc.,Industrial Processes,CO2eq,t,22136.39353
10420,2023,AltaSteel Inc.,Edmonton,Alberta,53.5291,-113.3875,331110,Iron and Steel Mills and Ferro-Alloy Manufacturing,AltaSteel Inc.,On-site Transportation,CO2eq,t,2009.83844
10468,2023,Musselwhite Mine,"N/A Concession, Kenora District",Ontario,52.60389,-90.36806,212220,Gold and Silver Ore Mining,GOLDCORP CANADA LTD,Stationary Fuel Combustion,CO2eq,t,20378.9029
10468,2023,Musselwhite Mine,"N/A Concession, Kenora District",Ontario,52.60389,-90.36806,212220,Gold and Silver Ore Mining,GOLDCORP CANADA LTD,Industrial Processes,CO2eq,t,285.722
10468,2023,Musselwhite Mine,"N/A Concession, Kenora District",Ontario,52.60389,-90.36806,212220,Gold and Silver Ore Mining,GOLDCORP CANADA LTD,On-site Transportation,CO2eq,t,16209.11911
10468,2023,Musselwhite Mine,"N/A Concession, Kenora District",Ontario,52.60389,-90.36806,212220,Gold and Silver Ore Mining,GOLDCORP CANADA LTD,Waste,CO2eq,t,1.030005
10569,2023,Thompson Operations,Thompson,Manitoba,55.7138,-97.8561,212232,Nickel-Copper Ore Mining,Vale Canada Ltd,Stationary Fuel Combustion,CO2eq,t,9485.89876
10569,2023,Thompson Operations,Thompson,Manitoba,55.7138,-97.8561,212232,Nickel-Copper Ore Mining,Vale Canada Ltd,On-site Transportation,CO2eq,t,9264.8444
10569,2023,Thompson Operations,Thompson,Manitoba,55.7138,-97.8561,212232,Nickel-Copper Ore Mining,Vale Canada Ltd,Waste,CO2eq,t,75.62976
10570,2023,Voisey's Bay Mine Site,HAPPY VALLEY-GOOSE BAY,Newfoundland and Labrador,56.33826,-62.09508,212232,Nickel-Copper Ore Mining,Vale Newfoundland and Labrador Limited,Stationary Fuel Combustion,CO2eq,t,132845.1649
10570,2023,Voisey's Bay Mine Site,HAPPY VALLEY-GOOSE BAY,Newfoundland and Labrador,56.33826,-62.09508,212232,Nickel-Copper Ore Mining,Vale Newfoundland and Labrador Limited,On-site Transportation,CO2eq,t,40943.10043
10578,2023,"Glencore Canada Corporation, CCR refinery",MONTRÉAL-EST,Quebec,45.6283,-73.5125,331410,Non-Ferrous Metal (except Aluminum) Smelting and Refining,Glencore Canada Corporation,Stationary Fuel Combustion,CO2eq,t,59459.8968
10578,2023,"Glencore Canada Corporation, CCR refinery",MONTRÉAL-EST,Quebec,45.6283,-73.5125,331410,Non-Ferrous Metal (except Aluminum) Smelting and Refining,Glencore Canada Corporation,Industrial Processes,CO2eq,t,89.483866
10578,2023,"Glencore Canada Corporation, CCR refinery",MONTRÉAL-EST,Quebec,45.6283,-73.5125,331410,Non-Ferrous Metal (except Aluminum) Smelting and Refining,Glencore Canada Corporation,On-site Transportation,CO2eq,t,258.3633
10579,2023,Glencore Canada Corporation - Fonderie Horne,Rouyn-Noranda,Quebec,48.25417,-79.01667,331410,Non-Ferrous Metal (except Aluminum) Smelting and Refining,Glencore Canada Corporation,Stationary Fuel Combustion,CO2eq,t,50295.70824
10579,2023,Glencore Canada Corporation - Fonderie Horne,Rouyn-Noranda,Quebec,48.25417,-79.01667,331410,Non-Ferrous Metal (except Aluminum) Smelting and Refining,Glencore Canada Corporation,Industrial Processes,CO2eq,t,65223.69074
10579,2023,Glencore Canada Corporation - Fonderie Horne,Rouyn-Noranda,Quebec,48.25417,-79.01667,331410,Non-Ferrous Metal (except Aluminum) Smelting and Refining,Glencore Canada Corporation,On-site Transportation,CO2eq,t,5370.906454
10580,2023,Sudbury Operations Mines Mill - Onaping Area,Onaping,Ontario,46.67417,-81.3425,212232,Nickel-Copper Ore Mining,Glencore Canada Corporation,Stationary Fuel Combustion,CO2eq,t,16820.365
10580,2023,Sudbury Operations Mines Mill - Onaping Area,Onaping,Ontario,46.67417,-81.3425,212232,Nickel-Copper Ore Mining,Glencore Canada Corporation,Industrial Processes,CO2eq,t,96.813
10580,2023,Sudbury Operations Mines Mill - Onaping Area,Onaping,Ontario,46.67417,-81.3425,212232,Nickel-Copper Ore Mining,Glencore Canada Corporation,On-site Transportation,CO2eq,t,7160.265
10580,2023,Sudbury Operations Mines Mill - Onaping Area,Onaping,Ontario,46.67417,-81.3425,212232,Nickel-Copper Ore Mining,Glencore Canada Corporation,Waste,CO2eq,t,919.212
10587,2023,Division Meadowbank,BAKER LAKE,Nunavut,65.0149,-96.0524,212220,Gold and Silver Ore Mining,Agnico Eagle Mines Ltd.  (DO NOT USE),Stationary Fuel Combustion,CO2eq,t,119968.8798
10587,2023,Division Meadowbank,BAKER LAKE,Nunavut,65.0149,-96.0524,212220,Gold and Silver Ore Mining,Agnico Eagle Mines Ltd.  (DO NOT USE),Industrial Processes,CO2eq,t,831.4358
10587,2023,Division Meadowbank,BAKER LAKE,Nunavut,65.0149,-96.0524,212220,Gold and Silver Ore Mining,Agnico Eagle Mines Ltd.  (DO NOT USE),On-site Transportation,CO2eq,t,132979.0262
10587,2023,Division Meadowbank,BAKER LAKE,Nunavut,65.0149,-96.0524,212220,Gold and Silver Ore Mining,Agnico Eagle Mines Ltd.  (DO NOT USE),Waste,CO2eq,t,28.385908
10589,2023,Mine de Fire Lake,Mont-Wright,Quebec,52.35028,-67.36917,212210,Iron Ore Mining,ArcelorMittal Exploitation Minière Canada s.e.n.c.,Stationary Fuel Combustion,CO2eq,t,4349.2976
10589,2023,Mine de Fire Lake,Mont-Wright,Quebec,52.35028,-67.36917,212210,Iron Ore Mining,ArcelorMittal Exploitation Minière Canada s.e.n.c.,Industrial Processes,CO2eq,t,2246.073
10589,2023,Mine de Fire Lake,Mont-Wright,Quebec,52.35028,-67.36917,212210,Iron Ore Mining,ArcelorMittal Exploitation Minière Canada s.e.n.c.,On-site Transportation,CO2eq,t,42718.7579
10613,2023,Mount Polley Mine,Likely,British Columbia,52.5443,-121.6328,212299,All Other Metal Ore Mining,Imperial Metals Corporation,Stationary Fuel Combustion,CO2eq,t,934.8328
10613,2023,Mount Polley Mine,Likely,British Columbia,52.5443,-121.6328,212299,All Other Metal Ore Mining,Imperial Metals Corporation,On-site Transportation,CO2eq,t,48533.8534
10614,2023,Ivaco Rolling Mills,L'Orignal,Ontario,45.6133,-74.705,331110,Iron and Steel Mills and Ferro-Alloy Manufacturing,Ivaco Rolling Mills 2004 L. P.,Stationary Fuel Combustion,CO2eq,t,60629.32715
10614,2023,Ivaco Rolling Mills,L'Orignal,Ontario,45.6133,-74.705,331110,Iron and Steel Mills and Ferro-Alloy Manufacturing,Ivaco Rolling Mills 2004 L. P.,Industrial Processes,CO2eq,t,44296.556
10614,2023,Ivaco Rolling Mills,L'Orignal,Ontario,45.6133,-74.705,331110,Iron and Steel Mills and Ferro-Alloy Manufacturing,Ivaco Rolling Mills 2004 L. P.,On-site Transportation,CO2eq,t,1761.18955
10617,2023,Macassa Mine,Kirkland Lake,Ontario,48.14611,-80.06056,212220,Gold and Silver Ore Mining,Agnico Eagle Mines Limited (MAIN),Stationary Fuel Combustion,CO2eq,t,19078.0413
10617,2023,Macassa Mine,Kirkland Lake,Ontario,48.14611,-80.06056,212220,Gold and Silver Ore Mining,Agnico Eagle Mines Limited (MAIN),On-site Transportation,CO2eq,t,6230.5486
10617,2023,Macassa Mine,Kirkland Lake,Ontario,48.14611,-80.06056,212220,Gold and Silver Ore Mining,Agnico Eagle Mines Limited (MAIN),Waste,CO2eq,t,7.2883
10643,2023,Tenaris Algoma Tubes,Sault Ste. Marie,Ontario,46.5297,-84.3688,331210,Iron and Steel Pipes and Tubes Manufacturing from Purchased Steel,Algoma Tubes Inc.,Stationary Fuel Combustion,CO2eq,t,84582.415
10643,2023,Tenaris Algoma Tubes,Sault Ste. Marie,Ontario,46.5297,-84.3688,331210,Iron and Steel Pipes and Tubes Manufacturing from Purchased Steel,Algoma Tubes Inc.,On-site Transportation,CO2eq,t,881.05
10647,2023,Tree Island Industries Ltd.,Richmond,British Columbia,49.1875,-122.95916,331222,Steel Wire Drawing,Tree Island Industries Ltd,Stationary Fuel Combustion,CO2eq,t,12508.88
10647,2023,Tree Island Industries Ltd.,Richmond,British Columbia,49.1875,-122.95916,331222,Steel Wire Drawing,Tree Island Industries Ltd,On-site Transportation,CO2eq,t,547.489
10657,2023,Quebec Silicon LP,Bécancour,Quebec,46.3712,-72.3881,331110,Iron and Steel Mills and Ferro-Alloy Manufacturing,Silicium Québec SEC,Leakage / Fuites,CO2eq,t,386.96
10657,2023,Quebec Silicon LP,Bécancour,Quebec,46.3712,-72.3881,331110,Iron and Steel Mills and Ferro-Alloy Manufacturing,Silicium Québec SEC,Stationary Fuel Combustion,CO2eq,t,2122.904141
10657,2023,Quebec Silicon LP,Bécancour,Quebec,46.3712,-72.3881,331110,Iron and Steel Mills and Ferro-Alloy Manufacturing,Silicium Québec SEC,Industrial Processes,CO2eq,t,181320.4199
10657,2023,Quebec Silicon LP,Bécancour,Quebec,46.3712,-72.3881,331110,Iron and Steel Mills and Ferro-Alloy Manufacturing,Silicium Québec SEC,On-site Transportation,CO2eq,t,714.202674
10657,2023,Quebec Silicon LP,Bécancour,Quebec,46.3712,-72.3881,331110,Iron and Steel Mills and Ferro-Alloy Manufacturing,Silicium Québec SEC,Wastewater,CO2eq,t,9.2652
10669,2023,Mine Canadian Malartic,Malartic,Quebec,48.12451,-78.12927,212220,Gold and Silver Ore Mining,Agnico Eagle Mines Limited (MAIN),Stationary Fuel Combustion,CO2eq,t,18204.68965
10669,2023,Mine Canadian Malartic,Malartic,Quebec,48.12451,-78.12927,212220,Gold and Silver Ore Mining,Agnico Eagle Mines Limited (MAIN),Industrial Processes,CO2eq,t,3606.62852
10669,2023,Mine Canadian Malartic,Malartic,Quebec,48.12451,-78.12927,212220,Gold and Silver Ore Mining,Agnico Eagle Mines Limited (MAIN),On-site Transportation,CO2eq,t,174003.3622
10678,2023,"Gerdau Ameristeel Corporation, Manitoba Mill",Selkirk,Manitoba,50.1302,-96.9013,331110,Iron and Steel Mills and Ferro-Alloy Manufacturing,Gerdau Ameristeel Corporation,Stationary Fuel Combustion,CO2eq,t,35658.7413
10678,2023,"Gerdau Ameristeel Corporation, Manitoba Mill",Selkirk,Manitoba,50.1302,-96.9013,331110,Iron and Steel Mills and Ferro-Alloy Manufacturing,Gerdau Ameristeel Corporation,Industrial Processes,CO2eq,t,6119.036009
10678,2023,"Gerdau Ameristeel Corporation, Manitoba Mill",Selkirk,Manitoba,50.1302,-96.9013,331110,Iron and Steel Mills and Ferro-Alloy Manufacturing,Gerdau Ameristeel Corporation,On-site Transportation,CO2eq,t,3479.969536
10679,2023,Gibraltar Mine (SFO),MCLEESE LAKE,British Columbia,52.5299,-122.2851,212233,Copper-Zinc Ore Mining,Gibraltar Mines Ltd.,Stationary Fuel Combustion,CO2eq,t,9873.214202
10679,2023,Gibraltar Mine (SFO),MCLEESE LAKE,British Columbia,52.5299,-122.2851,212233,Copper-Zinc Ore Mining,Gibraltar Mines Ltd.,On-site Transportation,CO2eq,t,119639.6699
10681,2023,Hope Bay Project,CAMBRIDGE BAY,Nunavut,68.13925,-106.61072,212220,Gold and Silver Ore Mining,TMAC Resources Inc.,Stationary Fuel Combustion,CO2eq,t,20015.73785
10681,2023,Hope Bay Project,CAMBRIDGE BAY,Nunavut,68.13925,-106.61072,212220,Gold and Silver Ore Mining,TMAC Resources Inc.,Industrial Processes,CO2eq,t,12.626632
10681,2023,Hope Bay Project,CAMBRIDGE BAY,Nunavut,68.13925,-106.61072,212220,Gold and Silver Ore Mining,TMAC Resources Inc.,On-site Transportation,CO2eq,t,5914.896822
10681,2023,Hope Bay Project,CAMBRIDGE BAY,Nunavut,68.13925,-106.61072,212220,Gold and Silver Ore Mining,TMAC Resources Inc.,Waste,CO2eq,t,987.54426
10681,2023,Hope Bay Project,CAMBRIDGE BAY,Nunavut,68.13925,-106.61072,212220,Gold and Silver Ore Mining,TMAC Resources Inc.,Wastewater,CO2eq,t,1.811381
10722,2023,Mine du Lac Bloom,Fermont,Quebec,52.85235,-67.25387,212210,Iron Ore Mining,MINERAI DE FER QUÉBEC INC.,Stationary Fuel Combustion,CO2eq,t,12717.207
10722,2023,Mine du Lac Bloom,Fermont,Quebec,52.85235,-67.25387,212210,Iron Ore Mining,MINERAI DE FER QUÉBEC INC.,Industrial Processes,CO2eq,t,6351.50483
10722,2023,Mine du Lac Bloom,Fermont,Quebec,52.85235,-67.25387,212210,Iron Ore Mining,MINERAI DE FER QUÉBEC INC.,On-site Transportation,CO2eq,t,100086.4226
10738,2023,"Gerdau Ameristeel Corporation, Cambridge Mill",Cambridge,Ontario,43.3706,-80.284,331110,Iron and Steel Mills and Ferro-Alloy Manufacturing,Gerdau Ameristeel Corporation,Stationary Fuel Combustion,CO2eq,t,14701.06741
10738,2023,"Gerdau Ameristeel Corporation, Cambridge Mill",Cambridge,Ontario,43.3706,-80.284,331110,Iron and Steel Mills and Ferro-Alloy Manufacturing,Gerdau Ameristeel Corporation,On-site Transportation,CO2eq,t,82.1274
10765,2023,Detour Lake Project,Cochrane,Ontario,50.0171,-79.70393,212220,Gold and Silver Ore Mining,Agnico Eagle Mines Limited (MAIN),Stationary Fuel Combustion,CO2eq,t,11922.52427
10765,2023,Detour Lake Project,Cochrane,Ontario,50.0171,-79.70393,212220,Gold and Silver Ore Mining,Agnico Eagle Mines Limited (MAIN),On-site Transportation,CO2eq,t,278816.6909
10765,2023,Detour Lake Project,Cochrane,Ontario,50.0171,-79.70393,212220,Gold and Silver Ore Mining,Agnico Eagle Mines Limited (MAIN),Waste,CO2eq,t,3869.10245
10765,2023,Detour Lake Project,Cochrane,Ontario,50.0171,-79.70393,212220,Gold and Silver Ore Mining,Agnico Eagle Mines Limited (MAIN),Wastewater,CO2eq,t,0.0795
10785,2023,Myra Falls Mine Ltd.,Campbell River,British Columbia,49.57694,-125.60194,212233,Copper-Zinc Ore Mining,Myra Falls Mine Ltd,Stationary Fuel Combustion,CO2eq,t,34048.0483
10791,2023,Aluminerie Arvida - Centre technologique AP60,Jonquière,Quebec,48.43193,-71.15674,331313,Primary Production of Alumina and Aluminum,Rio Tinto Alcan Inc,Stationary Fuel Combustion,CO2eq,t,2603.4855
10791,2023,Aluminerie Arvida - Centre technologique AP60,Jonquière,Quebec,48.43193,-71.15674,331313,Primary Production of Alumina and Aluminum,Rio Tinto Alcan Inc,Industrial Processes,CO2eq,t,101860.1348
10791,2023,Aluminerie Arvida - Centre technologique AP60,Jonquière,Quebec,48.43193,-71.15674,331313,Primary Production of Alumina and Aluminum,Rio Tinto Alcan Inc,On-site Transportation,CO2eq,t,420.51155
10810,2023,Long Harbour Operations,Long Harbour,Newfoundland and Labrador,47.40889,-53.81167,331410,Non-Ferrous Metal (except Aluminum) Smelting and Refining,Vale Newfoundland and Labrador Limited,Stationary Fuel Combustion,CO2eq,t,20858.95
10810,2023,Long Harbour Operations,Long Harbour,Newfoundland and Labrador,47.40889,-53.81167,331410,Non-Ferrous Metal (except Aluminum) Smelting and Refining,Vale Newfoundland and Labrador Limited,Industrial Processes,CO2eq,t,17394.0
10810,2023,Long Harbour Operations,Long Harbour,Newfoundland and Labrador,47.40889,-53.81167,331410,Non-Ferrous Metal (except Aluminum) Smelting and Refining,Vale Newfoundland and Labrador Limited,On-site Transportation,CO2eq,t,2784.71
10835,2023,Mary River Mine Site,,Nunavut,71.3146,-79.28194,212210,Iron Ore Mining,Baffinland Iron Mines Corporation,Stationary Fuel Combustion,CO2eq,t,23746.85678
10835,2023,Mary River Mine Site,,Nunavut,71.3146,-79.28194,212210,Iron Ore Mining,Baffinland Iron Mines Corporation,On-site Transportation,CO2eq,t,66307.55487
10835,2023,Mary River Mine Site,,Nunavut,71.3146,-79.28194,212210,Iron Ore Mining,Baffinland Iron Mines Corporation,Waste,CO2eq,t,54.29224
10835,2023,Mary River Mine Site,,Nunavut,71.3146,-79.28194,212210,Iron Ore Mining,Baffinland Iron Mines Corporation,Wastewater,CO2eq,t,0.315045
10857,2023,Williams Mine,MARATHON,Ontario,48.6942,-85.9188,212220,Gold and Silver Ore Mining,Williams Operating Corporation,Stationary Fuel Combustion,CO2eq,t,9309.383
10857,2023,Williams Mine,MARATHON,Ontario,48.6942,-85.9188,212220,Gold and Silver Ore Mining,Williams Operating Corporation,On-site Transportation,CO2eq,t,9938.8874
10863,2023,Meliadine Gold Project,Rankin Inlet,Nunavut,63.22417,-92.13417,212220,Gold and Silver Ore Mining,Agnico Eagle Mines Limited (DO NOT USE),Stationary Fuel Combustion,CO2eq,t,96422.14614
10863,2023,Meliadine Gold Project,Rankin Inlet,Nunavut,63.22417,-92.13417,212220,Gold and Silver Ore Mining,Agnico Eagle Mines Limited (DO NOT USE),Industrial Processes,CO2eq,t,47.3213
10863,2023,Meliadine Gold Project,Rankin Inlet,Nunavut,63.22417,-92.13417,212220,Gold and Silver Ore Mining,Agnico Eagle Mines Limited (DO NOT USE),On-site Transportation,CO2eq,t,38083.61465
10863,2023,Meliadine Gold Project,Rankin Inlet,Nunavut,63.22417,-92.13417,212220,Gold and Silver Ore Mining,Agnico Eagle Mines Limited (DO NOT USE),Waste,CO2eq,t,3574.82699
10873,2023,Brucejack Gold Mine,Stewart,British Columbia,56.46624,-130.18596,212220,Gold and Silver Ore Mining,Pretium Resources Inc.,Stationary Fuel Combustion,CO2eq,t,9516.069
10873,2023,Brucejack Gold Mine,Stewart,British Columbia,56.46624,-130.18596,212220,Gold and Silver Ore Mining,Pretium Resources Inc.,On-site Transportation,CO2eq,t,17816.738
10873,2023,Brucejack Gold Mine,Stewart,British Columbia,56.46624,-130.18596,212220,Gold and Silver Ore Mining,Pretium Resources Inc.,Wastewater,CO2eq,t,2.81695
10890,2023,Seabee,Saskatoon,Saskatchewan,55.241,-103.2255,212220,Gold and Silver Ore Mining,SGO Mining Inc.,Stationary Fuel Combustion,CO2eq,t,2841.1823
10890,2023,Seabee,Saskatoon,Saskatchewan,55.241,-103.2255,212220,Gold and Silver Ore Mining,SGO Mining Inc.,Industrial Processes,CO2eq,t,1175.0
10890,2023,Seabee,Saskatoon,Saskatchewan,55.241,-103.2255,212220,Gold and Silver Ore Mining,SGO Mining Inc.,On-site Transportation,CO2eq,t,9009.393
10890,2023,Seabee,Saskatoon,Saskatchewan,55.241,-103.2255,212220,Gold and Silver Ore Mining,SGO Mining Inc.,Waste,CO2eq,t,298.614
10900,2023,Milne Port Site,,Nunavut,71.88444,-80.88611,212210,Iron Ore Mining,Baffinland Iron Mines Corporation,Stationary Fuel Combustion,CO2eq,t,17442.86359
10900,2023,Milne Port Site,,Nunavut,71.88444,-80.88611,212210,Iron Ore Mining,Baffinland Iron Mines Corporation,On-site Transportation,CO2eq,t,61166.45214
10900,2023,Milne Port Site,,Nunavut,71.88444,-80.88611,212210,Iron Ore Mining,Baffinland Iron Mines Corporation,Waste,CO2eq,t,117.71143
10900,2023,Milne Port Site,,Nunavut,71.88444,-80.88611,212210,Iron Ore Mining,Baffinland Iron Mines Corporation,Wastewater,CO2eq,t,0.11998
10903,2023,SOCIÉTÉ EN COMMANDITE REVENU NORANDA - VALLEYFIELD,Salaberry de Valleyfield,Quebec,45.2281,-74.1031,331410,Non-Ferrous Metal (except Aluminum) Smelting and Refining,Société en commandite Revenu Noranda,Stationary Fuel Combustion,CO2eq,t,44037.317
10903,2023,SOCIÉTÉ EN COMMANDITE REVENU NORANDA - VALLEYFIELD,Salaberry de Valleyfield,Quebec,45.2281,-74.1031,331410,Non-Ferrous Metal (except Aluminum) Smelting and Refining,Société en commandite Revenu Noranda,Industrial Processes,CO2eq,t,4470.46
10903,2023,SOCIÉTÉ EN COMMANDITE REVENU NORANDA - VALLEYFIELD,Salaberry de Valleyfield,Quebec,45.2281,-74.1031,331410,Non-Ferrous Metal (except Aluminum) Smelting and Refining,Société en commandite Revenu Noranda,On-site Transportation,CO2eq,t,1148.137293
10904,2023,Casa Berardi,Municipalité Eeyou Istchee Baie-James,Quebec,49.3357,-79.1646,212220,Gold and Silver Ore Mining,Hecla Québec Inc.,Stationary Fuel Combustion,CO2eq,t,3321.848
10904,2023,Casa Berardi,Municipalité Eeyou Istchee Baie-James,Quebec,49.3357,-79.1646,212220,Gold and Silver Ore Mining,Hecla Québec Inc.,On-site Transportation,CO2eq,t,30085.81
10907,2023,La Mine Niobec,Saint-Honoré,Quebec,48.5322,-71.1578,212299,All Other Metal Ore Mining,Magris Ressources,Stationary Fuel Combustion,CO2eq,t,6551.266
10907,2023,La Mine Niobec,Saint-Honoré,Quebec,48.5322,-71.1578,212299,All Other Metal Ore Mining,Magris Ressources,On-site Transportation,CO2eq,t,5925.675
10908,2023,McClean Lake Operations,Saskatoon,Saskatchewan,58.25,-103.91694,212291,Uranium Ore Mining,Orano Canada Inc.,Stationary Fuel Combustion,CO2eq,t,19476.0909
10908,2023,McClean Lake Operations,Saskatoon,Saskatchewan,58.25,-103.91694,212291,Uranium Ore Mining,Orano Canada Inc.,Industrial Processes,CO2eq,t,1731.8609
10908,2023,McClean Lake Operations,Saskatoon,Saskatchewan,58.25,-103.91694,212291,Uranium Ore Mining,Orano Canada Inc.,On-site Transportation,CO2eq,t,1785.0853
10908,2023,McClean Lake Operations,Saskatoon,Saskatchewan,58.25,-103.91694,212291,Uranium Ore Mining,Orano Canada Inc.,Waste,CO2eq,t,547.0516
10908,2023,McClean Lake Operations,Saskatoon,Saskatchewan,58.25,-103.91694,212291,Uranium Ore Mining,Orano Canada Inc.,Wastewater,CO2eq,t,86.6994
10911,2023,La mine Doyon,Preissac,Quebec,48.2591,-78.5254,212220,Gold and Silver Ore Mining,Iamgold Corporation,Stationary Fuel Combustion,CO2eq,t,3126.264
10911,2023,La mine Doyon,Preissac,Quebec,48.2591,-78.5254,212220,Gold and Silver Ore Mining,Iamgold Corporation,On-site Transportation,CO2eq,t,13291.502
10912,2023,Timmins Micronizing Plant,Timmins,Ontario,48.4745,-81.318,212398,All Other Non-Metallic Mineral Mining and Quarrying,Magris Talc Canada Inc.,Stationary Fuel Combustion,CO2eq,t,13110.48531
10912,2023,Timmins Micronizing Plant,Timmins,Ontario,48.4745,-81.318,212398,All Other Non-Metallic Mineral Mining and Quarrying,Magris Talc Canada Inc.,On-site Transportation,CO2eq,t,259.107928
10913,2023,Key Lake Operation,Saskatoon,Saskatchewan,57.21194,-105.67861,212291,Uranium Ore Mining,Cameco Corporation,Stationary Fuel Combustion,CO2eq,t,32608.8769
10913,2023,Key Lake Operation,Saskatoon,Saskatchewan,57.21194,-105.67861,212291,Uranium Ore Mining,Cameco Corporation,Industrial Processes,CO2eq,t,2282.2442
10913,2023,Key Lake Operation,Saskatoon,Saskatchewan,57.21194,-105.67861,212291,Uranium Ore Mining,Cameco Corporation,On-site Transportation,CO2eq,t,2682.4483
10913,2023,Key Lake Operation,Saskatoon,Saskatchewan,57.21194,-105.67861,212291,Uranium Ore Mining,Cameco Corporation,Waste,CO2eq,t,1385.4
10913,2023,Key Lake Operation,Saskatoon,Saskatchewan,57.21194,-105.67861,212291,Uranium Ore Mining,Cameco Corporation,Wastewater,CO2eq,t,41.8663
10917,2023,Island Gold Mine,Dubreuilville,Ontario,48.35028,-84.55278,212220,Gold and Silver Ore Mining,Alamos Gold Incorporated,Stationary Fuel Combustion,CO2eq,t,4486.835
10917,2023,Island Gold Mine,Dubreuilville,Ontario,48.35028,-84.55278,212220,Gold and Silver Ore Mining,Alamos Gold Incorporated,Industrial Processes,CO2eq,t,28.6
10917,2023,Island Gold Mine,Dubreuilville,Ontario,48.35028,-84.55278,212220,Gold and Silver Ore Mining,Alamos Gold Incorporated,On-site Transportation,CO2eq,t,15582.762
10917,2023,Island Gold Mine,Dubreuilville,Ontario,48.35028,-84.55278,212220,Gold and Silver Ore Mining,Alamos Gold Incorporated,Waste,CO2eq,t,9.768
10921,2023,HBMS Chisel Lake Mine,Snow Lake,Manitoba,54.83,-100.12,212233,Copper-Zinc Ore Mining,Hudbay Minerals,Stationary Fuel Combustion,CO2eq,t,13183.6272
10921,2023,HBMS Chisel Lake Mine,Snow Lake,Manitoba,54.83,-100.12,212233,Copper-Zinc Ore Mining,Hudbay Minerals,On-site Transportation,CO2eq,t,10121.173
10922,2023,McArthur River Operation,Saskatoon,Saskatchewan,57.75556,-105.065,212291,Uranium Ore Mining,Cameco Corporation,Stationary Fuel Combustion,CO2eq,t,18394.0273
10922,2023,McArthur River Operation,Saskatoon,Saskatchewan,57.75556,-105.065,212291,Uranium Ore Mining,Cameco Corporation,Industrial Processes,CO2eq,t,14.0118
10922,2023,McArthur River Operation,Saskatoon,Saskatchewan,57.75556,-105.065,212291,Uranium Ore Mining,Cameco Corporation,On-site Transportation,CO2eq,t,3776.3987
10922,2023,McArthur River Operation,Saskatoon,Saskatchewan,57.75556,-105.065,212291,Uranium Ore Mining,Cameco Corporation,Waste,CO2eq,t,126.42
10922,2023,McArthur River Operation,Saskatoon,Saskatchewan,57.75556,-105.065,212291,Uranium Ore Mining,Cameco Corporation,Wastewater,CO2eq,t,48.8928
10923,2023,Cigar Lake Operation,Sasktoon,Saskatchewan,58.0676,-104.542,212291,Uranium Ore Mining,Cameco Corporation,Stationary Fuel Combustion,CO2eq,t,12976.0218
10923,2023,Cigar Lake Operation,Sasktoon,Saskatchewan,58.0676,-104.542,212291,Uranium Ore Mining,Cameco Corporation,Industrial Processes,CO2eq,t,8.5812
10923,2023,Cigar Lake Operation,Sasktoon,Saskatchewan,58.0676,-104.542,212291,Uranium Ore Mining,Cameco Corporation,On-site Transportation,CO2eq,t,6831.3372
10923,2023,Cigar Lake Operation,Sasktoon,Saskatchewan,58.0676,-104.542,212291,Uranium Ore Mining,Cameco Corporation,Waste,CO2eq,t,134.736
10923,2023,Cigar Lake Operation,Sasktoon,Saskatchewan,58.0676,-104.542,212291,Uranium Ore Mining,Cameco Corporation,Wastewater,CO2eq,t,62.9807
10924,2023,Porcupine Gold Mines,South Porcupine,Ontario,48.46306,-81.2475,212220,Gold and Silver Ore Mining,GOLDCORP CANADA LTD,Stationary Fuel Combustion,CO2eq,t,10611.876
10924,2023,Porcupine Gold Mines,South Porcupine,Ontario,48.46306,-81.2475,212220,Gold and Silver Ore Mining,GOLDCORP CANADA LTD,Industrial Processes,CO2eq,t,17.485
10924,2023,Porcupine Gold Mines,South Porcupine,Ontario,48.46306,-81.2475,212220,Gold and Silver Ore Mining,GOLDCORP CANADA LTD,On-site Transportation,CO2eq,t,43153.4005
10926,2023,Impala Canada Ltd.,Thunder Bay,Ontario,49.16168,-89.61435,212299,All Other Metal Ore Mining,Impala Canada Ltd.,Stationary Fuel Combustion,CO2eq,t,19038.309
10926,2023,Impala Canada Ltd.,Thunder Bay,Ontario,49.16168,-89.61435,212299,All Other Metal Ore Mining,Impala Canada Ltd.,On-site Transportation,CO2eq,t,37069.073
10929,2023,Lake Shore Gold Timmins West Mine,Timmins,Ontario,48.384,-81.5575,212220,Gold and Silver Ore Mining,Lake Shore Gold,Stationary Fuel Combustion,CO2eq,t,3976.7747
10929,2023,Lake Shore Gold Timmins West Mine,Timmins,Ontario,48.384,-81.5575,212220,Gold and Silver Ore Mining,Lake Shore Gold,On-site Transportation,CO2eq,t,8442.439
10930,2023,McEwen Ontario Black Fox Mine,Matheson,Ontario,48.3,-80.21,212220,Gold and Silver Ore Mining,McEwen Mining,Stationary Fuel Combustion,CO2eq,t,3986.1363
10930,2023,McEwen Ontario Black Fox Mine,Matheson,Ontario,48.3,-80.21,212220,Gold and Silver Ore Mining,McEwen Mining,On-site Transportation,CO2eq,t,4663.342
10931,2023,Bell Creek Complex,Porcupine,Ontario,48.5523,-81.173,212220,Gold and Silver Ore Mining,Lake Shore Gold,Stationary Fuel Combustion,CO2eq,t,4436.12054
10931,2023,Bell Creek Complex,Porcupine,Ontario,48.5523,-81.173,212220,Gold and Silver Ore Mining,Lake Shore Gold,On-site Transportation,CO2eq,t,7715.822
11046,2023,Great Lakes Copper Ltd.,London,Ontario,43.0233,-81.1842,331420,"Copper Rolling, Drawing, Extruding and Alloying",Great Lakes Copper Ltd.,Stationary Fuel Combustion,CO2eq,t,10419.29885
11046,2023,Great Lakes Copper Ltd.,London,Ontario,43.0233,-81.1842,331420,"Copper Rolling, Drawing, Extruding and Alloying",Great Lakes Copper Ltd.,On-site Transportation,CO2eq,t,101.247058
11095,2023,INFASCO,Marieville,Quebec,45.431,-73.1673,331221,Cold-Rolled Steel Shape Manufacturing,Ifastgroupe,Stationary Fuel Combustion,CO2eq,t,14922.116
11095,2023,INFASCO,Marieville,Quebec,45.431,-73.1673,331221,Cold-Rolled Steel Shape Manufacturing,Ifastgroupe,On-site Transportation,CO2eq,t,324.5511
11128,2023,Sivaco Québec,Marieville,Quebec,45.4372,-73.1676,331222,Steel Wire Drawing,Groupe des tréfileries Sivaco 2004,Stationary Fuel Combustion,CO2eq,t,10830.021
11128,2023,Sivaco Québec,Marieville,Quebec,45.4372,-73.1676,331222,Steel Wire Drawing,Groupe des tréfileries Sivaco 2004,On-site Transportation,CO2eq,t,268.914
11231,2023,ArcelorMittal Longueuil,Longueuil,Quebec,45.5663,-73.4579,331110,Iron and Steel Mills and Ferro-Alloy Manufacturing,ArcelorMittal Produits Longs Canada s.e.n.c,Stationary Fuel Combustion,CO2eq,t,24741.626
11231,2023,ArcelorMittal Longueuil,Longueuil,Quebec,45.5663,-73.4579,331110,Iron and Steel Mills and Ferro-Alloy Manufacturing,ArcelorMittal Produits Longs Canada s.e.n.c,On-site Transportation,CO2eq,t,38.714155
11361,2023,Welded Tube (Q&T Plant),Welland,Ontario,42.97077,-79.21057,331210,Iron and Steel Pipes and Tubes Manufacturing from Purchased Steel,Welded Tube of Canada Corp,Stationary Fuel Combustion,CO2eq,t,12101.35968
11361,2023,Welded Tube (Q&T Plant),Welland,Ontario,42.97077,-79.21057,331210,Iron and Steel Pipes and Tubes Manufacturing from Purchased Steel,Welded Tube of Canada Corp,On-site Transportation,CO2eq,t,915.602182
11368,2023,Valbruna ASW Inc.,Welland,Ontario,42.99864,-79.23453,331110,Iron and Steel Mills and Ferro-Alloy Manufacturing,Valbruna ASW Inc.,Stationary Fuel Combustion,CO2eq,t,14248.1696
11368,2023,Valbruna ASW Inc.,Welland,Ontario,42.99864,-79.23453,331110,Iron and Steel Mills and Ferro-Alloy Manufacturing,Valbruna ASW Inc.,Industrial Processes,CO2eq,t,4137.5184
11368,2023,Valbruna ASW Inc.,Welland,Ontario,42.99864,-79.23453,331110,Iron and Steel Mills and Ferro-Alloy Manufacturing,Valbruna ASW Inc.,On-site Transportation,CO2eq,t,517.6258
11375,2023,Young-Davidson,Matachewan,Ontario,47.94722,-80.67722,212220,Gold and Silver Ore Mining,Alamos Gold Incorporated,Stationary Fuel Combustion,CO2eq,t,11997.681
11375,2023,Young-Davidson,Matachewan,Ontario,47.94722,-80.67722,212220,Gold and Silver Ore Mining,Alamos Gold Incorporated,On-site Transportation,CO2eq,t,9637.076
11382,2023,Projet Nunavik Nickel,Kattiniq,Quebec,61.3239,-73.3234,212232,Nickel-Copper Ore Mining,Canadian Royalties inc.,Stationary Fuel Combustion,CO2eq,t,97714.08501
11382,2023,Projet Nunavik Nickel,Kattiniq,Quebec,61.3239,-73.3234,212232,Nickel-Copper Ore Mining,Canadian Royalties inc.,Industrial Processes,CO2eq,t,57.088425
11382,2023,Projet Nunavik Nickel,Kattiniq,Quebec,61.3239,-73.3234,212232,Nickel-Copper Ore Mining,Canadian Royalties inc.,On-site Transportation,CO2eq,t,36488.9626
11390,2023,Fonderie Bibby Sainte-Croix,Sainte-Croix,Quebec,46.6236,-71.7361,331511,Iron Foundries,Canada Pipe Co Ltd.,Stationary Fuel Combustion,CO2eq,t,15387.664
11390,2023,Fonderie Bibby Sainte-Croix,Sainte-Croix,Quebec,46.6236,-71.7361,331511,Iron Foundries,Canada Pipe Co Ltd.,Industrial Processes,CO2eq,t,178.74
11390,2023,Fonderie Bibby Sainte-Croix,Sainte-Croix,Quebec,46.6236,-71.7361,331511,Iron Foundries,Canada Pipe Co Ltd.,On-site Transportation,CO2eq,t,424.598
11496,2023,Rainy River Mine,Emo,Ontario,48.848,-94.003,212220,Gold and Silver Ore Mining,New Gold Inc.,Stationary Fuel Combustion,CO2eq,t,5799.445
11496,2023,Rainy River Mine,Emo,Ontario,48.848,-94.003,212220,Gold and Silver Ore Mining,New Gold Inc.,Industrial Processes,CO2eq,t,2798.0
11496,2023,Rainy River Mine,Emo,Ontario,48.848,-94.003,212220,Gold and Silver Ore Mining,New Gold Inc.,On-site Transportation,CO2eq,t,116396.414
11723,2023,Port Colborne Refinery,Port Colborne,Ontario,42.8826,-79.2405,331410,Non-Ferrous Metal (except Aluminum) Smelting and Refining,Vale Canada Ltd,Stationary Fuel Combustion,CO2eq,t,10822.8126
11723,2023,Port Colborne Refinery,Port Colborne,Ontario,42.8826,-79.2405,331410,Non-Ferrous Metal (except Aluminum) Smelting and Refining,Vale Canada Ltd,Industrial Processes,CO2eq,t,2785.33
11723,2023,Port Colborne Refinery,Port Colborne,Ontario,42.8826,-79.2405,331410,Non-Ferrous Metal (except Aluminum) Smelting and Refining,Vale Canada Ltd,On-site Transportation,CO2eq,t,51.66957
11730,2023,Usine Vaudreuil,Jonquière,Quebec,48.4257,-71.1718,331313,Primary Production of Alumina and Aluminum,Rio Tinto Alcan Inc,Stationary Fuel Combustion,CO2eq,t,405907.3813
11730,2023,Usine Vaudreuil,Jonquière,Quebec,48.4257,-71.1718,331313,Primary Production of Alumina and Aluminum,Rio Tinto Alcan Inc,Industrial Processes,CO2eq,t,71.5
11730,2023,Usine Vaudreuil,Jonquière,Quebec,48.4257,-71.1718,331313,Primary Production of Alumina and Aluminum,Rio Tinto Alcan Inc,On-site Transportation,CO2eq,t,672.861185
11734,2023,DSO Timmins Project,Menihek,Newfoundland and Labrador,54.88945,-67.0842,212210,Iron Ore Mining,Tata Steel Minerals Canada,Stationary Fuel Combustion,CO2eq,t,27406.785
11734,2023,DSO Timmins Project,Menihek,Newfoundland and Labrador,54.88945,-67.0842,212210,Iron Ore Mining,Tata Steel Minerals Canada,On-site Transportation,CO2eq,t,24189.618
11736,2023,North American Lithium,La Corne,Quebec,48.40579,-77.82782,212299,All Other Metal Ore Mining,North American Lithium inc.,Stationary Fuel Combustion,CO2eq,t,4082.6093
11736,2023,North American Lithium,La Corne,Quebec,48.40579,-77.82782,212299,All Other Metal Ore Mining,North American Lithium inc.,On-site Transportation,CO2eq,t,23160.239
11736,2023,North American Lithium,La Corne,Quebec,48.40579,-77.82782,212299,All Other Metal Ore Mining,North American Lithium inc.,Waste,CO2eq,t,3.58
11736,2023,North American Lithium,La Corne,Quebec,48.40579,-77.82782,212299,All Other Metal Ore Mining,North American Lithium inc.,Wastewater,CO2eq,t,1.226
11750,2023,ARCELORMITTAL WINDSOR A DIVISION OF ARCELORMITTAL DOFASCO G.P.,Windsor,Ontario,42.2605,-83.1002,331110,Iron and Steel Mills and Ferro-Alloy Manufacturing,ArcelorMittal Canada MP Inc. and ArcelorMittal Canada Inc. partners in ArcelorMittal Dofasco G.P.,Stationary Fuel Combustion,CO2eq,t,28859.17851
11765,2023,ArcelorMittal long Products Canada - Hamilton East,Hamilton,Ontario,43.2625,-79.7857,331222,Steel Wire Drawing,ArcelorMittal long Products Canada G.P.,Stationary Fuel Combustion,CO2eq,t,15280.7399
11765,2023,ArcelorMittal long Products Canada - Hamilton East,Hamilton,Ontario,43.2625,-79.7857,331222,Steel Wire Drawing,ArcelorMittal long Products Canada G.P.,On-site Transportation,CO2eq,t,315.28475
11766,2023,Sil Industrial Minerals Lamont Plant,Bruderheim,Alberta,53.9063,-112.92419,212398,All Other Non-Metallic Mineral Mining and Quarrying,543077 Alberta Ltd.,Stationary Fuel Combustion,CO2eq,t,16090.1171
11766,2023,Sil Industrial Minerals Lamont Plant,Bruderheim,Alberta,53.9063,-112.92419,212398,All Other Non-Metallic Mineral Mining and Quarrying,543077 Alberta Ltd.,On-site Transportation,CO2eq,t,4320.5461
11767,2023,Rio Tinto Fer et Titane inc. - HAVRE-SAINT-PIERRE,Havre-Saint-Pierre,Quebec,50.2435,-63.6064,212210,Iron Ore Mining,Rio Tinto Fer et Titane inc.,Stationary Fuel Combustion,CO2eq,t,2272.53
11767,2023,Rio Tinto Fer et Titane inc. - HAVRE-SAINT-PIERRE,Havre-Saint-Pierre,Quebec,50.2435,-63.6064,212210,Iron Ore Mining,Rio Tinto Fer et Titane inc.,Industrial Processes,CO2eq,t,152.0
11767,2023,Rio Tinto Fer et Titane inc. - HAVRE-SAINT-PIERRE,Havre-Saint-Pierre,Quebec,50.2435,-63.6064,212210,Iron Ore Mining,Rio Tinto Fer et Titane inc.,On-site Transportation,CO2eq,t,14358.595
11770,2023,Division Goldex,Val-d'Or,Quebec,48.0923,-77.874,212220,Gold and Silver Ore Mining,Agnico-Eagle Mines Lted (DO NOT USE),Stationary Fuel Combustion,CO2eq,t,4312.32
11770,2023,Division Goldex,Val-d'Or,Quebec,48.0923,-77.874,212220,Gold and Silver Ore Mining,Agnico-Eagle Mines Lted (DO NOT USE),On-site Transportation,CO2eq,t,9901.786
11794,2023,Division Laronde,Preissac,Quebec,48.2375,-78.3958,212220,Gold and Silver Ore Mining,MINES AGNICO EAGLE LIMITEE (DO NOT USE),Stationary Fuel Combustion,CO2eq,t,14923.98884
11794,2023,Division Laronde,Preissac,Quebec,48.2375,-78.3958,212220,Gold and Silver Ore Mining,MINES AGNICO EAGLE LIMITEE (DO NOT USE),Industrial Processes,CO2eq,t,678.959321
11794,2023,Division Laronde,Preissac,Quebec,48.2375,-78.3958,212220,Gold and Silver Ore Mining,MINES AGNICO EAGLE LIMITEE (DO NOT USE),On-site Transportation,CO2eq,t,29864.24483
11804,2023,Mine Éléonore,Rouyn-Noranda,Quebec,52.42083,-76.04389,212220,Gold and Silver Ore Mining,Goldcorp Canada Ltd,Stationary Fuel Combustion,CO2eq,t,10164.827
11804,2023,Mine Éléonore,Rouyn-Noranda,Quebec,52.42083,-76.04389,212220,Gold and Silver Ore Mining,Goldcorp Canada Ltd,Industrial Processes,CO2eq,t,381.168
11804,2023,Mine Éléonore,Rouyn-Noranda,Quebec,52.42083,-76.04389,212220,Gold and Silver Ore Mining,Goldcorp Canada Ltd,On-site Transportation,CO2eq,t,26699.567
11827,2023,IKO Madoc,MADOC,Ontario,44.4961,-77.5348,212398,All Other Non-Metallic Mineral Mining and Quarrying,IKO Industries Ltd.,Stationary Fuel Combustion,CO2eq,t,21536.9354
11827,2023,IKO Madoc,MADOC,Ontario,44.4961,-77.5348,212398,All Other Non-Metallic Mineral Mining and Quarrying,IKO Industries Ltd.,On-site Transportation,CO2eq,t,1200.92988
11878,2023,Max Aicher (North America) Limited,Hamilton,Ontario,43.26654,-79.82236,331221,Cold-Rolled Steel Shape Manufacturing,Max Aicher (North America) Limited,Stationary Fuel Combustion,CO2eq,t,20426.2183
11894,2023,Copper Mountain Mine,Princeton,British Columbia,49.34556,-120.51,212233,Copper-Zinc Ore Mining,Copper Mountain Mine (BC) Ltd.,Stationary Fuel Combustion,CO2eq,t,3089.75569
11894,2023,Copper Mountain Mine,Princeton,British Columbia,49.34556,-120.51,212233,Copper-Zinc Ore Mining,Copper Mountain Mine (BC) Ltd.,On-site Transportation,CO2eq,t,67228.886
11894,2023,Copper Mountain Mine,Princeton,British Columbia,49.34556,-120.51,212233,Copper-Zinc Ore Mining,Copper Mountain Mine (BC) Ltd.,Waste,CO2eq,t,82.936
11951,2023,Red Lake Operation,Balmertown,Ontario,51.0597,-93.74407,212220,Gold and Silver Ore Mining,Evolution Mining,Stationary Fuel Combustion,CO2eq,t,17155.39047
11951,2023,Red Lake Operation,Balmertown,Ontario,51.0597,-93.74407,212220,Gold and Silver Ore Mining,Evolution Mining,Industrial Processes,CO2eq,t,457.462
11951,2023,Red Lake Operation,Balmertown,Ontario,51.0597,-93.74407,212220,Gold and Silver Ore Mining,Evolution Mining,On-site Transportation,CO2eq,t,9060.244855
11951,2023,Red Lake Operation,Balmertown,Ontario,51.0597,-93.74407,212220,Gold and Silver Ore Mining,Evolution Mining,Waste,CO2eq,t,123.248643
11989,2023,ArcelorMittal Contrecoeur Est,Contrecoeur,Quebec,45.82055,-73.26362,331110,Iron and Steel Mills and Ferro-Alloy Manufacturing,ArcelorMittal Produits Longs Canada s.e.n.c,Stationary Fuel Combustion,CO2eq,t,105160.2075
11989,2023,ArcelorMittal Contrecoeur Est,Contrecoeur,Quebec,45.82055,-73.26362,331110,Iron and Steel Mills and Ferro-Alloy Manufacturing,ArcelorMittal Produits Longs Canada s.e.n.c,Industrial Processes,CO2eq,t,844763.2644
11989,2023,ArcelorMittal Contrecoeur Est,Contrecoeur,Quebec,45.82055,-73.26362,331110,Iron and Steel Mills and Ferro-Alloy Manufacturing,ArcelorMittal Produits Longs Canada s.e.n.c,On-site Transportation,CO2eq,t,3022.127355
12009,2023,NATT Tools Group Inc.,Hamilton,Ontario,43.2663,-79.829,331221,Cold-Rolled Steel Shape Manufacturing,NATT Tools Group Inc.,Stationary Fuel Combustion,CO2eq,t,9250.447
12009,2023,NATT Tools Group Inc.,Hamilton,Ontario,43.2663,-79.829,331221,Cold-Rolled Steel Shape Manufacturing,NATT Tools Group Inc.,On-site Transportation,CO2eq,t,1.1415
12010,2023,Touquoy Mine,Middle Musquodoboit,Nova Scotia,44.97361,-62.91917,212220,Gold and Silver Ore Mining,St Barbara Limited,Stationary Fuel Combustion,CO2eq,t,1299.692922
12010,2023,Touquoy Mine,Middle Musquodoboit,Nova Scotia,44.97361,-62.91917,212220,Gold and Silver Ore Mining,St Barbara Limited,Industrial Processes,CO2eq,t,7.25305
12010,2023,Touquoy Mine,Middle Musquodoboit,Nova Scotia,44.97361,-62.91917,212220,Gold and Silver Ore Mining,St Barbara Limited,On-site Transportation,CO2eq,t,2658.354814
12112,2023,Silvertip Mine,Vancouver,British Columbia,53.72667,-127.64762,212231,Lead-Zinc Ore Mining,Coeur Silvertip Holdings Ltd.,Stationary Fuel Combustion,CO2eq,t,12846.8202
12112,2023,Silvertip Mine,Vancouver,British Columbia,53.72667,-127.64762,212231,Lead-Zinc Ore Mining,Coeur Silvertip Holdings Ltd.,On-site Transportation,CO2eq,t,1366.9796
12182,2023,Toronto Facility,Mississauga,Ontario,43.6022,-79.5811,331490,"Non-Ferrous Metal (except Copper and Aluminum) Rolling, Drawing, Extruding and Alloying",Terrapure BR Ltd.,Stationary Fuel Combustion,CO2eq,t,8729.86
12182,2023,Toronto Facility,Mississauga,Ontario,43.6022,-79.5811,331490,"Non-Ferrous Metal (except Copper and Aluminum) Rolling, Drawing, Extruding and Alloying",Terrapure BR Ltd.,Industrial Processes,CO2eq,t,12020.0
12182,2023,Toronto Facility,Mississauga,Ontario,43.6022,-79.5811,331490,"Non-Ferrous Metal (except Copper and Aluminum) Rolling, Drawing, Extruding and Alloying",Terrapure BR Ltd.,On-site Transportation,CO2eq,t,291.818
12184,2023,Site Windfall,Lebel-sur-Quévillon,Quebec,49.07366,-75.6518,213119,Other Support Activities for Mining,Groupe Minier Windfall,Stationary Fuel Combustion,CO2eq,t,17471.8689
12184,2023,Site Windfall,Lebel-sur-Quévillon,Quebec,49.07366,-75.6518,213119,Other Support Activities for Mining,Groupe Minier Windfall,Industrial Processes,CO2eq,t,28.445
12298,2023,"Copper Cliff Mining, Smelting and Refining Complex",Copper Cliff,Ontario,46.4786,-81.0553,331410,Non-Ferrous Metal (except Aluminum) Smelting and Refining,Vale Canada Limited,Stationary Fuel Combustion,CO2eq,t,227201.8019
12298,2023,"Copper Cliff Mining, Smelting and Refining Complex",Copper Cliff,Ontario,46.4786,-81.0553,331410,Non-Ferrous Metal (except Aluminum) Smelting and Refining,Vale Canada Limited,Industrial Processes,CO2eq,t,67005.603
12298,2023,"Copper Cliff Mining, Smelting and Refining Complex",Copper Cliff,Ontario,46.4786,-81.0553,331410,Non-Ferrous Metal (except Aluminum) Smelting and Refining,Vale Canada Limited,On-site Transportation,CO2eq,t,31222.16479
12304,2023,Eagle River Mill,Wawa,Ontario,48.10601,-85.42365,212220,Gold and Silver Ore Mining,Wesdome Gold Mines Ltd.,Stationary Fuel Combustion,CO2eq,t,4598.213
12304,2023,Eagle River Mill,Wawa,Ontario,48.10601,-85.42365,212220,Gold and Silver Ore Mining,Wesdome Gold Mines Ltd.,On-site Transportation,CO2eq,t,7805.132
12304,2023,Eagle River Mill,Wawa,Ontario,48.10601,-85.42365,212220,Gold and Silver Ore Mining,Wesdome Gold Mines Ltd.,Waste,CO2eq,t,0.293
12404,2023,Eldorado Gold (Québec) Inc.,Val-d'Or,Quebec,48.63633,-77.45517,212220,Gold and Silver Ore Mining,Eldorado Gold (Québec) Inc.,Stationary Fuel Combustion,CO2eq,t,2550.1741
12404,2023,Eldorado Gold (Québec) Inc.,Val-d'Or,Quebec,48.63633,-77.45517,212220,Gold and Silver Ore Mining,Eldorado Gold (Québec) Inc.,On-site Transportation,CO2eq,t,12651.2205
12459,2023,Eagle Gold Mine,Vancouver,British Columbia,64.02,-135.81839,212220,Gold and Silver Ore Mining,Victoria Gold Corp.,Stationary Fuel Combustion,CO2eq,t,10648.81
12459,2023,Eagle Gold Mine,Vancouver,British Columbia,64.02,-135.81839,212220,Gold and Silver Ore Mining,Victoria Gold Corp.,On-site Transportation,CO2eq,t,43094.6251
12466,2023,Côté Gold,Gogama,Ontario,47.55556,-81.94055,212220,Gold and Silver Ore Mining,Iamgold Corporation,Stationary Fuel Combustion,CO2eq,t,3368.996
12466,2023,Côté Gold,Gogama,Ontario,47.55556,-81.94055,212220,Gold and Silver Ore Mining,Iamgold Corporation,On-site Transportation,CO2eq,t,87673.085
12553,2023,Red Chris Mine,Dease Lake,British Columbia,57.72573,-129.76764,212220,Gold and Silver Ore Mining,NEWCREST RED CHRIS MINING LIMITED,Stationary Fuel Combustion,CO2eq,t,4884.4849
12553,2023,Red Chris Mine,Dease Lake,British Columbia,57.72573,-129.76764,212220,Gold and Silver Ore Mining,NEWCREST RED CHRIS MINING LIMITED,On-site Transportation,CO2eq,t,90813.1376
12555,2023,Moly-Cop Canada,Kamloops,British Columbia,50.65726,-120.09649,331511,Iron Foundries,Moly-Cop Canada,Stationary Fuel Combustion,CO2eq,t,22598.46437
12555,2023,Moly-Cop Canada,Kamloops,British Columbia,50.65726,-120.09649,331511,Iron Foundries,Moly-Cop Canada,On-site Transportation,CO2eq,t,46.365468
12678,2023,Greenstone Mine,Geraldton,Ontario,49.66714,-86.92899,212220,Gold and Silver Ore Mining,Greenstone Gold Mines GP INC.,Stationary Fuel Combustion,CO2eq,t,11681.7086
12678,2023,Greenstone Mine,Geraldton,Ontario,49.66714,-86.92899,212220,Gold and Silver Ore Mining,Greenstone Gold Mines GP INC.,Industrial Processes,CO2eq,t,1040.8
12678,2023,Greenstone Mine,Geraldton,Ontario,49.66714,-86.92899,212220,Gold and Silver Ore Mining,Greenstone Gold Mines GP INC.,On-site Transportation,CO2eq,t,48894.519
12752,2023,Fayolle,Rouyn-Noranda,Quebec,48.25804621,-78.52513889,212220,Gold and Silver Ore Mining,Iamgold Corporation,On-site Transportation,CO2eq,t,2753.407
12841,2023,Goose Property,Goose Lake,Nunavut,65.54344,-106.43334,212220,Gold and Silver Ore Mining,B2Gold Back River Corp.,Stationary Fuel Combustion,CO2eq,t,17371.74195
12841,2023,Goose Property,Goose Lake,Nunavut,65.54344,-106.43334,212220,Gold and Silver Ore Mining,B2Gold Back River Corp.,On-site Transportation,CO2eq,t,3451.73664
12841,2023,Goose Property,Goose Lake,Nunavut,65.54344,-106.43334,212220,Gold and Silver Ore Mining,B2Gold Back River Corp.,Waste,CO2eq,t,348.26771
10010,2023,Rio Tinto Alcan Inc.,Kitimat,British Columbia,54.00286,-128.69531,331313,Primary Production of Alumina and Aluminum,Rio Tinto Alcan Inc,Total,CO2eq,t,809153.2871
10011,2023,Algoma Steel Inc,Sault Ste. Marie,Ontario,46.5217,-84.3637,331110,Iron and Steel Mills and Ferro-Alloy Manufacturing,Algoma Steel Inc.,Total,CO2eq,t,4292166.215
10012,2023,Aluminerie Alouette inc.,Sept-Îles,Quebec,50.1583,-66.4416,331313,Primary Production of Alumina and Aluminum,Aluminerie Alouette inc.,Total,CO2eq,t,1108309.929
10013,2023,Aluminerie de Baie-Comeau,BAIE-COMEAU,Quebec,49.2583,-68.1461,331313,Primary Production of Alumina and Aluminum,Ne pas prendre - Alcoa Canada Co.,Total,CO2eq,t,537948.072
10014,2023,Aluminerie de Bécancour inc.,Bécancour,Quebec,46.3829,-72.3874,331313,Primary Production of Alumina and Aluminum,Aluminerie de Bécancour inc.,Total,CO2eq,t,819812.9182
10052,2023,Carol Project,Labrador city,Newfoundland and Labrador,52.9565,-66.8936,212210,Iron Ore Mining,Iron Ore Company of Canada,Total,CO2eq,t,780515.9851
10076,2023,Rio Tinto Fer et Titane inc.- Complexe  de Sorel-Tracy,Sorel-Tracy,Quebec,46.0475,-73.13778,331110,Iron and Steel Mills and Ferro-Alloy Manufacturing,Rio Tinto Fer et Titane inc.,Total,CO2eq,t,885630.828
10091,2023,ArcelorMittal Dofasco,Hamilton,Ontario,43.2597,-79.8111,331110,Iron and Steel Mills and Ferro-Alloy Manufacturing,ArcelorMittal Canada MP Inc. and ArcelorMittal Canada Inc. partners in ArcelorMittal Dofasco G.P.,Total,CO2eq,t,4168283.508
10103,2023,Elkem Métal Chicoutimi,Chicoutimi,Quebec,48.4124,-71.1307,331110,Iron and Steel Mills and Ferro-Alloy Manufacturing,Elkem Metal Canada Inc.,Total,CO2eq,t,115961.1415
10119,2023,Fort Saskatchewan,Fort Saskatchewan,Alberta,53.7217,-113.1917,331410,Non-Ferrous Metal (except Aluminum) Smelting and Refining,Sherritt International Corporation,Total,CO2eq,t,305172.3589
10128,2023,"Gerdau Ameristeel Corporation, Whitby Mill",Whitby,Ontario,43.8578,-78.9097,331110,Iron and Steel Mills and Ferro-Alloy Manufacturing,Gerdau Ameristeel Corporation,Total,CO2eq,t,97157.44202
10150,2023,EVRAZ Inc NA Canada - Regina Facilities,RM of Sherwood,Saskatchewan,50.5176,-104.6301,331110,Iron and Steel Mills and Ferro-Alloy Manufacturing,EVRAZ Inc NA Canada,Total,CO2eq,t,213766.6593
10164,2023,Kidd Metallurgical Site,Timmins/District of Cochrane,Ontario,48.57373,-81.09115,212233,Copper-Zinc Ore Mining,Glencore,Total,CO2eq,t,29332.54573
10188,2023,Mine de Mont-Wright,Fermont,Quebec,52.76639,-67.33306,212210,Iron Ore Mining,ArcelorMittal Exploitation Minière Canada s.e.n.c.,Total,CO2eq,t,274896.1126
10240,2023,Mine Raglan,Rivière-Koksoak,Quebec,61.6916,-73.6666,212232,Nickel-Copper Ore Mining,Glencore,Total,CO2eq,t,157995.2209
10275,2023,Hamilton,Hamilton,Ontario,43.26438,-79.82723,331110,Iron and Steel Mills and Ferro-Alloy Manufacturing,Stelco Inc.,Total,CO2eq,t,254753.7319
10276,2023,Lake Erie,Haldimand County,Ontario,42.81,-80.0967,331110,Iron and Steel Mills and Ferro-Alloy Manufacturing,Stelco Inc.,Total,CO2eq,t,3781721.031
10289,2023,"Teck Metals Ltd, Trail Operations",Trail,British Columbia,49.10194,-117.71722,331410,Non-Ferrous Metal (except Aluminum) Smelting and Refining,"Teck Metals Ltd, Trail Operations",Total,CO2eq,t,372859.4441
10295,2023,Usine Alma,Alma,Quebec,48.5837,-71.6889,331313,Primary Production of Alumina and Aluminum,Rio Tinto Alcan Inc,Total,CO2eq,t,925447.6653
10296,2023,Usine Arvida,Saguenay,Quebec,48.4274,-71.1599,331313,Primary Production of Alumina and Aluminum,Rio Tinto Alcan Inc,Total,CO2eq,t,657778.1777
10299,2023,Usine de Bouletage de Port-Cartier,Port-Cartier,Quebec,50.0334,-66.791,212210,Iron Ore Mining,ArcelorMittal Exploitation Minière Canada s.e.n.c.,Total,CO2eq,t,804487.4407
10300,2023,Aluminerie de Deschambault,DESCHAMBAULT,Quebec,46.69317,-71.94488,331313,Primary Production of Alumina and Aluminum,Compagnie de gestion Alcoa - Lauralco,Total,CO2eq,t,517537.0838
10306,2023,Usine Grande-Baie,LA BAIE,Quebec,48.1821,-70.5536,331313,Primary Production of Alumina and Aluminum,Rio Tinto Alcan Inc,Total,CO2eq,t,540841.5373
10307,2023,Usine Laterrière,Laterriere,Quebec,48.3007,-71.1289,331313,Primary Production of Alumina and Aluminum,Rio Tinto Alcan Inc,Total,CO2eq,t,513116.3781
10350,2023,Wabush Mines - Scully,Wabush,Newfoundland and Labrador,52.907,-66.9105,212210,Iron Ore Mining,Tacora Resources Inc.,Total,CO2eq,t,110503.4497
10369,2023,ArcelorMittal Contrecoeur Ouest,Contrecoeur,Quebec,45.8206,-73.2661,331110,Iron and Steel Mills and Ferro-Alloy Manufacturing,ArcelorMittal Produits Longs Canada s.e.n.c,Total,CO2eq,t,94550.64949
10385,2023,Teck Highland Valley Copper Partnership,Logan Lake,British Columbia,50.47235,-121.02132,212233,Copper-Zinc Ore Mining,Teck Highland Valley Copper Partnership,Total,CO2eq,t,184183.4542
10398,2023,Sudbury Integrated Nickel Operations Smelter,Falconbridge,Ontario,46.5775,-80.8042,331410,Non-Ferrous Metal (except Aluminum) Smelting and Refining,Glencore Canada Corporation,Total,CO2eq,t,110327.9949
10420,2023,AltaSteel Inc.,Edmonton,Alberta,53.5291,-113.3875,331110,Iron and Steel Mills and Ferro-Alloy Manufacturing,AltaSteel Inc.,Total,CO2eq,t,80748.09325
10468,2023,Musselwhite Mine,"N/A Concession, Kenora District",Ontario,52.60389,-90.36806,212220,Gold and Silver Ore Mining,GOLDCORP CANADA LTD,Total,CO2eq,t,36874.77401
10569,2023,Thompson Operations,Thompson,Manitoba,55.7138,-97.8561,212232,Nickel-Copper Ore Mining,Vale Canada Ltd,Total,CO2eq,t,18826.37292
10570,2023,Voisey's Bay Mine Site,HAPPY VALLEY-GOOSE BAY,Newfoundland and Labrador,56.33826,-62.09508,212232,Nickel-Copper Ore Mining,Vale Newfoundland and Labrador Limited,Total,CO2eq,t,173788.2653
10578,2023,"Glencore Canada Corporation, CCR refinery",MONTRÉAL-EST,Quebec,45.6283,-73.5125,331410,Non-Ferrous Metal (except Aluminum) Smelting and Refining,Glencore Canada Corporation,Total,CO2eq,t,59807.74397
10579,2023,Glencore Canada Corporation - Fonderie Horne,Rouyn-Noranda,Quebec,48.25417,-79.01667,331410,Non-Ferrous Metal (except Aluminum) Smelting and Refining,Glencore Canada Corporation,Total,CO2eq,t,120890.3054
10580,2023,Sudbury Operations Mines Mill - Onaping Area,Onaping,Ontario,46.67417,-81.3425,212232,Nickel-Copper Ore Mining,Glencore Canada Corporation,Total,CO2eq,t,24996.655
10587,2023,Division Meadowbank,BAKER LAKE,Nunavut,65.0149,-96.0524,212220,Gold and Silver Ore Mining,Agnico Eagle Mines Ltd.  (DO NOT USE),Total,CO2eq,t,253807.7277
10589,2023,Mine de Fire Lake,Mont-Wright,Quebec,52.35028,-67.36917,212210,Iron Ore Mining,ArcelorMittal Exploitation Minière Canada s.e.n.c.,Total,CO2eq,t,49314.1285
10613,2023,Mount Polley Mine,Likely,British Columbia,52.5443,-121.6328,212299,All Other Metal Ore Mining,Imperial Metals Corporation,Total,CO2eq,t,49468.6862
10614,2023,Ivaco Rolling Mills,L'Orignal,Ontario,45.6133,-74.705,331110,Iron and Steel Mills and Ferro-Alloy Manufacturing,Ivaco Rolling Mills 2004 L. P.,Total,CO2eq,t,106687.0727
10617,2023,Macassa Mine,Kirkland Lake,Ontario,48.14611,-80.06056,212220,Gold and Silver Ore Mining,Agnico Eagle Mines Limited (MAIN),Total,CO2eq,t,25315.8782
10643,2023,Tenaris Algoma Tubes,Sault Ste. Marie,Ontario,46.5297,-84.3688,331210,Iron and Steel Pipes and Tubes Manufacturing from Purchased Steel,Algoma Tubes Inc.,Total,CO2eq,t,85463.465
10647,2023,Tree Island Industries Ltd.,Richmond,British Columbia,49.1875,-122.95916,331222,Steel Wire Drawing,Tree Island Industries Ltd,Total,CO2eq,t,13056.369
10657,2023,Quebec Silicon LP,Bécancour,Quebec,46.3712,-72.3881,331110,Iron and Steel Mills and Ferro-Alloy Manufacturing,Silicium Québec SEC,Total,CO2eq,t,184553.7519
10669,2023,Mine Canadian Malartic,Malartic,Quebec,48.12451,-78.12927,212220,Gold and Silver Ore Mining,Agnico Eagle Mines Limited (MAIN),Total,CO2eq,t,195814.6804
10678,2023,"Gerdau Ameristeel Corporation, Manitoba Mill",Selkirk,Manitoba,50.1302,-96.9013,331110,Iron and Steel Mills and Ferro-Alloy Manufacturing,Gerdau Ameristeel Corporation,Total,CO2eq,t,45257.74685
10679,2023,Gibraltar Mine (SFO),MCLEESE LAKE,British Columbia,52.5299,-122.2851,212233,Copper-Zinc Ore Mining,Gibraltar Mines Ltd.,Total,CO2eq,t,129512.8841
10681,2023,Hope Bay Project,CAMBRIDGE BAY,Nunavut,68.13925,-106.61072,212220,Gold and Silver Ore Mining,TMAC Resources Inc.,Total,CO2eq,t,26932.61695
10722,2023,Mine du Lac Bloom,Fermont,Quebec,52.85235,-67.25387,212210,Iron Ore Mining,MINERAI DE FER QUÉBEC INC.,Total,CO2eq,t,119155.1344
10738,2023,"Gerdau Ameristeel Corporation, Cambridge Mill",Cambridge,Ontario,43.3706,-80.284,331110,Iron and Steel Mills and Ferro-Alloy Manufacturing,Gerdau Ameristeel Corporation,Total,CO2eq,t,14783.19481
10765,2023,Detour Lake Project,Cochrane,Ontario,50.0171,-79.70393,212220,Gold and Silver Ore Mining,Agnico Eagle Mines Limited (MAIN),Total,CO2eq,t,294608.3971
10785,2023,Myra Falls Mine Ltd.,Campbell River,British Columbia,49.57694,-125.60194,212233,Copper-Zinc Ore Mining,Myra Falls Mine Ltd,Total,CO2eq,t,34048.0483
10791,2023,Aluminerie Arvida - Centre technologique AP60,Jonquière,Quebec,48.43193,-71.15674,331313,Primary Production of Alumina and Aluminum,Rio Tinto Alcan Inc,Total,CO2eq,t,104884.1319
10810,2023,Long Harbour Operations,Long Harbour,Newfoundland and Labrador,47.40889,-53.81167,331410,Non-Ferrous Metal (except Aluminum) Smelting and Refining,Vale Newfoundland and Labrador Limited,Total,CO2eq,t,41037.66
10835,2023,Mary River Mine Site,,Nunavut,71.3146,-79.28194,212210,Iron Ore Mining,Baffinland Iron Mines Corporation,Total,CO2eq,t,90109.01894
10857,2023,Williams Mine,MARATHON,Ontario,48.6942,-85.9188,212220,Gold and Silver Ore Mining,Williams Operating Corporation,Total,CO2eq,t,19248.2704
10863,2023,Meliadine Gold Project,Rankin Inlet,Nunavut,63.22417,-92.13417,212220,Gold and Silver Ore Mining,Agnico Eagle Mines Limited (DO NOT USE),Total,CO2eq,t,138127.9091
10873,2023,Brucejack Gold Mine,Stewart,British Columbia,56.46624,-130.18596,212220,Gold and Silver Ore Mining,Pretium Resources Inc.,Total,CO2eq,t,27335.62395
10890,2023,Seabee,Saskatoon,Saskatchewan,55.241,-103.2255,212220,Gold and Silver Ore Mining,SGO Mining Inc.,Total,CO2eq,t,13324.1893
10900,2023,Milne Port Site,,Nunavut,71.88444,-80.88611,212210,Iron Ore Mining,Baffinland Iron Mines Corporation,Total,CO2eq,t,78727.14714
10903,2023,SOCIÉTÉ EN COMMANDITE REVENU NORANDA - VALLEYFIELD,Salaberry de Valleyfield,Quebec,45.2281,-74.1031,331410,Non-Ferrous Metal (except Aluminum) Smelting and Refining,Société en commandite Revenu Noranda,Total,CO2eq,t,49655.91429
10904,2023,Casa Berardi,Municipalité Eeyou Istchee Baie-James,Quebec,49.3357,-79.1646,212220,Gold and Silver Ore Mining,Hecla Québec Inc.,Total,CO2eq,t,33407.658
10907,2023,La Mine Niobec,Saint-Honoré,Quebec,48.5322,-71.1578,212299,All Other Metal Ore Mining,Magris Ressources,Total,CO2eq,t,12476.941
10908,2023,McClean Lake Operations,Saskatoon,Saskatchewan,58.25,-103.91694,212291,Uranium Ore Mining,Orano Canada Inc.,Total,CO2eq,t,23626.7881
10911,2023,La mine Doyon,Preissac,Quebec,48.2591,-78.5254,212220,Gold and Silver Ore Mining,Iamgold Corporation,Total,CO2eq,t,16417.766
10912,2023,Timmins Micronizing Plant,Timmins,Ontario,48.4745,-81.318,212398,All Other Non-Metallic Mineral Mining and Quarrying,Magris Talc Canada Inc.,Total,CO2eq,t,13369.59324
10913,2023,Key Lake Operation,Saskatoon,Saskatchewan,57.21194,-105.67861,212291,Uranium Ore Mining,Cameco Corporation,Total,CO2eq,t,39000.8357
10917,2023,Island Gold Mine,Dubreuilville,Ontario,48.35028,-84.55278,212220,Gold and Silver Ore Mining,Alamos Gold Incorporated,Total,CO2eq,t,20107.965
10921,2023,HBMS Chisel Lake Mine,Snow Lake,Manitoba,54.83,-100.12,212233,Copper-Zinc Ore Mining,Hudbay Minerals,Total,CO2eq,t,23304.8002
10922,2023,McArthur River Operation,Saskatoon,Saskatchewan,57.75556,-105.065,212291,Uranium Ore Mining,Cameco Corporation,Total,CO2eq,t,22359.7506
10923,2023,Cigar Lake Operation,Sasktoon,Saskatchewan,58.0676,-104.542,212291,Uranium Ore Mining,Cameco Corporation,Total,CO2eq,t,20013.6569
10924,2023,Porcupine Gold Mines,South Porcupine,Ontario,48.46306,-81.2475,212220,Gold and Silver Ore Mining,GOLDCORP CANADA LTD,Total,CO2eq,t,53782.7615
10926,2023,Impala Canada Ltd.,Thunder Bay,Ontario,49.16168,-89.61435,212299,All Other Metal Ore Mining,Impala Canada Ltd.,Total,CO2eq,t,56107.382
10929,2023,Lake Shore Gold Timmins West Mine,Timmins,Ontario,48.384,-81.5575,212220,Gold and Silver Ore Mining,Lake Shore Gold,Total,CO2eq,t,12419.2137
10930,2023,McEwen Ontario Black Fox Mine,Matheson,Ontario,48.3,-80.21,212220,Gold and Silver Ore Mining,McEwen Mining,Total,CO2eq,t,8649.4783
10931,2023,Bell Creek Complex,Porcupine,Ontario,48.5523,-81.173,212220,Gold and Silver Ore Mining,Lake Shore Gold,Total,CO2eq,t,12151.94254
11046,2023,Great Lakes Copper Ltd.,London,Ontario,43.0233,-81.1842,331420,"Copper Rolling, Drawing, Extruding and Alloying",Great Lakes Copper Ltd.,Total,CO2eq,t,10520.54591
11095,2023,INFASCO,Marieville,Quebec,45.431,-73.1673,331221,Cold-Rolled Steel Shape Manufacturing,Ifastgroupe,Total,CO2eq,t,15246.6671
11128,2023,Sivaco Québec,Marieville,Quebec,45.4372,-73.1676,331222,Steel Wire Drawing,Groupe des tréfileries Sivaco 2004,Total,CO2eq,t,11098.935
11231,2023,ArcelorMittal Longueuil,Longueuil,Quebec,45.5663,-73.4579,331110,Iron and Steel Mills and Ferro-Alloy Manufacturing,ArcelorMittal Produits Longs Canada s.e.n.c,Total,CO2eq,t,24780.34016
11361,2023,Welded Tube (Q&T Plant),Welland,Ontario,42.97077,-79.21057,331210,Iron and Steel Pipes and Tubes Manufacturing from Purchased Steel,Welded Tube of Canada Corp,Total,CO2eq,t,13016.96186
11368,2023,Valbruna ASW Inc.,Welland,Ontario,42.99864,-79.23453,331110,Iron and Steel Mills and Ferro-Alloy Manufacturing,Valbruna ASW Inc.,Total,CO2eq,t,18903.3138
11375,2023,Young-Davidson,Matachewan,Ontario,47.94722,-80.67722,212220,Gold and Silver Ore Mining,Alamos Gold Incorporated,Total,CO2eq,t,21634.757
11382,2023,Projet Nunavik Nickel,Kattiniq,Quebec,61.3239,-73.3234,212232,Nickel-Copper Ore Mining,Canadian Royalties inc.,Total,CO2eq,t,134260.136
11390,2023,Fonderie Bibby Sainte-Croix,Sainte-Croix,Quebec,46.6236,-71.7361,331511,Iron Foundries,Canada Pipe Co Ltd.,Total,CO2eq,t,15991.002
11496,2023,Rainy River Mine,Emo,Ontario,48.848,-94.003,212220,Gold and Silver Ore Mining,New Gold Inc.,Total,CO2eq,t,124993.859
11723,2023,Port Colborne Refinery,Port Colborne,Ontario,42.8826,-79.2405,331410,Non-Ferrous Metal (except Aluminum) Smelting and Refining,Vale Canada Ltd,Total,CO2eq,t,13659.81217
11730,2023,Usine Vaudreuil,Jonquière,Quebec,48.4257,-71.1718,331313,Primary Production of Alumina and Aluminum,Rio Tinto Alcan Inc,Total,CO2eq,t,406651.7425
11734,2023,DSO Timmins Project,Menihek,Newfoundland and Labrador,54.88945,-67.0842,212210,Iron Ore Mining,Tata Steel Minerals Canada,Total,CO2eq,t,51596.403
11736,2023,North American Lithium,La Corne,Quebec,48.40579,-77.82782,212299,All Other Metal Ore Mining,North American Lithium inc.,Total,CO2eq,t,27247.6543
11750,2023,ARCELORMITTAL WINDSOR A DIVISION OF ARCELORMITTAL DOFASCO G.P.,Windsor,Ontario,42.2605,-83.1002,331110,Iron and Steel Mills and Ferro-Alloy Manufacturing,ArcelorMittal Canada MP Inc. and ArcelorMittal Canada Inc. partners in ArcelorMittal Dofasco G.P.,Total,CO2eq,t,28859.17851
11765,2023,ArcelorMittal long Products Canada - Hamilton East,Hamilton,Ontario,43.2625,-79.7857,331222,Steel Wire Drawing,ArcelorMittal long Products Canada G.P.,Total,CO2eq,t,15596.02465
11766,2023,Sil Industrial Minerals Lamont Plant,Bruderheim,Alberta,53.9063,-112.92419,212398,All Other Non-Metallic Mineral Mining and Quarrying,543077 Alberta Ltd.,Total,CO2eq,t,20410.6632
11767,2023,Rio Tinto Fer et Titane inc. - HAVRE-SAINT-PIERRE,Havre-Saint-Pierre,Quebec,50.2435,-63.6064,212210,Iron Ore Mining,Rio Tinto Fer et Titane inc.,Total,CO2eq,t,16783.125
11770,2023,Division Goldex,Val-d'Or,Quebec,48.0923,-77.874,212220,Gold and Silver Ore Mining,Agnico-Eagle Mines Lted (DO NOT USE),Total,CO2eq,t,14214.106
11794,2023,Division Laronde,Preissac,Quebec,48.2375,-78.3958,212220,Gold and Silver Ore Mining,MINES AGNICO EAGLE LIMITEE (DO NOT USE),Total,CO2eq,t,45467.19299
11804,2023,Mine Éléonore,Rouyn-Noranda,Quebec,52.42083,-76.04389,212220,Gold and Silver Ore Mining,Goldcorp Canada Ltd,Total,CO2eq,t,37245.562
11827,2023,IKO Madoc,MADOC,Ontario,44.4961,-77.5348,212398,All Other Non-Metallic Mineral Mining and Quarrying,IKO Industries Ltd.,Total,CO2eq,t,22737.86528
11878,2023,Max Aicher (North America) Limited,Hamilton,Ontario,43.26654,-79.82236,331221,Cold-Rolled Steel Shape Manufacturing,Max Aicher (North America) Limited,Total,CO2eq,t,20426.2183
11894,2023,Copper Mountain Mine,Princeton,British Columbia,49.34556,-120.51,212233,Copper-Zinc Ore Mining,Copper Mountain Mine (BC) Ltd.,Total,CO2eq,t,70401.57769
11951,2023,Red Lake Operation,Balmertown,Ontario,51.0597,-93.74407,212220,Gold and Silver Ore Mining,Evolution Mining,Total,CO2eq,t,26796.34597
11989,2023,ArcelorMittal Contrecoeur Est,Contrecoeur,Quebec,45.82055,-73.26362,331110,Iron and Steel Mills and Ferro-Alloy Manufacturing,ArcelorMittal Produits Longs Canada s.e.n.c,Total,CO2eq,t,952945.5992
12009,2023,NATT Tools Group Inc.,Hamilton,Ontario,43.2663,-79.829,331221,Cold-Rolled Steel Shape Manufacturing,NATT Tools Group Inc.,Total,CO2eq,t,9251.5885
12010,2023,Touquoy Mine,Middle Musquodoboit,Nova Scotia,44.97361,-62.91917,212220,Gold and Silver Ore Mining,St Barbara Limited,Total,CO2eq,t,3965.300786
12112,2023,Silvertip Mine,Vancouver,British Columbia,53.72667,-127.64762,212231,Lead-Zinc Ore Mining,Coeur Silvertip Holdings Ltd.,Total,CO2eq,t,14213.7998
12182,2023,Toronto Facility,Mississauga,Ontario,43.6022,-79.5811,331490,"Non-Ferrous Metal (except Copper and Aluminum) Rolling, Drawing, Extruding and Alloying",Terrapure BR Ltd.,Total,CO2eq,t,21041.678
12184,2023,Site Windfall,Lebel-sur-Quévillon,Quebec,49.07366,-75.6518,213119,Other Support Activities for Mining,Groupe Minier Windfall,Total,CO2eq,t,17500.3139
12298,2023,"Copper Cliff Mining, Smelting and Refining Complex",Copper Cliff,Ontario,46.4786,-81.0553,331410,Non-Ferrous Metal (except Aluminum) Smelting and Refining,Vale Canada Limited,Total,CO2eq,t,325429.5697
12304,2023,Eagle River Mill,Wawa,Ontario,48.10601,-85.42365,212220,Gold and Silver Ore Mining,Wesdome Gold Mines Ltd.,Total,CO2eq,t,12403.638
12404,2023,Eldorado Gold (Québec) Inc.,Val-d'Or,Quebec,48.63633,-77.45517,212220,Gold and Silver Ore Mining,Eldorado Gold (Québec) Inc.,Total,CO2eq,t,15201.3946
12459,2023,Eagle Gold Mine,Vancouver,British Columbia,64.02,-135.81839,212220,Gold and Silver Ore Mining,Victoria Gold Corp.,Total,CO2eq,t,53743.4351
12466,2023,Côté Gold,Gogama,Ontario,47.55556,-81.94055,212220,Gold and Silver Ore Mining,Iamgold Corporation,Total,CO2eq,t,91042.081
12553,2023,Red Chris Mine,Dease Lake,British Columbia,57.72573,-129.76764,212220,Gold and Silver Ore Mining,NEWCREST RED CHRIS MINING LIMITED,Total,CO2eq,t,95697.6225
12555,2023,Moly-Cop Canada,Kamloops,British Columbia,50.65726,-120.09649,331511,Iron Foundries,Moly-Cop Canada,Total,CO2eq,t,22644.82984
12678,2023,Greenstone Mine,Geraldton,Ontario,49.66714,-86.92899,212220,Gold and Silver Ore Mining,Greenstone Gold Mines GP INC.,Total,CO2eq,t,61617.0276
12752,2023,Fayolle,Rouyn-Noranda,Quebec,48.25804621,-78.52513889,212220,Gold and Silver Ore Mining,Iamgold Corporation,Total,CO2eq,t,2753.407
12841,2023,Goose Property,Goose Lake,Nunavut,65.54344,-106.43334,212220,Gold and Silver Ore Mining,B2Gold Back River Corp.,Total,CO2eq,t,21171.7463
