env_id,year,compartment_id,substance_id,unit,value,comment,main_id,facility_group_id,company_id,source_id
1754055,2023,comp82641eec,NA - GHG,tCO2eq,5610.0000240055615,,ON-MAIN-6e9b2449,,,"Jolleys, M. et al (2024). Mineral Extraction sector: Mining and Quarrying Emissions from Copper, Iron, Bauxite, Rock and Sand, Hypervine, UK, Climate TRACE Emissions Inventory"
1754056,2023,comp82641eec,NA - GHG,tCO2eq,6403.000027398861,,ON-MAIN-63b394c3,,,"Jolleys, M. et al (2024). Mineral Extraction sector: Mining and Quarrying Emissions from Copper, Iron, Bauxite, Rock and Sand, Hypervine, UK, Climate TRACE Emissions Inventory"
1754057,2023,comp82641eec,NA - GHG,tCO2eq,229916.00098382577,,BC-MAIN-599152a0,,,"Jolleys, M. et al (2024). Mineral Extraction sector: Mining and Quarrying Emissions from Copper, Iron, Bauxite, Rock and Sand, Hypervine, UK, Climate TRACE Emissions Inventory"
1754058,2023,comp82641eec,NA - GHG,tCO2eq,2639.000011292456,,ON-MAIN-52224e1e,,,"Jolleys, M. et al (2024). Mineral Extraction sector: Mining and Quarrying Emissions from Copper, Iron, Bauxite, Rock and Sand, Hypervine, UK, Climate TRACE Emissions Inventory"
1754060,2023,comp82641eec,NA - GHG,tCO2eq,4225.000018079055,,ON-MAIN-48fe2205,,,"Jolleys, M. et al (2024). Mineral Extraction sector: Mining and Quarrying Emissions from Copper, Iron, Bauxite, Rock and Sand, Hypervine, UK, Climate TRACE Emissions Inventory"
1754061,2023,comp82641eec,NA - GHG,tCO2eq,131638.00056328773,,BC-MAIN-6b4800fe,,,"Jolleys, M. et al (2024). Mineral Extraction sector: Mining and Quarrying Emissions from Copper, Iron, Bauxite, Rock and Sand, Hypervine, UK, Climate TRACE Emissions Inventory"
1754066,2023,comp82641eec,NA - GHG,tCO2eq,2412130.010321664,,BC-MAIN-bf503b6b,,,"Jolleys, M. et al (2024). Mineral Extraction sector: Mining and Quarrying Emissions from Copper, Iron, Bauxite, Rock and Sand, Hypervine, UK, Climate TRACE Emissions Inventory"
1754067,2023,comp82641eec,NA - GHG,tCO2eq,0.0,,QC-MAIN-30c1828c,,,"Jolleys, M. et al (2024). Mineral Extraction sector: Mining and Quarrying Emissions from Copper, Iron, Bauxite, Rock and Sand, Hypervine, UK, Climate TRACE Emissions Inventory"
1754077,2023,comp82641eec,NA - GHG,tCO2eq,67116.0002871938,,QC-MAIN-e51eda66,,,"Jolleys, M. et al (2024). Mineral Extraction sector: Mining and Quarrying Emissions from Copper, Iron, Bauxite, Rock and Sand, Hypervine, UK, Climate TRACE Emissions Inventory"
1754081,2023,comp82641eec,NA - GHG,tCO2eq,7782.000033299693,,ON-MAIN-7001a391,,,"Jolleys, M. et al (2024). Mineral Extraction sector: Mining and Quarrying Emissions from Copper, Iron, Bauxite, Rock and Sand, Hypervine, UK, Climate TRACE Emissions Inventory"
1754082,2023,comp82641eec,NA - GHG,tCO2eq,0.0,,NL-MAIN-c139de6d,,,"Jolleys, M. et al (2024). Mineral Extraction sector: Mining and Quarrying Emissions from Copper, Iron, Bauxite, Rock and Sand, Hypervine, UK, Climate TRACE Emissions Inventory"
1754083,2023,comp82641eec,NA - GHG,tCO2eq,0.0,,YT-MAIN-752fbcae,,,"Jolleys, M. et al (2024). Mineral Extraction sector: Mining and Quarrying Emissions from Copper, Iron, Bauxite, Rock and Sand, Hypervine, UK, Climate TRACE Emissions Inventory"
1754084,2023,comp82641eec,NA - GHG,tCO2eq,79566.00034046818,,BC-MAIN-ed23117f,,,"Jolleys, M. et al (2024). Mineral Extraction sector: Mining and Quarrying Emissions from Copper, Iron, Bauxite, Rock and Sand, Hypervine, UK, Climate TRACE Emissions Inventory"
1754085,2023,comp82641eec,NA - GHG,tCO2eq,71379.00030543547,,BC-MAIN-3f490561,,,"Jolleys, M. et al (2024). Mineral Extraction sector: Mining and Quarrying Emissions from Copper, Iron, Bauxite, Rock and Sand, Hypervine, UK, Climate TRACE Emissions Inventory"
1754086,2023,comp82641eec,NA - GHG,tCO2eq,540.0000023106958,,BC-MAIN-23155c25,,,"Jolleys, M. et al (2024). Mineral Extraction sector: Mining and Quarrying Emissions from Copper, Iron, Bauxite, Rock and Sand, Hypervine, UK, Climate TRACE Emissions Inventory"
1754087,2023,comp82641eec,NA - GHG,tCO2eq,15908.000068071386,,BC-MAIN-aa76f6f2,,,"Jolleys, M. et al (2024). Mineral Extraction sector: Mining and Quarrying Emissions from Copper, Iron, Bauxite, Rock and Sand, Hypervine, UK, Climate TRACE Emissions Inventory"
1754096,2023,comp82641eec,NA - GHG,tCO2eq,8219.000035169645,,QC-MAIN-a97821c0,,,"Jolleys, M. et al (2024). Mineral Extraction sector: Mining and Quarrying Emissions from Copper, Iron, Bauxite, Rock and Sand, Hypervine, UK, Climate TRACE Emissions Inventory"
1754097,2023,comp82641eec,NA - GHG,tCO2eq,84511.00036162816,,BC-MAIN-8eb8be0d,,,"Jolleys, M. et al (2024). Mineral Extraction sector: Mining and Quarrying Emissions from Copper, Iron, Bauxite, Rock and Sand, Hypervine, UK, Climate TRACE Emissions Inventory"
1754104,2023,comp82641eec,NA - GHG,tCO2eq,3367.000014407616,,ON-MAIN-28f3f0fc,,,"Jolleys, M. et al (2024). Mineral Extraction sector: Mining and Quarrying Emissions from Copper, Iron, Bauxite, Rock and Sand, Hypervine, UK, Climate TRACE Emissions Inventory"
1754105,2023,comp82641eec,NA - GHG,tCO2eq,0.0,,QC-MAIN-b2148882,,,"Jolleys, M. et al (2024). Mineral Extraction sector: Mining and Quarrying Emissions from Copper, Iron, Bauxite, Rock and Sand, Hypervine, UK, Climate TRACE Emissions Inventory"
25486533,2023,comp82641eec,NA - GHG,tCO2eq,16200.000069320871,,ON-MAIN-f8313ebd,,,"Jolleys, M. et al (2024). Mineral Extraction sector: Mining and Quarrying Emissions from Copper, Iron, Bauxite, Rock and Sand, Hypervine, UK, Climate TRACE Emissions Inventory"
25486534,2023,comp82641eec,NA - GHG,tCO2eq,59145.00025308537,,ON-MAIN-a3c56a83,,,"Jolleys, M. et al (2024). Mineral Extraction sector: Mining and Quarrying Emissions from Copper, Iron, Bauxite, Rock and Sand, Hypervine, UK, Climate TRACE Emissions Inventory"
36395102,2023,comp82641eec,NA - GHG,tCO2eq,576072.0024650502,,NL-MAIN-b64bae7a,,,"Jolleys, M. et al (2024). Mineral Extraction sector: Mining and Quarrying Emissions from Copper, Iron, Bauxite, Rock and Sand, Hypervine, UK, Climate TRACE Emissions Inventory"
npri-1568-2023-1,2023,compa50ae012,NA - 16,tonnes,0.636,,ON-MAIN-1f126a43,,,https://www.canada.ca/en/environment-climate-change/services/national-pollutant-release-inventory/tools-resources-data/exploredata.html
npri-1568-2023-2,2023,compa50ae012,NA - 02,kg,0.116,,ON-MAIN-1f126a43,,,https://www.canada.ca/en/environment-climate-change/services/national-pollutant-release-inventory/tools-resources-data/exploredata.html
npri-1568-2023-3,2023,compa50ae012,630-08-0,tonnes,76.208,,ON-MAIN-1f126a43,,,https://www.canada.ca/en/environment-climate-change/services/national-pollutant-release-inventory/tools-resources-data/exploredata.html
npri-1568-2023-4,2023,compa50ae012,NA - 04,tonnes,0.00105,,ON-MAIN-1f126a43,,,https://www.canada.ca/en/environment-climate-change/services/national-pollutant-release-inventory/tools-resources-data/exploredata.html
npri-1568-2023-5,2023,compa50ae012,NA - 05,kg,0.18,,ON-MAIN-1f126a43,,,https://www.canada.ca/en/environment-climate-change/services/national-pollutant-release-inventory/tools-resources-data/exploredata.html
npri-1568-2023-6,2023,compa50ae012,NA - 06,tonnes,0.00105,,ON-MAIN-1f126a43,,,https://www.canada.ca/en/environment-climate-change/services/national-pollutant-release-inventory/tools-resources-data/exploredata.html
npri-1568-2023-7,2023,compa50ae012,NA - 07,tonnes,0.098,,ON-MAIN-1f126a43,,,https://www.canada.ca/en/environment-climate-change/services/national-pollutant-release-inventory/tools-resources-data/exploredata.html
npri-1568-2023-8,2023,compa50ae012,NA - 08,kg,0.29,,ON-MAIN-1f126a43,,,https://www.canada.ca/en/environment-climate-change/services/national-pollutant-release-inventory/tools-resources-data/exploredata.html
npri-1568-2023-9,2023,compa50ae012,NA - 09,tonnes,0.012,,ON-MAIN-1f126a43,,,https://www.canada.ca/en/environment-climate-change/services/national-pollutant-release-inventory/tools-resources-data/exploredata.html
npri-1568-2023-10,2023,compa50ae012,7697-37-2,tonnes,0.105,,ON-MAIN-1f126a43,,,https://www.canada.ca/en/environment-climate-change/services/national-pollutant-release-inventory/tools-resources-data/exploredata.html
npri-1568-2023-11,2023,compa50ae012,11104-93-1,tonnes,140.902,,ON-MAIN-1f126a43,,,https://www.canada.ca/en/environment-climate-change/services/national-pollutant-release-inventory/tools-resources-data/exploredata.html
npri-1568-2023-12,2023,compa50ae012,NA - 22,tonnes,0.001,,ON-MAIN-1f126a43,,,https://www.canada.ca/en/environment-climate-change/services/national-pollutant-release-inventory/tools-resources-data/exploredata.html
npri-1568-2023-13,2023,compa50ae012,NA - M09,tonnes,21.207,,ON-MAIN-1f126a43,,,https://www.canada.ca/en/environment-climate-change/services/national-pollutant-release-inventory/tools-resources-data/exploredata.html
npri-1568-2023-14,2023,compa50ae012,NA - M10,tonnes,21.207,,ON-MAIN-1f126a43,,,https://www.canada.ca/en/environment-climate-change/services/national-pollutant-release-inventory/tools-resources-data/exploredata.html
npri-1568-2023-15,2023,compa50ae012,NA - 37,kg,0.008,,ON-MAIN-1f126a43,,,https://www.canada.ca/en/environment-climate-change/services/national-pollutant-release-inventory/tools-resources-data/exploredata.html
npri-1568-2023-16,2023,compa50ae012,NA - M08,tonnes,21.207,,ON-MAIN-1f126a43,,,https://www.canada.ca/en/environment-climate-change/services/national-pollutant-release-inventory/tools-resources-data/exploredata.html
npri-1568-2023-17,2023,compa50ae012,NA - 40,tonnes,0.00158,,ON-MAIN-1f126a43,,,https://www.canada.ca/en/environment-climate-change/services/national-pollutant-release-inventory/tools-resources-data/exploredata.html
npri-1568-2023-18,2023,compa50ae012,NA - 14,tonnes,0.0008,,ON-MAIN-1f126a43,,,https://www.canada.ca/en/environment-climate-change/services/national-pollutant-release-inventory/tools-resources-data/exploredata.html
npri-25188-2023-1,2023,compa50ae012,630-08-0,tonnes,3.03,,QC-MAIN-e7e6a960,,,https://www.canada.ca/en/environment-climate-change/services/national-pollutant-release-inventory/tools-resources-data/exploredata.html
npri-25188-2023-2,2023,compa50ae012,11104-93-1,tonnes,9.03,,QC-MAIN-e7e6a960,,,https://www.canada.ca/en/environment-climate-change/services/national-pollutant-release-inventory/tools-resources-data/exploredata.html
npri-25188-2023-3,2023,compa50ae012,NA - M09,tonnes,1.73,,QC-MAIN-e7e6a960,,,https://www.canada.ca/en/environment-climate-change/services/national-pollutant-release-inventory/tools-resources-data/exploredata.html
npri-25188-2023-4,2023,compa50ae012,NA - M10,tonnes,0.61,,QC-MAIN-e7e6a960,,,https://www.canada.ca/en/environment-climate-change/services/national-pollutant-release-inventory/tools-resources-data/exploredata.html
npri-25188-2023-5,2023,compa50ae012,NA - M08,tonnes,7.86,,QC-MAIN-e7e6a960,,,https://www.canada.ca/en/environment-climate-change/services/national-pollutant-release-inventory/tools-resources-data/exploredata.html
npri-25188-2023-6,2023,compa50ae012,NA - M16,tonnes,0.5,,QC-MAIN-e7e6a960,,,https://www.canada.ca/en/environment-climate-change/services/national-pollutant-release-inventory/tools-resources-data/exploredata.html
npri-24216-2023-1,2023,compa50ae012,NA - 02,kg,4.104485,,NU-MAIN-730aefe3,,,https://www.canada.ca/en/environment-climate-change/services/national-pollutant-release-inventory/tools-resources-data/exploredata.html
npri-24216-2023-2,2023,compa50ae012,NA - 03,kg,0.420661,,NU-MAIN-730aefe3,,,https://www.canada.ca/en/environment-climate-change/services/national-pollutant-release-inventory/tools-resources-data/exploredata.html
npri-24216-2023-3,2023,compa50ae012,630-08-0,tonnes,565.29706,,NU-MAIN-730aefe3,,,https://www.canada.ca/en/environment-climate-change/services/national-pollutant-release-inventory/tools-resources-data/exploredata.html
npri-24216-2023-4,2023,compa50ae012,NA - 04,tonnes,0.000809,,NU-MAIN-730aefe3,,,https://www.canada.ca/en/environment-climate-change/services/national-pollutant-release-inventory/tools-resources-data/exploredata.html
npri-24216-2023-5,2023,compa50ae012,NA - 05,kg,0.007625,,NU-MAIN-730aefe3,,,https://www.canada.ca/en/environment-climate-change/services/national-pollutant-release-inventory/tools-resources-data/exploredata.html
npri-24216-2023-6,2023,compa50ae012,NA - 06,tonnes,0.000166,,NU-MAIN-730aefe3,,,https://www.canada.ca/en/environment-climate-change/services/national-pollutant-release-inventory/tools-resources-data/exploredata.html
npri-24216-2023-7,2023,compa50ae012,NA - 08,kg,0.806544,,NU-MAIN-730aefe3,,,https://www.canada.ca/en/environment-climate-change/services/national-pollutant-release-inventory/tools-resources-data/exploredata.html
npri-24216-2023-8,2023,compa50ae012,NA - 09,tonnes,0.002635,,NU-MAIN-730aefe3,,,https://www.canada.ca/en/environment-climate-change/services/national-pollutant-release-inventory/tools-resources-data/exploredata.html
npri-24216-2023-9,2023,compa50ae012,NA - 11,tonnes,0.000482,,NU-MAIN-730aefe3,,,https://www.canada.ca/en/environment-climate-change/services/national-pollutant-release-inventory/tools-resources-data/exploredata.html
npri-24216-2023-10,2023,compa50ae012,11104-93-1,tonnes,2137.153436,,NU-MAIN-730aefe3,,,https://www.canada.ca/en/environment-climate-change/services/national-pollutant-release-inventory/tools-resources-data/exploredata.html
npri-24216-2023-11,2023,compa50ae012,NA - M09,tonnes,37.240894,,NU-MAIN-730aefe3,,,https://www.canada.ca/en/environment-climate-change/services/national-pollutant-release-inventory/tools-resources-data/exploredata.html
npri-24216-2023-12,2023,compa50ae012,NA - M10,tonnes,35.679527,,NU-MAIN-730aefe3,,,https://www.canada.ca/en/environment-climate-change/services/national-pollutant-release-inventory/tools-resources-data/exploredata.html
npri-24216-2023-13,2023,compa50ae012,NA - 12,kg,0.415012,,NU-MAIN-730aefe3,,,https://www.canada.ca/en/environment-climate-change/services/national-pollutant-release-inventory/tools-resources-data/exploredata.html
npri-24216-2023-14,2023,compa50ae012,NA - M08,tonnes,45.905494,,NU-MAIN-730aefe3,,,https://www.canada.ca/en/environment-climate-change/services/national-pollutant-release-inventory/tools-resources-data/exploredata.html
npri-24216-2023-15,2023,compa50ae012,NA - M16,tonnes,57.203572,,NU-MAIN-730aefe3,,,https://www.canada.ca/en/environment-climate-change/services/national-pollutant-release-inventory/tools-resources-data/exploredata.html
npri-24216-2023-16,2023,compa50ae012,NA - 14,tonnes,0.000111,,NU-MAIN-730aefe3,,,https://www.canada.ca/en/environment-climate-change/services/national-pollutant-release-inventory/tools-resources-data/exploredata.html
npri-8757-2023-1,2023,compa50ae012,NA - 02,kg,0.37,,QC-MAIN-c0660aec,,,https://www.canada.ca/en/environment-climate-change/services/national-pollutant-release-inventory/tools-resources-data/exploredata.html
npri-8757-2023-2,2023,compa50ae012,NA - 04,tonnes,1e-06,,QC-MAIN-c0660aec,,,https://www.canada.ca/en/environment-climate-change/services/national-pollutant-release-inventory/tools-resources-data/exploredata.html
npri-8757-2023-3,2023,compa50ae012,NA - 05,kg,0.00012,,QC-MAIN-c0660aec,,,https://www.canada.ca/en/environment-climate-change/services/national-pollutant-release-inventory/tools-resources-data/exploredata.html
npri-8757-2023-4,2023,compa50ae012,NA - 06,tonnes,3e-06,,QC-MAIN-c0660aec,,,https://www.canada.ca/en/environment-climate-change/services/national-pollutant-release-inventory/tools-resources-data/exploredata.html
npri-8757-2023-5,2023,compa50ae012,NA - 08,kg,9.36,,QC-MAIN-c0660aec,,,https://www.canada.ca/en/environment-climate-change/services/national-pollutant-release-inventory/tools-resources-data/exploredata.html
npri-8757-2023-6,2023,compa50ae012,NA - 09,tonnes,3e-06,,QC-MAIN-c0660aec,,,https://www.canada.ca/en/environment-climate-change/services/national-pollutant-release-inventory/tools-resources-data/exploredata.html
npri-8757-2023-7,2023,compa50ae012,NA - 11,tonnes,1e-06,,QC-MAIN-c0660aec,,,https://www.canada.ca/en/environment-climate-change/services/national-pollutant-release-inventory/tools-resources-data/exploredata.html
npri-8757-2023-8,2023,compa50ae012,NA - M08,tonnes,0.019,,QC-MAIN-c0660aec,,,https://www.canada.ca/en/environment-climate-change/services/national-pollutant-release-inventory/tools-resources-data/exploredata.html
npri-8757-2023-9,2023,compa50ae012,NA - 40,tonnes,1e-06,,QC-MAIN-c0660aec,,,https://www.canada.ca/en/environment-climate-change/services/national-pollutant-release-inventory/tools-resources-data/exploredata.html
npri-8757-2023-10,2023,compa50ae012,NA - 14,tonnes,6e-06,,QC-MAIN-c0660aec,,,https://www.canada.ca/en/environment-climate-change/services/national-pollutant-release-inventory/tools-resources-data/exploredata.html
npri-11454-2023-1,2023,compa50ae012,NA - 16,tonnes,0.483,,ON-MAIN-687b8c8d,,,https://www.canada.ca/en/environment-climate-change/services/national-pollutant-release-inventory/tools-resources-data/exploredata.html
npri-26132-2023-1,2023,compa50ae012,NA - 01,tonnes,7e-06,,ON-MAIN-7607a50e,,,https://www.canada.ca/en/environment-climate-change/services/national-pollutant-release-inventory/tools-resources-data/exploredata.html
npri-11454-2023-2,2023,compa50ae012,NA - 02,kg,1.8225,,ON-MAIN-687b8c8d,,,https://www.canada.ca/en/environment-climate-change/services/national-pollutant-release-inventory/tools-resources-data/exploredata.html
npri-26132-2023-2,2023,compa50ae012,NA - 02,kg,0.032638,,ON-MAIN-7607a50e,,,https://www.canada.ca/en/environment-climate-change/services/national-pollutant-release-inventory/tools-resources-data/exploredata.html
npri-11454-2023-3,2023,compa50ae012,NA - 03,kg,0.0138,,ON-MAIN-687b8c8d,,,https://www.canada.ca/en/environment-climate-change/services/national-pollutant-release-inventory/tools-resources-data/exploredata.html
npri-26132-2023-3,2023,compa50ae012,NA - 03,kg,0.106318,,ON-MAIN-7607a50e,,,https://www.canada.ca/en/environment-climate-change/services/national-pollutant-release-inventory/tools-resources-data/exploredata.html
npri-26132-2023-4,2023,compa50ae012,75-15-0,tonnes,30.228766,,ON-MAIN-7607a50e,,,https://www.canada.ca/en/environment-climate-change/services/national-pollutant-release-inventory/tools-resources-data/exploredata.html
npri-11454-2023-4,2023,compa50ae012,630-08-0,tonnes,96.4102,,ON-MAIN-687b8c8d,,,https://www.canada.ca/en/environment-climate-change/services/national-pollutant-release-inventory/tools-resources-data/exploredata.html
npri-26132-2023-5,2023,compa50ae012,630-08-0,tonnes,214.673254,,ON-MAIN-7607a50e,,,https://www.canada.ca/en/environment-climate-change/services/national-pollutant-release-inventory/tools-resources-data/exploredata.html
npri-11454-2023-5,2023,compa50ae012,NA - 04,tonnes,0.002,,ON-MAIN-687b8c8d,,,https://www.canada.ca/en/environment-climate-change/services/national-pollutant-release-inventory/tools-resources-data/exploredata.html
npri-26132-2023-6,2023,compa50ae012,NA - 04,tonnes,0.000909,,ON-MAIN-7607a50e,,,https://www.canada.ca/en/environment-climate-change/services/national-pollutant-release-inventory/tools-resources-data/exploredata.html
npri-11454-2023-6,2023,compa50ae012,NA - 05,kg,0.3701,,ON-MAIN-687b8c8d,,,https://www.canada.ca/en/environment-climate-change/services/national-pollutant-release-inventory/tools-resources-data/exploredata.html
npri-26132-2023-7,2023,compa50ae012,NA - 05,kg,0.096206,,ON-MAIN-7607a50e,,,https://www.canada.ca/en/environment-climate-change/services/national-pollutant-release-inventory/tools-resources-data/exploredata.html
npri-11454-2023-7,2023,compa50ae012,NA - 06,tonnes,0.0013,,ON-MAIN-687b8c8d,,,https://www.canada.ca/en/environment-climate-change/services/national-pollutant-release-inventory/tools-resources-data/exploredata.html
npri-26132-2023-8,2023,compa50ae012,NA - 06,tonnes,0.001595,,ON-MAIN-7607a50e,,,https://www.canada.ca/en/environment-climate-change/services/national-pollutant-release-inventory/tools-resources-data/exploredata.html
npri-11454-2023-8,2023,compa50ae012,NA - 08,kg,0.3765,,ON-MAIN-687b8c8d,,,https://www.canada.ca/en/environment-climate-change/services/national-pollutant-release-inventory/tools-resources-data/exploredata.html
npri-26132-2023-9,2023,compa50ae012,NA - 08,kg,0.327258,,ON-MAIN-7607a50e,,,https://www.canada.ca/en/environment-climate-change/services/national-pollutant-release-inventory/tools-resources-data/exploredata.html
npri-11454-2023-9,2023,compa50ae012,NA - 09,tonnes,0.0169,,ON-MAIN-687b8c8d,,,https://www.canada.ca/en/environment-climate-change/services/national-pollutant-release-inventory/tools-resources-data/exploredata.html
npri-26132-2023-10,2023,compa50ae012,NA - 09,tonnes,0.009174,,ON-MAIN-7607a50e,,,https://www.canada.ca/en/environment-climate-change/services/national-pollutant-release-inventory/tools-resources-data/exploredata.html
npri-11454-2023-10,2023,compa50ae012,NA - 10,kg,0.0155,,ON-MAIN-687b8c8d,,,https://www.canada.ca/en/environment-climate-change/services/national-pollutant-release-inventory/tools-resources-data/exploredata.html
npri-11454-2023-11,2023,compa50ae012,NA - 11,tonnes,0.0017,,ON-MAIN-687b8c8d,,,https://www.canada.ca/en/environment-climate-change/services/national-pollutant-release-inventory/tools-resources-data/exploredata.html
npri-26132-2023-11,2023,compa50ae012,NA - 11,tonnes,0.000378,,ON-MAIN-7607a50e,,,https://www.canada.ca/en/environment-climate-change/services/national-pollutant-release-inventory/tools-resources-data/exploredata.html
npri-26132-2023-12,2023,compa50ae012,NA - 17,tonnes,0.0002,,ON-MAIN-7607a50e,,,https://www.canada.ca/en/environment-climate-change/services/national-pollutant-release-inventory/tools-resources-data/exploredata.html
npri-11454-2023-12,2023,compa50ae012,11104-93-1,tonnes,440.1722,,ON-MAIN-687b8c8d,,,https://www.canada.ca/en/environment-climate-change/services/national-pollutant-release-inventory/tools-resources-data/exploredata.html
npri-26132-2023-13,2023,compa50ae012,11104-93-1,tonnes,33.825137,,ON-MAIN-7607a50e,,,https://www.canada.ca/en/environment-climate-change/services/national-pollutant-release-inventory/tools-resources-data/exploredata.html
npri-26132-2023-14,2023,compa50ae012,NA - 22,tonnes,0.008252,,ON-MAIN-7607a50e,,,https://www.canada.ca/en/environment-climate-change/services/national-pollutant-release-inventory/tools-resources-data/exploredata.html
npri-11454-2023-13,2023,compa50ae012,NA - M09,tonnes,43.1072,,ON-MAIN-687b8c8d,,,https://www.canada.ca/en/environment-climate-change/services/national-pollutant-release-inventory/tools-resources-data/exploredata.html
npri-26132-2023-15,2023,compa50ae012,NA - M09,tonnes,4.766211,,ON-MAIN-7607a50e,,,https://www.canada.ca/en/environment-climate-change/services/national-pollutant-release-inventory/tools-resources-data/exploredata.html
npri-11454-2023-14,2023,compa50ae012,NA - M10,tonnes,36.8965,,ON-MAIN-687b8c8d,,,https://www.canada.ca/en/environment-climate-change/services/national-pollutant-release-inventory/tools-resources-data/exploredata.html
npri-26132-2023-16,2023,compa50ae012,NA - M10,tonnes,2.941035,,ON-MAIN-7607a50e,,,https://www.canada.ca/en/environment-climate-change/services/national-pollutant-release-inventory/tools-resources-data/exploredata.html
npri-11454-2023-15,2023,compa50ae012,NA - 12,kg,1.8958,,ON-MAIN-687b8c8d,,,https://www.canada.ca/en/environment-climate-change/services/national-pollutant-release-inventory/tools-resources-data/exploredata.html
npri-26132-2023-17,2023,compa50ae012,NA - 12,kg,0.006421,,ON-MAIN-7607a50e,,,https://www.canada.ca/en/environment-climate-change/services/national-pollutant-release-inventory/tools-resources-data/exploredata.html
npri-26132-2023-18,2023,compa50ae012,NA - 13,tonnes,5e-06,,ON-MAIN-7607a50e,,,https://www.canada.ca/en/environment-climate-change/services/national-pollutant-release-inventory/tools-resources-data/exploredata.html
npri-26132-2023-19,2023,compa50ae012,NA - 37,kg,0.005316,,ON-MAIN-7607a50e,,,https://www.canada.ca/en/environment-climate-change/services/national-pollutant-release-inventory/tools-resources-data/exploredata.html
npri-11454-2023-16,2023,compa50ae012,NA - M08,tonnes,56.1228,,ON-MAIN-687b8c8d,,,https://www.canada.ca/en/environment-climate-change/services/national-pollutant-release-inventory/tools-resources-data/exploredata.html
npri-26132-2023-20,2023,compa50ae012,NA - M08,tonnes,8.412956,,ON-MAIN-7607a50e,,,https://www.canada.ca/en/environment-climate-change/services/national-pollutant-release-inventory/tools-resources-data/exploredata.html
npri-26132-2023-21,2023,compa50ae012,NA - M14,tonnes,27.054746,,ON-MAIN-7607a50e,,,https://www.canada.ca/en/environment-climate-change/services/national-pollutant-release-inventory/tools-resources-data/exploredata.html
npri-26132-2023-22,2023,compa50ae012,NA - 40,tonnes,0.000756,,ON-MAIN-7607a50e,,,https://www.canada.ca/en/environment-climate-change/services/national-pollutant-release-inventory/tools-resources-data/exploredata.html
npri-26132-2023-23,2023,compa50ae012,NA - M16,tonnes,30.752677,,ON-MAIN-7607a50e,,,https://www.canada.ca/en/environment-climate-change/services/national-pollutant-release-inventory/tools-resources-data/exploredata.html
npri-11454-2023-17,2023,compa50ae012,NA - 14,tonnes,0.0015,,ON-MAIN-687b8c8d,,,https://www.canada.ca/en/environment-climate-change/services/national-pollutant-release-inventory/tools-resources-data/exploredata.html
npri-26132-2023-24,2023,compa50ae012,NA - 14,tonnes,0.0032,,ON-MAIN-7607a50e,,,https://www.canada.ca/en/environment-climate-change/services/national-pollutant-release-inventory/tools-resources-data/exploredata.html
npri-2000-2023-1,2023,compa50ae012,75-07-0,tonnes,7.121,,QC-MAIN-e25eed27,,,https://www.canada.ca/en/environment-climate-change/services/national-pollutant-release-inventory/tools-resources-data/exploredata.html
npri-2000-2023-2,2023,compa50ae012,NA - 02,kg,107.265,,QC-MAIN-e25eed27,,,https://www.canada.ca/en/environment-climate-change/services/national-pollutant-release-inventory/tools-resources-data/exploredata.html
npri-6217-2023-1,2023,compa50ae012,NA - 02,kg,0.189,,QC-MAIN-084bd95c,,,https://www.canada.ca/en/environment-climate-change/services/national-pollutant-release-inventory/tools-resources-data/exploredata.html
npri-2000-2023-3,2023,compa50ae012,NA - 03,kg,2.323,,QC-MAIN-e25eed27,,,https://www.canada.ca/en/environment-climate-change/services/national-pollutant-release-inventory/tools-resources-data/exploredata.html
npri-6217-2023-2,2023,compa50ae012,NA - 03,kg,0.008,,QC-MAIN-084bd95c,,,https://www.canada.ca/en/environment-climate-change/services/national-pollutant-release-inventory/tools-resources-data/exploredata.html
npri-2000-2023-4,2023,compa50ae012,630-08-0,tonnes,9487.348,,QC-MAIN-e25eed27,,,https://www.canada.ca/en/environment-climate-change/services/national-pollutant-release-inventory/tools-resources-data/exploredata.html
npri-6217-2023-3,2023,compa50ae012,630-08-0,tonnes,31.336,,QC-MAIN-084bd95c,,,https://www.canada.ca/en/environment-climate-change/services/national-pollutant-release-inventory/tools-resources-data/exploredata.html
npri-8778-2023-1,2023,compa50ae012,630-08-0,tonnes,24.338,,QC-MAIN-33c09b8b,,,https://www.canada.ca/en/environment-climate-change/services/national-pollutant-release-inventory/tools-resources-data/exploredata.html
npri-2000-2023-5,2023,compa50ae012,NA - 04,tonnes,0.021,,QC-MAIN-e25eed27,,,https://www.canada.ca/en/environment-climate-change/services/national-pollutant-release-inventory/tools-resources-data/exploredata.html
npri-6217-2023-4,2023,compa50ae012,NA - 04,tonnes,0.0002,,QC-MAIN-084bd95c,,,https://www.canada.ca/en/environment-climate-change/services/national-pollutant-release-inventory/tools-resources-data/exploredata.html
npri-6217-2023-5,2023,compa50ae012,NA - 05,kg,2.649,,QC-MAIN-084bd95c,,,https://www.canada.ca/en/environment-climate-change/services/national-pollutant-release-inventory/tools-resources-data/exploredata.html
npri-6217-2023-6,2023,compa50ae012,NA - 06,tonnes,0.002,,QC-MAIN-084bd95c,,,https://www.canada.ca/en/environment-climate-change/services/national-pollutant-release-inventory/tools-resources-data/exploredata.html
npri-2000-2023-6,2023,compa50ae012,NA - D/F,g TEQ,2.97752,,QC-MAIN-e25eed27,,,https://www.canada.ca/en/environment-climate-change/services/national-pollutant-release-inventory/tools-resources-data/exploredata.html
npri-2000-2023-7,2023,compa50ae012,206-44-0,kg,7.889,,QC-MAIN-e25eed27,,,https://www.canada.ca/en/environment-climate-change/services/national-pollutant-release-inventory/tools-resources-data/exploredata.html
npri-2000-2023-8,2023,compa50ae012,118-74-1,grams,360.0,,QC-MAIN-e25eed27,,,https://www.canada.ca/en/environment-climate-change/services/national-pollutant-release-inventory/tools-resources-data/exploredata.html
npri-2000-2023-9,2023,compa50ae012,7647-01-0,tonnes,74.627,,QC-MAIN-e25eed27,,,https://www.canada.ca/en/environment-climate-change/services/national-pollutant-release-inventory/tools-resources-data/exploredata.html
npri-2000-2023-10,2023,compa50ae012,7664-39-3,tonnes,21.019,,QC-MAIN-e25eed27,,,https://www.canada.ca/en/environment-climate-change/services/national-pollutant-release-inventory/tools-resources-data/exploredata.html
npri-2000-2023-11,2023,compa50ae012,7783-06-4,tonnes,41.151,,QC-MAIN-e25eed27,,,https://www.canada.ca/en/environment-climate-change/services/national-pollutant-release-inventory/tools-resources-data/exploredata.html
npri-2000-2023-12,2023,compa50ae012,NA - 08,kg,137.831,,QC-MAIN-e25eed27,,,https://www.canada.ca/en/environment-climate-change/services/national-pollutant-release-inventory/tools-resources-data/exploredata.html
npri-6217-2023-7,2023,compa50ae012,NA - 08,kg,0.572,,QC-MAIN-084bd95c,,,https://www.canada.ca/en/environment-climate-change/services/national-pollutant-release-inventory/tools-resources-data/exploredata.html
npri-2000-2023-13,2023,compa50ae012,NA - 09,tonnes,0.118,,QC-MAIN-e25eed27,,,https://www.canada.ca/en/environment-climate-change/services/national-pollutant-release-inventory/tools-resources-data/exploredata.html
npri-6217-2023-8,2023,compa50ae012,NA - 09,tonnes,0.001,,QC-MAIN-084bd95c,,,https://www.canada.ca/en/environment-climate-change/services/national-pollutant-release-inventory/tools-resources-data/exploredata.html
npri-2000-2023-14,2023,compa50ae012,NA - 10,kg,46.188,,QC-MAIN-e25eed27,,,https://www.canada.ca/en/environment-climate-change/services/national-pollutant-release-inventory/tools-resources-data/exploredata.html
npri-6217-2023-9,2023,compa50ae012,NA - 10,kg,0.087,,QC-MAIN-084bd95c,,,https://www.canada.ca/en/environment-climate-change/services/national-pollutant-release-inventory/tools-resources-data/exploredata.html
npri-6217-2023-10,2023,compa50ae012,NA - 11,tonnes,0.035,,QC-MAIN-084bd95c,,,https://www.canada.ca/en/environment-climate-change/services/national-pollutant-release-inventory/tools-resources-data/exploredata.html
npri-2000-2023-15,2023,compa50ae012,11104-93-1,tonnes,5324.21,,QC-MAIN-e25eed27,,,https://www.canada.ca/en/environment-climate-change/services/national-pollutant-release-inventory/tools-resources-data/exploredata.html
npri-6217-2023-11,2023,compa50ae012,11104-93-1,tonnes,145.258,,QC-MAIN-084bd95c,,,https://www.canada.ca/en/environment-climate-change/services/national-pollutant-release-inventory/tools-resources-data/exploredata.html
npri-8778-2023-2,2023,compa50ae012,11104-93-1,tonnes,112.98,,QC-MAIN-33c09b8b,,,https://www.canada.ca/en/environment-climate-change/services/national-pollutant-release-inventory/tools-resources-data/exploredata.html
npri-2000-2023-16,2023,compa50ae012,NA - P/H,kg,104.065,,QC-MAIN-e25eed27,,,https://www.canada.ca/en/environment-climate-change/services/national-pollutant-release-inventory/tools-resources-data/exploredata.html
npri-2000-2023-17,2023,compa50ae012,85-01-8,kg,33.411,,QC-MAIN-e25eed27,,,https://www.canada.ca/en/environment-climate-change/services/national-pollutant-release-inventory/tools-resources-data/exploredata.html
npri-2000-2023-18,2023,compa50ae012,NA - 22,tonnes,0.287,,QC-MAIN-e25eed27,,,https://www.canada.ca/en/environment-climate-change/services/national-pollutant-release-inventory/tools-resources-data/exploredata.html
npri-6217-2023-12,2023,compa50ae012,NA - 22,tonnes,0.004,,QC-MAIN-084bd95c,,,https://www.canada.ca/en/environment-climate-change/services/national-pollutant-release-inventory/tools-resources-data/exploredata.html
npri-2000-2023-19,2023,compa50ae012,NA - M09,tonnes,156.988,,QC-MAIN-e25eed27,,,https://www.canada.ca/en/environment-climate-change/services/national-pollutant-release-inventory/tools-resources-data/exploredata.html
npri-6217-2023-13,2023,compa50ae012,NA - M09,tonnes,14.809,,QC-MAIN-084bd95c,,,https://www.canada.ca/en/environment-climate-change/services/national-pollutant-release-inventory/tools-resources-data/exploredata.html
npri-8778-2023-3,2023,compa50ae012,NA - M09,tonnes,7.942,,QC-MAIN-33c09b8b,,,https://www.canada.ca/en/environment-climate-change/services/national-pollutant-release-inventory/tools-resources-data/exploredata.html
npri-2000-2023-20,2023,compa50ae012,NA - M10,tonnes,101.417,,QC-MAIN-e25eed27,,,https://www.canada.ca/en/environment-climate-change/services/national-pollutant-release-inventory/tools-resources-data/exploredata.html
npri-6217-2023-14,2023,compa50ae012,NA - M10,tonnes,12.52,,QC-MAIN-084bd95c,,,https://www.canada.ca/en/environment-climate-change/services/national-pollutant-release-inventory/tools-resources-data/exploredata.html
npri-8778-2023-4,2023,compa50ae012,NA - M10,tonnes,7.942,,QC-MAIN-33c09b8b,,,https://www.canada.ca/en/environment-climate-change/services/national-pollutant-release-inventory/tools-resources-data/exploredata.html
npri-2000-2023-21,2023,compa50ae012,129-00-0,kg,5.538,,QC-MAIN-e25eed27,,,https://www.canada.ca/en/environment-climate-change/services/national-pollutant-release-inventory/tools-resources-data/exploredata.html
npri-6217-2023-15,2023,compa50ae012,NA - 12,kg,0.129,,QC-MAIN-084bd95c,,,https://www.canada.ca/en/environment-climate-change/services/national-pollutant-release-inventory/tools-resources-data/exploredata.html
npri-2000-2023-22,2023,compa50ae012,7446-09-5,tonnes,4234.082,,QC-MAIN-e25eed27,,,https://www.canada.ca/en/environment-climate-change/services/national-pollutant-release-inventory/tools-resources-data/exploredata.html
npri-6217-2023-16,2023,compa50ae012,7446-09-5,tonnes,106.707,,QC-MAIN-084bd95c,,,https://www.canada.ca/en/environment-climate-change/services/national-pollutant-release-inventory/tools-resources-data/exploredata.html
npri-2000-2023-23,2023,compa50ae012,7664-93-9,tonnes,140.482,,QC-MAIN-e25eed27,,,https://www.canada.ca/en/environment-climate-change/services/national-pollutant-release-inventory/tools-resources-data/exploredata.html
npri-2000-2023-24,2023,compa50ae012,NA - 37,kg,32.539,,QC-MAIN-e25eed27,,,https://www.canada.ca/en/environment-climate-change/services/national-pollutant-release-inventory/tools-resources-data/exploredata.html
npri-2000-2023-25,2023,compa50ae012,NA - M08,tonnes,180.736,,QC-MAIN-e25eed27,,,https://www.canada.ca/en/environment-climate-change/services/national-pollutant-release-inventory/tools-resources-data/exploredata.html
npri-6217-2023-17,2023,compa50ae012,NA - M08,tonnes,16.496,,QC-MAIN-084bd95c,,,https://www.canada.ca/en/environment-climate-change/services/national-pollutant-release-inventory/tools-resources-data/exploredata.html
npri-8778-2023-5,2023,compa50ae012,NA - M08,tonnes,7.942,,QC-MAIN-33c09b8b,,,https://www.canada.ca/en/environment-climate-change/services/national-pollutant-release-inventory/tools-resources-data/exploredata.html
npri-2000-2023-26,2023,compa50ae012,NA - M14,tonnes,41.151,,QC-MAIN-e25eed27,,,https://www.canada.ca/en/environment-climate-change/services/national-pollutant-release-inventory/tools-resources-data/exploredata.html
npri-6217-2023-18,2023,compa50ae012,NA - 40,tonnes,0.068,,QC-MAIN-084bd95c,,,https://www.canada.ca/en/environment-climate-change/services/national-pollutant-release-inventory/tools-resources-data/exploredata.html
npri-2000-2023-27,2023,compa50ae012,NA - M16,tonnes,38.348,,QC-MAIN-e25eed27,,,https://www.canada.ca/en/environment-climate-change/services/national-pollutant-release-inventory/tools-resources-data/exploredata.html
npri-6217-2023-19,2023,compa50ae012,NA - 14,tonnes,0.056,,QC-MAIN-084bd95c,,,https://www.canada.ca/en/environment-climate-change/services/national-pollutant-release-inventory/tools-resources-data/exploredata.html
npri-20131-2023-1,2023,compa50ae012,11104-93-1,tonnes,64.607,,BC-MAIN-e34feb4d,,,https://www.canada.ca/en/environment-climate-change/services/national-pollutant-release-inventory/tools-resources-data/exploredata.html
npri-20131-2023-2,2023,compa50ae012,NA - M09,tonnes,4.519,,BC-MAIN-e34feb4d,,,https://www.canada.ca/en/environment-climate-change/services/national-pollutant-release-inventory/tools-resources-data/exploredata.html
npri-20131-2023-3,2023,compa50ae012,NA - M10,tonnes,4.519,,BC-MAIN-e34feb4d,,,https://www.canada.ca/en/environment-climate-change/services/national-pollutant-release-inventory/tools-resources-data/exploredata.html
npri-20131-2023-4,2023,compa50ae012,NA - M08,tonnes,4.519,,BC-MAIN-e34feb4d,,,https://www.canada.ca/en/environment-climate-change/services/national-pollutant-release-inventory/tools-resources-data/exploredata.html
npri-1148-2023-1,2023,compa50ae012,NA - 16,tonnes,15.897,,SK-MAIN-bb89158f,,,https://www.canada.ca/en/environment-climate-change/services/national-pollutant-release-inventory/tools-resources-data/exploredata.html
npri-1148-2023-2,2023,compa50ae012,NA - 02,kg,2.737,,SK-MAIN-bb89158f,,,https://www.canada.ca/en/environment-climate-change/services/national-pollutant-release-inventory/tools-resources-data/exploredata.html
npri-1148-2023-3,2023,compa50ae012,630-08-0,tonnes,87.328,,SK-MAIN-bb89158f,,,https://www.canada.ca/en/environment-climate-change/services/national-pollutant-release-inventory/tools-resources-data/exploredata.html
npri-1148-2023-4,2023,compa50ae012,NA - 06,tonnes,0.0016,,SK-MAIN-bb89158f,,,https://www.canada.ca/en/environment-climate-change/services/national-pollutant-release-inventory/tools-resources-data/exploredata.html
npri-1148-2023-5,2023,compa50ae012,NA - 08,kg,2.8181,,SK-MAIN-bb89158f,,,https://www.canada.ca/en/environment-climate-change/services/national-pollutant-release-inventory/tools-resources-data/exploredata.html
npri-1148-2023-6,2023,compa50ae012,NA - 11,tonnes,0.0015,,SK-MAIN-bb89158f,,,https://www.canada.ca/en/environment-climate-change/services/national-pollutant-release-inventory/tools-resources-data/exploredata.html
npri-1148-2023-7,2023,compa50ae012,11104-93-1,tonnes,48.717,,SK-MAIN-bb89158f,,,https://www.canada.ca/en/environment-climate-change/services/national-pollutant-release-inventory/tools-resources-data/exploredata.html
npri-1149-2023-1,2023,compa50ae012,11104-93-1,tonnes,26.318,,SK-MAIN-d3c471e8,,,https://www.canada.ca/en/environment-climate-change/services/national-pollutant-release-inventory/tools-resources-data/exploredata.html
npri-1148-2023-8,2023,compa50ae012,NA - M09,tonnes,0.85,,SK-MAIN-bb89158f,,,https://www.canada.ca/en/environment-climate-change/services/national-pollutant-release-inventory/tools-resources-data/exploredata.html
npri-1149-2023-2,2023,compa50ae012,NA - M09,tonnes,0.406,,SK-MAIN-d3c471e8,,,https://www.canada.ca/en/environment-climate-change/services/national-pollutant-release-inventory/tools-resources-data/exploredata.html
npri-19397-2023-1,2023,compa50ae012,NA - M09,tonnes,0.256,,SK-MAIN-91cf5448,,,https://www.canada.ca/en/environment-climate-change/services/national-pollutant-release-inventory/tools-resources-data/exploredata.html
npri-1148-2023-9,2023,compa50ae012,NA - M10,tonnes,0.845,,SK-MAIN-bb89158f,,,https://www.canada.ca/en/environment-climate-change/services/national-pollutant-release-inventory/tools-resources-data/exploredata.html
npri-1149-2023-3,2023,compa50ae012,NA - M10,tonnes,0.401,,SK-MAIN-d3c471e8,,,https://www.canada.ca/en/environment-climate-change/services/national-pollutant-release-inventory/tools-resources-data/exploredata.html
npri-19397-2023-2,2023,compa50ae012,NA - M10,tonnes,0.254,,SK-MAIN-91cf5448,,,https://www.canada.ca/en/environment-climate-change/services/national-pollutant-release-inventory/tools-resources-data/exploredata.html
npri-1148-2023-10,2023,compa50ae012,NA - 12,kg,8.626,,SK-MAIN-bb89158f,,,https://www.canada.ca/en/environment-climate-change/services/national-pollutant-release-inventory/tools-resources-data/exploredata.html
npri-1148-2023-11,2023,compa50ae012,NA - M08,tonnes,18.084,,SK-MAIN-bb89158f,,,https://www.canada.ca/en/environment-climate-change/services/national-pollutant-release-inventory/tools-resources-data/exploredata.html
npri-1149-2023-4,2023,compa50ae012,NA - M08,tonnes,0.438,,SK-MAIN-d3c471e8,,,https://www.canada.ca/en/environment-climate-change/services/national-pollutant-release-inventory/tools-resources-data/exploredata.html
npri-19397-2023-3,2023,compa50ae012,NA - M08,tonnes,0.271,,SK-MAIN-91cf5448,,,https://www.canada.ca/en/environment-climate-change/services/national-pollutant-release-inventory/tools-resources-data/exploredata.html
npri-1148-2023-12,2023,compa50ae012,NA - M16,tonnes,57.776,,SK-MAIN-bb89158f,,,https://www.canada.ca/en/environment-climate-change/services/national-pollutant-release-inventory/tools-resources-data/exploredata.html
npri-1148-2023-13,2023,compa50ae012,NA - 14,tonnes,0.046,,SK-MAIN-bb89158f,,,https://www.canada.ca/en/environment-climate-change/services/national-pollutant-release-inventory/tools-resources-data/exploredata.html
npri-30798-2023-1,2023,compa50ae012,630-08-0,tonnes,10.5047,,BC-MAIN-599152a0,,,https://www.canada.ca/en/environment-climate-change/services/national-pollutant-release-inventory/tools-resources-data/exploredata.html
npri-30798-2023-2,2023,compa50ae012,11104-93-1,tonnes,46.0267,,BC-MAIN-599152a0,,,https://www.canada.ca/en/environment-climate-change/services/national-pollutant-release-inventory/tools-resources-data/exploredata.html
npri-30798-2023-3,2023,compa50ae012,NA - M09,tonnes,13.1382,,BC-MAIN-599152a0,,,https://www.canada.ca/en/environment-climate-change/services/national-pollutant-release-inventory/tools-resources-data/exploredata.html
npri-30798-2023-4,2023,compa50ae012,NA - M10,tonnes,13.1382,,BC-MAIN-599152a0,,,https://www.canada.ca/en/environment-climate-change/services/national-pollutant-release-inventory/tools-resources-data/exploredata.html
npri-30798-2023-5,2023,compa50ae012,NA - M08,tonnes,13.1382,,BC-MAIN-599152a0,,,https://www.canada.ca/en/environment-climate-change/services/national-pollutant-release-inventory/tools-resources-data/exploredata.html
npri-2710-2023-1,2023,compa50ae012,NA - 02,kg,19.1064,,ON-MAIN-7f050560,,,https://www.canada.ca/en/environment-climate-change/services/national-pollutant-release-inventory/tools-resources-data/exploredata.html
npri-2710-2023-2,2023,compa50ae012,NA - 03,kg,0.1762,,ON-MAIN-7f050560,,,https://www.canada.ca/en/environment-climate-change/services/national-pollutant-release-inventory/tools-resources-data/exploredata.html
npri-2710-2023-3,2023,compa50ae012,630-08-0,tonnes,170.6614,,ON-MAIN-7f050560,,,https://www.canada.ca/en/environment-climate-change/services/national-pollutant-release-inventory/tools-resources-data/exploredata.html
npri-2710-2023-4,2023,compa50ae012,NA - 05,kg,2.0602,,ON-MAIN-7f050560,,,https://www.canada.ca/en/environment-climate-change/services/national-pollutant-release-inventory/tools-resources-data/exploredata.html
npri-2710-2023-5,2023,compa50ae012,NA - 08,kg,0.5794,,ON-MAIN-7f050560,,,https://www.canada.ca/en/environment-climate-change/services/national-pollutant-release-inventory/tools-resources-data/exploredata.html
npri-2710-2023-6,2023,compa50ae012,NA - 10,kg,13.5632,,ON-MAIN-7f050560,,,https://www.canada.ca/en/environment-climate-change/services/national-pollutant-release-inventory/tools-resources-data/exploredata.html
npri-2710-2023-7,2023,compa50ae012,NA - M09,tonnes,22.7451,,ON-MAIN-7f050560,,,https://www.canada.ca/en/environment-climate-change/services/national-pollutant-release-inventory/tools-resources-data/exploredata.html
npri-2710-2023-8,2023,compa50ae012,NA - M10,tonnes,17.3179,,ON-MAIN-7f050560,,,https://www.canada.ca/en/environment-climate-change/services/national-pollutant-release-inventory/tools-resources-data/exploredata.html
npri-2710-2023-9,2023,compa50ae012,NA - 12,kg,0.1394,,ON-MAIN-7f050560,,,https://www.canada.ca/en/environment-climate-change/services/national-pollutant-release-inventory/tools-resources-data/exploredata.html
npri-2710-2023-10,2023,compa50ae012,NA - 37,kg,0.0103,,ON-MAIN-7f050560,,,https://www.canada.ca/en/environment-climate-change/services/national-pollutant-release-inventory/tools-resources-data/exploredata.html
npri-2710-2023-11,2023,compa50ae012,NA - M08,tonnes,37.877,,ON-MAIN-7f050560,,,https://www.canada.ca/en/environment-climate-change/services/national-pollutant-release-inventory/tools-resources-data/exploredata.html
npri-11154-2023-1,2023,compa50ae012,NA - 01,tonnes,6e-06,,ON-MAIN-7001a391,,,https://www.canada.ca/en/environment-climate-change/services/national-pollutant-release-inventory/tools-resources-data/exploredata.html
npri-11154-2023-2,2023,compa50ae012,NA - 02,kg,0.005,,ON-MAIN-7001a391,,,https://www.canada.ca/en/environment-climate-change/services/national-pollutant-release-inventory/tools-resources-data/exploredata.html
npri-11154-2023-3,2023,compa50ae012,NA - 03,kg,0.02,,ON-MAIN-7001a391,,,https://www.canada.ca/en/environment-climate-change/services/national-pollutant-release-inventory/tools-resources-data/exploredata.html
npri-11154-2023-4,2023,compa50ae012,630-08-0,tonnes,21.76677,,ON-MAIN-7001a391,,,https://www.canada.ca/en/environment-climate-change/services/national-pollutant-release-inventory/tools-resources-data/exploredata.html
npri-11154-2023-5,2023,compa50ae012,NA - 04,tonnes,0.000197,,ON-MAIN-7001a391,,,https://www.canada.ca/en/environment-climate-change/services/national-pollutant-release-inventory/tools-resources-data/exploredata.html
npri-11154-2023-6,2023,compa50ae012,NA - 05,kg,0.018,,ON-MAIN-7001a391,,,https://www.canada.ca/en/environment-climate-change/services/national-pollutant-release-inventory/tools-resources-data/exploredata.html
npri-11154-2023-7,2023,compa50ae012,NA - 06,tonnes,0.001262,,ON-MAIN-7001a391,,,https://www.canada.ca/en/environment-climate-change/services/national-pollutant-release-inventory/tools-resources-data/exploredata.html
npri-11154-2023-8,2023,compa50ae012,NA - 08,kg,0.042,,ON-MAIN-7001a391,,,https://www.canada.ca/en/environment-climate-change/services/national-pollutant-release-inventory/tools-resources-data/exploredata.html
npri-11154-2023-9,2023,compa50ae012,NA - 09,tonnes,0.000481,,ON-MAIN-7001a391,,,https://www.canada.ca/en/environment-climate-change/services/national-pollutant-release-inventory/tools-resources-data/exploredata.html
npri-11154-2023-10,2023,compa50ae012,NA - 11,tonnes,0.000365,,ON-MAIN-7001a391,,,https://www.canada.ca/en/environment-climate-change/services/national-pollutant-release-inventory/tools-resources-data/exploredata.html
npri-11154-2023-11,2023,compa50ae012,11104-93-1,tonnes,81.695002,,ON-MAIN-7001a391,,,https://www.canada.ca/en/environment-climate-change/services/national-pollutant-release-inventory/tools-resources-data/exploredata.html
npri-32933-2023-1,2023,compa50ae012,11104-93-1,tonnes,30.323947,,ON-MAIN-9a34108c,,,https://www.canada.ca/en/environment-climate-change/services/national-pollutant-release-inventory/tools-resources-data/exploredata.html
npri-11154-2023-12,2023,compa50ae012,NA - M09,tonnes,5.888895,,ON-MAIN-7001a391,,,https://www.canada.ca/en/environment-climate-change/services/national-pollutant-release-inventory/tools-resources-data/exploredata.html
npri-32933-2023-2,2023,compa50ae012,NA - M09,tonnes,2.153357,,ON-MAIN-9a34108c,,,https://www.canada.ca/en/environment-climate-change/services/national-pollutant-release-inventory/tools-resources-data/exploredata.html
npri-11154-2023-13,2023,compa50ae012,NA - M10,tonnes,5.659484,,ON-MAIN-7001a391,,,https://www.canada.ca/en/environment-climate-change/services/national-pollutant-release-inventory/tools-resources-data/exploredata.html
npri-32933-2023-3,2023,compa50ae012,NA - M10,tonnes,2.114952,,ON-MAIN-9a34108c,,,https://www.canada.ca/en/environment-climate-change/services/national-pollutant-release-inventory/tools-resources-data/exploredata.html
npri-11154-2023-14,2023,compa50ae012,NA - 12,kg,0.035,,ON-MAIN-7001a391,,,https://www.canada.ca/en/environment-climate-change/services/national-pollutant-release-inventory/tools-resources-data/exploredata.html
npri-11154-2023-15,2023,compa50ae012,NA - M08,tonnes,6.153531,,ON-MAIN-7001a391,,,https://www.canada.ca/en/environment-climate-change/services/national-pollutant-release-inventory/tools-resources-data/exploredata.html
npri-11154-2023-16,2023,compa50ae012,NA - 40,tonnes,6.5e-05,,ON-MAIN-7001a391,,,https://www.canada.ca/en/environment-climate-change/services/national-pollutant-release-inventory/tools-resources-data/exploredata.html
npri-11154-2023-17,2023,compa50ae012,NA - 14,tonnes,0.000517,,ON-MAIN-7001a391,,,https://www.canada.ca/en/environment-climate-change/services/national-pollutant-release-inventory/tools-resources-data/exploredata.html
npri-1303-2023-1,2023,compa50ae012,630-08-0,tonnes,7.369848,,BC-MAIN-6b4800fe,,,https://www.canada.ca/en/environment-climate-change/services/national-pollutant-release-inventory/tools-resources-data/exploredata.html
npri-1303-2023-2,2023,compa50ae012,NA - 04,tonnes,0.004725,,BC-MAIN-6b4800fe,,,https://www.canada.ca/en/environment-climate-change/services/national-pollutant-release-inventory/tools-resources-data/exploredata.html
npri-1303-2023-3,2023,compa50ae012,NA - 05,kg,0.008567,,BC-MAIN-6b4800fe,,,https://www.canada.ca/en/environment-climate-change/services/national-pollutant-release-inventory/tools-resources-data/exploredata.html
npri-1303-2023-4,2023,compa50ae012,NA - 08,kg,0.002895,,BC-MAIN-6b4800fe,,,https://www.canada.ca/en/environment-climate-change/services/national-pollutant-release-inventory/tools-resources-data/exploredata.html
npri-1303-2023-5,2023,compa50ae012,NA - 09,tonnes,0.008388,,BC-MAIN-6b4800fe,,,https://www.canada.ca/en/environment-climate-change/services/national-pollutant-release-inventory/tools-resources-data/exploredata.html
npri-1303-2023-6,2023,compa50ae012,NA - 10,kg,0.000229,,BC-MAIN-6b4800fe,,,https://www.canada.ca/en/environment-climate-change/services/national-pollutant-release-inventory/tools-resources-data/exploredata.html
npri-1303-2023-7,2023,compa50ae012,NA - 11,tonnes,0.000609,,BC-MAIN-6b4800fe,,,https://www.canada.ca/en/environment-climate-change/services/national-pollutant-release-inventory/tools-resources-data/exploredata.html
npri-1303-2023-8,2023,compa50ae012,11104-93-1,tonnes,11.275428,,BC-MAIN-6b4800fe,,,https://www.canada.ca/en/environment-climate-change/services/national-pollutant-release-inventory/tools-resources-data/exploredata.html
npri-1303-2023-9,2023,compa50ae012,NA - M09,tonnes,0.440843,,BC-MAIN-6b4800fe,,,https://www.canada.ca/en/environment-climate-change/services/national-pollutant-release-inventory/tools-resources-data/exploredata.html
npri-1303-2023-10,2023,compa50ae012,NA - M10,tonnes,0.394358,,BC-MAIN-6b4800fe,,,https://www.canada.ca/en/environment-climate-change/services/national-pollutant-release-inventory/tools-resources-data/exploredata.html
npri-1303-2023-11,2023,compa50ae012,7446-09-5,tonnes,0.268033,,BC-MAIN-6b4800fe,,,https://www.canada.ca/en/environment-climate-change/services/national-pollutant-release-inventory/tools-resources-data/exploredata.html
npri-1303-2023-12,2023,compa50ae012,NA - M08,tonnes,72.973643,,BC-MAIN-6b4800fe,,,https://www.canada.ca/en/environment-climate-change/services/national-pollutant-release-inventory/tools-resources-data/exploredata.html
npri-1303-2023-13,2023,compa50ae012,NA - 14,tonnes,0.002712,,BC-MAIN-6b4800fe,,,https://www.canada.ca/en/environment-climate-change/services/national-pollutant-release-inventory/tools-resources-data/exploredata.html
npri-5448-2023-1,2023,compa50ae012,208-96-8,kg,7.191,,QC-MAIN-a97821c0,,,https://www.canada.ca/en/environment-climate-change/services/national-pollutant-release-inventory/tools-resources-data/exploredata.html
npri-5448-2023-2,2023,compa50ae012,NA - 02,kg,0.30637,,QC-MAIN-a97821c0,,,https://www.canada.ca/en/environment-climate-change/services/national-pollutant-release-inventory/tools-resources-data/exploredata.html
npri-5448-2023-3,2023,compa50ae012,NA - 03,kg,0.92009,,QC-MAIN-a97821c0,,,https://www.canada.ca/en/environment-climate-change/services/national-pollutant-release-inventory/tools-resources-data/exploredata.html
npri-5448-2023-4,2023,compa50ae012,630-08-0,tonnes,668.19247,,QC-MAIN-a97821c0,,,https://www.canada.ca/en/environment-climate-change/services/national-pollutant-release-inventory/tools-resources-data/exploredata.html
npri-5448-2023-5,2023,compa50ae012,NA - 04,tonnes,0.1103,,QC-MAIN-a97821c0,,,https://www.canada.ca/en/environment-climate-change/services/national-pollutant-release-inventory/tools-resources-data/exploredata.html
npri-5448-2023-6,2023,compa50ae012,NA - 05,kg,5.97454,,QC-MAIN-a97821c0,,,https://www.canada.ca/en/environment-climate-change/services/national-pollutant-release-inventory/tools-resources-data/exploredata.html
npri-5448-2023-7,2023,compa50ae012,NA - 06,tonnes,0.0953,,QC-MAIN-a97821c0,,,https://www.canada.ca/en/environment-climate-change/services/national-pollutant-release-inventory/tools-resources-data/exploredata.html
npri-5448-2023-8,2023,compa50ae012,86-73-7,kg,10.137,,QC-MAIN-a97821c0,,,https://www.canada.ca/en/environment-climate-change/services/national-pollutant-release-inventory/tools-resources-data/exploredata.html
npri-5448-2023-9,2023,compa50ae012,78-83-1,tonnes,0.0252,,QC-MAIN-a97821c0,,,https://www.canada.ca/en/environment-climate-change/services/national-pollutant-release-inventory/tools-resources-data/exploredata.html
npri-5448-2023-10,2023,compa50ae012,NA - 08,kg,77.832271,,QC-MAIN-a97821c0,,,https://www.canada.ca/en/environment-climate-change/services/national-pollutant-release-inventory/tools-resources-data/exploredata.html
npri-5448-2023-11,2023,compa50ae012,NA - 09,tonnes,0.0049,,QC-MAIN-a97821c0,,,https://www.canada.ca/en/environment-climate-change/services/national-pollutant-release-inventory/tools-resources-data/exploredata.html
npri-5448-2023-12,2023,compa50ae012,NA - 10,kg,0.026276,,QC-MAIN-a97821c0,,,https://www.canada.ca/en/environment-climate-change/services/national-pollutant-release-inventory/tools-resources-data/exploredata.html
npri-5448-2023-13,2023,compa50ae012,NA - 11,tonnes,0.3119,,QC-MAIN-a97821c0,,,https://www.canada.ca/en/environment-climate-change/services/national-pollutant-release-inventory/tools-resources-data/exploredata.html
npri-5448-2023-14,2023,compa50ae012,11104-93-1,tonnes,2521.211404,,QC-MAIN-a97821c0,,,https://www.canada.ca/en/environment-climate-change/services/national-pollutant-release-inventory/tools-resources-data/exploredata.html
npri-5448-2023-15,2023,compa50ae012,NA - P/H,kg,61.3369,,QC-MAIN-a97821c0,,,https://www.canada.ca/en/environment-climate-change/services/national-pollutant-release-inventory/tools-resources-data/exploredata.html
npri-5448-2023-16,2023,compa50ae012,85-01-8,kg,31.905,,QC-MAIN-a97821c0,,,https://www.canada.ca/en/environment-climate-change/services/national-pollutant-release-inventory/tools-resources-data/exploredata.html
npri-5448-2023-17,2023,compa50ae012,NA - 22,tonnes,0.02043,,QC-MAIN-a97821c0,,,https://www.canada.ca/en/environment-climate-change/services/national-pollutant-release-inventory/tools-resources-data/exploredata.html
npri-5448-2023-18,2023,compa50ae012,NA - M09,tonnes,46.5534,,QC-MAIN-a97821c0,,,https://www.canada.ca/en/environment-climate-change/services/national-pollutant-release-inventory/tools-resources-data/exploredata.html
npri-5448-2023-19,2023,compa50ae012,NA - M10,tonnes,40.9198,,QC-MAIN-a97821c0,,,https://www.canada.ca/en/environment-climate-change/services/national-pollutant-release-inventory/tools-resources-data/exploredata.html
npri-5448-2023-20,2023,compa50ae012,NA - 12,kg,0.1513,,QC-MAIN-a97821c0,,,https://www.canada.ca/en/environment-climate-change/services/national-pollutant-release-inventory/tools-resources-data/exploredata.html
npri-5448-2023-21,2023,compa50ae012,NA - 37,kg,0.2046,,QC-MAIN-a97821c0,,,https://www.canada.ca/en/environment-climate-change/services/national-pollutant-release-inventory/tools-resources-data/exploredata.html
npri-5448-2023-22,2023,compa50ae012,NA - M08,tonnes,57.5641,,QC-MAIN-a97821c0,,,https://www.canada.ca/en/environment-climate-change/services/national-pollutant-release-inventory/tools-resources-data/exploredata.html
npri-5448-2023-23,2023,compa50ae012,NA - 40,tonnes,0.00016,,QC-MAIN-a97821c0,,,https://www.canada.ca/en/environment-climate-change/services/national-pollutant-release-inventory/tools-resources-data/exploredata.html
npri-5448-2023-24,2023,compa50ae012,NA - M16,tonnes,66.0286,,QC-MAIN-a97821c0,,,https://www.canada.ca/en/environment-climate-change/services/national-pollutant-release-inventory/tools-resources-data/exploredata.html
npri-5448-2023-25,2023,compa50ae012,NA - 14,tonnes,0.0286,,QC-MAIN-a97821c0,,,https://www.canada.ca/en/environment-climate-change/services/national-pollutant-release-inventory/tools-resources-data/exploredata.html
npri-11588-2023-1,2023,compa50ae012,NA - 02,kg,0.01651,,ON-MAIN-fcb287a4,,,https://www.canada.ca/en/environment-climate-change/services/national-pollutant-release-inventory/tools-resources-data/exploredata.html
npri-11588-2023-2,2023,compa50ae012,NA - 03,kg,0.143256,,ON-MAIN-fcb287a4,,,https://www.canada.ca/en/environment-climate-change/services/national-pollutant-release-inventory/tools-resources-data/exploredata.html
npri-11588-2023-3,2023,compa50ae012,630-08-0,tonnes,20.504871,,ON-MAIN-fcb287a4,,,https://www.canada.ca/en/environment-climate-change/services/national-pollutant-release-inventory/tools-resources-data/exploredata.html
npri-11588-2023-4,2023,compa50ae012,NA - 04,tonnes,0.003313,,ON-MAIN-fcb287a4,,,https://www.canada.ca/en/environment-climate-change/services/national-pollutant-release-inventory/tools-resources-data/exploredata.html
npri-11588-2023-5,2023,compa50ae012,NA - 05,kg,2.960128,,ON-MAIN-fcb287a4,,,https://www.canada.ca/en/environment-climate-change/services/national-pollutant-release-inventory/tools-resources-data/exploredata.html
npri-11588-2023-6,2023,compa50ae012,NA - 06,tonnes,0.328063,,ON-MAIN-fcb287a4,,,https://www.canada.ca/en/environment-climate-change/services/national-pollutant-release-inventory/tools-resources-data/exploredata.html
npri-11588-2023-7,2023,compa50ae012,NA - 08,kg,1.914041,,ON-MAIN-fcb287a4,,,https://www.canada.ca/en/environment-climate-change/services/national-pollutant-release-inventory/tools-resources-data/exploredata.html
npri-11588-2023-8,2023,compa50ae012,NA - 09,tonnes,0.007669,,ON-MAIN-fcb287a4,,,https://www.canada.ca/en/environment-climate-change/services/national-pollutant-release-inventory/tools-resources-data/exploredata.html
npri-11588-2023-9,2023,compa50ae012,NA - 11,tonnes,0.114635,,ON-MAIN-fcb287a4,,,https://www.canada.ca/en/environment-climate-change/services/national-pollutant-release-inventory/tools-resources-data/exploredata.html
npri-11588-2023-10,2023,compa50ae012,11104-93-1,tonnes,68.55236,,ON-MAIN-fcb287a4,,,https://www.canada.ca/en/environment-climate-change/services/national-pollutant-release-inventory/tools-resources-data/exploredata.html
npri-11588-2023-11,2023,compa50ae012,NA - M09,tonnes,4.044902,,ON-MAIN-fcb287a4,,,https://www.canada.ca/en/environment-climate-change/services/national-pollutant-release-inventory/tools-resources-data/exploredata.html
npri-11588-2023-12,2023,compa50ae012,NA - M10,tonnes,2.069229,,ON-MAIN-fcb287a4,,,https://www.canada.ca/en/environment-climate-change/services/national-pollutant-release-inventory/tools-resources-data/exploredata.html
npri-11588-2023-13,2023,compa50ae012,NA - 12,kg,0.452095,,ON-MAIN-fcb287a4,,,https://www.canada.ca/en/environment-climate-change/services/national-pollutant-release-inventory/tools-resources-data/exploredata.html
npri-11588-2023-14,2023,compa50ae012,NA - 13,tonnes,0.000366,,ON-MAIN-fcb287a4,,,https://www.canada.ca/en/environment-climate-change/services/national-pollutant-release-inventory/tools-resources-data/exploredata.html
npri-11588-2023-15,2023,compa50ae012,NA - 37,kg,0.009161,,ON-MAIN-fcb287a4,,,https://www.canada.ca/en/environment-climate-change/services/national-pollutant-release-inventory/tools-resources-data/exploredata.html
npri-11588-2023-16,2023,compa50ae012,NA - 40,tonnes,0.001269,,ON-MAIN-fcb287a4,,,https://www.canada.ca/en/environment-climate-change/services/national-pollutant-release-inventory/tools-resources-data/exploredata.html
npri-11588-2023-17,2023,compa50ae012,NA - 14,tonnes,0.005608,,ON-MAIN-fcb287a4,,,https://www.canada.ca/en/environment-climate-change/services/national-pollutant-release-inventory/tools-resources-data/exploredata.html
npri-1941-2023-1,2023,compa50ae012,NA - 16,tonnes,10.300651,,ON-MAIN-3b3e5365,,,https://www.canada.ca/en/environment-climate-change/services/national-pollutant-release-inventory/tools-resources-data/exploredata.html
npri-1941-2023-2,2023,compa50ae012,NA - 02,kg,6.867491,,ON-MAIN-3b3e5365,,,https://www.canada.ca/en/environment-climate-change/services/national-pollutant-release-inventory/tools-resources-data/exploredata.html
npri-5656-2023-1,2023,compa50ae012,NA - 02,kg,1.76,,ON-MAIN-fefeaee4,,,https://www.canada.ca/en/environment-climate-change/services/national-pollutant-release-inventory/tools-resources-data/exploredata.html
npri-1941-2023-3,2023,compa50ae012,NA - 03,kg,0.095199,,ON-MAIN-3b3e5365,,,https://www.canada.ca/en/environment-climate-change/services/national-pollutant-release-inventory/tools-resources-data/exploredata.html
npri-5656-2023-2,2023,compa50ae012,NA - 03,kg,0.4035,,ON-MAIN-fefeaee4,,,https://www.canada.ca/en/environment-climate-change/services/national-pollutant-release-inventory/tools-resources-data/exploredata.html
npri-1941-2023-4,2023,compa50ae012,630-08-0,tonnes,36.075722,,ON-MAIN-3b3e5365,,,https://www.canada.ca/en/environment-climate-change/services/national-pollutant-release-inventory/tools-resources-data/exploredata.html
npri-5656-2023-3,2023,compa50ae012,630-08-0,tonnes,192.691139,,ON-MAIN-fefeaee4,,,https://www.canada.ca/en/environment-climate-change/services/national-pollutant-release-inventory/tools-resources-data/exploredata.html
npri-1941-2023-5,2023,compa50ae012,NA - 04,tonnes,0.005082,,ON-MAIN-3b3e5365,,,https://www.canada.ca/en/environment-climate-change/services/national-pollutant-release-inventory/tools-resources-data/exploredata.html
npri-1941-2023-6,2023,compa50ae012,NA - 05,kg,0.563539,,ON-MAIN-3b3e5365,,,https://www.canada.ca/en/environment-climate-change/services/national-pollutant-release-inventory/tools-resources-data/exploredata.html
npri-5656-2023-4,2023,compa50ae012,NA - 05,kg,9.5e-05,,ON-MAIN-fefeaee4,,,https://www.canada.ca/en/environment-climate-change/services/national-pollutant-release-inventory/tools-resources-data/exploredata.html
npri-1941-2023-7,2023,compa50ae012,NA - 06,tonnes,0.002321,,ON-MAIN-3b3e5365,,,https://www.canada.ca/en/environment-climate-change/services/national-pollutant-release-inventory/tools-resources-data/exploredata.html
npri-1941-2023-8,2023,compa50ae012,NA - 07,tonnes,0.038111,,ON-MAIN-3b3e5365,,,https://www.canada.ca/en/environment-climate-change/services/national-pollutant-release-inventory/tools-resources-data/exploredata.html
npri-1941-2023-9,2023,compa50ae012,NA - 08,kg,60.836422,,ON-MAIN-3b3e5365,,,https://www.canada.ca/en/environment-climate-change/services/national-pollutant-release-inventory/tools-resources-data/exploredata.html
npri-5656-2023-5,2023,compa50ae012,NA - 08,kg,76.863328,,ON-MAIN-fefeaee4,,,https://www.canada.ca/en/environment-climate-change/services/national-pollutant-release-inventory/tools-resources-data/exploredata.html
npri-1941-2023-10,2023,compa50ae012,NA - 09,tonnes,0.035428,,ON-MAIN-3b3e5365,,,https://www.canada.ca/en/environment-climate-change/services/national-pollutant-release-inventory/tools-resources-data/exploredata.html
npri-1941-2023-11,2023,compa50ae012,NA - 10,kg,90.64181,,ON-MAIN-3b3e5365,,,https://www.canada.ca/en/environment-climate-change/services/national-pollutant-release-inventory/tools-resources-data/exploredata.html
npri-5656-2023-6,2023,compa50ae012,NA - 10,kg,0.271307,,ON-MAIN-fefeaee4,,,https://www.canada.ca/en/environment-climate-change/services/national-pollutant-release-inventory/tools-resources-data/exploredata.html
npri-1941-2023-12,2023,compa50ae012,NA - 11,tonnes,0.00247,,ON-MAIN-3b3e5365,,,https://www.canada.ca/en/environment-climate-change/services/national-pollutant-release-inventory/tools-resources-data/exploredata.html
npri-1941-2023-13,2023,compa50ae012,11104-93-1,tonnes,148.126537,,ON-MAIN-3b3e5365,,,https://www.canada.ca/en/environment-climate-change/services/national-pollutant-release-inventory/tools-resources-data/exploredata.html
npri-5656-2023-7,2023,compa50ae012,11104-93-1,tonnes,298.175639,,ON-MAIN-fefeaee4,,,https://www.canada.ca/en/environment-climate-change/services/national-pollutant-release-inventory/tools-resources-data/exploredata.html
npri-1941-2023-14,2023,compa50ae012,NA - M09,tonnes,18.475774,,ON-MAIN-3b3e5365,,,https://www.canada.ca/en/environment-climate-change/services/national-pollutant-release-inventory/tools-resources-data/exploredata.html
npri-5656-2023-8,2023,compa50ae012,NA - M09,tonnes,28.311683,,ON-MAIN-fefeaee4,,,https://www.canada.ca/en/environment-climate-change/services/national-pollutant-release-inventory/tools-resources-data/exploredata.html
npri-1941-2023-15,2023,compa50ae012,NA - M10,tonnes,14.238435,,ON-MAIN-3b3e5365,,,https://www.canada.ca/en/environment-climate-change/services/national-pollutant-release-inventory/tools-resources-data/exploredata.html
npri-5656-2023-9,2023,compa50ae012,NA - M10,tonnes,26.902601,,ON-MAIN-fefeaee4,,,https://www.canada.ca/en/environment-climate-change/services/national-pollutant-release-inventory/tools-resources-data/exploredata.html
npri-1941-2023-16,2023,compa50ae012,NA - 12,kg,1.818454,,ON-MAIN-3b3e5365,,,https://www.canada.ca/en/environment-climate-change/services/national-pollutant-release-inventory/tools-resources-data/exploredata.html
npri-5656-2023-10,2023,compa50ae012,NA - 12,kg,0.43284,,ON-MAIN-fefeaee4,,,https://www.canada.ca/en/environment-climate-change/services/national-pollutant-release-inventory/tools-resources-data/exploredata.html
npri-1941-2023-17,2023,compa50ae012,NA - 37,kg,0.004678,,ON-MAIN-3b3e5365,,,https://www.canada.ca/en/environment-climate-change/services/national-pollutant-release-inventory/tools-resources-data/exploredata.html
npri-5656-2023-11,2023,compa50ae012,NA - 37,kg,0.0316,,ON-MAIN-fefeaee4,,,https://www.canada.ca/en/environment-climate-change/services/national-pollutant-release-inventory/tools-resources-data/exploredata.html
npri-1941-2023-18,2023,compa50ae012,NA - M08,tonnes,31.164513,,ON-MAIN-3b3e5365,,,https://www.canada.ca/en/environment-climate-change/services/national-pollutant-release-inventory/tools-resources-data/exploredata.html
npri-5656-2023-12,2023,compa50ae012,NA - M08,tonnes,30.948952,,ON-MAIN-fefeaee4,,,https://www.canada.ca/en/environment-climate-change/services/national-pollutant-release-inventory/tools-resources-data/exploredata.html
npri-1941-2023-19,2023,compa50ae012,NA - 40,tonnes,0.001407,,ON-MAIN-3b3e5365,,,https://www.canada.ca/en/environment-climate-change/services/national-pollutant-release-inventory/tools-resources-data/exploredata.html
npri-1941-2023-20,2023,compa50ae012,NA - 14,tonnes,0.004923,,ON-MAIN-3b3e5365,,,https://www.canada.ca/en/environment-climate-change/services/national-pollutant-release-inventory/tools-resources-data/exploredata.html
npri-29877-2023-1,2023,compa50ae012,NA - 02,kg,0.093748,,ON-MAIN-1c674cd0,,,https://www.canada.ca/en/environment-climate-change/services/national-pollutant-release-inventory/tools-resources-data/exploredata.html
npri-29877-2023-2,2023,compa50ae012,NA - 03,kg,0.018764,,ON-MAIN-1c674cd0,,,https://www.canada.ca/en/environment-climate-change/services/national-pollutant-release-inventory/tools-resources-data/exploredata.html
npri-29877-2023-3,2023,compa50ae012,NA - 04,tonnes,0.000618,,ON-MAIN-1c674cd0,,,https://www.canada.ca/en/environment-climate-change/services/national-pollutant-release-inventory/tools-resources-data/exploredata.html
npri-29877-2023-4,2023,compa50ae012,NA - 05,kg,0.320211,,ON-MAIN-1c674cd0,,,https://www.canada.ca/en/environment-climate-change/services/national-pollutant-release-inventory/tools-resources-data/exploredata.html
npri-29877-2023-5,2023,compa50ae012,NA - 06,tonnes,0.000658,,ON-MAIN-1c674cd0,,,https://www.canada.ca/en/environment-climate-change/services/national-pollutant-release-inventory/tools-resources-data/exploredata.html
npri-29877-2023-6,2023,compa50ae012,7647-01-0,tonnes,0.004109,,ON-MAIN-1c674cd0,,,https://www.canada.ca/en/environment-climate-change/services/national-pollutant-release-inventory/tools-resources-data/exploredata.html
npri-29877-2023-7,2023,compa50ae012,NA - 08,kg,0.103103,,ON-MAIN-1c674cd0,,,https://www.canada.ca/en/environment-climate-change/services/national-pollutant-release-inventory/tools-resources-data/exploredata.html
npri-29877-2023-8,2023,compa50ae012,NA - 09,tonnes,0.00753,,ON-MAIN-1c674cd0,,,https://www.canada.ca/en/environment-climate-change/services/national-pollutant-release-inventory/tools-resources-data/exploredata.html
npri-29877-2023-9,2023,compa50ae012,NA - 11,tonnes,0.000382,,ON-MAIN-1c674cd0,,,https://www.canada.ca/en/environment-climate-change/services/national-pollutant-release-inventory/tools-resources-data/exploredata.html
npri-29877-2023-10,2023,compa50ae012,NA - M09,tonnes,6.407605,,ON-MAIN-1c674cd0,,,https://www.canada.ca/en/environment-climate-change/services/national-pollutant-release-inventory/tools-resources-data/exploredata.html
npri-29877-2023-11,2023,compa50ae012,NA - M10,tonnes,6.389031,,ON-MAIN-1c674cd0,,,https://www.canada.ca/en/environment-climate-change/services/national-pollutant-release-inventory/tools-resources-data/exploredata.html
npri-29877-2023-12,2023,compa50ae012,NA - 37,kg,0.012513,,ON-MAIN-1c674cd0,,,https://www.canada.ca/en/environment-climate-change/services/national-pollutant-release-inventory/tools-resources-data/exploredata.html
npri-29877-2023-13,2023,compa50ae012,NA - M08,tonnes,12.296195,,ON-MAIN-1c674cd0,,,https://www.canada.ca/en/environment-climate-change/services/national-pollutant-release-inventory/tools-resources-data/exploredata.html
npri-29877-2023-14,2023,compa50ae012,NA - 40,tonnes,0.00072,,ON-MAIN-1c674cd0,,,https://www.canada.ca/en/environment-climate-change/services/national-pollutant-release-inventory/tools-resources-data/exploredata.html
npri-29877-2023-15,2023,compa50ae012,NA - 14,tonnes,0.001611,,ON-MAIN-1c674cd0,,,https://www.canada.ca/en/environment-climate-change/services/national-pollutant-release-inventory/tools-resources-data/exploredata.html
npri-5102-2023-1,2023,compa50ae012,NA - 04,tonnes,1.186,,BC-MAIN-3f490561,,,https://www.canada.ca/en/environment-climate-change/services/national-pollutant-release-inventory/tools-resources-data/exploredata.html
npri-5102-2023-2,2023,compa50ae012,NA - 08,kg,0.1601,,BC-MAIN-3f490561,,,https://www.canada.ca/en/environment-climate-change/services/national-pollutant-release-inventory/tools-resources-data/exploredata.html
npri-5102-2023-3,2023,compa50ae012,NA - 09,tonnes,2.718,,BC-MAIN-3f490561,,,https://www.canada.ca/en/environment-climate-change/services/national-pollutant-release-inventory/tools-resources-data/exploredata.html
npri-5102-2023-4,2023,compa50ae012,NA - 11,tonnes,1.9e-05,,BC-MAIN-3f490561,,,https://www.canada.ca/en/environment-climate-change/services/national-pollutant-release-inventory/tools-resources-data/exploredata.html
npri-11867-2023-1,2023,compa50ae012,NA - 01,tonnes,0.00053,,ON-MAIN-aeafbb59,,,https://www.canada.ca/en/environment-climate-change/services/national-pollutant-release-inventory/tools-resources-data/exploredata.html
npri-11867-2023-2,2023,compa50ae012,NA - 02,kg,0.981,,ON-MAIN-aeafbb59,,,https://www.canada.ca/en/environment-climate-change/services/national-pollutant-release-inventory/tools-resources-data/exploredata.html
npri-11867-2023-3,2023,compa50ae012,NA - 03,kg,0.106,,ON-MAIN-aeafbb59,,,https://www.canada.ca/en/environment-climate-change/services/national-pollutant-release-inventory/tools-resources-data/exploredata.html
npri-11867-2023-4,2023,compa50ae012,630-08-0,tonnes,40.977,,ON-MAIN-aeafbb59,,,https://www.canada.ca/en/environment-climate-change/services/national-pollutant-release-inventory/tools-resources-data/exploredata.html
npri-11867-2023-5,2023,compa50ae012,NA - 04,tonnes,0.024,,ON-MAIN-aeafbb59,,,https://www.canada.ca/en/environment-climate-change/services/national-pollutant-release-inventory/tools-resources-data/exploredata.html
npri-11867-2023-6,2023,compa50ae012,NA - 05,kg,7.76,,ON-MAIN-aeafbb59,,,https://www.canada.ca/en/environment-climate-change/services/national-pollutant-release-inventory/tools-resources-data/exploredata.html
npri-11867-2023-7,2023,compa50ae012,NA - 06,tonnes,0.031,,ON-MAIN-aeafbb59,,,https://www.canada.ca/en/environment-climate-change/services/national-pollutant-release-inventory/tools-resources-data/exploredata.html
npri-11867-2023-8,2023,compa50ae012,NA - 08,kg,11.204,,ON-MAIN-aeafbb59,,,https://www.canada.ca/en/environment-climate-change/services/national-pollutant-release-inventory/tools-resources-data/exploredata.html
npri-11867-2023-9,2023,compa50ae012,NA - 09,tonnes,0.255,,ON-MAIN-aeafbb59,,,https://www.canada.ca/en/environment-climate-change/services/national-pollutant-release-inventory/tools-resources-data/exploredata.html
npri-11867-2023-10,2023,compa50ae012,NA - 10,kg,0.001,,ON-MAIN-aeafbb59,,,https://www.canada.ca/en/environment-climate-change/services/national-pollutant-release-inventory/tools-resources-data/exploredata.html
npri-11867-2023-11,2023,compa50ae012,NA - 11,tonnes,0.013,,ON-MAIN-aeafbb59,,,https://www.canada.ca/en/environment-climate-change/services/national-pollutant-release-inventory/tools-resources-data/exploredata.html
npri-11867-2023-12,2023,compa50ae012,11104-93-1,tonnes,180.177,,ON-MAIN-aeafbb59,,,https://www.canada.ca/en/environment-climate-change/services/national-pollutant-release-inventory/tools-resources-data/exploredata.html
npri-11867-2023-13,2023,compa50ae012,NA - 22,tonnes,0.104,,ON-MAIN-aeafbb59,,,https://www.canada.ca/en/environment-climate-change/services/national-pollutant-release-inventory/tools-resources-data/exploredata.html
npri-11867-2023-14,2023,compa50ae012,NA - M09,tonnes,45.27,,ON-MAIN-aeafbb59,,,https://www.canada.ca/en/environment-climate-change/services/national-pollutant-release-inventory/tools-resources-data/exploredata.html
npri-11867-2023-15,2023,compa50ae012,NA - M10,tonnes,33.68,,ON-MAIN-aeafbb59,,,https://www.canada.ca/en/environment-climate-change/services/national-pollutant-release-inventory/tools-resources-data/exploredata.html
npri-11867-2023-16,2023,compa50ae012,NA - 12,kg,1.012,,ON-MAIN-aeafbb59,,,https://www.canada.ca/en/environment-climate-change/services/national-pollutant-release-inventory/tools-resources-data/exploredata.html
npri-11867-2023-17,2023,compa50ae012,7446-09-5,tonnes,7.025,,ON-MAIN-aeafbb59,,,https://www.canada.ca/en/environment-climate-change/services/national-pollutant-release-inventory/tools-resources-data/exploredata.html
npri-11867-2023-18,2023,compa50ae012,NA - 37,kg,0.583,,ON-MAIN-aeafbb59,,,https://www.canada.ca/en/environment-climate-change/services/national-pollutant-release-inventory/tools-resources-data/exploredata.html
npri-11867-2023-19,2023,compa50ae012,NA - M08,tonnes,222.149,,ON-MAIN-aeafbb59,,,https://www.canada.ca/en/environment-climate-change/services/national-pollutant-release-inventory/tools-resources-data/exploredata.html
npri-11867-2023-20,2023,compa50ae012,NA - 40,tonnes,0.042,,ON-MAIN-aeafbb59,,,https://www.canada.ca/en/environment-climate-change/services/national-pollutant-release-inventory/tools-resources-data/exploredata.html
npri-11867-2023-21,2023,compa50ae012,NA - M16,tonnes,12.212,,ON-MAIN-aeafbb59,,,https://www.canada.ca/en/environment-climate-change/services/national-pollutant-release-inventory/tools-resources-data/exploredata.html
npri-11867-2023-22,2023,compa50ae012,NA - 14,tonnes,0.016,,ON-MAIN-aeafbb59,,,https://www.canada.ca/en/environment-climate-change/services/national-pollutant-release-inventory/tools-resources-data/exploredata.html
npri-11794-2023-1,2023,compa50ae012,NA - 02,kg,0.4261,,ON-MAIN-f3e6ff08,,,https://www.canada.ca/en/environment-climate-change/services/national-pollutant-release-inventory/tools-resources-data/exploredata.html
npri-11794-2023-2,2023,compa50ae012,630-08-0,tonnes,21.348,,ON-MAIN-f3e6ff08,,,https://www.canada.ca/en/environment-climate-change/services/national-pollutant-release-inventory/tools-resources-data/exploredata.html
npri-11794-2023-3,2023,compa50ae012,NA - M09,tonnes,6.624,,ON-MAIN-f3e6ff08,,,https://www.canada.ca/en/environment-climate-change/services/national-pollutant-release-inventory/tools-resources-data/exploredata.html
npri-11794-2023-4,2023,compa50ae012,NA - M10,tonnes,2.296,,ON-MAIN-f3e6ff08,,,https://www.canada.ca/en/environment-climate-change/services/national-pollutant-release-inventory/tools-resources-data/exploredata.html
npri-11794-2023-5,2023,compa50ae012,NA - M08,tonnes,12.734,,ON-MAIN-f3e6ff08,,,https://www.canada.ca/en/environment-climate-change/services/national-pollutant-release-inventory/tools-resources-data/exploredata.html
npri-2372-2023-1,2023,compa50ae012,83-32-9,kg,0.0994,,BC-MAIN-23155c25,,,https://www.canada.ca/en/environment-climate-change/services/national-pollutant-release-inventory/tools-resources-data/exploredata.html
npri-2372-2023-2,2023,compa50ae012,208-96-8,kg,0.1585,,BC-MAIN-23155c25,,,https://www.canada.ca/en/environment-climate-change/services/national-pollutant-release-inventory/tools-resources-data/exploredata.html
npri-2372-2023-3,2023,compa50ae012,120-12-7,kg,0.1198,,BC-MAIN-23155c25,,,https://www.canada.ca/en/environment-climate-change/services/national-pollutant-release-inventory/tools-resources-data/exploredata.html
npri-2372-2023-4,2023,compa50ae012,NA - 02,kg,0.00146,,BC-MAIN-23155c25,,,https://www.canada.ca/en/environment-climate-change/services/national-pollutant-release-inventory/tools-resources-data/exploredata.html
npri-2372-2023-5,2023,compa50ae012,56-55-3,kg,0.1153,,BC-MAIN-23155c25,,,https://www.canada.ca/en/environment-climate-change/services/national-pollutant-release-inventory/tools-resources-data/exploredata.html
npri-2372-2023-6,2023,compa50ae012,50-32-8,kg,0.0059,,BC-MAIN-23155c25,,,https://www.canada.ca/en/environment-climate-change/services/national-pollutant-release-inventory/tools-resources-data/exploredata.html
npri-2372-2023-7,2023,compa50ae012,205-99-2,kg,0.007,,BC-MAIN-23155c25,,,https://www.canada.ca/en/environment-climate-change/services/national-pollutant-release-inventory/tools-resources-data/exploredata.html
npri-2372-2023-8,2023,compa50ae012,191-24-2,kg,0.0212,,BC-MAIN-23155c25,,,https://www.canada.ca/en/environment-climate-change/services/national-pollutant-release-inventory/tools-resources-data/exploredata.html
npri-2372-2023-9,2023,compa50ae012,207-08-9,kg,0.007,,BC-MAIN-23155c25,,,https://www.canada.ca/en/environment-climate-change/services/national-pollutant-release-inventory/tools-resources-data/exploredata.html
npri-2372-2023-10,2023,compa50ae012,NA - 03,kg,0.0011,,BC-MAIN-23155c25,,,https://www.canada.ca/en/environment-climate-change/services/national-pollutant-release-inventory/tools-resources-data/exploredata.html
npri-2372-2023-11,2023,compa50ae012,630-08-0,tonnes,72.94,,BC-MAIN-23155c25,,,https://www.canada.ca/en/environment-climate-change/services/national-pollutant-release-inventory/tools-resources-data/exploredata.html
npri-2372-2023-12,2023,compa50ae012,NA - 04,tonnes,0.0011,,BC-MAIN-23155c25,,,https://www.canada.ca/en/environment-climate-change/services/national-pollutant-release-inventory/tools-resources-data/exploredata.html
npri-2372-2023-13,2023,compa50ae012,NA - 06,tonnes,0.002191,,BC-MAIN-23155c25,,,https://www.canada.ca/en/environment-climate-change/services/national-pollutant-release-inventory/tools-resources-data/exploredata.html
npri-2372-2023-14,2023,compa50ae012,53-70-3,kg,0.0225,,BC-MAIN-23155c25,,,https://www.canada.ca/en/environment-climate-change/services/national-pollutant-release-inventory/tools-resources-data/exploredata.html
npri-2372-2023-15,2023,compa50ae012,206-44-0,kg,0.4873,,BC-MAIN-23155c25,,,https://www.canada.ca/en/environment-climate-change/services/national-pollutant-release-inventory/tools-resources-data/exploredata.html
npri-2372-2023-16,2023,compa50ae012,86-73-7,kg,1.8331,,BC-MAIN-23155c25,,,https://www.canada.ca/en/environment-climate-change/services/national-pollutant-release-inventory/tools-resources-data/exploredata.html
npri-2372-2023-17,2023,compa50ae012,193-39-5,kg,0.0173,,BC-MAIN-23155c25,,,https://www.canada.ca/en/environment-climate-change/services/national-pollutant-release-inventory/tools-resources-data/exploredata.html
npri-2372-2023-18,2023,compa50ae012,NA - 08,kg,0.003287,,BC-MAIN-23155c25,,,https://www.canada.ca/en/environment-climate-change/services/national-pollutant-release-inventory/tools-resources-data/exploredata.html
npri-2372-2023-19,2023,compa50ae012,NA - 09,tonnes,0.002191,,BC-MAIN-23155c25,,,https://www.canada.ca/en/environment-climate-change/services/national-pollutant-release-inventory/tools-resources-data/exploredata.html
npri-2372-2023-20,2023,compa50ae012,NA - 10,kg,0.019,,BC-MAIN-23155c25,,,https://www.canada.ca/en/environment-climate-change/services/national-pollutant-release-inventory/tools-resources-data/exploredata.html
npri-2372-2023-21,2023,compa50ae012,NA - 11,tonnes,0.001096,,BC-MAIN-23155c25,,,https://www.canada.ca/en/environment-climate-change/services/national-pollutant-release-inventory/tools-resources-data/exploredata.html
npri-2372-2023-22,2023,compa50ae012,11104-93-1,tonnes,328.3833,,BC-MAIN-23155c25,,,https://www.canada.ca/en/environment-climate-change/services/national-pollutant-release-inventory/tools-resources-data/exploredata.html
npri-2372-2023-23,2023,compa50ae012,85-01-8,kg,1.8613,,BC-MAIN-23155c25,,,https://www.canada.ca/en/environment-climate-change/services/national-pollutant-release-inventory/tools-resources-data/exploredata.html
npri-2372-2023-24,2023,compa50ae012,NA - M09,tonnes,33.96,,BC-MAIN-23155c25,,,https://www.canada.ca/en/environment-climate-change/services/national-pollutant-release-inventory/tools-resources-data/exploredata.html
npri-2372-2023-25,2023,compa50ae012,NA - M10,tonnes,21.16,,BC-MAIN-23155c25,,,https://www.canada.ca/en/environment-climate-change/services/national-pollutant-release-inventory/tools-resources-data/exploredata.html
npri-2372-2023-26,2023,compa50ae012,129-00-0,kg,0.3093,,BC-MAIN-23155c25,,,https://www.canada.ca/en/environment-climate-change/services/national-pollutant-release-inventory/tools-resources-data/exploredata.html
npri-2372-2023-27,2023,compa50ae012,NA - 12,kg,0.005478,,BC-MAIN-23155c25,,,https://www.canada.ca/en/environment-climate-change/services/national-pollutant-release-inventory/tools-resources-data/exploredata.html
npri-2372-2023-28,2023,compa50ae012,7446-09-5,tonnes,18.26,,BC-MAIN-23155c25,,,https://www.canada.ca/en/environment-climate-change/services/national-pollutant-release-inventory/tools-resources-data/exploredata.html
npri-2372-2023-29,2023,compa50ae012,NA - M08,tonnes,66.66,,BC-MAIN-23155c25,,,https://www.canada.ca/en/environment-climate-change/services/national-pollutant-release-inventory/tools-resources-data/exploredata.html
npri-2372-2023-30,2023,compa50ae012,NA - M16,tonnes,22.98,,BC-MAIN-23155c25,,,https://www.canada.ca/en/environment-climate-change/services/national-pollutant-release-inventory/tools-resources-data/exploredata.html
npri-2372-2023-31,2023,compa50ae012,NA - 14,tonnes,0.001461,,BC-MAIN-23155c25,,,https://www.canada.ca/en/environment-climate-change/services/national-pollutant-release-inventory/tools-resources-data/exploredata.html
npri-29548-2023-1,2023,compa50ae012,NA - 16,tonnes,0.77,,ON-MAIN-0aadf28f,,,https://www.canada.ca/en/environment-climate-change/services/national-pollutant-release-inventory/tools-resources-data/exploredata.html
npri-25434-2023-1,2023,compa50ae012,NA - 02,kg,2.368354,,BC-MAIN-aa76f6f2,,,https://www.canada.ca/en/environment-climate-change/services/national-pollutant-release-inventory/tools-resources-data/exploredata.html
npri-25434-2023-2,2023,compa50ae012,NA - 03,kg,1.127727,,BC-MAIN-aa76f6f2,,,https://www.canada.ca/en/environment-climate-change/services/national-pollutant-release-inventory/tools-resources-data/exploredata.html
npri-29548-2023-2,2023,compa50ae012,630-08-0,tonnes,7.331,,ON-MAIN-0aadf28f,,,https://www.canada.ca/en/environment-climate-change/services/national-pollutant-release-inventory/tools-resources-data/exploredata.html
npri-25434-2023-3,2023,compa50ae012,NA - 04,tonnes,0.001968,,BC-MAIN-aa76f6f2,,,https://www.canada.ca/en/environment-climate-change/services/national-pollutant-release-inventory/tools-resources-data/exploredata.html
npri-25434-2023-4,2023,compa50ae012,NA - 05,kg,0.851472,,BC-MAIN-aa76f6f2,,,https://www.canada.ca/en/environment-climate-change/services/national-pollutant-release-inventory/tools-resources-data/exploredata.html
npri-25434-2023-5,2023,compa50ae012,NA - 06,tonnes,0.009007,,BC-MAIN-aa76f6f2,,,https://www.canada.ca/en/environment-climate-change/services/national-pollutant-release-inventory/tools-resources-data/exploredata.html
npri-29548-2023-3,2023,compa50ae012,NA - 06,tonnes,0.445,,ON-MAIN-0aadf28f,,,https://www.canada.ca/en/environment-climate-change/services/national-pollutant-release-inventory/tools-resources-data/exploredata.html
npri-25434-2023-6,2023,compa50ae012,NA - 08,kg,1.179446,,BC-MAIN-aa76f6f2,,,https://www.canada.ca/en/environment-climate-change/services/national-pollutant-release-inventory/tools-resources-data/exploredata.html
npri-25434-2023-7,2023,compa50ae012,NA - 09,tonnes,0.008389,,BC-MAIN-aa76f6f2,,,https://www.canada.ca/en/environment-climate-change/services/national-pollutant-release-inventory/tools-resources-data/exploredata.html
npri-25434-2023-8,2023,compa50ae012,NA - 10,kg,0.007821,,BC-MAIN-aa76f6f2,,,https://www.canada.ca/en/environment-climate-change/services/national-pollutant-release-inventory/tools-resources-data/exploredata.html
npri-25434-2023-9,2023,compa50ae012,NA - 11,tonnes,0.005538,,BC-MAIN-aa76f6f2,,,https://www.canada.ca/en/environment-climate-change/services/national-pollutant-release-inventory/tools-resources-data/exploredata.html
npri-29548-2023-4,2023,compa50ae012,11104-93-1,tonnes,62.412,,ON-MAIN-0aadf28f,,,https://www.canada.ca/en/environment-climate-change/services/national-pollutant-release-inventory/tools-resources-data/exploredata.html
npri-25434-2023-10,2023,compa50ae012,NA - 22,tonnes,0.009827,,BC-MAIN-aa76f6f2,,,https://www.canada.ca/en/environment-climate-change/services/national-pollutant-release-inventory/tools-resources-data/exploredata.html
npri-25434-2023-11,2023,compa50ae012,NA - M09,tonnes,6.844,,BC-MAIN-aa76f6f2,,,https://www.canada.ca/en/environment-climate-change/services/national-pollutant-release-inventory/tools-resources-data/exploredata.html
npri-29548-2023-5,2023,compa50ae012,NA - M09,tonnes,1.533,,ON-MAIN-0aadf28f,,,https://www.canada.ca/en/environment-climate-change/services/national-pollutant-release-inventory/tools-resources-data/exploredata.html
npri-25434-2023-12,2023,compa50ae012,NA - M10,tonnes,3.794,,BC-MAIN-aa76f6f2,,,https://www.canada.ca/en/environment-climate-change/services/national-pollutant-release-inventory/tools-resources-data/exploredata.html
npri-29548-2023-6,2023,compa50ae012,NA - M10,tonnes,1.533,,ON-MAIN-0aadf28f,,,https://www.canada.ca/en/environment-climate-change/services/national-pollutant-release-inventory/tools-resources-data/exploredata.html
npri-25434-2023-13,2023,compa50ae012,NA - 12,kg,9.934,,BC-MAIN-aa76f6f2,,,https://www.canada.ca/en/environment-climate-change/services/national-pollutant-release-inventory/tools-resources-data/exploredata.html
npri-29548-2023-7,2023,compa50ae012,7446-09-5,tonnes,1.484,,ON-MAIN-0aadf28f,,,https://www.canada.ca/en/environment-climate-change/services/national-pollutant-release-inventory/tools-resources-data/exploredata.html
npri-25434-2023-14,2023,compa50ae012,NA - M08,tonnes,7.749,,BC-MAIN-aa76f6f2,,,https://www.canada.ca/en/environment-climate-change/services/national-pollutant-release-inventory/tools-resources-data/exploredata.html
npri-29548-2023-8,2023,compa50ae012,NA - M08,tonnes,1.533,,ON-MAIN-0aadf28f,,,https://www.canada.ca/en/environment-climate-change/services/national-pollutant-release-inventory/tools-resources-data/exploredata.html
npri-25434-2023-15,2023,compa50ae012,NA - 40,tonnes,0.003992,,BC-MAIN-aa76f6f2,,,https://www.canada.ca/en/environment-climate-change/services/national-pollutant-release-inventory/tools-resources-data/exploredata.html
npri-25434-2023-16,2023,compa50ae012,NA - 14,tonnes,0.010066,,BC-MAIN-aa76f6f2,,,https://www.canada.ca/en/environment-climate-change/services/national-pollutant-release-inventory/tools-resources-data/exploredata.html
npri-32235-2023-1,2023,compa50ae012,NA - 02,kg,0.6542,,BC-MAIN-8eb8be0d,,,https://www.canada.ca/en/environment-climate-change/services/national-pollutant-release-inventory/tools-resources-data/exploredata.html
npri-32235-2023-2,2023,compa50ae012,NA - 03,kg,1.6661,,BC-MAIN-8eb8be0d,,,https://www.canada.ca/en/environment-climate-change/services/national-pollutant-release-inventory/tools-resources-data/exploredata.html
npri-32235-2023-3,2023,compa50ae012,630-08-0,tonnes,51.5033,,BC-MAIN-8eb8be0d,,,https://www.canada.ca/en/environment-climate-change/services/national-pollutant-release-inventory/tools-resources-data/exploredata.html
npri-32235-2023-4,2023,compa50ae012,NA - D/F,g TEQ,1.07,,BC-MAIN-8eb8be0d,,,https://www.canada.ca/en/environment-climate-change/services/national-pollutant-release-inventory/tools-resources-data/exploredata.html
npri-32235-2023-5,2023,compa50ae012,118-74-1,grams,0.3057,,BC-MAIN-8eb8be0d,,,https://www.canada.ca/en/environment-climate-change/services/national-pollutant-release-inventory/tools-resources-data/exploredata.html
npri-32235-2023-6,2023,compa50ae012,NA - 08,kg,32.7099,,BC-MAIN-8eb8be0d,,,https://www.canada.ca/en/environment-climate-change/services/national-pollutant-release-inventory/tools-resources-data/exploredata.html
npri-32235-2023-7,2023,compa50ae012,NA - 10,kg,0.856,,BC-MAIN-8eb8be0d,,,https://www.canada.ca/en/environment-climate-change/services/national-pollutant-release-inventory/tools-resources-data/exploredata.html
npri-32235-2023-8,2023,compa50ae012,11104-93-1,tonnes,236.8105,,BC-MAIN-8eb8be0d,,,https://www.canada.ca/en/environment-climate-change/services/national-pollutant-release-inventory/tools-resources-data/exploredata.html
npri-32235-2023-9,2023,compa50ae012,NA - M09,tonnes,20.4465,,BC-MAIN-8eb8be0d,,,https://www.canada.ca/en/environment-climate-change/services/national-pollutant-release-inventory/tools-resources-data/exploredata.html
npri-32235-2023-10,2023,compa50ae012,NA - M10,tonnes,20.4465,,BC-MAIN-8eb8be0d,,,https://www.canada.ca/en/environment-climate-change/services/national-pollutant-release-inventory/tools-resources-data/exploredata.html
npri-32235-2023-11,2023,compa50ae012,NA - M08,tonnes,20.4656,,BC-MAIN-8eb8be0d,,,https://www.canada.ca/en/environment-climate-change/services/national-pollutant-release-inventory/tools-resources-data/exploredata.html
npri-28726-2023-1,2023,compa50ae012,NA - 02,kg,0.025,,QC-MAIN-dc1a16f9,,,https://www.canada.ca/en/environment-climate-change/services/national-pollutant-release-inventory/tools-resources-data/exploredata.html
npri-28726-2023-2,2023,compa50ae012,NA - 03,kg,0.0561,,QC-MAIN-dc1a16f9,,,https://www.canada.ca/en/environment-climate-change/services/national-pollutant-release-inventory/tools-resources-data/exploredata.html
npri-28726-2023-3,2023,compa50ae012,NA - 05,kg,0.782,,QC-MAIN-dc1a16f9,,,https://www.canada.ca/en/environment-climate-change/services/national-pollutant-release-inventory/tools-resources-data/exploredata.html
npri-28726-2023-4,2023,compa50ae012,NA - 08,kg,0.255,,QC-MAIN-dc1a16f9,,,https://www.canada.ca/en/environment-climate-change/services/national-pollutant-release-inventory/tools-resources-data/exploredata.html
npri-28726-2023-5,2023,compa50ae012,NA - 10,kg,0.0009,,QC-MAIN-dc1a16f9,,,https://www.canada.ca/en/environment-climate-change/services/national-pollutant-release-inventory/tools-resources-data/exploredata.html
npri-28726-2023-6,2023,compa50ae012,NA - 12,kg,0.029,,QC-MAIN-dc1a16f9,,,https://www.canada.ca/en/environment-climate-change/services/national-pollutant-release-inventory/tools-resources-data/exploredata.html
npri-28726-2023-7,2023,compa50ae012,NA - 37,kg,0.317,,QC-MAIN-dc1a16f9,,,https://www.canada.ca/en/environment-climate-change/services/national-pollutant-release-inventory/tools-resources-data/exploredata.html
npri-29072-2023-1,2023,compa50ae012,630-08-0,tonnes,24.693,,BC-MAIN-857b7b89,,,https://www.canada.ca/en/environment-climate-change/services/national-pollutant-release-inventory/tools-resources-data/exploredata.html
npri-29072-2023-2,2023,compa50ae012,NA - D/F,g TEQ,2.2e-05,,BC-MAIN-857b7b89,,,https://www.canada.ca/en/environment-climate-change/services/national-pollutant-release-inventory/tools-resources-data/exploredata.html
npri-29072-2023-3,2023,compa50ae012,118-74-1,grams,0.0023,,BC-MAIN-857b7b89,,,https://www.canada.ca/en/environment-climate-change/services/national-pollutant-release-inventory/tools-resources-data/exploredata.html
npri-29072-2023-4,2023,compa50ae012,11104-93-1,tonnes,90.104,,BC-MAIN-857b7b89,,,https://www.canada.ca/en/environment-climate-change/services/national-pollutant-release-inventory/tools-resources-data/exploredata.html
npri-29072-2023-5,2023,compa50ae012,NA - M09,tonnes,1.427,,BC-MAIN-857b7b89,,,https://www.canada.ca/en/environment-climate-change/services/national-pollutant-release-inventory/tools-resources-data/exploredata.html
npri-29072-2023-6,2023,compa50ae012,NA - M10,tonnes,1.381,,BC-MAIN-857b7b89,,,https://www.canada.ca/en/environment-climate-change/services/national-pollutant-release-inventory/tools-resources-data/exploredata.html
npri-29072-2023-7,2023,compa50ae012,NA - M08,tonnes,1.77,,BC-MAIN-857b7b89,,,https://www.canada.ca/en/environment-climate-change/services/national-pollutant-release-inventory/tools-resources-data/exploredata.html
npri-33049-2023-1,2023,compa50ae012,NA - 02,kg,0.093668,,ON-MAIN-8825d90d,,,https://www.canada.ca/en/environment-climate-change/services/national-pollutant-release-inventory/tools-resources-data/exploredata.html
npri-33049-2023-2,2023,compa50ae012,630-08-0,tonnes,20.78366,,ON-MAIN-8825d90d,,,https://www.canada.ca/en/environment-climate-change/services/national-pollutant-release-inventory/tools-resources-data/exploredata.html
npri-33049-2023-3,2023,compa50ae012,NA - 04,tonnes,0.000486,,ON-MAIN-8825d90d,,,https://www.canada.ca/en/environment-climate-change/services/national-pollutant-release-inventory/tools-resources-data/exploredata.html
npri-33049-2023-4,2023,compa50ae012,NA - 05,kg,0.232258,,ON-MAIN-8825d90d,,,https://www.canada.ca/en/environment-climate-change/services/national-pollutant-release-inventory/tools-resources-data/exploredata.html
npri-33049-2023-5,2023,compa50ae012,NA - 06,tonnes,0.000928,,ON-MAIN-8825d90d,,,https://www.canada.ca/en/environment-climate-change/services/national-pollutant-release-inventory/tools-resources-data/exploredata.html
npri-33049-2023-6,2023,compa50ae012,74-90-8,tonnes,2.357473,,ON-MAIN-8825d90d,,,https://www.canada.ca/en/environment-climate-change/services/national-pollutant-release-inventory/tools-resources-data/exploredata.html
npri-33049-2023-7,2023,compa50ae012,NA - 08,kg,0.024373,,ON-MAIN-8825d90d,,,https://www.canada.ca/en/environment-climate-change/services/national-pollutant-release-inventory/tools-resources-data/exploredata.html
npri-33049-2023-8,2023,compa50ae012,NA - 09,tonnes,0.014069,,ON-MAIN-8825d90d,,,https://www.canada.ca/en/environment-climate-change/services/national-pollutant-release-inventory/tools-resources-data/exploredata.html
npri-33049-2023-9,2023,compa50ae012,NA - 11,tonnes,0.00347,,ON-MAIN-8825d90d,,,https://www.canada.ca/en/environment-climate-change/services/national-pollutant-release-inventory/tools-resources-data/exploredata.html
npri-33049-2023-10,2023,compa50ae012,11104-93-1,tonnes,200.592948,,ON-MAIN-8825d90d,,,https://www.canada.ca/en/environment-climate-change/services/national-pollutant-release-inventory/tools-resources-data/exploredata.html
npri-33049-2023-11,2023,compa50ae012,NA - M09,tonnes,2.808925,,ON-MAIN-8825d90d,,,https://www.canada.ca/en/environment-climate-change/services/national-pollutant-release-inventory/tools-resources-data/exploredata.html
npri-33049-2023-12,2023,compa50ae012,NA - M10,tonnes,2.40327,,ON-MAIN-8825d90d,,,https://www.canada.ca/en/environment-climate-change/services/national-pollutant-release-inventory/tools-resources-data/exploredata.html
npri-33049-2023-13,2023,compa50ae012,NA - 12,kg,0.023895,,ON-MAIN-8825d90d,,,https://www.canada.ca/en/environment-climate-change/services/national-pollutant-release-inventory/tools-resources-data/exploredata.html
npri-33049-2023-14,2023,compa50ae012,NA - 37,kg,0.001959,,ON-MAIN-8825d90d,,,https://www.canada.ca/en/environment-climate-change/services/national-pollutant-release-inventory/tools-resources-data/exploredata.html
npri-33049-2023-15,2023,compa50ae012,NA - M08,tonnes,6.816918,,ON-MAIN-8825d90d,,,https://www.canada.ca/en/environment-climate-change/services/national-pollutant-release-inventory/tools-resources-data/exploredata.html
npri-33049-2023-16,2023,compa50ae012,NA - 40,tonnes,0.000174,,ON-MAIN-8825d90d,,,https://www.canada.ca/en/environment-climate-change/services/national-pollutant-release-inventory/tools-resources-data/exploredata.html
npri-23273-2023-1,2023,compa50ae012,NA - 09,tonnes,0.001,,SK-MAIN-29afbdb5,,,https://www.canada.ca/en/environment-climate-change/services/national-pollutant-release-inventory/tools-resources-data/exploredata.html
npri-5460-2023-1,2023,compa50ae012,NA - 02,kg,51.832,,NL-MAIN-b64bae7a,,,https://www.canada.ca/en/environment-climate-change/services/national-pollutant-release-inventory/tools-resources-data/exploredata.html
npri-5460-2023-2,2023,compa50ae012,NA - 03,kg,3.1,,NL-MAIN-b64bae7a,,,https://www.canada.ca/en/environment-climate-change/services/national-pollutant-release-inventory/tools-resources-data/exploredata.html
npri-5460-2023-3,2023,compa50ae012,630-08-0,tonnes,138.958,,NL-MAIN-b64bae7a,,,https://www.canada.ca/en/environment-climate-change/services/national-pollutant-release-inventory/tools-resources-data/exploredata.html
npri-5460-2023-4,2023,compa50ae012,NA - 05,kg,125.609,,NL-MAIN-b64bae7a,,,https://www.canada.ca/en/environment-climate-change/services/national-pollutant-release-inventory/tools-resources-data/exploredata.html
npri-5460-2023-5,2023,compa50ae012,NA - 08,kg,35.693,,NL-MAIN-b64bae7a,,,https://www.canada.ca/en/environment-climate-change/services/national-pollutant-release-inventory/tools-resources-data/exploredata.html
npri-5460-2023-6,2023,compa50ae012,NA - 09,tonnes,40.333,,NL-MAIN-b64bae7a,,,https://www.canada.ca/en/environment-climate-change/services/national-pollutant-release-inventory/tools-resources-data/exploredata.html
npri-5460-2023-7,2023,compa50ae012,11104-93-1,tonnes,232.968,,NL-MAIN-b64bae7a,,,https://www.canada.ca/en/environment-climate-change/services/national-pollutant-release-inventory/tools-resources-data/exploredata.html
npri-5460-2023-8,2023,compa50ae012,NA - 22,tonnes,0.905,,NL-MAIN-b64bae7a,,,https://www.canada.ca/en/environment-climate-change/services/national-pollutant-release-inventory/tools-resources-data/exploredata.html
npri-5460-2023-9,2023,compa50ae012,NA - M09,tonnes,881.928,,NL-MAIN-b64bae7a,,,https://www.canada.ca/en/environment-climate-change/services/national-pollutant-release-inventory/tools-resources-data/exploredata.html
npri-5460-2023-10,2023,compa50ae012,NA - M10,tonnes,161.234,,NL-MAIN-b64bae7a,,,https://www.canada.ca/en/environment-climate-change/services/national-pollutant-release-inventory/tools-resources-data/exploredata.html
npri-5460-2023-11,2023,compa50ae012,7446-09-5,tonnes,175.254,,NL-MAIN-b64bae7a,,,https://www.canada.ca/en/environment-climate-change/services/national-pollutant-release-inventory/tools-resources-data/exploredata.html
npri-5460-2023-12,2023,compa50ae012,NA - M08,tonnes,2450.239,,NL-MAIN-b64bae7a,,,https://www.canada.ca/en/environment-climate-change/services/national-pollutant-release-inventory/tools-resources-data/exploredata.html
npri-3356-2023-1,2023,compa50ae012,NA - 02,kg,2e-06,,BC-MAIN-bf503b6b,,,https://www.canada.ca/en/environment-climate-change/services/national-pollutant-release-inventory/tools-resources-data/exploredata.html
npri-3356-2023-2,2023,compa50ae012,NA - 03,kg,1e-06,,BC-MAIN-bf503b6b,,,https://www.canada.ca/en/environment-climate-change/services/national-pollutant-release-inventory/tools-resources-data/exploredata.html
npri-3356-2023-3,2023,compa50ae012,630-08-0,tonnes,10.031,,BC-MAIN-bf503b6b,,,https://www.canada.ca/en/environment-climate-change/services/national-pollutant-release-inventory/tools-resources-data/exploredata.html
npri-3356-2023-4,2023,compa50ae012,NA - 05,kg,1.021,,BC-MAIN-bf503b6b,,,https://www.canada.ca/en/environment-climate-change/services/national-pollutant-release-inventory/tools-resources-data/exploredata.html
npri-3356-2023-5,2023,compa50ae012,NA - 08,kg,1.021,,BC-MAIN-bf503b6b,,,https://www.canada.ca/en/environment-climate-change/services/national-pollutant-release-inventory/tools-resources-data/exploredata.html
npri-3356-2023-6,2023,compa50ae012,11104-93-1,tonnes,11.432,,BC-MAIN-bf503b6b,,,https://www.canada.ca/en/environment-climate-change/services/national-pollutant-release-inventory/tools-resources-data/exploredata.html
npri-3356-2023-7,2023,compa50ae012,NA - M09,tonnes,1.368,,BC-MAIN-bf503b6b,,,https://www.canada.ca/en/environment-climate-change/services/national-pollutant-release-inventory/tools-resources-data/exploredata.html
npri-3356-2023-8,2023,compa50ae012,NA - M10,tonnes,0.937,,BC-MAIN-bf503b6b,,,https://www.canada.ca/en/environment-climate-change/services/national-pollutant-release-inventory/tools-resources-data/exploredata.html
npri-3356-2023-9,2023,compa50ae012,NA - M08,tonnes,7.743,,BC-MAIN-bf503b6b,,,https://www.canada.ca/en/environment-climate-change/services/national-pollutant-release-inventory/tools-resources-data/exploredata.html
npri-3356-2023-10,2023,compa50ae012,NA - M16,tonnes,6.071,,BC-MAIN-bf503b6b,,,https://www.canada.ca/en/environment-climate-change/services/national-pollutant-release-inventory/tools-resources-data/exploredata.html
npri-1465-2023-1,2023,compa50ae012,NA - 02,kg,0.311,,ON-MAIN-de2f9639,,,https://www.canada.ca/en/environment-climate-change/services/national-pollutant-release-inventory/tools-resources-data/exploredata.html
npri-10202-2023-1,2023,compa50ae012,NA - 02,kg,0.31,,ON-MAIN-48fe2205,,,https://www.canada.ca/en/environment-climate-change/services/national-pollutant-release-inventory/tools-resources-data/exploredata.html
npri-11878-2023-1,2023,compa50ae012,NA - 02,kg,0.25,,ON-MAIN-28f3f0fc,,,https://www.canada.ca/en/environment-climate-change/services/national-pollutant-release-inventory/tools-resources-data/exploredata.html
npri-1465-2023-2,2023,compa50ae012,NA - 03,kg,0.035,,ON-MAIN-de2f9639,,,https://www.canada.ca/en/environment-climate-change/services/national-pollutant-release-inventory/tools-resources-data/exploredata.html
npri-10201-2023-1,2023,compa50ae012,NA - 03,kg,0.04,,ON-MAIN-52224e1e,,,https://www.canada.ca/en/environment-climate-change/services/national-pollutant-release-inventory/tools-resources-data/exploredata.html
npri-10202-2023-2,2023,compa50ae012,NA - 03,kg,0.04,,ON-MAIN-48fe2205,,,https://www.canada.ca/en/environment-climate-change/services/national-pollutant-release-inventory/tools-resources-data/exploredata.html
npri-11878-2023-2,2023,compa50ae012,NA - 03,kg,0.03,,ON-MAIN-28f3f0fc,,,https://www.canada.ca/en/environment-climate-change/services/national-pollutant-release-inventory/tools-resources-data/exploredata.html
npri-10199-2023-1,2023,compa50ae012,630-08-0,tonnes,40.28,,ON-MAIN-6e9b2449,,,https://www.canada.ca/en/environment-climate-change/services/national-pollutant-release-inventory/tools-resources-data/exploredata.html
npri-10201-2023-2,2023,compa50ae012,630-08-0,tonnes,39.39,,ON-MAIN-52224e1e,,,https://www.canada.ca/en/environment-climate-change/services/national-pollutant-release-inventory/tools-resources-data/exploredata.html
npri-10202-2023-3,2023,compa50ae012,630-08-0,tonnes,35.29,,ON-MAIN-48fe2205,,,https://www.canada.ca/en/environment-climate-change/services/national-pollutant-release-inventory/tools-resources-data/exploredata.html
npri-11878-2023-3,2023,compa50ae012,630-08-0,tonnes,28.38,,ON-MAIN-28f3f0fc,,,https://www.canada.ca/en/environment-climate-change/services/national-pollutant-release-inventory/tools-resources-data/exploredata.html
npri-1465-2023-3,2023,compa50ae012,NA - 04,tonnes,0.002,,ON-MAIN-de2f9639,,,https://www.canada.ca/en/environment-climate-change/services/national-pollutant-release-inventory/tools-resources-data/exploredata.html
npri-1465-2023-4,2023,compa50ae012,NA - 05,kg,3.295,,ON-MAIN-de2f9639,,,https://www.canada.ca/en/environment-climate-change/services/national-pollutant-release-inventory/tools-resources-data/exploredata.html
npri-10201-2023-3,2023,compa50ae012,NA - 05,kg,4.4,,ON-MAIN-52224e1e,,,https://www.canada.ca/en/environment-climate-change/services/national-pollutant-release-inventory/tools-resources-data/exploredata.html
npri-10202-2023-4,2023,compa50ae012,NA - 05,kg,4.28,,ON-MAIN-48fe2205,,,https://www.canada.ca/en/environment-climate-change/services/national-pollutant-release-inventory/tools-resources-data/exploredata.html
npri-11878-2023-4,2023,compa50ae012,NA - 05,kg,1.97,,ON-MAIN-28f3f0fc,,,https://www.canada.ca/en/environment-climate-change/services/national-pollutant-release-inventory/tools-resources-data/exploredata.html
npri-1465-2023-5,2023,compa50ae012,NA - 06,tonnes,0.151,,ON-MAIN-de2f9639,,,https://www.canada.ca/en/environment-climate-change/services/national-pollutant-release-inventory/tools-resources-data/exploredata.html
npri-10199-2023-2,2023,compa50ae012,NA - 06,tonnes,0.38,,ON-MAIN-6e9b2449,,,https://www.canada.ca/en/environment-climate-change/services/national-pollutant-release-inventory/tools-resources-data/exploredata.html
npri-10201-2023-4,2023,compa50ae012,NA - 06,tonnes,0.19,,ON-MAIN-52224e1e,,,https://www.canada.ca/en/environment-climate-change/services/national-pollutant-release-inventory/tools-resources-data/exploredata.html
npri-10202-2023-5,2023,compa50ae012,NA - 06,tonnes,0.08,,ON-MAIN-48fe2205,,,https://www.canada.ca/en/environment-climate-change/services/national-pollutant-release-inventory/tools-resources-data/exploredata.html
npri-11878-2023-5,2023,compa50ae012,NA - 06,tonnes,0.12,,ON-MAIN-28f3f0fc,,,https://www.canada.ca/en/environment-climate-change/services/national-pollutant-release-inventory/tools-resources-data/exploredata.html
npri-1465-2023-6,2023,compa50ae012,NA - 08,kg,0.841,,ON-MAIN-de2f9639,,,https://www.canada.ca/en/environment-climate-change/services/national-pollutant-release-inventory/tools-resources-data/exploredata.html
npri-10201-2023-5,2023,compa50ae012,NA - 08,kg,0.94,,ON-MAIN-52224e1e,,,https://www.canada.ca/en/environment-climate-change/services/national-pollutant-release-inventory/tools-resources-data/exploredata.html
npri-10202-2023-6,2023,compa50ae012,NA - 08,kg,0.84,,ON-MAIN-48fe2205,,,https://www.canada.ca/en/environment-climate-change/services/national-pollutant-release-inventory/tools-resources-data/exploredata.html
npri-11878-2023-6,2023,compa50ae012,NA - 08,kg,0.678,,ON-MAIN-28f3f0fc,,,https://www.canada.ca/en/environment-climate-change/services/national-pollutant-release-inventory/tools-resources-data/exploredata.html
npri-1465-2023-7,2023,compa50ae012,NA - 09,tonnes,0.007,,ON-MAIN-de2f9639,,,https://www.canada.ca/en/environment-climate-change/services/national-pollutant-release-inventory/tools-resources-data/exploredata.html
npri-1465-2023-8,2023,compa50ae012,NA - 11,tonnes,0.104,,ON-MAIN-de2f9639,,,https://www.canada.ca/en/environment-climate-change/services/national-pollutant-release-inventory/tools-resources-data/exploredata.html
npri-10199-2023-3,2023,compa50ae012,NA - 11,tonnes,0.23,,ON-MAIN-6e9b2449,,,https://www.canada.ca/en/environment-climate-change/services/national-pollutant-release-inventory/tools-resources-data/exploredata.html
npri-10201-2023-6,2023,compa50ae012,NA - 11,tonnes,0.253,,ON-MAIN-52224e1e,,,https://www.canada.ca/en/environment-climate-change/services/national-pollutant-release-inventory/tools-resources-data/exploredata.html
npri-10202-2023-7,2023,compa50ae012,NA - 11,tonnes,0.084,,ON-MAIN-48fe2205,,,https://www.canada.ca/en/environment-climate-change/services/national-pollutant-release-inventory/tools-resources-data/exploredata.html
npri-11878-2023-7,2023,compa50ae012,NA - 11,tonnes,0.0857,,ON-MAIN-28f3f0fc,,,https://www.canada.ca/en/environment-climate-change/services/national-pollutant-release-inventory/tools-resources-data/exploredata.html
npri-10199-2023-4,2023,compa50ae012,11104-93-1,tonnes,105.99,,ON-MAIN-6e9b2449,,,https://www.canada.ca/en/environment-climate-change/services/national-pollutant-release-inventory/tools-resources-data/exploredata.html
npri-10201-2023-7,2023,compa50ae012,11104-93-1,tonnes,31.59,,ON-MAIN-52224e1e,,,https://www.canada.ca/en/environment-climate-change/services/national-pollutant-release-inventory/tools-resources-data/exploredata.html
npri-11878-2023-8,2023,compa50ae012,11104-93-1,tonnes,26.79,,ON-MAIN-28f3f0fc,,,https://www.canada.ca/en/environment-climate-change/services/national-pollutant-release-inventory/tools-resources-data/exploredata.html
npri-1465-2023-9,2023,compa50ae012,NA - M09,tonnes,5.667,,ON-MAIN-de2f9639,,,https://www.canada.ca/en/environment-climate-change/services/national-pollutant-release-inventory/tools-resources-data/exploredata.html
npri-10199-2023-5,2023,compa50ae012,NA - M09,tonnes,8.02,,ON-MAIN-6e9b2449,,,https://www.canada.ca/en/environment-climate-change/services/national-pollutant-release-inventory/tools-resources-data/exploredata.html
npri-10201-2023-8,2023,compa50ae012,NA - M09,tonnes,4.48,,ON-MAIN-52224e1e,,,https://www.canada.ca/en/environment-climate-change/services/national-pollutant-release-inventory/tools-resources-data/exploredata.html
npri-10202-2023-8,2023,compa50ae012,NA - M09,tonnes,3.94,,ON-MAIN-48fe2205,,,https://www.canada.ca/en/environment-climate-change/services/national-pollutant-release-inventory/tools-resources-data/exploredata.html
npri-11878-2023-9,2023,compa50ae012,NA - M09,tonnes,3.2,,ON-MAIN-28f3f0fc,,,https://www.canada.ca/en/environment-climate-change/services/national-pollutant-release-inventory/tools-resources-data/exploredata.html
npri-1465-2023-10,2023,compa50ae012,NA - M10,tonnes,2.833,,ON-MAIN-de2f9639,,,https://www.canada.ca/en/environment-climate-change/services/national-pollutant-release-inventory/tools-resources-data/exploredata.html
npri-10199-2023-6,2023,compa50ae012,NA - M10,tonnes,4.01,,ON-MAIN-6e9b2449,,,https://www.canada.ca/en/environment-climate-change/services/national-pollutant-release-inventory/tools-resources-data/exploredata.html
npri-10201-2023-9,2023,compa50ae012,NA - M10,tonnes,2.24,,ON-MAIN-52224e1e,,,https://www.canada.ca/en/environment-climate-change/services/national-pollutant-release-inventory/tools-resources-data/exploredata.html
npri-10202-2023-9,2023,compa50ae012,NA - M10,tonnes,1.97,,ON-MAIN-48fe2205,,,https://www.canada.ca/en/environment-climate-change/services/national-pollutant-release-inventory/tools-resources-data/exploredata.html
npri-11878-2023-10,2023,compa50ae012,NA - M10,tonnes,1.6,,ON-MAIN-28f3f0fc,,,https://www.canada.ca/en/environment-climate-change/services/national-pollutant-release-inventory/tools-resources-data/exploredata.html
npri-1465-2023-11,2023,compa50ae012,NA - 12,kg,0.192,,ON-MAIN-de2f9639,,,https://www.canada.ca/en/environment-climate-change/services/national-pollutant-release-inventory/tools-resources-data/exploredata.html
npri-10199-2023-7,2023,compa50ae012,NA - 12,kg,0.39,,ON-MAIN-6e9b2449,,,https://www.canada.ca/en/environment-climate-change/services/national-pollutant-release-inventory/tools-resources-data/exploredata.html
npri-10201-2023-10,2023,compa50ae012,NA - 12,kg,0.22,,ON-MAIN-52224e1e,,,https://www.canada.ca/en/environment-climate-change/services/national-pollutant-release-inventory/tools-resources-data/exploredata.html
npri-10202-2023-10,2023,compa50ae012,NA - 12,kg,0.193,,ON-MAIN-48fe2205,,,https://www.canada.ca/en/environment-climate-change/services/national-pollutant-release-inventory/tools-resources-data/exploredata.html
npri-11878-2023-11,2023,compa50ae012,NA - 12,kg,0.155,,ON-MAIN-28f3f0fc,,,https://www.canada.ca/en/environment-climate-change/services/national-pollutant-release-inventory/tools-resources-data/exploredata.html
npri-10199-2023-8,2023,compa50ae012,7446-09-5,tonnes,63.95,,ON-MAIN-6e9b2449,,,https://www.canada.ca/en/environment-climate-change/services/national-pollutant-release-inventory/tools-resources-data/exploredata.html
npri-10201-2023-11,2023,compa50ae012,7446-09-5,tonnes,33.04,,ON-MAIN-52224e1e,,,https://www.canada.ca/en/environment-climate-change/services/national-pollutant-release-inventory/tools-resources-data/exploredata.html
npri-1465-2023-12,2023,compa50ae012,NA - 37,kg,0.035,,ON-MAIN-de2f9639,,,https://www.canada.ca/en/environment-climate-change/services/national-pollutant-release-inventory/tools-resources-data/exploredata.html
npri-1465-2023-13,2023,compa50ae012,NA - M08,tonnes,8.095,,ON-MAIN-de2f9639,,,https://www.canada.ca/en/environment-climate-change/services/national-pollutant-release-inventory/tools-resources-data/exploredata.html
npri-10199-2023-9,2023,compa50ae012,NA - M08,tonnes,16.77,,ON-MAIN-6e9b2449,,,https://www.canada.ca/en/environment-climate-change/services/national-pollutant-release-inventory/tools-resources-data/exploredata.html
npri-10201-2023-12,2023,compa50ae012,NA - M08,tonnes,8.92,,ON-MAIN-52224e1e,,,https://www.canada.ca/en/environment-climate-change/services/national-pollutant-release-inventory/tools-resources-data/exploredata.html
npri-10202-2023-11,2023,compa50ae012,NA - M08,tonnes,7.88,,ON-MAIN-48fe2205,,,https://www.canada.ca/en/environment-climate-change/services/national-pollutant-release-inventory/tools-resources-data/exploredata.html
npri-11878-2023-12,2023,compa50ae012,NA - M08,tonnes,6.93,,ON-MAIN-28f3f0fc,,,https://www.canada.ca/en/environment-climate-change/services/national-pollutant-release-inventory/tools-resources-data/exploredata.html
npri-1465-2023-14,2023,compa50ae012,NA - M14,tonnes,25.248,,ON-MAIN-de2f9639,,,https://www.canada.ca/en/environment-climate-change/services/national-pollutant-release-inventory/tools-resources-data/exploredata.html
npri-1465-2023-15,2023,compa50ae012,NA - 14,tonnes,0.002,,ON-MAIN-de2f9639,,,https://www.canada.ca/en/environment-climate-change/services/national-pollutant-release-inventory/tools-resources-data/exploredata.html
npri-11123-2023-1,2023,compa50ae012,630-08-0,tonnes,49.312857,,ON-MAIN-cb85213a,,,https://www.canada.ca/en/environment-climate-change/services/national-pollutant-release-inventory/tools-resources-data/exploredata.html
npri-10010-2023-1,2023,compa50ae012,NA - 04,tonnes,0.002063,,ON-MAIN-cb85213a,,,https://www.canada.ca/en/environment-climate-change/services/national-pollutant-release-inventory/tools-resources-data/exploredata.html
npri-10010-2023-2,2023,compa50ae012,NA - 05,kg,0.00091,,ON-MAIN-cb85213a,,,https://www.canada.ca/en/environment-climate-change/services/national-pollutant-release-inventory/tools-resources-data/exploredata.html
npri-10010-2023-3,2023,compa50ae012,NA - 08,kg,0.13203,,ON-MAIN-cb85213a,,,https://www.canada.ca/en/environment-climate-change/services/national-pollutant-release-inventory/tools-resources-data/exploredata.html
npri-10010-2023-4,2023,compa50ae012,NA - 09,tonnes,0.019006,,ON-MAIN-cb85213a,,,https://www.canada.ca/en/environment-climate-change/services/national-pollutant-release-inventory/tools-resources-data/exploredata.html
npri-10010-2023-5,2023,compa50ae012,NA - 11,tonnes,0.001394,,ON-MAIN-cb85213a,,,https://www.canada.ca/en/environment-climate-change/services/national-pollutant-release-inventory/tools-resources-data/exploredata.html
npri-11123-2023-2,2023,compa50ae012,11104-93-1,tonnes,164.458578,,ON-MAIN-cb85213a,,,https://www.canada.ca/en/environment-climate-change/services/national-pollutant-release-inventory/tools-resources-data/exploredata.html
npri-10010-2023-6,2023,compa50ae012,NA - M09,tonnes,1.202337,,ON-MAIN-cb85213a,,,https://www.canada.ca/en/environment-climate-change/services/national-pollutant-release-inventory/tools-resources-data/exploredata.html
npri-11123-2023-3,2023,compa50ae012,NA - M09,tonnes,11.165898,,ON-MAIN-cb85213a,,,https://www.canada.ca/en/environment-climate-change/services/national-pollutant-release-inventory/tools-resources-data/exploredata.html
npri-10010-2023-7,2023,compa50ae012,NA - M10,tonnes,1.134085,,ON-MAIN-cb85213a,,,https://www.canada.ca/en/environment-climate-change/services/national-pollutant-release-inventory/tools-resources-data/exploredata.html
npri-11123-2023-4,2023,compa50ae012,NA - M10,tonnes,11.165898,,ON-MAIN-cb85213a,,,https://www.canada.ca/en/environment-climate-change/services/national-pollutant-release-inventory/tools-resources-data/exploredata.html
npri-11123-2023-5,2023,compa50ae012,NA - M08,tonnes,11.165898,,ON-MAIN-cb85213a,,,https://www.canada.ca/en/environment-climate-change/services/national-pollutant-release-inventory/tools-resources-data/exploredata.html
npri-25188-2023-7,2023,comp1dcc546c,NA - M09,tonnes,20.97,,QC-MAIN-e7e6a960,,,https://www.canada.ca/en/environment-climate-change/services/national-pollutant-release-inventory/tools-resources-data/exploredata.html
npri-25188-2023-8,2023,comp1dcc546c,NA - M10,tonnes,3.18,,QC-MAIN-e7e6a960,,,https://www.canada.ca/en/environment-climate-change/services/national-pollutant-release-inventory/tools-resources-data/exploredata.html
npri-25188-2023-9,2023,comp1dcc546c,NA - M08,tonnes,44.34,,QC-MAIN-e7e6a960,,,https://www.canada.ca/en/environment-climate-change/services/national-pollutant-release-inventory/tools-resources-data/exploredata.html
npri-2000-2023-28,2023,comp1dcc546c,NA - M09,tonnes,0.085,,QC-MAIN-e25eed27,,,https://www.canada.ca/en/environment-climate-change/services/national-pollutant-release-inventory/tools-resources-data/exploredata.html
npri-6217-2023-20,2023,comp1dcc546c,NA - M09,tonnes,1.144,,QC-MAIN-084bd95c,,,https://www.canada.ca/en/environment-climate-change/services/national-pollutant-release-inventory/tools-resources-data/exploredata.html
npri-2000-2023-29,2023,comp1dcc546c,NA - M10,tonnes,0.013,,QC-MAIN-e25eed27,,,https://www.canada.ca/en/environment-climate-change/services/national-pollutant-release-inventory/tools-resources-data/exploredata.html
npri-6217-2023-21,2023,comp1dcc546c,NA - M10,tonnes,0.36,,QC-MAIN-084bd95c,,,https://www.canada.ca/en/environment-climate-change/services/national-pollutant-release-inventory/tools-resources-data/exploredata.html
npri-2000-2023-30,2023,comp1dcc546c,NA - M08,tonnes,0.179,,QC-MAIN-e25eed27,,,https://www.canada.ca/en/environment-climate-change/services/national-pollutant-release-inventory/tools-resources-data/exploredata.html
npri-6217-2023-22,2023,comp1dcc546c,NA - M08,tonnes,2.419,,QC-MAIN-084bd95c,,,https://www.canada.ca/en/environment-climate-change/services/national-pollutant-release-inventory/tools-resources-data/exploredata.html
npri-1148-2023-14,2023,comp1dcc546c,NA - M16,tonnes,1.053,,SK-MAIN-bb89158f,,,https://www.canada.ca/en/environment-climate-change/services/national-pollutant-release-inventory/tools-resources-data/exploredata.html
npri-5448-2023-26,2023,comp1dcc546c,NA - M09,tonnes,44.3785,,QC-MAIN-a97821c0,,,https://www.canada.ca/en/environment-climate-change/services/national-pollutant-release-inventory/tools-resources-data/exploredata.html
npri-5448-2023-27,2023,comp1dcc546c,NA - M10,tonnes,15.5816,,QC-MAIN-a97821c0,,,https://www.canada.ca/en/environment-climate-change/services/national-pollutant-release-inventory/tools-resources-data/exploredata.html
npri-5448-2023-28,2023,comp1dcc546c,NA - M08,tonnes,89.756,,QC-MAIN-a97821c0,,,https://www.canada.ca/en/environment-climate-change/services/national-pollutant-release-inventory/tools-resources-data/exploredata.html
npri-5102-2023-5,2023,comp1dcc546c,NA - M16,tonnes,16.78,,BC-MAIN-3f490561,,,https://www.canada.ca/en/environment-climate-change/services/national-pollutant-release-inventory/tools-resources-data/exploredata.html
npri-29548-2023-9,2023,comp1dcc546c,NA - M09,tonnes,16.22,,ON-MAIN-0aadf28f,,,https://www.canada.ca/en/environment-climate-change/services/national-pollutant-release-inventory/tools-resources-data/exploredata.html
npri-29548-2023-10,2023,comp1dcc546c,NA - M10,tonnes,4.584,,ON-MAIN-0aadf28f,,,https://www.canada.ca/en/environment-climate-change/services/national-pollutant-release-inventory/tools-resources-data/exploredata.html
npri-29548-2023-11,2023,comp1dcc546c,NA - M08,tonnes,40.55,,ON-MAIN-0aadf28f,,,https://www.canada.ca/en/environment-climate-change/services/national-pollutant-release-inventory/tools-resources-data/exploredata.html
npri-28726-2023-8,2023,comp1dcc546c,NA - M16,tonnes,19.7,,QC-MAIN-dc1a16f9,,,https://www.canada.ca/en/environment-climate-change/services/national-pollutant-release-inventory/tools-resources-data/exploredata.html
npri-10202-2023-12,2023,comp1dcc546c,11104-93-1,tonnes,26.81,,ON-MAIN-48fe2205,,,https://www.canada.ca/en/environment-climate-change/services/national-pollutant-release-inventory/tools-resources-data/exploredata.html
npri-1568-2023-19,2023,comp7d3e3488,NA - 02,kg,0.31,,ON-MAIN-1f126a43,,,https://www.canada.ca/en/environment-climate-change/services/national-pollutant-release-inventory/tools-resources-data/exploredata.html
npri-1568-2023-20,2023,comp7d3e3488,NA - 04,tonnes,0.00234,,ON-MAIN-1f126a43,,,https://www.canada.ca/en/environment-climate-change/services/national-pollutant-release-inventory/tools-resources-data/exploredata.html
npri-1568-2023-21,2023,comp7d3e3488,NA - 05,kg,0.55,,ON-MAIN-1f126a43,,,https://www.canada.ca/en/environment-climate-change/services/national-pollutant-release-inventory/tools-resources-data/exploredata.html
npri-1568-2023-22,2023,comp7d3e3488,NA - 06,tonnes,0.00157,,ON-MAIN-1f126a43,,,https://www.canada.ca/en/environment-climate-change/services/national-pollutant-release-inventory/tools-resources-data/exploredata.html
npri-1568-2023-23,2023,comp7d3e3488,NA - 08,kg,1.31,,ON-MAIN-1f126a43,,,https://www.canada.ca/en/environment-climate-change/services/national-pollutant-release-inventory/tools-resources-data/exploredata.html
npri-1568-2023-24,2023,comp7d3e3488,NA - 09,tonnes,0.03,,ON-MAIN-1f126a43,,,https://www.canada.ca/en/environment-climate-change/services/national-pollutant-release-inventory/tools-resources-data/exploredata.html
npri-1568-2023-25,2023,comp7d3e3488,NA - 11,tonnes,0.00133,,ON-MAIN-1f126a43,,,https://www.canada.ca/en/environment-climate-change/services/national-pollutant-release-inventory/tools-resources-data/exploredata.html
npri-1568-2023-26,2023,comp7d3e3488,NA - 22,tonnes,0.047,,ON-MAIN-1f126a43,,,https://www.canada.ca/en/environment-climate-change/services/national-pollutant-release-inventory/tools-resources-data/exploredata.html
npri-1568-2023-27,2023,comp7d3e3488,NA - M09,tonnes,16.363,,ON-MAIN-1f126a43,,,https://www.canada.ca/en/environment-climate-change/services/national-pollutant-release-inventory/tools-resources-data/exploredata.html
npri-1568-2023-28,2023,comp7d3e3488,NA - M10,tonnes,2.306,,ON-MAIN-1f126a43,,,https://www.canada.ca/en/environment-climate-change/services/national-pollutant-release-inventory/tools-resources-data/exploredata.html
npri-1568-2023-29,2023,comp7d3e3488,NA - 12,kg,0.01689,,ON-MAIN-1f126a43,,,https://www.canada.ca/en/environment-climate-change/services/national-pollutant-release-inventory/tools-resources-data/exploredata.html
npri-1568-2023-30,2023,comp7d3e3488,NA - 37,kg,0.029,,ON-MAIN-1f126a43,,,https://www.canada.ca/en/environment-climate-change/services/national-pollutant-release-inventory/tools-resources-data/exploredata.html
npri-1568-2023-31,2023,comp7d3e3488,NA - M08,tonnes,34.147,,ON-MAIN-1f126a43,,,https://www.canada.ca/en/environment-climate-change/services/national-pollutant-release-inventory/tools-resources-data/exploredata.html
npri-1568-2023-32,2023,comp7d3e3488,NA - 40,tonnes,0.00436,,ON-MAIN-1f126a43,,,https://www.canada.ca/en/environment-climate-change/services/national-pollutant-release-inventory/tools-resources-data/exploredata.html
npri-1568-2023-33,2023,comp7d3e3488,NA - 14,tonnes,0.00225,,ON-MAIN-1f126a43,,,https://www.canada.ca/en/environment-climate-change/services/national-pollutant-release-inventory/tools-resources-data/exploredata.html
npri-25188-2023-10,2023,comp7d3e3488,NA - 02,kg,4.54,,QC-MAIN-e7e6a960,,,https://www.canada.ca/en/environment-climate-change/services/national-pollutant-release-inventory/tools-resources-data/exploredata.html
npri-25188-2023-11,2023,comp7d3e3488,NA - 03,kg,0.156,,QC-MAIN-e7e6a960,,,https://www.canada.ca/en/environment-climate-change/services/national-pollutant-release-inventory/tools-resources-data/exploredata.html
npri-25188-2023-12,2023,comp7d3e3488,630-08-0,tonnes,619.2,,QC-MAIN-e7e6a960,,,https://www.canada.ca/en/environment-climate-change/services/national-pollutant-release-inventory/tools-resources-data/exploredata.html
npri-25188-2023-13,2023,comp7d3e3488,NA - 04,tonnes,1.1211,,QC-MAIN-e7e6a960,,,https://www.canada.ca/en/environment-climate-change/services/national-pollutant-release-inventory/tools-resources-data/exploredata.html
npri-25188-2023-14,2023,comp7d3e3488,NA - 05,kg,63.845,,QC-MAIN-e7e6a960,,,https://www.canada.ca/en/environment-climate-change/services/national-pollutant-release-inventory/tools-resources-data/exploredata.html
npri-25188-2023-15,2023,comp7d3e3488,NA - 06,tonnes,0.146,,QC-MAIN-e7e6a960,,,https://www.canada.ca/en/environment-climate-change/services/national-pollutant-release-inventory/tools-resources-data/exploredata.html
npri-25188-2023-16,2023,comp7d3e3488,107-21-1,tonnes,19.05,,QC-MAIN-e7e6a960,,,https://www.canada.ca/en/environment-climate-change/services/national-pollutant-release-inventory/tools-resources-data/exploredata.html
npri-25188-2023-17,2023,comp7d3e3488,NA - 08,kg,11.949,,QC-MAIN-e7e6a960,,,https://www.canada.ca/en/environment-climate-change/services/national-pollutant-release-inventory/tools-resources-data/exploredata.html
npri-25188-2023-18,2023,comp7d3e3488,NA - 09,tonnes,1.138,,QC-MAIN-e7e6a960,,,https://www.canada.ca/en/environment-climate-change/services/national-pollutant-release-inventory/tools-resources-data/exploredata.html
npri-25188-2023-19,2023,comp7d3e3488,NA - 10,kg,0.029,,QC-MAIN-e7e6a960,,,https://www.canada.ca/en/environment-climate-change/services/national-pollutant-release-inventory/tools-resources-data/exploredata.html
npri-25188-2023-20,2023,comp7d3e3488,NA - 11,tonnes,0.487,,QC-MAIN-e7e6a960,,,https://www.canada.ca/en/environment-climate-change/services/national-pollutant-release-inventory/tools-resources-data/exploredata.html
npri-25188-2023-21,2023,comp7d3e3488,11104-93-1,tonnes,145.93,,QC-MAIN-e7e6a960,,,https://www.canada.ca/en/environment-climate-change/services/national-pollutant-release-inventory/tools-resources-data/exploredata.html
npri-25188-2023-22,2023,comp7d3e3488,NA - M09,tonnes,182.17,,QC-MAIN-e7e6a960,,,https://www.canada.ca/en/environment-climate-change/services/national-pollutant-release-inventory/tools-resources-data/exploredata.html
npri-25188-2023-23,2023,comp7d3e3488,NA - M10,tonnes,111.11,,QC-MAIN-e7e6a960,,,https://www.canada.ca/en/environment-climate-change/services/national-pollutant-release-inventory/tools-resources-data/exploredata.html
npri-25188-2023-24,2023,comp7d3e3488,NA - 12,kg,0.613,,QC-MAIN-e7e6a960,,,https://www.canada.ca/en/environment-climate-change/services/national-pollutant-release-inventory/tools-resources-data/exploredata.html
npri-25188-2023-25,2023,comp7d3e3488,NA - 37,kg,9.538,,QC-MAIN-e7e6a960,,,https://www.canada.ca/en/environment-climate-change/services/national-pollutant-release-inventory/tools-resources-data/exploredata.html
npri-25188-2023-26,2023,comp7d3e3488,NA - M08,tonnes,354.76,,QC-MAIN-e7e6a960,,,https://www.canada.ca/en/environment-climate-change/services/national-pollutant-release-inventory/tools-resources-data/exploredata.html
npri-25188-2023-27,2023,comp7d3e3488,NA - 40,tonnes,0.173,,QC-MAIN-e7e6a960,,,https://www.canada.ca/en/environment-climate-change/services/national-pollutant-release-inventory/tools-resources-data/exploredata.html
npri-25188-2023-28,2023,comp7d3e3488,NA - M16,tonnes,27.5,,QC-MAIN-e7e6a960,,,https://www.canada.ca/en/environment-climate-change/services/national-pollutant-release-inventory/tools-resources-data/exploredata.html
npri-25188-2023-29,2023,comp7d3e3488,NA - 14,tonnes,0.126,,QC-MAIN-e7e6a960,,,https://www.canada.ca/en/environment-climate-change/services/national-pollutant-release-inventory/tools-resources-data/exploredata.html
npri-24216-2023-17,2023,comp7d3e3488,NA - 01,tonnes,0.00014,,NU-MAIN-730aefe3,,,https://www.canada.ca/en/environment-climate-change/services/national-pollutant-release-inventory/tools-resources-data/exploredata.html
npri-24216-2023-18,2023,comp7d3e3488,NA - 02,kg,37.416019,,NU-MAIN-730aefe3,,,https://www.canada.ca/en/environment-climate-change/services/national-pollutant-release-inventory/tools-resources-data/exploredata.html
npri-24216-2023-19,2023,comp7d3e3488,NA - 03,kg,0.009691,,NU-MAIN-730aefe3,,,https://www.canada.ca/en/environment-climate-change/services/national-pollutant-release-inventory/tools-resources-data/exploredata.html
npri-24216-2023-20,2023,comp7d3e3488,630-08-0,tonnes,388.343952,,NU-MAIN-730aefe3,,,https://www.canada.ca/en/environment-climate-change/services/national-pollutant-release-inventory/tools-resources-data/exploredata.html
npri-24216-2023-21,2023,comp7d3e3488,NA - 04,tonnes,0.020422,,NU-MAIN-730aefe3,,,https://www.canada.ca/en/environment-climate-change/services/national-pollutant-release-inventory/tools-resources-data/exploredata.html
npri-24216-2023-22,2023,comp7d3e3488,NA - 05,kg,2.279924,,NU-MAIN-730aefe3,,,https://www.canada.ca/en/environment-climate-change/services/national-pollutant-release-inventory/tools-resources-data/exploredata.html
npri-24216-2023-23,2023,comp7d3e3488,NA - 06,tonnes,0.002371,,NU-MAIN-730aefe3,,,https://www.canada.ca/en/environment-climate-change/services/national-pollutant-release-inventory/tools-resources-data/exploredata.html
npri-24216-2023-24,2023,comp7d3e3488,NA - 07,tonnes,11.136658,,NU-MAIN-730aefe3,,,https://www.canada.ca/en/environment-climate-change/services/national-pollutant-release-inventory/tools-resources-data/exploredata.html
npri-24216-2023-25,2023,comp7d3e3488,7783-06-4,tonnes,193.916976,,NU-MAIN-730aefe3,,,https://www.canada.ca/en/environment-climate-change/services/national-pollutant-release-inventory/tools-resources-data/exploredata.html
npri-24216-2023-26,2023,comp7d3e3488,NA - 08,kg,0.614669,,NU-MAIN-730aefe3,,,https://www.canada.ca/en/environment-climate-change/services/national-pollutant-release-inventory/tools-resources-data/exploredata.html
npri-24216-2023-27,2023,comp7d3e3488,NA - 09,tonnes,0.103022,,NU-MAIN-730aefe3,,,https://www.canada.ca/en/environment-climate-change/services/national-pollutant-release-inventory/tools-resources-data/exploredata.html
npri-24216-2023-28,2023,comp7d3e3488,NA - 11,tonnes,0.022244,,NU-MAIN-730aefe3,,,https://www.canada.ca/en/environment-climate-change/services/national-pollutant-release-inventory/tools-resources-data/exploredata.html
npri-24216-2023-29,2023,comp7d3e3488,11104-93-1,tonnes,0.12,,NU-MAIN-730aefe3,,,https://www.canada.ca/en/environment-climate-change/services/national-pollutant-release-inventory/tools-resources-data/exploredata.html
npri-24216-2023-30,2023,comp7d3e3488,NA - 22,tonnes,0.030685,,NU-MAIN-730aefe3,,,https://www.canada.ca/en/environment-climate-change/services/national-pollutant-release-inventory/tools-resources-data/exploredata.html
npri-24216-2023-31,2023,comp7d3e3488,NA - M09,tonnes,99.937265,,NU-MAIN-730aefe3,,,https://www.canada.ca/en/environment-climate-change/services/national-pollutant-release-inventory/tools-resources-data/exploredata.html
npri-24216-2023-32,2023,comp7d3e3488,NA - M10,tonnes,41.623072,,NU-MAIN-730aefe3,,,https://www.canada.ca/en/environment-climate-change/services/national-pollutant-release-inventory/tools-resources-data/exploredata.html
npri-24216-2023-33,2023,comp7d3e3488,NA - 12,kg,0.027072,,NU-MAIN-730aefe3,,,https://www.canada.ca/en/environment-climate-change/services/national-pollutant-release-inventory/tools-resources-data/exploredata.html
npri-24216-2023-34,2023,comp7d3e3488,NA - 37,kg,0.019203,,NU-MAIN-730aefe3,,,https://www.canada.ca/en/environment-climate-change/services/national-pollutant-release-inventory/tools-resources-data/exploredata.html
npri-24216-2023-35,2023,comp7d3e3488,NA - M08,tonnes,200.42791,,NU-MAIN-730aefe3,,,https://www.canada.ca/en/environment-climate-change/services/national-pollutant-release-inventory/tools-resources-data/exploredata.html
npri-24216-2023-36,2023,comp7d3e3488,NA - M14,tonnes,193.916976,,NU-MAIN-730aefe3,,,https://www.canada.ca/en/environment-climate-change/services/national-pollutant-release-inventory/tools-resources-data/exploredata.html
npri-24216-2023-37,2023,comp7d3e3488,NA - 40,tonnes,0.005977,,NU-MAIN-730aefe3,,,https://www.canada.ca/en/environment-climate-change/services/national-pollutant-release-inventory/tools-resources-data/exploredata.html
npri-24216-2023-38,2023,comp7d3e3488,NA - 14,tonnes,0.004424,,NU-MAIN-730aefe3,,,https://www.canada.ca/en/environment-climate-change/services/national-pollutant-release-inventory/tools-resources-data/exploredata.html
npri-26132-2023-25,2023,comp7d3e3488,NA - 01,tonnes,0.000162,,ON-MAIN-7607a50e,,,https://www.canada.ca/en/environment-climate-change/services/national-pollutant-release-inventory/tools-resources-data/exploredata.html
npri-11454-2023-18,2023,comp7d3e3488,NA - 02,kg,0.1979,,ON-MAIN-687b8c8d,,,https://www.canada.ca/en/environment-climate-change/services/national-pollutant-release-inventory/tools-resources-data/exploredata.html
npri-26132-2023-26,2023,comp7d3e3488,NA - 02,kg,0.429262,,ON-MAIN-7607a50e,,,https://www.canada.ca/en/environment-climate-change/services/national-pollutant-release-inventory/tools-resources-data/exploredata.html
npri-11454-2023-19,2023,comp7d3e3488,NA - 03,kg,0.0003,,ON-MAIN-687b8c8d,,,https://www.canada.ca/en/environment-climate-change/services/national-pollutant-release-inventory/tools-resources-data/exploredata.html
npri-26132-2023-27,2023,comp7d3e3488,NA - 03,kg,0.039515,,ON-MAIN-7607a50e,,,https://www.canada.ca/en/environment-climate-change/services/national-pollutant-release-inventory/tools-resources-data/exploredata.html
npri-11454-2023-20,2023,comp7d3e3488,630-08-0,tonnes,225.7542,,ON-MAIN-687b8c8d,,,https://www.canada.ca/en/environment-climate-change/services/national-pollutant-release-inventory/tools-resources-data/exploredata.html
npri-11454-2023-21,2023,comp7d3e3488,NA - 04,tonnes,0.0004,,ON-MAIN-687b8c8d,,,https://www.canada.ca/en/environment-climate-change/services/national-pollutant-release-inventory/tools-resources-data/exploredata.html
npri-26132-2023-28,2023,comp7d3e3488,NA - 04,tonnes,0.014797,,ON-MAIN-7607a50e,,,https://www.canada.ca/en/environment-climate-change/services/national-pollutant-release-inventory/tools-resources-data/exploredata.html
npri-11454-2023-22,2023,comp7d3e3488,NA - 05,kg,0.0866,,ON-MAIN-687b8c8d,,,https://www.canada.ca/en/environment-climate-change/services/national-pollutant-release-inventory/tools-resources-data/exploredata.html
npri-26132-2023-29,2023,comp7d3e3488,NA - 05,kg,2.149523,,ON-MAIN-7607a50e,,,https://www.canada.ca/en/environment-climate-change/services/national-pollutant-release-inventory/tools-resources-data/exploredata.html
npri-11454-2023-23,2023,comp7d3e3488,NA - 06,tonnes,0.0003,,ON-MAIN-687b8c8d,,,https://www.canada.ca/en/environment-climate-change/services/national-pollutant-release-inventory/tools-resources-data/exploredata.html
npri-26132-2023-30,2023,comp7d3e3488,NA - 06,tonnes,0.03209,,ON-MAIN-7607a50e,,,https://www.canada.ca/en/environment-climate-change/services/national-pollutant-release-inventory/tools-resources-data/exploredata.html
npri-11454-2023-24,2023,comp7d3e3488,NA - 08,kg,0.0216,,ON-MAIN-687b8c8d,,,https://www.canada.ca/en/environment-climate-change/services/national-pollutant-release-inventory/tools-resources-data/exploredata.html
npri-26132-2023-31,2023,comp7d3e3488,NA - 08,kg,6.876554,,ON-MAIN-7607a50e,,,https://www.canada.ca/en/environment-climate-change/services/national-pollutant-release-inventory/tools-resources-data/exploredata.html
npri-11454-2023-25,2023,comp7d3e3488,NA - 09,tonnes,0.0033,,ON-MAIN-687b8c8d,,,https://www.canada.ca/en/environment-climate-change/services/national-pollutant-release-inventory/tools-resources-data/exploredata.html
npri-26132-2023-32,2023,comp7d3e3488,NA - 09,tonnes,0.157311,,ON-MAIN-7607a50e,,,https://www.canada.ca/en/environment-climate-change/services/national-pollutant-release-inventory/tools-resources-data/exploredata.html
npri-11454-2023-26,2023,comp7d3e3488,NA - 10,kg,0.0049,,ON-MAIN-687b8c8d,,,https://www.canada.ca/en/environment-climate-change/services/national-pollutant-release-inventory/tools-resources-data/exploredata.html
npri-26132-2023-33,2023,comp7d3e3488,NA - 10,kg,0.000118,,ON-MAIN-7607a50e,,,https://www.canada.ca/en/environment-climate-change/services/national-pollutant-release-inventory/tools-resources-data/exploredata.html
npri-11454-2023-27,2023,comp7d3e3488,NA - 11,tonnes,0.0002,,ON-MAIN-687b8c8d,,,https://www.canada.ca/en/environment-climate-change/services/national-pollutant-release-inventory/tools-resources-data/exploredata.html
npri-26132-2023-34,2023,comp7d3e3488,NA - 11,tonnes,0.005837,,ON-MAIN-7607a50e,,,https://www.canada.ca/en/environment-climate-change/services/national-pollutant-release-inventory/tools-resources-data/exploredata.html
npri-26132-2023-35,2023,comp7d3e3488,NA - 22,tonnes,0.203862,,ON-MAIN-7607a50e,,,https://www.canada.ca/en/environment-climate-change/services/national-pollutant-release-inventory/tools-resources-data/exploredata.html
npri-11454-2023-28,2023,comp7d3e3488,NA - M09,tonnes,25.8298,,ON-MAIN-687b8c8d,,,https://www.canada.ca/en/environment-climate-change/services/national-pollutant-release-inventory/tools-resources-data/exploredata.html
npri-26132-2023-36,2023,comp7d3e3488,NA - M09,tonnes,17.132195,,ON-MAIN-7607a50e,,,https://www.canada.ca/en/environment-climate-change/services/national-pollutant-release-inventory/tools-resources-data/exploredata.html
npri-11454-2023-29,2023,comp7d3e3488,NA - M10,tonnes,23.2921,,ON-MAIN-687b8c8d,,,https://www.canada.ca/en/environment-climate-change/services/national-pollutant-release-inventory/tools-resources-data/exploredata.html
npri-26132-2023-37,2023,comp7d3e3488,NA - M10,tonnes,1.370978,,ON-MAIN-7607a50e,,,https://www.canada.ca/en/environment-climate-change/services/national-pollutant-release-inventory/tools-resources-data/exploredata.html
npri-11454-2023-30,2023,comp7d3e3488,NA - 12,kg,0.0026,,ON-MAIN-687b8c8d,,,https://www.canada.ca/en/environment-climate-change/services/national-pollutant-release-inventory/tools-resources-data/exploredata.html
npri-26132-2023-38,2023,comp7d3e3488,NA - 12,kg,0.107657,,ON-MAIN-7607a50e,,,https://www.canada.ca/en/environment-climate-change/services/national-pollutant-release-inventory/tools-resources-data/exploredata.html
npri-26132-2023-39,2023,comp7d3e3488,NA - 13,tonnes,0.000133,,ON-MAIN-7607a50e,,,https://www.canada.ca/en/environment-climate-change/services/national-pollutant-release-inventory/tools-resources-data/exploredata.html
npri-26132-2023-40,2023,comp7d3e3488,NA - 37,kg,0.134719,,ON-MAIN-7607a50e,,,https://www.canada.ca/en/environment-climate-change/services/national-pollutant-release-inventory/tools-resources-data/exploredata.html
npri-11454-2023-31,2023,comp7d3e3488,NA - M08,tonnes,42.1782,,ON-MAIN-687b8c8d,,,https://www.canada.ca/en/environment-climate-change/services/national-pollutant-release-inventory/tools-resources-data/exploredata.html
npri-26132-2023-41,2023,comp7d3e3488,NA - M08,tonnes,153.795999,,ON-MAIN-7607a50e,,,https://www.canada.ca/en/environment-climate-change/services/national-pollutant-release-inventory/tools-resources-data/exploredata.html
npri-26132-2023-42,2023,comp7d3e3488,NA - 40,tonnes,0.013265,,ON-MAIN-7607a50e,,,https://www.canada.ca/en/environment-climate-change/services/national-pollutant-release-inventory/tools-resources-data/exploredata.html
npri-26132-2023-43,2023,comp7d3e3488,NA - M16,tonnes,0.446133,,ON-MAIN-7607a50e,,,https://www.canada.ca/en/environment-climate-change/services/national-pollutant-release-inventory/tools-resources-data/exploredata.html
npri-11454-2023-32,2023,comp7d3e3488,NA - 14,tonnes,0.0003,,ON-MAIN-687b8c8d,,,https://www.canada.ca/en/environment-climate-change/services/national-pollutant-release-inventory/tools-resources-data/exploredata.html
npri-26132-2023-44,2023,comp7d3e3488,NA - 14,tonnes,0.009048,,ON-MAIN-7607a50e,,,https://www.canada.ca/en/environment-climate-change/services/national-pollutant-release-inventory/tools-resources-data/exploredata.html
npri-6217-2023-23,2023,comp7d3e3488,630-08-0,tonnes,2156.418,,QC-MAIN-084bd95c,,,https://www.canada.ca/en/environment-climate-change/services/national-pollutant-release-inventory/tools-resources-data/exploredata.html
npri-8778-2023-6,2023,comp7d3e3488,630-08-0,tonnes,404.055,,QC-MAIN-33c09b8b,,,https://www.canada.ca/en/environment-climate-change/services/national-pollutant-release-inventory/tools-resources-data/exploredata.html
npri-6217-2023-24,2023,comp7d3e3488,11104-93-1,tonnes,507.392,,QC-MAIN-084bd95c,,,https://www.canada.ca/en/environment-climate-change/services/national-pollutant-release-inventory/tools-resources-data/exploredata.html
npri-8778-2023-7,2023,comp7d3e3488,11104-93-1,tonnes,95.072,,QC-MAIN-33c09b8b,,,https://www.canada.ca/en/environment-climate-change/services/national-pollutant-release-inventory/tools-resources-data/exploredata.html
npri-2000-2023-31,2023,comp7d3e3488,NA - M09,tonnes,2.559,,QC-MAIN-e25eed27,,,https://www.canada.ca/en/environment-climate-change/services/national-pollutant-release-inventory/tools-resources-data/exploredata.html
npri-6217-2023-25,2023,comp7d3e3488,NA - M09,tonnes,80.848,,QC-MAIN-084bd95c,,,https://www.canada.ca/en/environment-climate-change/services/national-pollutant-release-inventory/tools-resources-data/exploredata.html
npri-8778-2023-8,2023,comp7d3e3488,NA - M09,tonnes,5.487,,QC-MAIN-33c09b8b,,,https://www.canada.ca/en/environment-climate-change/services/national-pollutant-release-inventory/tools-resources-data/exploredata.html
npri-2000-2023-32,2023,comp7d3e3488,NA - M10,tonnes,0.384,,QC-MAIN-e25eed27,,,https://www.canada.ca/en/environment-climate-change/services/national-pollutant-release-inventory/tools-resources-data/exploredata.html
npri-6217-2023-26,2023,comp7d3e3488,NA - M10,tonnes,10.44,,QC-MAIN-084bd95c,,,https://www.canada.ca/en/environment-climate-change/services/national-pollutant-release-inventory/tools-resources-data/exploredata.html
npri-8778-2023-9,2023,comp7d3e3488,NA - M10,tonnes,0.317,,QC-MAIN-33c09b8b,,,https://www.canada.ca/en/environment-climate-change/services/national-pollutant-release-inventory/tools-resources-data/exploredata.html
npri-6217-2023-27,2023,comp7d3e3488,7446-09-5,tonnes,0.008,,QC-MAIN-084bd95c,,,https://www.canada.ca/en/environment-climate-change/services/national-pollutant-release-inventory/tools-resources-data/exploredata.html
npri-2000-2023-33,2023,comp7d3e3488,NA - M08,tonnes,5.118,,QC-MAIN-e25eed27,,,https://www.canada.ca/en/environment-climate-change/services/national-pollutant-release-inventory/tools-resources-data/exploredata.html
npri-6217-2023-28,2023,comp7d3e3488,NA - M08,tonnes,159.541,,QC-MAIN-084bd95c,,,https://www.canada.ca/en/environment-climate-change/services/national-pollutant-release-inventory/tools-resources-data/exploredata.html
npri-8778-2023-10,2023,comp7d3e3488,NA - M08,tonnes,10.553,,QC-MAIN-33c09b8b,,,https://www.canada.ca/en/environment-climate-change/services/national-pollutant-release-inventory/tools-resources-data/exploredata.html
npri-1148-2023-15,2023,comp7d3e3488,NA - 05,kg,0.0003,,SK-MAIN-bb89158f,,,https://www.canada.ca/en/environment-climate-change/services/national-pollutant-release-inventory/tools-resources-data/exploredata.html
npri-1148-2023-16,2023,comp7d3e3488,NA - 08,kg,0.0026,,SK-MAIN-bb89158f,,,https://www.canada.ca/en/environment-climate-change/services/national-pollutant-release-inventory/tools-resources-data/exploredata.html
npri-1149-2023-5,2023,comp7d3e3488,NA - 08,kg,0.0023,,SK-MAIN-d3c471e8,,,https://www.canada.ca/en/environment-climate-change/services/national-pollutant-release-inventory/tools-resources-data/exploredata.html
npri-1148-2023-17,2023,comp7d3e3488,NA - 09,tonnes,0.0009,,SK-MAIN-bb89158f,,,https://www.canada.ca/en/environment-climate-change/services/national-pollutant-release-inventory/tools-resources-data/exploredata.html
npri-1148-2023-18,2023,comp7d3e3488,NA - 11,tonnes,6e-05,,SK-MAIN-bb89158f,,,https://www.canada.ca/en/environment-climate-change/services/national-pollutant-release-inventory/tools-resources-data/exploredata.html
npri-1149-2023-6,2023,comp7d3e3488,11104-93-1,tonnes,0.311,,SK-MAIN-d3c471e8,,,https://www.canada.ca/en/environment-climate-change/services/national-pollutant-release-inventory/tools-resources-data/exploredata.html
npri-1148-2023-19,2023,comp7d3e3488,NA - M09,tonnes,13.887,,SK-MAIN-bb89158f,,,https://www.canada.ca/en/environment-climate-change/services/national-pollutant-release-inventory/tools-resources-data/exploredata.html
npri-1149-2023-7,2023,comp7d3e3488,NA - M09,tonnes,5.781,,SK-MAIN-d3c471e8,,,https://www.canada.ca/en/environment-climate-change/services/national-pollutant-release-inventory/tools-resources-data/exploredata.html
npri-19397-2023-4,2023,comp7d3e3488,NA - M09,tonnes,6.419,,SK-MAIN-91cf5448,,,https://www.canada.ca/en/environment-climate-change/services/national-pollutant-release-inventory/tools-resources-data/exploredata.html
npri-1148-2023-20,2023,comp7d3e3488,NA - M10,tonnes,3.583,,SK-MAIN-bb89158f,,,https://www.canada.ca/en/environment-climate-change/services/national-pollutant-release-inventory/tools-resources-data/exploredata.html
npri-1149-2023-8,2023,comp7d3e3488,NA - M10,tonnes,1.901,,SK-MAIN-d3c471e8,,,https://www.canada.ca/en/environment-climate-change/services/national-pollutant-release-inventory/tools-resources-data/exploredata.html
npri-19397-2023-5,2023,comp7d3e3488,NA - M10,tonnes,1.956,,SK-MAIN-91cf5448,,,https://www.canada.ca/en/environment-climate-change/services/national-pollutant-release-inventory/tools-resources-data/exploredata.html
npri-1148-2023-21,2023,comp7d3e3488,NA - M08,tonnes,35.103,,SK-MAIN-bb89158f,,,https://www.canada.ca/en/environment-climate-change/services/national-pollutant-release-inventory/tools-resources-data/exploredata.html
npri-1149-2023-9,2023,comp7d3e3488,NA - M08,tonnes,18.423,,SK-MAIN-d3c471e8,,,https://www.canada.ca/en/environment-climate-change/services/national-pollutant-release-inventory/tools-resources-data/exploredata.html
npri-19397-2023-6,2023,comp7d3e3488,NA - M08,tonnes,18.239,,SK-MAIN-91cf5448,,,https://www.canada.ca/en/environment-climate-change/services/national-pollutant-release-inventory/tools-resources-data/exploredata.html
npri-1148-2023-22,2023,comp7d3e3488,NA - M16,tonnes,14.26,,SK-MAIN-bb89158f,,,https://www.canada.ca/en/environment-climate-change/services/national-pollutant-release-inventory/tools-resources-data/exploredata.html
npri-1148-2023-23,2023,comp7d3e3488,NA - 14,tonnes,0.001,,SK-MAIN-bb89158f,,,https://www.canada.ca/en/environment-climate-change/services/national-pollutant-release-inventory/tools-resources-data/exploredata.html
npri-29191-2023-1,2023,comp7d3e3488,NA - 01,tonnes,0.019,,BC-MAIN-ed23117f,,,https://www.canada.ca/en/environment-climate-change/services/national-pollutant-release-inventory/tools-resources-data/exploredata.html
npri-29191-2023-2,2023,comp7d3e3488,NA - 02,kg,70.251,,BC-MAIN-ed23117f,,,https://www.canada.ca/en/environment-climate-change/services/national-pollutant-release-inventory/tools-resources-data/exploredata.html
npri-29191-2023-3,2023,comp7d3e3488,NA - 03,kg,1.972,,BC-MAIN-ed23117f,,,https://www.canada.ca/en/environment-climate-change/services/national-pollutant-release-inventory/tools-resources-data/exploredata.html
npri-29191-2023-4,2023,comp7d3e3488,630-08-0,tonnes,150.427,,BC-MAIN-ed23117f,,,https://www.canada.ca/en/environment-climate-change/services/national-pollutant-release-inventory/tools-resources-data/exploredata.html
npri-29191-2023-5,2023,comp7d3e3488,NA - 04,tonnes,1.272,,BC-MAIN-ed23117f,,,https://www.canada.ca/en/environment-climate-change/services/national-pollutant-release-inventory/tools-resources-data/exploredata.html
npri-29191-2023-6,2023,comp7d3e3488,NA - 05,kg,153.855,,BC-MAIN-ed23117f,,,https://www.canada.ca/en/environment-climate-change/services/national-pollutant-release-inventory/tools-resources-data/exploredata.html
npri-29191-2023-7,2023,comp7d3e3488,NA - 06,tonnes,13.701,,BC-MAIN-ed23117f,,,https://www.canada.ca/en/environment-climate-change/services/national-pollutant-release-inventory/tools-resources-data/exploredata.html
npri-29191-2023-8,2023,comp7d3e3488,NA - 08,kg,49.872,,BC-MAIN-ed23117f,,,https://www.canada.ca/en/environment-climate-change/services/national-pollutant-release-inventory/tools-resources-data/exploredata.html
npri-29191-2023-9,2023,comp7d3e3488,NA - 09,tonnes,4.883,,BC-MAIN-ed23117f,,,https://www.canada.ca/en/environment-climate-change/services/national-pollutant-release-inventory/tools-resources-data/exploredata.html
npri-29191-2023-10,2023,comp7d3e3488,NA - 10,kg,2.637,,BC-MAIN-ed23117f,,,https://www.canada.ca/en/environment-climate-change/services/national-pollutant-release-inventory/tools-resources-data/exploredata.html
npri-29191-2023-11,2023,comp7d3e3488,NA - 11,tonnes,0.231,,BC-MAIN-ed23117f,,,https://www.canada.ca/en/environment-climate-change/services/national-pollutant-release-inventory/tools-resources-data/exploredata.html
npri-29191-2023-12,2023,comp7d3e3488,11104-93-1,tonnes,60.999,,BC-MAIN-ed23117f,,,https://www.canada.ca/en/environment-climate-change/services/national-pollutant-release-inventory/tools-resources-data/exploredata.html
npri-29191-2023-13,2023,comp7d3e3488,NA - 22,tonnes,11.186,,BC-MAIN-ed23117f,,,https://www.canada.ca/en/environment-climate-change/services/national-pollutant-release-inventory/tools-resources-data/exploredata.html
npri-29191-2023-14,2023,comp7d3e3488,NA - M09,tonnes,1964.406,,BC-MAIN-ed23117f,,,https://www.canada.ca/en/environment-climate-change/services/national-pollutant-release-inventory/tools-resources-data/exploredata.html
npri-29191-2023-15,2023,comp7d3e3488,NA - M10,tonnes,0.743,,BC-MAIN-ed23117f,,,https://www.canada.ca/en/environment-climate-change/services/national-pollutant-release-inventory/tools-resources-data/exploredata.html
npri-29191-2023-16,2023,comp7d3e3488,NA - 12,kg,31.646,,BC-MAIN-ed23117f,,,https://www.canada.ca/en/environment-climate-change/services/national-pollutant-release-inventory/tools-resources-data/exploredata.html
npri-29191-2023-17,2023,comp7d3e3488,NA - 37,kg,7.243,,BC-MAIN-ed23117f,,,https://www.canada.ca/en/environment-climate-change/services/national-pollutant-release-inventory/tools-resources-data/exploredata.html
npri-29191-2023-18,2023,comp7d3e3488,NA - M08,tonnes,9451.033,,BC-MAIN-ed23117f,,,https://www.canada.ca/en/environment-climate-change/services/national-pollutant-release-inventory/tools-resources-data/exploredata.html
npri-29191-2023-19,2023,comp7d3e3488,NA - 40,tonnes,0.938,,BC-MAIN-ed23117f,,,https://www.canada.ca/en/environment-climate-change/services/national-pollutant-release-inventory/tools-resources-data/exploredata.html
npri-29191-2023-20,2023,comp7d3e3488,NA - 14,tonnes,0.372,,BC-MAIN-ed23117f,,,https://www.canada.ca/en/environment-climate-change/services/national-pollutant-release-inventory/tools-resources-data/exploredata.html
npri-30798-2023-6,2023,comp7d3e3488,NA - 02,kg,24.0936,,BC-MAIN-599152a0,,,https://www.canada.ca/en/environment-climate-change/services/national-pollutant-release-inventory/tools-resources-data/exploredata.html
npri-30798-2023-7,2023,comp7d3e3488,NA - 03,kg,0.4708,,BC-MAIN-599152a0,,,https://www.canada.ca/en/environment-climate-change/services/national-pollutant-release-inventory/tools-resources-data/exploredata.html
npri-30798-2023-8,2023,comp7d3e3488,630-08-0,tonnes,225.2297,,BC-MAIN-599152a0,,,https://www.canada.ca/en/environment-climate-change/services/national-pollutant-release-inventory/tools-resources-data/exploredata.html
npri-30798-2023-9,2023,comp7d3e3488,NA - 05,kg,67.8099,,BC-MAIN-599152a0,,,https://www.canada.ca/en/environment-climate-change/services/national-pollutant-release-inventory/tools-resources-data/exploredata.html
npri-30798-2023-10,2023,comp7d3e3488,NA - 06,tonnes,3.5793,,BC-MAIN-599152a0,,,https://www.canada.ca/en/environment-climate-change/services/national-pollutant-release-inventory/tools-resources-data/exploredata.html
npri-30798-2023-11,2023,comp7d3e3488,NA - 08,kg,18.4635,,BC-MAIN-599152a0,,,https://www.canada.ca/en/environment-climate-change/services/national-pollutant-release-inventory/tools-resources-data/exploredata.html
npri-30798-2023-12,2023,comp7d3e3488,NA - 09,tonnes,2.0803,,BC-MAIN-599152a0,,,https://www.canada.ca/en/environment-climate-change/services/national-pollutant-release-inventory/tools-resources-data/exploredata.html
npri-30798-2023-13,2023,comp7d3e3488,NA - 10,kg,0.1652,,BC-MAIN-599152a0,,,https://www.canada.ca/en/environment-climate-change/services/national-pollutant-release-inventory/tools-resources-data/exploredata.html
npri-30798-2023-14,2023,comp7d3e3488,11104-93-1,tonnes,47.6999,,BC-MAIN-599152a0,,,https://www.canada.ca/en/environment-climate-change/services/national-pollutant-release-inventory/tools-resources-data/exploredata.html
npri-30798-2023-15,2023,comp7d3e3488,NA - 22,tonnes,5.2515,,BC-MAIN-599152a0,,,https://www.canada.ca/en/environment-climate-change/services/national-pollutant-release-inventory/tools-resources-data/exploredata.html
npri-30798-2023-16,2023,comp7d3e3488,NA - M09,tonnes,1118.9568,,BC-MAIN-599152a0,,,https://www.canada.ca/en/environment-climate-change/services/national-pollutant-release-inventory/tools-resources-data/exploredata.html
npri-30798-2023-17,2023,comp7d3e3488,NA - M10,tonnes,390.4457,,BC-MAIN-599152a0,,,https://www.canada.ca/en/environment-climate-change/services/national-pollutant-release-inventory/tools-resources-data/exploredata.html
npri-30798-2023-18,2023,comp7d3e3488,NA - 12,kg,4.1532,,BC-MAIN-599152a0,,,https://www.canada.ca/en/environment-climate-change/services/national-pollutant-release-inventory/tools-resources-data/exploredata.html
npri-30798-2023-19,2023,comp7d3e3488,NA - 37,kg,0.217,,BC-MAIN-599152a0,,,https://www.canada.ca/en/environment-climate-change/services/national-pollutant-release-inventory/tools-resources-data/exploredata.html
npri-30798-2023-20,2023,comp7d3e3488,NA - M08,tonnes,3955.7019,,BC-MAIN-599152a0,,,https://www.canada.ca/en/environment-climate-change/services/national-pollutant-release-inventory/tools-resources-data/exploredata.html
npri-2710-2023-12,2023,comp7d3e3488,NA - 02,kg,3.4905,,ON-MAIN-7f050560,,,https://www.canada.ca/en/environment-climate-change/services/national-pollutant-release-inventory/tools-resources-data/exploredata.html
npri-2710-2023-13,2023,comp7d3e3488,NA - 03,kg,0.0008,,ON-MAIN-7f050560,,,https://www.canada.ca/en/environment-climate-change/services/national-pollutant-release-inventory/tools-resources-data/exploredata.html
npri-2710-2023-14,2023,comp7d3e3488,630-08-0,tonnes,909.1068,,ON-MAIN-7f050560,,,https://www.canada.ca/en/environment-climate-change/services/national-pollutant-release-inventory/tools-resources-data/exploredata.html
npri-2710-2023-15,2023,comp7d3e3488,NA - 05,kg,0.2693,,ON-MAIN-7f050560,,,https://www.canada.ca/en/environment-climate-change/services/national-pollutant-release-inventory/tools-resources-data/exploredata.html
npri-2710-2023-16,2023,comp7d3e3488,NA - 08,kg,20.4196,,ON-MAIN-7f050560,,,https://www.canada.ca/en/environment-climate-change/services/national-pollutant-release-inventory/tools-resources-data/exploredata.html
npri-2710-2023-17,2023,comp7d3e3488,NA - 10,kg,0.0014,,ON-MAIN-7f050560,,,https://www.canada.ca/en/environment-climate-change/services/national-pollutant-release-inventory/tools-resources-data/exploredata.html
npri-2710-2023-18,2023,comp7d3e3488,NA - M09,tonnes,97.1451,,ON-MAIN-7f050560,,,https://www.canada.ca/en/environment-climate-change/services/national-pollutant-release-inventory/tools-resources-data/exploredata.html
npri-2710-2023-19,2023,comp7d3e3488,NA - M10,tonnes,94.9892,,ON-MAIN-7f050560,,,https://www.canada.ca/en/environment-climate-change/services/national-pollutant-release-inventory/tools-resources-data/exploredata.html
npri-2710-2023-20,2023,comp7d3e3488,NA - 12,kg,0.0016,,ON-MAIN-7f050560,,,https://www.canada.ca/en/environment-climate-change/services/national-pollutant-release-inventory/tools-resources-data/exploredata.html
npri-2710-2023-21,2023,comp7d3e3488,NA - 37,kg,0.0018,,ON-MAIN-7f050560,,,https://www.canada.ca/en/environment-climate-change/services/national-pollutant-release-inventory/tools-resources-data/exploredata.html
npri-2710-2023-22,2023,comp7d3e3488,NA - M08,tonnes,150.6113,,ON-MAIN-7f050560,,,https://www.canada.ca/en/environment-climate-change/services/national-pollutant-release-inventory/tools-resources-data/exploredata.html
npri-11154-2023-18,2023,comp7d3e3488,NA - 01,tonnes,0.000934,,ON-MAIN-7001a391,,,https://www.canada.ca/en/environment-climate-change/services/national-pollutant-release-inventory/tools-resources-data/exploredata.html
npri-11154-2023-19,2023,comp7d3e3488,NA - 02,kg,0.26,,ON-MAIN-7001a391,,,https://www.canada.ca/en/environment-climate-change/services/national-pollutant-release-inventory/tools-resources-data/exploredata.html
npri-11154-2023-20,2023,comp7d3e3488,NA - 03,kg,0.373,,ON-MAIN-7001a391,,,https://www.canada.ca/en/environment-climate-change/services/national-pollutant-release-inventory/tools-resources-data/exploredata.html
npri-11154-2023-21,2023,comp7d3e3488,NA - 04,tonnes,0.004934,,ON-MAIN-7001a391,,,https://www.canada.ca/en/environment-climate-change/services/national-pollutant-release-inventory/tools-resources-data/exploredata.html
npri-11154-2023-22,2023,comp7d3e3488,NA - 05,kg,2.886,,ON-MAIN-7001a391,,,https://www.canada.ca/en/environment-climate-change/services/national-pollutant-release-inventory/tools-resources-data/exploredata.html
npri-11154-2023-23,2023,comp7d3e3488,NA - 06,tonnes,0.212071,,ON-MAIN-7001a391,,,https://www.canada.ca/en/environment-climate-change/services/national-pollutant-release-inventory/tools-resources-data/exploredata.html
npri-11154-2023-24,2023,comp7d3e3488,NA - 08,kg,5.767,,ON-MAIN-7001a391,,,https://www.canada.ca/en/environment-climate-change/services/national-pollutant-release-inventory/tools-resources-data/exploredata.html
npri-11154-2023-25,2023,comp7d3e3488,NA - 09,tonnes,0.028247,,ON-MAIN-7001a391,,,https://www.canada.ca/en/environment-climate-change/services/national-pollutant-release-inventory/tools-resources-data/exploredata.html
npri-11154-2023-26,2023,comp7d3e3488,NA - 11,tonnes,0.053378,,ON-MAIN-7001a391,,,https://www.canada.ca/en/environment-climate-change/services/national-pollutant-release-inventory/tools-resources-data/exploredata.html
npri-32933-2023-4,2023,comp7d3e3488,11104-93-1,tonnes,0.000595,,ON-MAIN-9a34108c,,,https://www.canada.ca/en/environment-climate-change/services/national-pollutant-release-inventory/tools-resources-data/exploredata.html
npri-11154-2023-27,2023,comp7d3e3488,NA - M09,tonnes,14.395253,,ON-MAIN-7001a391,,,https://www.canada.ca/en/environment-climate-change/services/national-pollutant-release-inventory/tools-resources-data/exploredata.html
npri-32933-2023-5,2023,comp7d3e3488,NA - M09,tonnes,0.979899,,ON-MAIN-9a34108c,,,https://www.canada.ca/en/environment-climate-change/services/national-pollutant-release-inventory/tools-resources-data/exploredata.html
npri-11154-2023-28,2023,comp7d3e3488,NA - M10,tonnes,2.447486,,ON-MAIN-7001a391,,,https://www.canada.ca/en/environment-climate-change/services/national-pollutant-release-inventory/tools-resources-data/exploredata.html
npri-32933-2023-6,2023,comp7d3e3488,NA - M10,tonnes,0.221386,,ON-MAIN-9a34108c,,,https://www.canada.ca/en/environment-climate-change/services/national-pollutant-release-inventory/tools-resources-data/exploredata.html
npri-11154-2023-29,2023,comp7d3e3488,NA - 12,kg,5.826,,ON-MAIN-7001a391,,,https://www.canada.ca/en/environment-climate-change/services/national-pollutant-release-inventory/tools-resources-data/exploredata.html
npri-11154-2023-30,2023,comp7d3e3488,NA - M08,tonnes,30.906242,,ON-MAIN-7001a391,,,https://www.canada.ca/en/environment-climate-change/services/national-pollutant-release-inventory/tools-resources-data/exploredata.html
npri-11154-2023-31,2023,comp7d3e3488,NA - 40,tonnes,0.004876,,ON-MAIN-7001a391,,,https://www.canada.ca/en/environment-climate-change/services/national-pollutant-release-inventory/tools-resources-data/exploredata.html
npri-11154-2023-32,2023,comp7d3e3488,NA - 14,tonnes,0.009233,,ON-MAIN-7001a391,,,https://www.canada.ca/en/environment-climate-change/services/national-pollutant-release-inventory/tools-resources-data/exploredata.html
npri-1303-2023-14,2023,comp7d3e3488,NA - 02,kg,0.012317,,BC-MAIN-6b4800fe,,,https://www.canada.ca/en/environment-climate-change/services/national-pollutant-release-inventory/tools-resources-data/exploredata.html
npri-1303-2023-15,2023,comp7d3e3488,NA - 03,kg,0.003332,,BC-MAIN-6b4800fe,,,https://www.canada.ca/en/environment-climate-change/services/national-pollutant-release-inventory/tools-resources-data/exploredata.html
npri-1303-2023-16,2023,comp7d3e3488,NA - 04,tonnes,6.2e-05,,BC-MAIN-6b4800fe,,,https://www.canada.ca/en/environment-climate-change/services/national-pollutant-release-inventory/tools-resources-data/exploredata.html
npri-1303-2023-17,2023,comp7d3e3488,NA - 05,kg,0.048699,,BC-MAIN-6b4800fe,,,https://www.canada.ca/en/environment-climate-change/services/national-pollutant-release-inventory/tools-resources-data/exploredata.html
npri-1303-2023-18,2023,comp7d3e3488,NA - 06,tonnes,0.002529,,BC-MAIN-6b4800fe,,,https://www.canada.ca/en/environment-climate-change/services/national-pollutant-release-inventory/tools-resources-data/exploredata.html
npri-1303-2023-19,2023,comp7d3e3488,NA - 08,kg,0.008769,,BC-MAIN-6b4800fe,,,https://www.canada.ca/en/environment-climate-change/services/national-pollutant-release-inventory/tools-resources-data/exploredata.html
npri-1303-2023-20,2023,comp7d3e3488,NA - 09,tonnes,0.00488,,BC-MAIN-6b4800fe,,,https://www.canada.ca/en/environment-climate-change/services/national-pollutant-release-inventory/tools-resources-data/exploredata.html
npri-1303-2023-21,2023,comp7d3e3488,NA - 11,tonnes,4.2e-05,,BC-MAIN-6b4800fe,,,https://www.canada.ca/en/environment-climate-change/services/national-pollutant-release-inventory/tools-resources-data/exploredata.html
npri-1303-2023-22,2023,comp7d3e3488,NA - M09,tonnes,218.777483,,BC-MAIN-6b4800fe,,,https://www.canada.ca/en/environment-climate-change/services/national-pollutant-release-inventory/tools-resources-data/exploredata.html
npri-1303-2023-23,2023,comp7d3e3488,NA - M10,tonnes,78.879409,,BC-MAIN-6b4800fe,,,https://www.canada.ca/en/environment-climate-change/services/national-pollutant-release-inventory/tools-resources-data/exploredata.html
npri-1303-2023-24,2023,comp7d3e3488,NA - 12,kg,0.055155,,BC-MAIN-6b4800fe,,,https://www.canada.ca/en/environment-climate-change/services/national-pollutant-release-inventory/tools-resources-data/exploredata.html
npri-1303-2023-25,2023,comp7d3e3488,NA - M08,tonnes,457.620478,,BC-MAIN-6b4800fe,,,https://www.canada.ca/en/environment-climate-change/services/national-pollutant-release-inventory/tools-resources-data/exploredata.html
npri-1303-2023-26,2023,comp7d3e3488,NA - 14,tonnes,0.000774,,BC-MAIN-6b4800fe,,,https://www.canada.ca/en/environment-climate-change/services/national-pollutant-release-inventory/tools-resources-data/exploredata.html
npri-5448-2023-29,2023,comp7d3e3488,630-08-0,tonnes,67.13164,,QC-MAIN-a97821c0,,,https://www.canada.ca/en/environment-climate-change/services/national-pollutant-release-inventory/tools-resources-data/exploredata.html
npri-5448-2023-30,2023,comp7d3e3488,NA - 04,tonnes,6e-05,,QC-MAIN-a97821c0,,,https://www.canada.ca/en/environment-climate-change/services/national-pollutant-release-inventory/tools-resources-data/exploredata.html
npri-5448-2023-31,2023,comp7d3e3488,NA - 05,kg,0.0014,,QC-MAIN-a97821c0,,,https://www.canada.ca/en/environment-climate-change/services/national-pollutant-release-inventory/tools-resources-data/exploredata.html
npri-5448-2023-32,2023,comp7d3e3488,78-83-1,tonnes,15.4625,,QC-MAIN-a97821c0,,,https://www.canada.ca/en/environment-climate-change/services/national-pollutant-release-inventory/tools-resources-data/exploredata.html
npri-5448-2023-33,2023,comp7d3e3488,NA - 09,tonnes,0.0026,,QC-MAIN-a97821c0,,,https://www.canada.ca/en/environment-climate-change/services/national-pollutant-release-inventory/tools-resources-data/exploredata.html
npri-5448-2023-34,2023,comp7d3e3488,NA - 11,tonnes,0.000141,,QC-MAIN-a97821c0,,,https://www.canada.ca/en/environment-climate-change/services/national-pollutant-release-inventory/tools-resources-data/exploredata.html
npri-5448-2023-35,2023,comp7d3e3488,11104-93-1,tonnes,12.969392,,QC-MAIN-a97821c0,,,https://www.canada.ca/en/environment-climate-change/services/national-pollutant-release-inventory/tools-resources-data/exploredata.html
npri-5448-2023-36,2023,comp7d3e3488,NA - M09,tonnes,0.8816,,QC-MAIN-a97821c0,,,https://www.canada.ca/en/environment-climate-change/services/national-pollutant-release-inventory/tools-resources-data/exploredata.html
npri-5448-2023-37,2023,comp7d3e3488,NA - M10,tonnes,0.5593,,QC-MAIN-a97821c0,,,https://www.canada.ca/en/environment-climate-change/services/national-pollutant-release-inventory/tools-resources-data/exploredata.html
npri-5448-2023-38,2023,comp7d3e3488,NA - M08,tonnes,1.8213,,QC-MAIN-a97821c0,,,https://www.canada.ca/en/environment-climate-change/services/national-pollutant-release-inventory/tools-resources-data/exploredata.html
npri-5448-2023-39,2023,comp7d3e3488,NA - M16,tonnes,0.2459,,QC-MAIN-a97821c0,,,https://www.canada.ca/en/environment-climate-change/services/national-pollutant-release-inventory/tools-resources-data/exploredata.html
npri-11588-2023-18,2023,comp7d3e3488,NA - 03,kg,0.000735,,ON-MAIN-fcb287a4,,,https://www.canada.ca/en/environment-climate-change/services/national-pollutant-release-inventory/tools-resources-data/exploredata.html
npri-11588-2023-19,2023,comp7d3e3488,NA - 04,tonnes,0.000207,,ON-MAIN-fcb287a4,,,https://www.canada.ca/en/environment-climate-change/services/national-pollutant-release-inventory/tools-resources-data/exploredata.html
npri-11588-2023-20,2023,comp7d3e3488,NA - 05,kg,0.028193,,ON-MAIN-fcb287a4,,,https://www.canada.ca/en/environment-climate-change/services/national-pollutant-release-inventory/tools-resources-data/exploredata.html
npri-11588-2023-21,2023,comp7d3e3488,NA - 06,tonnes,0.000419,,ON-MAIN-fcb287a4,,,https://www.canada.ca/en/environment-climate-change/services/national-pollutant-release-inventory/tools-resources-data/exploredata.html
npri-11588-2023-22,2023,comp7d3e3488,NA - 08,kg,0.060062,,ON-MAIN-fcb287a4,,,https://www.canada.ca/en/environment-climate-change/services/national-pollutant-release-inventory/tools-resources-data/exploredata.html
npri-11588-2023-23,2023,comp7d3e3488,NA - 09,tonnes,0.000572,,ON-MAIN-fcb287a4,,,https://www.canada.ca/en/environment-climate-change/services/national-pollutant-release-inventory/tools-resources-data/exploredata.html
npri-11588-2023-24,2023,comp7d3e3488,NA - 11,tonnes,0.000724,,ON-MAIN-fcb287a4,,,https://www.canada.ca/en/environment-climate-change/services/national-pollutant-release-inventory/tools-resources-data/exploredata.html
npri-11588-2023-25,2023,comp7d3e3488,NA - M09,tonnes,0.134795,,ON-MAIN-fcb287a4,,,https://www.canada.ca/en/environment-climate-change/services/national-pollutant-release-inventory/tools-resources-data/exploredata.html
npri-11588-2023-26,2023,comp7d3e3488,NA - M10,tonnes,0.010065,,ON-MAIN-fcb287a4,,,https://www.canada.ca/en/environment-climate-change/services/national-pollutant-release-inventory/tools-resources-data/exploredata.html
npri-11588-2023-27,2023,comp7d3e3488,NA - 40,tonnes,0.000154,,ON-MAIN-fcb287a4,,,https://www.canada.ca/en/environment-climate-change/services/national-pollutant-release-inventory/tools-resources-data/exploredata.html
npri-11588-2023-28,2023,comp7d3e3488,NA - 14,tonnes,9.4e-05,,ON-MAIN-fcb287a4,,,https://www.canada.ca/en/environment-climate-change/services/national-pollutant-release-inventory/tools-resources-data/exploredata.html
npri-1941-2023-21,2023,comp7d3e3488,NA - 02,kg,21.148381,,ON-MAIN-3b3e5365,,,https://www.canada.ca/en/environment-climate-change/services/national-pollutant-release-inventory/tools-resources-data/exploredata.html
npri-5656-2023-13,2023,comp7d3e3488,NA - 02,kg,3.918,,ON-MAIN-fefeaee4,,,https://www.canada.ca/en/environment-climate-change/services/national-pollutant-release-inventory/tools-resources-data/exploredata.html
npri-1941-2023-22,2023,comp7d3e3488,NA - 03,kg,0.140027,,ON-MAIN-3b3e5365,,,https://www.canada.ca/en/environment-climate-change/services/national-pollutant-release-inventory/tools-resources-data/exploredata.html
npri-1941-2023-23,2023,comp7d3e3488,630-08-0,tonnes,31.0127,,ON-MAIN-3b3e5365,,,https://www.canada.ca/en/environment-climate-change/services/national-pollutant-release-inventory/tools-resources-data/exploredata.html
npri-5656-2023-14,2023,comp7d3e3488,630-08-0,tonnes,33.53805,,ON-MAIN-fefeaee4,,,https://www.canada.ca/en/environment-climate-change/services/national-pollutant-release-inventory/tools-resources-data/exploredata.html
npri-8803-2023-1,2023,comp7d3e3488,630-08-0,tonnes,159.04,,QC-MAIN-6dc537e6,,,https://www.canada.ca/en/environment-climate-change/services/national-pollutant-release-inventory/tools-resources-data/exploredata.html
npri-1941-2023-24,2023,comp7d3e3488,NA - 04,tonnes,0.039773,,ON-MAIN-3b3e5365,,,https://www.canada.ca/en/environment-climate-change/services/national-pollutant-release-inventory/tools-resources-data/exploredata.html
npri-8803-2023-2,2023,comp7d3e3488,NA - 04,tonnes,3e-05,,QC-MAIN-6dc537e6,,,https://www.canada.ca/en/environment-climate-change/services/national-pollutant-release-inventory/tools-resources-data/exploredata.html
npri-1941-2023-25,2023,comp7d3e3488,NA - 05,kg,8.742762,,ON-MAIN-3b3e5365,,,https://www.canada.ca/en/environment-climate-change/services/national-pollutant-release-inventory/tools-resources-data/exploredata.html
npri-5656-2023-15,2023,comp7d3e3488,NA - 05,kg,0.000979,,ON-MAIN-fefeaee4,,,https://www.canada.ca/en/environment-climate-change/services/national-pollutant-release-inventory/tools-resources-data/exploredata.html
npri-8803-2023-3,2023,comp7d3e3488,NA - 05,kg,0.00022,,QC-MAIN-6dc537e6,,,https://www.canada.ca/en/environment-climate-change/services/national-pollutant-release-inventory/tools-resources-data/exploredata.html
npri-1941-2023-26,2023,comp7d3e3488,NA - 06,tonnes,0.033748,,ON-MAIN-3b3e5365,,,https://www.canada.ca/en/environment-climate-change/services/national-pollutant-release-inventory/tools-resources-data/exploredata.html
npri-1941-2023-27,2023,comp7d3e3488,NA - 08,kg,2.696152,,ON-MAIN-3b3e5365,,,https://www.canada.ca/en/environment-climate-change/services/national-pollutant-release-inventory/tools-resources-data/exploredata.html
npri-5656-2023-16,2023,comp7d3e3488,NA - 08,kg,13.055331,,ON-MAIN-fefeaee4,,,https://www.canada.ca/en/environment-climate-change/services/national-pollutant-release-inventory/tools-resources-data/exploredata.html
npri-8803-2023-4,2023,comp7d3e3488,NA - 08,kg,0.381,,QC-MAIN-6dc537e6,,,https://www.canada.ca/en/environment-climate-change/services/national-pollutant-release-inventory/tools-resources-data/exploredata.html
npri-1941-2023-28,2023,comp7d3e3488,NA - 09,tonnes,0.304121,,ON-MAIN-3b3e5365,,,https://www.canada.ca/en/environment-climate-change/services/national-pollutant-release-inventory/tools-resources-data/exploredata.html
npri-8803-2023-5,2023,comp7d3e3488,NA - 09,tonnes,0.00027,,QC-MAIN-6dc537e6,,,https://www.canada.ca/en/environment-climate-change/services/national-pollutant-release-inventory/tools-resources-data/exploredata.html
npri-1941-2023-29,2023,comp7d3e3488,NA - 10,kg,0.002147,,ON-MAIN-3b3e5365,,,https://www.canada.ca/en/environment-climate-change/services/national-pollutant-release-inventory/tools-resources-data/exploredata.html
npri-5656-2023-17,2023,comp7d3e3488,NA - 10,kg,0.000712,,ON-MAIN-fefeaee4,,,https://www.canada.ca/en/environment-climate-change/services/national-pollutant-release-inventory/tools-resources-data/exploredata.html
npri-8803-2023-6,2023,comp7d3e3488,NA - 10,kg,0.002,,QC-MAIN-6dc537e6,,,https://www.canada.ca/en/environment-climate-change/services/national-pollutant-release-inventory/tools-resources-data/exploredata.html
npri-1941-2023-30,2023,comp7d3e3488,NA - 11,tonnes,0.000358,,ON-MAIN-3b3e5365,,,https://www.canada.ca/en/environment-climate-change/services/national-pollutant-release-inventory/tools-resources-data/exploredata.html
npri-8803-2023-7,2023,comp7d3e3488,NA - 11,tonnes,3e-05,,QC-MAIN-6dc537e6,,,https://www.canada.ca/en/environment-climate-change/services/national-pollutant-release-inventory/tools-resources-data/exploredata.html
npri-1941-2023-31,2023,comp7d3e3488,11104-93-1,tonnes,6.797679,,ON-MAIN-3b3e5365,,,https://www.canada.ca/en/environment-climate-change/services/national-pollutant-release-inventory/tools-resources-data/exploredata.html
npri-8803-2023-8,2023,comp7d3e3488,11104-93-1,tonnes,110.9,,QC-MAIN-6dc537e6,,,https://www.canada.ca/en/environment-climate-change/services/national-pollutant-release-inventory/tools-resources-data/exploredata.html
npri-1941-2023-32,2023,comp7d3e3488,NA - M09,tonnes,10.932114,,ON-MAIN-3b3e5365,,,https://www.canada.ca/en/environment-climate-change/services/national-pollutant-release-inventory/tools-resources-data/exploredata.html
npri-5656-2023-18,2023,comp7d3e3488,NA - M09,tonnes,39.579759,,ON-MAIN-fefeaee4,,,https://www.canada.ca/en/environment-climate-change/services/national-pollutant-release-inventory/tools-resources-data/exploredata.html
npri-8803-2023-9,2023,comp7d3e3488,NA - M09,tonnes,765.0,,QC-MAIN-6dc537e6,,,https://www.canada.ca/en/environment-climate-change/services/national-pollutant-release-inventory/tools-resources-data/exploredata.html
npri-1941-2023-33,2023,comp7d3e3488,NA - M10,tonnes,1.830757,,ON-MAIN-3b3e5365,,,https://www.canada.ca/en/environment-climate-change/services/national-pollutant-release-inventory/tools-resources-data/exploredata.html
npri-5656-2023-19,2023,comp7d3e3488,NA - M10,tonnes,8.878198,,ON-MAIN-fefeaee4,,,https://www.canada.ca/en/environment-climate-change/services/national-pollutant-release-inventory/tools-resources-data/exploredata.html
npri-8803-2023-10,2023,comp7d3e3488,NA - M10,tonnes,308.16,,QC-MAIN-6dc537e6,,,https://www.canada.ca/en/environment-climate-change/services/national-pollutant-release-inventory/tools-resources-data/exploredata.html
npri-1941-2023-34,2023,comp7d3e3488,NA - 12,kg,0.009143,,ON-MAIN-3b3e5365,,,https://www.canada.ca/en/environment-climate-change/services/national-pollutant-release-inventory/tools-resources-data/exploredata.html
npri-5656-2023-20,2023,comp7d3e3488,NA - 12,kg,0.28135,,ON-MAIN-fefeaee4,,,https://www.canada.ca/en/environment-climate-change/services/national-pollutant-release-inventory/tools-resources-data/exploredata.html
npri-1941-2023-35,2023,comp7d3e3488,NA - 37,kg,0.004816,,ON-MAIN-3b3e5365,,,https://www.canada.ca/en/environment-climate-change/services/national-pollutant-release-inventory/tools-resources-data/exploredata.html
npri-5656-2023-21,2023,comp7d3e3488,NA - 37,kg,0.0099,,ON-MAIN-fefeaee4,,,https://www.canada.ca/en/environment-climate-change/services/national-pollutant-release-inventory/tools-resources-data/exploredata.html
npri-1941-2023-36,2023,comp7d3e3488,NA - M08,tonnes,25.431217,,ON-MAIN-3b3e5365,,,https://www.canada.ca/en/environment-climate-change/services/national-pollutant-release-inventory/tools-resources-data/exploredata.html
npri-5656-2023-22,2023,comp7d3e3488,NA - M08,tonnes,77.562468,,ON-MAIN-fefeaee4,,,https://www.canada.ca/en/environment-climate-change/services/national-pollutant-release-inventory/tools-resources-data/exploredata.html
npri-8803-2023-11,2023,comp7d3e3488,NA - M08,tonnes,1528.15,,QC-MAIN-6dc537e6,,,https://www.canada.ca/en/environment-climate-change/services/national-pollutant-release-inventory/tools-resources-data/exploredata.html
npri-1941-2023-37,2023,comp7d3e3488,NA - 40,tonnes,0.019423,,ON-MAIN-3b3e5365,,,https://www.canada.ca/en/environment-climate-change/services/national-pollutant-release-inventory/tools-resources-data/exploredata.html
npri-1941-2023-38,2023,comp7d3e3488,NA - 14,tonnes,0.000456,,ON-MAIN-3b3e5365,,,https://www.canada.ca/en/environment-climate-change/services/national-pollutant-release-inventory/tools-resources-data/exploredata.html
npri-8803-2023-12,2023,comp7d3e3488,NA - 14,tonnes,0.00038,,QC-MAIN-6dc537e6,,,https://www.canada.ca/en/environment-climate-change/services/national-pollutant-release-inventory/tools-resources-data/exploredata.html
npri-29877-2023-16,2023,comp7d3e3488,NA - 02,kg,0.059145,,ON-MAIN-1c674cd0,,,https://www.canada.ca/en/environment-climate-change/services/national-pollutant-release-inventory/tools-resources-data/exploredata.html
npri-29877-2023-17,2023,comp7d3e3488,NA - 03,kg,0.00165,,ON-MAIN-1c674cd0,,,https://www.canada.ca/en/environment-climate-change/services/national-pollutant-release-inventory/tools-resources-data/exploredata.html
npri-29877-2023-18,2023,comp7d3e3488,NA - 04,tonnes,0.000399,,ON-MAIN-1c674cd0,,,https://www.canada.ca/en/environment-climate-change/services/national-pollutant-release-inventory/tools-resources-data/exploredata.html
npri-29877-2023-19,2023,comp7d3e3488,NA - 05,kg,0.21069,,ON-MAIN-1c674cd0,,,https://www.canada.ca/en/environment-climate-change/services/national-pollutant-release-inventory/tools-resources-data/exploredata.html
npri-29877-2023-20,2023,comp7d3e3488,NA - 06,tonnes,0.000431,,ON-MAIN-1c674cd0,,,https://www.canada.ca/en/environment-climate-change/services/national-pollutant-release-inventory/tools-resources-data/exploredata.html
npri-29877-2023-21,2023,comp7d3e3488,NA - 08,kg,0.064905,,ON-MAIN-1c674cd0,,,https://www.canada.ca/en/environment-climate-change/services/national-pollutant-release-inventory/tools-resources-data/exploredata.html
npri-29877-2023-22,2023,comp7d3e3488,NA - 09,tonnes,0.005024,,ON-MAIN-1c674cd0,,,https://www.canada.ca/en/environment-climate-change/services/national-pollutant-release-inventory/tools-resources-data/exploredata.html
npri-29877-2023-23,2023,comp7d3e3488,NA - 11,tonnes,0.000234,,ON-MAIN-1c674cd0,,,https://www.canada.ca/en/environment-climate-change/services/national-pollutant-release-inventory/tools-resources-data/exploredata.html
npri-29877-2023-24,2023,comp7d3e3488,NA - M09,tonnes,1.772417,,ON-MAIN-1c674cd0,,,https://www.canada.ca/en/environment-climate-change/services/national-pollutant-release-inventory/tools-resources-data/exploredata.html
npri-29877-2023-25,2023,comp7d3e3488,NA - M10,tonnes,0.855209,,ON-MAIN-1c674cd0,,,https://www.canada.ca/en/environment-climate-change/services/national-pollutant-release-inventory/tools-resources-data/exploredata.html
npri-29877-2023-26,2023,comp7d3e3488,NA - 37,kg,0.008506,,ON-MAIN-1c674cd0,,,https://www.canada.ca/en/environment-climate-change/services/national-pollutant-release-inventory/tools-resources-data/exploredata.html
npri-29877-2023-27,2023,comp7d3e3488,NA - M08,tonnes,8.342477,,ON-MAIN-1c674cd0,,,https://www.canada.ca/en/environment-climate-change/services/national-pollutant-release-inventory/tools-resources-data/exploredata.html
npri-29877-2023-28,2023,comp7d3e3488,NA - 40,tonnes,0.000458,,ON-MAIN-1c674cd0,,,https://www.canada.ca/en/environment-climate-change/services/national-pollutant-release-inventory/tools-resources-data/exploredata.html
npri-29877-2023-29,2023,comp7d3e3488,NA - 14,tonnes,0.000789,,ON-MAIN-1c674cd0,,,https://www.canada.ca/en/environment-climate-change/services/national-pollutant-release-inventory/tools-resources-data/exploredata.html
npri-5219-2023-1,2023,comp7d3e3488,NA - M09,tonnes,4.45,,MB-MAIN-da0b5c3d,,,https://www.canada.ca/en/environment-climate-change/services/national-pollutant-release-inventory/tools-resources-data/exploredata.html
npri-5219-2023-2,2023,comp7d3e3488,NA - M10,tonnes,4.29,,MB-MAIN-da0b5c3d,,,https://www.canada.ca/en/environment-climate-change/services/national-pollutant-release-inventory/tools-resources-data/exploredata.html
npri-5219-2023-3,2023,comp7d3e3488,NA - M08,tonnes,10.86,,MB-MAIN-da0b5c3d,,,https://www.canada.ca/en/environment-climate-change/services/national-pollutant-release-inventory/tools-resources-data/exploredata.html
npri-5102-2023-6,2023,comp7d3e3488,630-08-0,tonnes,154.85,,BC-MAIN-3f490561,,,https://www.canada.ca/en/environment-climate-change/services/national-pollutant-release-inventory/tools-resources-data/exploredata.html
npri-5102-2023-7,2023,comp7d3e3488,11104-93-1,tonnes,36.44,,BC-MAIN-3f490561,,,https://www.canada.ca/en/environment-climate-change/services/national-pollutant-release-inventory/tools-resources-data/exploredata.html
npri-5102-2023-8,2023,comp7d3e3488,NA - M09,tonnes,27.27,,BC-MAIN-3f490561,,,https://www.canada.ca/en/environment-climate-change/services/national-pollutant-release-inventory/tools-resources-data/exploredata.html
npri-5102-2023-9,2023,comp7d3e3488,NA - M10,tonnes,1.645,,BC-MAIN-3f490561,,,https://www.canada.ca/en/environment-climate-change/services/national-pollutant-release-inventory/tools-resources-data/exploredata.html
npri-5102-2023-10,2023,comp7d3e3488,7446-09-5,tonnes,4.55,,BC-MAIN-3f490561,,,https://www.canada.ca/en/environment-climate-change/services/national-pollutant-release-inventory/tools-resources-data/exploredata.html
npri-5102-2023-11,2023,comp7d3e3488,NA - M08,tonnes,68.15,,BC-MAIN-3f490561,,,https://www.canada.ca/en/environment-climate-change/services/national-pollutant-release-inventory/tools-resources-data/exploredata.html
npri-11867-2023-23,2023,comp7d3e3488,NA - 01,tonnes,0.000955,,ON-MAIN-aeafbb59,,,https://www.canada.ca/en/environment-climate-change/services/national-pollutant-release-inventory/tools-resources-data/exploredata.html
npri-11867-2023-24,2023,comp7d3e3488,NA - 02,kg,2.529,,ON-MAIN-aeafbb59,,,https://www.canada.ca/en/environment-climate-change/services/national-pollutant-release-inventory/tools-resources-data/exploredata.html
npri-11867-2023-25,2023,comp7d3e3488,NA - 03,kg,0.274,,ON-MAIN-aeafbb59,,,https://www.canada.ca/en/environment-climate-change/services/national-pollutant-release-inventory/tools-resources-data/exploredata.html
npri-11867-2023-26,2023,comp7d3e3488,630-08-0,tonnes,1138.731,,ON-MAIN-aeafbb59,,,https://www.canada.ca/en/environment-climate-change/services/national-pollutant-release-inventory/tools-resources-data/exploredata.html
npri-11867-2023-27,2023,comp7d3e3488,NA - 04,tonnes,0.078,,ON-MAIN-aeafbb59,,,https://www.canada.ca/en/environment-climate-change/services/national-pollutant-release-inventory/tools-resources-data/exploredata.html
npri-11867-2023-28,2023,comp7d3e3488,NA - 05,kg,22.965,,ON-MAIN-aeafbb59,,,https://www.canada.ca/en/environment-climate-change/services/national-pollutant-release-inventory/tools-resources-data/exploredata.html
npri-11867-2023-29,2023,comp7d3e3488,NA - 06,tonnes,0.116,,ON-MAIN-aeafbb59,,,https://www.canada.ca/en/environment-climate-change/services/national-pollutant-release-inventory/tools-resources-data/exploredata.html
npri-11867-2023-30,2023,comp7d3e3488,74-90-8,tonnes,37.063,,ON-MAIN-aeafbb59,,,https://www.canada.ca/en/environment-climate-change/services/national-pollutant-release-inventory/tools-resources-data/exploredata.html
npri-11867-2023-31,2023,comp7d3e3488,NA - 08,kg,2.109,,ON-MAIN-aeafbb59,,,https://www.canada.ca/en/environment-climate-change/services/national-pollutant-release-inventory/tools-resources-data/exploredata.html
npri-11867-2023-32,2023,comp7d3e3488,NA - 09,tonnes,0.614,,ON-MAIN-aeafbb59,,,https://www.canada.ca/en/environment-climate-change/services/national-pollutant-release-inventory/tools-resources-data/exploredata.html
npri-11867-2023-33,2023,comp7d3e3488,NA - 10,kg,0.057,,ON-MAIN-aeafbb59,,,https://www.canada.ca/en/environment-climate-change/services/national-pollutant-release-inventory/tools-resources-data/exploredata.html
npri-11867-2023-34,2023,comp7d3e3488,NA - 11,tonnes,0.041,,ON-MAIN-aeafbb59,,,https://www.canada.ca/en/environment-climate-change/services/national-pollutant-release-inventory/tools-resources-data/exploredata.html
npri-11867-2023-35,2023,comp7d3e3488,11104-93-1,tonnes,267.937,,ON-MAIN-aeafbb59,,,https://www.canada.ca/en/environment-climate-change/services/national-pollutant-release-inventory/tools-resources-data/exploredata.html
npri-11867-2023-36,2023,comp7d3e3488,NA - 22,tonnes,0.408,,ON-MAIN-aeafbb59,,,https://www.canada.ca/en/environment-climate-change/services/national-pollutant-release-inventory/tools-resources-data/exploredata.html
npri-11867-2023-37,2023,comp7d3e3488,NA - M09,tonnes,239.617,,ON-MAIN-aeafbb59,,,https://www.canada.ca/en/environment-climate-change/services/national-pollutant-release-inventory/tools-resources-data/exploredata.html
npri-11867-2023-38,2023,comp7d3e3488,NA - M10,tonnes,66.402,,ON-MAIN-aeafbb59,,,https://www.canada.ca/en/environment-climate-change/services/national-pollutant-release-inventory/tools-resources-data/exploredata.html
npri-11867-2023-39,2023,comp7d3e3488,NA - 12,kg,1.75,,ON-MAIN-aeafbb59,,,https://www.canada.ca/en/environment-climate-change/services/national-pollutant-release-inventory/tools-resources-data/exploredata.html
npri-11867-2023-40,2023,comp7d3e3488,7446-09-5,tonnes,33.492,,ON-MAIN-aeafbb59,,,https://www.canada.ca/en/environment-climate-change/services/national-pollutant-release-inventory/tools-resources-data/exploredata.html
npri-11867-2023-41,2023,comp7d3e3488,NA - 37,kg,0.994,,ON-MAIN-aeafbb59,,,https://www.canada.ca/en/environment-climate-change/services/national-pollutant-release-inventory/tools-resources-data/exploredata.html
npri-11867-2023-42,2023,comp7d3e3488,NA - M08,tonnes,614.438,,ON-MAIN-aeafbb59,,,https://www.canada.ca/en/environment-climate-change/services/national-pollutant-release-inventory/tools-resources-data/exploredata.html
npri-11867-2023-43,2023,comp7d3e3488,NA - 40,tonnes,0.0968,,ON-MAIN-aeafbb59,,,https://www.canada.ca/en/environment-climate-change/services/national-pollutant-release-inventory/tools-resources-data/exploredata.html
npri-11867-2023-44,2023,comp7d3e3488,NA - 14,tonnes,0.044,,ON-MAIN-aeafbb59,,,https://www.canada.ca/en/environment-climate-change/services/national-pollutant-release-inventory/tools-resources-data/exploredata.html
npri-11794-2023-6,2023,comp7d3e3488,NA - 02,kg,0.0662,,ON-MAIN-f3e6ff08,,,https://www.canada.ca/en/environment-climate-change/services/national-pollutant-release-inventory/tools-resources-data/exploredata.html
npri-11794-2023-7,2023,comp7d3e3488,NA - M09,tonnes,3.298,,ON-MAIN-f3e6ff08,,,https://www.canada.ca/en/environment-climate-change/services/national-pollutant-release-inventory/tools-resources-data/exploredata.html
npri-11794-2023-8,2023,comp7d3e3488,NA - M10,tonnes,0.633,,ON-MAIN-f3e6ff08,,,https://www.canada.ca/en/environment-climate-change/services/national-pollutant-release-inventory/tools-resources-data/exploredata.html
npri-11794-2023-9,2023,comp7d3e3488,NA - M08,tonnes,6.924,,ON-MAIN-f3e6ff08,,,https://www.canada.ca/en/environment-climate-change/services/national-pollutant-release-inventory/tools-resources-data/exploredata.html
npri-2935-2023-1,2023,comp7d3e3488,NA - 16,tonnes,0.82884,,QC-MAIN-9de9bb0d,,,https://www.canada.ca/en/environment-climate-change/services/national-pollutant-release-inventory/tools-resources-data/exploredata.html
npri-2935-2023-2,2023,comp7d3e3488,NA - 02,kg,0.1367,,QC-MAIN-9de9bb0d,,,https://www.canada.ca/en/environment-climate-change/services/national-pollutant-release-inventory/tools-resources-data/exploredata.html
npri-2935-2023-3,2023,comp7d3e3488,NA - 03,kg,0.017154,,QC-MAIN-9de9bb0d,,,https://www.canada.ca/en/environment-climate-change/services/national-pollutant-release-inventory/tools-resources-data/exploredata.html
npri-2935-2023-4,2023,comp7d3e3488,630-08-0,tonnes,17.8941,,QC-MAIN-9de9bb0d,,,https://www.canada.ca/en/environment-climate-change/services/national-pollutant-release-inventory/tools-resources-data/exploredata.html
npri-2935-2023-5,2023,comp7d3e3488,NA - 04,tonnes,0.049999,,QC-MAIN-9de9bb0d,,,https://www.canada.ca/en/environment-climate-change/services/national-pollutant-release-inventory/tools-resources-data/exploredata.html
npri-2935-2023-6,2023,comp7d3e3488,NA - 05,kg,2.1006,,QC-MAIN-9de9bb0d,,,https://www.canada.ca/en/environment-climate-change/services/national-pollutant-release-inventory/tools-resources-data/exploredata.html
npri-2935-2023-7,2023,comp7d3e3488,NA - 06,tonnes,0.004058,,QC-MAIN-9de9bb0d,,,https://www.canada.ca/en/environment-climate-change/services/national-pollutant-release-inventory/tools-resources-data/exploredata.html
npri-2935-2023-8,2023,comp7d3e3488,NA - 07,tonnes,6.7e-05,,QC-MAIN-9de9bb0d,,,https://www.canada.ca/en/environment-climate-change/services/national-pollutant-release-inventory/tools-resources-data/exploredata.html
npri-2935-2023-9,2023,comp7d3e3488,NA - 08,kg,7.68108,,QC-MAIN-9de9bb0d,,,https://www.canada.ca/en/environment-climate-change/services/national-pollutant-release-inventory/tools-resources-data/exploredata.html
npri-2935-2023-10,2023,comp7d3e3488,NA - 09,tonnes,0.0854,,QC-MAIN-9de9bb0d,,,https://www.canada.ca/en/environment-climate-change/services/national-pollutant-release-inventory/tools-resources-data/exploredata.html
npri-2935-2023-11,2023,comp7d3e3488,NA - 10,kg,0.00018,,QC-MAIN-9de9bb0d,,,https://www.canada.ca/en/environment-climate-change/services/national-pollutant-release-inventory/tools-resources-data/exploredata.html
npri-2935-2023-12,2023,comp7d3e3488,NA - 11,tonnes,0.014814,,QC-MAIN-9de9bb0d,,,https://www.canada.ca/en/environment-climate-change/services/national-pollutant-release-inventory/tools-resources-data/exploredata.html
npri-2935-2023-13,2023,comp7d3e3488,11104-93-1,tonnes,16.4137,,QC-MAIN-9de9bb0d,,,https://www.canada.ca/en/environment-climate-change/services/national-pollutant-release-inventory/tools-resources-data/exploredata.html
npri-2935-2023-14,2023,comp7d3e3488,NA - 12,kg,0.025139,,QC-MAIN-9de9bb0d,,,https://www.canada.ca/en/environment-climate-change/services/national-pollutant-release-inventory/tools-resources-data/exploredata.html
npri-2935-2023-15,2023,comp7d3e3488,NA - 14,tonnes,0.002472,,QC-MAIN-9de9bb0d,,,https://www.canada.ca/en/environment-climate-change/services/national-pollutant-release-inventory/tools-resources-data/exploredata.html
npri-25434-2023-17,2023,comp7d3e3488,NA - 02,kg,0.127926,,BC-MAIN-aa76f6f2,,,https://www.canada.ca/en/environment-climate-change/services/national-pollutant-release-inventory/tools-resources-data/exploredata.html
npri-25434-2023-18,2023,comp7d3e3488,NA - 03,kg,0.027141,,BC-MAIN-aa76f6f2,,,https://www.canada.ca/en/environment-climate-change/services/national-pollutant-release-inventory/tools-resources-data/exploredata.html
npri-25434-2023-19,2023,comp7d3e3488,NA - 04,tonnes,0.000464,,BC-MAIN-aa76f6f2,,,https://www.canada.ca/en/environment-climate-change/services/national-pollutant-release-inventory/tools-resources-data/exploredata.html
npri-25434-2023-20,2023,comp7d3e3488,NA - 05,kg,0.085675,,BC-MAIN-aa76f6f2,,,https://www.canada.ca/en/environment-climate-change/services/national-pollutant-release-inventory/tools-resources-data/exploredata.html
npri-25434-2023-21,2023,comp7d3e3488,NA - 06,tonnes,0.006843,,BC-MAIN-aa76f6f2,,,https://www.canada.ca/en/environment-climate-change/services/national-pollutant-release-inventory/tools-resources-data/exploredata.html
npri-25434-2023-22,2023,comp7d3e3488,NA - 08,kg,0.204369,,BC-MAIN-aa76f6f2,,,https://www.canada.ca/en/environment-climate-change/services/national-pollutant-release-inventory/tools-resources-data/exploredata.html
npri-25434-2023-23,2023,comp7d3e3488,NA - 09,tonnes,0.01212,,BC-MAIN-aa76f6f2,,,https://www.canada.ca/en/environment-climate-change/services/national-pollutant-release-inventory/tools-resources-data/exploredata.html
npri-25434-2023-24,2023,comp7d3e3488,NA - 11,tonnes,0.000392,,BC-MAIN-aa76f6f2,,,https://www.canada.ca/en/environment-climate-change/services/national-pollutant-release-inventory/tools-resources-data/exploredata.html
npri-25434-2023-25,2023,comp7d3e3488,NA - 22,tonnes,0.12203,,BC-MAIN-aa76f6f2,,,https://www.canada.ca/en/environment-climate-change/services/national-pollutant-release-inventory/tools-resources-data/exploredata.html
npri-25434-2023-26,2023,comp7d3e3488,NA - M09,tonnes,10.652,,BC-MAIN-aa76f6f2,,,https://www.canada.ca/en/environment-climate-change/services/national-pollutant-release-inventory/tools-resources-data/exploredata.html
npri-29548-2023-12,2023,comp7d3e3488,NA - M09,tonnes,137.144,,ON-MAIN-0aadf28f,,,https://www.canada.ca/en/environment-climate-change/services/national-pollutant-release-inventory/tools-resources-data/exploredata.html
npri-25434-2023-27,2023,comp7d3e3488,NA - M10,tonnes,1.602,,BC-MAIN-aa76f6f2,,,https://www.canada.ca/en/environment-climate-change/services/national-pollutant-release-inventory/tools-resources-data/exploredata.html
npri-29548-2023-13,2023,comp7d3e3488,NA - M10,tonnes,28.949,,ON-MAIN-0aadf28f,,,https://www.canada.ca/en/environment-climate-change/services/national-pollutant-release-inventory/tools-resources-data/exploredata.html
npri-25434-2023-28,2023,comp7d3e3488,NA - M08,tonnes,21.518,,BC-MAIN-aa76f6f2,,,https://www.canada.ca/en/environment-climate-change/services/national-pollutant-release-inventory/tools-resources-data/exploredata.html
npri-29548-2023-14,2023,comp7d3e3488,NA - M08,tonnes,378.465,,ON-MAIN-0aadf28f,,,https://www.canada.ca/en/environment-climate-change/services/national-pollutant-release-inventory/tools-resources-data/exploredata.html
npri-25434-2023-29,2023,comp7d3e3488,NA - 40,tonnes,0.000681,,BC-MAIN-aa76f6f2,,,https://www.canada.ca/en/environment-climate-change/services/national-pollutant-release-inventory/tools-resources-data/exploredata.html
npri-25434-2023-30,2023,comp7d3e3488,NA - 14,tonnes,0.004827,,BC-MAIN-aa76f6f2,,,https://www.canada.ca/en/environment-climate-change/services/national-pollutant-release-inventory/tools-resources-data/exploredata.html
npri-32235-2023-12,2023,comp7d3e3488,NA - 02,kg,10.7679,,BC-MAIN-8eb8be0d,,,https://www.canada.ca/en/environment-climate-change/services/national-pollutant-release-inventory/tools-resources-data/exploredata.html
npri-32235-2023-13,2023,comp7d3e3488,NA - 03,kg,0.4786,,BC-MAIN-8eb8be0d,,,https://www.canada.ca/en/environment-climate-change/services/national-pollutant-release-inventory/tools-resources-data/exploredata.html
npri-32235-2023-14,2023,comp7d3e3488,630-08-0,tonnes,123.6578,,BC-MAIN-8eb8be0d,,,https://www.canada.ca/en/environment-climate-change/services/national-pollutant-release-inventory/tools-resources-data/exploredata.html
npri-32235-2023-15,2023,comp7d3e3488,NA - 05,kg,8.2876,,BC-MAIN-8eb8be0d,,,https://www.canada.ca/en/environment-climate-change/services/national-pollutant-release-inventory/tools-resources-data/exploredata.html
npri-32235-2023-16,2023,comp7d3e3488,NA - 08,kg,16.2536,,BC-MAIN-8eb8be0d,,,https://www.canada.ca/en/environment-climate-change/services/national-pollutant-release-inventory/tools-resources-data/exploredata.html
npri-32235-2023-17,2023,comp7d3e3488,NA - 10,kg,0.5022,,BC-MAIN-8eb8be0d,,,https://www.canada.ca/en/environment-climate-change/services/national-pollutant-release-inventory/tools-resources-data/exploredata.html
npri-32235-2023-18,2023,comp7d3e3488,11104-93-1,tonnes,24.5924,,BC-MAIN-8eb8be0d,,,https://www.canada.ca/en/environment-climate-change/services/national-pollutant-release-inventory/tools-resources-data/exploredata.html
npri-32235-2023-19,2023,comp7d3e3488,NA - M09,tonnes,138.2087,,BC-MAIN-8eb8be0d,,,https://www.canada.ca/en/environment-climate-change/services/national-pollutant-release-inventory/tools-resources-data/exploredata.html
npri-32235-2023-20,2023,comp7d3e3488,NA - M10,tonnes,34.0673,,BC-MAIN-8eb8be0d,,,https://www.canada.ca/en/environment-climate-change/services/national-pollutant-release-inventory/tools-resources-data/exploredata.html
npri-32235-2023-21,2023,comp7d3e3488,NA - 12,kg,6.3966,,BC-MAIN-8eb8be0d,,,https://www.canada.ca/en/environment-climate-change/services/national-pollutant-release-inventory/tools-resources-data/exploredata.html
npri-32235-2023-22,2023,comp7d3e3488,NA - 37,kg,0.1081,,BC-MAIN-8eb8be0d,,,https://www.canada.ca/en/environment-climate-change/services/national-pollutant-release-inventory/tools-resources-data/exploredata.html
npri-32235-2023-23,2023,comp7d3e3488,NA - M08,tonnes,585.8049,,BC-MAIN-8eb8be0d,,,https://www.canada.ca/en/environment-climate-change/services/national-pollutant-release-inventory/tools-resources-data/exploredata.html
npri-28726-2023-9,2023,comp7d3e3488,NA - 02,kg,0.0126,,QC-MAIN-dc1a16f9,,,https://www.canada.ca/en/environment-climate-change/services/national-pollutant-release-inventory/tools-resources-data/exploredata.html
npri-28726-2023-10,2023,comp7d3e3488,NA - 03,kg,0.0886,,QC-MAIN-dc1a16f9,,,https://www.canada.ca/en/environment-climate-change/services/national-pollutant-release-inventory/tools-resources-data/exploredata.html
npri-28726-2023-11,2023,comp7d3e3488,630-08-0,tonnes,115.49,,QC-MAIN-dc1a16f9,,,https://www.canada.ca/en/environment-climate-change/services/national-pollutant-release-inventory/tools-resources-data/exploredata.html
npri-28726-2023-12,2023,comp7d3e3488,NA - 05,kg,0.393,,QC-MAIN-dc1a16f9,,,https://www.canada.ca/en/environment-climate-change/services/national-pollutant-release-inventory/tools-resources-data/exploredata.html
npri-28726-2023-13,2023,comp7d3e3488,NA - 08,kg,0.402,,QC-MAIN-dc1a16f9,,,https://www.canada.ca/en/environment-climate-change/services/national-pollutant-release-inventory/tools-resources-data/exploredata.html
npri-28726-2023-14,2023,comp7d3e3488,NA - 10,kg,0.00145,,QC-MAIN-dc1a16f9,,,https://www.canada.ca/en/environment-climate-change/services/national-pollutant-release-inventory/tools-resources-data/exploredata.html
npri-28726-2023-15,2023,comp7d3e3488,11104-93-1,tonnes,27.17,,QC-MAIN-dc1a16f9,,,https://www.canada.ca/en/environment-climate-change/services/national-pollutant-release-inventory/tools-resources-data/exploredata.html
npri-28726-2023-16,2023,comp7d3e3488,NA - M09,tonnes,23.05,,QC-MAIN-dc1a16f9,,,https://www.canada.ca/en/environment-climate-change/services/national-pollutant-release-inventory/tools-resources-data/exploredata.html
npri-28726-2023-17,2023,comp7d3e3488,NA - M10,tonnes,16.28,,QC-MAIN-dc1a16f9,,,https://www.canada.ca/en/environment-climate-change/services/national-pollutant-release-inventory/tools-resources-data/exploredata.html
npri-28726-2023-18,2023,comp7d3e3488,NA - 12,kg,0.045,,QC-MAIN-dc1a16f9,,,https://www.canada.ca/en/environment-climate-change/services/national-pollutant-release-inventory/tools-resources-data/exploredata.html
npri-28726-2023-19,2023,comp7d3e3488,7446-09-5,tonnes,3.4,,QC-MAIN-dc1a16f9,,,https://www.canada.ca/en/environment-climate-change/services/national-pollutant-release-inventory/tools-resources-data/exploredata.html
npri-28726-2023-20,2023,comp7d3e3488,NA - 37,kg,0.5,,QC-MAIN-dc1a16f9,,,https://www.canada.ca/en/environment-climate-change/services/national-pollutant-release-inventory/tools-resources-data/exploredata.html
npri-28726-2023-21,2023,comp7d3e3488,NA - M08,tonnes,89.35,,QC-MAIN-dc1a16f9,,,https://www.canada.ca/en/environment-climate-change/services/national-pollutant-release-inventory/tools-resources-data/exploredata.html
npri-29072-2023-8,2023,comp7d3e3488,630-08-0,tonnes,46.65,,BC-MAIN-857b7b89,,,https://www.canada.ca/en/environment-climate-change/services/national-pollutant-release-inventory/tools-resources-data/exploredata.html
npri-29072-2023-9,2023,comp7d3e3488,11104-93-1,tonnes,10.962,,BC-MAIN-857b7b89,,,https://www.canada.ca/en/environment-climate-change/services/national-pollutant-release-inventory/tools-resources-data/exploredata.html
npri-29072-2023-10,2023,comp7d3e3488,NA - M09,tonnes,1.185,,BC-MAIN-857b7b89,,,https://www.canada.ca/en/environment-climate-change/services/national-pollutant-release-inventory/tools-resources-data/exploredata.html
npri-29072-2023-11,2023,comp7d3e3488,NA - M10,tonnes,0.265,,BC-MAIN-857b7b89,,,https://www.canada.ca/en/environment-climate-change/services/national-pollutant-release-inventory/tools-resources-data/exploredata.html
npri-29072-2023-12,2023,comp7d3e3488,NA - M08,tonnes,2.573,,BC-MAIN-857b7b89,,,https://www.canada.ca/en/environment-climate-change/services/national-pollutant-release-inventory/tools-resources-data/exploredata.html
npri-33049-2023-17,2023,comp7d3e3488,NA - 02,kg,1.066256,,ON-MAIN-8825d90d,,,https://www.canada.ca/en/environment-climate-change/services/national-pollutant-release-inventory/tools-resources-data/exploredata.html
npri-33049-2023-18,2023,comp7d3e3488,630-08-0,tonnes,70.737,,ON-MAIN-8825d90d,,,https://www.canada.ca/en/environment-climate-change/services/national-pollutant-release-inventory/tools-resources-data/exploredata.html
npri-33049-2023-19,2023,comp7d3e3488,NA - 04,tonnes,0.005527,,ON-MAIN-8825d90d,,,https://www.canada.ca/en/environment-climate-change/services/national-pollutant-release-inventory/tools-resources-data/exploredata.html
npri-33049-2023-20,2023,comp7d3e3488,NA - 05,kg,2.643879,,ON-MAIN-8825d90d,,,https://www.canada.ca/en/environment-climate-change/services/national-pollutant-release-inventory/tools-resources-data/exploredata.html
npri-33049-2023-21,2023,comp7d3e3488,NA - 06,tonnes,0.010559,,ON-MAIN-8825d90d,,,https://www.canada.ca/en/environment-climate-change/services/national-pollutant-release-inventory/tools-resources-data/exploredata.html
npri-33049-2023-22,2023,comp7d3e3488,NA - 08,kg,0.277444,,ON-MAIN-8825d90d,,,https://www.canada.ca/en/environment-climate-change/services/national-pollutant-release-inventory/tools-resources-data/exploredata.html
npri-33049-2023-23,2023,comp7d3e3488,NA - 09,tonnes,0.160156,,ON-MAIN-8825d90d,,,https://www.canada.ca/en/environment-climate-change/services/national-pollutant-release-inventory/tools-resources-data/exploredata.html
npri-33049-2023-24,2023,comp7d3e3488,NA - 11,tonnes,0.003949,,ON-MAIN-8825d90d,,,https://www.canada.ca/en/environment-climate-change/services/national-pollutant-release-inventory/tools-resources-data/exploredata.html
npri-33049-2023-25,2023,comp7d3e3488,11104-93-1,tonnes,0.8322,,ON-MAIN-8825d90d,,,https://www.canada.ca/en/environment-climate-change/services/national-pollutant-release-inventory/tools-resources-data/exploredata.html
npri-33049-2023-26,2023,comp7d3e3488,NA - M09,tonnes,53.345354,,ON-MAIN-8825d90d,,,https://www.canada.ca/en/environment-climate-change/services/national-pollutant-release-inventory/tools-resources-data/exploredata.html
npri-33049-2023-27,2023,comp7d3e3488,NA - M10,tonnes,9.153672,,ON-MAIN-8825d90d,,,https://www.canada.ca/en/environment-climate-change/services/national-pollutant-release-inventory/tools-resources-data/exploredata.html
npri-33049-2023-28,2023,comp7d3e3488,NA - 12,kg,0.272004,,ON-MAIN-8825d90d,,,https://www.canada.ca/en/environment-climate-change/services/national-pollutant-release-inventory/tools-resources-data/exploredata.html
npri-33049-2023-29,2023,comp7d3e3488,NA - 37,kg,0.022304,,ON-MAIN-8825d90d,,,https://www.canada.ca/en/environment-climate-change/services/national-pollutant-release-inventory/tools-resources-data/exploredata.html
npri-33049-2023-30,2023,comp7d3e3488,NA - M08,tonnes,136.932537,,ON-MAIN-8825d90d,,,https://www.canada.ca/en/environment-climate-change/services/national-pollutant-release-inventory/tools-resources-data/exploredata.html
npri-33049-2023-31,2023,comp7d3e3488,NA - 40,tonnes,0.001986,,ON-MAIN-8825d90d,,,https://www.canada.ca/en/environment-climate-change/services/national-pollutant-release-inventory/tools-resources-data/exploredata.html
npri-5460-2023-13,2023,comp7d3e3488,630-08-0,tonnes,227.921,,NL-MAIN-b64bae7a,,,https://www.canada.ca/en/environment-climate-change/services/national-pollutant-release-inventory/tools-resources-data/exploredata.html
npri-5460-2023-14,2023,comp7d3e3488,11104-93-1,tonnes,53.598,,NL-MAIN-b64bae7a,,,https://www.canada.ca/en/environment-climate-change/services/national-pollutant-release-inventory/tools-resources-data/exploredata.html
npri-5460-2023-15,2023,comp7d3e3488,NA - M09,tonnes,26.191,,NL-MAIN-b64bae7a,,,https://www.canada.ca/en/environment-climate-change/services/national-pollutant-release-inventory/tools-resources-data/exploredata.html
npri-5460-2023-16,2023,comp7d3e3488,NA - M10,tonnes,9.142,,NL-MAIN-b64bae7a,,,https://www.canada.ca/en/environment-climate-change/services/national-pollutant-release-inventory/tools-resources-data/exploredata.html
npri-5460-2023-17,2023,comp7d3e3488,7446-09-5,tonnes,6.7,,NL-MAIN-b64bae7a,,,https://www.canada.ca/en/environment-climate-change/services/national-pollutant-release-inventory/tools-resources-data/exploredata.html
npri-5460-2023-18,2023,comp7d3e3488,NA - M08,tonnes,52.996,,NL-MAIN-b64bae7a,,,https://www.canada.ca/en/environment-climate-change/services/national-pollutant-release-inventory/tools-resources-data/exploredata.html
npri-3356-2023-11,2023,comp7d3e3488,630-08-0,tonnes,697.767,,BC-MAIN-bf503b6b,,,https://www.canada.ca/en/environment-climate-change/services/national-pollutant-release-inventory/tools-resources-data/exploredata.html
npri-3356-2023-12,2023,comp7d3e3488,11104-93-1,tonnes,164.18,,BC-MAIN-bf503b6b,,,https://www.canada.ca/en/environment-climate-change/services/national-pollutant-release-inventory/tools-resources-data/exploredata.html
npri-3356-2023-13,2023,comp7d3e3488,NA - M09,tonnes,2903.201,,BC-MAIN-bf503b6b,,,https://www.canada.ca/en/environment-climate-change/services/national-pollutant-release-inventory/tools-resources-data/exploredata.html
npri-3356-2023-14,2023,comp7d3e3488,NA - M10,tonnes,1323.423,,BC-MAIN-bf503b6b,,,https://www.canada.ca/en/environment-climate-change/services/national-pollutant-release-inventory/tools-resources-data/exploredata.html
npri-3356-2023-15,2023,comp7d3e3488,NA - M08,tonnes,5660.244,,BC-MAIN-bf503b6b,,,https://www.canada.ca/en/environment-climate-change/services/national-pollutant-release-inventory/tools-resources-data/exploredata.html
npri-3356-2023-16,2023,comp7d3e3488,NA - M16,tonnes,39.775,,BC-MAIN-bf503b6b,,,https://www.canada.ca/en/environment-climate-change/services/national-pollutant-release-inventory/tools-resources-data/exploredata.html
npri-1465-2023-16,2023,comp7d3e3488,NA - 02,kg,8.303,,ON-MAIN-de2f9639,,,https://www.canada.ca/en/environment-climate-change/services/national-pollutant-release-inventory/tools-resources-data/exploredata.html
npri-10202-2023-13,2023,comp7d3e3488,NA - 02,kg,1.23,,ON-MAIN-48fe2205,,,https://www.canada.ca/en/environment-climate-change/services/national-pollutant-release-inventory/tools-resources-data/exploredata.html
npri-11878-2023-13,2023,comp7d3e3488,NA - 02,kg,0.01,,ON-MAIN-28f3f0fc,,,https://www.canada.ca/en/environment-climate-change/services/national-pollutant-release-inventory/tools-resources-data/exploredata.html
npri-1465-2023-17,2023,comp7d3e3488,NA - 03,kg,1.65,,ON-MAIN-de2f9639,,,https://www.canada.ca/en/environment-climate-change/services/national-pollutant-release-inventory/tools-resources-data/exploredata.html
npri-10201-2023-13,2023,comp7d3e3488,NA - 03,kg,0.05,,ON-MAIN-52224e1e,,,https://www.canada.ca/en/environment-climate-change/services/national-pollutant-release-inventory/tools-resources-data/exploredata.html
npri-10202-2023-14,2023,comp7d3e3488,NA - 03,kg,0.19,,ON-MAIN-48fe2205,,,https://www.canada.ca/en/environment-climate-change/services/national-pollutant-release-inventory/tools-resources-data/exploredata.html
npri-11878-2023-14,2023,comp7d3e3488,NA - 03,kg,0.04,,ON-MAIN-28f3f0fc,,,https://www.canada.ca/en/environment-climate-change/services/national-pollutant-release-inventory/tools-resources-data/exploredata.html
npri-1465-2023-18,2023,comp7d3e3488,75-15-0,tonnes,28.218,,ON-MAIN-de2f9639,,,https://www.canada.ca/en/environment-climate-change/services/national-pollutant-release-inventory/tools-resources-data/exploredata.html
npri-10199-2023-10,2023,comp7d3e3488,630-08-0,tonnes,2.04,,ON-MAIN-6e9b2449,,,https://www.canada.ca/en/environment-climate-change/services/national-pollutant-release-inventory/tools-resources-data/exploredata.html
npri-10201-2023-14,2023,comp7d3e3488,630-08-0,tonnes,3.56,,ON-MAIN-52224e1e,,,https://www.canada.ca/en/environment-climate-change/services/national-pollutant-release-inventory/tools-resources-data/exploredata.html
npri-10202-2023-15,2023,comp7d3e3488,630-08-0,tonnes,2.27,,ON-MAIN-48fe2205,,,https://www.canada.ca/en/environment-climate-change/services/national-pollutant-release-inventory/tools-resources-data/exploredata.html
npri-11878-2023-15,2023,comp7d3e3488,630-08-0,tonnes,0.64,,ON-MAIN-28f3f0fc,,,https://www.canada.ca/en/environment-climate-change/services/national-pollutant-release-inventory/tools-resources-data/exploredata.html
npri-1465-2023-19,2023,comp7d3e3488,NA - 04,tonnes,0.006,,ON-MAIN-de2f9639,,,https://www.canada.ca/en/environment-climate-change/services/national-pollutant-release-inventory/tools-resources-data/exploredata.html
npri-1465-2023-20,2023,comp7d3e3488,NA - 05,kg,3.891,,ON-MAIN-de2f9639,,,https://www.canada.ca/en/environment-climate-change/services/national-pollutant-release-inventory/tools-resources-data/exploredata.html
npri-10201-2023-15,2023,comp7d3e3488,NA - 05,kg,0.22,,ON-MAIN-52224e1e,,,https://www.canada.ca/en/environment-climate-change/services/national-pollutant-release-inventory/tools-resources-data/exploredata.html
npri-10202-2023-16,2023,comp7d3e3488,NA - 05,kg,13.12,,ON-MAIN-48fe2205,,,https://www.canada.ca/en/environment-climate-change/services/national-pollutant-release-inventory/tools-resources-data/exploredata.html
npri-11878-2023-16,2023,comp7d3e3488,NA - 05,kg,0.005,,ON-MAIN-28f3f0fc,,,https://www.canada.ca/en/environment-climate-change/services/national-pollutant-release-inventory/tools-resources-data/exploredata.html
npri-1465-2023-21,2023,comp7d3e3488,NA - 06,tonnes,0.488,,ON-MAIN-de2f9639,,,https://www.canada.ca/en/environment-climate-change/services/national-pollutant-release-inventory/tools-resources-data/exploredata.html
npri-10199-2023-11,2023,comp7d3e3488,NA - 06,tonnes,0.03,,ON-MAIN-6e9b2449,,,https://www.canada.ca/en/environment-climate-change/services/national-pollutant-release-inventory/tools-resources-data/exploredata.html
npri-10201-2023-16,2023,comp7d3e3488,NA - 06,tonnes,0.01,,ON-MAIN-52224e1e,,,https://www.canada.ca/en/environment-climate-change/services/national-pollutant-release-inventory/tools-resources-data/exploredata.html
npri-10202-2023-17,2023,comp7d3e3488,NA - 06,tonnes,0.59,,ON-MAIN-48fe2205,,,https://www.canada.ca/en/environment-climate-change/services/national-pollutant-release-inventory/tools-resources-data/exploredata.html
npri-1465-2023-22,2023,comp7d3e3488,NA - 08,kg,34.825,,ON-MAIN-de2f9639,,,https://www.canada.ca/en/environment-climate-change/services/national-pollutant-release-inventory/tools-resources-data/exploredata.html
npri-10201-2023-17,2023,comp7d3e3488,NA - 08,kg,0.07,,ON-MAIN-52224e1e,,,https://www.canada.ca/en/environment-climate-change/services/national-pollutant-release-inventory/tools-resources-data/exploredata.html
npri-10202-2023-18,2023,comp7d3e3488,NA - 08,kg,3.34,,ON-MAIN-48fe2205,,,https://www.canada.ca/en/environment-climate-change/services/national-pollutant-release-inventory/tools-resources-data/exploredata.html
npri-11878-2023-17,2023,comp7d3e3488,NA - 08,kg,0.017,,ON-MAIN-28f3f0fc,,,https://www.canada.ca/en/environment-climate-change/services/national-pollutant-release-inventory/tools-resources-data/exploredata.html
npri-1465-2023-23,2023,comp7d3e3488,NA - 09,tonnes,0.0002,,ON-MAIN-de2f9639,,,https://www.canada.ca/en/environment-climate-change/services/national-pollutant-release-inventory/tools-resources-data/exploredata.html
npri-1465-2023-24,2023,comp7d3e3488,NA - 10,kg,0.038,,ON-MAIN-de2f9639,,,https://www.canada.ca/en/environment-climate-change/services/national-pollutant-release-inventory/tools-resources-data/exploredata.html
npri-11878-2023-18,2023,comp7d3e3488,NA - 10,kg,0.009,,ON-MAIN-28f3f0fc,,,https://www.canada.ca/en/environment-climate-change/services/national-pollutant-release-inventory/tools-resources-data/exploredata.html
npri-1465-2023-25,2023,comp7d3e3488,NA - 11,tonnes,0.21,,ON-MAIN-de2f9639,,,https://www.canada.ca/en/environment-climate-change/services/national-pollutant-release-inventory/tools-resources-data/exploredata.html
npri-10199-2023-12,2023,comp7d3e3488,NA - 11,tonnes,0.08,,ON-MAIN-6e9b2449,,,https://www.canada.ca/en/environment-climate-change/services/national-pollutant-release-inventory/tools-resources-data/exploredata.html
npri-10201-2023-18,2023,comp7d3e3488,NA - 11,tonnes,0.012,,ON-MAIN-52224e1e,,,https://www.canada.ca/en/environment-climate-change/services/national-pollutant-release-inventory/tools-resources-data/exploredata.html
npri-10202-2023-19,2023,comp7d3e3488,NA - 11,tonnes,0.41,,ON-MAIN-48fe2205,,,https://www.canada.ca/en/environment-climate-change/services/national-pollutant-release-inventory/tools-resources-data/exploredata.html
npri-11878-2023-19,2023,comp7d3e3488,NA - 11,tonnes,8e-05,,ON-MAIN-28f3f0fc,,,https://www.canada.ca/en/environment-climate-change/services/national-pollutant-release-inventory/tools-resources-data/exploredata.html
npri-1465-2023-26,2023,comp7d3e3488,11104-93-1,tonnes,14.613,,ON-MAIN-de2f9639,,,https://www.canada.ca/en/environment-climate-change/services/national-pollutant-release-inventory/tools-resources-data/exploredata.html
npri-10199-2023-13,2023,comp7d3e3488,11104-93-1,tonnes,8.51,,ON-MAIN-6e9b2449,,,https://www.canada.ca/en/environment-climate-change/services/national-pollutant-release-inventory/tools-resources-data/exploredata.html
npri-10201-2023-19,2023,comp7d3e3488,11104-93-1,tonnes,13.56,,ON-MAIN-52224e1e,,,https://www.canada.ca/en/environment-climate-change/services/national-pollutant-release-inventory/tools-resources-data/exploredata.html
npri-10202-2023-20,2023,comp7d3e3488,11104-93-1,tonnes,7.57,,ON-MAIN-48fe2205,,,https://www.canada.ca/en/environment-climate-change/services/national-pollutant-release-inventory/tools-resources-data/exploredata.html
npri-11878-2023-20,2023,comp7d3e3488,11104-93-1,tonnes,2.15,,ON-MAIN-28f3f0fc,,,https://www.canada.ca/en/environment-climate-change/services/national-pollutant-release-inventory/tools-resources-data/exploredata.html
npri-1465-2023-27,2023,comp7d3e3488,NA - M09,tonnes,5.173,,ON-MAIN-de2f9639,,,https://www.canada.ca/en/environment-climate-change/services/national-pollutant-release-inventory/tools-resources-data/exploredata.html
npri-10199-2023-14,2023,comp7d3e3488,NA - M09,tonnes,5.87,,ON-MAIN-6e9b2449,,,https://www.canada.ca/en/environment-climate-change/services/national-pollutant-release-inventory/tools-resources-data/exploredata.html
npri-10201-2023-20,2023,comp7d3e3488,NA - M09,tonnes,0.46,,ON-MAIN-52224e1e,,,https://www.canada.ca/en/environment-climate-change/services/national-pollutant-release-inventory/tools-resources-data/exploredata.html
npri-10202-2023-21,2023,comp7d3e3488,NA - M09,tonnes,1.13,,ON-MAIN-48fe2205,,,https://www.canada.ca/en/environment-climate-change/services/national-pollutant-release-inventory/tools-resources-data/exploredata.html
npri-11878-2023-21,2023,comp7d3e3488,NA - M09,tonnes,0.16,,ON-MAIN-28f3f0fc,,,https://www.canada.ca/en/environment-climate-change/services/national-pollutant-release-inventory/tools-resources-data/exploredata.html
npri-1465-2023-28,2023,comp7d3e3488,NA - M10,tonnes,2.66,,ON-MAIN-de2f9639,,,https://www.canada.ca/en/environment-climate-change/services/national-pollutant-release-inventory/tools-resources-data/exploredata.html
npri-10199-2023-15,2023,comp7d3e3488,NA - M10,tonnes,0.23,,ON-MAIN-6e9b2449,,,https://www.canada.ca/en/environment-climate-change/services/national-pollutant-release-inventory/tools-resources-data/exploredata.html
npri-10201-2023-21,2023,comp7d3e3488,NA - M10,tonnes,0.18,,ON-MAIN-52224e1e,,,https://www.canada.ca/en/environment-climate-change/services/national-pollutant-release-inventory/tools-resources-data/exploredata.html
npri-10202-2023-22,2023,comp7d3e3488,NA - M10,tonnes,0.38,,ON-MAIN-48fe2205,,,https://www.canada.ca/en/environment-climate-change/services/national-pollutant-release-inventory/tools-resources-data/exploredata.html
npri-11878-2023-22,2023,comp7d3e3488,NA - M10,tonnes,0.06,,ON-MAIN-28f3f0fc,,,https://www.canada.ca/en/environment-climate-change/services/national-pollutant-release-inventory/tools-resources-data/exploredata.html
npri-1465-2023-29,2023,comp7d3e3488,NA - 12,kg,33.995,,ON-MAIN-de2f9639,,,https://www.canada.ca/en/environment-climate-change/services/national-pollutant-release-inventory/tools-resources-data/exploredata.html
npri-10199-2023-16,2023,comp7d3e3488,NA - 12,kg,0.37,,ON-MAIN-6e9b2449,,,https://www.canada.ca/en/environment-climate-change/services/national-pollutant-release-inventory/tools-resources-data/exploredata.html
npri-10201-2023-22,2023,comp7d3e3488,NA - 12,kg,0.01,,ON-MAIN-52224e1e,,,https://www.canada.ca/en/environment-climate-change/services/national-pollutant-release-inventory/tools-resources-data/exploredata.html
npri-10202-2023-23,2023,comp7d3e3488,NA - 12,kg,0.76,,ON-MAIN-48fe2205,,,https://www.canada.ca/en/environment-climate-change/services/national-pollutant-release-inventory/tools-resources-data/exploredata.html
npri-11878-2023-23,2023,comp7d3e3488,NA - 12,kg,0.0008,,ON-MAIN-28f3f0fc,,,https://www.canada.ca/en/environment-climate-change/services/national-pollutant-release-inventory/tools-resources-data/exploredata.html
npri-10199-2023-17,2023,comp7d3e3488,7446-09-5,tonnes,0.45,,ON-MAIN-6e9b2449,,,https://www.canada.ca/en/environment-climate-change/services/national-pollutant-release-inventory/tools-resources-data/exploredata.html
npri-10201-2023-23,2023,comp7d3e3488,7446-09-5,tonnes,0.42,,ON-MAIN-52224e1e,,,https://www.canada.ca/en/environment-climate-change/services/national-pollutant-release-inventory/tools-resources-data/exploredata.html
npri-1465-2023-30,2023,comp7d3e3488,7664-93-9,tonnes,0.872,,ON-MAIN-de2f9639,,,https://www.canada.ca/en/environment-climate-change/services/national-pollutant-release-inventory/tools-resources-data/exploredata.html
npri-1465-2023-31,2023,comp7d3e3488,NA - 37,kg,6.986,,ON-MAIN-de2f9639,,,https://www.canada.ca/en/environment-climate-change/services/national-pollutant-release-inventory/tools-resources-data/exploredata.html
npri-1465-2023-32,2023,comp7d3e3488,NA - M08,tonnes,10.049,,ON-MAIN-de2f9639,,,https://www.canada.ca/en/environment-climate-change/services/national-pollutant-release-inventory/tools-resources-data/exploredata.html
npri-10199-2023-18,2023,comp7d3e3488,NA - M08,tonnes,17.25,,ON-MAIN-6e9b2449,,,https://www.canada.ca/en/environment-climate-change/services/national-pollutant-release-inventory/tools-resources-data/exploredata.html
npri-10201-2023-24,2023,comp7d3e3488,NA - M08,tonnes,0.92,,ON-MAIN-52224e1e,,,https://www.canada.ca/en/environment-climate-change/services/national-pollutant-release-inventory/tools-resources-data/exploredata.html
npri-10202-2023-24,2023,comp7d3e3488,NA - M08,tonnes,31.61,,ON-MAIN-48fe2205,,,https://www.canada.ca/en/environment-climate-change/services/national-pollutant-release-inventory/tools-resources-data/exploredata.html
npri-11878-2023-24,2023,comp7d3e3488,NA - M08,tonnes,0.36,,ON-MAIN-28f3f0fc,,,https://www.canada.ca/en/environment-climate-change/services/national-pollutant-release-inventory/tools-resources-data/exploredata.html
npri-1465-2023-33,2023,comp7d3e3488,NA - M16,tonnes,29.02,,ON-MAIN-de2f9639,,,https://www.canada.ca/en/environment-climate-change/services/national-pollutant-release-inventory/tools-resources-data/exploredata.html
npri-1465-2023-34,2023,comp7d3e3488,NA - 14,tonnes,0.006,,ON-MAIN-de2f9639,,,https://www.canada.ca/en/environment-climate-change/services/national-pollutant-release-inventory/tools-resources-data/exploredata.html
npri-10010-2023-8,2023,comp7d3e3488,NA - 02,kg,0.005382,,ON-MAIN-cb85213a,,,https://www.canada.ca/en/environment-climate-change/services/national-pollutant-release-inventory/tools-resources-data/exploredata.html
npri-11123-2023-6,2023,comp7d3e3488,NA - 02,kg,0.004928,,ON-MAIN-cb85213a,,,https://www.canada.ca/en/environment-climate-change/services/national-pollutant-release-inventory/tools-resources-data/exploredata.html
npri-10010-2023-9,2023,comp7d3e3488,NA - 03,kg,0.000223,,ON-MAIN-cb85213a,,,https://www.canada.ca/en/environment-climate-change/services/national-pollutant-release-inventory/tools-resources-data/exploredata.html
npri-11123-2023-7,2023,comp7d3e3488,NA - 03,kg,0.000464,,ON-MAIN-cb85213a,,,https://www.canada.ca/en/environment-climate-change/services/national-pollutant-release-inventory/tools-resources-data/exploredata.html
npri-10010-2023-10,2023,comp7d3e3488,NA - 04,tonnes,0.000318,,ON-MAIN-cb85213a,,,https://www.canada.ca/en/environment-climate-change/services/national-pollutant-release-inventory/tools-resources-data/exploredata.html
npri-11123-2023-8,2023,comp7d3e3488,NA - 04,tonnes,0.000667,,ON-MAIN-cb85213a,,,https://www.canada.ca/en/environment-climate-change/services/national-pollutant-release-inventory/tools-resources-data/exploredata.html
npri-10010-2023-11,2023,comp7d3e3488,NA - 05,kg,0.026576,,ON-MAIN-cb85213a,,,https://www.canada.ca/en/environment-climate-change/services/national-pollutant-release-inventory/tools-resources-data/exploredata.html
npri-11123-2023-9,2023,comp7d3e3488,NA - 05,kg,0.055078,,ON-MAIN-cb85213a,,,https://www.canada.ca/en/environment-climate-change/services/national-pollutant-release-inventory/tools-resources-data/exploredata.html
npri-10010-2023-12,2023,comp7d3e3488,NA - 06,tonnes,6.8e-05,,ON-MAIN-cb85213a,,,https://www.canada.ca/en/environment-climate-change/services/national-pollutant-release-inventory/tools-resources-data/exploredata.html
npri-11123-2023-10,2023,comp7d3e3488,NA - 06,tonnes,0.142043,,ON-MAIN-cb85213a,,,https://www.canada.ca/en/environment-climate-change/services/national-pollutant-release-inventory/tools-resources-data/exploredata.html
npri-10010-2023-13,2023,comp7d3e3488,NA - 08,kg,0.016819,,ON-MAIN-cb85213a,,,https://www.canada.ca/en/environment-climate-change/services/national-pollutant-release-inventory/tools-resources-data/exploredata.html
npri-11123-2023-11,2023,comp7d3e3488,NA - 08,kg,0.034786,,ON-MAIN-cb85213a,,,https://www.canada.ca/en/environment-climate-change/services/national-pollutant-release-inventory/tools-resources-data/exploredata.html
npri-10010-2023-14,2023,comp7d3e3488,NA - 09,tonnes,0.00076,,ON-MAIN-cb85213a,,,https://www.canada.ca/en/environment-climate-change/services/national-pollutant-release-inventory/tools-resources-data/exploredata.html
npri-11123-2023-12,2023,comp7d3e3488,NA - 09,tonnes,0.001565,,ON-MAIN-cb85213a,,,https://www.canada.ca/en/environment-climate-change/services/national-pollutant-release-inventory/tools-resources-data/exploredata.html
npri-10010-2023-15,2023,comp7d3e3488,NA - 11,tonnes,0.000101,,ON-MAIN-cb85213a,,,https://www.canada.ca/en/environment-climate-change/services/national-pollutant-release-inventory/tools-resources-data/exploredata.html
npri-11123-2023-13,2023,comp7d3e3488,NA - 11,tonnes,0.000212,,ON-MAIN-cb85213a,,,https://www.canada.ca/en/environment-climate-change/services/national-pollutant-release-inventory/tools-resources-data/exploredata.html
npri-10010-2023-16,2023,comp7d3e3488,NA - 22,tonnes,0.000634,,ON-MAIN-cb85213a,,,https://www.canada.ca/en/environment-climate-change/services/national-pollutant-release-inventory/tools-resources-data/exploredata.html
npri-11123-2023-14,2023,comp7d3e3488,NA - 22,tonnes,0.001304,,ON-MAIN-cb85213a,,,https://www.canada.ca/en/environment-climate-change/services/national-pollutant-release-inventory/tools-resources-data/exploredata.html
npri-10010-2023-17,2023,comp7d3e3488,NA - M09,tonnes,0.597862,,ON-MAIN-cb85213a,,,https://www.canada.ca/en/environment-climate-change/services/national-pollutant-release-inventory/tools-resources-data/exploredata.html
npri-11123-2023-15,2023,comp7d3e3488,NA - M09,tonnes,1.142314,,ON-MAIN-cb85213a,,,https://www.canada.ca/en/environment-climate-change/services/national-pollutant-release-inventory/tools-resources-data/exploredata.html
npri-10010-2023-18,2023,comp7d3e3488,NA - M10,tonnes,0.057719,,ON-MAIN-cb85213a,,,https://www.canada.ca/en/environment-climate-change/services/national-pollutant-release-inventory/tools-resources-data/exploredata.html
npri-11123-2023-16,2023,comp7d3e3488,NA - M10,tonnes,0.193732,,ON-MAIN-cb85213a,,,https://www.canada.ca/en/environment-climate-change/services/national-pollutant-release-inventory/tools-resources-data/exploredata.html
npri-11123-2023-17,2023,comp7d3e3488,NA - 12,kg,0.001015,,ON-MAIN-cb85213a,,,https://www.canada.ca/en/environment-climate-change/services/national-pollutant-release-inventory/tools-resources-data/exploredata.html
npri-11123-2023-18,2023,comp7d3e3488,NA - M08,tonnes,2.900959,,ON-MAIN-cb85213a,,,https://www.canada.ca/en/environment-climate-change/services/national-pollutant-release-inventory/tools-resources-data/exploredata.html
npri-10010-2023-19,2023,comp7d3e3488,NA - 40,tonnes,0.000132,,ON-MAIN-cb85213a,,,https://www.canada.ca/en/environment-climate-change/services/national-pollutant-release-inventory/tools-resources-data/exploredata.html
npri-11123-2023-19,2023,comp7d3e3488,NA - 40,tonnes,0.000272,,ON-MAIN-cb85213a,,,https://www.canada.ca/en/environment-climate-change/services/national-pollutant-release-inventory/tools-resources-data/exploredata.html
npri-10010-2023-20,2023,comp7d3e3488,NA - 14,tonnes,8.4e-05,,ON-MAIN-cb85213a,,,https://www.canada.ca/en/environment-climate-change/services/national-pollutant-release-inventory/tools-resources-data/exploredata.html
npri-11123-2023-20,2023,comp7d3e3488,NA - 14,tonnes,0.000174,,ON-MAIN-cb85213a,,,https://www.canada.ca/en/environment-climate-change/services/national-pollutant-release-inventory/tools-resources-data/exploredata.html
npri-25188-2023-30,2023,compb30db82f,630-08-0,tonnes,24.26,,QC-MAIN-e7e6a960,,,https://www.canada.ca/en/environment-climate-change/services/national-pollutant-release-inventory/tools-resources-data/exploredata.html
npri-25188-2023-31,2023,compb30db82f,11104-93-1,tonnes,112.49,,QC-MAIN-e7e6a960,,,https://www.canada.ca/en/environment-climate-change/services/national-pollutant-release-inventory/tools-resources-data/exploredata.html
npri-25188-2023-32,2023,compb30db82f,NA - M09,tonnes,7.98,,QC-MAIN-e7e6a960,,,https://www.canada.ca/en/environment-climate-change/services/national-pollutant-release-inventory/tools-resources-data/exploredata.html
npri-25188-2023-33,2023,compb30db82f,NA - M10,tonnes,7.97,,QC-MAIN-e7e6a960,,,https://www.canada.ca/en/environment-climate-change/services/national-pollutant-release-inventory/tools-resources-data/exploredata.html
npri-25188-2023-34,2023,compb30db82f,NA - M08,tonnes,7.99,,QC-MAIN-e7e6a960,,,https://www.canada.ca/en/environment-climate-change/services/national-pollutant-release-inventory/tools-resources-data/exploredata.html
npri-25188-2023-35,2023,compb30db82f,NA - M16,tonnes,8.95,,QC-MAIN-e7e6a960,,,https://www.canada.ca/en/environment-climate-change/services/national-pollutant-release-inventory/tools-resources-data/exploredata.html
npri-24216-2023-39,2023,compb30db82f,NA - 04,tonnes,0.000269,,NU-MAIN-730aefe3,,,https://www.canada.ca/en/environment-climate-change/services/national-pollutant-release-inventory/tools-resources-data/exploredata.html
npri-24216-2023-40,2023,compb30db82f,NA - 05,kg,2e-06,,NU-MAIN-730aefe3,,,https://www.canada.ca/en/environment-climate-change/services/national-pollutant-release-inventory/tools-resources-data/exploredata.html
npri-24216-2023-41,2023,compb30db82f,NA - 06,tonnes,0.000156,,NU-MAIN-730aefe3,,,https://www.canada.ca/en/environment-climate-change/services/national-pollutant-release-inventory/tools-resources-data/exploredata.html
npri-24216-2023-42,2023,compb30db82f,NA - 08,kg,8e-06,,NU-MAIN-730aefe3,,,https://www.canada.ca/en/environment-climate-change/services/national-pollutant-release-inventory/tools-resources-data/exploredata.html
npri-24216-2023-43,2023,compb30db82f,NA - 09,tonnes,0.00477,,NU-MAIN-730aefe3,,,https://www.canada.ca/en/environment-climate-change/services/national-pollutant-release-inventory/tools-resources-data/exploredata.html
npri-24216-2023-44,2023,compb30db82f,NA - 11,tonnes,0.000317,,NU-MAIN-730aefe3,,,https://www.canada.ca/en/environment-climate-change/services/national-pollutant-release-inventory/tools-resources-data/exploredata.html
npri-24216-2023-45,2023,compb30db82f,NA - M09,tonnes,0.082589,,NU-MAIN-730aefe3,,,https://www.canada.ca/en/environment-climate-change/services/national-pollutant-release-inventory/tools-resources-data/exploredata.html
npri-24216-2023-46,2023,compb30db82f,NA - M10,tonnes,0.061942,,NU-MAIN-730aefe3,,,https://www.canada.ca/en/environment-climate-change/services/national-pollutant-release-inventory/tools-resources-data/exploredata.html
npri-24216-2023-47,2023,compb30db82f,NA - M08,tonnes,0.082589,,NU-MAIN-730aefe3,,,https://www.canada.ca/en/environment-climate-change/services/national-pollutant-release-inventory/tools-resources-data/exploredata.html
npri-24216-2023-48,2023,compb30db82f,NA - 14,tonnes,0.006086,,NU-MAIN-730aefe3,,,https://www.canada.ca/en/environment-climate-change/services/national-pollutant-release-inventory/tools-resources-data/exploredata.html
npri-1148-2023-24,2023,compb30db82f,NA - M16,tonnes,1.042,,SK-MAIN-bb89158f,,,https://www.canada.ca/en/environment-climate-change/services/national-pollutant-release-inventory/tools-resources-data/exploredata.html
npri-29191-2023-21,2023,compb30db82f,NA - M09,tonnes,2.022,,BC-MAIN-ed23117f,,,https://www.canada.ca/en/environment-climate-change/services/national-pollutant-release-inventory/tools-resources-data/exploredata.html
npri-29191-2023-22,2023,compb30db82f,NA - M10,tonnes,2.022,,BC-MAIN-ed23117f,,,https://www.canada.ca/en/environment-climate-change/services/national-pollutant-release-inventory/tools-resources-data/exploredata.html
npri-29191-2023-23,2023,compb30db82f,NA - M08,tonnes,2.022,,BC-MAIN-ed23117f,,,https://www.canada.ca/en/environment-climate-change/services/national-pollutant-release-inventory/tools-resources-data/exploredata.html
npri-1303-2023-27,2023,compb30db82f,630-08-0,tonnes,1074.357024,,BC-MAIN-6b4800fe,,,https://www.canada.ca/en/environment-climate-change/services/national-pollutant-release-inventory/tools-resources-data/exploredata.html
npri-1303-2023-28,2023,compb30db82f,11104-93-1,tonnes,252.789888,,BC-MAIN-6b4800fe,,,https://www.canada.ca/en/environment-climate-change/services/national-pollutant-release-inventory/tools-resources-data/exploredata.html
npri-1303-2023-29,2023,compb30db82f,NA - M09,tonnes,117.764132,,BC-MAIN-6b4800fe,,,https://www.canada.ca/en/environment-climate-change/services/national-pollutant-release-inventory/tools-resources-data/exploredata.html
npri-1303-2023-30,2023,compb30db82f,NA - M10,tonnes,16.308575,,BC-MAIN-6b4800fe,,,https://www.canada.ca/en/environment-climate-change/services/national-pollutant-release-inventory/tools-resources-data/exploredata.html
npri-1303-2023-31,2023,compb30db82f,7446-09-5,tonnes,31.598736,,BC-MAIN-6b4800fe,,,https://www.canada.ca/en/environment-climate-change/services/national-pollutant-release-inventory/tools-resources-data/exploredata.html
npri-1303-2023-32,2023,compb30db82f,NA - M08,tonnes,226.269047,,BC-MAIN-6b4800fe,,,https://www.canada.ca/en/environment-climate-change/services/national-pollutant-release-inventory/tools-resources-data/exploredata.html
npri-5102-2023-12,2023,compb30db82f,630-08-0,tonnes,274.25,,BC-MAIN-3f490561,,,https://www.canada.ca/en/environment-climate-change/services/national-pollutant-release-inventory/tools-resources-data/exploredata.html
npri-5102-2023-13,2023,compb30db82f,NA - 10,kg,0.079,,BC-MAIN-3f490561,,,https://www.canada.ca/en/environment-climate-change/services/national-pollutant-release-inventory/tools-resources-data/exploredata.html
npri-5102-2023-14,2023,compb30db82f,11104-93-1,tonnes,1251.09,,BC-MAIN-3f490561,,,https://www.canada.ca/en/environment-climate-change/services/national-pollutant-release-inventory/tools-resources-data/exploredata.html
npri-5102-2023-15,2023,compb30db82f,NA - M09,tonnes,87.79,,BC-MAIN-3f490561,,,https://www.canada.ca/en/environment-climate-change/services/national-pollutant-release-inventory/tools-resources-data/exploredata.html
npri-5102-2023-16,2023,compb30db82f,NA - M10,tonnes,87.8,,BC-MAIN-3f490561,,,https://www.canada.ca/en/environment-climate-change/services/national-pollutant-release-inventory/tools-resources-data/exploredata.html
npri-5102-2023-17,2023,compb30db82f,7446-09-5,tonnes,82.05,,BC-MAIN-3f490561,,,https://www.canada.ca/en/environment-climate-change/services/national-pollutant-release-inventory/tools-resources-data/exploredata.html
npri-5102-2023-18,2023,compb30db82f,NA - M08,tonnes,87.81,,BC-MAIN-3f490561,,,https://www.canada.ca/en/environment-climate-change/services/national-pollutant-release-inventory/tools-resources-data/exploredata.html
npri-5102-2023-19,2023,compb30db82f,NA - M16,tonnes,101.14,,BC-MAIN-3f490561,,,https://www.canada.ca/en/environment-climate-change/services/national-pollutant-release-inventory/tools-resources-data/exploredata.html
npri-29548-2023-15,2023,compb30db82f,630-08-0,tonnes,243.284,,ON-MAIN-0aadf28f,,,https://www.canada.ca/en/environment-climate-change/services/national-pollutant-release-inventory/tools-resources-data/exploredata.html
npri-29548-2023-16,2023,compb30db82f,NA - M09,tonnes,12.102,,ON-MAIN-0aadf28f,,,https://www.canada.ca/en/environment-climate-change/services/national-pollutant-release-inventory/tools-resources-data/exploredata.html
npri-29548-2023-17,2023,compb30db82f,NA - M10,tonnes,12.102,,ON-MAIN-0aadf28f,,,https://www.canada.ca/en/environment-climate-change/services/national-pollutant-release-inventory/tools-resources-data/exploredata.html
npri-29548-2023-18,2023,compb30db82f,7446-09-5,tonnes,14.966,,ON-MAIN-0aadf28f,,,https://www.canada.ca/en/environment-climate-change/services/national-pollutant-release-inventory/tools-resources-data/exploredata.html
npri-29548-2023-19,2023,compb30db82f,NA - M08,tonnes,23.032,,ON-MAIN-0aadf28f,,,https://www.canada.ca/en/environment-climate-change/services/national-pollutant-release-inventory/tools-resources-data/exploredata.html
npri-23273-2023-2,2023,compb30db82f,NA - 02,kg,0.97,,SK-MAIN-29afbdb5,,,https://www.canada.ca/en/environment-climate-change/services/national-pollutant-release-inventory/tools-resources-data/exploredata.html
npri-23273-2023-3,2023,compb30db82f,NA - 03,kg,0.08,,SK-MAIN-29afbdb5,,,https://www.canada.ca/en/environment-climate-change/services/national-pollutant-release-inventory/tools-resources-data/exploredata.html
npri-23273-2023-4,2023,compb30db82f,NA - 08,kg,0.05,,SK-MAIN-29afbdb5,,,https://www.canada.ca/en/environment-climate-change/services/national-pollutant-release-inventory/tools-resources-data/exploredata.html
npri-23273-2023-5,2023,compb30db82f,11104-93-1,tonnes,13.88,,SK-MAIN-29afbdb5,,,https://www.canada.ca/en/environment-climate-change/services/national-pollutant-release-inventory/tools-resources-data/exploredata.html
npri-23273-2023-6,2023,compb30db82f,NA - M09,tonnes,4.644,,SK-MAIN-29afbdb5,,,https://www.canada.ca/en/environment-climate-change/services/national-pollutant-release-inventory/tools-resources-data/exploredata.html
npri-23273-2023-7,2023,compb30db82f,NA - M10,tonnes,1.836,,SK-MAIN-29afbdb5,,,https://www.canada.ca/en/environment-climate-change/services/national-pollutant-release-inventory/tools-resources-data/exploredata.html
npri-23273-2023-8,2023,compb30db82f,NA - M08,tonnes,10.196,,SK-MAIN-29afbdb5,,,https://www.canada.ca/en/environment-climate-change/services/national-pollutant-release-inventory/tools-resources-data/exploredata.html
npri-1568-2023-54,2023,comp567d1198,NA - 16,tonnes,20.754,,ON-MAIN-1f126a43,,,https://www.canada.ca/en/environment-climate-change/services/national-pollutant-release-inventory/tools-resources-data/exploredata.html
npri-1568-2023-55,2023,comp567d1198,NA - 02,kg,9.608,,ON-MAIN-1f126a43,,,https://www.canada.ca/en/environment-climate-change/services/national-pollutant-release-inventory/tools-resources-data/exploredata.html
npri-1568-2023-56,2023,comp567d1198,NA - 03,kg,0.934,,ON-MAIN-1f126a43,,,https://www.canada.ca/en/environment-climate-change/services/national-pollutant-release-inventory/tools-resources-data/exploredata.html
npri-1568-2023-57,2023,comp567d1198,NA - 04,tonnes,0.00522,,ON-MAIN-1f126a43,,,https://www.canada.ca/en/environment-climate-change/services/national-pollutant-release-inventory/tools-resources-data/exploredata.html
npri-1568-2023-58,2023,comp567d1198,NA - 05,kg,89.59,,ON-MAIN-1f126a43,,,https://www.canada.ca/en/environment-climate-change/services/national-pollutant-release-inventory/tools-resources-data/exploredata.html
npri-1568-2023-59,2023,comp567d1198,NA - 06,tonnes,0.114,,ON-MAIN-1f126a43,,,https://www.canada.ca/en/environment-climate-change/services/national-pollutant-release-inventory/tools-resources-data/exploredata.html
npri-1568-2023-60,2023,comp567d1198,NA - 07,tonnes,0.0897,,ON-MAIN-1f126a43,,,https://www.canada.ca/en/environment-climate-change/services/national-pollutant-release-inventory/tools-resources-data/exploredata.html
npri-1568-2023-61,2023,comp567d1198,NA - 08,kg,0.93,,ON-MAIN-1f126a43,,,https://www.canada.ca/en/environment-climate-change/services/national-pollutant-release-inventory/tools-resources-data/exploredata.html
npri-1568-2023-62,2023,comp567d1198,NA - 09,tonnes,0.759,,ON-MAIN-1f126a43,,,https://www.canada.ca/en/environment-climate-change/services/national-pollutant-release-inventory/tools-resources-data/exploredata.html
npri-1568-2023-63,2023,comp567d1198,NA - 10,kg,0.18,,ON-MAIN-1f126a43,,,https://www.canada.ca/en/environment-climate-change/services/national-pollutant-release-inventory/tools-resources-data/exploredata.html
npri-1568-2023-64,2023,comp567d1198,NA - 11,tonnes,0.033,,ON-MAIN-1f126a43,,,https://www.canada.ca/en/environment-climate-change/services/national-pollutant-release-inventory/tools-resources-data/exploredata.html
npri-1568-2023-65,2023,comp567d1198,NA - 17,tonnes,47.43,,ON-MAIN-1f126a43,,,https://www.canada.ca/en/environment-climate-change/services/national-pollutant-release-inventory/tools-resources-data/exploredata.html
npri-1568-2023-66,2023,comp567d1198,NA - 22,tonnes,0.044,,ON-MAIN-1f126a43,,,https://www.canada.ca/en/environment-climate-change/services/national-pollutant-release-inventory/tools-resources-data/exploredata.html
npri-1568-2023-67,2023,comp567d1198,NA - 12,kg,21.0,,ON-MAIN-1f126a43,,,https://www.canada.ca/en/environment-climate-change/services/national-pollutant-release-inventory/tools-resources-data/exploredata.html
npri-1568-2023-68,2023,comp567d1198,NA - 37,kg,0.3032,,ON-MAIN-1f126a43,,,https://www.canada.ca/en/environment-climate-change/services/national-pollutant-release-inventory/tools-resources-data/exploredata.html
npri-1568-2023-69,2023,comp567d1198,NA - 40,tonnes,0.037,,ON-MAIN-1f126a43,,,https://www.canada.ca/en/environment-climate-change/services/national-pollutant-release-inventory/tools-resources-data/exploredata.html
npri-1568-2023-70,2023,comp567d1198,NA - 14,tonnes,0.056,,ON-MAIN-1f126a43,,,https://www.canada.ca/en/environment-climate-change/services/national-pollutant-release-inventory/tools-resources-data/exploredata.html
npri-25188-2023-56,2023,comp567d1198,NA - 02,kg,2.2264,,QC-MAIN-e7e6a960,,,https://www.canada.ca/en/environment-climate-change/services/national-pollutant-release-inventory/tools-resources-data/exploredata.html
npri-25188-2023-57,2023,comp567d1198,NA - 03,kg,0.6735,,QC-MAIN-e7e6a960,,,https://www.canada.ca/en/environment-climate-change/services/national-pollutant-release-inventory/tools-resources-data/exploredata.html
npri-25188-2023-58,2023,comp567d1198,NA - 04,tonnes,0.0037,,QC-MAIN-e7e6a960,,,https://www.canada.ca/en/environment-climate-change/services/national-pollutant-release-inventory/tools-resources-data/exploredata.html
npri-25188-2023-59,2023,comp567d1198,NA - 05,kg,112.7972,,QC-MAIN-e7e6a960,,,https://www.canada.ca/en/environment-climate-change/services/national-pollutant-release-inventory/tools-resources-data/exploredata.html
npri-25188-2023-60,2023,comp567d1198,NA - 06,tonnes,0.0844,,QC-MAIN-e7e6a960,,,https://www.canada.ca/en/environment-climate-change/services/national-pollutant-release-inventory/tools-resources-data/exploredata.html
npri-25188-2023-61,2023,comp567d1198,NA - 07,tonnes,0.0986,,QC-MAIN-e7e6a960,,,https://www.canada.ca/en/environment-climate-change/services/national-pollutant-release-inventory/tools-resources-data/exploredata.html
npri-25188-2023-62,2023,comp567d1198,NA - 08,kg,0.887,,QC-MAIN-e7e6a960,,,https://www.canada.ca/en/environment-climate-change/services/national-pollutant-release-inventory/tools-resources-data/exploredata.html
npri-25188-2023-63,2023,comp567d1198,NA - 09,tonnes,2.3686,,QC-MAIN-e7e6a960,,,https://www.canada.ca/en/environment-climate-change/services/national-pollutant-release-inventory/tools-resources-data/exploredata.html
npri-25188-2023-64,2023,comp567d1198,NA - 10,kg,0.0451,,QC-MAIN-e7e6a960,,,https://www.canada.ca/en/environment-climate-change/services/national-pollutant-release-inventory/tools-resources-data/exploredata.html
npri-25188-2023-65,2023,comp567d1198,NA - 11,tonnes,0.3669,,QC-MAIN-e7e6a960,,,https://www.canada.ca/en/environment-climate-change/services/national-pollutant-release-inventory/tools-resources-data/exploredata.html
npri-25188-2023-66,2023,comp567d1198,NA - 12,kg,6.107,,QC-MAIN-e7e6a960,,,https://www.canada.ca/en/environment-climate-change/services/national-pollutant-release-inventory/tools-resources-data/exploredata.html
npri-25188-2023-67,2023,comp567d1198,NA - 37,kg,0.7468,,QC-MAIN-e7e6a960,,,https://www.canada.ca/en/environment-climate-change/services/national-pollutant-release-inventory/tools-resources-data/exploredata.html
npri-25188-2023-68,2023,comp567d1198,NA - 40,tonnes,0.0039,,QC-MAIN-e7e6a960,,,https://www.canada.ca/en/environment-climate-change/services/national-pollutant-release-inventory/tools-resources-data/exploredata.html
npri-25188-2023-69,2023,comp567d1198,NA - 14,tonnes,0.0516,,QC-MAIN-e7e6a960,,,https://www.canada.ca/en/environment-climate-change/services/national-pollutant-release-inventory/tools-resources-data/exploredata.html
npri-24216-2023-75,2023,comp567d1198,NA - 01,tonnes,0.005733,,NU-MAIN-730aefe3,,,https://www.canada.ca/en/environment-climate-change/services/national-pollutant-release-inventory/tools-resources-data/exploredata.html
npri-24216-2023-76,2023,comp567d1198,NA - 02,kg,9.469933,,NU-MAIN-730aefe3,,,https://www.canada.ca/en/environment-climate-change/services/national-pollutant-release-inventory/tools-resources-data/exploredata.html
npri-24216-2023-77,2023,comp567d1198,NA - 03,kg,0.020111,,NU-MAIN-730aefe3,,,https://www.canada.ca/en/environment-climate-change/services/national-pollutant-release-inventory/tools-resources-data/exploredata.html
npri-24216-2023-78,2023,comp567d1198,NA - 04,tonnes,0.001816,,NU-MAIN-730aefe3,,,https://www.canada.ca/en/environment-climate-change/services/national-pollutant-release-inventory/tools-resources-data/exploredata.html
npri-24216-2023-79,2023,comp567d1198,NA - 05,kg,1.950833,,NU-MAIN-730aefe3,,,https://www.canada.ca/en/environment-climate-change/services/national-pollutant-release-inventory/tools-resources-data/exploredata.html
npri-24216-2023-80,2023,comp567d1198,NA - 06,tonnes,0.002213,,NU-MAIN-730aefe3,,,https://www.canada.ca/en/environment-climate-change/services/national-pollutant-release-inventory/tools-resources-data/exploredata.html
npri-24216-2023-81,2023,comp567d1198,NA - 07,tonnes,0.027004,,NU-MAIN-730aefe3,,,https://www.canada.ca/en/environment-climate-change/services/national-pollutant-release-inventory/tools-resources-data/exploredata.html
npri-24216-2023-82,2023,comp567d1198,NA - 08,kg,0.19403,,NU-MAIN-730aefe3,,,https://www.canada.ca/en/environment-climate-change/services/national-pollutant-release-inventory/tools-resources-data/exploredata.html
npri-24216-2023-83,2023,comp567d1198,NA - 09,tonnes,0.422174,,NU-MAIN-730aefe3,,,https://www.canada.ca/en/environment-climate-change/services/national-pollutant-release-inventory/tools-resources-data/exploredata.html
npri-24216-2023-84,2023,comp567d1198,NA - 11,tonnes,0.022557,,NU-MAIN-730aefe3,,,https://www.canada.ca/en/environment-climate-change/services/national-pollutant-release-inventory/tools-resources-data/exploredata.html
npri-24216-2023-85,2023,comp567d1198,NA - 22,tonnes,0.002241,,NU-MAIN-730aefe3,,,https://www.canada.ca/en/environment-climate-change/services/national-pollutant-release-inventory/tools-resources-data/exploredata.html
npri-24216-2023-86,2023,comp567d1198,NA - 12,kg,0.299828,,NU-MAIN-730aefe3,,,https://www.canada.ca/en/environment-climate-change/services/national-pollutant-release-inventory/tools-resources-data/exploredata.html
npri-24216-2023-87,2023,comp567d1198,NA - 37,kg,0.029394,,NU-MAIN-730aefe3,,,https://www.canada.ca/en/environment-climate-change/services/national-pollutant-release-inventory/tools-resources-data/exploredata.html
npri-24216-2023-88,2023,comp567d1198,NA - 14,tonnes,0.013241,,NU-MAIN-730aefe3,,,https://www.canada.ca/en/environment-climate-change/services/national-pollutant-release-inventory/tools-resources-data/exploredata.html
npri-8757-2023-21,2023,comp567d1198,NA - 02,kg,0.5256,,QC-MAIN-c0660aec,,,https://www.canada.ca/en/environment-climate-change/services/national-pollutant-release-inventory/tools-resources-data/exploredata.html
npri-8757-2023-22,2023,comp567d1198,NA - 03,kg,0.0131,,QC-MAIN-c0660aec,,,https://www.canada.ca/en/environment-climate-change/services/national-pollutant-release-inventory/tools-resources-data/exploredata.html
npri-8757-2023-23,2023,comp567d1198,NA - 04,tonnes,0.0023,,QC-MAIN-c0660aec,,,https://www.canada.ca/en/environment-climate-change/services/national-pollutant-release-inventory/tools-resources-data/exploredata.html
npri-8757-2023-24,2023,comp567d1198,NA - 05,kg,0.3285,,QC-MAIN-c0660aec,,,https://www.canada.ca/en/environment-climate-change/services/national-pollutant-release-inventory/tools-resources-data/exploredata.html
npri-8757-2023-25,2023,comp567d1198,NA - 06,tonnes,0.0022,,QC-MAIN-c0660aec,,,https://www.canada.ca/en/environment-climate-change/services/national-pollutant-release-inventory/tools-resources-data/exploredata.html
npri-8757-2023-26,2023,comp567d1198,NA - 08,kg,0.1117,,QC-MAIN-c0660aec,,,https://www.canada.ca/en/environment-climate-change/services/national-pollutant-release-inventory/tools-resources-data/exploredata.html
npri-8757-2023-27,2023,comp567d1198,NA - 09,tonnes,0.087,,QC-MAIN-c0660aec,,,https://www.canada.ca/en/environment-climate-change/services/national-pollutant-release-inventory/tools-resources-data/exploredata.html
npri-8757-2023-28,2023,comp567d1198,NA - 11,tonnes,0.0016,,QC-MAIN-c0660aec,,,https://www.canada.ca/en/environment-climate-change/services/national-pollutant-release-inventory/tools-resources-data/exploredata.html
npri-8757-2023-29,2023,comp567d1198,NA - 14,tonnes,0.0034,,QC-MAIN-c0660aec,,,https://www.canada.ca/en/environment-climate-change/services/national-pollutant-release-inventory/tools-resources-data/exploredata.html
npri-11454-2023-50,2023,comp567d1198,NA - 16,tonnes,10.24,,ON-MAIN-687b8c8d,,,https://www.canada.ca/en/environment-climate-change/services/national-pollutant-release-inventory/tools-resources-data/exploredata.html
npri-26132-2023-70,2023,comp567d1198,NA - 16,tonnes,1.829343,,ON-MAIN-7607a50e,,,https://www.canada.ca/en/environment-climate-change/services/national-pollutant-release-inventory/tools-resources-data/exploredata.html
npri-26132-2023-71,2023,comp567d1198,NA - 01,tonnes,0.0017,,ON-MAIN-7607a50e,,,https://www.canada.ca/en/environment-climate-change/services/national-pollutant-release-inventory/tools-resources-data/exploredata.html
npri-11454-2023-51,2023,comp567d1198,NA - 02,kg,4.9773,,ON-MAIN-687b8c8d,,,https://www.canada.ca/en/environment-climate-change/services/national-pollutant-release-inventory/tools-resources-data/exploredata.html
npri-26132-2023-72,2023,comp567d1198,NA - 02,kg,6.456504,,ON-MAIN-7607a50e,,,https://www.canada.ca/en/environment-climate-change/services/national-pollutant-release-inventory/tools-resources-data/exploredata.html
npri-11454-2023-52,2023,comp567d1198,NA - 03,kg,0.0282,,ON-MAIN-687b8c8d,,,https://www.canada.ca/en/environment-climate-change/services/national-pollutant-release-inventory/tools-resources-data/exploredata.html
npri-26132-2023-73,2023,comp567d1198,NA - 03,kg,0.106532,,ON-MAIN-7607a50e,,,https://www.canada.ca/en/environment-climate-change/services/national-pollutant-release-inventory/tools-resources-data/exploredata.html
npri-11454-2023-53,2023,comp567d1198,NA - 04,tonnes,0.0016,,ON-MAIN-687b8c8d,,,https://www.canada.ca/en/environment-climate-change/services/national-pollutant-release-inventory/tools-resources-data/exploredata.html
npri-26132-2023-74,2023,comp567d1198,NA - 04,tonnes,0.00226,,ON-MAIN-7607a50e,,,https://www.canada.ca/en/environment-climate-change/services/national-pollutant-release-inventory/tools-resources-data/exploredata.html
npri-11454-2023-54,2023,comp567d1198,NA - 05,kg,14.5471,,ON-MAIN-687b8c8d,,,https://www.canada.ca/en/environment-climate-change/services/national-pollutant-release-inventory/tools-resources-data/exploredata.html
npri-26132-2023-75,2023,comp567d1198,NA - 05,kg,10.222798,,ON-MAIN-7607a50e,,,https://www.canada.ca/en/environment-climate-change/services/national-pollutant-release-inventory/tools-resources-data/exploredata.html
npri-11454-2023-55,2023,comp567d1198,NA - 06,tonnes,0.0212,,ON-MAIN-687b8c8d,,,https://www.canada.ca/en/environment-climate-change/services/national-pollutant-release-inventory/tools-resources-data/exploredata.html
npri-26132-2023-76,2023,comp567d1198,NA - 06,tonnes,0.027978,,ON-MAIN-7607a50e,,,https://www.canada.ca/en/environment-climate-change/services/national-pollutant-release-inventory/tools-resources-data/exploredata.html
npri-11454-2023-56,2023,comp567d1198,NA - 07,tonnes,0.0118,,ON-MAIN-687b8c8d,,,https://www.canada.ca/en/environment-climate-change/services/national-pollutant-release-inventory/tools-resources-data/exploredata.html
npri-11454-2023-57,2023,comp567d1198,NA - 08,kg,0.173,,ON-MAIN-687b8c8d,,,https://www.canada.ca/en/environment-climate-change/services/national-pollutant-release-inventory/tools-resources-data/exploredata.html
npri-26132-2023-77,2023,comp567d1198,NA - 08,kg,0.333586,,ON-MAIN-7607a50e,,,https://www.canada.ca/en/environment-climate-change/services/national-pollutant-release-inventory/tools-resources-data/exploredata.html
npri-11454-2023-58,2023,comp567d1198,NA - 09,tonnes,0.1223,,ON-MAIN-687b8c8d,,,https://www.canada.ca/en/environment-climate-change/services/national-pollutant-release-inventory/tools-resources-data/exploredata.html
npri-11454-2023-59,2023,comp567d1198,NA - 10,kg,0.173,,ON-MAIN-687b8c8d,,,https://www.canada.ca/en/environment-climate-change/services/national-pollutant-release-inventory/tools-resources-data/exploredata.html
npri-26132-2023-78,2023,comp567d1198,NA - 10,kg,0.172173,,ON-MAIN-7607a50e,,,https://www.canada.ca/en/environment-climate-change/services/national-pollutant-release-inventory/tools-resources-data/exploredata.html
npri-11454-2023-60,2023,comp567d1198,NA - 11,tonnes,0.0155,,ON-MAIN-687b8c8d,,,https://www.canada.ca/en/environment-climate-change/services/national-pollutant-release-inventory/tools-resources-data/exploredata.html
npri-26132-2023-79,2023,comp567d1198,NA - 11,tonnes,0.010761,,ON-MAIN-7607a50e,,,https://www.canada.ca/en/environment-climate-change/services/national-pollutant-release-inventory/tools-resources-data/exploredata.html
npri-11454-2023-61,2023,comp567d1198,NA - 17,tonnes,19.6176,,ON-MAIN-687b8c8d,,,https://www.canada.ca/en/environment-climate-change/services/national-pollutant-release-inventory/tools-resources-data/exploredata.html
npri-26132-2023-80,2023,comp567d1198,NA - 17,tonnes,95.663868,,ON-MAIN-7607a50e,,,https://www.canada.ca/en/environment-climate-change/services/national-pollutant-release-inventory/tools-resources-data/exploredata.html
npri-26132-2023-81,2023,comp567d1198,NA - 22,tonnes,0.215217,,ON-MAIN-7607a50e,,,https://www.canada.ca/en/environment-climate-change/services/national-pollutant-release-inventory/tools-resources-data/exploredata.html
npri-11454-2023-62,2023,comp567d1198,NA - 12,kg,1.4547,,ON-MAIN-687b8c8d,,,https://www.canada.ca/en/environment-climate-change/services/national-pollutant-release-inventory/tools-resources-data/exploredata.html
npri-26132-2023-82,2023,comp567d1198,NA - 12,kg,8.71628,,ON-MAIN-7607a50e,,,https://www.canada.ca/en/environment-climate-change/services/national-pollutant-release-inventory/tools-resources-data/exploredata.html
npri-26132-2023-83,2023,comp567d1198,NA - 13,tonnes,0.000204,,ON-MAIN-7607a50e,,,https://www.canada.ca/en/environment-climate-change/services/national-pollutant-release-inventory/tools-resources-data/exploredata.html
npri-26132-2023-84,2023,comp567d1198,NA - 37,kg,0.161413,,ON-MAIN-7607a50e,,,https://www.canada.ca/en/environment-climate-change/services/national-pollutant-release-inventory/tools-resources-data/exploredata.html
npri-26132-2023-85,2023,comp567d1198,NA - 40,tonnes,0.001722,,ON-MAIN-7607a50e,,,https://www.canada.ca/en/environment-climate-change/services/national-pollutant-release-inventory/tools-resources-data/exploredata.html
npri-11454-2023-63,2023,comp567d1198,NA - 14,tonnes,0.0036,,ON-MAIN-687b8c8d,,,https://www.canada.ca/en/environment-climate-change/services/national-pollutant-release-inventory/tools-resources-data/exploredata.html
npri-26132-2023-86,2023,comp567d1198,NA - 14,tonnes,0.01937,,ON-MAIN-7607a50e,,,https://www.canada.ca/en/environment-climate-change/services/national-pollutant-release-inventory/tools-resources-data/exploredata.html
npri-2000-2023-67,2023,comp567d1198,NA - 02,kg,2.25,,QC-MAIN-e25eed27,,,https://www.canada.ca/en/environment-climate-change/services/national-pollutant-release-inventory/tools-resources-data/exploredata.html
npri-6217-2023-48,2023,comp567d1198,NA - 02,kg,62.101,,QC-MAIN-084bd95c,,,https://www.canada.ca/en/environment-climate-change/services/national-pollutant-release-inventory/tools-resources-data/exploredata.html
npri-2000-2023-68,2023,comp567d1198,NA - 03,kg,0.45,,QC-MAIN-e25eed27,,,https://www.canada.ca/en/environment-climate-change/services/national-pollutant-release-inventory/tools-resources-data/exploredata.html
npri-6217-2023-49,2023,comp567d1198,NA - 03,kg,7.355,,QC-MAIN-084bd95c,,,https://www.canada.ca/en/environment-climate-change/services/national-pollutant-release-inventory/tools-resources-data/exploredata.html
npri-2000-2023-69,2023,comp567d1198,NA - 04,tonnes,0.03,,QC-MAIN-e25eed27,,,https://www.canada.ca/en/environment-climate-change/services/national-pollutant-release-inventory/tools-resources-data/exploredata.html
npri-6217-2023-50,2023,comp567d1198,NA - 04,tonnes,0.054,,QC-MAIN-084bd95c,,,https://www.canada.ca/en/environment-climate-change/services/national-pollutant-release-inventory/tools-resources-data/exploredata.html
npri-6217-2023-51,2023,comp567d1198,NA - 05,kg,138.039,,QC-MAIN-084bd95c,,,https://www.canada.ca/en/environment-climate-change/services/national-pollutant-release-inventory/tools-resources-data/exploredata.html
npri-6217-2023-52,2023,comp567d1198,NA - 06,tonnes,0.078,,QC-MAIN-084bd95c,,,https://www.canada.ca/en/environment-climate-change/services/national-pollutant-release-inventory/tools-resources-data/exploredata.html
npri-2000-2023-70,2023,comp567d1198,NA - 08,kg,3.037,,QC-MAIN-e25eed27,,,https://www.canada.ca/en/environment-climate-change/services/national-pollutant-release-inventory/tools-resources-data/exploredata.html
npri-6217-2023-53,2023,comp567d1198,NA - 08,kg,43.079,,QC-MAIN-084bd95c,,,https://www.canada.ca/en/environment-climate-change/services/national-pollutant-release-inventory/tools-resources-data/exploredata.html
npri-2000-2023-71,2023,comp567d1198,NA - 09,tonnes,0.475,,QC-MAIN-e25eed27,,,https://www.canada.ca/en/environment-climate-change/services/national-pollutant-release-inventory/tools-resources-data/exploredata.html
npri-6217-2023-54,2023,comp567d1198,NA - 09,tonnes,10.095,,QC-MAIN-084bd95c,,,https://www.canada.ca/en/environment-climate-change/services/national-pollutant-release-inventory/tools-resources-data/exploredata.html
npri-2000-2023-72,2023,comp567d1198,NA - 10,kg,0.225,,QC-MAIN-e25eed27,,,https://www.canada.ca/en/environment-climate-change/services/national-pollutant-release-inventory/tools-resources-data/exploredata.html
npri-6217-2023-55,2023,comp567d1198,NA - 10,kg,0.324,,QC-MAIN-084bd95c,,,https://www.canada.ca/en/environment-climate-change/services/national-pollutant-release-inventory/tools-resources-data/exploredata.html
npri-6217-2023-56,2023,comp567d1198,NA - 11,tonnes,1.201,,QC-MAIN-084bd95c,,,https://www.canada.ca/en/environment-climate-change/services/national-pollutant-release-inventory/tools-resources-data/exploredata.html
npri-6217-2023-57,2023,comp567d1198,NA - 17,tonnes,407.075,,QC-MAIN-084bd95c,,,https://www.canada.ca/en/environment-climate-change/services/national-pollutant-release-inventory/tools-resources-data/exploredata.html
npri-8778-2023-16,2023,comp567d1198,NA - 17,tonnes,29.238,,QC-MAIN-33c09b8b,,,https://www.canada.ca/en/environment-climate-change/services/national-pollutant-release-inventory/tools-resources-data/exploredata.html
npri-2000-2023-73,2023,comp567d1198,NA - 22,tonnes,0.022,,QC-MAIN-e25eed27,,,https://www.canada.ca/en/environment-climate-change/services/national-pollutant-release-inventory/tools-resources-data/exploredata.html
npri-6217-2023-58,2023,comp567d1198,NA - 22,tonnes,0.931,,QC-MAIN-084bd95c,,,https://www.canada.ca/en/environment-climate-change/services/national-pollutant-release-inventory/tools-resources-data/exploredata.html
npri-6217-2023-59,2023,comp567d1198,NA - 12,kg,77.469,,QC-MAIN-084bd95c,,,https://www.canada.ca/en/environment-climate-change/services/national-pollutant-release-inventory/tools-resources-data/exploredata.html
npri-2000-2023-74,2023,comp567d1198,NA - 37,kg,20.248,,QC-MAIN-e25eed27,,,https://www.canada.ca/en/environment-climate-change/services/national-pollutant-release-inventory/tools-resources-data/exploredata.html
npri-6217-2023-60,2023,comp567d1198,NA - 40,tonnes,0.193,,QC-MAIN-084bd95c,,,https://www.canada.ca/en/environment-climate-change/services/national-pollutant-release-inventory/tools-resources-data/exploredata.html
npri-6217-2023-61,2023,comp567d1198,NA - 14,tonnes,1.969,,QC-MAIN-084bd95c,,,https://www.canada.ca/en/environment-climate-change/services/national-pollutant-release-inventory/tools-resources-data/exploredata.html
npri-1148-2023-42,2023,comp567d1198,NA - 16,tonnes,30.567,,SK-MAIN-bb89158f,,,https://www.canada.ca/en/environment-climate-change/services/national-pollutant-release-inventory/tools-resources-data/exploredata.html
npri-1148-2023-43,2023,comp567d1198,NA - 02,kg,6.592,,SK-MAIN-bb89158f,,,https://www.canada.ca/en/environment-climate-change/services/national-pollutant-release-inventory/tools-resources-data/exploredata.html
npri-1149-2023-16,2023,comp567d1198,NA - 02,kg,0.487,,SK-MAIN-d3c471e8,,,https://www.canada.ca/en/environment-climate-change/services/national-pollutant-release-inventory/tools-resources-data/exploredata.html
npri-19397-2023-10,2023,comp567d1198,NA - 02,kg,31.102,,SK-MAIN-91cf5448,,,https://www.canada.ca/en/environment-climate-change/services/national-pollutant-release-inventory/tools-resources-data/exploredata.html
npri-1148-2023-44,2023,comp567d1198,NA - 03,kg,0.107,,SK-MAIN-bb89158f,,,https://www.canada.ca/en/environment-climate-change/services/national-pollutant-release-inventory/tools-resources-data/exploredata.html
npri-1149-2023-17,2023,comp567d1198,NA - 03,kg,0.049,,SK-MAIN-d3c471e8,,,https://www.canada.ca/en/environment-climate-change/services/national-pollutant-release-inventory/tools-resources-data/exploredata.html
npri-19397-2023-11,2023,comp567d1198,NA - 03,kg,0.003,,SK-MAIN-91cf5448,,,https://www.canada.ca/en/environment-climate-change/services/national-pollutant-release-inventory/tools-resources-data/exploredata.html
npri-1148-2023-45,2023,comp567d1198,NA - 05,kg,23.844,,SK-MAIN-bb89158f,,,https://www.canada.ca/en/environment-climate-change/services/national-pollutant-release-inventory/tools-resources-data/exploredata.html
npri-19397-2023-12,2023,comp567d1198,NA - 05,kg,0.092,,SK-MAIN-91cf5448,,,https://www.canada.ca/en/environment-climate-change/services/national-pollutant-release-inventory/tools-resources-data/exploredata.html
npri-1148-2023-46,2023,comp567d1198,NA - 06,tonnes,0.00906,,SK-MAIN-bb89158f,,,https://www.canada.ca/en/environment-climate-change/services/national-pollutant-release-inventory/tools-resources-data/exploredata.html
npri-1148-2023-47,2023,comp567d1198,NA - 08,kg,0.793,,SK-MAIN-bb89158f,,,https://www.canada.ca/en/environment-climate-change/services/national-pollutant-release-inventory/tools-resources-data/exploredata.html
npri-1149-2023-18,2023,comp567d1198,NA - 08,kg,0.262,,SK-MAIN-d3c471e8,,,https://www.canada.ca/en/environment-climate-change/services/national-pollutant-release-inventory/tools-resources-data/exploredata.html
npri-19397-2023-13,2023,comp567d1198,NA - 08,kg,0.034,,SK-MAIN-91cf5448,,,https://www.canada.ca/en/environment-climate-change/services/national-pollutant-release-inventory/tools-resources-data/exploredata.html
npri-1148-2023-48,2023,comp567d1198,NA - 09,tonnes,0.0599,,SK-MAIN-bb89158f,,,https://www.canada.ca/en/environment-climate-change/services/national-pollutant-release-inventory/tools-resources-data/exploredata.html
npri-1148-2023-49,2023,comp567d1198,NA - 11,tonnes,0.3307,,SK-MAIN-bb89158f,,,https://www.canada.ca/en/environment-climate-change/services/national-pollutant-release-inventory/tools-resources-data/exploredata.html
npri-1148-2023-50,2023,comp567d1198,NA - 17,tonnes,51.017,,SK-MAIN-bb89158f,,,https://www.canada.ca/en/environment-climate-change/services/national-pollutant-release-inventory/tools-resources-data/exploredata.html
npri-1149-2023-19,2023,comp567d1198,NA - 17,tonnes,12.136,,SK-MAIN-d3c471e8,,,https://www.canada.ca/en/environment-climate-change/services/national-pollutant-release-inventory/tools-resources-data/exploredata.html
npri-1148-2023-51,2023,comp567d1198,NA - 12,kg,28.666,,SK-MAIN-bb89158f,,,https://www.canada.ca/en/environment-climate-change/services/national-pollutant-release-inventory/tools-resources-data/exploredata.html
npri-1148-2023-52,2023,comp567d1198,NA - 40,tonnes,0.0023,,SK-MAIN-bb89158f,,,https://www.canada.ca/en/environment-climate-change/services/national-pollutant-release-inventory/tools-resources-data/exploredata.html
npri-1148-2023-53,2023,comp567d1198,NA - 14,tonnes,0.0149,,SK-MAIN-bb89158f,,,https://www.canada.ca/en/environment-climate-change/services/national-pollutant-release-inventory/tools-resources-data/exploredata.html
npri-30798-2023-36,2023,comp567d1198,NA - 02,kg,0.0253,,BC-MAIN-599152a0,,,https://www.canada.ca/en/environment-climate-change/services/national-pollutant-release-inventory/tools-resources-data/exploredata.html
npri-30798-2023-37,2023,comp567d1198,NA - 03,kg,0.0003,,BC-MAIN-599152a0,,,https://www.canada.ca/en/environment-climate-change/services/national-pollutant-release-inventory/tools-resources-data/exploredata.html
npri-30798-2023-38,2023,comp567d1198,NA - 05,kg,0.0024,,BC-MAIN-599152a0,,,https://www.canada.ca/en/environment-climate-change/services/national-pollutant-release-inventory/tools-resources-data/exploredata.html
npri-30798-2023-39,2023,comp567d1198,NA - 06,tonnes,0.0001,,BC-MAIN-599152a0,,,https://www.canada.ca/en/environment-climate-change/services/national-pollutant-release-inventory/tools-resources-data/exploredata.html
npri-30798-2023-40,2023,comp567d1198,NA - 08,kg,0.0019,,BC-MAIN-599152a0,,,https://www.canada.ca/en/environment-climate-change/services/national-pollutant-release-inventory/tools-resources-data/exploredata.html
npri-30798-2023-41,2023,comp567d1198,NA - 09,tonnes,0.0001,,BC-MAIN-599152a0,,,https://www.canada.ca/en/environment-climate-change/services/national-pollutant-release-inventory/tools-resources-data/exploredata.html
npri-30798-2023-42,2023,comp567d1198,NA - 10,kg,0.0001,,BC-MAIN-599152a0,,,https://www.canada.ca/en/environment-climate-change/services/national-pollutant-release-inventory/tools-resources-data/exploredata.html
npri-30798-2023-43,2023,comp567d1198,NA - 22,tonnes,0.0021,,BC-MAIN-599152a0,,,https://www.canada.ca/en/environment-climate-change/services/national-pollutant-release-inventory/tools-resources-data/exploredata.html
npri-30798-2023-44,2023,comp567d1198,NA - 12,kg,0.5255,,BC-MAIN-599152a0,,,https://www.canada.ca/en/environment-climate-change/services/national-pollutant-release-inventory/tools-resources-data/exploredata.html
npri-30798-2023-45,2023,comp567d1198,NA - 37,kg,0.0002,,BC-MAIN-599152a0,,,https://www.canada.ca/en/environment-climate-change/services/national-pollutant-release-inventory/tools-resources-data/exploredata.html
npri-2710-2023-34,2023,comp567d1198,NA - 02,kg,53.7593,,ON-MAIN-7f050560,,,https://www.canada.ca/en/environment-climate-change/services/national-pollutant-release-inventory/tools-resources-data/exploredata.html
npri-2710-2023-35,2023,comp567d1198,NA - 03,kg,0.028,,ON-MAIN-7f050560,,,https://www.canada.ca/en/environment-climate-change/services/national-pollutant-release-inventory/tools-resources-data/exploredata.html
npri-2710-2023-36,2023,comp567d1198,NA - 05,kg,14.5311,,ON-MAIN-7f050560,,,https://www.canada.ca/en/environment-climate-change/services/national-pollutant-release-inventory/tools-resources-data/exploredata.html
npri-2710-2023-37,2023,comp567d1198,NA - 08,kg,0.1588,,ON-MAIN-7f050560,,,https://www.canada.ca/en/environment-climate-change/services/national-pollutant-release-inventory/tools-resources-data/exploredata.html
npri-2710-2023-38,2023,comp567d1198,NA - 10,kg,0.0038,,ON-MAIN-7f050560,,,https://www.canada.ca/en/environment-climate-change/services/national-pollutant-release-inventory/tools-resources-data/exploredata.html
npri-2710-2023-39,2023,comp567d1198,NA - 17,tonnes,114.69277,,ON-MAIN-7f050560,,,https://www.canada.ca/en/environment-climate-change/services/national-pollutant-release-inventory/tools-resources-data/exploredata.html
npri-27063-2023-1,2023,comp567d1198,NA - 16,tonnes,0.004,,NL-MAIN-c139de6d,,,https://www.canada.ca/en/environment-climate-change/services/national-pollutant-release-inventory/tools-resources-data/exploredata.html
npri-27063-2023-2,2023,comp567d1198,NA - 06,tonnes,0.0085,,NL-MAIN-c139de6d,,,https://www.canada.ca/en/environment-climate-change/services/national-pollutant-release-inventory/tools-resources-data/exploredata.html
npri-27063-2023-3,2023,comp567d1198,NA - 08,kg,23.0,,NL-MAIN-c139de6d,,,https://www.canada.ca/en/environment-climate-change/services/national-pollutant-release-inventory/tools-resources-data/exploredata.html
npri-27063-2023-4,2023,comp567d1198,NA - 11,tonnes,0.005,,NL-MAIN-c139de6d,,,https://www.canada.ca/en/environment-climate-change/services/national-pollutant-release-inventory/tools-resources-data/exploredata.html
npri-27063-2023-5,2023,comp567d1198,NA - 14,tonnes,0.005,,NL-MAIN-c139de6d,,,https://www.canada.ca/en/environment-climate-change/services/national-pollutant-release-inventory/tools-resources-data/exploredata.html
npri-1303-2023-51,2023,comp567d1198,NA - 02,kg,0.593561,,BC-MAIN-6b4800fe,,,https://www.canada.ca/en/environment-climate-change/services/national-pollutant-release-inventory/tools-resources-data/exploredata.html
npri-1303-2023-52,2023,comp567d1198,NA - 03,kg,0.007399,,BC-MAIN-6b4800fe,,,https://www.canada.ca/en/environment-climate-change/services/national-pollutant-release-inventory/tools-resources-data/exploredata.html
npri-1303-2023-53,2023,comp567d1198,NA - 04,tonnes,0.00036,,BC-MAIN-6b4800fe,,,https://www.canada.ca/en/environment-climate-change/services/national-pollutant-release-inventory/tools-resources-data/exploredata.html
npri-1303-2023-54,2023,comp567d1198,NA - 05,kg,0.468545,,BC-MAIN-6b4800fe,,,https://www.canada.ca/en/environment-climate-change/services/national-pollutant-release-inventory/tools-resources-data/exploredata.html
npri-1303-2023-55,2023,comp567d1198,NA - 06,tonnes,0.00516,,BC-MAIN-6b4800fe,,,https://www.canada.ca/en/environment-climate-change/services/national-pollutant-release-inventory/tools-resources-data/exploredata.html
npri-1303-2023-56,2023,comp567d1198,NA - 08,kg,0.060865,,BC-MAIN-6b4800fe,,,https://www.canada.ca/en/environment-climate-change/services/national-pollutant-release-inventory/tools-resources-data/exploredata.html
npri-1303-2023-57,2023,comp567d1198,NA - 09,tonnes,0.284101,,BC-MAIN-6b4800fe,,,https://www.canada.ca/en/environment-climate-change/services/national-pollutant-release-inventory/tools-resources-data/exploredata.html
npri-1303-2023-58,2023,comp567d1198,NA - 10,kg,0.002047,,BC-MAIN-6b4800fe,,,https://www.canada.ca/en/environment-climate-change/services/national-pollutant-release-inventory/tools-resources-data/exploredata.html
npri-1303-2023-59,2023,comp567d1198,NA - 11,tonnes,0.000671,,BC-MAIN-6b4800fe,,,https://www.canada.ca/en/environment-climate-change/services/national-pollutant-release-inventory/tools-resources-data/exploredata.html
npri-1303-2023-60,2023,comp567d1198,NA - 12,kg,0.224809,,BC-MAIN-6b4800fe,,,https://www.canada.ca/en/environment-climate-change/services/national-pollutant-release-inventory/tools-resources-data/exploredata.html
npri-1303-2023-61,2023,comp567d1198,NA - 14,tonnes,0.003147,,BC-MAIN-6b4800fe,,,https://www.canada.ca/en/environment-climate-change/services/national-pollutant-release-inventory/tools-resources-data/exploredata.html
npri-5448-2023-66,2023,comp567d1198,NA - 02,kg,0.01546,,QC-MAIN-a97821c0,,,https://www.canada.ca/en/environment-climate-change/services/national-pollutant-release-inventory/tools-resources-data/exploredata.html
npri-5448-2023-67,2023,comp567d1198,NA - 03,kg,0.089,,QC-MAIN-a97821c0,,,https://www.canada.ca/en/environment-climate-change/services/national-pollutant-release-inventory/tools-resources-data/exploredata.html
npri-5448-2023-68,2023,comp567d1198,NA - 04,tonnes,0.0005,,QC-MAIN-a97821c0,,,https://www.canada.ca/en/environment-climate-change/services/national-pollutant-release-inventory/tools-resources-data/exploredata.html
npri-5448-2023-69,2023,comp567d1198,NA - 05,kg,6.82333,,QC-MAIN-a97821c0,,,https://www.canada.ca/en/environment-climate-change/services/national-pollutant-release-inventory/tools-resources-data/exploredata.html
npri-5448-2023-70,2023,comp567d1198,NA - 06,tonnes,0.0074,,QC-MAIN-a97821c0,,,https://www.canada.ca/en/environment-climate-change/services/national-pollutant-release-inventory/tools-resources-data/exploredata.html
npri-5448-2023-71,2023,comp567d1198,NA - 08,kg,0.318529,,QC-MAIN-a97821c0,,,https://www.canada.ca/en/environment-climate-change/services/national-pollutant-release-inventory/tools-resources-data/exploredata.html
npri-5448-2023-72,2023,comp567d1198,NA - 09,tonnes,0.0914,,QC-MAIN-a97821c0,,,https://www.canada.ca/en/environment-climate-change/services/national-pollutant-release-inventory/tools-resources-data/exploredata.html
npri-5448-2023-73,2023,comp567d1198,NA - 10,kg,0.000976,,QC-MAIN-a97821c0,,,https://www.canada.ca/en/environment-climate-change/services/national-pollutant-release-inventory/tools-resources-data/exploredata.html
npri-5448-2023-74,2023,comp567d1198,NA - 11,tonnes,0.5614,,QC-MAIN-a97821c0,,,https://www.canada.ca/en/environment-climate-change/services/national-pollutant-release-inventory/tools-resources-data/exploredata.html
npri-5448-2023-75,2023,comp567d1198,NA - 17,tonnes,22.4626,,QC-MAIN-a97821c0,,,https://www.canada.ca/en/environment-climate-change/services/national-pollutant-release-inventory/tools-resources-data/exploredata.html
npri-5448-2023-76,2023,comp567d1198,NA - 22,tonnes,0.1161,,QC-MAIN-a97821c0,,,https://www.canada.ca/en/environment-climate-change/services/national-pollutant-release-inventory/tools-resources-data/exploredata.html
npri-5448-2023-77,2023,comp567d1198,NA - 12,kg,5.594,,QC-MAIN-a97821c0,,,https://www.canada.ca/en/environment-climate-change/services/national-pollutant-release-inventory/tools-resources-data/exploredata.html
npri-5448-2023-78,2023,comp567d1198,NA - 37,kg,0.1889,,QC-MAIN-a97821c0,,,https://www.canada.ca/en/environment-climate-change/services/national-pollutant-release-inventory/tools-resources-data/exploredata.html
npri-5448-2023-79,2023,comp567d1198,NA - 14,tonnes,0.0098,,QC-MAIN-a97821c0,,,https://www.canada.ca/en/environment-climate-change/services/national-pollutant-release-inventory/tools-resources-data/exploredata.html
npri-1941-2023-59,2023,comp567d1198,NA - 16,tonnes,1.309989,,ON-MAIN-3b3e5365,,,https://www.canada.ca/en/environment-climate-change/services/national-pollutant-release-inventory/tools-resources-data/exploredata.html
npri-5656-2023-35,2023,comp567d1198,NA - 16,tonnes,1.29,,ON-MAIN-fefeaee4,,,https://www.canada.ca/en/environment-climate-change/services/national-pollutant-release-inventory/tools-resources-data/exploredata.html
npri-8803-2023-25,2023,comp567d1198,NA - 01,tonnes,0.803,,QC-MAIN-6dc537e6,,,https://www.canada.ca/en/environment-climate-change/services/national-pollutant-release-inventory/tools-resources-data/exploredata.html
npri-1941-2023-60,2023,comp567d1198,NA - 02,kg,32.249507,,ON-MAIN-3b3e5365,,,https://www.canada.ca/en/environment-climate-change/services/national-pollutant-release-inventory/tools-resources-data/exploredata.html
npri-5656-2023-36,2023,comp567d1198,NA - 02,kg,2.61631,,ON-MAIN-fefeaee4,,,https://www.canada.ca/en/environment-climate-change/services/national-pollutant-release-inventory/tools-resources-data/exploredata.html
npri-8803-2023-26,2023,comp567d1198,NA - 02,kg,13.59,,QC-MAIN-6dc537e6,,,https://www.canada.ca/en/environment-climate-change/services/national-pollutant-release-inventory/tools-resources-data/exploredata.html
npri-1941-2023-61,2023,comp567d1198,NA - 03,kg,0.272129,,ON-MAIN-3b3e5365,,,https://www.canada.ca/en/environment-climate-change/services/national-pollutant-release-inventory/tools-resources-data/exploredata.html
npri-5656-2023-37,2023,comp567d1198,NA - 03,kg,0.015999,,ON-MAIN-fefeaee4,,,https://www.canada.ca/en/environment-climate-change/services/national-pollutant-release-inventory/tools-resources-data/exploredata.html
npri-8803-2023-27,2023,comp567d1198,NA - 03,kg,0.032,,QC-MAIN-6dc537e6,,,https://www.canada.ca/en/environment-climate-change/services/national-pollutant-release-inventory/tools-resources-data/exploredata.html
npri-1941-2023-62,2023,comp567d1198,NA - 04,tonnes,0.00979,,ON-MAIN-3b3e5365,,,https://www.canada.ca/en/environment-climate-change/services/national-pollutant-release-inventory/tools-resources-data/exploredata.html
npri-8803-2023-28,2023,comp567d1198,NA - 04,tonnes,0.0025,,QC-MAIN-6dc537e6,,,https://www.canada.ca/en/environment-climate-change/services/national-pollutant-release-inventory/tools-resources-data/exploredata.html
npri-1941-2023-63,2023,comp567d1198,NA - 05,kg,49.326755,,ON-MAIN-3b3e5365,,,https://www.canada.ca/en/environment-climate-change/services/national-pollutant-release-inventory/tools-resources-data/exploredata.html
npri-5656-2023-38,2023,comp567d1198,NA - 05,kg,0.030874,,ON-MAIN-fefeaee4,,,https://www.canada.ca/en/environment-climate-change/services/national-pollutant-release-inventory/tools-resources-data/exploredata.html
npri-8803-2023-29,2023,comp567d1198,NA - 05,kg,365.1,,QC-MAIN-6dc537e6,,,https://www.canada.ca/en/environment-climate-change/services/national-pollutant-release-inventory/tools-resources-data/exploredata.html
npri-1941-2023-64,2023,comp567d1198,NA - 06,tonnes,0.011749,,ON-MAIN-3b3e5365,,,https://www.canada.ca/en/environment-climate-change/services/national-pollutant-release-inventory/tools-resources-data/exploredata.html
npri-8803-2023-30,2023,comp567d1198,NA - 06,tonnes,0.0122,,QC-MAIN-6dc537e6,,,https://www.canada.ca/en/environment-climate-change/services/national-pollutant-release-inventory/tools-resources-data/exploredata.html
npri-1941-2023-65,2023,comp567d1198,NA - 07,tonnes,0.06416,,ON-MAIN-3b3e5365,,,https://www.canada.ca/en/environment-climate-change/services/national-pollutant-release-inventory/tools-resources-data/exploredata.html
npri-8803-2023-31,2023,comp567d1198,NA - 07,tonnes,0.034,,QC-MAIN-6dc537e6,,,https://www.canada.ca/en/environment-climate-change/services/national-pollutant-release-inventory/tools-resources-data/exploredata.html
npri-1941-2023-66,2023,comp567d1198,NA - 08,kg,1.184436,,ON-MAIN-3b3e5365,,,https://www.canada.ca/en/environment-climate-change/services/national-pollutant-release-inventory/tools-resources-data/exploredata.html
npri-5656-2023-39,2023,comp567d1198,NA - 08,kg,0.133797,,ON-MAIN-fefeaee4,,,https://www.canada.ca/en/environment-climate-change/services/national-pollutant-release-inventory/tools-resources-data/exploredata.html
npri-8803-2023-32,2023,comp567d1198,NA - 08,kg,0.239,,QC-MAIN-6dc537e6,,,https://www.canada.ca/en/environment-climate-change/services/national-pollutant-release-inventory/tools-resources-data/exploredata.html
npri-8803-2023-33,2023,comp567d1198,NA - 09,tonnes,0.044,,QC-MAIN-6dc537e6,,,https://www.canada.ca/en/environment-climate-change/services/national-pollutant-release-inventory/tools-resources-data/exploredata.html
npri-1941-2023-67,2023,comp567d1198,NA - 10,kg,0.036682,,ON-MAIN-3b3e5365,,,https://www.canada.ca/en/environment-climate-change/services/national-pollutant-release-inventory/tools-resources-data/exploredata.html
npri-5656-2023-40,2023,comp567d1198,NA - 10,kg,0.00297,,ON-MAIN-fefeaee4,,,https://www.canada.ca/en/environment-climate-change/services/national-pollutant-release-inventory/tools-resources-data/exploredata.html
npri-8803-2023-34,2023,comp567d1198,NA - 10,kg,0.037,,QC-MAIN-6dc537e6,,,https://www.canada.ca/en/environment-climate-change/services/national-pollutant-release-inventory/tools-resources-data/exploredata.html
npri-1941-2023-68,2023,comp567d1198,NA - 11,tonnes,0.102652,,ON-MAIN-3b3e5365,,,https://www.canada.ca/en/environment-climate-change/services/national-pollutant-release-inventory/tools-resources-data/exploredata.html
npri-8803-2023-35,2023,comp567d1198,NA - 11,tonnes,0.0976,,QC-MAIN-6dc537e6,,,https://www.canada.ca/en/environment-climate-change/services/national-pollutant-release-inventory/tools-resources-data/exploredata.html
npri-5656-2023-41,2023,comp567d1198,NA - 17,tonnes,106.087,,ON-MAIN-fefeaee4,,,https://www.canada.ca/en/environment-climate-change/services/national-pollutant-release-inventory/tools-resources-data/exploredata.html
npri-8803-2023-36,2023,comp567d1198,NA - 17,tonnes,136.96,,QC-MAIN-6dc537e6,,,https://www.canada.ca/en/environment-climate-change/services/national-pollutant-release-inventory/tools-resources-data/exploredata.html
npri-1941-2023-69,2023,comp567d1198,NA - 12,kg,7.035554,,ON-MAIN-3b3e5365,,,https://www.canada.ca/en/environment-climate-change/services/national-pollutant-release-inventory/tools-resources-data/exploredata.html
npri-5656-2023-42,2023,comp567d1198,NA - 12,kg,1.640923,,ON-MAIN-fefeaee4,,,https://www.canada.ca/en/environment-climate-change/services/national-pollutant-release-inventory/tools-resources-data/exploredata.html
npri-8803-2023-37,2023,comp567d1198,NA - 12,kg,1.152,,QC-MAIN-6dc537e6,,,https://www.canada.ca/en/environment-climate-change/services/national-pollutant-release-inventory/tools-resources-data/exploredata.html
npri-1941-2023-70,2023,comp567d1198,NA - 37,kg,0.557416,,ON-MAIN-3b3e5365,,,https://www.canada.ca/en/environment-climate-change/services/national-pollutant-release-inventory/tools-resources-data/exploredata.html
npri-5656-2023-43,2023,comp567d1198,NA - 37,kg,0.01542,,ON-MAIN-fefeaee4,,,https://www.canada.ca/en/environment-climate-change/services/national-pollutant-release-inventory/tools-resources-data/exploredata.html
npri-8803-2023-38,2023,comp567d1198,NA - 37,kg,0.362,,QC-MAIN-6dc537e6,,,https://www.canada.ca/en/environment-climate-change/services/national-pollutant-release-inventory/tools-resources-data/exploredata.html
npri-1941-2023-71,2023,comp567d1198,NA - 40,tonnes,0.007587,,ON-MAIN-3b3e5365,,,https://www.canada.ca/en/environment-climate-change/services/national-pollutant-release-inventory/tools-resources-data/exploredata.html
npri-8803-2023-39,2023,comp567d1198,NA - 40,tonnes,0.0024,,QC-MAIN-6dc537e6,,,https://www.canada.ca/en/environment-climate-change/services/national-pollutant-release-inventory/tools-resources-data/exploredata.html
npri-1941-2023-72,2023,comp567d1198,NA - 14,tonnes,0.130976,,ON-MAIN-3b3e5365,,,https://www.canada.ca/en/environment-climate-change/services/national-pollutant-release-inventory/tools-resources-data/exploredata.html
npri-8803-2023-40,2023,comp567d1198,NA - 14,tonnes,0.0063,,QC-MAIN-6dc537e6,,,https://www.canada.ca/en/environment-climate-change/services/national-pollutant-release-inventory/tools-resources-data/exploredata.html
npri-29877-2023-45,2023,comp567d1198,NA - 02,kg,0.303758,,ON-MAIN-1c674cd0,,,https://www.canada.ca/en/environment-climate-change/services/national-pollutant-release-inventory/tools-resources-data/exploredata.html
npri-29877-2023-46,2023,comp567d1198,NA - 03,kg,0.00726,,ON-MAIN-1c674cd0,,,https://www.canada.ca/en/environment-climate-change/services/national-pollutant-release-inventory/tools-resources-data/exploredata.html
npri-29877-2023-47,2023,comp567d1198,NA - 04,tonnes,0.000255,,ON-MAIN-1c674cd0,,,https://www.canada.ca/en/environment-climate-change/services/national-pollutant-release-inventory/tools-resources-data/exploredata.html
npri-29877-2023-48,2023,comp567d1198,NA - 05,kg,0.463582,,ON-MAIN-1c674cd0,,,https://www.canada.ca/en/environment-climate-change/services/national-pollutant-release-inventory/tools-resources-data/exploredata.html
npri-29877-2023-49,2023,comp567d1198,NA - 06,tonnes,0.000782,,ON-MAIN-1c674cd0,,,https://www.canada.ca/en/environment-climate-change/services/national-pollutant-release-inventory/tools-resources-data/exploredata.html
npri-29877-2023-50,2023,comp567d1198,NA - 08,kg,0.071967,,ON-MAIN-1c674cd0,,,https://www.canada.ca/en/environment-climate-change/services/national-pollutant-release-inventory/tools-resources-data/exploredata.html
npri-29877-2023-51,2023,comp567d1198,NA - 11,tonnes,0.003096,,ON-MAIN-1c674cd0,,,https://www.canada.ca/en/environment-climate-change/services/national-pollutant-release-inventory/tools-resources-data/exploredata.html
npri-29877-2023-52,2023,comp567d1198,NA - 37,kg,0.01807,,ON-MAIN-1c674cd0,,,https://www.canada.ca/en/environment-climate-change/services/national-pollutant-release-inventory/tools-resources-data/exploredata.html
npri-29877-2023-53,2023,comp567d1198,NA - 40,tonnes,0.000262,,ON-MAIN-1c674cd0,,,https://www.canada.ca/en/environment-climate-change/services/national-pollutant-release-inventory/tools-resources-data/exploredata.html
npri-29877-2023-54,2023,comp567d1198,NA - 14,tonnes,0.003984,,ON-MAIN-1c674cd0,,,https://www.canada.ca/en/environment-climate-change/services/national-pollutant-release-inventory/tools-resources-data/exploredata.html
npri-5219-2023-7,2023,comp567d1198,NA - 02,kg,35.318,,MB-MAIN-da0b5c3d,,,https://www.canada.ca/en/environment-climate-change/services/national-pollutant-release-inventory/tools-resources-data/exploredata.html
npri-5219-2023-8,2023,comp567d1198,NA - 08,kg,0.1013,,MB-MAIN-da0b5c3d,,,https://www.canada.ca/en/environment-climate-change/services/national-pollutant-release-inventory/tools-resources-data/exploredata.html
npri-5102-2023-32,2023,comp567d1198,NA - 01,tonnes,0.0056,,BC-MAIN-3f490561,,,https://www.canada.ca/en/environment-climate-change/services/national-pollutant-release-inventory/tools-resources-data/exploredata.html
npri-5102-2023-33,2023,comp567d1198,NA - 02,kg,7.9454,,BC-MAIN-3f490561,,,https://www.canada.ca/en/environment-climate-change/services/national-pollutant-release-inventory/tools-resources-data/exploredata.html
npri-5102-2023-34,2023,comp567d1198,NA - 03,kg,0.27948,,BC-MAIN-3f490561,,,https://www.canada.ca/en/environment-climate-change/services/national-pollutant-release-inventory/tools-resources-data/exploredata.html
npri-5102-2023-35,2023,comp567d1198,NA - 05,kg,1.4555,,BC-MAIN-3f490561,,,https://www.canada.ca/en/environment-climate-change/services/national-pollutant-release-inventory/tools-resources-data/exploredata.html
npri-5102-2023-36,2023,comp567d1198,NA - 06,tonnes,0.064,,BC-MAIN-3f490561,,,https://www.canada.ca/en/environment-climate-change/services/national-pollutant-release-inventory/tools-resources-data/exploredata.html
npri-5102-2023-37,2023,comp567d1198,NA - 08,kg,0.447,,BC-MAIN-3f490561,,,https://www.canada.ca/en/environment-climate-change/services/national-pollutant-release-inventory/tools-resources-data/exploredata.html
npri-5102-2023-38,2023,comp567d1198,NA - 09,tonnes,0.601,,BC-MAIN-3f490561,,,https://www.canada.ca/en/environment-climate-change/services/national-pollutant-release-inventory/tools-resources-data/exploredata.html
npri-5102-2023-39,2023,comp567d1198,NA - 11,tonnes,0.0049,,BC-MAIN-3f490561,,,https://www.canada.ca/en/environment-climate-change/services/national-pollutant-release-inventory/tools-resources-data/exploredata.html
npri-5102-2023-40,2023,comp567d1198,NA - 17,tonnes,25.407,,BC-MAIN-3f490561,,,https://www.canada.ca/en/environment-climate-change/services/national-pollutant-release-inventory/tools-resources-data/exploredata.html
npri-5102-2023-41,2023,comp567d1198,NA - 22,tonnes,0.067,,BC-MAIN-3f490561,,,https://www.canada.ca/en/environment-climate-change/services/national-pollutant-release-inventory/tools-resources-data/exploredata.html
npri-5102-2023-42,2023,comp567d1198,NA - 12,kg,268.969,,BC-MAIN-3f490561,,,https://www.canada.ca/en/environment-climate-change/services/national-pollutant-release-inventory/tools-resources-data/exploredata.html
npri-5102-2023-43,2023,comp567d1198,NA - 40,tonnes,0.0093,,BC-MAIN-3f490561,,,https://www.canada.ca/en/environment-climate-change/services/national-pollutant-release-inventory/tools-resources-data/exploredata.html
npri-5102-2023-44,2023,comp567d1198,NA - 14,tonnes,0.0434,,BC-MAIN-3f490561,,,https://www.canada.ca/en/environment-climate-change/services/national-pollutant-release-inventory/tools-resources-data/exploredata.html
npri-11867-2023-75,2023,comp567d1198,NA - 02,kg,2.300132,,ON-MAIN-aeafbb59,,,https://www.canada.ca/en/environment-climate-change/services/national-pollutant-release-inventory/tools-resources-data/exploredata.html
npri-11867-2023-76,2023,comp567d1198,NA - 06,tonnes,0.0085,,ON-MAIN-aeafbb59,,,https://www.canada.ca/en/environment-climate-change/services/national-pollutant-release-inventory/tools-resources-data/exploredata.html
npri-11867-2023-77,2023,comp567d1198,NA - 08,kg,0.52703,,ON-MAIN-aeafbb59,,,https://www.canada.ca/en/environment-climate-change/services/national-pollutant-release-inventory/tools-resources-data/exploredata.html
npri-11867-2023-78,2023,comp567d1198,NA - 11,tonnes,0.039067,,ON-MAIN-aeafbb59,,,https://www.canada.ca/en/environment-climate-change/services/national-pollutant-release-inventory/tools-resources-data/exploredata.html
npri-11867-2023-79,2023,comp567d1198,NA - 14,tonnes,0.0263,,ON-MAIN-aeafbb59,,,https://www.canada.ca/en/environment-climate-change/services/national-pollutant-release-inventory/tools-resources-data/exploredata.html
npri-11794-2023-15,2023,comp567d1198,NA - 02,kg,0.0691,,ON-MAIN-f3e6ff08,,,https://www.canada.ca/en/environment-climate-change/services/national-pollutant-release-inventory/tools-resources-data/exploredata.html
npri-2100-2023-1,2023,comp567d1198,NA - 16,tonnes,8.724,,QC-MAIN-a555d9b9,,,https://www.canada.ca/en/environment-climate-change/services/national-pollutant-release-inventory/tools-resources-data/exploredata.html
npri-2100-2023-2,2023,comp567d1198,NA - 02,kg,13.109,,QC-MAIN-a555d9b9,,,https://www.canada.ca/en/environment-climate-change/services/national-pollutant-release-inventory/tools-resources-data/exploredata.html
npri-2100-2023-3,2023,comp567d1198,NA - 03,kg,3.933,,QC-MAIN-a555d9b9,,,https://www.canada.ca/en/environment-climate-change/services/national-pollutant-release-inventory/tools-resources-data/exploredata.html
npri-2100-2023-4,2023,comp567d1198,NA - 04,tonnes,0.033,,QC-MAIN-a555d9b9,,,https://www.canada.ca/en/environment-climate-change/services/national-pollutant-release-inventory/tools-resources-data/exploredata.html
npri-2100-2023-5,2023,comp567d1198,NA - 05,kg,32.773,,QC-MAIN-a555d9b9,,,https://www.canada.ca/en/environment-climate-change/services/national-pollutant-release-inventory/tools-resources-data/exploredata.html
npri-2100-2023-6,2023,comp567d1198,NA - 06,tonnes,0.002,,QC-MAIN-a555d9b9,,,https://www.canada.ca/en/environment-climate-change/services/national-pollutant-release-inventory/tools-resources-data/exploredata.html
npri-2100-2023-7,2023,comp567d1198,7782-41-4,tonnes,87.963,,QC-MAIN-a555d9b9,,,https://www.canada.ca/en/environment-climate-change/services/national-pollutant-release-inventory/tools-resources-data/exploredata.html
npri-2100-2023-8,2023,comp567d1198,NA - 08,kg,1.966,,QC-MAIN-a555d9b9,,,https://www.canada.ca/en/environment-climate-change/services/national-pollutant-release-inventory/tools-resources-data/exploredata.html
npri-2100-2023-9,2023,comp567d1198,NA - 09,tonnes,12.087,,QC-MAIN-a555d9b9,,,https://www.canada.ca/en/environment-climate-change/services/national-pollutant-release-inventory/tools-resources-data/exploredata.html
npri-2100-2023-10,2023,comp567d1198,NA - 17,tonnes,6.968,,QC-MAIN-a555d9b9,,,https://www.canada.ca/en/environment-climate-change/services/national-pollutant-release-inventory/tools-resources-data/exploredata.html
npri-2100-2023-11,2023,comp567d1198,NA - 22,tonnes,2.091,,QC-MAIN-a555d9b9,,,https://www.canada.ca/en/environment-climate-change/services/national-pollutant-release-inventory/tools-resources-data/exploredata.html
npri-2100-2023-12,2023,comp567d1198,NA - 12,kg,13.109,,QC-MAIN-a555d9b9,,,https://www.canada.ca/en/environment-climate-change/services/national-pollutant-release-inventory/tools-resources-data/exploredata.html
npri-2100-2023-13,2023,comp567d1198,NA - 14,tonnes,0.111,,QC-MAIN-a555d9b9,,,https://www.canada.ca/en/environment-climate-change/services/national-pollutant-release-inventory/tools-resources-data/exploredata.html
npri-2935-2023-31,2023,comp567d1198,NA - 16,tonnes,0.4594,,QC-MAIN-9de9bb0d,,,https://www.canada.ca/en/environment-climate-change/services/national-pollutant-release-inventory/tools-resources-data/exploredata.html
npri-2935-2023-32,2023,comp567d1198,NA - 02,kg,0.1728,,QC-MAIN-9de9bb0d,,,https://www.canada.ca/en/environment-climate-change/services/national-pollutant-release-inventory/tools-resources-data/exploredata.html
npri-2935-2023-33,2023,comp567d1198,NA - 03,kg,0.0153,,QC-MAIN-9de9bb0d,,,https://www.canada.ca/en/environment-climate-change/services/national-pollutant-release-inventory/tools-resources-data/exploredata.html
npri-2935-2023-34,2023,comp567d1198,NA - 04,tonnes,0.000571,,QC-MAIN-9de9bb0d,,,https://www.canada.ca/en/environment-climate-change/services/national-pollutant-release-inventory/tools-resources-data/exploredata.html
npri-2935-2023-35,2023,comp567d1198,NA - 05,kg,8.4354,,QC-MAIN-9de9bb0d,,,https://www.canada.ca/en/environment-climate-change/services/national-pollutant-release-inventory/tools-resources-data/exploredata.html
npri-2935-2023-36,2023,comp567d1198,NA - 06,tonnes,0.005405,,QC-MAIN-9de9bb0d,,,https://www.canada.ca/en/environment-climate-change/services/national-pollutant-release-inventory/tools-resources-data/exploredata.html
npri-2935-2023-37,2023,comp567d1198,NA - 07,tonnes,0.002259,,QC-MAIN-9de9bb0d,,,https://www.canada.ca/en/environment-climate-change/services/national-pollutant-release-inventory/tools-resources-data/exploredata.html
npri-2935-2023-38,2023,comp567d1198,NA - 08,kg,0.00015,,QC-MAIN-9de9bb0d,,,https://www.canada.ca/en/environment-climate-change/services/national-pollutant-release-inventory/tools-resources-data/exploredata.html
npri-2935-2023-39,2023,comp567d1198,NA - 09,tonnes,0.1259,,QC-MAIN-9de9bb0d,,,https://www.canada.ca/en/environment-climate-change/services/national-pollutant-release-inventory/tools-resources-data/exploredata.html
npri-2935-2023-40,2023,comp567d1198,NA - 10,kg,0.005,,QC-MAIN-9de9bb0d,,,https://www.canada.ca/en/environment-climate-change/services/national-pollutant-release-inventory/tools-resources-data/exploredata.html
npri-2935-2023-41,2023,comp567d1198,NA - 11,tonnes,0.017592,,QC-MAIN-9de9bb0d,,,https://www.canada.ca/en/environment-climate-change/services/national-pollutant-release-inventory/tools-resources-data/exploredata.html
npri-2935-2023-42,2023,comp567d1198,NA - 17,tonnes,0.88354,,QC-MAIN-9de9bb0d,,,https://www.canada.ca/en/environment-climate-change/services/national-pollutant-release-inventory/tools-resources-data/exploredata.html
npri-2935-2023-43,2023,comp567d1198,NA - 22,tonnes,0.04055,,QC-MAIN-9de9bb0d,,,https://www.canada.ca/en/environment-climate-change/services/national-pollutant-release-inventory/tools-resources-data/exploredata.html
npri-2935-2023-44,2023,comp567d1198,NA - 12,kg,0.2028,,QC-MAIN-9de9bb0d,,,https://www.canada.ca/en/environment-climate-change/services/national-pollutant-release-inventory/tools-resources-data/exploredata.html
npri-2935-2023-45,2023,comp567d1198,NA - 14,tonnes,0.002485,,QC-MAIN-9de9bb0d,,,https://www.canada.ca/en/environment-climate-change/services/national-pollutant-release-inventory/tools-resources-data/exploredata.html
npri-2372-2023-63,2023,comp567d1198,NA - 16,tonnes,0.965684,,BC-MAIN-23155c25,,,https://www.canada.ca/en/environment-climate-change/services/national-pollutant-release-inventory/tools-resources-data/exploredata.html
npri-2372-2023-64,2023,comp567d1198,NA - 01,tonnes,0.053456,,BC-MAIN-23155c25,,,https://www.canada.ca/en/environment-climate-change/services/national-pollutant-release-inventory/tools-resources-data/exploredata.html
npri-2372-2023-65,2023,comp567d1198,NA - 02,kg,7.43,,BC-MAIN-23155c25,,,https://www.canada.ca/en/environment-climate-change/services/national-pollutant-release-inventory/tools-resources-data/exploredata.html
npri-2372-2023-66,2023,comp567d1198,NA - 03,kg,23.4,,BC-MAIN-23155c25,,,https://www.canada.ca/en/environment-climate-change/services/national-pollutant-release-inventory/tools-resources-data/exploredata.html
npri-2372-2023-67,2023,comp567d1198,NA - 04,tonnes,0.007342,,BC-MAIN-23155c25,,,https://www.canada.ca/en/environment-climate-change/services/national-pollutant-release-inventory/tools-resources-data/exploredata.html
npri-2372-2023-68,2023,comp567d1198,NA - 05,kg,10.8,,BC-MAIN-23155c25,,,https://www.canada.ca/en/environment-climate-change/services/national-pollutant-release-inventory/tools-resources-data/exploredata.html
npri-2372-2023-69,2023,comp567d1198,NA - 06,tonnes,0.5001,,BC-MAIN-23155c25,,,https://www.canada.ca/en/environment-climate-change/services/national-pollutant-release-inventory/tools-resources-data/exploredata.html
npri-2372-2023-70,2023,comp567d1198,NA - 08,kg,72.8,,BC-MAIN-23155c25,,,https://www.canada.ca/en/environment-climate-change/services/national-pollutant-release-inventory/tools-resources-data/exploredata.html
npri-2372-2023-71,2023,comp567d1198,NA - 09,tonnes,2.0,,BC-MAIN-23155c25,,,https://www.canada.ca/en/environment-climate-change/services/national-pollutant-release-inventory/tools-resources-data/exploredata.html
npri-2372-2023-72,2023,comp567d1198,NA - 10,kg,0.08,,BC-MAIN-23155c25,,,https://www.canada.ca/en/environment-climate-change/services/national-pollutant-release-inventory/tools-resources-data/exploredata.html
npri-2372-2023-73,2023,comp567d1198,NA - 11,tonnes,0.019077,,BC-MAIN-23155c25,,,https://www.canada.ca/en/environment-climate-change/services/national-pollutant-release-inventory/tools-resources-data/exploredata.html
npri-2372-2023-74,2023,comp567d1198,NA - 17,tonnes,24.72,,BC-MAIN-23155c25,,,https://www.canada.ca/en/environment-climate-change/services/national-pollutant-release-inventory/tools-resources-data/exploredata.html
npri-2372-2023-75,2023,comp567d1198,NA - 22,tonnes,0.377181,,BC-MAIN-23155c25,,,https://www.canada.ca/en/environment-climate-change/services/national-pollutant-release-inventory/tools-resources-data/exploredata.html
npri-2372-2023-76,2023,comp567d1198,NA - 12,kg,30.7,,BC-MAIN-23155c25,,,https://www.canada.ca/en/environment-climate-change/services/national-pollutant-release-inventory/tools-resources-data/exploredata.html
npri-2372-2023-77,2023,comp567d1198,NA - 13,tonnes,0.000674,,BC-MAIN-23155c25,,,https://www.canada.ca/en/environment-climate-change/services/national-pollutant-release-inventory/tools-resources-data/exploredata.html
npri-2372-2023-78,2023,comp567d1198,NA - 37,kg,0.3,,BC-MAIN-23155c25,,,https://www.canada.ca/en/environment-climate-change/services/national-pollutant-release-inventory/tools-resources-data/exploredata.html
npri-2372-2023-79,2023,comp567d1198,NA - 40,tonnes,0.023921,,BC-MAIN-23155c25,,,https://www.canada.ca/en/environment-climate-change/services/national-pollutant-release-inventory/tools-resources-data/exploredata.html
npri-2372-2023-80,2023,comp567d1198,NA - 14,tonnes,5.582286,,BC-MAIN-23155c25,,,https://www.canada.ca/en/environment-climate-change/services/national-pollutant-release-inventory/tools-resources-data/exploredata.html
npri-28726-2023-36,2023,comp567d1198,NA - 02,kg,0.16,,QC-MAIN-dc1a16f9,,,https://www.canada.ca/en/environment-climate-change/services/national-pollutant-release-inventory/tools-resources-data/exploredata.html
npri-28726-2023-37,2023,comp567d1198,NA - 08,kg,0.11,,QC-MAIN-dc1a16f9,,,https://www.canada.ca/en/environment-climate-change/services/national-pollutant-release-inventory/tools-resources-data/exploredata.html
npri-33049-2023-48,2023,comp567d1198,NA - 02,kg,2.454149,,ON-MAIN-8825d90d,,,https://www.canada.ca/en/environment-climate-change/services/national-pollutant-release-inventory/tools-resources-data/exploredata.html
npri-33049-2023-49,2023,comp567d1198,NA - 04,tonnes,0.000546,,ON-MAIN-8825d90d,,,https://www.canada.ca/en/environment-climate-change/services/national-pollutant-release-inventory/tools-resources-data/exploredata.html
npri-33049-2023-50,2023,comp567d1198,NA - 05,kg,1.550734,,ON-MAIN-8825d90d,,,https://www.canada.ca/en/environment-climate-change/services/national-pollutant-release-inventory/tools-resources-data/exploredata.html
npri-33049-2023-51,2023,comp567d1198,NA - 06,tonnes,0.006804,,ON-MAIN-8825d90d,,,https://www.canada.ca/en/environment-climate-change/services/national-pollutant-release-inventory/tools-resources-data/exploredata.html
npri-33049-2023-52,2023,comp567d1198,NA - 07,tonnes,0.008132,,ON-MAIN-8825d90d,,,https://www.canada.ca/en/environment-climate-change/services/national-pollutant-release-inventory/tools-resources-data/exploredata.html
npri-33049-2023-53,2023,comp567d1198,NA - 08,kg,0.059006,,ON-MAIN-8825d90d,,,https://www.canada.ca/en/environment-climate-change/services/national-pollutant-release-inventory/tools-resources-data/exploredata.html
npri-33049-2023-54,2023,comp567d1198,NA - 09,tonnes,0.460652,,ON-MAIN-8825d90d,,,https://www.canada.ca/en/environment-climate-change/services/national-pollutant-release-inventory/tools-resources-data/exploredata.html
npri-33049-2023-55,2023,comp567d1198,NA - 10,kg,0.004032,,ON-MAIN-8825d90d,,,https://www.canada.ca/en/environment-climate-change/services/national-pollutant-release-inventory/tools-resources-data/exploredata.html
npri-33049-2023-56,2023,comp567d1198,NA - 11,tonnes,0.001713,,ON-MAIN-8825d90d,,,https://www.canada.ca/en/environment-climate-change/services/national-pollutant-release-inventory/tools-resources-data/exploredata.html
npri-33049-2023-57,2023,comp567d1198,NA - 22,tonnes,0.048319,,ON-MAIN-8825d90d,,,https://www.canada.ca/en/environment-climate-change/services/national-pollutant-release-inventory/tools-resources-data/exploredata.html
npri-33049-2023-58,2023,comp567d1198,NA - 12,kg,0.281555,,ON-MAIN-8825d90d,,,https://www.canada.ca/en/environment-climate-change/services/national-pollutant-release-inventory/tools-resources-data/exploredata.html
npri-33049-2023-59,2023,comp567d1198,NA - 37,kg,0.01997,,ON-MAIN-8825d90d,,,https://www.canada.ca/en/environment-climate-change/services/national-pollutant-release-inventory/tools-resources-data/exploredata.html
npri-33049-2023-60,2023,comp567d1198,NA - 40,tonnes,0.00054,,ON-MAIN-8825d90d,,,https://www.canada.ca/en/environment-climate-change/services/national-pollutant-release-inventory/tools-resources-data/exploredata.html
npri-33049-2023-61,2023,comp567d1198,NA - 14,tonnes,0.003863,,ON-MAIN-8825d90d,,,https://www.canada.ca/en/environment-climate-change/services/national-pollutant-release-inventory/tools-resources-data/exploredata.html
npri-8015-2023-1,2023,comp567d1198,NA - 16,tonnes,0.005,,NL-MAIN-842ba1b4,,,https://www.canada.ca/en/environment-climate-change/services/national-pollutant-release-inventory/tools-resources-data/exploredata.html
npri-8015-2023-2,2023,comp567d1198,NA - 02,kg,0.003,,NL-MAIN-842ba1b4,,,https://www.canada.ca/en/environment-climate-change/services/national-pollutant-release-inventory/tools-resources-data/exploredata.html
npri-8015-2023-3,2023,comp567d1198,NA - 06,tonnes,0.0922,,NL-MAIN-842ba1b4,,,https://www.canada.ca/en/environment-climate-change/services/national-pollutant-release-inventory/tools-resources-data/exploredata.html
npri-8015-2023-4,2023,comp567d1198,NA - 08,kg,4.2,,NL-MAIN-842ba1b4,,,https://www.canada.ca/en/environment-climate-change/services/national-pollutant-release-inventory/tools-resources-data/exploredata.html
npri-8015-2023-5,2023,comp567d1198,NA - 14,tonnes,0.1723,,NL-MAIN-842ba1b4,,,https://www.canada.ca/en/environment-climate-change/services/national-pollutant-release-inventory/tools-resources-data/exploredata.html
npri-23273-2023-17,2023,comp567d1198,NA - 16,tonnes,0.2498,,SK-MAIN-29afbdb5,,,https://www.canada.ca/en/environment-climate-change/services/national-pollutant-release-inventory/tools-resources-data/exploredata.html
npri-23273-2023-18,2023,comp567d1198,NA - 02,kg,0.043954,,SK-MAIN-29afbdb5,,,https://www.canada.ca/en/environment-climate-change/services/national-pollutant-release-inventory/tools-resources-data/exploredata.html
npri-23273-2023-19,2023,comp567d1198,NA - 03,kg,0.003035,,SK-MAIN-29afbdb5,,,https://www.canada.ca/en/environment-climate-change/services/national-pollutant-release-inventory/tools-resources-data/exploredata.html
npri-23273-2023-20,2023,comp567d1198,NA - 04,tonnes,1.7e-05,,SK-MAIN-29afbdb5,,,https://www.canada.ca/en/environment-climate-change/services/national-pollutant-release-inventory/tools-resources-data/exploredata.html
npri-23273-2023-21,2023,comp567d1198,NA - 05,kg,1.96346,,SK-MAIN-29afbdb5,,,https://www.canada.ca/en/environment-climate-change/services/national-pollutant-release-inventory/tools-resources-data/exploredata.html
npri-23273-2023-22,2023,comp567d1198,NA - 06,tonnes,0.001181,,SK-MAIN-29afbdb5,,,https://www.canada.ca/en/environment-climate-change/services/national-pollutant-release-inventory/tools-resources-data/exploredata.html
npri-23273-2023-23,2023,comp567d1198,NA - 07,tonnes,0.000292,,SK-MAIN-29afbdb5,,,https://www.canada.ca/en/environment-climate-change/services/national-pollutant-release-inventory/tools-resources-data/exploredata.html
npri-23273-2023-24,2023,comp567d1198,NA - 08,kg,0.016528,,SK-MAIN-29afbdb5,,,https://www.canada.ca/en/environment-climate-change/services/national-pollutant-release-inventory/tools-resources-data/exploredata.html
npri-23273-2023-25,2023,comp567d1198,NA - 09,tonnes,0.020576,,SK-MAIN-29afbdb5,,,https://www.canada.ca/en/environment-climate-change/services/national-pollutant-release-inventory/tools-resources-data/exploredata.html
npri-23273-2023-26,2023,comp567d1198,NA - 11,tonnes,0.001261,,SK-MAIN-29afbdb5,,,https://www.canada.ca/en/environment-climate-change/services/national-pollutant-release-inventory/tools-resources-data/exploredata.html
npri-23273-2023-27,2023,comp567d1198,NA - 17,tonnes,48.97,,SK-MAIN-29afbdb5,,,https://www.canada.ca/en/environment-climate-change/services/national-pollutant-release-inventory/tools-resources-data/exploredata.html
npri-23273-2023-28,2023,comp567d1198,NA - 22,tonnes,0.005531,,SK-MAIN-29afbdb5,,,https://www.canada.ca/en/environment-climate-change/services/national-pollutant-release-inventory/tools-resources-data/exploredata.html
npri-23273-2023-29,2023,comp567d1198,NA - 12,kg,0.047552,,SK-MAIN-29afbdb5,,,https://www.canada.ca/en/environment-climate-change/services/national-pollutant-release-inventory/tools-resources-data/exploredata.html
npri-23273-2023-30,2023,comp567d1198,NA - 40,tonnes,0.000193,,SK-MAIN-29afbdb5,,,https://www.canada.ca/en/environment-climate-change/services/national-pollutant-release-inventory/tools-resources-data/exploredata.html
npri-23273-2023-31,2023,comp567d1198,NA - 14,tonnes,0.000478,,SK-MAIN-29afbdb5,,,https://www.canada.ca/en/environment-climate-change/services/national-pollutant-release-inventory/tools-resources-data/exploredata.html
npri-5460-2023-31,2023,comp567d1198,NA - 16,tonnes,0.1754,,NL-MAIN-b64bae7a,,,https://www.canada.ca/en/environment-climate-change/services/national-pollutant-release-inventory/tools-resources-data/exploredata.html
npri-5460-2023-32,2023,comp567d1198,NA - 02,kg,15.241,,NL-MAIN-b64bae7a,,,https://www.canada.ca/en/environment-climate-change/services/national-pollutant-release-inventory/tools-resources-data/exploredata.html
npri-5460-2023-33,2023,comp567d1198,NA - 03,kg,0.002,,NL-MAIN-b64bae7a,,,https://www.canada.ca/en/environment-climate-change/services/national-pollutant-release-inventory/tools-resources-data/exploredata.html
npri-5460-2023-34,2023,comp567d1198,NA - 05,kg,0.957,,NL-MAIN-b64bae7a,,,https://www.canada.ca/en/environment-climate-change/services/national-pollutant-release-inventory/tools-resources-data/exploredata.html
npri-5460-2023-35,2023,comp567d1198,NA - 08,kg,7.647,,NL-MAIN-b64bae7a,,,https://www.canada.ca/en/environment-climate-change/services/national-pollutant-release-inventory/tools-resources-data/exploredata.html
npri-5460-2023-36,2023,comp567d1198,NA - 09,tonnes,0.588,,NL-MAIN-b64bae7a,,,https://www.canada.ca/en/environment-climate-change/services/national-pollutant-release-inventory/tools-resources-data/exploredata.html
npri-5460-2023-37,2023,comp567d1198,NA - 17,tonnes,3.809,,NL-MAIN-b64bae7a,,,https://www.canada.ca/en/environment-climate-change/services/national-pollutant-release-inventory/tools-resources-data/exploredata.html
npri-3356-2023-29,2023,comp567d1198,NA - 02,kg,2.661,,BC-MAIN-bf503b6b,,,https://www.canada.ca/en/environment-climate-change/services/national-pollutant-release-inventory/tools-resources-data/exploredata.html
npri-3356-2023-30,2023,comp567d1198,NA - 03,kg,0.14,,BC-MAIN-bf503b6b,,,https://www.canada.ca/en/environment-climate-change/services/national-pollutant-release-inventory/tools-resources-data/exploredata.html
npri-3356-2023-31,2023,comp567d1198,NA - 05,kg,0.129,,BC-MAIN-bf503b6b,,,https://www.canada.ca/en/environment-climate-change/services/national-pollutant-release-inventory/tools-resources-data/exploredata.html
npri-3356-2023-32,2023,comp567d1198,NA - 08,kg,0.048,,BC-MAIN-bf503b6b,,,https://www.canada.ca/en/environment-climate-change/services/national-pollutant-release-inventory/tools-resources-data/exploredata.html
npri-3356-2023-33,2023,comp567d1198,NA - 12,kg,0.264,,BC-MAIN-bf503b6b,,,https://www.canada.ca/en/environment-climate-change/services/national-pollutant-release-inventory/tools-resources-data/exploredata.html
npri-1465-2023-55,2023,comp567d1198,NA - 16,tonnes,86.67,,ON-MAIN-de2f9639,,,https://www.canada.ca/en/environment-climate-change/services/national-pollutant-release-inventory/tools-resources-data/exploredata.html
npri-1465-2023-56,2023,comp567d1198,NA - 02,kg,28.1,,ON-MAIN-de2f9639,,,https://www.canada.ca/en/environment-climate-change/services/national-pollutant-release-inventory/tools-resources-data/exploredata.html
npri-10202-2023-37,2023,comp567d1198,NA - 02,kg,1.23,,ON-MAIN-48fe2205,,,https://www.canada.ca/en/environment-climate-change/services/national-pollutant-release-inventory/tools-resources-data/exploredata.html
npri-11878-2023-38,2023,comp567d1198,NA - 02,kg,0.38,,ON-MAIN-28f3f0fc,,,https://www.canada.ca/en/environment-climate-change/services/national-pollutant-release-inventory/tools-resources-data/exploredata.html
npri-1465-2023-57,2023,comp567d1198,NA - 03,kg,2.8,,ON-MAIN-de2f9639,,,https://www.canada.ca/en/environment-climate-change/services/national-pollutant-release-inventory/tools-resources-data/exploredata.html
npri-10202-2023-38,2023,comp567d1198,NA - 03,kg,0.14,,ON-MAIN-48fe2205,,,https://www.canada.ca/en/environment-climate-change/services/national-pollutant-release-inventory/tools-resources-data/exploredata.html
npri-11878-2023-39,2023,comp567d1198,NA - 03,kg,0.05,,ON-MAIN-28f3f0fc,,,https://www.canada.ca/en/environment-climate-change/services/national-pollutant-release-inventory/tools-resources-data/exploredata.html
npri-1465-2023-58,2023,comp567d1198,NA - 04,tonnes,0.005,,ON-MAIN-de2f9639,,,https://www.canada.ca/en/environment-climate-change/services/national-pollutant-release-inventory/tools-resources-data/exploredata.html
npri-1465-2023-59,2023,comp567d1198,NA - 05,kg,127.16,,ON-MAIN-de2f9639,,,https://www.canada.ca/en/environment-climate-change/services/national-pollutant-release-inventory/tools-resources-data/exploredata.html
npri-10202-2023-39,2023,comp567d1198,NA - 05,kg,2.19,,ON-MAIN-48fe2205,,,https://www.canada.ca/en/environment-climate-change/services/national-pollutant-release-inventory/tools-resources-data/exploredata.html
npri-11878-2023-40,2023,comp567d1198,NA - 05,kg,0.74,,ON-MAIN-28f3f0fc,,,https://www.canada.ca/en/environment-climate-change/services/national-pollutant-release-inventory/tools-resources-data/exploredata.html
npri-1465-2023-60,2023,comp567d1198,NA - 06,tonnes,0.52,,ON-MAIN-de2f9639,,,https://www.canada.ca/en/environment-climate-change/services/national-pollutant-release-inventory/tools-resources-data/exploredata.html
npri-10202-2023-40,2023,comp567d1198,NA - 06,tonnes,0.00214,,ON-MAIN-48fe2205,,,https://www.canada.ca/en/environment-climate-change/services/national-pollutant-release-inventory/tools-resources-data/exploredata.html
npri-11878-2023-41,2023,comp567d1198,NA - 06,tonnes,0.0019,,ON-MAIN-28f3f0fc,,,https://www.canada.ca/en/environment-climate-change/services/national-pollutant-release-inventory/tools-resources-data/exploredata.html
npri-1465-2023-61,2023,comp567d1198,NA - 08,kg,3.98,,ON-MAIN-de2f9639,,,https://www.canada.ca/en/environment-climate-change/services/national-pollutant-release-inventory/tools-resources-data/exploredata.html
npri-10202-2023-41,2023,comp567d1198,NA - 08,kg,0.09,,ON-MAIN-48fe2205,,,https://www.canada.ca/en/environment-climate-change/services/national-pollutant-release-inventory/tools-resources-data/exploredata.html
npri-11878-2023-42,2023,comp567d1198,NA - 08,kg,0.2,,ON-MAIN-28f3f0fc,,,https://www.canada.ca/en/environment-climate-change/services/national-pollutant-release-inventory/tools-resources-data/exploredata.html
npri-1465-2023-62,2023,comp567d1198,NA - 09,tonnes,0.52,,ON-MAIN-de2f9639,,,https://www.canada.ca/en/environment-climate-change/services/national-pollutant-release-inventory/tools-resources-data/exploredata.html
npri-1465-2023-63,2023,comp567d1198,NA - 10,kg,0.13,,ON-MAIN-de2f9639,,,https://www.canada.ca/en/environment-climate-change/services/national-pollutant-release-inventory/tools-resources-data/exploredata.html
npri-10202-2023-42,2023,comp567d1198,NA - 10,kg,0.07,,ON-MAIN-48fe2205,,,https://www.canada.ca/en/environment-climate-change/services/national-pollutant-release-inventory/tools-resources-data/exploredata.html
npri-11878-2023-43,2023,comp567d1198,NA - 10,kg,0.04,,ON-MAIN-28f3f0fc,,,https://www.canada.ca/en/environment-climate-change/services/national-pollutant-release-inventory/tools-resources-data/exploredata.html
npri-1465-2023-64,2023,comp567d1198,NA - 11,tonnes,5.12,,ON-MAIN-de2f9639,,,https://www.canada.ca/en/environment-climate-change/services/national-pollutant-release-inventory/tools-resources-data/exploredata.html
npri-10202-2023-43,2023,comp567d1198,NA - 11,tonnes,0.114,,ON-MAIN-48fe2205,,,https://www.canada.ca/en/environment-climate-change/services/national-pollutant-release-inventory/tools-resources-data/exploredata.html
npri-11878-2023-44,2023,comp567d1198,NA - 11,tonnes,0.038,,ON-MAIN-28f3f0fc,,,https://www.canada.ca/en/environment-climate-change/services/national-pollutant-release-inventory/tools-resources-data/exploredata.html
npri-1465-2023-65,2023,comp567d1198,NA - 17,tonnes,59.89,,ON-MAIN-de2f9639,,,https://www.canada.ca/en/environment-climate-change/services/national-pollutant-release-inventory/tools-resources-data/exploredata.html
npri-10202-2023-44,2023,comp567d1198,NA - 17,tonnes,13.022,,ON-MAIN-48fe2205,,,https://www.canada.ca/en/environment-climate-change/services/national-pollutant-release-inventory/tools-resources-data/exploredata.html
npri-1465-2023-66,2023,comp567d1198,NA - 12,kg,1271.18,,ON-MAIN-de2f9639,,,https://www.canada.ca/en/environment-climate-change/services/national-pollutant-release-inventory/tools-resources-data/exploredata.html
npri-10202-2023-45,2023,comp567d1198,NA - 12,kg,1.52,,ON-MAIN-48fe2205,,,https://www.canada.ca/en/environment-climate-change/services/national-pollutant-release-inventory/tools-resources-data/exploredata.html
npri-11878-2023-45,2023,comp567d1198,NA - 12,kg,0.54,,ON-MAIN-28f3f0fc,,,https://www.canada.ca/en/environment-climate-change/services/national-pollutant-release-inventory/tools-resources-data/exploredata.html
npri-1465-2023-67,2023,comp567d1198,NA - 37,kg,3.82,,ON-MAIN-de2f9639,,,https://www.canada.ca/en/environment-climate-change/services/national-pollutant-release-inventory/tools-resources-data/exploredata.html
npri-1465-2023-68,2023,comp567d1198,NA - 14,tonnes,0.066,,ON-MAIN-de2f9639,,,https://www.canada.ca/en/environment-climate-change/services/national-pollutant-release-inventory/tools-resources-data/exploredata.html
npri-10010-2023-34,2023,comp567d1198,NA - 02,kg,0.5452,,ON-MAIN-cb85213a,,,https://www.canada.ca/en/environment-climate-change/services/national-pollutant-release-inventory/tools-resources-data/exploredata.html
npri-10010-2023-35,2023,comp567d1198,NA - 06,tonnes,0.007002,,ON-MAIN-cb85213a,,,https://www.canada.ca/en/environment-climate-change/services/national-pollutant-release-inventory/tools-resources-data/exploredata.html
npri-10010-2023-36,2023,comp567d1198,NA - 07,tonnes,0.006789,,ON-MAIN-cb85213a,,,https://www.canada.ca/en/environment-climate-change/services/national-pollutant-release-inventory/tools-resources-data/exploredata.html
npri-10010-2023-37,2023,comp567d1198,NA - 08,kg,0.14374,,ON-MAIN-cb85213a,,,https://www.canada.ca/en/environment-climate-change/services/national-pollutant-release-inventory/tools-resources-data/exploredata.html
npri-10010-2023-38,2023,comp567d1198,NA - 11,tonnes,0.001633,,ON-MAIN-cb85213a,,,https://www.canada.ca/en/environment-climate-change/services/national-pollutant-release-inventory/tools-resources-data/exploredata.html
npri-10010-2023-39,2023,comp567d1198,NA - 14,tonnes,0.003055,,ON-MAIN-cb85213a,,,https://www.canada.ca/en/environment-climate-change/services/national-pollutant-release-inventory/tools-resources-data/exploredata.html
npri-1568-2023-88,2023,compb4e31bc7,NA - 16,tonnes,Amikougami Creek,,ON-MAIN-1f126a43,,,https://www.canada.ca/en/environment-climate-change/services/national-pollutant-release-inventory/tools-resources-data/exploredata.html
npri-1568-2023-89,2023,compb4e31bc7,NA - 02,kg,Amikougami Creek,,ON-MAIN-1f126a43,,,https://www.canada.ca/en/environment-climate-change/services/national-pollutant-release-inventory/tools-resources-data/exploredata.html
npri-1568-2023-90,2023,compb4e31bc7,NA - 03,kg,Amikougami Creek,,ON-MAIN-1f126a43,,,https://www.canada.ca/en/environment-climate-change/services/national-pollutant-release-inventory/tools-resources-data/exploredata.html
npri-1568-2023-91,2023,compb4e31bc7,NA - 04,tonnes,Amikougami Creek,,ON-MAIN-1f126a43,,,https://www.canada.ca/en/environment-climate-change/services/national-pollutant-release-inventory/tools-resources-data/exploredata.html
npri-1568-2023-92,2023,compb4e31bc7,NA - 05,kg,Amikougami Creek,,ON-MAIN-1f126a43,,,https://www.canada.ca/en/environment-climate-change/services/national-pollutant-release-inventory/tools-resources-data/exploredata.html
npri-1568-2023-93,2023,compb4e31bc7,NA - 06,tonnes,Amikougami Creek,,ON-MAIN-1f126a43,,,https://www.canada.ca/en/environment-climate-change/services/national-pollutant-release-inventory/tools-resources-data/exploredata.html
npri-1568-2023-94,2023,compb4e31bc7,NA - 07,tonnes,Amikougami Creek,,ON-MAIN-1f126a43,,,https://www.canada.ca/en/environment-climate-change/services/national-pollutant-release-inventory/tools-resources-data/exploredata.html
npri-1568-2023-95,2023,compb4e31bc7,NA - 08,kg,Amikougami Creek,,ON-MAIN-1f126a43,,,https://www.canada.ca/en/environment-climate-change/services/national-pollutant-release-inventory/tools-resources-data/exploredata.html
npri-1568-2023-96,2023,compb4e31bc7,NA - 09,tonnes,Amikougami Creek,,ON-MAIN-1f126a43,,,https://www.canada.ca/en/environment-climate-change/services/national-pollutant-release-inventory/tools-resources-data/exploredata.html
npri-1568-2023-97,2023,compb4e31bc7,NA - 10,kg,Amikougami Creek,,ON-MAIN-1f126a43,,,https://www.canada.ca/en/environment-climate-change/services/national-pollutant-release-inventory/tools-resources-data/exploredata.html
npri-1568-2023-98,2023,compb4e31bc7,NA - 11,tonnes,Amikougami Creek,,ON-MAIN-1f126a43,,,https://www.canada.ca/en/environment-climate-change/services/national-pollutant-release-inventory/tools-resources-data/exploredata.html
npri-1568-2023-99,2023,compb4e31bc7,NA - 17,tonnes,Amikougami Creek,,ON-MAIN-1f126a43,,,https://www.canada.ca/en/environment-climate-change/services/national-pollutant-release-inventory/tools-resources-data/exploredata.html
npri-1568-2023-100,2023,compb4e31bc7,NA - 22,tonnes,Amikougami Creek,,ON-MAIN-1f126a43,,,https://www.canada.ca/en/environment-climate-change/services/national-pollutant-release-inventory/tools-resources-data/exploredata.html
npri-1568-2023-101,2023,compb4e31bc7,NA - 12,kg,Amikougami Creek,,ON-MAIN-1f126a43,,,https://www.canada.ca/en/environment-climate-change/services/national-pollutant-release-inventory/tools-resources-data/exploredata.html
npri-1568-2023-102,2023,compb4e31bc7,NA - 37,kg,Amikougami Creek,,ON-MAIN-1f126a43,,,https://www.canada.ca/en/environment-climate-change/services/national-pollutant-release-inventory/tools-resources-data/exploredata.html
npri-1568-2023-103,2023,compb4e31bc7,NA - 40,tonnes,Amikougami Creek,,ON-MAIN-1f126a43,,,https://www.canada.ca/en/environment-climate-change/services/national-pollutant-release-inventory/tools-resources-data/exploredata.html
npri-1568-2023-104,2023,compb4e31bc7,NA - 14,tonnes,Amikougami Creek,,ON-MAIN-1f126a43,,,https://www.canada.ca/en/environment-climate-change/services/national-pollutant-release-inventory/tools-resources-data/exploredata.html
npri-25188-2023-84,2023,compb4e31bc7,NA - 02,kg,Ruisseau Raymond,,QC-MAIN-e7e6a960,,,https://www.canada.ca/en/environment-climate-change/services/national-pollutant-release-inventory/tools-resources-data/exploredata.html
npri-25188-2023-85,2023,compb4e31bc7,NA - 03,kg,Ruisseau Raymond,,QC-MAIN-e7e6a960,,,https://www.canada.ca/en/environment-climate-change/services/national-pollutant-release-inventory/tools-resources-data/exploredata.html
npri-25188-2023-86,2023,compb4e31bc7,NA - 04,tonnes,Ruisseau Raymond,,QC-MAIN-e7e6a960,,,https://www.canada.ca/en/environment-climate-change/services/national-pollutant-release-inventory/tools-resources-data/exploredata.html
npri-25188-2023-87,2023,compb4e31bc7,NA - 05,kg,Ruisseau Raymond,,QC-MAIN-e7e6a960,,,https://www.canada.ca/en/environment-climate-change/services/national-pollutant-release-inventory/tools-resources-data/exploredata.html
npri-25188-2023-88,2023,compb4e31bc7,NA - 06,tonnes,Ruisseau Raymond,,QC-MAIN-e7e6a960,,,https://www.canada.ca/en/environment-climate-change/services/national-pollutant-release-inventory/tools-resources-data/exploredata.html
npri-25188-2023-89,2023,compb4e31bc7,NA - 07,tonnes,Ruisseau Raymond,,QC-MAIN-e7e6a960,,,https://www.canada.ca/en/environment-climate-change/services/national-pollutant-release-inventory/tools-resources-data/exploredata.html
npri-25188-2023-90,2023,compb4e31bc7,NA - 08,kg,Ruisseau Raymond,,QC-MAIN-e7e6a960,,,https://www.canada.ca/en/environment-climate-change/services/national-pollutant-release-inventory/tools-resources-data/exploredata.html
npri-25188-2023-91,2023,compb4e31bc7,NA - 09,tonnes,Ruisseau Raymond,,QC-MAIN-e7e6a960,,,https://www.canada.ca/en/environment-climate-change/services/national-pollutant-release-inventory/tools-resources-data/exploredata.html
npri-25188-2023-92,2023,compb4e31bc7,NA - 10,kg,Ruisseau Raymond,,QC-MAIN-e7e6a960,,,https://www.canada.ca/en/environment-climate-change/services/national-pollutant-release-inventory/tools-resources-data/exploredata.html
npri-25188-2023-93,2023,compb4e31bc7,NA - 11,tonnes,Ruisseau Raymond,,QC-MAIN-e7e6a960,,,https://www.canada.ca/en/environment-climate-change/services/national-pollutant-release-inventory/tools-resources-data/exploredata.html
npri-25188-2023-94,2023,compb4e31bc7,NA - 12,kg,Ruisseau Raymond,,QC-MAIN-e7e6a960,,,https://www.canada.ca/en/environment-climate-change/services/national-pollutant-release-inventory/tools-resources-data/exploredata.html
npri-25188-2023-95,2023,compb4e31bc7,NA - 37,kg,Ruisseau Raymond,,QC-MAIN-e7e6a960,,,https://www.canada.ca/en/environment-climate-change/services/national-pollutant-release-inventory/tools-resources-data/exploredata.html
npri-25188-2023-96,2023,compb4e31bc7,NA - 40,tonnes,Ruisseau Raymond,,QC-MAIN-e7e6a960,,,https://www.canada.ca/en/environment-climate-change/services/national-pollutant-release-inventory/tools-resources-data/exploredata.html
npri-25188-2023-97,2023,compb4e31bc7,NA - 14,tonnes,Ruisseau Raymond,,QC-MAIN-e7e6a960,,,https://www.canada.ca/en/environment-climate-change/services/national-pollutant-release-inventory/tools-resources-data/exploredata.html
npri-24216-2023-103,2023,compb4e31bc7,NA - 01,tonnes,"Mammoth Lake, Second Portage Lake, Whale Tail Lake",,NU-MAIN-730aefe3,,,https://www.canada.ca/en/environment-climate-change/services/national-pollutant-release-inventory/tools-resources-data/exploredata.html
npri-24216-2023-104,2023,compb4e31bc7,NA - 02,kg,"Mammoth Lake, Second Portage Lake, Whale Tail Lake",,NU-MAIN-730aefe3,,,https://www.canada.ca/en/environment-climate-change/services/national-pollutant-release-inventory/tools-resources-data/exploredata.html
npri-24216-2023-105,2023,compb4e31bc7,NA - 03,kg,"Mammoth Lake, Second Portage Lake, Whale Tail Lake",,NU-MAIN-730aefe3,,,https://www.canada.ca/en/environment-climate-change/services/national-pollutant-release-inventory/tools-resources-data/exploredata.html
npri-24216-2023-106,2023,compb4e31bc7,NA - 04,tonnes,"Mammoth Lake, Second Portage Lake, Whale Tail Lake",,NU-MAIN-730aefe3,,,https://www.canada.ca/en/environment-climate-change/services/national-pollutant-release-inventory/tools-resources-data/exploredata.html
npri-24216-2023-107,2023,compb4e31bc7,NA - 05,kg,"Mammoth Lake, Second Portage Lake, Whale Tail Lake",,NU-MAIN-730aefe3,,,https://www.canada.ca/en/environment-climate-change/services/national-pollutant-release-inventory/tools-resources-data/exploredata.html
npri-24216-2023-108,2023,compb4e31bc7,NA - 06,tonnes,"Mammoth Lake, Second Portage Lake, Whale Tail Lake",,NU-MAIN-730aefe3,,,https://www.canada.ca/en/environment-climate-change/services/national-pollutant-release-inventory/tools-resources-data/exploredata.html
npri-24216-2023-109,2023,compb4e31bc7,NA - 07,tonnes,"Mammoth Lake, Second Portage Lake, Whale Tail Lake",,NU-MAIN-730aefe3,,,https://www.canada.ca/en/environment-climate-change/services/national-pollutant-release-inventory/tools-resources-data/exploredata.html
npri-24216-2023-110,2023,compb4e31bc7,NA - 08,kg,"Mammoth Lake, Second Portage Lake, Whale Tail Lake",,NU-MAIN-730aefe3,,,https://www.canada.ca/en/environment-climate-change/services/national-pollutant-release-inventory/tools-resources-data/exploredata.html
npri-24216-2023-111,2023,compb4e31bc7,NA - 09,tonnes,"Mammoth Lake, Second Portage Lake, Whale Tail Lake",,NU-MAIN-730aefe3,,,https://www.canada.ca/en/environment-climate-change/services/national-pollutant-release-inventory/tools-resources-data/exploredata.html
npri-24216-2023-112,2023,compb4e31bc7,NA - 11,tonnes,"Mammoth Lake, Second Portage Lake, Whale Tail Lake",,NU-MAIN-730aefe3,,,https://www.canada.ca/en/environment-climate-change/services/national-pollutant-release-inventory/tools-resources-data/exploredata.html
npri-24216-2023-113,2023,compb4e31bc7,NA - 22,tonnes,"Mammoth Lake, Second Portage Lake, Whale Tail Lake",,NU-MAIN-730aefe3,,,https://www.canada.ca/en/environment-climate-change/services/national-pollutant-release-inventory/tools-resources-data/exploredata.html
npri-24216-2023-114,2023,compb4e31bc7,NA - 12,kg,"Mammoth Lake, Second Portage Lake, Whale Tail Lake",,NU-MAIN-730aefe3,,,https://www.canada.ca/en/environment-climate-change/services/national-pollutant-release-inventory/tools-resources-data/exploredata.html
npri-24216-2023-115,2023,compb4e31bc7,NA - 37,kg,"Mammoth Lake, Second Portage Lake, Whale Tail Lake",,NU-MAIN-730aefe3,,,https://www.canada.ca/en/environment-climate-change/services/national-pollutant-release-inventory/tools-resources-data/exploredata.html
npri-24216-2023-116,2023,compb4e31bc7,NA - 14,tonnes,"Mammoth Lake, Second Portage Lake, Whale Tail Lake",,NU-MAIN-730aefe3,,,https://www.canada.ca/en/environment-climate-change/services/national-pollutant-release-inventory/tools-resources-data/exploredata.html
npri-8757-2023-39,2023,compb4e31bc7,NA - 02,kg,Ruisseau Sans Nom,,QC-MAIN-c0660aec,,,https://www.canada.ca/en/environment-climate-change/services/national-pollutant-release-inventory/tools-resources-data/exploredata.html
npri-8757-2023-40,2023,compb4e31bc7,NA - 03,kg,Ruisseau Sans Nom,,QC-MAIN-c0660aec,,,https://www.canada.ca/en/environment-climate-change/services/national-pollutant-release-inventory/tools-resources-data/exploredata.html
npri-8757-2023-41,2023,compb4e31bc7,NA - 04,tonnes,Ruisseau Sans Nom,,QC-MAIN-c0660aec,,,https://www.canada.ca/en/environment-climate-change/services/national-pollutant-release-inventory/tools-resources-data/exploredata.html
npri-8757-2023-42,2023,compb4e31bc7,NA - 05,kg,Ruisseau Sans Nom,,QC-MAIN-c0660aec,,,https://www.canada.ca/en/environment-climate-change/services/national-pollutant-release-inventory/tools-resources-data/exploredata.html
npri-8757-2023-43,2023,compb4e31bc7,NA - 06,tonnes,Ruisseau Sans Nom,,QC-MAIN-c0660aec,,,https://www.canada.ca/en/environment-climate-change/services/national-pollutant-release-inventory/tools-resources-data/exploredata.html
npri-8757-2023-44,2023,compb4e31bc7,NA - 08,kg,Ruisseau Sans Nom,,QC-MAIN-c0660aec,,,https://www.canada.ca/en/environment-climate-change/services/national-pollutant-release-inventory/tools-resources-data/exploredata.html
npri-8757-2023-45,2023,compb4e31bc7,NA - 09,tonnes,Ruisseau Sans Nom,,QC-MAIN-c0660aec,,,https://www.canada.ca/en/environment-climate-change/services/national-pollutant-release-inventory/tools-resources-data/exploredata.html
npri-8757-2023-46,2023,compb4e31bc7,NA - 11,tonnes,Ruisseau Sans Nom,,QC-MAIN-c0660aec,,,https://www.canada.ca/en/environment-climate-change/services/national-pollutant-release-inventory/tools-resources-data/exploredata.html
npri-8757-2023-47,2023,compb4e31bc7,NA - 14,tonnes,Ruisseau Sans Nom,,QC-MAIN-c0660aec,,,https://www.canada.ca/en/environment-climate-change/services/national-pollutant-release-inventory/tools-resources-data/exploredata.html
npri-11454-2023-78,2023,compb4e31bc7,NA - 16,tonnes,Lac Goudreau,,ON-MAIN-687b8c8d,,,https://www.canada.ca/en/environment-climate-change/services/national-pollutant-release-inventory/tools-resources-data/exploredata.html
npri-26132-2023-104,2023,compb4e31bc7,NA - 16,tonnes,Montreal River,,ON-MAIN-7607a50e,,,https://www.canada.ca/en/environment-climate-change/services/national-pollutant-release-inventory/tools-resources-data/exploredata.html
npri-26132-2023-105,2023,compb4e31bc7,NA - 01,tonnes,Montreal River,,ON-MAIN-7607a50e,,,https://www.canada.ca/en/environment-climate-change/services/national-pollutant-release-inventory/tools-resources-data/exploredata.html
npri-11454-2023-79,2023,compb4e31bc7,NA - 02,kg,Lac Goudreau,,ON-MAIN-687b8c8d,,,https://www.canada.ca/en/environment-climate-change/services/national-pollutant-release-inventory/tools-resources-data/exploredata.html
npri-26132-2023-106,2023,compb4e31bc7,NA - 02,kg,Montreal River,,ON-MAIN-7607a50e,,,https://www.canada.ca/en/environment-climate-change/services/national-pollutant-release-inventory/tools-resources-data/exploredata.html
npri-11454-2023-80,2023,compb4e31bc7,NA - 03,kg,Lac Goudreau,,ON-MAIN-687b8c8d,,,https://www.canada.ca/en/environment-climate-change/services/national-pollutant-release-inventory/tools-resources-data/exploredata.html
npri-26132-2023-107,2023,compb4e31bc7,NA - 03,kg,Montreal River,,ON-MAIN-7607a50e,,,https://www.canada.ca/en/environment-climate-change/services/national-pollutant-release-inventory/tools-resources-data/exploredata.html
npri-11454-2023-81,2023,compb4e31bc7,NA - 04,tonnes,Lac Goudreau,,ON-MAIN-687b8c8d,,,https://www.canada.ca/en/environment-climate-change/services/national-pollutant-release-inventory/tools-resources-data/exploredata.html
npri-26132-2023-108,2023,compb4e31bc7,NA - 04,tonnes,Montreal River,,ON-MAIN-7607a50e,,,https://www.canada.ca/en/environment-climate-change/services/national-pollutant-release-inventory/tools-resources-data/exploredata.html
npri-11454-2023-82,2023,compb4e31bc7,NA - 05,kg,Lac Goudreau,,ON-MAIN-687b8c8d,,,https://www.canada.ca/en/environment-climate-change/services/national-pollutant-release-inventory/tools-resources-data/exploredata.html
npri-26132-2023-109,2023,compb4e31bc7,NA - 05,kg,Montreal River,,ON-MAIN-7607a50e,,,https://www.canada.ca/en/environment-climate-change/services/national-pollutant-release-inventory/tools-resources-data/exploredata.html
npri-11454-2023-83,2023,compb4e31bc7,NA - 06,tonnes,Lac Goudreau,,ON-MAIN-687b8c8d,,,https://www.canada.ca/en/environment-climate-change/services/national-pollutant-release-inventory/tools-resources-data/exploredata.html
npri-26132-2023-110,2023,compb4e31bc7,NA - 06,tonnes,Montreal River,,ON-MAIN-7607a50e,,,https://www.canada.ca/en/environment-climate-change/services/national-pollutant-release-inventory/tools-resources-data/exploredata.html
npri-11454-2023-84,2023,compb4e31bc7,NA - 07,tonnes,Lac Goudreau,,ON-MAIN-687b8c8d,,,https://www.canada.ca/en/environment-climate-change/services/national-pollutant-release-inventory/tools-resources-data/exploredata.html
npri-11454-2023-85,2023,compb4e31bc7,NA - 08,kg,Lac Goudreau,,ON-MAIN-687b8c8d,,,https://www.canada.ca/en/environment-climate-change/services/national-pollutant-release-inventory/tools-resources-data/exploredata.html
npri-26132-2023-111,2023,compb4e31bc7,NA - 08,kg,Montreal River,,ON-MAIN-7607a50e,,,https://www.canada.ca/en/environment-climate-change/services/national-pollutant-release-inventory/tools-resources-data/exploredata.html
npri-11454-2023-86,2023,compb4e31bc7,NA - 09,tonnes,Lac Goudreau,,ON-MAIN-687b8c8d,,,https://www.canada.ca/en/environment-climate-change/services/national-pollutant-release-inventory/tools-resources-data/exploredata.html
npri-11454-2023-87,2023,compb4e31bc7,NA - 10,kg,Lac Goudreau,,ON-MAIN-687b8c8d,,,https://www.canada.ca/en/environment-climate-change/services/national-pollutant-release-inventory/tools-resources-data/exploredata.html
npri-26132-2023-112,2023,compb4e31bc7,NA - 10,kg,Montreal River,,ON-MAIN-7607a50e,,,https://www.canada.ca/en/environment-climate-change/services/national-pollutant-release-inventory/tools-resources-data/exploredata.html
npri-11454-2023-88,2023,compb4e31bc7,NA - 11,tonnes,Lac Goudreau,,ON-MAIN-687b8c8d,,,https://www.canada.ca/en/environment-climate-change/services/national-pollutant-release-inventory/tools-resources-data/exploredata.html
npri-26132-2023-113,2023,compb4e31bc7,NA - 11,tonnes,Montreal River,,ON-MAIN-7607a50e,,,https://www.canada.ca/en/environment-climate-change/services/national-pollutant-release-inventory/tools-resources-data/exploredata.html
npri-11454-2023-89,2023,compb4e31bc7,NA - 17,tonnes,Lac Goudreau,,ON-MAIN-687b8c8d,,,https://www.canada.ca/en/environment-climate-change/services/national-pollutant-release-inventory/tools-resources-data/exploredata.html
npri-26132-2023-114,2023,compb4e31bc7,NA - 17,tonnes,Montreal River,,ON-MAIN-7607a50e,,,https://www.canada.ca/en/environment-climate-change/services/national-pollutant-release-inventory/tools-resources-data/exploredata.html
npri-26132-2023-115,2023,compb4e31bc7,NA - 22,tonnes,Montreal River,,ON-MAIN-7607a50e,,,https://www.canada.ca/en/environment-climate-change/services/national-pollutant-release-inventory/tools-resources-data/exploredata.html
npri-11454-2023-90,2023,compb4e31bc7,NA - 12,kg,Lac Goudreau,,ON-MAIN-687b8c8d,,,https://www.canada.ca/en/environment-climate-change/services/national-pollutant-release-inventory/tools-resources-data/exploredata.html
npri-26132-2023-116,2023,compb4e31bc7,NA - 12,kg,Montreal River,,ON-MAIN-7607a50e,,,https://www.canada.ca/en/environment-climate-change/services/national-pollutant-release-inventory/tools-resources-data/exploredata.html
npri-26132-2023-117,2023,compb4e31bc7,NA - 13,tonnes,Montreal River,,ON-MAIN-7607a50e,,,https://www.canada.ca/en/environment-climate-change/services/national-pollutant-release-inventory/tools-resources-data/exploredata.html
npri-26132-2023-118,2023,compb4e31bc7,NA - 37,kg,Montreal River,,ON-MAIN-7607a50e,,,https://www.canada.ca/en/environment-climate-change/services/national-pollutant-release-inventory/tools-resources-data/exploredata.html
npri-26132-2023-119,2023,compb4e31bc7,NA - 40,tonnes,Montreal River,,ON-MAIN-7607a50e,,,https://www.canada.ca/en/environment-climate-change/services/national-pollutant-release-inventory/tools-resources-data/exploredata.html
npri-11454-2023-91,2023,compb4e31bc7,NA - 14,tonnes,Lac Goudreau,,ON-MAIN-687b8c8d,,,https://www.canada.ca/en/environment-climate-change/services/national-pollutant-release-inventory/tools-resources-data/exploredata.html
npri-26132-2023-120,2023,compb4e31bc7,NA - 14,tonnes,Montreal River,,ON-MAIN-7607a50e,,,https://www.canada.ca/en/environment-climate-change/services/national-pollutant-release-inventory/tools-resources-data/exploredata.html
npri-2000-2023-83,2023,compb4e31bc7,NA - 02,kg,Fleuve Saint-Laurent,,QC-MAIN-e25eed27,,,https://www.canada.ca/en/environment-climate-change/services/national-pollutant-release-inventory/tools-resources-data/exploredata.html
npri-6217-2023-76,2023,compb4e31bc7,NA - 02,kg,Rivière aux Pékans,,QC-MAIN-084bd95c,,,https://www.canada.ca/en/environment-climate-change/services/national-pollutant-release-inventory/tools-resources-data/exploredata.html
npri-2000-2023-84,2023,compb4e31bc7,NA - 03,kg,Fleuve Saint-Laurent,,QC-MAIN-e25eed27,,,https://www.canada.ca/en/environment-climate-change/services/national-pollutant-release-inventory/tools-resources-data/exploredata.html
npri-6217-2023-77,2023,compb4e31bc7,NA - 03,kg,Rivière aux Pékans,,QC-MAIN-084bd95c,,,https://www.canada.ca/en/environment-climate-change/services/national-pollutant-release-inventory/tools-resources-data/exploredata.html
npri-2000-2023-85,2023,compb4e31bc7,NA - 04,tonnes,Fleuve Saint-Laurent,,QC-MAIN-e25eed27,,,https://www.canada.ca/en/environment-climate-change/services/national-pollutant-release-inventory/tools-resources-data/exploredata.html
npri-6217-2023-78,2023,compb4e31bc7,NA - 04,tonnes,Rivière aux Pékans,,QC-MAIN-084bd95c,,,https://www.canada.ca/en/environment-climate-change/services/national-pollutant-release-inventory/tools-resources-data/exploredata.html
npri-6217-2023-79,2023,compb4e31bc7,NA - 05,kg,Rivière aux Pékans,,QC-MAIN-084bd95c,,,https://www.canada.ca/en/environment-climate-change/services/national-pollutant-release-inventory/tools-resources-data/exploredata.html
npri-6217-2023-80,2023,compb4e31bc7,NA - 06,tonnes,Rivière aux Pékans,,QC-MAIN-084bd95c,,,https://www.canada.ca/en/environment-climate-change/services/national-pollutant-release-inventory/tools-resources-data/exploredata.html
npri-2000-2023-86,2023,compb4e31bc7,NA - 08,kg,Fleuve Saint-Laurent,,QC-MAIN-e25eed27,,,https://www.canada.ca/en/environment-climate-change/services/national-pollutant-release-inventory/tools-resources-data/exploredata.html
npri-6217-2023-81,2023,compb4e31bc7,NA - 08,kg,Rivière aux Pékans,,QC-MAIN-084bd95c,,,https://www.canada.ca/en/environment-climate-change/services/national-pollutant-release-inventory/tools-resources-data/exploredata.html
npri-2000-2023-87,2023,compb4e31bc7,NA - 09,tonnes,Fleuve Saint-Laurent,,QC-MAIN-e25eed27,,,https://www.canada.ca/en/environment-climate-change/services/national-pollutant-release-inventory/tools-resources-data/exploredata.html
npri-6217-2023-82,2023,compb4e31bc7,NA - 09,tonnes,Rivière aux Pékans,,QC-MAIN-084bd95c,,,https://www.canada.ca/en/environment-climate-change/services/national-pollutant-release-inventory/tools-resources-data/exploredata.html
npri-2000-2023-88,2023,compb4e31bc7,NA - 10,kg,Fleuve Saint-Laurent,,QC-MAIN-e25eed27,,,https://www.canada.ca/en/environment-climate-change/services/national-pollutant-release-inventory/tools-resources-data/exploredata.html
npri-6217-2023-83,2023,compb4e31bc7,NA - 10,kg,Rivière aux Pékans,,QC-MAIN-084bd95c,,,https://www.canada.ca/en/environment-climate-change/services/national-pollutant-release-inventory/tools-resources-data/exploredata.html
npri-6217-2023-84,2023,compb4e31bc7,NA - 11,tonnes,Rivière aux Pékans,,QC-MAIN-084bd95c,,,https://www.canada.ca/en/environment-climate-change/services/national-pollutant-release-inventory/tools-resources-data/exploredata.html
npri-6217-2023-85,2023,compb4e31bc7,NA - 17,tonnes,Rivière aux Pékans,,QC-MAIN-084bd95c,,,https://www.canada.ca/en/environment-climate-change/services/national-pollutant-release-inventory/tools-resources-data/exploredata.html
npri-8778-2023-18,2023,compb4e31bc7,NA - 17,tonnes,Lac Fire,,QC-MAIN-33c09b8b,,,https://www.canada.ca/en/environment-climate-change/services/national-pollutant-release-inventory/tools-resources-data/exploredata.html
npri-2000-2023-89,2023,compb4e31bc7,NA - 22,tonnes,Fleuve Saint-Laurent,,QC-MAIN-e25eed27,,,https://www.canada.ca/en/environment-climate-change/services/national-pollutant-release-inventory/tools-resources-data/exploredata.html
npri-6217-2023-86,2023,compb4e31bc7,NA - 22,tonnes,Rivière aux Pékans,,QC-MAIN-084bd95c,,,https://www.canada.ca/en/environment-climate-change/services/national-pollutant-release-inventory/tools-resources-data/exploredata.html
npri-6217-2023-87,2023,compb4e31bc7,NA - 12,kg,Rivière aux Pékans,,QC-MAIN-084bd95c,,,https://www.canada.ca/en/environment-climate-change/services/national-pollutant-release-inventory/tools-resources-data/exploredata.html
npri-2000-2023-90,2023,compb4e31bc7,NA - 37,kg,Fleuve Saint-Laurent,,QC-MAIN-e25eed27,,,https://www.canada.ca/en/environment-climate-change/services/national-pollutant-release-inventory/tools-resources-data/exploredata.html
npri-6217-2023-88,2023,compb4e31bc7,NA - 40,tonnes,Rivière aux Pékans,,QC-MAIN-084bd95c,,,https://www.canada.ca/en/environment-climate-change/services/national-pollutant-release-inventory/tools-resources-data/exploredata.html
npri-6217-2023-89,2023,compb4e31bc7,NA - 14,tonnes,Rivière aux Pékans,,QC-MAIN-084bd95c,,,https://www.canada.ca/en/environment-climate-change/services/national-pollutant-release-inventory/tools-resources-data/exploredata.html
npri-1148-2023-66,2023,compb4e31bc7,NA - 16,tonnes,"Horsefly Lake, Wolf Lake",,SK-MAIN-bb89158f,,,https://www.canada.ca/en/environment-climate-change/services/national-pollutant-release-inventory/tools-resources-data/exploredata.html
npri-1148-2023-67,2023,compb4e31bc7,NA - 02,kg,"Horsefly Lake, Wolf Lake",,SK-MAIN-bb89158f,,,https://www.canada.ca/en/environment-climate-change/services/national-pollutant-release-inventory/tools-resources-data/exploredata.html
npri-1149-2023-24,2023,compb4e31bc7,NA - 02,kg,Read Creek,,SK-MAIN-d3c471e8,,,https://www.canada.ca/en/environment-climate-change/services/national-pollutant-release-inventory/tools-resources-data/exploredata.html
npri-19397-2023-18,2023,compb4e31bc7,NA - 02,kg,Waterbury Lake,,SK-MAIN-91cf5448,,,https://www.canada.ca/en/environment-climate-change/services/national-pollutant-release-inventory/tools-resources-data/exploredata.html
npri-1148-2023-68,2023,compb4e31bc7,NA - 03,kg,"Horsefly Lake, Wolf Lake",,SK-MAIN-bb89158f,,,https://www.canada.ca/en/environment-climate-change/services/national-pollutant-release-inventory/tools-resources-data/exploredata.html
npri-1149-2023-25,2023,compb4e31bc7,NA - 03,kg,Read Creek,,SK-MAIN-d3c471e8,,,https://www.canada.ca/en/environment-climate-change/services/national-pollutant-release-inventory/tools-resources-data/exploredata.html
npri-19397-2023-19,2023,compb4e31bc7,NA - 03,kg,Waterbury Lake,,SK-MAIN-91cf5448,,,https://www.canada.ca/en/environment-climate-change/services/national-pollutant-release-inventory/tools-resources-data/exploredata.html
npri-1148-2023-69,2023,compb4e31bc7,NA - 05,kg,"Horsefly Lake, Wolf Lake",,SK-MAIN-bb89158f,,,https://www.canada.ca/en/environment-climate-change/services/national-pollutant-release-inventory/tools-resources-data/exploredata.html
npri-19397-2023-20,2023,compb4e31bc7,NA - 05,kg,Waterbury Lake,,SK-MAIN-91cf5448,,,https://www.canada.ca/en/environment-climate-change/services/national-pollutant-release-inventory/tools-resources-data/exploredata.html
npri-1148-2023-70,2023,compb4e31bc7,NA - 06,tonnes,"Horsefly Lake, Wolf Lake",,SK-MAIN-bb89158f,,,https://www.canada.ca/en/environment-climate-change/services/national-pollutant-release-inventory/tools-resources-data/exploredata.html
npri-1148-2023-71,2023,compb4e31bc7,NA - 08,kg,"Horsefly Lake, Wolf Lake",,SK-MAIN-bb89158f,,,https://www.canada.ca/en/environment-climate-change/services/national-pollutant-release-inventory/tools-resources-data/exploredata.html
npri-1149-2023-26,2023,compb4e31bc7,NA - 08,kg,Read Creek,,SK-MAIN-d3c471e8,,,https://www.canada.ca/en/environment-climate-change/services/national-pollutant-release-inventory/tools-resources-data/exploredata.html
npri-19397-2023-21,2023,compb4e31bc7,NA - 08,kg,Waterbury Lake,,SK-MAIN-91cf5448,,,https://www.canada.ca/en/environment-climate-change/services/national-pollutant-release-inventory/tools-resources-data/exploredata.html
npri-1148-2023-72,2023,compb4e31bc7,NA - 09,tonnes,"Horsefly Lake, Wolf Lake",,SK-MAIN-bb89158f,,,https://www.canada.ca/en/environment-climate-change/services/national-pollutant-release-inventory/tools-resources-data/exploredata.html
npri-1148-2023-73,2023,compb4e31bc7,NA - 11,tonnes,"Horsefly Lake, Wolf Lake",,SK-MAIN-bb89158f,,,https://www.canada.ca/en/environment-climate-change/services/national-pollutant-release-inventory/tools-resources-data/exploredata.html
npri-1148-2023-74,2023,compb4e31bc7,NA - 17,tonnes,"Horsefly Lake, Wolf Lake",,SK-MAIN-bb89158f,,,https://www.canada.ca/en/environment-climate-change/services/national-pollutant-release-inventory/tools-resources-data/exploredata.html
npri-1149-2023-27,2023,compb4e31bc7,NA - 17,tonnes,Read Creek,,SK-MAIN-d3c471e8,,,https://www.canada.ca/en/environment-climate-change/services/national-pollutant-release-inventory/tools-resources-data/exploredata.html
npri-1148-2023-75,2023,compb4e31bc7,NA - 12,kg,"Horsefly Lake, Wolf Lake",,SK-MAIN-bb89158f,,,https://www.canada.ca/en/environment-climate-change/services/national-pollutant-release-inventory/tools-resources-data/exploredata.html
npri-1148-2023-76,2023,compb4e31bc7,NA - 40,tonnes,"Horsefly Lake, Wolf Lake",,SK-MAIN-bb89158f,,,https://www.canada.ca/en/environment-climate-change/services/national-pollutant-release-inventory/tools-resources-data/exploredata.html
npri-1148-2023-77,2023,compb4e31bc7,NA - 14,tonnes,"Horsefly Lake, Wolf Lake",,SK-MAIN-bb89158f,,,https://www.canada.ca/en/environment-climate-change/services/national-pollutant-release-inventory/tools-resources-data/exploredata.html
npri-30798-2023-56,2023,compb4e31bc7,NA - 02,kg,Similkameen River,,BC-MAIN-599152a0,,,https://www.canada.ca/en/environment-climate-change/services/national-pollutant-release-inventory/tools-resources-data/exploredata.html
npri-30798-2023-57,2023,compb4e31bc7,NA - 03,kg,Similkameen River,,BC-MAIN-599152a0,,,https://www.canada.ca/en/environment-climate-change/services/national-pollutant-release-inventory/tools-resources-data/exploredata.html
npri-30798-2023-58,2023,compb4e31bc7,NA - 05,kg,Similkameen River,,BC-MAIN-599152a0,,,https://www.canada.ca/en/environment-climate-change/services/national-pollutant-release-inventory/tools-resources-data/exploredata.html
npri-30798-2023-59,2023,compb4e31bc7,NA - 06,tonnes,Similkameen River,,BC-MAIN-599152a0,,,https://www.canada.ca/en/environment-climate-change/services/national-pollutant-release-inventory/tools-resources-data/exploredata.html
npri-30798-2023-60,2023,compb4e31bc7,NA - 08,kg,Similkameen River,,BC-MAIN-599152a0,,,https://www.canada.ca/en/environment-climate-change/services/national-pollutant-release-inventory/tools-resources-data/exploredata.html
npri-30798-2023-61,2023,compb4e31bc7,NA - 09,tonnes,Similkameen River,,BC-MAIN-599152a0,,,https://www.canada.ca/en/environment-climate-change/services/national-pollutant-release-inventory/tools-resources-data/exploredata.html
npri-30798-2023-62,2023,compb4e31bc7,NA - 10,kg,Similkameen River,,BC-MAIN-599152a0,,,https://www.canada.ca/en/environment-climate-change/services/national-pollutant-release-inventory/tools-resources-data/exploredata.html
npri-30798-2023-63,2023,compb4e31bc7,NA - 22,tonnes,Similkameen River,,BC-MAIN-599152a0,,,https://www.canada.ca/en/environment-climate-change/services/national-pollutant-release-inventory/tools-resources-data/exploredata.html
npri-30798-2023-64,2023,compb4e31bc7,NA - 12,kg,Similkameen River,,BC-MAIN-599152a0,,,https://www.canada.ca/en/environment-climate-change/services/national-pollutant-release-inventory/tools-resources-data/exploredata.html
npri-30798-2023-65,2023,compb4e31bc7,NA - 37,kg,Similkameen River,,BC-MAIN-599152a0,,,https://www.canada.ca/en/environment-climate-change/services/national-pollutant-release-inventory/tools-resources-data/exploredata.html
npri-2710-2023-46,2023,compb4e31bc7,NA - 02,kg,"Balmer Lake, Red Lake",,ON-MAIN-7f050560,,,https://www.canada.ca/en/environment-climate-change/services/national-pollutant-release-inventory/tools-resources-data/exploredata.html
npri-2710-2023-47,2023,compb4e31bc7,NA - 03,kg,"Balmer Lake, Red Lake",,ON-MAIN-7f050560,,,https://www.canada.ca/en/environment-climate-change/services/national-pollutant-release-inventory/tools-resources-data/exploredata.html
npri-2710-2023-48,2023,compb4e31bc7,NA - 05,kg,"Balmer Lake, Red Lake",,ON-MAIN-7f050560,,,https://www.canada.ca/en/environment-climate-change/services/national-pollutant-release-inventory/tools-resources-data/exploredata.html
npri-2710-2023-49,2023,compb4e31bc7,NA - 08,kg,"Balmer Lake, Red Lake",,ON-MAIN-7f050560,,,https://www.canada.ca/en/environment-climate-change/services/national-pollutant-release-inventory/tools-resources-data/exploredata.html
npri-2710-2023-50,2023,compb4e31bc7,NA - 10,kg,"Balmer Lake, Red Lake",,ON-MAIN-7f050560,,,https://www.canada.ca/en/environment-climate-change/services/national-pollutant-release-inventory/tools-resources-data/exploredata.html
npri-2710-2023-51,2023,compb4e31bc7,NA - 17,tonnes,"Balmer Lake, Red Lake",,ON-MAIN-7f050560,,,https://www.canada.ca/en/environment-climate-change/services/national-pollutant-release-inventory/tools-resources-data/exploredata.html
npri-27063-2023-11,2023,compb4e31bc7,NA - 16,tonnes,South Brook Pond,,NL-MAIN-c139de6d,,,https://www.canada.ca/en/environment-climate-change/services/national-pollutant-release-inventory/tools-resources-data/exploredata.html
npri-27063-2023-12,2023,compb4e31bc7,NA - 06,tonnes,South Brook Pond,,NL-MAIN-c139de6d,,,https://www.canada.ca/en/environment-climate-change/services/national-pollutant-release-inventory/tools-resources-data/exploredata.html
npri-27063-2023-13,2023,compb4e31bc7,NA - 08,kg,South Brook Pond,,NL-MAIN-c139de6d,,,https://www.canada.ca/en/environment-climate-change/services/national-pollutant-release-inventory/tools-resources-data/exploredata.html
npri-27063-2023-14,2023,compb4e31bc7,NA - 11,tonnes,South Brook Pond,,NL-MAIN-c139de6d,,,https://www.canada.ca/en/environment-climate-change/services/national-pollutant-release-inventory/tools-resources-data/exploredata.html
npri-27063-2023-15,2023,compb4e31bc7,NA - 14,tonnes,South Brook Pond,,NL-MAIN-c139de6d,,,https://www.canada.ca/en/environment-climate-change/services/national-pollutant-release-inventory/tools-resources-data/exploredata.html
npri-1303-2023-73,2023,compb4e31bc7,NA - 02,kg,Fraser River,,BC-MAIN-6b4800fe,,,https://www.canada.ca/en/environment-climate-change/services/national-pollutant-release-inventory/tools-resources-data/exploredata.html
npri-1303-2023-74,2023,compb4e31bc7,NA - 03,kg,Fraser River,,BC-MAIN-6b4800fe,,,https://www.canada.ca/en/environment-climate-change/services/national-pollutant-release-inventory/tools-resources-data/exploredata.html
npri-1303-2023-75,2023,compb4e31bc7,NA - 04,tonnes,Fraser River,,BC-MAIN-6b4800fe,,,https://www.canada.ca/en/environment-climate-change/services/national-pollutant-release-inventory/tools-resources-data/exploredata.html
npri-1303-2023-76,2023,compb4e31bc7,NA - 05,kg,Fraser River,,BC-MAIN-6b4800fe,,,https://www.canada.ca/en/environment-climate-change/services/national-pollutant-release-inventory/tools-resources-data/exploredata.html
npri-1303-2023-77,2023,compb4e31bc7,NA - 06,tonnes,Fraser River,,BC-MAIN-6b4800fe,,,https://www.canada.ca/en/environment-climate-change/services/national-pollutant-release-inventory/tools-resources-data/exploredata.html
npri-1303-2023-78,2023,compb4e31bc7,NA - 08,kg,Fraser River,,BC-MAIN-6b4800fe,,,https://www.canada.ca/en/environment-climate-change/services/national-pollutant-release-inventory/tools-resources-data/exploredata.html
npri-1303-2023-79,2023,compb4e31bc7,NA - 09,tonnes,Fraser River,,BC-MAIN-6b4800fe,,,https://www.canada.ca/en/environment-climate-change/services/national-pollutant-release-inventory/tools-resources-data/exploredata.html
npri-1303-2023-80,2023,compb4e31bc7,NA - 10,kg,Fraser River,,BC-MAIN-6b4800fe,,,https://www.canada.ca/en/environment-climate-change/services/national-pollutant-release-inventory/tools-resources-data/exploredata.html
npri-1303-2023-81,2023,compb4e31bc7,NA - 11,tonnes,Fraser River,,BC-MAIN-6b4800fe,,,https://www.canada.ca/en/environment-climate-change/services/national-pollutant-release-inventory/tools-resources-data/exploredata.html
npri-1303-2023-82,2023,compb4e31bc7,NA - 12,kg,Fraser River,,BC-MAIN-6b4800fe,,,https://www.canada.ca/en/environment-climate-change/services/national-pollutant-release-inventory/tools-resources-data/exploredata.html
npri-1303-2023-83,2023,compb4e31bc7,NA - 14,tonnes,Fraser River,,BC-MAIN-6b4800fe,,,https://www.canada.ca/en/environment-climate-change/services/national-pollutant-release-inventory/tools-resources-data/exploredata.html
npri-5448-2023-94,2023,compb4e31bc7,NA - 02,kg,Rivière Déception,,QC-MAIN-a97821c0,,,https://www.canada.ca/en/environment-climate-change/services/national-pollutant-release-inventory/tools-resources-data/exploredata.html
npri-5448-2023-95,2023,compb4e31bc7,NA - 03,kg,Rivière Déception,,QC-MAIN-a97821c0,,,https://www.canada.ca/en/environment-climate-change/services/national-pollutant-release-inventory/tools-resources-data/exploredata.html
npri-5448-2023-96,2023,compb4e31bc7,NA - 04,tonnes,Rivière Déception,,QC-MAIN-a97821c0,,,https://www.canada.ca/en/environment-climate-change/services/national-pollutant-release-inventory/tools-resources-data/exploredata.html
npri-5448-2023-97,2023,compb4e31bc7,NA - 05,kg,Rivière Déception,,QC-MAIN-a97821c0,,,https://www.canada.ca/en/environment-climate-change/services/national-pollutant-release-inventory/tools-resources-data/exploredata.html
npri-5448-2023-98,2023,compb4e31bc7,NA - 06,tonnes,Rivière Déception,,QC-MAIN-a97821c0,,,https://www.canada.ca/en/environment-climate-change/services/national-pollutant-release-inventory/tools-resources-data/exploredata.html
npri-5448-2023-99,2023,compb4e31bc7,NA - 08,kg,Rivière Déception,,QC-MAIN-a97821c0,,,https://www.canada.ca/en/environment-climate-change/services/national-pollutant-release-inventory/tools-resources-data/exploredata.html
npri-5448-2023-100,2023,compb4e31bc7,NA - 09,tonnes,Rivière Déception,,QC-MAIN-a97821c0,,,https://www.canada.ca/en/environment-climate-change/services/national-pollutant-release-inventory/tools-resources-data/exploredata.html
npri-5448-2023-101,2023,compb4e31bc7,NA - 10,kg,Rivière Déception,,QC-MAIN-a97821c0,,,https://www.canada.ca/en/environment-climate-change/services/national-pollutant-release-inventory/tools-resources-data/exploredata.html
npri-5448-2023-102,2023,compb4e31bc7,NA - 11,tonnes,Rivière Déception,,QC-MAIN-a97821c0,,,https://www.canada.ca/en/environment-climate-change/services/national-pollutant-release-inventory/tools-resources-data/exploredata.html
npri-5448-2023-103,2023,compb4e31bc7,NA - 17,tonnes,Rivière Déception,,QC-MAIN-a97821c0,,,https://www.canada.ca/en/environment-climate-change/services/national-pollutant-release-inventory/tools-resources-data/exploredata.html
npri-5448-2023-104,2023,compb4e31bc7,NA - 22,tonnes,Rivière Déception,,QC-MAIN-a97821c0,,,https://www.canada.ca/en/environment-climate-change/services/national-pollutant-release-inventory/tools-resources-data/exploredata.html
npri-5448-2023-105,2023,compb4e31bc7,NA - 12,kg,Rivière Déception,,QC-MAIN-a97821c0,,,https://www.canada.ca/en/environment-climate-change/services/national-pollutant-release-inventory/tools-resources-data/exploredata.html
npri-5448-2023-106,2023,compb4e31bc7,NA - 37,kg,Rivière Déception,,QC-MAIN-a97821c0,,,https://www.canada.ca/en/environment-climate-change/services/national-pollutant-release-inventory/tools-resources-data/exploredata.html
npri-5448-2023-107,2023,compb4e31bc7,NA - 14,tonnes,Rivière Déception,,QC-MAIN-a97821c0,,,https://www.canada.ca/en/environment-climate-change/services/national-pollutant-release-inventory/tools-resources-data/exploredata.html
npri-1941-2023-87,2023,compb4e31bc7,NA - 16,tonnes,Porcupine River,,ON-MAIN-3b3e5365,,,https://www.canada.ca/en/environment-climate-change/services/national-pollutant-release-inventory/tools-resources-data/exploredata.html
npri-5656-2023-53,2023,compb4e31bc7,NA - 16,tonnes,Lake 282 on Paseminon River,,ON-MAIN-fefeaee4,,,https://www.canada.ca/en/environment-climate-change/services/national-pollutant-release-inventory/tools-resources-data/exploredata.html
npri-8803-2023-57,2023,compb4e31bc7,NA - 01,tonnes,Réservoir Opinaca,,QC-MAIN-6dc537e6,,,https://www.canada.ca/en/environment-climate-change/services/national-pollutant-release-inventory/tools-resources-data/exploredata.html
npri-1941-2023-88,2023,compb4e31bc7,NA - 02,kg,Porcupine River,,ON-MAIN-3b3e5365,,,https://www.canada.ca/en/environment-climate-change/services/national-pollutant-release-inventory/tools-resources-data/exploredata.html
npri-5656-2023-54,2023,compb4e31bc7,NA - 02,kg,Lake 282 on Paseminon River,,ON-MAIN-fefeaee4,,,https://www.canada.ca/en/environment-climate-change/services/national-pollutant-release-inventory/tools-resources-data/exploredata.html
npri-8803-2023-58,2023,compb4e31bc7,NA - 02,kg,Réservoir Opinaca,,QC-MAIN-6dc537e6,,,https://www.canada.ca/en/environment-climate-change/services/national-pollutant-release-inventory/tools-resources-data/exploredata.html
npri-1941-2023-89,2023,compb4e31bc7,NA - 03,kg,Porcupine River,,ON-MAIN-3b3e5365,,,https://www.canada.ca/en/environment-climate-change/services/national-pollutant-release-inventory/tools-resources-data/exploredata.html
npri-5656-2023-55,2023,compb4e31bc7,NA - 03,kg,Lake 282 on Paseminon River,,ON-MAIN-fefeaee4,,,https://www.canada.ca/en/environment-climate-change/services/national-pollutant-release-inventory/tools-resources-data/exploredata.html
npri-8803-2023-59,2023,compb4e31bc7,NA - 03,kg,Réservoir Opinaca,,QC-MAIN-6dc537e6,,,https://www.canada.ca/en/environment-climate-change/services/national-pollutant-release-inventory/tools-resources-data/exploredata.html
npri-1941-2023-90,2023,compb4e31bc7,NA - 04,tonnes,Porcupine River,,ON-MAIN-3b3e5365,,,https://www.canada.ca/en/environment-climate-change/services/national-pollutant-release-inventory/tools-resources-data/exploredata.html
npri-8803-2023-60,2023,compb4e31bc7,NA - 04,tonnes,Réservoir Opinaca,,QC-MAIN-6dc537e6,,,https://www.canada.ca/en/environment-climate-change/services/national-pollutant-release-inventory/tools-resources-data/exploredata.html
npri-1941-2023-91,2023,compb4e31bc7,NA - 05,kg,Porcupine River,,ON-MAIN-3b3e5365,,,https://www.canada.ca/en/environment-climate-change/services/national-pollutant-release-inventory/tools-resources-data/exploredata.html
npri-5656-2023-56,2023,compb4e31bc7,NA - 05,kg,Lake 282 on Paseminon River,,ON-MAIN-fefeaee4,,,https://www.canada.ca/en/environment-climate-change/services/national-pollutant-release-inventory/tools-resources-data/exploredata.html
npri-8803-2023-61,2023,compb4e31bc7,NA - 05,kg,Réservoir Opinaca,,QC-MAIN-6dc537e6,,,https://www.canada.ca/en/environment-climate-change/services/national-pollutant-release-inventory/tools-resources-data/exploredata.html
npri-1941-2023-92,2023,compb4e31bc7,NA - 06,tonnes,Porcupine River,,ON-MAIN-3b3e5365,,,https://www.canada.ca/en/environment-climate-change/services/national-pollutant-release-inventory/tools-resources-data/exploredata.html
npri-8803-2023-62,2023,compb4e31bc7,NA - 06,tonnes,Réservoir Opinaca,,QC-MAIN-6dc537e6,,,https://www.canada.ca/en/environment-climate-change/services/national-pollutant-release-inventory/tools-resources-data/exploredata.html
npri-1941-2023-93,2023,compb4e31bc7,NA - 07,tonnes,Porcupine River,,ON-MAIN-3b3e5365,,,https://www.canada.ca/en/environment-climate-change/services/national-pollutant-release-inventory/tools-resources-data/exploredata.html
npri-8803-2023-63,2023,compb4e31bc7,NA - 07,tonnes,Réservoir Opinaca,,QC-MAIN-6dc537e6,,,https://www.canada.ca/en/environment-climate-change/services/national-pollutant-release-inventory/tools-resources-data/exploredata.html
npri-1941-2023-94,2023,compb4e31bc7,NA - 08,kg,Porcupine River,,ON-MAIN-3b3e5365,,,https://www.canada.ca/en/environment-climate-change/services/national-pollutant-release-inventory/tools-resources-data/exploredata.html
npri-5656-2023-57,2023,compb4e31bc7,NA - 08,kg,Lake 282 on Paseminon River,,ON-MAIN-fefeaee4,,,https://www.canada.ca/en/environment-climate-change/services/national-pollutant-release-inventory/tools-resources-data/exploredata.html
npri-8803-2023-64,2023,compb4e31bc7,NA - 08,kg,Réservoir Opinaca,,QC-MAIN-6dc537e6,,,https://www.canada.ca/en/environment-climate-change/services/national-pollutant-release-inventory/tools-resources-data/exploredata.html
npri-8803-2023-65,2023,compb4e31bc7,NA - 09,tonnes,Réservoir Opinaca,,QC-MAIN-6dc537e6,,,https://www.canada.ca/en/environment-climate-change/services/national-pollutant-release-inventory/tools-resources-data/exploredata.html
npri-1941-2023-95,2023,compb4e31bc7,NA - 10,kg,Porcupine River,,ON-MAIN-3b3e5365,,,https://www.canada.ca/en/environment-climate-change/services/national-pollutant-release-inventory/tools-resources-data/exploredata.html
npri-5656-2023-58,2023,compb4e31bc7,NA - 10,kg,Lake 282 on Paseminon River,,ON-MAIN-fefeaee4,,,https://www.canada.ca/en/environment-climate-change/services/national-pollutant-release-inventory/tools-resources-data/exploredata.html
npri-8803-2023-66,2023,compb4e31bc7,NA - 10,kg,Réservoir Opinaca,,QC-MAIN-6dc537e6,,,https://www.canada.ca/en/environment-climate-change/services/national-pollutant-release-inventory/tools-resources-data/exploredata.html
npri-1941-2023-96,2023,compb4e31bc7,NA - 11,tonnes,Porcupine River,,ON-MAIN-3b3e5365,,,https://www.canada.ca/en/environment-climate-change/services/national-pollutant-release-inventory/tools-resources-data/exploredata.html
npri-8803-2023-67,2023,compb4e31bc7,NA - 11,tonnes,Réservoir Opinaca,,QC-MAIN-6dc537e6,,,https://www.canada.ca/en/environment-climate-change/services/national-pollutant-release-inventory/tools-resources-data/exploredata.html
npri-5656-2023-59,2023,compb4e31bc7,NA - 17,tonnes,Lake 282 on Paseminon River,,ON-MAIN-fefeaee4,,,https://www.canada.ca/en/environment-climate-change/services/national-pollutant-release-inventory/tools-resources-data/exploredata.html
npri-8803-2023-68,2023,compb4e31bc7,NA - 17,tonnes,Réservoir Opinaca,,QC-MAIN-6dc537e6,,,https://www.canada.ca/en/environment-climate-change/services/national-pollutant-release-inventory/tools-resources-data/exploredata.html
npri-1941-2023-97,2023,compb4e31bc7,NA - 12,kg,Porcupine River,,ON-MAIN-3b3e5365,,,https://www.canada.ca/en/environment-climate-change/services/national-pollutant-release-inventory/tools-resources-data/exploredata.html
npri-5656-2023-60,2023,compb4e31bc7,NA - 12,kg,Lake 282 on Paseminon River,,ON-MAIN-fefeaee4,,,https://www.canada.ca/en/environment-climate-change/services/national-pollutant-release-inventory/tools-resources-data/exploredata.html
npri-8803-2023-69,2023,compb4e31bc7,NA - 12,kg,Réservoir Opinaca,,QC-MAIN-6dc537e6,,,https://www.canada.ca/en/environment-climate-change/services/national-pollutant-release-inventory/tools-resources-data/exploredata.html
npri-1941-2023-98,2023,compb4e31bc7,NA - 37,kg,Porcupine River,,ON-MAIN-3b3e5365,,,https://www.canada.ca/en/environment-climate-change/services/national-pollutant-release-inventory/tools-resources-data/exploredata.html
npri-5656-2023-61,2023,compb4e31bc7,NA - 37,kg,Lake 282 on Paseminon River,,ON-MAIN-fefeaee4,,,https://www.canada.ca/en/environment-climate-change/services/national-pollutant-release-inventory/tools-resources-data/exploredata.html
npri-8803-2023-70,2023,compb4e31bc7,NA - 37,kg,Réservoir Opinaca,,QC-MAIN-6dc537e6,,,https://www.canada.ca/en/environment-climate-change/services/national-pollutant-release-inventory/tools-resources-data/exploredata.html
npri-1941-2023-99,2023,compb4e31bc7,NA - 40,tonnes,Porcupine River,,ON-MAIN-3b3e5365,,,https://www.canada.ca/en/environment-climate-change/services/national-pollutant-release-inventory/tools-resources-data/exploredata.html
npri-8803-2023-71,2023,compb4e31bc7,NA - 40,tonnes,Réservoir Opinaca,,QC-MAIN-6dc537e6,,,https://www.canada.ca/en/environment-climate-change/services/national-pollutant-release-inventory/tools-resources-data/exploredata.html
npri-1941-2023-100,2023,compb4e31bc7,NA - 14,tonnes,Porcupine River,,ON-MAIN-3b3e5365,,,https://www.canada.ca/en/environment-climate-change/services/national-pollutant-release-inventory/tools-resources-data/exploredata.html
npri-8803-2023-72,2023,compb4e31bc7,NA - 14,tonnes,Réservoir Opinaca,,QC-MAIN-6dc537e6,,,https://www.canada.ca/en/environment-climate-change/services/national-pollutant-release-inventory/tools-resources-data/exploredata.html
npri-29877-2023-65,2023,compb4e31bc7,NA - 02,kg,Borden River,,ON-MAIN-1c674cd0,,,https://www.canada.ca/en/environment-climate-change/services/national-pollutant-release-inventory/tools-resources-data/exploredata.html
npri-29877-2023-66,2023,compb4e31bc7,NA - 03,kg,Borden River,,ON-MAIN-1c674cd0,,,https://www.canada.ca/en/environment-climate-change/services/national-pollutant-release-inventory/tools-resources-data/exploredata.html
npri-29877-2023-67,2023,compb4e31bc7,NA - 04,tonnes,Borden River,,ON-MAIN-1c674cd0,,,https://www.canada.ca/en/environment-climate-change/services/national-pollutant-release-inventory/tools-resources-data/exploredata.html
npri-29877-2023-68,2023,compb4e31bc7,NA - 05,kg,Borden River,,ON-MAIN-1c674cd0,,,https://www.canada.ca/en/environment-climate-change/services/national-pollutant-release-inventory/tools-resources-data/exploredata.html
npri-29877-2023-69,2023,compb4e31bc7,NA - 06,tonnes,Borden River,,ON-MAIN-1c674cd0,,,https://www.canada.ca/en/environment-climate-change/services/national-pollutant-release-inventory/tools-resources-data/exploredata.html
npri-29877-2023-70,2023,compb4e31bc7,NA - 08,kg,Borden River,,ON-MAIN-1c674cd0,,,https://www.canada.ca/en/environment-climate-change/services/national-pollutant-release-inventory/tools-resources-data/exploredata.html
npri-29877-2023-71,2023,compb4e31bc7,NA - 11,tonnes,Borden River,,ON-MAIN-1c674cd0,,,https://www.canada.ca/en/environment-climate-change/services/national-pollutant-release-inventory/tools-resources-data/exploredata.html
npri-29877-2023-72,2023,compb4e31bc7,NA - 37,kg,Borden River,,ON-MAIN-1c674cd0,,,https://www.canada.ca/en/environment-climate-change/services/national-pollutant-release-inventory/tools-resources-data/exploredata.html
npri-29877-2023-73,2023,compb4e31bc7,NA - 40,tonnes,Borden River,,ON-MAIN-1c674cd0,,,https://www.canada.ca/en/environment-climate-change/services/national-pollutant-release-inventory/tools-resources-data/exploredata.html
npri-29877-2023-74,2023,compb4e31bc7,NA - 14,tonnes,Borden River,,ON-MAIN-1c674cd0,,,https://www.canada.ca/en/environment-climate-change/services/national-pollutant-release-inventory/tools-resources-data/exploredata.html
npri-5219-2023-11,2023,compb4e31bc7,NA - 02,kg,Birch Creek,,MB-MAIN-da0b5c3d,,,https://www.canada.ca/en/environment-climate-change/services/national-pollutant-release-inventory/tools-resources-data/exploredata.html
npri-5219-2023-12,2023,compb4e31bc7,NA - 08,kg,Birch Creek,,MB-MAIN-da0b5c3d,,,https://www.canada.ca/en/environment-climate-change/services/national-pollutant-release-inventory/tools-resources-data/exploredata.html
npri-5102-2023-58,2023,compb4e31bc7,NA - 01,tonnes,Quesnel Lake,,BC-MAIN-3f490561,,,https://www.canada.ca/en/environment-climate-change/services/national-pollutant-release-inventory/tools-resources-data/exploredata.html
npri-5102-2023-59,2023,compb4e31bc7,NA - 02,kg,Quesnel Lake,,BC-MAIN-3f490561,,,https://www.canada.ca/en/environment-climate-change/services/national-pollutant-release-inventory/tools-resources-data/exploredata.html
npri-5102-2023-60,2023,compb4e31bc7,NA - 03,kg,Quesnel Lake,,BC-MAIN-3f490561,,,https://www.canada.ca/en/environment-climate-change/services/national-pollutant-release-inventory/tools-resources-data/exploredata.html
npri-5102-2023-61,2023,compb4e31bc7,NA - 05,kg,Quesnel Lake,,BC-MAIN-3f490561,,,https://www.canada.ca/en/environment-climate-change/services/national-pollutant-release-inventory/tools-resources-data/exploredata.html
npri-5102-2023-62,2023,compb4e31bc7,NA - 06,tonnes,Quesnel Lake,,BC-MAIN-3f490561,,,https://www.canada.ca/en/environment-climate-change/services/national-pollutant-release-inventory/tools-resources-data/exploredata.html
npri-5102-2023-63,2023,compb4e31bc7,NA - 08,kg,Quesnel Lake,,BC-MAIN-3f490561,,,https://www.canada.ca/en/environment-climate-change/services/national-pollutant-release-inventory/tools-resources-data/exploredata.html
npri-5102-2023-64,2023,compb4e31bc7,NA - 09,tonnes,Quesnel Lake,,BC-MAIN-3f490561,,,https://www.canada.ca/en/environment-climate-change/services/national-pollutant-release-inventory/tools-resources-data/exploredata.html
npri-5102-2023-65,2023,compb4e31bc7,NA - 11,tonnes,Quesnel Lake,,BC-MAIN-3f490561,,,https://www.canada.ca/en/environment-climate-change/services/national-pollutant-release-inventory/tools-resources-data/exploredata.html
npri-5102-2023-66,2023,compb4e31bc7,NA - 17,tonnes,Quesnel Lake,,BC-MAIN-3f490561,,,https://www.canada.ca/en/environment-climate-change/services/national-pollutant-release-inventory/tools-resources-data/exploredata.html
npri-5102-2023-67,2023,compb4e31bc7,NA - 22,tonnes,Quesnel Lake,,BC-MAIN-3f490561,,,https://www.canada.ca/en/environment-climate-change/services/national-pollutant-release-inventory/tools-resources-data/exploredata.html
npri-5102-2023-68,2023,compb4e31bc7,NA - 12,kg,Quesnel Lake,,BC-MAIN-3f490561,,,https://www.canada.ca/en/environment-climate-change/services/national-pollutant-release-inventory/tools-resources-data/exploredata.html
npri-5102-2023-69,2023,compb4e31bc7,NA - 40,tonnes,Quesnel Lake,,BC-MAIN-3f490561,,,https://www.canada.ca/en/environment-climate-change/services/national-pollutant-release-inventory/tools-resources-data/exploredata.html
npri-5102-2023-70,2023,compb4e31bc7,NA - 14,tonnes,Quesnel Lake,,BC-MAIN-3f490561,,,https://www.canada.ca/en/environment-climate-change/services/national-pollutant-release-inventory/tools-resources-data/exploredata.html
npri-11867-2023-85,2023,compb4e31bc7,NA - 02,kg,"East Creek, Sunday Creek",,ON-MAIN-aeafbb59,,,https://www.canada.ca/en/environment-climate-change/services/national-pollutant-release-inventory/tools-resources-data/exploredata.html
npri-11867-2023-86,2023,compb4e31bc7,NA - 06,tonnes,"East Creek, Sunday Creek",,ON-MAIN-aeafbb59,,,https://www.canada.ca/en/environment-climate-change/services/national-pollutant-release-inventory/tools-resources-data/exploredata.html
npri-11867-2023-87,2023,compb4e31bc7,NA - 08,kg,"East Creek, Sunday Creek",,ON-MAIN-aeafbb59,,,https://www.canada.ca/en/environment-climate-change/services/national-pollutant-release-inventory/tools-resources-data/exploredata.html
npri-11867-2023-88,2023,compb4e31bc7,NA - 11,tonnes,"East Creek, Sunday Creek",,ON-MAIN-aeafbb59,,,https://www.canada.ca/en/environment-climate-change/services/national-pollutant-release-inventory/tools-resources-data/exploredata.html
npri-11867-2023-89,2023,compb4e31bc7,NA - 14,tonnes,"East Creek, Sunday Creek",,ON-MAIN-aeafbb59,,,https://www.canada.ca/en/environment-climate-change/services/national-pollutant-release-inventory/tools-resources-data/exploredata.html
npri-11794-2023-17,2023,compb4e31bc7,NA - 02,kg,Tatachikapika River,,ON-MAIN-f3e6ff08,,,https://www.canada.ca/en/environment-climate-change/services/national-pollutant-release-inventory/tools-resources-data/exploredata.html
npri-2100-2023-27,2023,compb4e31bc7,NA - 16,tonnes,Rivière Shipshaw,,QC-MAIN-a555d9b9,,,https://www.canada.ca/en/environment-climate-change/services/national-pollutant-release-inventory/tools-resources-data/exploredata.html
npri-2100-2023-28,2023,compb4e31bc7,NA - 02,kg,Rivière Shipshaw,,QC-MAIN-a555d9b9,,,https://www.canada.ca/en/environment-climate-change/services/national-pollutant-release-inventory/tools-resources-data/exploredata.html
npri-2100-2023-29,2023,compb4e31bc7,NA - 03,kg,Rivière Shipshaw,,QC-MAIN-a555d9b9,,,https://www.canada.ca/en/environment-climate-change/services/national-pollutant-release-inventory/tools-resources-data/exploredata.html
npri-2100-2023-30,2023,compb4e31bc7,NA - 04,tonnes,Rivière Shipshaw,,QC-MAIN-a555d9b9,,,https://www.canada.ca/en/environment-climate-change/services/national-pollutant-release-inventory/tools-resources-data/exploredata.html
npri-2100-2023-31,2023,compb4e31bc7,NA - 05,kg,Rivière Shipshaw,,QC-MAIN-a555d9b9,,,https://www.canada.ca/en/environment-climate-change/services/national-pollutant-release-inventory/tools-resources-data/exploredata.html
npri-2100-2023-32,2023,compb4e31bc7,NA - 06,tonnes,Rivière Shipshaw,,QC-MAIN-a555d9b9,,,https://www.canada.ca/en/environment-climate-change/services/national-pollutant-release-inventory/tools-resources-data/exploredata.html
npri-2100-2023-33,2023,compb4e31bc7,7782-41-4,tonnes,Rivière Shipshaw,,QC-MAIN-a555d9b9,,,https://www.canada.ca/en/environment-climate-change/services/national-pollutant-release-inventory/tools-resources-data/exploredata.html
npri-2100-2023-34,2023,compb4e31bc7,NA - 08,kg,Rivière Shipshaw,,QC-MAIN-a555d9b9,,,https://www.canada.ca/en/environment-climate-change/services/national-pollutant-release-inventory/tools-resources-data/exploredata.html
npri-2100-2023-35,2023,compb4e31bc7,NA - 09,tonnes,Rivière Shipshaw,,QC-MAIN-a555d9b9,,,https://www.canada.ca/en/environment-climate-change/services/national-pollutant-release-inventory/tools-resources-data/exploredata.html
npri-2100-2023-36,2023,compb4e31bc7,NA - 17,tonnes,Rivière Shipshaw,,QC-MAIN-a555d9b9,,,https://www.canada.ca/en/environment-climate-change/services/national-pollutant-release-inventory/tools-resources-data/exploredata.html
npri-2100-2023-37,2023,compb4e31bc7,NA - 22,tonnes,Rivière Shipshaw,,QC-MAIN-a555d9b9,,,https://www.canada.ca/en/environment-climate-change/services/national-pollutant-release-inventory/tools-resources-data/exploredata.html
npri-2100-2023-38,2023,compb4e31bc7,NA - 12,kg,Rivière Shipshaw,,QC-MAIN-a555d9b9,,,https://www.canada.ca/en/environment-climate-change/services/national-pollutant-release-inventory/tools-resources-data/exploredata.html
npri-2100-2023-39,2023,compb4e31bc7,NA - 14,tonnes,Rivière Shipshaw,,QC-MAIN-a555d9b9,,,https://www.canada.ca/en/environment-climate-change/services/national-pollutant-release-inventory/tools-resources-data/exploredata.html
npri-2935-2023-61,2023,compb4e31bc7,NA - 16,tonnes,Lac De Montigny,,QC-MAIN-9de9bb0d,,,https://www.canada.ca/en/environment-climate-change/services/national-pollutant-release-inventory/tools-resources-data/exploredata.html
npri-2935-2023-62,2023,compb4e31bc7,NA - 02,kg,Lac De Montigny,,QC-MAIN-9de9bb0d,,,https://www.canada.ca/en/environment-climate-change/services/national-pollutant-release-inventory/tools-resources-data/exploredata.html
npri-2935-2023-63,2023,compb4e31bc7,NA - 03,kg,Lac De Montigny,,QC-MAIN-9de9bb0d,,,https://www.canada.ca/en/environment-climate-change/services/national-pollutant-release-inventory/tools-resources-data/exploredata.html
npri-2935-2023-64,2023,compb4e31bc7,NA - 04,tonnes,Lac De Montigny,,QC-MAIN-9de9bb0d,,,https://www.canada.ca/en/environment-climate-change/services/national-pollutant-release-inventory/tools-resources-data/exploredata.html
npri-2935-2023-65,2023,compb4e31bc7,NA - 05,kg,Lac De Montigny,,QC-MAIN-9de9bb0d,,,https://www.canada.ca/en/environment-climate-change/services/national-pollutant-release-inventory/tools-resources-data/exploredata.html
npri-2935-2023-66,2023,compb4e31bc7,NA - 06,tonnes,Lac De Montigny,,QC-MAIN-9de9bb0d,,,https://www.canada.ca/en/environment-climate-change/services/national-pollutant-release-inventory/tools-resources-data/exploredata.html
npri-2935-2023-67,2023,compb4e31bc7,NA - 07,tonnes,Lac De Montigny,,QC-MAIN-9de9bb0d,,,https://www.canada.ca/en/environment-climate-change/services/national-pollutant-release-inventory/tools-resources-data/exploredata.html
npri-2935-2023-68,2023,compb4e31bc7,NA - 08,kg,Lac De Montigny,,QC-MAIN-9de9bb0d,,,https://www.canada.ca/en/environment-climate-change/services/national-pollutant-release-inventory/tools-resources-data/exploredata.html
npri-2935-2023-69,2023,compb4e31bc7,NA - 09,tonnes,Lac De Montigny,,QC-MAIN-9de9bb0d,,,https://www.canada.ca/en/environment-climate-change/services/national-pollutant-release-inventory/tools-resources-data/exploredata.html
npri-2935-2023-70,2023,compb4e31bc7,NA - 10,kg,Lac De Montigny,,QC-MAIN-9de9bb0d,,,https://www.canada.ca/en/environment-climate-change/services/national-pollutant-release-inventory/tools-resources-data/exploredata.html
npri-2935-2023-71,2023,compb4e31bc7,NA - 11,tonnes,Lac De Montigny,,QC-MAIN-9de9bb0d,,,https://www.canada.ca/en/environment-climate-change/services/national-pollutant-release-inventory/tools-resources-data/exploredata.html
npri-2935-2023-72,2023,compb4e31bc7,NA - 17,tonnes,Lac De Montigny,,QC-MAIN-9de9bb0d,,,https://www.canada.ca/en/environment-climate-change/services/national-pollutant-release-inventory/tools-resources-data/exploredata.html
npri-2935-2023-73,2023,compb4e31bc7,NA - 22,tonnes,Lac De Montigny,,QC-MAIN-9de9bb0d,,,https://www.canada.ca/en/environment-climate-change/services/national-pollutant-release-inventory/tools-resources-data/exploredata.html
npri-2935-2023-74,2023,compb4e31bc7,NA - 12,kg,Lac De Montigny,,QC-MAIN-9de9bb0d,,,https://www.canada.ca/en/environment-climate-change/services/national-pollutant-release-inventory/tools-resources-data/exploredata.html
npri-2935-2023-75,2023,compb4e31bc7,NA - 14,tonnes,Lac De Montigny,,QC-MAIN-9de9bb0d,,,https://www.canada.ca/en/environment-climate-change/services/national-pollutant-release-inventory/tools-resources-data/exploredata.html
npri-2372-2023-99,2023,compb4e31bc7,NA - 16,tonnes,Myra Creek,,BC-MAIN-23155c25,,,https://www.canada.ca/en/environment-climate-change/services/national-pollutant-release-inventory/tools-resources-data/exploredata.html
npri-2372-2023-100,2023,compb4e31bc7,NA - 01,tonnes,Myra Creek,,BC-MAIN-23155c25,,,https://www.canada.ca/en/environment-climate-change/services/national-pollutant-release-inventory/tools-resources-data/exploredata.html
npri-2372-2023-101,2023,compb4e31bc7,NA - 02,kg,Myra Creek,,BC-MAIN-23155c25,,,https://www.canada.ca/en/environment-climate-change/services/national-pollutant-release-inventory/tools-resources-data/exploredata.html
npri-2372-2023-102,2023,compb4e31bc7,NA - 03,kg,Myra Creek,,BC-MAIN-23155c25,,,https://www.canada.ca/en/environment-climate-change/services/national-pollutant-release-inventory/tools-resources-data/exploredata.html
npri-2372-2023-103,2023,compb4e31bc7,NA - 04,tonnes,Myra Creek,,BC-MAIN-23155c25,,,https://www.canada.ca/en/environment-climate-change/services/national-pollutant-release-inventory/tools-resources-data/exploredata.html
npri-2372-2023-104,2023,compb4e31bc7,NA - 05,kg,Myra Creek,,BC-MAIN-23155c25,,,https://www.canada.ca/en/environment-climate-change/services/national-pollutant-release-inventory/tools-resources-data/exploredata.html
npri-2372-2023-105,2023,compb4e31bc7,NA - 06,tonnes,Myra Creek,,BC-MAIN-23155c25,,,https://www.canada.ca/en/environment-climate-change/services/national-pollutant-release-inventory/tools-resources-data/exploredata.html
npri-2372-2023-106,2023,compb4e31bc7,NA - 08,kg,Myra Creek,,BC-MAIN-23155c25,,,https://www.canada.ca/en/environment-climate-change/services/national-pollutant-release-inventory/tools-resources-data/exploredata.html
npri-2372-2023-107,2023,compb4e31bc7,NA - 09,tonnes,Myra Creek,,BC-MAIN-23155c25,,,https://www.canada.ca/en/environment-climate-change/services/national-pollutant-release-inventory/tools-resources-data/exploredata.html
npri-2372-2023-108,2023,compb4e31bc7,NA - 10,kg,Myra Creek,,BC-MAIN-23155c25,,,https://www.canada.ca/en/environment-climate-change/services/national-pollutant-release-inventory/tools-resources-data/exploredata.html
npri-2372-2023-109,2023,compb4e31bc7,NA - 11,tonnes,Myra Creek,,BC-MAIN-23155c25,,,https://www.canada.ca/en/environment-climate-change/services/national-pollutant-release-inventory/tools-resources-data/exploredata.html
npri-2372-2023-110,2023,compb4e31bc7,NA - 17,tonnes,Myra Creek,,BC-MAIN-23155c25,,,https://www.canada.ca/en/environment-climate-change/services/national-pollutant-release-inventory/tools-resources-data/exploredata.html
npri-2372-2023-111,2023,compb4e31bc7,NA - 22,tonnes,Myra Creek,,BC-MAIN-23155c25,,,https://www.canada.ca/en/environment-climate-change/services/national-pollutant-release-inventory/tools-resources-data/exploredata.html
npri-2372-2023-112,2023,compb4e31bc7,NA - 12,kg,Myra Creek,,BC-MAIN-23155c25,,,https://www.canada.ca/en/environment-climate-change/services/national-pollutant-release-inventory/tools-resources-data/exploredata.html
npri-2372-2023-113,2023,compb4e31bc7,NA - 13,tonnes,Myra Creek,,BC-MAIN-23155c25,,,https://www.canada.ca/en/environment-climate-change/services/national-pollutant-release-inventory/tools-resources-data/exploredata.html
npri-2372-2023-114,2023,compb4e31bc7,NA - 37,kg,Myra Creek,,BC-MAIN-23155c25,,,https://www.canada.ca/en/environment-climate-change/services/national-pollutant-release-inventory/tools-resources-data/exploredata.html
npri-2372-2023-115,2023,compb4e31bc7,NA - 40,tonnes,Myra Creek,,BC-MAIN-23155c25,,,https://www.canada.ca/en/environment-climate-change/services/national-pollutant-release-inventory/tools-resources-data/exploredata.html
npri-2372-2023-116,2023,compb4e31bc7,NA - 14,tonnes,Myra Creek,,BC-MAIN-23155c25,,,https://www.canada.ca/en/environment-climate-change/services/national-pollutant-release-inventory/tools-resources-data/exploredata.html
npri-28726-2023-40,2023,compb4e31bc7,NA - 02,kg,Effluents actifs sur le site,,QC-MAIN-dc1a16f9,,,https://www.canada.ca/en/environment-climate-change/services/national-pollutant-release-inventory/tools-resources-data/exploredata.html
npri-28726-2023-41,2023,compb4e31bc7,NA - 08,kg,Effluents actifs sur le site,,QC-MAIN-dc1a16f9,,,https://www.canada.ca/en/environment-climate-change/services/national-pollutant-release-inventory/tools-resources-data/exploredata.html
npri-33049-2023-76,2023,compb4e31bc7,NA - 02,kg,Otto Lake,,ON-MAIN-8825d90d,,,https://www.canada.ca/en/environment-climate-change/services/national-pollutant-release-inventory/tools-resources-data/exploredata.html
npri-33049-2023-77,2023,compb4e31bc7,NA - 04,tonnes,Otto Lake,,ON-MAIN-8825d90d,,,https://www.canada.ca/en/environment-climate-change/services/national-pollutant-release-inventory/tools-resources-data/exploredata.html
npri-33049-2023-78,2023,compb4e31bc7,NA - 05,kg,Otto Lake,,ON-MAIN-8825d90d,,,https://www.canada.ca/en/environment-climate-change/services/national-pollutant-release-inventory/tools-resources-data/exploredata.html
npri-33049-2023-79,2023,compb4e31bc7,NA - 06,tonnes,Otto Lake,,ON-MAIN-8825d90d,,,https://www.canada.ca/en/environment-climate-change/services/national-pollutant-release-inventory/tools-resources-data/exploredata.html
npri-33049-2023-80,2023,compb4e31bc7,NA - 07,tonnes,Otto Lake,,ON-MAIN-8825d90d,,,https://www.canada.ca/en/environment-climate-change/services/national-pollutant-release-inventory/tools-resources-data/exploredata.html
npri-33049-2023-81,2023,compb4e31bc7,NA - 08,kg,Otto Lake,,ON-MAIN-8825d90d,,,https://www.canada.ca/en/environment-climate-change/services/national-pollutant-release-inventory/tools-resources-data/exploredata.html
npri-33049-2023-82,2023,compb4e31bc7,NA - 09,tonnes,Otto Lake,,ON-MAIN-8825d90d,,,https://www.canada.ca/en/environment-climate-change/services/national-pollutant-release-inventory/tools-resources-data/exploredata.html
npri-33049-2023-83,2023,compb4e31bc7,NA - 10,kg,Otto Lake,,ON-MAIN-8825d90d,,,https://www.canada.ca/en/environment-climate-change/services/national-pollutant-release-inventory/tools-resources-data/exploredata.html
npri-33049-2023-84,2023,compb4e31bc7,NA - 11,tonnes,Otto Lake,,ON-MAIN-8825d90d,,,https://www.canada.ca/en/environment-climate-change/services/national-pollutant-release-inventory/tools-resources-data/exploredata.html
npri-33049-2023-85,2023,compb4e31bc7,NA - 22,tonnes,Otto Lake,,ON-MAIN-8825d90d,,,https://www.canada.ca/en/environment-climate-change/services/national-pollutant-release-inventory/tools-resources-data/exploredata.html
npri-33049-2023-86,2023,compb4e31bc7,NA - 12,kg,Otto Lake,,ON-MAIN-8825d90d,,,https://www.canada.ca/en/environment-climate-change/services/national-pollutant-release-inventory/tools-resources-data/exploredata.html
npri-33049-2023-87,2023,compb4e31bc7,NA - 37,kg,Otto Lake,,ON-MAIN-8825d90d,,,https://www.canada.ca/en/environment-climate-change/services/national-pollutant-release-inventory/tools-resources-data/exploredata.html
npri-33049-2023-88,2023,compb4e31bc7,NA - 40,tonnes,Otto Lake,,ON-MAIN-8825d90d,,,https://www.canada.ca/en/environment-climate-change/services/national-pollutant-release-inventory/tools-resources-data/exploredata.html
npri-33049-2023-89,2023,compb4e31bc7,NA - 14,tonnes,Otto Lake,,ON-MAIN-8825d90d,,,https://www.canada.ca/en/environment-climate-change/services/national-pollutant-release-inventory/tools-resources-data/exploredata.html
npri-8015-2023-11,2023,compb4e31bc7,NA - 16,tonnes,Fly Pond,,NL-MAIN-842ba1b4,,,https://www.canada.ca/en/environment-climate-change/services/national-pollutant-release-inventory/tools-resources-data/exploredata.html
npri-8015-2023-12,2023,compb4e31bc7,NA - 02,kg,Fly Pond,,NL-MAIN-842ba1b4,,,https://www.canada.ca/en/environment-climate-change/services/national-pollutant-release-inventory/tools-resources-data/exploredata.html
npri-8015-2023-13,2023,compb4e31bc7,NA - 06,tonnes,Fly Pond,,NL-MAIN-842ba1b4,,,https://www.canada.ca/en/environment-climate-change/services/national-pollutant-release-inventory/tools-resources-data/exploredata.html
npri-8015-2023-14,2023,compb4e31bc7,NA - 08,kg,Fly Pond,,NL-MAIN-842ba1b4,,,https://www.canada.ca/en/environment-climate-change/services/national-pollutant-release-inventory/tools-resources-data/exploredata.html
npri-8015-2023-15,2023,compb4e31bc7,NA - 14,tonnes,Fly Pond,,NL-MAIN-842ba1b4,,,https://www.canada.ca/en/environment-climate-change/services/national-pollutant-release-inventory/tools-resources-data/exploredata.html
npri-23273-2023-47,2023,compb4e31bc7,NA - 16,tonnes,"Laonil Lake, Lizard Lake",,SK-MAIN-29afbdb5,,,https://www.canada.ca/en/environment-climate-change/services/national-pollutant-release-inventory/tools-resources-data/exploredata.html
npri-23273-2023-48,2023,compb4e31bc7,NA - 02,kg,"Laonil Lake, Lizard Lake",,SK-MAIN-29afbdb5,,,https://www.canada.ca/en/environment-climate-change/services/national-pollutant-release-inventory/tools-resources-data/exploredata.html
npri-23273-2023-49,2023,compb4e31bc7,NA - 03,kg,"Laonil Lake, Lizard Lake",,SK-MAIN-29afbdb5,,,https://www.canada.ca/en/environment-climate-change/services/national-pollutant-release-inventory/tools-resources-data/exploredata.html
npri-23273-2023-50,2023,compb4e31bc7,NA - 04,tonnes,"Laonil Lake, Lizard Lake",,SK-MAIN-29afbdb5,,,https://www.canada.ca/en/environment-climate-change/services/national-pollutant-release-inventory/tools-resources-data/exploredata.html
npri-23273-2023-51,2023,compb4e31bc7,NA - 05,kg,"Laonil Lake, Lizard Lake",,SK-MAIN-29afbdb5,,,https://www.canada.ca/en/environment-climate-change/services/national-pollutant-release-inventory/tools-resources-data/exploredata.html
npri-23273-2023-52,2023,compb4e31bc7,NA - 06,tonnes,"Laonil Lake, Lizard Lake",,SK-MAIN-29afbdb5,,,https://www.canada.ca/en/environment-climate-change/services/national-pollutant-release-inventory/tools-resources-data/exploredata.html
npri-23273-2023-53,2023,compb4e31bc7,NA - 07,tonnes,Laonil Lake,,SK-MAIN-29afbdb5,,,https://www.canada.ca/en/environment-climate-change/services/national-pollutant-release-inventory/tools-resources-data/exploredata.html
npri-23273-2023-54,2023,compb4e31bc7,NA - 08,kg,"Laonil Lake, Lizard Lake",,SK-MAIN-29afbdb5,,,https://www.canada.ca/en/environment-climate-change/services/national-pollutant-release-inventory/tools-resources-data/exploredata.html
npri-23273-2023-55,2023,compb4e31bc7,NA - 09,tonnes,"Laonil Lake, Lizard Lake",,SK-MAIN-29afbdb5,,,https://www.canada.ca/en/environment-climate-change/services/national-pollutant-release-inventory/tools-resources-data/exploredata.html
npri-23273-2023-56,2023,compb4e31bc7,NA - 11,tonnes,"Laonil Lake, Lizard Lake",,SK-MAIN-29afbdb5,,,https://www.canada.ca/en/environment-climate-change/services/national-pollutant-release-inventory/tools-resources-data/exploredata.html
npri-23273-2023-57,2023,compb4e31bc7,NA - 17,tonnes,"Laonil Lake, Lizard Lake",,SK-MAIN-29afbdb5,,,https://www.canada.ca/en/environment-climate-change/services/national-pollutant-release-inventory/tools-resources-data/exploredata.html
npri-23273-2023-58,2023,compb4e31bc7,NA - 22,tonnes,"Laonil Lake, Lizard Lake",,SK-MAIN-29afbdb5,,,https://www.canada.ca/en/environment-climate-change/services/national-pollutant-release-inventory/tools-resources-data/exploredata.html
npri-23273-2023-59,2023,compb4e31bc7,NA - 12,kg,"Laonil Lake, Lizard Lake",,SK-MAIN-29afbdb5,,,https://www.canada.ca/en/environment-climate-change/services/national-pollutant-release-inventory/tools-resources-data/exploredata.html
npri-23273-2023-60,2023,compb4e31bc7,NA - 40,tonnes,"Laonil Lake, Lizard Lake",,SK-MAIN-29afbdb5,,,https://www.canada.ca/en/environment-climate-change/services/national-pollutant-release-inventory/tools-resources-data/exploredata.html
npri-23273-2023-61,2023,compb4e31bc7,NA - 14,tonnes,"Laonil Lake, Lizard Lake",,SK-MAIN-29afbdb5,,,https://www.canada.ca/en/environment-climate-change/services/national-pollutant-release-inventory/tools-resources-data/exploredata.html
npri-5460-2023-45,2023,compb4e31bc7,NA - 16,tonnes,Wabush Lake,,NL-MAIN-b64bae7a,,,https://www.canada.ca/en/environment-climate-change/services/national-pollutant-release-inventory/tools-resources-data/exploredata.html
npri-5460-2023-46,2023,compb4e31bc7,NA - 02,kg,Wabush Lake,,NL-MAIN-b64bae7a,,,https://www.canada.ca/en/environment-climate-change/services/national-pollutant-release-inventory/tools-resources-data/exploredata.html
npri-5460-2023-47,2023,compb4e31bc7,NA - 03,kg,Wabush Lake,,NL-MAIN-b64bae7a,,,https://www.canada.ca/en/environment-climate-change/services/national-pollutant-release-inventory/tools-resources-data/exploredata.html
npri-5460-2023-48,2023,compb4e31bc7,NA - 05,kg,Wabush Lake,,NL-MAIN-b64bae7a,,,https://www.canada.ca/en/environment-climate-change/services/national-pollutant-release-inventory/tools-resources-data/exploredata.html
npri-5460-2023-49,2023,compb4e31bc7,NA - 08,kg,Wabush Lake,,NL-MAIN-b64bae7a,,,https://www.canada.ca/en/environment-climate-change/services/national-pollutant-release-inventory/tools-resources-data/exploredata.html
npri-5460-2023-50,2023,compb4e31bc7,NA - 09,tonnes,Wabush Lake,,NL-MAIN-b64bae7a,,,https://www.canada.ca/en/environment-climate-change/services/national-pollutant-release-inventory/tools-resources-data/exploredata.html
npri-5460-2023-51,2023,compb4e31bc7,NA - 17,tonnes,Wabush Lake,,NL-MAIN-b64bae7a,,,https://www.canada.ca/en/environment-climate-change/services/national-pollutant-release-inventory/tools-resources-data/exploredata.html
npri-3356-2023-39,2023,compb4e31bc7,NA - 02,kg,"Bose Lake, Fouquet Creek , Pukaist Creek, Unnamed Wetland, Witches Brook",,BC-MAIN-bf503b6b,,,https://www.canada.ca/en/environment-climate-change/services/national-pollutant-release-inventory/tools-resources-data/exploredata.html
npri-3356-2023-40,2023,compb4e31bc7,NA - 03,kg,"Bose Lake, Fouquet Creek , Pukaist Creek, Unnamed Wetland, Witches Brook",,BC-MAIN-bf503b6b,,,https://www.canada.ca/en/environment-climate-change/services/national-pollutant-release-inventory/tools-resources-data/exploredata.html
npri-3356-2023-41,2023,compb4e31bc7,NA - 05,kg,"Bose Lake, Fouquet Creek , Pukaist Creek, Unnamed Wetland, Witches Brook",,BC-MAIN-bf503b6b,,,https://www.canada.ca/en/environment-climate-change/services/national-pollutant-release-inventory/tools-resources-data/exploredata.html
npri-3356-2023-42,2023,compb4e31bc7,NA - 08,kg,"Bose Lake, Fouquet Creek , Pukaist Creek, Unnamed Wetland, Witches Brook",,BC-MAIN-bf503b6b,,,https://www.canada.ca/en/environment-climate-change/services/national-pollutant-release-inventory/tools-resources-data/exploredata.html
npri-3356-2023-43,2023,compb4e31bc7,NA - 12,kg,"Bose Lake, Fouquet Creek , Pukaist Creek, Unnamed Wetland, Witches Brook",,BC-MAIN-bf503b6b,,,https://www.canada.ca/en/environment-climate-change/services/national-pollutant-release-inventory/tools-resources-data/exploredata.html
npri-1465-2023-83,2023,compb4e31bc7,NA - 16,tonnes,Kelly Lake,,ON-MAIN-de2f9639,,,https://www.canada.ca/en/environment-climate-change/services/national-pollutant-release-inventory/tools-resources-data/exploredata.html
npri-1465-2023-84,2023,compb4e31bc7,NA - 02,kg,Kelly Lake,,ON-MAIN-de2f9639,,,https://www.canada.ca/en/environment-climate-change/services/national-pollutant-release-inventory/tools-resources-data/exploredata.html
npri-10202-2023-55,2023,compb4e31bc7,NA - 02,kg,Junction Creek,,ON-MAIN-48fe2205,,,https://www.canada.ca/en/environment-climate-change/services/national-pollutant-release-inventory/tools-resources-data/exploredata.html
npri-11878-2023-54,2023,compb4e31bc7,NA - 02,kg,Spanish River,,ON-MAIN-28f3f0fc,,,https://www.canada.ca/en/environment-climate-change/services/national-pollutant-release-inventory/tools-resources-data/exploredata.html
npri-1465-2023-85,2023,compb4e31bc7,NA - 03,kg,Kelly Lake,,ON-MAIN-de2f9639,,,https://www.canada.ca/en/environment-climate-change/services/national-pollutant-release-inventory/tools-resources-data/exploredata.html
npri-10202-2023-56,2023,compb4e31bc7,NA - 03,kg,Junction Creek,,ON-MAIN-48fe2205,,,https://www.canada.ca/en/environment-climate-change/services/national-pollutant-release-inventory/tools-resources-data/exploredata.html
npri-11878-2023-55,2023,compb4e31bc7,NA - 03,kg,Spanish River,,ON-MAIN-28f3f0fc,,,https://www.canada.ca/en/environment-climate-change/services/national-pollutant-release-inventory/tools-resources-data/exploredata.html
npri-1465-2023-86,2023,compb4e31bc7,NA - 04,tonnes,Kelly Lake,,ON-MAIN-de2f9639,,,https://www.canada.ca/en/environment-climate-change/services/national-pollutant-release-inventory/tools-resources-data/exploredata.html
npri-1465-2023-87,2023,compb4e31bc7,NA - 05,kg,Kelly Lake,,ON-MAIN-de2f9639,,,https://www.canada.ca/en/environment-climate-change/services/national-pollutant-release-inventory/tools-resources-data/exploredata.html
npri-10202-2023-57,2023,compb4e31bc7,NA - 05,kg,Junction Creek,,ON-MAIN-48fe2205,,,https://www.canada.ca/en/environment-climate-change/services/national-pollutant-release-inventory/tools-resources-data/exploredata.html
npri-11878-2023-56,2023,compb4e31bc7,NA - 05,kg,Spanish River,,ON-MAIN-28f3f0fc,,,https://www.canada.ca/en/environment-climate-change/services/national-pollutant-release-inventory/tools-resources-data/exploredata.html
npri-1465-2023-88,2023,compb4e31bc7,NA - 06,tonnes,Kelly Lake,,ON-MAIN-de2f9639,,,https://www.canada.ca/en/environment-climate-change/services/national-pollutant-release-inventory/tools-resources-data/exploredata.html
npri-10202-2023-58,2023,compb4e31bc7,NA - 06,tonnes,Junction Creek,,ON-MAIN-48fe2205,,,https://www.canada.ca/en/environment-climate-change/services/national-pollutant-release-inventory/tools-resources-data/exploredata.html
npri-11878-2023-57,2023,compb4e31bc7,NA - 06,tonnes,Spanish River,,ON-MAIN-28f3f0fc,,,https://www.canada.ca/en/environment-climate-change/services/national-pollutant-release-inventory/tools-resources-data/exploredata.html
npri-1465-2023-89,2023,compb4e31bc7,NA - 08,kg,Kelly Lake,,ON-MAIN-de2f9639,,,https://www.canada.ca/en/environment-climate-change/services/national-pollutant-release-inventory/tools-resources-data/exploredata.html
npri-10202-2023-59,2023,compb4e31bc7,NA - 08,kg,Junction Creek,,ON-MAIN-48fe2205,,,https://www.canada.ca/en/environment-climate-change/services/national-pollutant-release-inventory/tools-resources-data/exploredata.html
npri-11878-2023-58,2023,compb4e31bc7,NA - 08,kg,Spanish River,,ON-MAIN-28f3f0fc,,,https://www.canada.ca/en/environment-climate-change/services/national-pollutant-release-inventory/tools-resources-data/exploredata.html
npri-1465-2023-90,2023,compb4e31bc7,NA - 09,tonnes,Kelly Lake,,ON-MAIN-de2f9639,,,https://www.canada.ca/en/environment-climate-change/services/national-pollutant-release-inventory/tools-resources-data/exploredata.html
npri-1465-2023-91,2023,compb4e31bc7,NA - 10,kg,Kelly Lake,,ON-MAIN-de2f9639,,,https://www.canada.ca/en/environment-climate-change/services/national-pollutant-release-inventory/tools-resources-data/exploredata.html
npri-10202-2023-60,2023,compb4e31bc7,NA - 10,kg,Junction Creek,,ON-MAIN-48fe2205,,,https://www.canada.ca/en/environment-climate-change/services/national-pollutant-release-inventory/tools-resources-data/exploredata.html
npri-11878-2023-59,2023,compb4e31bc7,NA - 10,kg,Spanish River,,ON-MAIN-28f3f0fc,,,https://www.canada.ca/en/environment-climate-change/services/national-pollutant-release-inventory/tools-resources-data/exploredata.html
npri-1465-2023-92,2023,compb4e31bc7,NA - 11,tonnes,Kelly Lake,,ON-MAIN-de2f9639,,,https://www.canada.ca/en/environment-climate-change/services/national-pollutant-release-inventory/tools-resources-data/exploredata.html
npri-10202-2023-61,2023,compb4e31bc7,NA - 11,tonnes,Junction Creek,,ON-MAIN-48fe2205,,,https://www.canada.ca/en/environment-climate-change/services/national-pollutant-release-inventory/tools-resources-data/exploredata.html
npri-11878-2023-60,2023,compb4e31bc7,NA - 11,tonnes,Spanish River,,ON-MAIN-28f3f0fc,,,https://www.canada.ca/en/environment-climate-change/services/national-pollutant-release-inventory/tools-resources-data/exploredata.html
npri-1465-2023-93,2023,compb4e31bc7,NA - 17,tonnes,Kelly Lake,,ON-MAIN-de2f9639,,,https://www.canada.ca/en/environment-climate-change/services/national-pollutant-release-inventory/tools-resources-data/exploredata.html
npri-10202-2023-62,2023,compb4e31bc7,NA - 17,tonnes,Junction Creek,,ON-MAIN-48fe2205,,,https://www.canada.ca/en/environment-climate-change/services/national-pollutant-release-inventory/tools-resources-data/exploredata.html
npri-1465-2023-94,2023,compb4e31bc7,NA - 12,kg,Kelly Lake,,ON-MAIN-de2f9639,,,https://www.canada.ca/en/environment-climate-change/services/national-pollutant-release-inventory/tools-resources-data/exploredata.html
npri-10202-2023-63,2023,compb4e31bc7,NA - 12,kg,Junction Creek,,ON-MAIN-48fe2205,,,https://www.canada.ca/en/environment-climate-change/services/national-pollutant-release-inventory/tools-resources-data/exploredata.html
npri-11878-2023-61,2023,compb4e31bc7,NA - 12,kg,Spanish River,,ON-MAIN-28f3f0fc,,,https://www.canada.ca/en/environment-climate-change/services/national-pollutant-release-inventory/tools-resources-data/exploredata.html
npri-1465-2023-95,2023,compb4e31bc7,NA - 37,kg,Kelly Lake,,ON-MAIN-de2f9639,,,https://www.canada.ca/en/environment-climate-change/services/national-pollutant-release-inventory/tools-resources-data/exploredata.html
npri-1465-2023-96,2023,compb4e31bc7,NA - 14,tonnes,Kelly Lake,,ON-MAIN-de2f9639,,,https://www.canada.ca/en/environment-climate-change/services/national-pollutant-release-inventory/tools-resources-data/exploredata.html
npri-10010-2023-46,2023,compb4e31bc7,NA - 02,kg,Miron Creek,,ON-MAIN-cb85213a,,,https://www.canada.ca/en/environment-climate-change/services/national-pollutant-release-inventory/tools-resources-data/exploredata.html
npri-10010-2023-47,2023,compb4e31bc7,NA - 06,tonnes,Miron Creek,,ON-MAIN-cb85213a,,,https://www.canada.ca/en/environment-climate-change/services/national-pollutant-release-inventory/tools-resources-data/exploredata.html
npri-10010-2023-48,2023,compb4e31bc7,NA - 07,tonnes,Miron Creek,,ON-MAIN-cb85213a,,,https://www.canada.ca/en/environment-climate-change/services/national-pollutant-release-inventory/tools-resources-data/exploredata.html
npri-10010-2023-49,2023,compb4e31bc7,NA - 08,kg,Miron Creek,,ON-MAIN-cb85213a,,,https://www.canada.ca/en/environment-climate-change/services/national-pollutant-release-inventory/tools-resources-data/exploredata.html
npri-10010-2023-50,2023,compb4e31bc7,NA - 11,tonnes,Miron Creek,,ON-MAIN-cb85213a,,,https://www.canada.ca/en/environment-climate-change/services/national-pollutant-release-inventory/tools-resources-data/exploredata.html
npri-10010-2023-51,2023,compb4e31bc7,NA - 14,tonnes,Miron Creek,,ON-MAIN-cb85213a,,,https://www.canada.ca/en/environment-climate-change/services/national-pollutant-release-inventory/tools-resources-data/exploredata.html
npri-1568-2023-105,2023,compb4e31bc7,NA - 16,tonnes,Amikougami Creek,,ON-MAIN-1f126a43,,,https://www.canada.ca/en/environment-climate-change/services/national-pollutant-release-inventory/tools-resources-data/exploredata.html
npri-1568-2023-106,2023,compb4e31bc7,NA - 02,kg,Amikougami Creek,,ON-MAIN-1f126a43,,,https://www.canada.ca/en/environment-climate-change/services/national-pollutant-release-inventory/tools-resources-data/exploredata.html
npri-1568-2023-107,2023,compb4e31bc7,NA - 03,kg,Amikougami Creek,,ON-MAIN-1f126a43,,,https://www.canada.ca/en/environment-climate-change/services/national-pollutant-release-inventory/tools-resources-data/exploredata.html
npri-1568-2023-108,2023,compb4e31bc7,NA - 04,tonnes,Amikougami Creek,,ON-MAIN-1f126a43,,,https://www.canada.ca/en/environment-climate-change/services/national-pollutant-release-inventory/tools-resources-data/exploredata.html
npri-1568-2023-109,2023,compb4e31bc7,NA - 05,kg,Amikougami Creek,,ON-MAIN-1f126a43,,,https://www.canada.ca/en/environment-climate-change/services/national-pollutant-release-inventory/tools-resources-data/exploredata.html
npri-1568-2023-110,2023,compb4e31bc7,NA - 06,tonnes,Amikougami Creek,,ON-MAIN-1f126a43,,,https://www.canada.ca/en/environment-climate-change/services/national-pollutant-release-inventory/tools-resources-data/exploredata.html
npri-1568-2023-111,2023,compb4e31bc7,NA - 07,tonnes,Amikougami Creek,,ON-MAIN-1f126a43,,,https://www.canada.ca/en/environment-climate-change/services/national-pollutant-release-inventory/tools-resources-data/exploredata.html
npri-1568-2023-112,2023,compb4e31bc7,NA - 08,kg,Amikougami Creek,,ON-MAIN-1f126a43,,,https://www.canada.ca/en/environment-climate-change/services/national-pollutant-release-inventory/tools-resources-data/exploredata.html
npri-1568-2023-113,2023,compb4e31bc7,NA - 09,tonnes,Amikougami Creek,,ON-MAIN-1f126a43,,,https://www.canada.ca/en/environment-climate-change/services/national-pollutant-release-inventory/tools-resources-data/exploredata.html
npri-1568-2023-114,2023,compb4e31bc7,NA - 10,kg,Amikougami Creek,,ON-MAIN-1f126a43,,,https://www.canada.ca/en/environment-climate-change/services/national-pollutant-release-inventory/tools-resources-data/exploredata.html
npri-1568-2023-115,2023,compb4e31bc7,NA - 11,tonnes,Amikougami Creek,,ON-MAIN-1f126a43,,,https://www.canada.ca/en/environment-climate-change/services/national-pollutant-release-inventory/tools-resources-data/exploredata.html
npri-1568-2023-116,2023,compb4e31bc7,NA - 17,tonnes,Amikougami Creek,,ON-MAIN-1f126a43,,,https://www.canada.ca/en/environment-climate-change/services/national-pollutant-release-inventory/tools-resources-data/exploredata.html
npri-1568-2023-117,2023,compb4e31bc7,NA - 22,tonnes,Amikougami Creek,,ON-MAIN-1f126a43,,,https://www.canada.ca/en/environment-climate-change/services/national-pollutant-release-inventory/tools-resources-data/exploredata.html
npri-1568-2023-118,2023,compb4e31bc7,NA - 12,kg,Amikougami Creek,,ON-MAIN-1f126a43,,,https://www.canada.ca/en/environment-climate-change/services/national-pollutant-release-inventory/tools-resources-data/exploredata.html
npri-1568-2023-119,2023,compb4e31bc7,NA - 37,kg,Amikougami Creek,,ON-MAIN-1f126a43,,,https://www.canada.ca/en/environment-climate-change/services/national-pollutant-release-inventory/tools-resources-data/exploredata.html
npri-1568-2023-120,2023,compb4e31bc7,NA - 40,tonnes,Amikougami Creek,,ON-MAIN-1f126a43,,,https://www.canada.ca/en/environment-climate-change/services/national-pollutant-release-inventory/tools-resources-data/exploredata.html
npri-1568-2023-121,2023,compb4e31bc7,NA - 14,tonnes,Amikougami Creek,,ON-MAIN-1f126a43,,,https://www.canada.ca/en/environment-climate-change/services/national-pollutant-release-inventory/tools-resources-data/exploredata.html
npri-25188-2023-98,2023,compb4e31bc7,NA - 02,kg,Ruisseau Raymond,,QC-MAIN-e7e6a960,,,https://www.canada.ca/en/environment-climate-change/services/national-pollutant-release-inventory/tools-resources-data/exploredata.html
npri-25188-2023-99,2023,compb4e31bc7,NA - 03,kg,Ruisseau Raymond,,QC-MAIN-e7e6a960,,,https://www.canada.ca/en/environment-climate-change/services/national-pollutant-release-inventory/tools-resources-data/exploredata.html
npri-25188-2023-100,2023,compb4e31bc7,NA - 04,tonnes,Ruisseau Raymond,,QC-MAIN-e7e6a960,,,https://www.canada.ca/en/environment-climate-change/services/national-pollutant-release-inventory/tools-resources-data/exploredata.html
npri-25188-2023-101,2023,compb4e31bc7,NA - 05,kg,Ruisseau Raymond,,QC-MAIN-e7e6a960,,,https://www.canada.ca/en/environment-climate-change/services/national-pollutant-release-inventory/tools-resources-data/exploredata.html
npri-25188-2023-102,2023,compb4e31bc7,NA - 06,tonnes,Ruisseau Raymond,,QC-MAIN-e7e6a960,,,https://www.canada.ca/en/environment-climate-change/services/national-pollutant-release-inventory/tools-resources-data/exploredata.html
npri-25188-2023-103,2023,compb4e31bc7,NA - 07,tonnes,Ruisseau Raymond,,QC-MAIN-e7e6a960,,,https://www.canada.ca/en/environment-climate-change/services/national-pollutant-release-inventory/tools-resources-data/exploredata.html
npri-25188-2023-104,2023,compb4e31bc7,NA - 08,kg,Ruisseau Raymond,,QC-MAIN-e7e6a960,,,https://www.canada.ca/en/environment-climate-change/services/national-pollutant-release-inventory/tools-resources-data/exploredata.html
npri-25188-2023-105,2023,compb4e31bc7,NA - 09,tonnes,Ruisseau Raymond,,QC-MAIN-e7e6a960,,,https://www.canada.ca/en/environment-climate-change/services/national-pollutant-release-inventory/tools-resources-data/exploredata.html
npri-25188-2023-106,2023,compb4e31bc7,NA - 10,kg,Ruisseau Raymond,,QC-MAIN-e7e6a960,,,https://www.canada.ca/en/environment-climate-change/services/national-pollutant-release-inventory/tools-resources-data/exploredata.html
npri-25188-2023-107,2023,compb4e31bc7,NA - 11,tonnes,Ruisseau Raymond,,QC-MAIN-e7e6a960,,,https://www.canada.ca/en/environment-climate-change/services/national-pollutant-release-inventory/tools-resources-data/exploredata.html
npri-25188-2023-108,2023,compb4e31bc7,NA - 12,kg,Ruisseau Raymond,,QC-MAIN-e7e6a960,,,https://www.canada.ca/en/environment-climate-change/services/national-pollutant-release-inventory/tools-resources-data/exploredata.html
npri-25188-2023-109,2023,compb4e31bc7,NA - 37,kg,Ruisseau Raymond,,QC-MAIN-e7e6a960,,,https://www.canada.ca/en/environment-climate-change/services/national-pollutant-release-inventory/tools-resources-data/exploredata.html
npri-25188-2023-110,2023,compb4e31bc7,NA - 40,tonnes,Ruisseau Raymond,,QC-MAIN-e7e6a960,,,https://www.canada.ca/en/environment-climate-change/services/national-pollutant-release-inventory/tools-resources-data/exploredata.html
npri-25188-2023-111,2023,compb4e31bc7,NA - 14,tonnes,Ruisseau Raymond,,QC-MAIN-e7e6a960,,,https://www.canada.ca/en/environment-climate-change/services/national-pollutant-release-inventory/tools-resources-data/exploredata.html
npri-24216-2023-117,2023,compb4e31bc7,NA - 01,tonnes,"Mammoth Lake, Second Portage Lake, Whale Tail Lake",,NU-MAIN-730aefe3,,,https://www.canada.ca/en/environment-climate-change/services/national-pollutant-release-inventory/tools-resources-data/exploredata.html
npri-24216-2023-118,2023,compb4e31bc7,NA - 02,kg,"Mammoth Lake, Second Portage Lake, Whale Tail Lake",,NU-MAIN-730aefe3,,,https://www.canada.ca/en/environment-climate-change/services/national-pollutant-release-inventory/tools-resources-data/exploredata.html
npri-24216-2023-119,2023,compb4e31bc7,NA - 03,kg,"Mammoth Lake, Second Portage Lake, Whale Tail Lake",,NU-MAIN-730aefe3,,,https://www.canada.ca/en/environment-climate-change/services/national-pollutant-release-inventory/tools-resources-data/exploredata.html
npri-24216-2023-120,2023,compb4e31bc7,NA - 04,tonnes,"Mammoth Lake, Second Portage Lake, Whale Tail Lake",,NU-MAIN-730aefe3,,,https://www.canada.ca/en/environment-climate-change/services/national-pollutant-release-inventory/tools-resources-data/exploredata.html
npri-24216-2023-121,2023,compb4e31bc7,NA - 05,kg,"Mammoth Lake, Second Portage Lake, Whale Tail Lake",,NU-MAIN-730aefe3,,,https://www.canada.ca/en/environment-climate-change/services/national-pollutant-release-inventory/tools-resources-data/exploredata.html
npri-24216-2023-122,2023,compb4e31bc7,NA - 06,tonnes,"Mammoth Lake, Second Portage Lake, Whale Tail Lake",,NU-MAIN-730aefe3,,,https://www.canada.ca/en/environment-climate-change/services/national-pollutant-release-inventory/tools-resources-data/exploredata.html
npri-24216-2023-123,2023,compb4e31bc7,NA - 07,tonnes,"Mammoth Lake, Second Portage Lake, Whale Tail Lake",,NU-MAIN-730aefe3,,,https://www.canada.ca/en/environment-climate-change/services/national-pollutant-release-inventory/tools-resources-data/exploredata.html
npri-24216-2023-124,2023,compb4e31bc7,NA - 08,kg,"Mammoth Lake, Second Portage Lake, Whale Tail Lake",,NU-MAIN-730aefe3,,,https://www.canada.ca/en/environment-climate-change/services/national-pollutant-release-inventory/tools-resources-data/exploredata.html
npri-24216-2023-125,2023,compb4e31bc7,NA - 09,tonnes,"Mammoth Lake, Second Portage Lake, Whale Tail Lake",,NU-MAIN-730aefe3,,,https://www.canada.ca/en/environment-climate-change/services/national-pollutant-release-inventory/tools-resources-data/exploredata.html
npri-24216-2023-126,2023,compb4e31bc7,NA - 11,tonnes,"Mammoth Lake, Second Portage Lake, Whale Tail Lake",,NU-MAIN-730aefe3,,,https://www.canada.ca/en/environment-climate-change/services/national-pollutant-release-inventory/tools-resources-data/exploredata.html
npri-24216-2023-127,2023,compb4e31bc7,NA - 22,tonnes,"Mammoth Lake, Second Portage Lake, Whale Tail Lake",,NU-MAIN-730aefe3,,,https://www.canada.ca/en/environment-climate-change/services/national-pollutant-release-inventory/tools-resources-data/exploredata.html
npri-24216-2023-128,2023,compb4e31bc7,NA - 12,kg,"Mammoth Lake, Second Portage Lake, Whale Tail Lake",,NU-MAIN-730aefe3,,,https://www.canada.ca/en/environment-climate-change/services/national-pollutant-release-inventory/tools-resources-data/exploredata.html
npri-24216-2023-129,2023,compb4e31bc7,NA - 37,kg,"Mammoth Lake, Second Portage Lake, Whale Tail Lake",,NU-MAIN-730aefe3,,,https://www.canada.ca/en/environment-climate-change/services/national-pollutant-release-inventory/tools-resources-data/exploredata.html
npri-24216-2023-130,2023,compb4e31bc7,NA - 14,tonnes,"Mammoth Lake, Second Portage Lake, Whale Tail Lake",,NU-MAIN-730aefe3,,,https://www.canada.ca/en/environment-climate-change/services/national-pollutant-release-inventory/tools-resources-data/exploredata.html
npri-8757-2023-48,2023,compb4e31bc7,NA - 02,kg,Ruisseau Sans Nom,,QC-MAIN-c0660aec,,,https://www.canada.ca/en/environment-climate-change/services/national-pollutant-release-inventory/tools-resources-data/exploredata.html
npri-8757-2023-49,2023,compb4e31bc7,NA - 03,kg,Ruisseau Sans Nom,,QC-MAIN-c0660aec,,,https://www.canada.ca/en/environment-climate-change/services/national-pollutant-release-inventory/tools-resources-data/exploredata.html
npri-8757-2023-50,2023,compb4e31bc7,NA - 04,tonnes,Ruisseau Sans Nom,,QC-MAIN-c0660aec,,,https://www.canada.ca/en/environment-climate-change/services/national-pollutant-release-inventory/tools-resources-data/exploredata.html
npri-8757-2023-51,2023,compb4e31bc7,NA - 05,kg,Ruisseau Sans Nom,,QC-MAIN-c0660aec,,,https://www.canada.ca/en/environment-climate-change/services/national-pollutant-release-inventory/tools-resources-data/exploredata.html
npri-8757-2023-52,2023,compb4e31bc7,NA - 06,tonnes,Ruisseau Sans Nom,,QC-MAIN-c0660aec,,,https://www.canada.ca/en/environment-climate-change/services/national-pollutant-release-inventory/tools-resources-data/exploredata.html
npri-8757-2023-53,2023,compb4e31bc7,NA - 08,kg,Ruisseau Sans Nom,,QC-MAIN-c0660aec,,,https://www.canada.ca/en/environment-climate-change/services/national-pollutant-release-inventory/tools-resources-data/exploredata.html
npri-8757-2023-54,2023,compb4e31bc7,NA - 09,tonnes,Ruisseau Sans Nom,,QC-MAIN-c0660aec,,,https://www.canada.ca/en/environment-climate-change/services/national-pollutant-release-inventory/tools-resources-data/exploredata.html
npri-8757-2023-55,2023,compb4e31bc7,NA - 11,tonnes,Ruisseau Sans Nom,,QC-MAIN-c0660aec,,,https://www.canada.ca/en/environment-climate-change/services/national-pollutant-release-inventory/tools-resources-data/exploredata.html
npri-8757-2023-56,2023,compb4e31bc7,NA - 14,tonnes,Ruisseau Sans Nom,,QC-MAIN-c0660aec,,,https://www.canada.ca/en/environment-climate-change/services/national-pollutant-release-inventory/tools-resources-data/exploredata.html
npri-11454-2023-92,2023,compb4e31bc7,NA - 16,tonnes,Lac Goudreau,,ON-MAIN-687b8c8d,,,https://www.canada.ca/en/environment-climate-change/services/national-pollutant-release-inventory/tools-resources-data/exploredata.html
npri-26132-2023-121,2023,compb4e31bc7,NA - 16,tonnes,Montreal River,,ON-MAIN-7607a50e,,,https://www.canada.ca/en/environment-climate-change/services/national-pollutant-release-inventory/tools-resources-data/exploredata.html
npri-26132-2023-122,2023,compb4e31bc7,NA - 01,tonnes,Montreal River,,ON-MAIN-7607a50e,,,https://www.canada.ca/en/environment-climate-change/services/national-pollutant-release-inventory/tools-resources-data/exploredata.html
npri-11454-2023-93,2023,compb4e31bc7,NA - 02,kg,Lac Goudreau,,ON-MAIN-687b8c8d,,,https://www.canada.ca/en/environment-climate-change/services/national-pollutant-release-inventory/tools-resources-data/exploredata.html
npri-26132-2023-123,2023,compb4e31bc7,NA - 02,kg,Montreal River,,ON-MAIN-7607a50e,,,https://www.canada.ca/en/environment-climate-change/services/national-pollutant-release-inventory/tools-resources-data/exploredata.html
npri-11454-2023-94,2023,compb4e31bc7,NA - 03,kg,Lac Goudreau,,ON-MAIN-687b8c8d,,,https://www.canada.ca/en/environment-climate-change/services/national-pollutant-release-inventory/tools-resources-data/exploredata.html
npri-26132-2023-124,2023,compb4e31bc7,NA - 03,kg,Montreal River,,ON-MAIN-7607a50e,,,https://www.canada.ca/en/environment-climate-change/services/national-pollutant-release-inventory/tools-resources-data/exploredata.html
npri-11454-2023-95,2023,compb4e31bc7,NA - 04,tonnes,Lac Goudreau,,ON-MAIN-687b8c8d,,,https://www.canada.ca/en/environment-climate-change/services/national-pollutant-release-inventory/tools-resources-data/exploredata.html
npri-26132-2023-125,2023,compb4e31bc7,NA - 04,tonnes,Montreal River,,ON-MAIN-7607a50e,,,https://www.canada.ca/en/environment-climate-change/services/national-pollutant-release-inventory/tools-resources-data/exploredata.html
npri-11454-2023-96,2023,compb4e31bc7,NA - 05,kg,Lac Goudreau,,ON-MAIN-687b8c8d,,,https://www.canada.ca/en/environment-climate-change/services/national-pollutant-release-inventory/tools-resources-data/exploredata.html
npri-26132-2023-126,2023,compb4e31bc7,NA - 05,kg,Montreal River,,ON-MAIN-7607a50e,,,https://www.canada.ca/en/environment-climate-change/services/national-pollutant-release-inventory/tools-resources-data/exploredata.html
npri-11454-2023-97,2023,compb4e31bc7,NA - 06,tonnes,Lac Goudreau,,ON-MAIN-687b8c8d,,,https://www.canada.ca/en/environment-climate-change/services/national-pollutant-release-inventory/tools-resources-data/exploredata.html
npri-26132-2023-127,2023,compb4e31bc7,NA - 06,tonnes,Montreal River,,ON-MAIN-7607a50e,,,https://www.canada.ca/en/environment-climate-change/services/national-pollutant-release-inventory/tools-resources-data/exploredata.html
npri-11454-2023-98,2023,compb4e31bc7,NA - 07,tonnes,Lac Goudreau,,ON-MAIN-687b8c8d,,,https://www.canada.ca/en/environment-climate-change/services/national-pollutant-release-inventory/tools-resources-data/exploredata.html
npri-11454-2023-99,2023,compb4e31bc7,NA - 08,kg,Lac Goudreau,,ON-MAIN-687b8c8d,,,https://www.canada.ca/en/environment-climate-change/services/national-pollutant-release-inventory/tools-resources-data/exploredata.html
npri-26132-2023-128,2023,compb4e31bc7,NA - 08,kg,Montreal River,,ON-MAIN-7607a50e,,,https://www.canada.ca/en/environment-climate-change/services/national-pollutant-release-inventory/tools-resources-data/exploredata.html
npri-11454-2023-100,2023,compb4e31bc7,NA - 09,tonnes,Lac Goudreau,,ON-MAIN-687b8c8d,,,https://www.canada.ca/en/environment-climate-change/services/national-pollutant-release-inventory/tools-resources-data/exploredata.html
npri-11454-2023-101,2023,compb4e31bc7,NA - 10,kg,Lac Goudreau,,ON-MAIN-687b8c8d,,,https://www.canada.ca/en/environment-climate-change/services/national-pollutant-release-inventory/tools-resources-data/exploredata.html
npri-26132-2023-129,2023,compb4e31bc7,NA - 10,kg,Montreal River,,ON-MAIN-7607a50e,,,https://www.canada.ca/en/environment-climate-change/services/national-pollutant-release-inventory/tools-resources-data/exploredata.html
npri-11454-2023-102,2023,compb4e31bc7,NA - 11,tonnes,Lac Goudreau,,ON-MAIN-687b8c8d,,,https://www.canada.ca/en/environment-climate-change/services/national-pollutant-release-inventory/tools-resources-data/exploredata.html
npri-26132-2023-130,2023,compb4e31bc7,NA - 11,tonnes,Montreal River,,ON-MAIN-7607a50e,,,https://www.canada.ca/en/environment-climate-change/services/national-pollutant-release-inventory/tools-resources-data/exploredata.html
npri-11454-2023-103,2023,compb4e31bc7,NA - 17,tonnes,Lac Goudreau,,ON-MAIN-687b8c8d,,,https://www.canada.ca/en/environment-climate-change/services/national-pollutant-release-inventory/tools-resources-data/exploredata.html
npri-26132-2023-131,2023,compb4e31bc7,NA - 17,tonnes,Montreal River,,ON-MAIN-7607a50e,,,https://www.canada.ca/en/environment-climate-change/services/national-pollutant-release-inventory/tools-resources-data/exploredata.html
npri-26132-2023-132,2023,compb4e31bc7,NA - 22,tonnes,Montreal River,,ON-MAIN-7607a50e,,,https://www.canada.ca/en/environment-climate-change/services/national-pollutant-release-inventory/tools-resources-data/exploredata.html
npri-11454-2023-104,2023,compb4e31bc7,NA - 12,kg,Lac Goudreau,,ON-MAIN-687b8c8d,,,https://www.canada.ca/en/environment-climate-change/services/national-pollutant-release-inventory/tools-resources-data/exploredata.html
npri-26132-2023-133,2023,compb4e31bc7,NA - 12,kg,Montreal River,,ON-MAIN-7607a50e,,,https://www.canada.ca/en/environment-climate-change/services/national-pollutant-release-inventory/tools-resources-data/exploredata.html
npri-26132-2023-134,2023,compb4e31bc7,NA - 13,tonnes,Montreal River,,ON-MAIN-7607a50e,,,https://www.canada.ca/en/environment-climate-change/services/national-pollutant-release-inventory/tools-resources-data/exploredata.html
npri-26132-2023-135,2023,compb4e31bc7,NA - 37,kg,Montreal River,,ON-MAIN-7607a50e,,,https://www.canada.ca/en/environment-climate-change/services/national-pollutant-release-inventory/tools-resources-data/exploredata.html
npri-26132-2023-136,2023,compb4e31bc7,NA - 40,tonnes,Montreal River,,ON-MAIN-7607a50e,,,https://www.canada.ca/en/environment-climate-change/services/national-pollutant-release-inventory/tools-resources-data/exploredata.html
npri-11454-2023-105,2023,compb4e31bc7,NA - 14,tonnes,Lac Goudreau,,ON-MAIN-687b8c8d,,,https://www.canada.ca/en/environment-climate-change/services/national-pollutant-release-inventory/tools-resources-data/exploredata.html
npri-26132-2023-137,2023,compb4e31bc7,NA - 14,tonnes,Montreal River,,ON-MAIN-7607a50e,,,https://www.canada.ca/en/environment-climate-change/services/national-pollutant-release-inventory/tools-resources-data/exploredata.html
npri-2000-2023-91,2023,compb4e31bc7,NA - 02,kg,Fleuve Saint-Laurent,,QC-MAIN-e25eed27,,,https://www.canada.ca/en/environment-climate-change/services/national-pollutant-release-inventory/tools-resources-data/exploredata.html
npri-6217-2023-90,2023,compb4e31bc7,NA - 02,kg,Rivière aux Pékans,,QC-MAIN-084bd95c,,,https://www.canada.ca/en/environment-climate-change/services/national-pollutant-release-inventory/tools-resources-data/exploredata.html
npri-2000-2023-92,2023,compb4e31bc7,NA - 03,kg,Fleuve Saint-Laurent,,QC-MAIN-e25eed27,,,https://www.canada.ca/en/environment-climate-change/services/national-pollutant-release-inventory/tools-resources-data/exploredata.html
npri-6217-2023-91,2023,compb4e31bc7,NA - 03,kg,Rivière aux Pékans,,QC-MAIN-084bd95c,,,https://www.canada.ca/en/environment-climate-change/services/national-pollutant-release-inventory/tools-resources-data/exploredata.html
npri-2000-2023-93,2023,compb4e31bc7,NA - 04,tonnes,Fleuve Saint-Laurent,,QC-MAIN-e25eed27,,,https://www.canada.ca/en/environment-climate-change/services/national-pollutant-release-inventory/tools-resources-data/exploredata.html
npri-6217-2023-92,2023,compb4e31bc7,NA - 04,tonnes,Rivière aux Pékans,,QC-MAIN-084bd95c,,,https://www.canada.ca/en/environment-climate-change/services/national-pollutant-release-inventory/tools-resources-data/exploredata.html
npri-6217-2023-93,2023,compb4e31bc7,NA - 05,kg,Rivière aux Pékans,,QC-MAIN-084bd95c,,,https://www.canada.ca/en/environment-climate-change/services/national-pollutant-release-inventory/tools-resources-data/exploredata.html
npri-6217-2023-94,2023,compb4e31bc7,NA - 06,tonnes,Rivière aux Pékans,,QC-MAIN-084bd95c,,,https://www.canada.ca/en/environment-climate-change/services/national-pollutant-release-inventory/tools-resources-data/exploredata.html
npri-2000-2023-94,2023,compb4e31bc7,NA - 08,kg,Fleuve Saint-Laurent,,QC-MAIN-e25eed27,,,https://www.canada.ca/en/environment-climate-change/services/national-pollutant-release-inventory/tools-resources-data/exploredata.html
npri-6217-2023-95,2023,compb4e31bc7,NA - 08,kg,Rivière aux Pékans,,QC-MAIN-084bd95c,,,https://www.canada.ca/en/environment-climate-change/services/national-pollutant-release-inventory/tools-resources-data/exploredata.html
npri-2000-2023-95,2023,compb4e31bc7,NA - 09,tonnes,Fleuve Saint-Laurent,,QC-MAIN-e25eed27,,,https://www.canada.ca/en/environment-climate-change/services/national-pollutant-release-inventory/tools-resources-data/exploredata.html
npri-6217-2023-96,2023,compb4e31bc7,NA - 09,tonnes,Rivière aux Pékans,,QC-MAIN-084bd95c,,,https://www.canada.ca/en/environment-climate-change/services/national-pollutant-release-inventory/tools-resources-data/exploredata.html
npri-2000-2023-96,2023,compb4e31bc7,NA - 10,kg,Fleuve Saint-Laurent,,QC-MAIN-e25eed27,,,https://www.canada.ca/en/environment-climate-change/services/national-pollutant-release-inventory/tools-resources-data/exploredata.html
npri-6217-2023-97,2023,compb4e31bc7,NA - 10,kg,Rivière aux Pékans,,QC-MAIN-084bd95c,,,https://www.canada.ca/en/environment-climate-change/services/national-pollutant-release-inventory/tools-resources-data/exploredata.html
npri-6217-2023-98,2023,compb4e31bc7,NA - 11,tonnes,Rivière aux Pékans,,QC-MAIN-084bd95c,,,https://www.canada.ca/en/environment-climate-change/services/national-pollutant-release-inventory/tools-resources-data/exploredata.html
npri-6217-2023-99,2023,compb4e31bc7,NA - 17,tonnes,Rivière aux Pékans,,QC-MAIN-084bd95c,,,https://www.canada.ca/en/environment-climate-change/services/national-pollutant-release-inventory/tools-resources-data/exploredata.html
npri-8778-2023-19,2023,compb4e31bc7,NA - 17,tonnes,Lac Fire,,QC-MAIN-33c09b8b,,,https://www.canada.ca/en/environment-climate-change/services/national-pollutant-release-inventory/tools-resources-data/exploredata.html
npri-2000-2023-97,2023,compb4e31bc7,NA - 22,tonnes,Fleuve Saint-Laurent,,QC-MAIN-e25eed27,,,https://www.canada.ca/en/environment-climate-change/services/national-pollutant-release-inventory/tools-resources-data/exploredata.html
npri-6217-2023-100,2023,compb4e31bc7,NA - 22,tonnes,Rivière aux Pékans,,QC-MAIN-084bd95c,,,https://www.canada.ca/en/environment-climate-change/services/national-pollutant-release-inventory/tools-resources-data/exploredata.html
npri-6217-2023-101,2023,compb4e31bc7,NA - 12,kg,Rivière aux Pékans,,QC-MAIN-084bd95c,,,https://www.canada.ca/en/environment-climate-change/services/national-pollutant-release-inventory/tools-resources-data/exploredata.html
npri-2000-2023-98,2023,compb4e31bc7,NA - 37,kg,Fleuve Saint-Laurent,,QC-MAIN-e25eed27,,,https://www.canada.ca/en/environment-climate-change/services/national-pollutant-release-inventory/tools-resources-data/exploredata.html
npri-6217-2023-102,2023,compb4e31bc7,NA - 40,tonnes,Rivière aux Pékans,,QC-MAIN-084bd95c,,,https://www.canada.ca/en/environment-climate-change/services/national-pollutant-release-inventory/tools-resources-data/exploredata.html
npri-6217-2023-103,2023,compb4e31bc7,NA - 14,tonnes,Rivière aux Pékans,,QC-MAIN-084bd95c,,,https://www.canada.ca/en/environment-climate-change/services/national-pollutant-release-inventory/tools-resources-data/exploredata.html
npri-1148-2023-78,2023,compb4e31bc7,NA - 16,tonnes,"Horsefly Lake, Wolf Lake",,SK-MAIN-bb89158f,,,https://www.canada.ca/en/environment-climate-change/services/national-pollutant-release-inventory/tools-resources-data/exploredata.html
npri-1148-2023-79,2023,compb4e31bc7,NA - 02,kg,"Horsefly Lake, Wolf Lake",,SK-MAIN-bb89158f,,,https://www.canada.ca/en/environment-climate-change/services/national-pollutant-release-inventory/tools-resources-data/exploredata.html
npri-1149-2023-28,2023,compb4e31bc7,NA - 02,kg,Read Creek,,SK-MAIN-d3c471e8,,,https://www.canada.ca/en/environment-climate-change/services/national-pollutant-release-inventory/tools-resources-data/exploredata.html
npri-19397-2023-22,2023,compb4e31bc7,NA - 02,kg,Waterbury Lake,,SK-MAIN-91cf5448,,,https://www.canada.ca/en/environment-climate-change/services/national-pollutant-release-inventory/tools-resources-data/exploredata.html
npri-1148-2023-80,2023,compb4e31bc7,NA - 03,kg,"Horsefly Lake, Wolf Lake",,SK-MAIN-bb89158f,,,https://www.canada.ca/en/environment-climate-change/services/national-pollutant-release-inventory/tools-resources-data/exploredata.html
npri-1149-2023-29,2023,compb4e31bc7,NA - 03,kg,Read Creek,,SK-MAIN-d3c471e8,,,https://www.canada.ca/en/environment-climate-change/services/national-pollutant-release-inventory/tools-resources-data/exploredata.html
npri-19397-2023-23,2023,compb4e31bc7,NA - 03,kg,Waterbury Lake,,SK-MAIN-91cf5448,,,https://www.canada.ca/en/environment-climate-change/services/national-pollutant-release-inventory/tools-resources-data/exploredata.html
npri-1148-2023-81,2023,compb4e31bc7,NA - 05,kg,"Horsefly Lake, Wolf Lake",,SK-MAIN-bb89158f,,,https://www.canada.ca/en/environment-climate-change/services/national-pollutant-release-inventory/tools-resources-data/exploredata.html
npri-19397-2023-24,2023,compb4e31bc7,NA - 05,kg,Waterbury Lake,,SK-MAIN-91cf5448,,,https://www.canada.ca/en/environment-climate-change/services/national-pollutant-release-inventory/tools-resources-data/exploredata.html
npri-1148-2023-82,2023,compb4e31bc7,NA - 06,tonnes,"Horsefly Lake, Wolf Lake",,SK-MAIN-bb89158f,,,https://www.canada.ca/en/environment-climate-change/services/national-pollutant-release-inventory/tools-resources-data/exploredata.html
npri-1148-2023-83,2023,compb4e31bc7,NA - 08,kg,"Horsefly Lake, Wolf Lake",,SK-MAIN-bb89158f,,,https://www.canada.ca/en/environment-climate-change/services/national-pollutant-release-inventory/tools-resources-data/exploredata.html
npri-1149-2023-30,2023,compb4e31bc7,NA - 08,kg,Read Creek,,SK-MAIN-d3c471e8,,,https://www.canada.ca/en/environment-climate-change/services/national-pollutant-release-inventory/tools-resources-data/exploredata.html
npri-19397-2023-25,2023,compb4e31bc7,NA - 08,kg,Waterbury Lake,,SK-MAIN-91cf5448,,,https://www.canada.ca/en/environment-climate-change/services/national-pollutant-release-inventory/tools-resources-data/exploredata.html
npri-1148-2023-84,2023,compb4e31bc7,NA - 09,tonnes,"Horsefly Lake, Wolf Lake",,SK-MAIN-bb89158f,,,https://www.canada.ca/en/environment-climate-change/services/national-pollutant-release-inventory/tools-resources-data/exploredata.html
npri-1148-2023-85,2023,compb4e31bc7,NA - 11,tonnes,"Horsefly Lake, Wolf Lake",,SK-MAIN-bb89158f,,,https://www.canada.ca/en/environment-climate-change/services/national-pollutant-release-inventory/tools-resources-data/exploredata.html
npri-1148-2023-86,2023,compb4e31bc7,NA - 17,tonnes,"Horsefly Lake, Wolf Lake",,SK-MAIN-bb89158f,,,https://www.canada.ca/en/environment-climate-change/services/national-pollutant-release-inventory/tools-resources-data/exploredata.html
npri-1149-2023-31,2023,compb4e31bc7,NA - 17,tonnes,Read Creek,,SK-MAIN-d3c471e8,,,https://www.canada.ca/en/environment-climate-change/services/national-pollutant-release-inventory/tools-resources-data/exploredata.html
npri-1148-2023-87,2023,compb4e31bc7,NA - 12,kg,"Horsefly Lake, Wolf Lake",,SK-MAIN-bb89158f,,,https://www.canada.ca/en/environment-climate-change/services/national-pollutant-release-inventory/tools-resources-data/exploredata.html
npri-1148-2023-88,2023,compb4e31bc7,NA - 40,tonnes,"Horsefly Lake, Wolf Lake",,SK-MAIN-bb89158f,,,https://www.canada.ca/en/environment-climate-change/services/national-pollutant-release-inventory/tools-resources-data/exploredata.html
npri-1148-2023-89,2023,compb4e31bc7,NA - 14,tonnes,"Horsefly Lake, Wolf Lake",,SK-MAIN-bb89158f,,,https://www.canada.ca/en/environment-climate-change/services/national-pollutant-release-inventory/tools-resources-data/exploredata.html
npri-30798-2023-66,2023,compb4e31bc7,NA - 02,kg,Similkameen River,,BC-MAIN-599152a0,,,https://www.canada.ca/en/environment-climate-change/services/national-pollutant-release-inventory/tools-resources-data/exploredata.html
npri-30798-2023-67,2023,compb4e31bc7,NA - 03,kg,Similkameen River,,BC-MAIN-599152a0,,,https://www.canada.ca/en/environment-climate-change/services/national-pollutant-release-inventory/tools-resources-data/exploredata.html
npri-30798-2023-68,2023,compb4e31bc7,NA - 05,kg,Similkameen River,,BC-MAIN-599152a0,,,https://www.canada.ca/en/environment-climate-change/services/national-pollutant-release-inventory/tools-resources-data/exploredata.html
npri-30798-2023-69,2023,compb4e31bc7,NA - 06,tonnes,Similkameen River,,BC-MAIN-599152a0,,,https://www.canada.ca/en/environment-climate-change/services/national-pollutant-release-inventory/tools-resources-data/exploredata.html
npri-30798-2023-70,2023,compb4e31bc7,NA - 08,kg,Similkameen River,,BC-MAIN-599152a0,,,https://www.canada.ca/en/environment-climate-change/services/national-pollutant-release-inventory/tools-resources-data/exploredata.html
npri-30798-2023-71,2023,compb4e31bc7,NA - 09,tonnes,Similkameen River,,BC-MAIN-599152a0,,,https://www.canada.ca/en/environment-climate-change/services/national-pollutant-release-inventory/tools-resources-data/exploredata.html
npri-30798-2023-72,2023,compb4e31bc7,NA - 10,kg,Similkameen River,,BC-MAIN-599152a0,,,https://www.canada.ca/en/environment-climate-change/services/national-pollutant-release-inventory/tools-resources-data/exploredata.html
npri-30798-2023-73,2023,compb4e31bc7,NA - 22,tonnes,Similkameen River,,BC-MAIN-599152a0,,,https://www.canada.ca/en/environment-climate-change/services/national-pollutant-release-inventory/tools-resources-data/exploredata.html
npri-30798-2023-74,2023,compb4e31bc7,NA - 12,kg,Similkameen River,,BC-MAIN-599152a0,,,https://www.canada.ca/en/environment-climate-change/services/national-pollutant-release-inventory/tools-resources-data/exploredata.html
npri-30798-2023-75,2023,compb4e31bc7,NA - 37,kg,Similkameen River,,BC-MAIN-599152a0,,,https://www.canada.ca/en/environment-climate-change/services/national-pollutant-release-inventory/tools-resources-data/exploredata.html
npri-2710-2023-52,2023,compb4e31bc7,NA - 02,kg,"Balmer Lake, Red Lake",,ON-MAIN-7f050560,,,https://www.canada.ca/en/environment-climate-change/services/national-pollutant-release-inventory/tools-resources-data/exploredata.html
npri-2710-2023-53,2023,compb4e31bc7,NA - 03,kg,"Balmer Lake, Red Lake",,ON-MAIN-7f050560,,,https://www.canada.ca/en/environment-climate-change/services/national-pollutant-release-inventory/tools-resources-data/exploredata.html
npri-2710-2023-54,2023,compb4e31bc7,NA - 05,kg,"Balmer Lake, Red Lake",,ON-MAIN-7f050560,,,https://www.canada.ca/en/environment-climate-change/services/national-pollutant-release-inventory/tools-resources-data/exploredata.html
npri-2710-2023-55,2023,compb4e31bc7,NA - 08,kg,"Balmer Lake, Red Lake",,ON-MAIN-7f050560,,,https://www.canada.ca/en/environment-climate-change/services/national-pollutant-release-inventory/tools-resources-data/exploredata.html
npri-2710-2023-56,2023,compb4e31bc7,NA - 10,kg,"Balmer Lake, Red Lake",,ON-MAIN-7f050560,,,https://www.canada.ca/en/environment-climate-change/services/national-pollutant-release-inventory/tools-resources-data/exploredata.html
npri-2710-2023-57,2023,compb4e31bc7,NA - 17,tonnes,"Balmer Lake, Red Lake",,ON-MAIN-7f050560,,,https://www.canada.ca/en/environment-climate-change/services/national-pollutant-release-inventory/tools-resources-data/exploredata.html
npri-27063-2023-16,2023,compb4e31bc7,NA - 16,tonnes,South Brook Pond,,NL-MAIN-c139de6d,,,https://www.canada.ca/en/environment-climate-change/services/national-pollutant-release-inventory/tools-resources-data/exploredata.html
npri-27063-2023-17,2023,compb4e31bc7,NA - 06,tonnes,South Brook Pond,,NL-MAIN-c139de6d,,,https://www.canada.ca/en/environment-climate-change/services/national-pollutant-release-inventory/tools-resources-data/exploredata.html
npri-27063-2023-18,2023,compb4e31bc7,NA - 08,kg,South Brook Pond,,NL-MAIN-c139de6d,,,https://www.canada.ca/en/environment-climate-change/services/national-pollutant-release-inventory/tools-resources-data/exploredata.html
npri-27063-2023-19,2023,compb4e31bc7,NA - 11,tonnes,South Brook Pond,,NL-MAIN-c139de6d,,,https://www.canada.ca/en/environment-climate-change/services/national-pollutant-release-inventory/tools-resources-data/exploredata.html
npri-27063-2023-20,2023,compb4e31bc7,NA - 14,tonnes,South Brook Pond,,NL-MAIN-c139de6d,,,https://www.canada.ca/en/environment-climate-change/services/national-pollutant-release-inventory/tools-resources-data/exploredata.html
npri-1303-2023-84,2023,compb4e31bc7,NA - 02,kg,Fraser River,,BC-MAIN-6b4800fe,,,https://www.canada.ca/en/environment-climate-change/services/national-pollutant-release-inventory/tools-resources-data/exploredata.html
npri-1303-2023-85,2023,compb4e31bc7,NA - 03,kg,Fraser River,,BC-MAIN-6b4800fe,,,https://www.canada.ca/en/environment-climate-change/services/national-pollutant-release-inventory/tools-resources-data/exploredata.html
npri-1303-2023-86,2023,compb4e31bc7,NA - 04,tonnes,Fraser River,,BC-MAIN-6b4800fe,,,https://www.canada.ca/en/environment-climate-change/services/national-pollutant-release-inventory/tools-resources-data/exploredata.html
npri-1303-2023-87,2023,compb4e31bc7,NA - 05,kg,Fraser River,,BC-MAIN-6b4800fe,,,https://www.canada.ca/en/environment-climate-change/services/national-pollutant-release-inventory/tools-resources-data/exploredata.html
npri-1303-2023-88,2023,compb4e31bc7,NA - 06,tonnes,Fraser River,,BC-MAIN-6b4800fe,,,https://www.canada.ca/en/environment-climate-change/services/national-pollutant-release-inventory/tools-resources-data/exploredata.html
npri-1303-2023-89,2023,compb4e31bc7,NA - 08,kg,Fraser River,,BC-MAIN-6b4800fe,,,https://www.canada.ca/en/environment-climate-change/services/national-pollutant-release-inventory/tools-resources-data/exploredata.html
npri-1303-2023-90,2023,compb4e31bc7,NA - 09,tonnes,Fraser River,,BC-MAIN-6b4800fe,,,https://www.canada.ca/en/environment-climate-change/services/national-pollutant-release-inventory/tools-resources-data/exploredata.html
npri-1303-2023-91,2023,compb4e31bc7,NA - 10,kg,Fraser River,,BC-MAIN-6b4800fe,,,https://www.canada.ca/en/environment-climate-change/services/national-pollutant-release-inventory/tools-resources-data/exploredata.html
npri-1303-2023-92,2023,compb4e31bc7,NA - 11,tonnes,Fraser River,,BC-MAIN-6b4800fe,,,https://www.canada.ca/en/environment-climate-change/services/national-pollutant-release-inventory/tools-resources-data/exploredata.html
npri-1303-2023-93,2023,compb4e31bc7,NA - 12,kg,Fraser River,,BC-MAIN-6b4800fe,,,https://www.canada.ca/en/environment-climate-change/services/national-pollutant-release-inventory/tools-resources-data/exploredata.html
npri-1303-2023-94,2023,compb4e31bc7,NA - 14,tonnes,Fraser River,,BC-MAIN-6b4800fe,,,https://www.canada.ca/en/environment-climate-change/services/national-pollutant-release-inventory/tools-resources-data/exploredata.html
npri-5448-2023-108,2023,compb4e31bc7,NA - 02,kg,Rivière Déception,,QC-MAIN-a97821c0,,,https://www.canada.ca/en/environment-climate-change/services/national-pollutant-release-inventory/tools-resources-data/exploredata.html
npri-5448-2023-109,2023,compb4e31bc7,NA - 03,kg,Rivière Déception,,QC-MAIN-a97821c0,,,https://www.canada.ca/en/environment-climate-change/services/national-pollutant-release-inventory/tools-resources-data/exploredata.html
npri-5448-2023-110,2023,compb4e31bc7,NA - 04,tonnes,Rivière Déception,,QC-MAIN-a97821c0,,,https://www.canada.ca/en/environment-climate-change/services/national-pollutant-release-inventory/tools-resources-data/exploredata.html
npri-5448-2023-111,2023,compb4e31bc7,NA - 05,kg,Rivière Déception,,QC-MAIN-a97821c0,,,https://www.canada.ca/en/environment-climate-change/services/national-pollutant-release-inventory/tools-resources-data/exploredata.html
npri-5448-2023-112,2023,compb4e31bc7,NA - 06,tonnes,Rivière Déception,,QC-MAIN-a97821c0,,,https://www.canada.ca/en/environment-climate-change/services/national-pollutant-release-inventory/tools-resources-data/exploredata.html
npri-5448-2023-113,2023,compb4e31bc7,NA - 08,kg,Rivière Déception,,QC-MAIN-a97821c0,,,https://www.canada.ca/en/environment-climate-change/services/national-pollutant-release-inventory/tools-resources-data/exploredata.html
npri-5448-2023-114,2023,compb4e31bc7,NA - 09,tonnes,Rivière Déception,,QC-MAIN-a97821c0,,,https://www.canada.ca/en/environment-climate-change/services/national-pollutant-release-inventory/tools-resources-data/exploredata.html
npri-5448-2023-115,2023,compb4e31bc7,NA - 10,kg,Rivière Déception,,QC-MAIN-a97821c0,,,https://www.canada.ca/en/environment-climate-change/services/national-pollutant-release-inventory/tools-resources-data/exploredata.html
npri-5448-2023-116,2023,compb4e31bc7,NA - 11,tonnes,Rivière Déception,,QC-MAIN-a97821c0,,,https://www.canada.ca/en/environment-climate-change/services/national-pollutant-release-inventory/tools-resources-data/exploredata.html
npri-5448-2023-117,2023,compb4e31bc7,NA - 17,tonnes,Rivière Déception,,QC-MAIN-a97821c0,,,https://www.canada.ca/en/environment-climate-change/services/national-pollutant-release-inventory/tools-resources-data/exploredata.html
npri-5448-2023-118,2023,compb4e31bc7,NA - 22,tonnes,Rivière Déception,,QC-MAIN-a97821c0,,,https://www.canada.ca/en/environment-climate-change/services/national-pollutant-release-inventory/tools-resources-data/exploredata.html
npri-5448-2023-119,2023,compb4e31bc7,NA - 12,kg,Rivière Déception,,QC-MAIN-a97821c0,,,https://www.canada.ca/en/environment-climate-change/services/national-pollutant-release-inventory/tools-resources-data/exploredata.html
npri-5448-2023-120,2023,compb4e31bc7,NA - 37,kg,Rivière Déception,,QC-MAIN-a97821c0,,,https://www.canada.ca/en/environment-climate-change/services/national-pollutant-release-inventory/tools-resources-data/exploredata.html
npri-5448-2023-121,2023,compb4e31bc7,NA - 14,tonnes,Rivière Déception,,QC-MAIN-a97821c0,,,https://www.canada.ca/en/environment-climate-change/services/national-pollutant-release-inventory/tools-resources-data/exploredata.html
npri-1941-2023-101,2023,compb4e31bc7,NA - 16,tonnes,Porcupine River,,ON-MAIN-3b3e5365,,,https://www.canada.ca/en/environment-climate-change/services/national-pollutant-release-inventory/tools-resources-data/exploredata.html
npri-5656-2023-62,2023,compb4e31bc7,NA - 16,tonnes,Lake 282 on Paseminon River,,ON-MAIN-fefeaee4,,,https://www.canada.ca/en/environment-climate-change/services/national-pollutant-release-inventory/tools-resources-data/exploredata.html
npri-8803-2023-73,2023,compb4e31bc7,NA - 01,tonnes,Réservoir Opinaca,,QC-MAIN-6dc537e6,,,https://www.canada.ca/en/environment-climate-change/services/national-pollutant-release-inventory/tools-resources-data/exploredata.html
npri-1941-2023-102,2023,compb4e31bc7,NA - 02,kg,Porcupine River,,ON-MAIN-3b3e5365,,,https://www.canada.ca/en/environment-climate-change/services/national-pollutant-release-inventory/tools-resources-data/exploredata.html
npri-5656-2023-63,2023,compb4e31bc7,NA - 02,kg,Lake 282 on Paseminon River,,ON-MAIN-fefeaee4,,,https://www.canada.ca/en/environment-climate-change/services/national-pollutant-release-inventory/tools-resources-data/exploredata.html
npri-8803-2023-74,2023,compb4e31bc7,NA - 02,kg,Réservoir Opinaca,,QC-MAIN-6dc537e6,,,https://www.canada.ca/en/environment-climate-change/services/national-pollutant-release-inventory/tools-resources-data/exploredata.html
npri-1941-2023-103,2023,compb4e31bc7,NA - 03,kg,Porcupine River,,ON-MAIN-3b3e5365,,,https://www.canada.ca/en/environment-climate-change/services/national-pollutant-release-inventory/tools-resources-data/exploredata.html
npri-5656-2023-64,2023,compb4e31bc7,NA - 03,kg,Lake 282 on Paseminon River,,ON-MAIN-fefeaee4,,,https://www.canada.ca/en/environment-climate-change/services/national-pollutant-release-inventory/tools-resources-data/exploredata.html
npri-8803-2023-75,2023,compb4e31bc7,NA - 03,kg,Réservoir Opinaca,,QC-MAIN-6dc537e6,,,https://www.canada.ca/en/environment-climate-change/services/national-pollutant-release-inventory/tools-resources-data/exploredata.html
npri-1941-2023-104,2023,compb4e31bc7,NA - 04,tonnes,Porcupine River,,ON-MAIN-3b3e5365,,,https://www.canada.ca/en/environment-climate-change/services/national-pollutant-release-inventory/tools-resources-data/exploredata.html
npri-8803-2023-76,2023,compb4e31bc7,NA - 04,tonnes,Réservoir Opinaca,,QC-MAIN-6dc537e6,,,https://www.canada.ca/en/environment-climate-change/services/national-pollutant-release-inventory/tools-resources-data/exploredata.html
npri-1941-2023-105,2023,compb4e31bc7,NA - 05,kg,Porcupine River,,ON-MAIN-3b3e5365,,,https://www.canada.ca/en/environment-climate-change/services/national-pollutant-release-inventory/tools-resources-data/exploredata.html
npri-5656-2023-65,2023,compb4e31bc7,NA - 05,kg,Lake 282 on Paseminon River,,ON-MAIN-fefeaee4,,,https://www.canada.ca/en/environment-climate-change/services/national-pollutant-release-inventory/tools-resources-data/exploredata.html
npri-8803-2023-77,2023,compb4e31bc7,NA - 05,kg,Réservoir Opinaca,,QC-MAIN-6dc537e6,,,https://www.canada.ca/en/environment-climate-change/services/national-pollutant-release-inventory/tools-resources-data/exploredata.html
npri-1941-2023-106,2023,compb4e31bc7,NA - 06,tonnes,Porcupine River,,ON-MAIN-3b3e5365,,,https://www.canada.ca/en/environment-climate-change/services/national-pollutant-release-inventory/tools-resources-data/exploredata.html
npri-8803-2023-78,2023,compb4e31bc7,NA - 06,tonnes,Réservoir Opinaca,,QC-MAIN-6dc537e6,,,https://www.canada.ca/en/environment-climate-change/services/national-pollutant-release-inventory/tools-resources-data/exploredata.html
npri-1941-2023-107,2023,compb4e31bc7,NA - 07,tonnes,Porcupine River,,ON-MAIN-3b3e5365,,,https://www.canada.ca/en/environment-climate-change/services/national-pollutant-release-inventory/tools-resources-data/exploredata.html
npri-8803-2023-79,2023,compb4e31bc7,NA - 07,tonnes,Réservoir Opinaca,,QC-MAIN-6dc537e6,,,https://www.canada.ca/en/environment-climate-change/services/national-pollutant-release-inventory/tools-resources-data/exploredata.html
npri-1941-2023-108,2023,compb4e31bc7,NA - 08,kg,Porcupine River,,ON-MAIN-3b3e5365,,,https://www.canada.ca/en/environment-climate-change/services/national-pollutant-release-inventory/tools-resources-data/exploredata.html
npri-5656-2023-66,2023,compb4e31bc7,NA - 08,kg,Lake 282 on Paseminon River,,ON-MAIN-fefeaee4,,,https://www.canada.ca/en/environment-climate-change/services/national-pollutant-release-inventory/tools-resources-data/exploredata.html
npri-8803-2023-80,2023,compb4e31bc7,NA - 08,kg,Réservoir Opinaca,,QC-MAIN-6dc537e6,,,https://www.canada.ca/en/environment-climate-change/services/national-pollutant-release-inventory/tools-resources-data/exploredata.html
npri-8803-2023-81,2023,compb4e31bc7,NA - 09,tonnes,Réservoir Opinaca,,QC-MAIN-6dc537e6,,,https://www.canada.ca/en/environment-climate-change/services/national-pollutant-release-inventory/tools-resources-data/exploredata.html
npri-1941-2023-109,2023,compb4e31bc7,NA - 10,kg,Porcupine River,,ON-MAIN-3b3e5365,,,https://www.canada.ca/en/environment-climate-change/services/national-pollutant-release-inventory/tools-resources-data/exploredata.html
npri-5656-2023-67,2023,compb4e31bc7,NA - 10,kg,Lake 282 on Paseminon River,,ON-MAIN-fefeaee4,,,https://www.canada.ca/en/environment-climate-change/services/national-pollutant-release-inventory/tools-resources-data/exploredata.html
npri-8803-2023-82,2023,compb4e31bc7,NA - 10,kg,Réservoir Opinaca,,QC-MAIN-6dc537e6,,,https://www.canada.ca/en/environment-climate-change/services/national-pollutant-release-inventory/tools-resources-data/exploredata.html
npri-1941-2023-110,2023,compb4e31bc7,NA - 11,tonnes,Porcupine River,,ON-MAIN-3b3e5365,,,https://www.canada.ca/en/environment-climate-change/services/national-pollutant-release-inventory/tools-resources-data/exploredata.html
npri-8803-2023-83,2023,compb4e31bc7,NA - 11,tonnes,Réservoir Opinaca,,QC-MAIN-6dc537e6,,,https://www.canada.ca/en/environment-climate-change/services/national-pollutant-release-inventory/tools-resources-data/exploredata.html
npri-5656-2023-68,2023,compb4e31bc7,NA - 17,tonnes,Lake 282 on Paseminon River,,ON-MAIN-fefeaee4,,,https://www.canada.ca/en/environment-climate-change/services/national-pollutant-release-inventory/tools-resources-data/exploredata.html
npri-8803-2023-84,2023,compb4e31bc7,NA - 17,tonnes,Réservoir Opinaca,,QC-MAIN-6dc537e6,,,https://www.canada.ca/en/environment-climate-change/services/national-pollutant-release-inventory/tools-resources-data/exploredata.html
npri-1941-2023-111,2023,compb4e31bc7,NA - 12,kg,Porcupine River,,ON-MAIN-3b3e5365,,,https://www.canada.ca/en/environment-climate-change/services/national-pollutant-release-inventory/tools-resources-data/exploredata.html
npri-5656-2023-69,2023,compb4e31bc7,NA - 12,kg,Lake 282 on Paseminon River,,ON-MAIN-fefeaee4,,,https://www.canada.ca/en/environment-climate-change/services/national-pollutant-release-inventory/tools-resources-data/exploredata.html
npri-8803-2023-85,2023,compb4e31bc7,NA - 12,kg,Réservoir Opinaca,,QC-MAIN-6dc537e6,,,https://www.canada.ca/en/environment-climate-change/services/national-pollutant-release-inventory/tools-resources-data/exploredata.html
npri-1941-2023-112,2023,compb4e31bc7,NA - 37,kg,Porcupine River,,ON-MAIN-3b3e5365,,,https://www.canada.ca/en/environment-climate-change/services/national-pollutant-release-inventory/tools-resources-data/exploredata.html
npri-5656-2023-70,2023,compb4e31bc7,NA - 37,kg,Lake 282 on Paseminon River,,ON-MAIN-fefeaee4,,,https://www.canada.ca/en/environment-climate-change/services/national-pollutant-release-inventory/tools-resources-data/exploredata.html
npri-8803-2023-86,2023,compb4e31bc7,NA - 37,kg,Réservoir Opinaca,,QC-MAIN-6dc537e6,,,https://www.canada.ca/en/environment-climate-change/services/national-pollutant-release-inventory/tools-resources-data/exploredata.html
npri-1941-2023-113,2023,compb4e31bc7,NA - 40,tonnes,Porcupine River,,ON-MAIN-3b3e5365,,,https://www.canada.ca/en/environment-climate-change/services/national-pollutant-release-inventory/tools-resources-data/exploredata.html
npri-8803-2023-87,2023,compb4e31bc7,NA - 40,tonnes,Réservoir Opinaca,,QC-MAIN-6dc537e6,,,https://www.canada.ca/en/environment-climate-change/services/national-pollutant-release-inventory/tools-resources-data/exploredata.html
npri-1941-2023-114,2023,compb4e31bc7,NA - 14,tonnes,Porcupine River,,ON-MAIN-3b3e5365,,,https://www.canada.ca/en/environment-climate-change/services/national-pollutant-release-inventory/tools-resources-data/exploredata.html
npri-8803-2023-88,2023,compb4e31bc7,NA - 14,tonnes,Réservoir Opinaca,,QC-MAIN-6dc537e6,,,https://www.canada.ca/en/environment-climate-change/services/national-pollutant-release-inventory/tools-resources-data/exploredata.html
npri-29877-2023-75,2023,compb4e31bc7,NA - 02,kg,Borden River,,ON-MAIN-1c674cd0,,,https://www.canada.ca/en/environment-climate-change/services/national-pollutant-release-inventory/tools-resources-data/exploredata.html
npri-29877-2023-76,2023,compb4e31bc7,NA - 03,kg,Borden River,,ON-MAIN-1c674cd0,,,https://www.canada.ca/en/environment-climate-change/services/national-pollutant-release-inventory/tools-resources-data/exploredata.html
npri-29877-2023-77,2023,compb4e31bc7,NA - 04,tonnes,Borden River,,ON-MAIN-1c674cd0,,,https://www.canada.ca/en/environment-climate-change/services/national-pollutant-release-inventory/tools-resources-data/exploredata.html
npri-29877-2023-78,2023,compb4e31bc7,NA - 05,kg,Borden River,,ON-MAIN-1c674cd0,,,https://www.canada.ca/en/environment-climate-change/services/national-pollutant-release-inventory/tools-resources-data/exploredata.html
npri-29877-2023-79,2023,compb4e31bc7,NA - 06,tonnes,Borden River,,ON-MAIN-1c674cd0,,,https://www.canada.ca/en/environment-climate-change/services/national-pollutant-release-inventory/tools-resources-data/exploredata.html
npri-29877-2023-80,2023,compb4e31bc7,NA - 08,kg,Borden River,,ON-MAIN-1c674cd0,,,https://www.canada.ca/en/environment-climate-change/services/national-pollutant-release-inventory/tools-resources-data/exploredata.html
npri-29877-2023-81,2023,compb4e31bc7,NA - 11,tonnes,Borden River,,ON-MAIN-1c674cd0,,,https://www.canada.ca/en/environment-climate-change/services/national-pollutant-release-inventory/tools-resources-data/exploredata.html
npri-29877-2023-82,2023,compb4e31bc7,NA - 37,kg,Borden River,,ON-MAIN-1c674cd0,,,https://www.canada.ca/en/environment-climate-change/services/national-pollutant-release-inventory/tools-resources-data/exploredata.html
npri-29877-2023-83,2023,compb4e31bc7,NA - 40,tonnes,Borden River,,ON-MAIN-1c674cd0,,,https://www.canada.ca/en/environment-climate-change/services/national-pollutant-release-inventory/tools-resources-data/exploredata.html
npri-29877-2023-84,2023,compb4e31bc7,NA - 14,tonnes,Borden River,,ON-MAIN-1c674cd0,,,https://www.canada.ca/en/environment-climate-change/services/national-pollutant-release-inventory/tools-resources-data/exploredata.html
npri-5219-2023-13,2023,compb4e31bc7,NA - 02,kg,Birch Creek,,MB-MAIN-da0b5c3d,,,https://www.canada.ca/en/environment-climate-change/services/national-pollutant-release-inventory/tools-resources-data/exploredata.html
npri-5219-2023-14,2023,compb4e31bc7,NA - 08,kg,Birch Creek,,MB-MAIN-da0b5c3d,,,https://www.canada.ca/en/environment-climate-change/services/national-pollutant-release-inventory/tools-resources-data/exploredata.html
npri-5102-2023-71,2023,compb4e31bc7,NA - 01,tonnes,Quesnel Lake,,BC-MAIN-3f490561,,,https://www.canada.ca/en/environment-climate-change/services/national-pollutant-release-inventory/tools-resources-data/exploredata.html
npri-5102-2023-72,2023,compb4e31bc7,NA - 02,kg,Quesnel Lake,,BC-MAIN-3f490561,,,https://www.canada.ca/en/environment-climate-change/services/national-pollutant-release-inventory/tools-resources-data/exploredata.html
npri-5102-2023-73,2023,compb4e31bc7,NA - 03,kg,Quesnel Lake,,BC-MAIN-3f490561,,,https://www.canada.ca/en/environment-climate-change/services/national-pollutant-release-inventory/tools-resources-data/exploredata.html
npri-5102-2023-74,2023,compb4e31bc7,NA - 05,kg,Quesnel Lake,,BC-MAIN-3f490561,,,https://www.canada.ca/en/environment-climate-change/services/national-pollutant-release-inventory/tools-resources-data/exploredata.html
npri-5102-2023-75,2023,compb4e31bc7,NA - 06,tonnes,Quesnel Lake,,BC-MAIN-3f490561,,,https://www.canada.ca/en/environment-climate-change/services/national-pollutant-release-inventory/tools-resources-data/exploredata.html
npri-5102-2023-76,2023,compb4e31bc7,NA - 08,kg,Quesnel Lake,,BC-MAIN-3f490561,,,https://www.canada.ca/en/environment-climate-change/services/national-pollutant-release-inventory/tools-resources-data/exploredata.html
npri-5102-2023-77,2023,compb4e31bc7,NA - 09,tonnes,Quesnel Lake,,BC-MAIN-3f490561,,,https://www.canada.ca/en/environment-climate-change/services/national-pollutant-release-inventory/tools-resources-data/exploredata.html
npri-5102-2023-78,2023,compb4e31bc7,NA - 11,tonnes,Quesnel Lake,,BC-MAIN-3f490561,,,https://www.canada.ca/en/environment-climate-change/services/national-pollutant-release-inventory/tools-resources-data/exploredata.html
npri-5102-2023-79,2023,compb4e31bc7,NA - 17,tonnes,Quesnel Lake,,BC-MAIN-3f490561,,,https://www.canada.ca/en/environment-climate-change/services/national-pollutant-release-inventory/tools-resources-data/exploredata.html
npri-5102-2023-80,2023,compb4e31bc7,NA - 22,tonnes,Quesnel Lake,,BC-MAIN-3f490561,,,https://www.canada.ca/en/environment-climate-change/services/national-pollutant-release-inventory/tools-resources-data/exploredata.html
npri-5102-2023-81,2023,compb4e31bc7,NA - 12,kg,Quesnel Lake,,BC-MAIN-3f490561,,,https://www.canada.ca/en/environment-climate-change/services/national-pollutant-release-inventory/tools-resources-data/exploredata.html
npri-5102-2023-82,2023,compb4e31bc7,NA - 40,tonnes,Quesnel Lake,,BC-MAIN-3f490561,,,https://www.canada.ca/en/environment-climate-change/services/national-pollutant-release-inventory/tools-resources-data/exploredata.html
npri-5102-2023-83,2023,compb4e31bc7,NA - 14,tonnes,Quesnel Lake,,BC-MAIN-3f490561,,,https://www.canada.ca/en/environment-climate-change/services/national-pollutant-release-inventory/tools-resources-data/exploredata.html
npri-11867-2023-90,2023,compb4e31bc7,NA - 02,kg,"East Creek, Sunday Creek",,ON-MAIN-aeafbb59,,,https://www.canada.ca/en/environment-climate-change/services/national-pollutant-release-inventory/tools-resources-data/exploredata.html
npri-11867-2023-91,2023,compb4e31bc7,NA - 06,tonnes,"East Creek, Sunday Creek",,ON-MAIN-aeafbb59,,,https://www.canada.ca/en/environment-climate-change/services/national-pollutant-release-inventory/tools-resources-data/exploredata.html
npri-11867-2023-92,2023,compb4e31bc7,NA - 08,kg,"East Creek, Sunday Creek",,ON-MAIN-aeafbb59,,,https://www.canada.ca/en/environment-climate-change/services/national-pollutant-release-inventory/tools-resources-data/exploredata.html
npri-11867-2023-93,2023,compb4e31bc7,NA - 11,tonnes,"East Creek, Sunday Creek",,ON-MAIN-aeafbb59,,,https://www.canada.ca/en/environment-climate-change/services/national-pollutant-release-inventory/tools-resources-data/exploredata.html
npri-11867-2023-94,2023,compb4e31bc7,NA - 14,tonnes,"East Creek, Sunday Creek",,ON-MAIN-aeafbb59,,,https://www.canada.ca/en/environment-climate-change/services/national-pollutant-release-inventory/tools-resources-data/exploredata.html
npri-11794-2023-18,2023,compb4e31bc7,NA - 02,kg,Tatachikapika River,,ON-MAIN-f3e6ff08,,,https://www.canada.ca/en/environment-climate-change/services/national-pollutant-release-inventory/tools-resources-data/exploredata.html
npri-2100-2023-40,2023,compb4e31bc7,NA - 16,tonnes,Rivière Shipshaw,,QC-MAIN-a555d9b9,,,https://www.canada.ca/en/environment-climate-change/services/national-pollutant-release-inventory/tools-resources-data/exploredata.html
npri-2100-2023-41,2023,compb4e31bc7,NA - 02,kg,Rivière Shipshaw,,QC-MAIN-a555d9b9,,,https://www.canada.ca/en/environment-climate-change/services/national-pollutant-release-inventory/tools-resources-data/exploredata.html
npri-2100-2023-42,2023,compb4e31bc7,NA - 03,kg,Rivière Shipshaw,,QC-MAIN-a555d9b9,,,https://www.canada.ca/en/environment-climate-change/services/national-pollutant-release-inventory/tools-resources-data/exploredata.html
npri-2100-2023-43,2023,compb4e31bc7,NA - 04,tonnes,Rivière Shipshaw,,QC-MAIN-a555d9b9,,,https://www.canada.ca/en/environment-climate-change/services/national-pollutant-release-inventory/tools-resources-data/exploredata.html
npri-2100-2023-44,2023,compb4e31bc7,NA - 05,kg,Rivière Shipshaw,,QC-MAIN-a555d9b9,,,https://www.canada.ca/en/environment-climate-change/services/national-pollutant-release-inventory/tools-resources-data/exploredata.html
npri-2100-2023-45,2023,compb4e31bc7,NA - 06,tonnes,Rivière Shipshaw,,QC-MAIN-a555d9b9,,,https://www.canada.ca/en/environment-climate-change/services/national-pollutant-release-inventory/tools-resources-data/exploredata.html
npri-2100-2023-46,2023,compb4e31bc7,7782-41-4,tonnes,Rivière Shipshaw,,QC-MAIN-a555d9b9,,,https://www.canada.ca/en/environment-climate-change/services/national-pollutant-release-inventory/tools-resources-data/exploredata.html
npri-2100-2023-47,2023,compb4e31bc7,NA - 08,kg,Rivière Shipshaw,,QC-MAIN-a555d9b9,,,https://www.canada.ca/en/environment-climate-change/services/national-pollutant-release-inventory/tools-resources-data/exploredata.html
npri-2100-2023-48,2023,compb4e31bc7,NA - 09,tonnes,Rivière Shipshaw,,QC-MAIN-a555d9b9,,,https://www.canada.ca/en/environment-climate-change/services/national-pollutant-release-inventory/tools-resources-data/exploredata.html
npri-2100-2023-49,2023,compb4e31bc7,NA - 17,tonnes,Rivière Shipshaw,,QC-MAIN-a555d9b9,,,https://www.canada.ca/en/environment-climate-change/services/national-pollutant-release-inventory/tools-resources-data/exploredata.html
npri-2100-2023-50,2023,compb4e31bc7,NA - 22,tonnes,Rivière Shipshaw,,QC-MAIN-a555d9b9,,,https://www.canada.ca/en/environment-climate-change/services/national-pollutant-release-inventory/tools-resources-data/exploredata.html
npri-2100-2023-51,2023,compb4e31bc7,NA - 12,kg,Rivière Shipshaw,,QC-MAIN-a555d9b9,,,https://www.canada.ca/en/environment-climate-change/services/national-pollutant-release-inventory/tools-resources-data/exploredata.html
npri-2100-2023-52,2023,compb4e31bc7,NA - 14,tonnes,Rivière Shipshaw,,QC-MAIN-a555d9b9,,,https://www.canada.ca/en/environment-climate-change/services/national-pollutant-release-inventory/tools-resources-data/exploredata.html
npri-2935-2023-76,2023,compb4e31bc7,NA - 16,tonnes,Lac De Montigny,,QC-MAIN-9de9bb0d,,,https://www.canada.ca/en/environment-climate-change/services/national-pollutant-release-inventory/tools-resources-data/exploredata.html
npri-2935-2023-77,2023,compb4e31bc7,NA - 02,kg,Lac De Montigny,,QC-MAIN-9de9bb0d,,,https://www.canada.ca/en/environment-climate-change/services/national-pollutant-release-inventory/tools-resources-data/exploredata.html
npri-2935-2023-78,2023,compb4e31bc7,NA - 03,kg,Lac De Montigny,,QC-MAIN-9de9bb0d,,,https://www.canada.ca/en/environment-climate-change/services/national-pollutant-release-inventory/tools-resources-data/exploredata.html
npri-2935-2023-79,2023,compb4e31bc7,NA - 04,tonnes,Lac De Montigny,,QC-MAIN-9de9bb0d,,,https://www.canada.ca/en/environment-climate-change/services/national-pollutant-release-inventory/tools-resources-data/exploredata.html
npri-2935-2023-80,2023,compb4e31bc7,NA - 05,kg,Lac De Montigny,,QC-MAIN-9de9bb0d,,,https://www.canada.ca/en/environment-climate-change/services/national-pollutant-release-inventory/tools-resources-data/exploredata.html
npri-2935-2023-81,2023,compb4e31bc7,NA - 06,tonnes,Lac De Montigny,,QC-MAIN-9de9bb0d,,,https://www.canada.ca/en/environment-climate-change/services/national-pollutant-release-inventory/tools-resources-data/exploredata.html
npri-2935-2023-82,2023,compb4e31bc7,NA - 07,tonnes,Lac De Montigny,,QC-MAIN-9de9bb0d,,,https://www.canada.ca/en/environment-climate-change/services/national-pollutant-release-inventory/tools-resources-data/exploredata.html
npri-2935-2023-83,2023,compb4e31bc7,NA - 08,kg,Lac De Montigny,,QC-MAIN-9de9bb0d,,,https://www.canada.ca/en/environment-climate-change/services/national-pollutant-release-inventory/tools-resources-data/exploredata.html
npri-2935-2023-84,2023,compb4e31bc7,NA - 09,tonnes,Lac De Montigny,,QC-MAIN-9de9bb0d,,,https://www.canada.ca/en/environment-climate-change/services/national-pollutant-release-inventory/tools-resources-data/exploredata.html
npri-2935-2023-85,2023,compb4e31bc7,NA - 10,kg,Lac De Montigny,,QC-MAIN-9de9bb0d,,,https://www.canada.ca/en/environment-climate-change/services/national-pollutant-release-inventory/tools-resources-data/exploredata.html
npri-2935-2023-86,2023,compb4e31bc7,NA - 11,tonnes,Lac De Montigny,,QC-MAIN-9de9bb0d,,,https://www.canada.ca/en/environment-climate-change/services/national-pollutant-release-inventory/tools-resources-data/exploredata.html
npri-2935-2023-87,2023,compb4e31bc7,NA - 17,tonnes,Lac De Montigny,,QC-MAIN-9de9bb0d,,,https://www.canada.ca/en/environment-climate-change/services/national-pollutant-release-inventory/tools-resources-data/exploredata.html
npri-2935-2023-88,2023,compb4e31bc7,NA - 22,tonnes,Lac De Montigny,,QC-MAIN-9de9bb0d,,,https://www.canada.ca/en/environment-climate-change/services/national-pollutant-release-inventory/tools-resources-data/exploredata.html
npri-2935-2023-89,2023,compb4e31bc7,NA - 12,kg,Lac De Montigny,,QC-MAIN-9de9bb0d,,,https://www.canada.ca/en/environment-climate-change/services/national-pollutant-release-inventory/tools-resources-data/exploredata.html
npri-2935-2023-90,2023,compb4e31bc7,NA - 14,tonnes,Lac De Montigny,,QC-MAIN-9de9bb0d,,,https://www.canada.ca/en/environment-climate-change/services/national-pollutant-release-inventory/tools-resources-data/exploredata.html
npri-2372-2023-117,2023,compb4e31bc7,NA - 16,tonnes,Myra Creek,,BC-MAIN-23155c25,,,https://www.canada.ca/en/environment-climate-change/services/national-pollutant-release-inventory/tools-resources-data/exploredata.html
npri-2372-2023-118,2023,compb4e31bc7,NA - 01,tonnes,Myra Creek,,BC-MAIN-23155c25,,,https://www.canada.ca/en/environment-climate-change/services/national-pollutant-release-inventory/tools-resources-data/exploredata.html
npri-2372-2023-119,2023,compb4e31bc7,NA - 02,kg,Myra Creek,,BC-MAIN-23155c25,,,https://www.canada.ca/en/environment-climate-change/services/national-pollutant-release-inventory/tools-resources-data/exploredata.html
npri-2372-2023-120,2023,compb4e31bc7,NA - 03,kg,Myra Creek,,BC-MAIN-23155c25,,,https://www.canada.ca/en/environment-climate-change/services/national-pollutant-release-inventory/tools-resources-data/exploredata.html
npri-2372-2023-121,2023,compb4e31bc7,NA - 04,tonnes,Myra Creek,,BC-MAIN-23155c25,,,https://www.canada.ca/en/environment-climate-change/services/national-pollutant-release-inventory/tools-resources-data/exploredata.html
npri-2372-2023-122,2023,compb4e31bc7,NA - 05,kg,Myra Creek,,BC-MAIN-23155c25,,,https://www.canada.ca/en/environment-climate-change/services/national-pollutant-release-inventory/tools-resources-data/exploredata.html
npri-2372-2023-123,2023,compb4e31bc7,NA - 06,tonnes,Myra Creek,,BC-MAIN-23155c25,,,https://www.canada.ca/en/environment-climate-change/services/national-pollutant-release-inventory/tools-resources-data/exploredata.html
npri-2372-2023-124,2023,compb4e31bc7,NA - 08,kg,Myra Creek,,BC-MAIN-23155c25,,,https://www.canada.ca/en/environment-climate-change/services/national-pollutant-release-inventory/tools-resources-data/exploredata.html
npri-2372-2023-125,2023,compb4e31bc7,NA - 09,tonnes,Myra Creek,,BC-MAIN-23155c25,,,https://www.canada.ca/en/environment-climate-change/services/national-pollutant-release-inventory/tools-resources-data/exploredata.html
npri-2372-2023-126,2023,compb4e31bc7,NA - 10,kg,Myra Creek,,BC-MAIN-23155c25,,,https://www.canada.ca/en/environment-climate-change/services/national-pollutant-release-inventory/tools-resources-data/exploredata.html
npri-2372-2023-127,2023,compb4e31bc7,NA - 11,tonnes,Myra Creek,,BC-MAIN-23155c25,,,https://www.canada.ca/en/environment-climate-change/services/national-pollutant-release-inventory/tools-resources-data/exploredata.html
npri-2372-2023-128,2023,compb4e31bc7,NA - 17,tonnes,Myra Creek,,BC-MAIN-23155c25,,,https://www.canada.ca/en/environment-climate-change/services/national-pollutant-release-inventory/tools-resources-data/exploredata.html
npri-2372-2023-129,2023,compb4e31bc7,NA - 22,tonnes,Myra Creek,,BC-MAIN-23155c25,,,https://www.canada.ca/en/environment-climate-change/services/national-pollutant-release-inventory/tools-resources-data/exploredata.html
npri-2372-2023-130,2023,compb4e31bc7,NA - 12,kg,Myra Creek,,BC-MAIN-23155c25,,,https://www.canada.ca/en/environment-climate-change/services/national-pollutant-release-inventory/tools-resources-data/exploredata.html
npri-2372-2023-131,2023,compb4e31bc7,NA - 13,tonnes,Myra Creek,,BC-MAIN-23155c25,,,https://www.canada.ca/en/environment-climate-change/services/national-pollutant-release-inventory/tools-resources-data/exploredata.html
npri-2372-2023-132,2023,compb4e31bc7,NA - 37,kg,Myra Creek,,BC-MAIN-23155c25,,,https://www.canada.ca/en/environment-climate-change/services/national-pollutant-release-inventory/tools-resources-data/exploredata.html
npri-2372-2023-133,2023,compb4e31bc7,NA - 40,tonnes,Myra Creek,,BC-MAIN-23155c25,,,https://www.canada.ca/en/environment-climate-change/services/national-pollutant-release-inventory/tools-resources-data/exploredata.html
npri-2372-2023-134,2023,compb4e31bc7,NA - 14,tonnes,Myra Creek,,BC-MAIN-23155c25,,,https://www.canada.ca/en/environment-climate-change/services/national-pollutant-release-inventory/tools-resources-data/exploredata.html
npri-28726-2023-42,2023,compb4e31bc7,NA - 02,kg,Effluents actifs sur le site,,QC-MAIN-dc1a16f9,,,https://www.canada.ca/en/environment-climate-change/services/national-pollutant-release-inventory/tools-resources-data/exploredata.html
npri-28726-2023-43,2023,compb4e31bc7,NA - 08,kg,Effluents actifs sur le site,,QC-MAIN-dc1a16f9,,,https://www.canada.ca/en/environment-climate-change/services/national-pollutant-release-inventory/tools-resources-data/exploredata.html
npri-33049-2023-90,2023,compb4e31bc7,NA - 02,kg,Otto Lake,,ON-MAIN-8825d90d,,,https://www.canada.ca/en/environment-climate-change/services/national-pollutant-release-inventory/tools-resources-data/exploredata.html
npri-33049-2023-91,2023,compb4e31bc7,NA - 04,tonnes,Otto Lake,,ON-MAIN-8825d90d,,,https://www.canada.ca/en/environment-climate-change/services/national-pollutant-release-inventory/tools-resources-data/exploredata.html
npri-33049-2023-92,2023,compb4e31bc7,NA - 05,kg,Otto Lake,,ON-MAIN-8825d90d,,,https://www.canada.ca/en/environment-climate-change/services/national-pollutant-release-inventory/tools-resources-data/exploredata.html
npri-33049-2023-93,2023,compb4e31bc7,NA - 06,tonnes,Otto Lake,,ON-MAIN-8825d90d,,,https://www.canada.ca/en/environment-climate-change/services/national-pollutant-release-inventory/tools-resources-data/exploredata.html
npri-33049-2023-94,2023,compb4e31bc7,NA - 07,tonnes,Otto Lake,,ON-MAIN-8825d90d,,,https://www.canada.ca/en/environment-climate-change/services/national-pollutant-release-inventory/tools-resources-data/exploredata.html
npri-33049-2023-95,2023,compb4e31bc7,NA - 08,kg,Otto Lake,,ON-MAIN-8825d90d,,,https://www.canada.ca/en/environment-climate-change/services/national-pollutant-release-inventory/tools-resources-data/exploredata.html
npri-33049-2023-96,2023,compb4e31bc7,NA - 09,tonnes,Otto Lake,,ON-MAIN-8825d90d,,,https://www.canada.ca/en/environment-climate-change/services/national-pollutant-release-inventory/tools-resources-data/exploredata.html
npri-33049-2023-97,2023,compb4e31bc7,NA - 10,kg,Otto Lake,,ON-MAIN-8825d90d,,,https://www.canada.ca/en/environment-climate-change/services/national-pollutant-release-inventory/tools-resources-data/exploredata.html
npri-33049-2023-98,2023,compb4e31bc7,NA - 11,tonnes,Otto Lake,,ON-MAIN-8825d90d,,,https://www.canada.ca/en/environment-climate-change/services/national-pollutant-release-inventory/tools-resources-data/exploredata.html
npri-33049-2023-99,2023,compb4e31bc7,NA - 22,tonnes,Otto Lake,,ON-MAIN-8825d90d,,,https://www.canada.ca/en/environment-climate-change/services/national-pollutant-release-inventory/tools-resources-data/exploredata.html
npri-33049-2023-100,2023,compb4e31bc7,NA - 12,kg,Otto Lake,,ON-MAIN-8825d90d,,,https://www.canada.ca/en/environment-climate-change/services/national-pollutant-release-inventory/tools-resources-data/exploredata.html
npri-33049-2023-101,2023,compb4e31bc7,NA - 37,kg,Otto Lake,,ON-MAIN-8825d90d,,,https://www.canada.ca/en/environment-climate-change/services/national-pollutant-release-inventory/tools-resources-data/exploredata.html
npri-33049-2023-102,2023,compb4e31bc7,NA - 40,tonnes,Otto Lake,,ON-MAIN-8825d90d,,,https://www.canada.ca/en/environment-climate-change/services/national-pollutant-release-inventory/tools-resources-data/exploredata.html
npri-33049-2023-103,2023,compb4e31bc7,NA - 14,tonnes,Otto Lake,,ON-MAIN-8825d90d,,,https://www.canada.ca/en/environment-climate-change/services/national-pollutant-release-inventory/tools-resources-data/exploredata.html
npri-8015-2023-16,2023,compb4e31bc7,NA - 16,tonnes,Fly Pond,,NL-MAIN-842ba1b4,,,https://www.canada.ca/en/environment-climate-change/services/national-pollutant-release-inventory/tools-resources-data/exploredata.html
npri-8015-2023-17,2023,compb4e31bc7,NA - 02,kg,Fly Pond,,NL-MAIN-842ba1b4,,,https://www.canada.ca/en/environment-climate-change/services/national-pollutant-release-inventory/tools-resources-data/exploredata.html
npri-8015-2023-18,2023,compb4e31bc7,NA - 06,tonnes,Fly Pond,,NL-MAIN-842ba1b4,,,https://www.canada.ca/en/environment-climate-change/services/national-pollutant-release-inventory/tools-resources-data/exploredata.html
npri-8015-2023-19,2023,compb4e31bc7,NA - 08,kg,Fly Pond,,NL-MAIN-842ba1b4,,,https://www.canada.ca/en/environment-climate-change/services/national-pollutant-release-inventory/tools-resources-data/exploredata.html
npri-8015-2023-20,2023,compb4e31bc7,NA - 14,tonnes,Fly Pond,,NL-MAIN-842ba1b4,,,https://www.canada.ca/en/environment-climate-change/services/national-pollutant-release-inventory/tools-resources-data/exploredata.html
npri-23273-2023-62,2023,compb4e31bc7,NA - 16,tonnes,"Laonil Lake, Lizard Lake",,SK-MAIN-29afbdb5,,,https://www.canada.ca/en/environment-climate-change/services/national-pollutant-release-inventory/tools-resources-data/exploredata.html
npri-23273-2023-63,2023,compb4e31bc7,NA - 02,kg,"Laonil Lake, Lizard Lake",,SK-MAIN-29afbdb5,,,https://www.canada.ca/en/environment-climate-change/services/national-pollutant-release-inventory/tools-resources-data/exploredata.html
npri-23273-2023-64,2023,compb4e31bc7,NA - 03,kg,"Laonil Lake, Lizard Lake",,SK-MAIN-29afbdb5,,,https://www.canada.ca/en/environment-climate-change/services/national-pollutant-release-inventory/tools-resources-data/exploredata.html
npri-23273-2023-65,2023,compb4e31bc7,NA - 04,tonnes,"Laonil Lake, Lizard Lake",,SK-MAIN-29afbdb5,,,https://www.canada.ca/en/environment-climate-change/services/national-pollutant-release-inventory/tools-resources-data/exploredata.html
npri-23273-2023-66,2023,compb4e31bc7,NA - 05,kg,"Laonil Lake, Lizard Lake",,SK-MAIN-29afbdb5,,,https://www.canada.ca/en/environment-climate-change/services/national-pollutant-release-inventory/tools-resources-data/exploredata.html
npri-23273-2023-67,2023,compb4e31bc7,NA - 06,tonnes,"Laonil Lake, Lizard Lake",,SK-MAIN-29afbdb5,,,https://www.canada.ca/en/environment-climate-change/services/national-pollutant-release-inventory/tools-resources-data/exploredata.html
npri-23273-2023-68,2023,compb4e31bc7,NA - 07,tonnes,Laonil Lake,,SK-MAIN-29afbdb5,,,https://www.canada.ca/en/environment-climate-change/services/national-pollutant-release-inventory/tools-resources-data/exploredata.html
npri-23273-2023-69,2023,compb4e31bc7,NA - 08,kg,"Laonil Lake, Lizard Lake",,SK-MAIN-29afbdb5,,,https://www.canada.ca/en/environment-climate-change/services/national-pollutant-release-inventory/tools-resources-data/exploredata.html
npri-23273-2023-70,2023,compb4e31bc7,NA - 09,tonnes,"Laonil Lake, Lizard Lake",,SK-MAIN-29afbdb5,,,https://www.canada.ca/en/environment-climate-change/services/national-pollutant-release-inventory/tools-resources-data/exploredata.html
npri-23273-2023-71,2023,compb4e31bc7,NA - 11,tonnes,"Laonil Lake, Lizard Lake",,SK-MAIN-29afbdb5,,,https://www.canada.ca/en/environment-climate-change/services/national-pollutant-release-inventory/tools-resources-data/exploredata.html
npri-23273-2023-72,2023,compb4e31bc7,NA - 17,tonnes,"Laonil Lake, Lizard Lake",,SK-MAIN-29afbdb5,,,https://www.canada.ca/en/environment-climate-change/services/national-pollutant-release-inventory/tools-resources-data/exploredata.html
npri-23273-2023-73,2023,compb4e31bc7,NA - 22,tonnes,"Laonil Lake, Lizard Lake",,SK-MAIN-29afbdb5,,,https://www.canada.ca/en/environment-climate-change/services/national-pollutant-release-inventory/tools-resources-data/exploredata.html
npri-23273-2023-74,2023,compb4e31bc7,NA - 12,kg,"Laonil Lake, Lizard Lake",,SK-MAIN-29afbdb5,,,https://www.canada.ca/en/environment-climate-change/services/national-pollutant-release-inventory/tools-resources-data/exploredata.html
npri-23273-2023-75,2023,compb4e31bc7,NA - 40,tonnes,"Laonil Lake, Lizard Lake",,SK-MAIN-29afbdb5,,,https://www.canada.ca/en/environment-climate-change/services/national-pollutant-release-inventory/tools-resources-data/exploredata.html
npri-23273-2023-76,2023,compb4e31bc7,NA - 14,tonnes,"Laonil Lake, Lizard Lake",,SK-MAIN-29afbdb5,,,https://www.canada.ca/en/environment-climate-change/services/national-pollutant-release-inventory/tools-resources-data/exploredata.html
npri-5460-2023-52,2023,compb4e31bc7,NA - 16,tonnes,Wabush Lake,,NL-MAIN-b64bae7a,,,https://www.canada.ca/en/environment-climate-change/services/national-pollutant-release-inventory/tools-resources-data/exploredata.html
npri-5460-2023-53,2023,compb4e31bc7,NA - 02,kg,Wabush Lake,,NL-MAIN-b64bae7a,,,https://www.canada.ca/en/environment-climate-change/services/national-pollutant-release-inventory/tools-resources-data/exploredata.html
npri-5460-2023-54,2023,compb4e31bc7,NA - 03,kg,Wabush Lake,,NL-MAIN-b64bae7a,,,https://www.canada.ca/en/environment-climate-change/services/national-pollutant-release-inventory/tools-resources-data/exploredata.html
npri-5460-2023-55,2023,compb4e31bc7,NA - 05,kg,Wabush Lake,,NL-MAIN-b64bae7a,,,https://www.canada.ca/en/environment-climate-change/services/national-pollutant-release-inventory/tools-resources-data/exploredata.html
npri-5460-2023-56,2023,compb4e31bc7,NA - 08,kg,Wabush Lake,,NL-MAIN-b64bae7a,,,https://www.canada.ca/en/environment-climate-change/services/national-pollutant-release-inventory/tools-resources-data/exploredata.html
npri-5460-2023-57,2023,compb4e31bc7,NA - 09,tonnes,Wabush Lake,,NL-MAIN-b64bae7a,,,https://www.canada.ca/en/environment-climate-change/services/national-pollutant-release-inventory/tools-resources-data/exploredata.html
npri-5460-2023-58,2023,compb4e31bc7,NA - 17,tonnes,Wabush Lake,,NL-MAIN-b64bae7a,,,https://www.canada.ca/en/environment-climate-change/services/national-pollutant-release-inventory/tools-resources-data/exploredata.html
npri-3356-2023-44,2023,compb4e31bc7,NA - 02,kg,"Bose Lake, Fouquet Creek , Pukaist Creek, Unnamed Wetland, Witches Brook",,BC-MAIN-bf503b6b,,,https://www.canada.ca/en/environment-climate-change/services/national-pollutant-release-inventory/tools-resources-data/exploredata.html
npri-3356-2023-45,2023,compb4e31bc7,NA - 03,kg,"Bose Lake, Fouquet Creek , Pukaist Creek, Unnamed Wetland, Witches Brook",,BC-MAIN-bf503b6b,,,https://www.canada.ca/en/environment-climate-change/services/national-pollutant-release-inventory/tools-resources-data/exploredata.html
npri-3356-2023-46,2023,compb4e31bc7,NA - 05,kg,"Bose Lake, Fouquet Creek , Pukaist Creek, Unnamed Wetland, Witches Brook",,BC-MAIN-bf503b6b,,,https://www.canada.ca/en/environment-climate-change/services/national-pollutant-release-inventory/tools-resources-data/exploredata.html
npri-3356-2023-47,2023,compb4e31bc7,NA - 08,kg,"Bose Lake, Fouquet Creek , Pukaist Creek, Unnamed Wetland, Witches Brook",,BC-MAIN-bf503b6b,,,https://www.canada.ca/en/environment-climate-change/services/national-pollutant-release-inventory/tools-resources-data/exploredata.html
npri-3356-2023-48,2023,compb4e31bc7,NA - 12,kg,"Bose Lake, Fouquet Creek , Pukaist Creek, Unnamed Wetland, Witches Brook",,BC-MAIN-bf503b6b,,,https://www.canada.ca/en/environment-climate-change/services/national-pollutant-release-inventory/tools-resources-data/exploredata.html
npri-1465-2023-97,2023,compb4e31bc7,NA - 16,tonnes,Kelly Lake,,ON-MAIN-de2f9639,,,https://www.canada.ca/en/environment-climate-change/services/national-pollutant-release-inventory/tools-resources-data/exploredata.html
npri-1465-2023-98,2023,compb4e31bc7,NA - 02,kg,Kelly Lake,,ON-MAIN-de2f9639,,,https://www.canada.ca/en/environment-climate-change/services/national-pollutant-release-inventory/tools-resources-data/exploredata.html
npri-10202-2023-64,2023,compb4e31bc7,NA - 02,kg,Junction Creek,,ON-MAIN-48fe2205,,,https://www.canada.ca/en/environment-climate-change/services/national-pollutant-release-inventory/tools-resources-data/exploredata.html
npri-11878-2023-62,2023,compb4e31bc7,NA - 02,kg,Spanish River,,ON-MAIN-28f3f0fc,,,https://www.canada.ca/en/environment-climate-change/services/national-pollutant-release-inventory/tools-resources-data/exploredata.html
npri-1465-2023-99,2023,compb4e31bc7,NA - 03,kg,Kelly Lake,,ON-MAIN-de2f9639,,,https://www.canada.ca/en/environment-climate-change/services/national-pollutant-release-inventory/tools-resources-data/exploredata.html
npri-10202-2023-65,2023,compb4e31bc7,NA - 03,kg,Junction Creek,,ON-MAIN-48fe2205,,,https://www.canada.ca/en/environment-climate-change/services/national-pollutant-release-inventory/tools-resources-data/exploredata.html
npri-11878-2023-63,2023,compb4e31bc7,NA - 03,kg,Spanish River,,ON-MAIN-28f3f0fc,,,https://www.canada.ca/en/environment-climate-change/services/national-pollutant-release-inventory/tools-resources-data/exploredata.html
npri-1465-2023-100,2023,compb4e31bc7,NA - 04,tonnes,Kelly Lake,,ON-MAIN-de2f9639,,,https://www.canada.ca/en/environment-climate-change/services/national-pollutant-release-inventory/tools-resources-data/exploredata.html
npri-1465-2023-101,2023,compb4e31bc7,NA - 05,kg,Kelly Lake,,ON-MAIN-de2f9639,,,https://www.canada.ca/en/environment-climate-change/services/national-pollutant-release-inventory/tools-resources-data/exploredata.html
npri-10202-2023-66,2023,compb4e31bc7,NA - 05,kg,Junction Creek,,ON-MAIN-48fe2205,,,https://www.canada.ca/en/environment-climate-change/services/national-pollutant-release-inventory/tools-resources-data/exploredata.html
npri-11878-2023-64,2023,compb4e31bc7,NA - 05,kg,Spanish River,,ON-MAIN-28f3f0fc,,,https://www.canada.ca/en/environment-climate-change/services/national-pollutant-release-inventory/tools-resources-data/exploredata.html
npri-1465-2023-102,2023,compb4e31bc7,NA - 06,tonnes,Kelly Lake,,ON-MAIN-de2f9639,,,https://www.canada.ca/en/environment-climate-change/services/national-pollutant-release-inventory/tools-resources-data/exploredata.html
npri-10202-2023-67,2023,compb4e31bc7,NA - 06,tonnes,Junction Creek,,ON-MAIN-48fe2205,,,https://www.canada.ca/en/environment-climate-change/services/national-pollutant-release-inventory/tools-resources-data/exploredata.html
npri-11878-2023-65,2023,compb4e31bc7,NA - 06,tonnes,Spanish River,,ON-MAIN-28f3f0fc,,,https://www.canada.ca/en/environment-climate-change/services/national-pollutant-release-inventory/tools-resources-data/exploredata.html
npri-1465-2023-103,2023,compb4e31bc7,NA - 08,kg,Kelly Lake,,ON-MAIN-de2f9639,,,https://www.canada.ca/en/environment-climate-change/services/national-pollutant-release-inventory/tools-resources-data/exploredata.html
npri-10202-2023-68,2023,compb4e31bc7,NA - 08,kg,Junction Creek,,ON-MAIN-48fe2205,,,https://www.canada.ca/en/environment-climate-change/services/national-pollutant-release-inventory/tools-resources-data/exploredata.html
npri-11878-2023-66,2023,compb4e31bc7,NA - 08,kg,Spanish River,,ON-MAIN-28f3f0fc,,,https://www.canada.ca/en/environment-climate-change/services/national-pollutant-release-inventory/tools-resources-data/exploredata.html
npri-1465-2023-104,2023,compb4e31bc7,NA - 09,tonnes,Kelly Lake,,ON-MAIN-de2f9639,,,https://www.canada.ca/en/environment-climate-change/services/national-pollutant-release-inventory/tools-resources-data/exploredata.html
npri-1465-2023-105,2023,compb4e31bc7,NA - 10,kg,Kelly Lake,,ON-MAIN-de2f9639,,,https://www.canada.ca/en/environment-climate-change/services/national-pollutant-release-inventory/tools-resources-data/exploredata.html
npri-10202-2023-69,2023,compb4e31bc7,NA - 10,kg,Junction Creek,,ON-MAIN-48fe2205,,,https://www.canada.ca/en/environment-climate-change/services/national-pollutant-release-inventory/tools-resources-data/exploredata.html
npri-11878-2023-67,2023,compb4e31bc7,NA - 10,kg,Spanish River,,ON-MAIN-28f3f0fc,,,https://www.canada.ca/en/environment-climate-change/services/national-pollutant-release-inventory/tools-resources-data/exploredata.html
npri-1465-2023-106,2023,compb4e31bc7,NA - 11,tonnes,Kelly Lake,,ON-MAIN-de2f9639,,,https://www.canada.ca/en/environment-climate-change/services/national-pollutant-release-inventory/tools-resources-data/exploredata.html
npri-10202-2023-70,2023,compb4e31bc7,NA - 11,tonnes,Junction Creek,,ON-MAIN-48fe2205,,,https://www.canada.ca/en/environment-climate-change/services/national-pollutant-release-inventory/tools-resources-data/exploredata.html
npri-11878-2023-68,2023,compb4e31bc7,NA - 11,tonnes,Spanish River,,ON-MAIN-28f3f0fc,,,https://www.canada.ca/en/environment-climate-change/services/national-pollutant-release-inventory/tools-resources-data/exploredata.html
npri-1465-2023-107,2023,compb4e31bc7,NA - 17,tonnes,Kelly Lake,,ON-MAIN-de2f9639,,,https://www.canada.ca/en/environment-climate-change/services/national-pollutant-release-inventory/tools-resources-data/exploredata.html
npri-10202-2023-71,2023,compb4e31bc7,NA - 17,tonnes,Junction Creek,,ON-MAIN-48fe2205,,,https://www.canada.ca/en/environment-climate-change/services/national-pollutant-release-inventory/tools-resources-data/exploredata.html
npri-1465-2023-108,2023,compb4e31bc7,NA - 12,kg,Kelly Lake,,ON-MAIN-de2f9639,,,https://www.canada.ca/en/environment-climate-change/services/national-pollutant-release-inventory/tools-resources-data/exploredata.html
npri-10202-2023-72,2023,compb4e31bc7,NA - 12,kg,Junction Creek,,ON-MAIN-48fe2205,,,https://www.canada.ca/en/environment-climate-change/services/national-pollutant-release-inventory/tools-resources-data/exploredata.html
npri-11878-2023-69,2023,compb4e31bc7,NA - 12,kg,Spanish River,,ON-MAIN-28f3f0fc,,,https://www.canada.ca/en/environment-climate-change/services/national-pollutant-release-inventory/tools-resources-data/exploredata.html
npri-1465-2023-109,2023,compb4e31bc7,NA - 37,kg,Kelly Lake,,ON-MAIN-de2f9639,,,https://www.canada.ca/en/environment-climate-change/services/national-pollutant-release-inventory/tools-resources-data/exploredata.html
npri-1465-2023-110,2023,compb4e31bc7,NA - 14,tonnes,Kelly Lake,,ON-MAIN-de2f9639,,,https://www.canada.ca/en/environment-climate-change/services/national-pollutant-release-inventory/tools-resources-data/exploredata.html
npri-10010-2023-52,2023,compb4e31bc7,NA - 02,kg,Miron Creek,,ON-MAIN-cb85213a,,,https://www.canada.ca/en/environment-climate-change/services/national-pollutant-release-inventory/tools-resources-data/exploredata.html
npri-10010-2023-53,2023,compb4e31bc7,NA - 06,tonnes,Miron Creek,,ON-MAIN-cb85213a,,,https://www.canada.ca/en/environment-climate-change/services/national-pollutant-release-inventory/tools-resources-data/exploredata.html
npri-10010-2023-54,2023,compb4e31bc7,NA - 07,tonnes,Miron Creek,,ON-MAIN-cb85213a,,,https://www.canada.ca/en/environment-climate-change/services/national-pollutant-release-inventory/tools-resources-data/exploredata.html
npri-10010-2023-55,2023,compb4e31bc7,NA - 08,kg,Miron Creek,,ON-MAIN-cb85213a,,,https://www.canada.ca/en/environment-climate-change/services/national-pollutant-release-inventory/tools-resources-data/exploredata.html
npri-10010-2023-56,2023,compb4e31bc7,NA - 11,tonnes,Miron Creek,,ON-MAIN-cb85213a,,,https://www.canada.ca/en/environment-climate-change/services/national-pollutant-release-inventory/tools-resources-data/exploredata.html
npri-10010-2023-57,2023,compb4e31bc7,NA - 14,tonnes,Miron Creek,,ON-MAIN-cb85213a,,,https://www.canada.ca/en/environment-climate-change/services/national-pollutant-release-inventory/tools-resources-data/exploredata.html
npri-24216-2023-131,2023,comp4fceff4c,107-21-1,tonnes,0.6204,,NU-MAIN-730aefe3,,,https://www.canada.ca/en/environment-climate-change/services/national-pollutant-release-inventory/tools-resources-data/exploredata.html
npri-5656-2023-71,2023,comp4fceff4c,NA - 37,kg,0.0154,,ON-MAIN-fefeaee4,,,https://www.canada.ca/en/environment-climate-change/services/national-pollutant-release-inventory/tools-resources-data/exploredata.html
npri-3356-2023-49,2023,comp4fceff4c,NA - 02,kg,0.352,,BC-MAIN-bf503b6b,,,https://www.canada.ca/en/environment-climate-change/services/national-pollutant-release-inventory/tools-resources-data/exploredata.html
npri-3356-2023-50,2023,comp4fceff4c,NA - 03,kg,0.014,,BC-MAIN-bf503b6b,,,https://www.canada.ca/en/environment-climate-change/services/national-pollutant-release-inventory/tools-resources-data/exploredata.html
npri-3356-2023-51,2023,comp4fceff4c,NA - 05,kg,0.377,,BC-MAIN-bf503b6b,,,https://www.canada.ca/en/environment-climate-change/services/national-pollutant-release-inventory/tools-resources-data/exploredata.html
npri-3356-2023-52,2023,comp4fceff4c,NA - 08,kg,0.929,,BC-MAIN-bf503b6b,,,https://www.canada.ca/en/environment-climate-change/services/national-pollutant-release-inventory/tools-resources-data/exploredata.html
npri-3356-2023-53,2023,comp4fceff4c,NA - 10,kg,9e-05,,BC-MAIN-bf503b6b,,,https://www.canada.ca/en/environment-climate-change/services/national-pollutant-release-inventory/tools-resources-data/exploredata.html
npri-3356-2023-54,2023,comp4fceff4c,NA - 12,kg,0.062,,BC-MAIN-bf503b6b,,,https://www.canada.ca/en/environment-climate-change/services/national-pollutant-release-inventory/tools-resources-data/exploredata.html
npri-5448-2023-122,2023,comp3af7aa38,107-21-1,tonnes,4.1724,,QC-MAIN-a97821c0,,,https://www.canada.ca/en/environment-climate-change/services/national-pollutant-release-inventory/tools-resources-data/exploredata.html
npri-8803-2023-89,2023,comp3af7aa38,NA - 08,kg,134.05,,QC-MAIN-6dc537e6,,,https://www.canada.ca/en/environment-climate-change/services/national-pollutant-release-inventory/tools-resources-data/exploredata.html
npri-5219-2023-15,2023,comp3af7aa38,NA - 09,tonnes,0.0016,,MB-MAIN-da0b5c3d,,,https://www.canada.ca/en/environment-climate-change/services/national-pollutant-release-inventory/tools-resources-data/exploredata.html
npri-31260-2023-1,2023,compa50ae012,7429-90-5,tonnes,0.001,,QC-MAIN-5398dfac,,,https://www.canada.ca/en/environment-climate-change/services/national-pollutant-release-inventory/tools-resources-data/exploredata.html
npri-1070-2023-1,2023,compa50ae012,NA - 02,kg,0.904,,ON-MAIN-eab8c362,,,https://www.canada.ca/en/environment-climate-change/services/national-pollutant-release-inventory/tools-resources-data/exploredata.html
npri-1070-2023-2,2023,compa50ae012,71-43-2,tonnes,0.20278,,ON-MAIN-eab8c362,,,https://www.canada.ca/en/environment-climate-change/services/national-pollutant-release-inventory/tools-resources-data/exploredata.html
npri-1070-2023-3,2023,compa50ae012,NA - 03,kg,8.6256,,ON-MAIN-eab8c362,,,https://www.canada.ca/en/environment-climate-change/services/national-pollutant-release-inventory/tools-resources-data/exploredata.html
npri-1070-2023-4,2023,compa50ae012,630-08-0,tonnes,563.7,,ON-MAIN-eab8c362,,,https://www.canada.ca/en/environment-climate-change/services/national-pollutant-release-inventory/tools-resources-data/exploredata.html
npri-1070-2023-5,2023,compa50ae012,NA - 05,kg,0.63948,,ON-MAIN-eab8c362,,,https://www.canada.ca/en/environment-climate-change/services/national-pollutant-release-inventory/tools-resources-data/exploredata.html
npri-1070-2023-6,2023,compa50ae012,74-85-1,tonnes,0.39838,,ON-MAIN-eab8c362,,,https://www.canada.ca/en/environment-climate-change/services/national-pollutant-release-inventory/tools-resources-data/exploredata.html
npri-1070-2023-7,2023,compa50ae012,7783-06-4,tonnes,12.628,,ON-MAIN-eab8c362,,,https://www.canada.ca/en/environment-climate-change/services/national-pollutant-release-inventory/tools-resources-data/exploredata.html
npri-1070-2023-8,2023,compa50ae012,NA - 08,kg,317.4456,,ON-MAIN-eab8c362,,,https://www.canada.ca/en/environment-climate-change/services/national-pollutant-release-inventory/tools-resources-data/exploredata.html
npri-1070-2023-9,2023,compa50ae012,NA - 09,tonnes,5.16716,,ON-MAIN-eab8c362,,,https://www.canada.ca/en/environment-climate-change/services/national-pollutant-release-inventory/tools-resources-data/exploredata.html
npri-1070-2023-10,2023,compa50ae012,NA - 11,tonnes,0.00268,,ON-MAIN-eab8c362,,,https://www.canada.ca/en/environment-climate-change/services/national-pollutant-release-inventory/tools-resources-data/exploredata.html
npri-1070-2023-11,2023,compa50ae012,11104-93-1,tonnes,2204.419,,ON-MAIN-eab8c362,,,https://www.canada.ca/en/environment-climate-change/services/national-pollutant-release-inventory/tools-resources-data/exploredata.html
npri-1070-2023-12,2023,compa50ae012,NA - M09,tonnes,635.83266,,ON-MAIN-eab8c362,,,https://www.canada.ca/en/environment-climate-change/services/national-pollutant-release-inventory/tools-resources-data/exploredata.html
npri-1070-2023-13,2023,compa50ae012,NA - M10,tonnes,387.52477,,ON-MAIN-eab8c362,,,https://www.canada.ca/en/environment-climate-change/services/national-pollutant-release-inventory/tools-resources-data/exploredata.html
npri-1070-2023-14,2023,compa50ae012,115-07-1,tonnes,0.02733,,ON-MAIN-eab8c362,,,https://www.canada.ca/en/environment-climate-change/services/national-pollutant-release-inventory/tools-resources-data/exploredata.html
npri-1070-2023-15,2023,compa50ae012,7446-09-5,tonnes,2852.09,,ON-MAIN-eab8c362,,,https://www.canada.ca/en/environment-climate-change/services/national-pollutant-release-inventory/tools-resources-data/exploredata.html
npri-1070-2023-16,2023,compa50ae012,108-88-3,tonnes,0.01007,,ON-MAIN-eab8c362,,,https://www.canada.ca/en/environment-climate-change/services/national-pollutant-release-inventory/tools-resources-data/exploredata.html
npri-1070-2023-17,2023,compa50ae012,NA - M08,tonnes,987.64,,ON-MAIN-eab8c362,,,https://www.canada.ca/en/environment-climate-change/services/national-pollutant-release-inventory/tools-resources-data/exploredata.html
npri-1070-2023-18,2023,compa50ae012,NA - M14,tonnes,12.628,,ON-MAIN-eab8c362,,,https://www.canada.ca/en/environment-climate-change/services/national-pollutant-release-inventory/tools-resources-data/exploredata.html
npri-1070-2023-19,2023,compa50ae012,NA - M16,tonnes,34.3719,,ON-MAIN-eab8c362,,,https://www.canada.ca/en/environment-climate-change/services/national-pollutant-release-inventory/tools-resources-data/exploredata.html
npri-1070-2023-20,2023,compa50ae012,NA - 14,tonnes,1.87119,,ON-MAIN-eab8c362,,,https://www.canada.ca/en/environment-climate-change/services/national-pollutant-release-inventory/tools-resources-data/exploredata.html
npri-1106-2023-1,2023,compa50ae012,NA - 02,kg,0.45,,AB-MAIN-9fed34a8,,,https://www.canada.ca/en/environment-climate-change/services/national-pollutant-release-inventory/tools-resources-data/exploredata.html
npri-1106-2023-2,2023,compa50ae012,NA - 03,kg,0.49,,AB-MAIN-9fed34a8,,,https://www.canada.ca/en/environment-climate-change/services/national-pollutant-release-inventory/tools-resources-data/exploredata.html
npri-1106-2023-3,2023,compa50ae012,7789-75-5,tonnes,0.388,,AB-MAIN-9fed34a8,,,https://www.canada.ca/en/environment-climate-change/services/national-pollutant-release-inventory/tools-resources-data/exploredata.html
npri-1106-2023-4,2023,compa50ae012,630-08-0,tonnes,569.824522,,AB-MAIN-9fed34a8,,,https://www.canada.ca/en/environment-climate-change/services/national-pollutant-release-inventory/tools-resources-data/exploredata.html
npri-1106-2023-5,2023,compa50ae012,NA - 04,tonnes,0.009,,AB-MAIN-9fed34a8,,,https://www.canada.ca/en/environment-climate-change/services/national-pollutant-release-inventory/tools-resources-data/exploredata.html
npri-1106-2023-6,2023,compa50ae012,NA - 06,tonnes,0.018,,AB-MAIN-9fed34a8,,,https://www.canada.ca/en/environment-climate-change/services/national-pollutant-release-inventory/tools-resources-data/exploredata.html
npri-1106-2023-7,2023,compa50ae012,NA - D/F,g TEQ,0.077041,,AB-MAIN-9fed34a8,,,https://www.canada.ca/en/environment-climate-change/services/national-pollutant-release-inventory/tools-resources-data/exploredata.html
npri-1106-2023-8,2023,compa50ae012,118-74-1,grams,82.18,,AB-MAIN-9fed34a8,,,https://www.canada.ca/en/environment-climate-change/services/national-pollutant-release-inventory/tools-resources-data/exploredata.html
npri-1106-2023-9,2023,compa50ae012,NA - 19,kg,1.14,,AB-MAIN-9fed34a8,,,https://www.canada.ca/en/environment-climate-change/services/national-pollutant-release-inventory/tools-resources-data/exploredata.html
npri-1106-2023-10,2023,compa50ae012,NA - 08,kg,21.1,,AB-MAIN-9fed34a8,,,https://www.canada.ca/en/environment-climate-change/services/national-pollutant-release-inventory/tools-resources-data/exploredata.html
npri-1106-2023-11,2023,compa50ae012,NA - 09,tonnes,0.1,,AB-MAIN-9fed34a8,,,https://www.canada.ca/en/environment-climate-change/services/national-pollutant-release-inventory/tools-resources-data/exploredata.html
npri-1106-2023-12,2023,compa50ae012,NA - 10,kg,2.7,,AB-MAIN-9fed34a8,,,https://www.canada.ca/en/environment-climate-change/services/national-pollutant-release-inventory/tools-resources-data/exploredata.html
npri-1106-2023-13,2023,compa50ae012,NA - 11,tonnes,0.002,,AB-MAIN-9fed34a8,,,https://www.canada.ca/en/environment-climate-change/services/national-pollutant-release-inventory/tools-resources-data/exploredata.html
npri-1106-2023-14,2023,compa50ae012,11104-93-1,tonnes,54.515804,,AB-MAIN-9fed34a8,,,https://www.canada.ca/en/environment-climate-change/services/national-pollutant-release-inventory/tools-resources-data/exploredata.html
npri-1106-2023-15,2023,compa50ae012,NA - M09,tonnes,3.348815,,AB-MAIN-9fed34a8,,,https://www.canada.ca/en/environment-climate-change/services/national-pollutant-release-inventory/tools-resources-data/exploredata.html
npri-1106-2023-16,2023,compa50ae012,NA - M10,tonnes,1.611287,,AB-MAIN-9fed34a8,,,https://www.canada.ca/en/environment-climate-change/services/national-pollutant-release-inventory/tools-resources-data/exploredata.html
npri-1106-2023-17,2023,compa50ae012,NA - 12,kg,1.09,,AB-MAIN-9fed34a8,,,https://www.canada.ca/en/environment-climate-change/services/national-pollutant-release-inventory/tools-resources-data/exploredata.html
npri-1106-2023-18,2023,compa50ae012,7446-09-5,tonnes,39.151355,,AB-MAIN-9fed34a8,,,https://www.canada.ca/en/environment-climate-change/services/national-pollutant-release-inventory/tools-resources-data/exploredata.html
npri-1106-2023-19,2023,compa50ae012,NA - M08,tonnes,4.971095,,AB-MAIN-9fed34a8,,,https://www.canada.ca/en/environment-climate-change/services/national-pollutant-release-inventory/tools-resources-data/exploredata.html
npri-1106-2023-20,2023,compa50ae012,NA - 40,tonnes,0.00042,,AB-MAIN-9fed34a8,,,https://www.canada.ca/en/environment-climate-change/services/national-pollutant-release-inventory/tools-resources-data/exploredata.html
npri-1106-2023-21,2023,compa50ae012,NA - M16,tonnes,5.652373,,AB-MAIN-9fed34a8,,,https://www.canada.ca/en/environment-climate-change/services/national-pollutant-release-inventory/tools-resources-data/exploredata.html
npri-1106-2023-22,2023,compa50ae012,NA - 14,tonnes,0.297,,AB-MAIN-9fed34a8,,,https://www.canada.ca/en/environment-climate-change/services/national-pollutant-release-inventory/tools-resources-data/exploredata.html
npri-3598-2023-1,2023,compa50ae012,NA - M09,tonnes,5.08,,QC-MAIN-c8966bdc,,,https://www.canada.ca/en/environment-climate-change/services/national-pollutant-release-inventory/tools-resources-data/exploredata.html
npri-3598-2023-2,2023,compa50ae012,NA - M10,tonnes,2.88,,QC-MAIN-c8966bdc,,,https://www.canada.ca/en/environment-climate-change/services/national-pollutant-release-inventory/tools-resources-data/exploredata.html
npri-4778-2023-1,2023,compa50ae012,83-32-9,kg,1202.1899,,QC-MAIN-8d6616b4,,,https://www.canada.ca/en/environment-climate-change/services/national-pollutant-release-inventory/tools-resources-data/exploredata.html
npri-4778-2023-2,2023,compa50ae012,208-96-8,kg,129.9059,,QC-MAIN-8d6616b4,,,https://www.canada.ca/en/environment-climate-change/services/national-pollutant-release-inventory/tools-resources-data/exploredata.html
npri-4778-2023-3,2023,compa50ae012,120-12-7,kg,16.62,,QC-MAIN-8d6616b4,,,https://www.canada.ca/en/environment-climate-change/services/national-pollutant-release-inventory/tools-resources-data/exploredata.html
npri-4778-2023-4,2023,compa50ae012,56-55-3,kg,0.2924,,QC-MAIN-8d6616b4,,,https://www.canada.ca/en/environment-climate-change/services/national-pollutant-release-inventory/tools-resources-data/exploredata.html
npri-4778-2023-5,2023,compa50ae012,50-32-8,kg,0.0182,,QC-MAIN-8d6616b4,,,https://www.canada.ca/en/environment-climate-change/services/national-pollutant-release-inventory/tools-resources-data/exploredata.html
npri-4778-2023-6,2023,compa50ae012,205-99-2,kg,1.1594,,QC-MAIN-8d6616b4,,,https://www.canada.ca/en/environment-climate-change/services/national-pollutant-release-inventory/tools-resources-data/exploredata.html
npri-4778-2023-7,2023,compa50ae012,192-97-2,kg,0.4592,,QC-MAIN-8d6616b4,,,https://www.canada.ca/en/environment-climate-change/services/national-pollutant-release-inventory/tools-resources-data/exploredata.html
npri-4778-2023-8,2023,compa50ae012,191-24-2,kg,0.1413,,QC-MAIN-8d6616b4,,,https://www.canada.ca/en/environment-climate-change/services/national-pollutant-release-inventory/tools-resources-data/exploredata.html
npri-4778-2023-9,2023,compa50ae012,207-08-9,kg,0.0329,,QC-MAIN-8d6616b4,,,https://www.canada.ca/en/environment-climate-change/services/national-pollutant-release-inventory/tools-resources-data/exploredata.html
npri-4778-2023-10,2023,compa50ae012,630-08-0,tonnes,82929.658,,QC-MAIN-8d6616b4,,,https://www.canada.ca/en/environment-climate-change/services/national-pollutant-release-inventory/tools-resources-data/exploredata.html
npri-4778-2023-11,2023,compa50ae012,463-58-1,tonnes,526.645,,QC-MAIN-8d6616b4,,,https://www.canada.ca/en/environment-climate-change/services/national-pollutant-release-inventory/tools-resources-data/exploredata.html
npri-4778-2023-12,2023,compa50ae012,218-01-9,kg,1.8488,,QC-MAIN-8d6616b4,,,https://www.canada.ca/en/environment-climate-change/services/national-pollutant-release-inventory/tools-resources-data/exploredata.html
npri-4778-2023-13,2023,compa50ae012,53-70-3,kg,0.0331,,QC-MAIN-8d6616b4,,,https://www.canada.ca/en/environment-climate-change/services/national-pollutant-release-inventory/tools-resources-data/exploredata.html
npri-4778-2023-14,2023,compa50ae012,5385-75-1,kg,0.0075,,QC-MAIN-8d6616b4,,,https://www.canada.ca/en/environment-climate-change/services/national-pollutant-release-inventory/tools-resources-data/exploredata.html
npri-4778-2023-15,2023,compa50ae012,192-65-4,kg,0.0038,,QC-MAIN-8d6616b4,,,https://www.canada.ca/en/environment-climate-change/services/national-pollutant-release-inventory/tools-resources-data/exploredata.html
npri-4778-2023-16,2023,compa50ae012,189-55-9,kg,0.0066,,QC-MAIN-8d6616b4,,,https://www.canada.ca/en/environment-climate-change/services/national-pollutant-release-inventory/tools-resources-data/exploredata.html
npri-4778-2023-17,2023,compa50ae012,206-44-0,kg,61.2448,,QC-MAIN-8d6616b4,,,https://www.canada.ca/en/environment-climate-change/services/national-pollutant-release-inventory/tools-resources-data/exploredata.html
npri-4778-2023-18,2023,compa50ae012,86-73-7,kg,317.5289,,QC-MAIN-8d6616b4,,,https://www.canada.ca/en/environment-climate-change/services/national-pollutant-release-inventory/tools-resources-data/exploredata.html
npri-4778-2023-19,2023,compa50ae012,7664-39-3,tonnes,9.851,,QC-MAIN-8d6616b4,,,https://www.canada.ca/en/environment-climate-change/services/national-pollutant-release-inventory/tools-resources-data/exploredata.html
npri-4778-2023-20,2023,compa50ae012,193-39-5,kg,0.2352,,QC-MAIN-8d6616b4,,,https://www.canada.ca/en/environment-climate-change/services/national-pollutant-release-inventory/tools-resources-data/exploredata.html
npri-4778-2023-21,2023,compa50ae012,91-20-3,tonnes,2.325,,QC-MAIN-8d6616b4,,,https://www.canada.ca/en/environment-climate-change/services/national-pollutant-release-inventory/tools-resources-data/exploredata.html
npri-4778-2023-22,2023,compa50ae012,11104-93-1,tonnes,44.2134,,QC-MAIN-8d6616b4,,,https://www.canada.ca/en/environment-climate-change/services/national-pollutant-release-inventory/tools-resources-data/exploredata.html
npri-4778-2023-23,2023,compa50ae012,198-55-0,kg,0.0089,,QC-MAIN-8d6616b4,,,https://www.canada.ca/en/environment-climate-change/services/national-pollutant-release-inventory/tools-resources-data/exploredata.html
npri-4778-2023-24,2023,compa50ae012,85-01-8,kg,651.3814,,QC-MAIN-8d6616b4,,,https://www.canada.ca/en/environment-climate-change/services/national-pollutant-release-inventory/tools-resources-data/exploredata.html
npri-4778-2023-25,2023,compa50ae012,NA - M09,tonnes,190.145,,QC-MAIN-8d6616b4,,,https://www.canada.ca/en/environment-climate-change/services/national-pollutant-release-inventory/tools-resources-data/exploredata.html
npri-4778-2023-26,2023,compa50ae012,NA - M10,tonnes,173.042,,QC-MAIN-8d6616b4,,,https://www.canada.ca/en/environment-climate-change/services/national-pollutant-release-inventory/tools-resources-data/exploredata.html
npri-4778-2023-27,2023,compa50ae012,129-00-0,kg,11.4862,,QC-MAIN-8d6616b4,,,https://www.canada.ca/en/environment-climate-change/services/national-pollutant-release-inventory/tools-resources-data/exploredata.html
npri-4778-2023-28,2023,compa50ae012,7446-09-5,tonnes,11590.542,,QC-MAIN-8d6616b4,,,https://www.canada.ca/en/environment-climate-change/services/national-pollutant-release-inventory/tools-resources-data/exploredata.html
npri-4778-2023-29,2023,compa50ae012,NA - M08,tonnes,210.776,,QC-MAIN-8d6616b4,,,https://www.canada.ca/en/environment-climate-change/services/national-pollutant-release-inventory/tools-resources-data/exploredata.html
npri-4778-2023-30,2023,compa50ae012,NA - M14,tonnes,298.432,,QC-MAIN-8d6616b4,,,https://www.canada.ca/en/environment-climate-change/services/national-pollutant-release-inventory/tools-resources-data/exploredata.html
npri-4778-2023-31,2023,compa50ae012,NA - M16,tonnes,74.7371,,QC-MAIN-8d6616b4,,,https://www.canada.ca/en/environment-climate-change/services/national-pollutant-release-inventory/tools-resources-data/exploredata.html
npri-1071-2023-1,2023,compa50ae012,120-12-7,kg,7.9,,QC-MAIN-c8966bdc,,,https://www.canada.ca/en/environment-climate-change/services/national-pollutant-release-inventory/tools-resources-data/exploredata.html
npri-1071-2023-2,2023,compa50ae012,56-55-3,kg,3.8,,QC-MAIN-c8966bdc,,,https://www.canada.ca/en/environment-climate-change/services/national-pollutant-release-inventory/tools-resources-data/exploredata.html
npri-1071-2023-3,2023,compa50ae012,50-32-8,kg,0.0168,,QC-MAIN-c8966bdc,,,https://www.canada.ca/en/environment-climate-change/services/national-pollutant-release-inventory/tools-resources-data/exploredata.html
npri-1071-2023-4,2023,compa50ae012,205-99-2,kg,1.5,,QC-MAIN-c8966bdc,,,https://www.canada.ca/en/environment-climate-change/services/national-pollutant-release-inventory/tools-resources-data/exploredata.html
npri-1071-2023-5,2023,compa50ae012,192-97-2,kg,0.3,,QC-MAIN-c8966bdc,,,https://www.canada.ca/en/environment-climate-change/services/national-pollutant-release-inventory/tools-resources-data/exploredata.html
npri-1071-2023-6,2023,compa50ae012,191-24-2,kg,0.1,,QC-MAIN-c8966bdc,,,https://www.canada.ca/en/environment-climate-change/services/national-pollutant-release-inventory/tools-resources-data/exploredata.html
npri-1071-2023-7,2023,compa50ae012,207-08-9,kg,3.5,,QC-MAIN-c8966bdc,,,https://www.canada.ca/en/environment-climate-change/services/national-pollutant-release-inventory/tools-resources-data/exploredata.html
npri-1071-2023-8,2023,compa50ae012,630-08-0,tonnes,46115.0,,QC-MAIN-c8966bdc,,,https://www.canada.ca/en/environment-climate-change/services/national-pollutant-release-inventory/tools-resources-data/exploredata.html
npri-1071-2023-9,2023,compa50ae012,463-58-1,tonnes,309.68,,QC-MAIN-c8966bdc,,,https://www.canada.ca/en/environment-climate-change/services/national-pollutant-release-inventory/tools-resources-data/exploredata.html
npri-1071-2023-10,2023,compa50ae012,7782-50-5,tonnes,0.004973,,QC-MAIN-c8966bdc,,,https://www.canada.ca/en/environment-climate-change/services/national-pollutant-release-inventory/tools-resources-data/exploredata.html
npri-1071-2023-11,2023,compa50ae012,218-01-9,kg,6.3,,QC-MAIN-c8966bdc,,,https://www.canada.ca/en/environment-climate-change/services/national-pollutant-release-inventory/tools-resources-data/exploredata.html
npri-1071-2023-12,2023,compa50ae012,53-70-3,kg,0.02,,QC-MAIN-c8966bdc,,,https://www.canada.ca/en/environment-climate-change/services/national-pollutant-release-inventory/tools-resources-data/exploredata.html
npri-1071-2023-13,2023,compa50ae012,206-44-0,kg,44.1,,QC-MAIN-c8966bdc,,,https://www.canada.ca/en/environment-climate-change/services/national-pollutant-release-inventory/tools-resources-data/exploredata.html
npri-1071-2023-14,2023,compa50ae012,86-73-7,kg,49.3,,QC-MAIN-c8966bdc,,,https://www.canada.ca/en/environment-climate-change/services/national-pollutant-release-inventory/tools-resources-data/exploredata.html
npri-1071-2023-15,2023,compa50ae012,7664-39-3,tonnes,59.84,,QC-MAIN-c8966bdc,,,https://www.canada.ca/en/environment-climate-change/services/national-pollutant-release-inventory/tools-resources-data/exploredata.html
npri-1071-2023-16,2023,compa50ae012,193-39-5,kg,0.08,,QC-MAIN-c8966bdc,,,https://www.canada.ca/en/environment-climate-change/services/national-pollutant-release-inventory/tools-resources-data/exploredata.html
npri-1071-2023-17,2023,compa50ae012,11104-93-1,tonnes,52.564,,QC-MAIN-c8966bdc,,,https://www.canada.ca/en/environment-climate-change/services/national-pollutant-release-inventory/tools-resources-data/exploredata.html
npri-1071-2023-18,2023,compa50ae012,85-01-8,kg,141.2,,QC-MAIN-c8966bdc,,,https://www.canada.ca/en/environment-climate-change/services/national-pollutant-release-inventory/tools-resources-data/exploredata.html
npri-1071-2023-19,2023,compa50ae012,NA - M09,tonnes,234.2,,QC-MAIN-c8966bdc,,,https://www.canada.ca/en/environment-climate-change/services/national-pollutant-release-inventory/tools-resources-data/exploredata.html
npri-1071-2023-20,2023,compa50ae012,NA - M10,tonnes,195.1,,QC-MAIN-c8966bdc,,,https://www.canada.ca/en/environment-climate-change/services/national-pollutant-release-inventory/tools-resources-data/exploredata.html
npri-1071-2023-21,2023,compa50ae012,129-00-0,kg,24.5,,QC-MAIN-c8966bdc,,,https://www.canada.ca/en/environment-climate-change/services/national-pollutant-release-inventory/tools-resources-data/exploredata.html
npri-1071-2023-22,2023,compa50ae012,7446-09-5,tonnes,7320.86,,QC-MAIN-c8966bdc,,,https://www.canada.ca/en/environment-climate-change/services/national-pollutant-release-inventory/tools-resources-data/exploredata.html
npri-1071-2023-23,2023,compa50ae012,NA - M08,tonnes,293.55,,QC-MAIN-c8966bdc,,,https://www.canada.ca/en/environment-climate-change/services/national-pollutant-release-inventory/tools-resources-data/exploredata.html
npri-1071-2023-24,2023,compa50ae012,NA - M14,tonnes,175.49,,QC-MAIN-c8966bdc,,,https://www.canada.ca/en/environment-climate-change/services/national-pollutant-release-inventory/tools-resources-data/exploredata.html
npri-1071-2023-25,2023,compa50ae012,NA - M16,tonnes,284.224,,QC-MAIN-c8966bdc,,,https://www.canada.ca/en/environment-climate-change/services/national-pollutant-release-inventory/tools-resources-data/exploredata.html
npri-3713-2023-1,2023,compa50ae012,194-59-2,kg,0.000117,,ON-MAIN-4c35e094,,,https://www.canada.ca/en/environment-climate-change/services/national-pollutant-release-inventory/tools-resources-data/exploredata.html
npri-3713-2023-2,2023,compa50ae012,83-32-9,kg,1.624642,,ON-MAIN-4c35e094,,,https://www.canada.ca/en/environment-climate-change/services/national-pollutant-release-inventory/tools-resources-data/exploredata.html
npri-3713-2023-3,2023,compa50ae012,208-96-8,kg,7.015604,,ON-MAIN-4c35e094,,,https://www.canada.ca/en/environment-climate-change/services/national-pollutant-release-inventory/tools-resources-data/exploredata.html
npri-3713-2023-4,2023,compa50ae012,NA - 16,tonnes,40.4846,,ON-MAIN-4c35e094,,,https://www.canada.ca/en/environment-climate-change/services/national-pollutant-release-inventory/tools-resources-data/exploredata.html
npri-3713-2023-5,2023,compa50ae012,120-12-7,kg,0.343438,,ON-MAIN-4c35e094,,,https://www.canada.ca/en/environment-climate-change/services/national-pollutant-release-inventory/tools-resources-data/exploredata.html
npri-3713-2023-6,2023,compa50ae012,NA - 01,tonnes,0.018656,,ON-MAIN-4c35e094,,,https://www.canada.ca/en/environment-climate-change/services/national-pollutant-release-inventory/tools-resources-data/exploredata.html
npri-3713-2023-7,2023,compa50ae012,NA - 02,kg,9.209928,,ON-MAIN-4c35e094,,,https://www.canada.ca/en/environment-climate-change/services/national-pollutant-release-inventory/tools-resources-data/exploredata.html
npri-3713-2023-8,2023,compa50ae012,56-55-3,kg,0.134628,,ON-MAIN-4c35e094,,,https://www.canada.ca/en/environment-climate-change/services/national-pollutant-release-inventory/tools-resources-data/exploredata.html
npri-3713-2023-9,2023,compa50ae012,71-43-2,tonnes,2.017041,,ON-MAIN-4c35e094,,,https://www.canada.ca/en/environment-climate-change/services/national-pollutant-release-inventory/tools-resources-data/exploredata.html
npri-3713-2023-10,2023,compa50ae012,50-32-8,kg,0.125366,,ON-MAIN-4c35e094,,,https://www.canada.ca/en/environment-climate-change/services/national-pollutant-release-inventory/tools-resources-data/exploredata.html
npri-3713-2023-11,2023,compa50ae012,205-99-2,kg,0.208645,,ON-MAIN-4c35e094,,,https://www.canada.ca/en/environment-climate-change/services/national-pollutant-release-inventory/tools-resources-data/exploredata.html
npri-3713-2023-12,2023,compa50ae012,192-97-2,kg,0.147256,,ON-MAIN-4c35e094,,,https://www.canada.ca/en/environment-climate-change/services/national-pollutant-release-inventory/tools-resources-data/exploredata.html
npri-3713-2023-13,2023,compa50ae012,191-24-2,kg,0.13661,,ON-MAIN-4c35e094,,,https://www.canada.ca/en/environment-climate-change/services/national-pollutant-release-inventory/tools-resources-data/exploredata.html
npri-3713-2023-14,2023,compa50ae012,NA - 03,kg,11.951175,,ON-MAIN-4c35e094,,,https://www.canada.ca/en/environment-climate-change/services/national-pollutant-release-inventory/tools-resources-data/exploredata.html
npri-3713-2023-15,2023,compa50ae012,630-08-0,tonnes,8069.05824,,ON-MAIN-4c35e094,,,https://www.canada.ca/en/environment-climate-change/services/national-pollutant-release-inventory/tools-resources-data/exploredata.html
npri-3713-2023-16,2023,compa50ae012,NA - 04,tonnes,0.156216,,ON-MAIN-4c35e094,,,https://www.canada.ca/en/environment-climate-change/services/national-pollutant-release-inventory/tools-resources-data/exploredata.html
npri-3713-2023-17,2023,compa50ae012,NA - 05,kg,4.831751,,ON-MAIN-4c35e094,,,https://www.canada.ca/en/environment-climate-change/services/national-pollutant-release-inventory/tools-resources-data/exploredata.html
npri-3713-2023-18,2023,compa50ae012,NA - 06,tonnes,0.091924,,ON-MAIN-4c35e094,,,https://www.canada.ca/en/environment-climate-change/services/national-pollutant-release-inventory/tools-resources-data/exploredata.html
npri-3713-2023-19,2023,compa50ae012,53-70-3,kg,0.16293,,ON-MAIN-4c35e094,,,https://www.canada.ca/en/environment-climate-change/services/national-pollutant-release-inventory/tools-resources-data/exploredata.html
npri-3713-2023-20,2023,compa50ae012,192-65-4,kg,0.019521,,ON-MAIN-4c35e094,,,https://www.canada.ca/en/environment-climate-change/services/national-pollutant-release-inventory/tools-resources-data/exploredata.html
npri-3713-2023-21,2023,compa50ae012,189-55-9,kg,0.154373,,ON-MAIN-4c35e094,,,https://www.canada.ca/en/environment-climate-change/services/national-pollutant-release-inventory/tools-resources-data/exploredata.html
npri-3713-2023-22,2023,compa50ae012,NA - D/F,g TEQ,0.059628,,ON-MAIN-4c35e094,,,https://www.canada.ca/en/environment-climate-change/services/national-pollutant-release-inventory/tools-resources-data/exploredata.html
npri-3713-2023-23,2023,compa50ae012,100-41-4,tonnes,0.029444,,ON-MAIN-4c35e094,,,https://www.canada.ca/en/environment-climate-change/services/national-pollutant-release-inventory/tools-resources-data/exploredata.html
npri-3713-2023-24,2023,compa50ae012,74-85-1,tonnes,3.558887,,ON-MAIN-4c35e094,,,https://www.canada.ca/en/environment-climate-change/services/national-pollutant-release-inventory/tools-resources-data/exploredata.html
npri-3713-2023-25,2023,compa50ae012,86-73-7,kg,2.248699,,ON-MAIN-4c35e094,,,https://www.canada.ca/en/environment-climate-change/services/national-pollutant-release-inventory/tools-resources-data/exploredata.html
npri-3713-2023-26,2023,compa50ae012,118-74-1,grams,40.355417,,ON-MAIN-4c35e094,,,https://www.canada.ca/en/environment-climate-change/services/national-pollutant-release-inventory/tools-resources-data/exploredata.html
npri-3713-2023-27,2023,compa50ae012,NA - 19,kg,3.158525,,ON-MAIN-4c35e094,,,https://www.canada.ca/en/environment-climate-change/services/national-pollutant-release-inventory/tools-resources-data/exploredata.html
npri-3713-2023-28,2023,compa50ae012,7647-01-0,tonnes,24.207258,,ON-MAIN-4c35e094,,,https://www.canada.ca/en/environment-climate-change/services/national-pollutant-release-inventory/tools-resources-data/exploredata.html
npri-3713-2023-29,2023,compa50ae012,7783-06-4,tonnes,8.53963,,ON-MAIN-4c35e094,,,https://www.canada.ca/en/environment-climate-change/services/national-pollutant-release-inventory/tools-resources-data/exploredata.html
npri-3713-2023-30,2023,compa50ae012,193-39-5,kg,0.14045,,ON-MAIN-4c35e094,,,https://www.canada.ca/en/environment-climate-change/services/national-pollutant-release-inventory/tools-resources-data/exploredata.html
npri-3713-2023-31,2023,compa50ae012,NA - 08,kg,213.262199,,ON-MAIN-4c35e094,,,https://www.canada.ca/en/environment-climate-change/services/national-pollutant-release-inventory/tools-resources-data/exploredata.html
npri-3713-2023-32,2023,compa50ae012,NA - 09,tonnes,3.181083,,ON-MAIN-4c35e094,,,https://www.canada.ca/en/environment-climate-change/services/national-pollutant-release-inventory/tools-resources-data/exploredata.html
npri-3713-2023-33,2023,compa50ae012,NA - 10,kg,58.158971,,ON-MAIN-4c35e094,,,https://www.canada.ca/en/environment-climate-change/services/national-pollutant-release-inventory/tools-resources-data/exploredata.html
npri-3713-2023-34,2023,compa50ae012,91-20-3,tonnes,0.061397,,ON-MAIN-4c35e094,,,https://www.canada.ca/en/environment-climate-change/services/national-pollutant-release-inventory/tools-resources-data/exploredata.html
npri-3713-2023-35,2023,compa50ae012,NA - 11,tonnes,0.059363,,ON-MAIN-4c35e094,,,https://www.canada.ca/en/environment-climate-change/services/national-pollutant-release-inventory/tools-resources-data/exploredata.html
npri-3713-2023-36,2023,compa50ae012,11104-93-1,tonnes,2647.91649,,ON-MAIN-4c35e094,,,https://www.canada.ca/en/environment-climate-change/services/national-pollutant-release-inventory/tools-resources-data/exploredata.html
npri-3713-2023-37,2023,compa50ae012,198-55-0,kg,0.050781,,ON-MAIN-4c35e094,,,https://www.canada.ca/en/environment-climate-change/services/national-pollutant-release-inventory/tools-resources-data/exploredata.html
npri-3713-2023-38,2023,compa50ae012,85-01-8,kg,8.780146,,ON-MAIN-4c35e094,,,https://www.canada.ca/en/environment-climate-change/services/national-pollutant-release-inventory/tools-resources-data/exploredata.html
npri-3713-2023-39,2023,compa50ae012,108-95-2,tonnes,1.401226,,ON-MAIN-4c35e094,,,https://www.canada.ca/en/environment-climate-change/services/national-pollutant-release-inventory/tools-resources-data/exploredata.html
npri-3713-2023-40,2023,compa50ae012,NA - 22,tonnes,0.87465,,ON-MAIN-4c35e094,,,https://www.canada.ca/en/environment-climate-change/services/national-pollutant-release-inventory/tools-resources-data/exploredata.html
npri-3713-2023-41,2023,compa50ae012,NA - M09,tonnes,511.49425,,ON-MAIN-4c35e094,,,https://www.canada.ca/en/environment-climate-change/services/national-pollutant-release-inventory/tools-resources-data/exploredata.html
npri-3713-2023-42,2023,compa50ae012,NA - M10,tonnes,436.256332,,ON-MAIN-4c35e094,,,https://www.canada.ca/en/environment-climate-change/services/national-pollutant-release-inventory/tools-resources-data/exploredata.html
npri-3713-2023-43,2023,compa50ae012,129-00-0,kg,0.59082,,ON-MAIN-4c35e094,,,https://www.canada.ca/en/environment-climate-change/services/national-pollutant-release-inventory/tools-resources-data/exploredata.html
npri-3713-2023-44,2023,compa50ae012,NA - 12,kg,6.725386,,ON-MAIN-4c35e094,,,https://www.canada.ca/en/environment-climate-change/services/national-pollutant-release-inventory/tools-resources-data/exploredata.html
npri-3713-2023-45,2023,compa50ae012,100-42-5,tonnes,0.003902,,ON-MAIN-4c35e094,,,https://www.canada.ca/en/environment-climate-change/services/national-pollutant-release-inventory/tools-resources-data/exploredata.html
npri-3713-2023-46,2023,compa50ae012,7446-09-5,tonnes,5017.201749,,ON-MAIN-4c35e094,,,https://www.canada.ca/en/environment-climate-change/services/national-pollutant-release-inventory/tools-resources-data/exploredata.html
npri-3713-2023-47,2023,compa50ae012,7664-93-9,tonnes,0.066925,,ON-MAIN-4c35e094,,,https://www.canada.ca/en/environment-climate-change/services/national-pollutant-release-inventory/tools-resources-data/exploredata.html
npri-3713-2023-48,2023,compa50ae012,NA - 37,kg,24.818964,,ON-MAIN-4c35e094,,,https://www.canada.ca/en/environment-climate-change/services/national-pollutant-release-inventory/tools-resources-data/exploredata.html
npri-3713-2023-49,2023,compa50ae012,108-88-3,tonnes,0.245054,,ON-MAIN-4c35e094,,,https://www.canada.ca/en/environment-climate-change/services/national-pollutant-release-inventory/tools-resources-data/exploredata.html
npri-3713-2023-50,2023,compa50ae012,NA - M08,tonnes,727.504189,,ON-MAIN-4c35e094,,,https://www.canada.ca/en/environment-climate-change/services/national-pollutant-release-inventory/tools-resources-data/exploredata.html
npri-3713-2023-51,2023,compa50ae012,NA - M14,tonnes,8.933556,,ON-MAIN-4c35e094,,,https://www.canada.ca/en/environment-climate-change/services/national-pollutant-release-inventory/tools-resources-data/exploredata.html
npri-3713-2023-52,2023,compa50ae012,NA - 40,tonnes,0.035203,,ON-MAIN-4c35e094,,,https://www.canada.ca/en/environment-climate-change/services/national-pollutant-release-inventory/tools-resources-data/exploredata.html
npri-3713-2023-53,2023,compa50ae012,NA - M16,tonnes,76.565154,,ON-MAIN-4c35e094,,,https://www.canada.ca/en/environment-climate-change/services/national-pollutant-release-inventory/tools-resources-data/exploredata.html
npri-3713-2023-54,2023,compa50ae012,1330-20-7,tonnes,0.067207,,ON-MAIN-4c35e094,,,https://www.canada.ca/en/environment-climate-change/services/national-pollutant-release-inventory/tools-resources-data/exploredata.html
npri-3713-2023-55,2023,compa50ae012,NA - 14,tonnes,5.865248,,ON-MAIN-4c35e094,,,https://www.canada.ca/en/environment-climate-change/services/national-pollutant-release-inventory/tools-resources-data/exploredata.html
npri-4782-2023-1,2023,compa50ae012,208-96-8,kg,0.73,,QC-MAIN-eac5a52b,,,https://www.canada.ca/en/environment-climate-change/services/national-pollutant-release-inventory/tools-resources-data/exploredata.html
npri-4782-2023-2,2023,compa50ae012,120-12-7,kg,0.00219,,QC-MAIN-eac5a52b,,,https://www.canada.ca/en/environment-climate-change/services/national-pollutant-release-inventory/tools-resources-data/exploredata.html
npri-4782-2023-3,2023,compa50ae012,50-32-8,kg,0.12,,QC-MAIN-eac5a52b,,,https://www.canada.ca/en/environment-climate-change/services/national-pollutant-release-inventory/tools-resources-data/exploredata.html
npri-4782-2023-4,2023,compa50ae012,630-08-0,tonnes,28450.061,,QC-MAIN-eac5a52b,,,https://www.canada.ca/en/environment-climate-change/services/national-pollutant-release-inventory/tools-resources-data/exploredata.html
npri-4782-2023-5,2023,compa50ae012,463-58-1,tonnes,170.49,,QC-MAIN-eac5a52b,,,https://www.canada.ca/en/environment-climate-change/services/national-pollutant-release-inventory/tools-resources-data/exploredata.html
npri-4782-2023-6,2023,compa50ae012,74-85-1,tonnes,1.3415,,QC-MAIN-eac5a52b,,,https://www.canada.ca/en/environment-climate-change/services/national-pollutant-release-inventory/tools-resources-data/exploredata.html
npri-4782-2023-7,2023,compa50ae012,206-44-0,kg,4.43,,QC-MAIN-eac5a52b,,,https://www.canada.ca/en/environment-climate-change/services/national-pollutant-release-inventory/tools-resources-data/exploredata.html
npri-4782-2023-8,2023,compa50ae012,86-73-7,kg,6.01,,QC-MAIN-eac5a52b,,,https://www.canada.ca/en/environment-climate-change/services/national-pollutant-release-inventory/tools-resources-data/exploredata.html
npri-4782-2023-9,2023,compa50ae012,7664-39-3,tonnes,19.62,,QC-MAIN-eac5a52b,,,https://www.canada.ca/en/environment-climate-change/services/national-pollutant-release-inventory/tools-resources-data/exploredata.html
npri-4782-2023-10,2023,compa50ae012,110-54-3,tonnes,0.1511,,QC-MAIN-eac5a52b,,,https://www.canada.ca/en/environment-climate-change/services/national-pollutant-release-inventory/tools-resources-data/exploredata.html
npri-4782-2023-11,2023,compa50ae012,11104-93-1,tonnes,29.072,,QC-MAIN-eac5a52b,,,https://www.canada.ca/en/environment-climate-change/services/national-pollutant-release-inventory/tools-resources-data/exploredata.html
npri-4782-2023-12,2023,compa50ae012,85-01-8,kg,18.6,,QC-MAIN-eac5a52b,,,https://www.canada.ca/en/environment-climate-change/services/national-pollutant-release-inventory/tools-resources-data/exploredata.html
npri-4782-2023-13,2023,compa50ae012,NA - M09,tonnes,55.313,,QC-MAIN-eac5a52b,,,https://www.canada.ca/en/environment-climate-change/services/national-pollutant-release-inventory/tools-resources-data/exploredata.html
npri-4782-2023-14,2023,compa50ae012,NA - M10,tonnes,46.522,,QC-MAIN-eac5a52b,,,https://www.canada.ca/en/environment-climate-change/services/national-pollutant-release-inventory/tools-resources-data/exploredata.html
npri-4782-2023-15,2023,compa50ae012,129-00-0,kg,6.16,,QC-MAIN-eac5a52b,,,https://www.canada.ca/en/environment-climate-change/services/national-pollutant-release-inventory/tools-resources-data/exploredata.html
npri-4782-2023-16,2023,compa50ae012,100-42-5,tonnes,0.0932,,QC-MAIN-eac5a52b,,,https://www.canada.ca/en/environment-climate-change/services/national-pollutant-release-inventory/tools-resources-data/exploredata.html
npri-4782-2023-17,2023,compa50ae012,7446-09-5,tonnes,4516.523,,QC-MAIN-eac5a52b,,,https://www.canada.ca/en/environment-climate-change/services/national-pollutant-release-inventory/tools-resources-data/exploredata.html
npri-4782-2023-18,2023,compa50ae012,108-88-3,tonnes,0.362,,QC-MAIN-eac5a52b,,,https://www.canada.ca/en/environment-climate-change/services/national-pollutant-release-inventory/tools-resources-data/exploredata.html
npri-4782-2023-19,2023,compa50ae012,NA - M08,tonnes,66.567,,QC-MAIN-eac5a52b,,,https://www.canada.ca/en/environment-climate-change/services/national-pollutant-release-inventory/tools-resources-data/exploredata.html
npri-4782-2023-20,2023,compa50ae012,NA - M14,tonnes,96.67,,QC-MAIN-eac5a52b,,,https://www.canada.ca/en/environment-climate-change/services/national-pollutant-release-inventory/tools-resources-data/exploredata.html
npri-4782-2023-21,2023,compa50ae012,NA - M16,tonnes,34.312,,QC-MAIN-eac5a52b,,,https://www.canada.ca/en/environment-climate-change/services/national-pollutant-release-inventory/tools-resources-data/exploredata.html
npri-6344-2023-1,2023,compa50ae012,630-08-0,tonnes,68.85,,QC-MAIN-5398dfac,,,https://www.canada.ca/en/environment-climate-change/services/national-pollutant-release-inventory/tools-resources-data/exploredata.html
npri-6344-2023-2,2023,compa50ae012,11104-93-1,tonnes,155.83,,QC-MAIN-5398dfac,,,https://www.canada.ca/en/environment-climate-change/services/national-pollutant-release-inventory/tools-resources-data/exploredata.html
npri-6344-2023-3,2023,compa50ae012,NA - M09,tonnes,17.76,,QC-MAIN-5398dfac,,,https://www.canada.ca/en/environment-climate-change/services/national-pollutant-release-inventory/tools-resources-data/exploredata.html
npri-6344-2023-4,2023,compa50ae012,NA - M10,tonnes,13.81,,QC-MAIN-5398dfac,,,https://www.canada.ca/en/environment-climate-change/services/national-pollutant-release-inventory/tools-resources-data/exploredata.html
npri-6344-2023-5,2023,compa50ae012,7446-09-5,tonnes,466.32,,QC-MAIN-5398dfac,,,https://www.canada.ca/en/environment-climate-change/services/national-pollutant-release-inventory/tools-resources-data/exploredata.html
npri-6344-2023-6,2023,compa50ae012,NA - M08,tonnes,24.66,,QC-MAIN-5398dfac,,,https://www.canada.ca/en/environment-climate-change/services/national-pollutant-release-inventory/tools-resources-data/exploredata.html
npri-2740-2023-1,2023,compa50ae012,208-96-8,kg,69.3983,,SK-MAIN-26b9aaf3,,,https://www.canada.ca/en/environment-climate-change/services/national-pollutant-release-inventory/tools-resources-data/exploredata.html
npri-2740-2023-2,2023,compa50ae012,120-12-7,kg,4.7557,,SK-MAIN-26b9aaf3,,,https://www.canada.ca/en/environment-climate-change/services/national-pollutant-release-inventory/tools-resources-data/exploredata.html
npri-2740-2023-3,2023,compa50ae012,NA - 02,kg,6.4994,,SK-MAIN-26b9aaf3,,,https://www.canada.ca/en/environment-climate-change/services/national-pollutant-release-inventory/tools-resources-data/exploredata.html
npri-2740-2023-4,2023,compa50ae012,192-97-2,kg,1.2132,,SK-MAIN-26b9aaf3,,,https://www.canada.ca/en/environment-climate-change/services/national-pollutant-release-inventory/tools-resources-data/exploredata.html
npri-2740-2023-5,2023,compa50ae012,191-24-2,kg,2.3068,,SK-MAIN-26b9aaf3,,,https://www.canada.ca/en/environment-climate-change/services/national-pollutant-release-inventory/tools-resources-data/exploredata.html
npri-2740-2023-6,2023,compa50ae012,NA - 03,kg,54.0331,,SK-MAIN-26b9aaf3,,,https://www.canada.ca/en/environment-climate-change/services/national-pollutant-release-inventory/tools-resources-data/exploredata.html
npri-2740-2023-7,2023,compa50ae012,630-08-0,tonnes,1022.0766,,SK-MAIN-26b9aaf3,,,https://www.canada.ca/en/environment-climate-change/services/national-pollutant-release-inventory/tools-resources-data/exploredata.html
npri-2740-2023-8,2023,compa50ae012,218-01-9,kg,1.8401,,SK-MAIN-26b9aaf3,,,https://www.canada.ca/en/environment-climate-change/services/national-pollutant-release-inventory/tools-resources-data/exploredata.html
npri-2740-2023-9,2023,compa50ae012,NA - 05,kg,3.2354,,SK-MAIN-26b9aaf3,,,https://www.canada.ca/en/environment-climate-change/services/national-pollutant-release-inventory/tools-resources-data/exploredata.html
npri-2740-2023-10,2023,compa50ae012,NA - D/F,g TEQ,2.42043,,SK-MAIN-26b9aaf3,,,https://www.canada.ca/en/environment-climate-change/services/national-pollutant-release-inventory/tools-resources-data/exploredata.html
npri-2740-2023-11,2023,compa50ae012,206-44-0,kg,29.7652,,SK-MAIN-26b9aaf3,,,https://www.canada.ca/en/environment-climate-change/services/national-pollutant-release-inventory/tools-resources-data/exploredata.html
npri-2740-2023-12,2023,compa50ae012,86-73-7,kg,16.0566,,SK-MAIN-26b9aaf3,,,https://www.canada.ca/en/environment-climate-change/services/national-pollutant-release-inventory/tools-resources-data/exploredata.html
npri-2740-2023-13,2023,compa50ae012,118-74-1,grams,354.7743,,SK-MAIN-26b9aaf3,,,https://www.canada.ca/en/environment-climate-change/services/national-pollutant-release-inventory/tools-resources-data/exploredata.html
npri-2740-2023-14,2023,compa50ae012,NA - 19,kg,0.0201,,SK-MAIN-26b9aaf3,,,https://www.canada.ca/en/environment-climate-change/services/national-pollutant-release-inventory/tools-resources-data/exploredata.html
npri-2740-2023-15,2023,compa50ae012,NA - 08,kg,420.9951,,SK-MAIN-26b9aaf3,,,https://www.canada.ca/en/environment-climate-change/services/national-pollutant-release-inventory/tools-resources-data/exploredata.html
npri-2740-2023-16,2023,compa50ae012,NA - 10,kg,78.3921,,SK-MAIN-26b9aaf3,,,https://www.canada.ca/en/environment-climate-change/services/national-pollutant-release-inventory/tools-resources-data/exploredata.html
npri-2740-2023-17,2023,compa50ae012,11104-93-1,tonnes,389.1237,,SK-MAIN-26b9aaf3,,,https://www.canada.ca/en/environment-climate-change/services/national-pollutant-release-inventory/tools-resources-data/exploredata.html
npri-2740-2023-18,2023,compa50ae012,85-01-8,kg,58.6934,,SK-MAIN-26b9aaf3,,,https://www.canada.ca/en/environment-climate-change/services/national-pollutant-release-inventory/tools-resources-data/exploredata.html
npri-2740-2023-19,2023,compa50ae012,NA - M09,tonnes,83.255,,SK-MAIN-26b9aaf3,,,https://www.canada.ca/en/environment-climate-change/services/national-pollutant-release-inventory/tools-resources-data/exploredata.html
npri-2740-2023-20,2023,compa50ae012,NA - M10,tonnes,55.794,,SK-MAIN-26b9aaf3,,,https://www.canada.ca/en/environment-climate-change/services/national-pollutant-release-inventory/tools-resources-data/exploredata.html
npri-2740-2023-21,2023,compa50ae012,129-00-0,kg,28.3672,,SK-MAIN-26b9aaf3,,,https://www.canada.ca/en/environment-climate-change/services/national-pollutant-release-inventory/tools-resources-data/exploredata.html
npri-2740-2023-22,2023,compa50ae012,91-22-5,kg,7.9606,,SK-MAIN-26b9aaf3,,,https://www.canada.ca/en/environment-climate-change/services/national-pollutant-release-inventory/tools-resources-data/exploredata.html
npri-2740-2023-23,2023,compa50ae012,NA - 12,kg,0.4644,,SK-MAIN-26b9aaf3,,,https://www.canada.ca/en/environment-climate-change/services/national-pollutant-release-inventory/tools-resources-data/exploredata.html
npri-2740-2023-24,2023,compa50ae012,7446-09-5,tonnes,200.7253,,SK-MAIN-26b9aaf3,,,https://www.canada.ca/en/environment-climate-change/services/national-pollutant-release-inventory/tools-resources-data/exploredata.html
npri-2740-2023-25,2023,compa50ae012,NA - M08,tonnes,111.0093,,SK-MAIN-26b9aaf3,,,https://www.canada.ca/en/environment-climate-change/services/national-pollutant-release-inventory/tools-resources-data/exploredata.html
npri-2740-2023-26,2023,compa50ae012,NA - M16,tonnes,9.517,,SK-MAIN-26b9aaf3,,,https://www.canada.ca/en/environment-climate-change/services/national-pollutant-release-inventory/tools-resources-data/exploredata.html
npri-2740-2023-27,2023,compa50ae012,NA - 14,tonnes,4.416,,SK-MAIN-26b9aaf3,,,https://www.canada.ca/en/environment-climate-change/services/national-pollutant-release-inventory/tools-resources-data/exploredata.html
npri-3824-2023-1,2023,compa50ae012,NA - 02,kg,1.696,,ON-MAIN-21b6ab35,,,https://www.canada.ca/en/environment-climate-change/services/national-pollutant-release-inventory/tools-resources-data/exploredata.html
npri-3824-2023-2,2023,compa50ae012,NA - 03,kg,13.5876,,ON-MAIN-21b6ab35,,,https://www.canada.ca/en/environment-climate-change/services/national-pollutant-release-inventory/tools-resources-data/exploredata.html
npri-1651-2023-1,2023,compa50ae012,630-08-0,tonnes,354.15888,,MB-MAIN-b4ca1426,,,https://www.canada.ca/en/environment-climate-change/services/national-pollutant-release-inventory/tools-resources-data/exploredata.html
npri-3824-2023-3,2023,compa50ae012,630-08-0,tonnes,248.9104,,ON-MAIN-21b6ab35,,,https://www.canada.ca/en/environment-climate-change/services/national-pollutant-release-inventory/tools-resources-data/exploredata.html
npri-1651-2023-2,2023,compa50ae012,NA - D/F,g TEQ,0.346574,,MB-MAIN-b4ca1426,,,https://www.canada.ca/en/environment-climate-change/services/national-pollutant-release-inventory/tools-resources-data/exploredata.html
npri-3824-2023-4,2023,compa50ae012,NA - D/F,g TEQ,0.315157,,ON-MAIN-21b6ab35,,,https://www.canada.ca/en/environment-climate-change/services/national-pollutant-release-inventory/tools-resources-data/exploredata.html
npri-1651-2023-3,2023,compa50ae012,118-74-1,grams,282.208,,MB-MAIN-b4ca1426,,,https://www.canada.ca/en/environment-climate-change/services/national-pollutant-release-inventory/tools-resources-data/exploredata.html
npri-3824-2023-5,2023,compa50ae012,118-74-1,grams,77.0455,,ON-MAIN-21b6ab35,,,https://www.canada.ca/en/environment-climate-change/services/national-pollutant-release-inventory/tools-resources-data/exploredata.html
npri-1651-2023-4,2023,compa50ae012,NA - 08,kg,176.68039,,MB-MAIN-b4ca1426,,,https://www.canada.ca/en/environment-climate-change/services/national-pollutant-release-inventory/tools-resources-data/exploredata.html
npri-3824-2023-6,2023,compa50ae012,NA - 08,kg,173.2263,,ON-MAIN-21b6ab35,,,https://www.canada.ca/en/environment-climate-change/services/national-pollutant-release-inventory/tools-resources-data/exploredata.html
npri-1651-2023-5,2023,compa50ae012,NA - 09,tonnes,0.6932,,MB-MAIN-b4ca1426,,,https://www.canada.ca/en/environment-climate-change/services/national-pollutant-release-inventory/tools-resources-data/exploredata.html
npri-3824-2023-7,2023,compa50ae012,NA - 09,tonnes,0.4118,,ON-MAIN-21b6ab35,,,https://www.canada.ca/en/environment-climate-change/services/national-pollutant-release-inventory/tools-resources-data/exploredata.html
npri-1651-2023-6,2023,compa50ae012,NA - 10,kg,17.09655,,MB-MAIN-b4ca1426,,,https://www.canada.ca/en/environment-climate-change/services/national-pollutant-release-inventory/tools-resources-data/exploredata.html
npri-3824-2023-8,2023,compa50ae012,NA - 10,kg,48.209,,ON-MAIN-21b6ab35,,,https://www.canada.ca/en/environment-climate-change/services/national-pollutant-release-inventory/tools-resources-data/exploredata.html
npri-1651-2023-7,2023,compa50ae012,11104-93-1,tonnes,113.57368,,MB-MAIN-b4ca1426,,,https://www.canada.ca/en/environment-climate-change/services/national-pollutant-release-inventory/tools-resources-data/exploredata.html
npri-3824-2023-9,2023,compa50ae012,11104-93-1,tonnes,91.0155,,ON-MAIN-21b6ab35,,,https://www.canada.ca/en/environment-climate-change/services/national-pollutant-release-inventory/tools-resources-data/exploredata.html
npri-1651-2023-8,2023,compa50ae012,NA - M09,tonnes,11.00455,,MB-MAIN-b4ca1426,,,https://www.canada.ca/en/environment-climate-change/services/national-pollutant-release-inventory/tools-resources-data/exploredata.html
npri-3824-2023-10,2023,compa50ae012,NA - M09,tonnes,30.7487,,ON-MAIN-21b6ab35,,,https://www.canada.ca/en/environment-climate-change/services/national-pollutant-release-inventory/tools-resources-data/exploredata.html
npri-4169-2023-1,2023,compa50ae012,NA - M09,tonnes,0.976,,ON-MAIN-bddeaef0,,,https://www.canada.ca/en/environment-climate-change/services/national-pollutant-release-inventory/tools-resources-data/exploredata.html
npri-1651-2023-9,2023,compa50ae012,NA - M10,tonnes,11.00455,,MB-MAIN-b4ca1426,,,https://www.canada.ca/en/environment-climate-change/services/national-pollutant-release-inventory/tools-resources-data/exploredata.html
npri-3824-2023-11,2023,compa50ae012,NA - M10,tonnes,28.8656,,ON-MAIN-21b6ab35,,,https://www.canada.ca/en/environment-climate-change/services/national-pollutant-release-inventory/tools-resources-data/exploredata.html
npri-4169-2023-2,2023,compa50ae012,NA - M10,tonnes,0.976,,ON-MAIN-bddeaef0,,,https://www.canada.ca/en/environment-climate-change/services/national-pollutant-release-inventory/tools-resources-data/exploredata.html
npri-1651-2023-10,2023,compa50ae012,NA - 12,kg,4.30993,,MB-MAIN-b4ca1426,,,https://www.canada.ca/en/environment-climate-change/services/national-pollutant-release-inventory/tools-resources-data/exploredata.html
npri-1651-2023-11,2023,compa50ae012,7446-09-5,tonnes,78.78146,,MB-MAIN-b4ca1426,,,https://www.canada.ca/en/environment-climate-change/services/national-pollutant-release-inventory/tools-resources-data/exploredata.html
npri-3824-2023-12,2023,compa50ae012,7446-09-5,tonnes,92.1227,,ON-MAIN-21b6ab35,,,https://www.canada.ca/en/environment-climate-change/services/national-pollutant-release-inventory/tools-resources-data/exploredata.html
npri-1651-2023-12,2023,compa50ae012,NA - M08,tonnes,24.69232,,MB-MAIN-b4ca1426,,,https://www.canada.ca/en/environment-climate-change/services/national-pollutant-release-inventory/tools-resources-data/exploredata.html
npri-3824-2023-13,2023,compa50ae012,NA - M08,tonnes,43.3091,,ON-MAIN-21b6ab35,,,https://www.canada.ca/en/environment-climate-change/services/national-pollutant-release-inventory/tools-resources-data/exploredata.html
npri-1651-2023-13,2023,compa50ae012,NA - M16,tonnes,26.97587,,MB-MAIN-b4ca1426,,,https://www.canada.ca/en/environment-climate-change/services/national-pollutant-release-inventory/tools-resources-data/exploredata.html
npri-1651-2023-14,2023,compa50ae012,NA - 14,tonnes,1.58901,,MB-MAIN-b4ca1426,,,https://www.canada.ca/en/environment-climate-change/services/national-pollutant-release-inventory/tools-resources-data/exploredata.html
npri-3824-2023-14,2023,compa50ae012,NA - 14,tonnes,3.8048,,ON-MAIN-21b6ab35,,,https://www.canada.ca/en/environment-climate-change/services/national-pollutant-release-inventory/tools-resources-data/exploredata.html
npri-3623-2023-1,2023,compa50ae012,NA - 01,tonnes,0.4491,,QC-MAIN-30c1828c,,,https://www.canada.ca/en/environment-climate-change/services/national-pollutant-release-inventory/tools-resources-data/exploredata.html
npri-3916-2023-1,2023,compa50ae012,NA - 01,tonnes,0.00207,,QC-MAIN-529c96b4,,,https://www.canada.ca/en/environment-climate-change/services/national-pollutant-release-inventory/tools-resources-data/exploredata.html
npri-1236-2023-1,2023,compa50ae012,NA - 02,kg,95.9293,,ON-MAIN-40ce0593,,,https://www.canada.ca/en/environment-climate-change/services/national-pollutant-release-inventory/tools-resources-data/exploredata.html
npri-3623-2023-2,2023,compa50ae012,NA - 02,kg,10027.0319,,QC-MAIN-30c1828c,,,https://www.canada.ca/en/environment-climate-change/services/national-pollutant-release-inventory/tools-resources-data/exploredata.html
npri-3916-2023-2,2023,compa50ae012,NA - 02,kg,10.35,,QC-MAIN-529c96b4,,,https://www.canada.ca/en/environment-climate-change/services/national-pollutant-release-inventory/tools-resources-data/exploredata.html
npri-1236-2023-2,2023,compa50ae012,NA - 03,kg,862.3925,,ON-MAIN-40ce0593,,,https://www.canada.ca/en/environment-climate-change/services/national-pollutant-release-inventory/tools-resources-data/exploredata.html
npri-3623-2023-3,2023,compa50ae012,NA - 03,kg,546.1849,,QC-MAIN-30c1828c,,,https://www.canada.ca/en/environment-climate-change/services/national-pollutant-release-inventory/tools-resources-data/exploredata.html
npri-3916-2023-3,2023,compa50ae012,NA - 03,kg,0.3291,,QC-MAIN-529c96b4,,,https://www.canada.ca/en/environment-climate-change/services/national-pollutant-release-inventory/tools-resources-data/exploredata.html
npri-1236-2023-3,2023,compa50ae012,630-08-0,tonnes,1354.3449,,ON-MAIN-40ce0593,,,https://www.canada.ca/en/environment-climate-change/services/national-pollutant-release-inventory/tools-resources-data/exploredata.html
npri-3623-2023-4,2023,compa50ae012,630-08-0,tonnes,100.2535,,QC-MAIN-30c1828c,,,https://www.canada.ca/en/environment-climate-change/services/national-pollutant-release-inventory/tools-resources-data/exploredata.html
npri-3916-2023-4,2023,compa50ae012,630-08-0,tonnes,38.021,,QC-MAIN-529c96b4,,,https://www.canada.ca/en/environment-climate-change/services/national-pollutant-release-inventory/tools-resources-data/exploredata.html
npri-1236-2023-4,2023,compa50ae012,NA - 04,tonnes,0.2093,,ON-MAIN-40ce0593,,,https://www.canada.ca/en/environment-climate-change/services/national-pollutant-release-inventory/tools-resources-data/exploredata.html
npri-3623-2023-5,2023,compa50ae012,NA - 04,tonnes,0.3496,,QC-MAIN-30c1828c,,,https://www.canada.ca/en/environment-climate-change/services/national-pollutant-release-inventory/tools-resources-data/exploredata.html
npri-3916-2023-5,2023,compa50ae012,NA - 04,tonnes,0.00564,,QC-MAIN-529c96b4,,,https://www.canada.ca/en/environment-climate-change/services/national-pollutant-release-inventory/tools-resources-data/exploredata.html
npri-1236-2023-5,2023,compa50ae012,NA - 05,kg,989.1676,,ON-MAIN-40ce0593,,,https://www.canada.ca/en/environment-climate-change/services/national-pollutant-release-inventory/tools-resources-data/exploredata.html
npri-3623-2023-6,2023,compa50ae012,NA - 05,kg,11.4058,,QC-MAIN-30c1828c,,,https://www.canada.ca/en/environment-climate-change/services/national-pollutant-release-inventory/tools-resources-data/exploredata.html
npri-3916-2023-6,2023,compa50ae012,NA - 05,kg,0.5954,,QC-MAIN-529c96b4,,,https://www.canada.ca/en/environment-climate-change/services/national-pollutant-release-inventory/tools-resources-data/exploredata.html
npri-1236-2023-6,2023,compa50ae012,NA - 06,tonnes,5.1554,,ON-MAIN-40ce0593,,,https://www.canada.ca/en/environment-climate-change/services/national-pollutant-release-inventory/tools-resources-data/exploredata.html
npri-3623-2023-7,2023,compa50ae012,NA - 06,tonnes,66.7719,,QC-MAIN-30c1828c,,,https://www.canada.ca/en/environment-climate-change/services/national-pollutant-release-inventory/tools-resources-data/exploredata.html
npri-3916-2023-7,2023,compa50ae012,NA - 06,tonnes,0.08174,,QC-MAIN-529c96b4,,,https://www.canada.ca/en/environment-climate-change/services/national-pollutant-release-inventory/tools-resources-data/exploredata.html
npri-1236-2023-7,2023,compa50ae012,NA - D/F,g TEQ,0.092528,,ON-MAIN-40ce0593,,,https://www.canada.ca/en/environment-climate-change/services/national-pollutant-release-inventory/tools-resources-data/exploredata.html
npri-3623-2023-8,2023,compa50ae012,NA - D/F,g TEQ,0.0677,,QC-MAIN-30c1828c,,,https://www.canada.ca/en/environment-climate-change/services/national-pollutant-release-inventory/tools-resources-data/exploredata.html
npri-3916-2023-8,2023,compa50ae012,NA - D/F,g TEQ,0.00062,,QC-MAIN-529c96b4,,,https://www.canada.ca/en/environment-climate-change/services/national-pollutant-release-inventory/tools-resources-data/exploredata.html
npri-3623-2023-9,2023,compa50ae012,7782-41-4,tonnes,1.7725,,QC-MAIN-30c1828c,,,https://www.canada.ca/en/environment-climate-change/services/national-pollutant-release-inventory/tools-resources-data/exploredata.html
npri-1236-2023-8,2023,compa50ae012,118-74-1,grams,382.9089,,ON-MAIN-40ce0593,,,https://www.canada.ca/en/environment-climate-change/services/national-pollutant-release-inventory/tools-resources-data/exploredata.html
npri-3623-2023-10,2023,compa50ae012,118-74-1,grams,96.5727,,QC-MAIN-30c1828c,,,https://www.canada.ca/en/environment-climate-change/services/national-pollutant-release-inventory/tools-resources-data/exploredata.html
npri-1236-2023-9,2023,compa50ae012,7647-01-0,tonnes,123.6286,,ON-MAIN-40ce0593,,,https://www.canada.ca/en/environment-climate-change/services/national-pollutant-release-inventory/tools-resources-data/exploredata.html
npri-3916-2023-9,2023,compa50ae012,7647-01-0,tonnes,0.58272,,QC-MAIN-529c96b4,,,https://www.canada.ca/en/environment-climate-change/services/national-pollutant-release-inventory/tools-resources-data/exploredata.html
npri-1236-2023-10,2023,compa50ae012,7664-39-3,tonnes,61.4701,,ON-MAIN-40ce0593,,,https://www.canada.ca/en/environment-climate-change/services/national-pollutant-release-inventory/tools-resources-data/exploredata.html
npri-1236-2023-11,2023,compa50ae012,NA - 08,kg,2222.1466,,ON-MAIN-40ce0593,,,https://www.canada.ca/en/environment-climate-change/services/national-pollutant-release-inventory/tools-resources-data/exploredata.html
npri-3623-2023-11,2023,compa50ae012,NA - 08,kg,49660.4769,,QC-MAIN-30c1828c,,,https://www.canada.ca/en/environment-climate-change/services/national-pollutant-release-inventory/tools-resources-data/exploredata.html
npri-3916-2023-10,2023,compa50ae012,NA - 08,kg,312.874,,QC-MAIN-529c96b4,,,https://www.canada.ca/en/environment-climate-change/services/national-pollutant-release-inventory/tools-resources-data/exploredata.html
npri-1236-2023-12,2023,compa50ae012,NA - 09,tonnes,0.2792,,ON-MAIN-40ce0593,,,https://www.canada.ca/en/environment-climate-change/services/national-pollutant-release-inventory/tools-resources-data/exploredata.html
npri-3623-2023-12,2023,compa50ae012,NA - 09,tonnes,0.1809,,QC-MAIN-30c1828c,,,https://www.canada.ca/en/environment-climate-change/services/national-pollutant-release-inventory/tools-resources-data/exploredata.html
npri-1236-2023-13,2023,compa50ae012,NA - 10,kg,36.7441,,ON-MAIN-40ce0593,,,https://www.canada.ca/en/environment-climate-change/services/national-pollutant-release-inventory/tools-resources-data/exploredata.html
npri-3623-2023-13,2023,compa50ae012,NA - 10,kg,23.6329,,QC-MAIN-30c1828c,,,https://www.canada.ca/en/environment-climate-change/services/national-pollutant-release-inventory/tools-resources-data/exploredata.html
npri-3916-2023-11,2023,compa50ae012,NA - 10,kg,1.09,,QC-MAIN-529c96b4,,,https://www.canada.ca/en/environment-climate-change/services/national-pollutant-release-inventory/tools-resources-data/exploredata.html
npri-1236-2023-14,2023,compa50ae012,NA - 11,tonnes,12.0937,,ON-MAIN-40ce0593,,,https://www.canada.ca/en/environment-climate-change/services/national-pollutant-release-inventory/tools-resources-data/exploredata.html
npri-3623-2023-14,2023,compa50ae012,NA - 11,tonnes,0.7055,,QC-MAIN-30c1828c,,,https://www.canada.ca/en/environment-climate-change/services/national-pollutant-release-inventory/tools-resources-data/exploredata.html
npri-3916-2023-12,2023,compa50ae012,NA - 11,tonnes,0.01523,,QC-MAIN-529c96b4,,,https://www.canada.ca/en/environment-climate-change/services/national-pollutant-release-inventory/tools-resources-data/exploredata.html
npri-1236-2023-15,2023,compa50ae012,11104-93-1,tonnes,90.2346,,ON-MAIN-40ce0593,,,https://www.canada.ca/en/environment-climate-change/services/national-pollutant-release-inventory/tools-resources-data/exploredata.html
npri-3623-2023-15,2023,compa50ae012,11104-93-1,tonnes,51.1721,,QC-MAIN-30c1828c,,,https://www.canada.ca/en/environment-climate-change/services/national-pollutant-release-inventory/tools-resources-data/exploredata.html
npri-3916-2023-13,2023,compa50ae012,11104-93-1,tonnes,52.1919,,QC-MAIN-529c96b4,,,https://www.canada.ca/en/environment-climate-change/services/national-pollutant-release-inventory/tools-resources-data/exploredata.html
npri-1236-2023-16,2023,compa50ae012,NA - 22,tonnes,1.4155,,ON-MAIN-40ce0593,,,https://www.canada.ca/en/environment-climate-change/services/national-pollutant-release-inventory/tools-resources-data/exploredata.html
npri-1236-2023-17,2023,compa50ae012,NA - M09,tonnes,126.8796,,ON-MAIN-40ce0593,,,https://www.canada.ca/en/environment-climate-change/services/national-pollutant-release-inventory/tools-resources-data/exploredata.html
npri-3623-2023-16,2023,compa50ae012,NA - M09,tonnes,261.5801,,QC-MAIN-30c1828c,,,https://www.canada.ca/en/environment-climate-change/services/national-pollutant-release-inventory/tools-resources-data/exploredata.html
npri-3916-2023-14,2023,compa50ae012,NA - M09,tonnes,0.85897,,QC-MAIN-529c96b4,,,https://www.canada.ca/en/environment-climate-change/services/national-pollutant-release-inventory/tools-resources-data/exploredata.html
npri-1236-2023-18,2023,compa50ae012,NA - M10,tonnes,109.1828,,ON-MAIN-40ce0593,,,https://www.canada.ca/en/environment-climate-change/services/national-pollutant-release-inventory/tools-resources-data/exploredata.html
npri-3623-2023-17,2023,compa50ae012,NA - M10,tonnes,241.5769,,QC-MAIN-30c1828c,,,https://www.canada.ca/en/environment-climate-change/services/national-pollutant-release-inventory/tools-resources-data/exploredata.html
npri-3916-2023-15,2023,compa50ae012,NA - M10,tonnes,0.85897,,QC-MAIN-529c96b4,,,https://www.canada.ca/en/environment-climate-change/services/national-pollutant-release-inventory/tools-resources-data/exploredata.html
npri-1236-2023-19,2023,compa50ae012,NA - 12,kg,666.1695,,ON-MAIN-40ce0593,,,https://www.canada.ca/en/environment-climate-change/services/national-pollutant-release-inventory/tools-resources-data/exploredata.html
npri-3623-2023-18,2023,compa50ae012,NA - 12,kg,3928.1581,,QC-MAIN-30c1828c,,,https://www.canada.ca/en/environment-climate-change/services/national-pollutant-release-inventory/tools-resources-data/exploredata.html
npri-3916-2023-16,2023,compa50ae012,NA - 12,kg,28.581,,QC-MAIN-529c96b4,,,https://www.canada.ca/en/environment-climate-change/services/national-pollutant-release-inventory/tools-resources-data/exploredata.html
npri-3623-2023-19,2023,compa50ae012,NA - 13,tonnes,0.248,,QC-MAIN-30c1828c,,,https://www.canada.ca/en/environment-climate-change/services/national-pollutant-release-inventory/tools-resources-data/exploredata.html
npri-3916-2023-17,2023,compa50ae012,NA - 13,tonnes,0.01578,,QC-MAIN-529c96b4,,,https://www.canada.ca/en/environment-climate-change/services/national-pollutant-release-inventory/tools-resources-data/exploredata.html
npri-1236-2023-20,2023,compa50ae012,7446-09-5,tonnes,24576.1669,,ON-MAIN-40ce0593,,,https://www.canada.ca/en/environment-climate-change/services/national-pollutant-release-inventory/tools-resources-data/exploredata.html
npri-3623-2023-20,2023,compa50ae012,7446-09-5,tonnes,9851.7337,,QC-MAIN-30c1828c,,,https://www.canada.ca/en/environment-climate-change/services/national-pollutant-release-inventory/tools-resources-data/exploredata.html
npri-3916-2023-18,2023,compa50ae012,7446-09-5,tonnes,148.556,,QC-MAIN-529c96b4,,,https://www.canada.ca/en/environment-climate-change/services/national-pollutant-release-inventory/tools-resources-data/exploredata.html
npri-1236-2023-21,2023,compa50ae012,7664-93-9,tonnes,95.4262,,ON-MAIN-40ce0593,,,https://www.canada.ca/en/environment-climate-change/services/national-pollutant-release-inventory/tools-resources-data/exploredata.html
npri-3623-2023-21,2023,compa50ae012,7664-93-9,tonnes,11.8154,,QC-MAIN-30c1828c,,,https://www.canada.ca/en/environment-climate-change/services/national-pollutant-release-inventory/tools-resources-data/exploredata.html
npri-3916-2023-19,2023,compa50ae012,7664-93-9,tonnes,2.59818,,QC-MAIN-529c96b4,,,https://www.canada.ca/en/environment-climate-change/services/national-pollutant-release-inventory/tools-resources-data/exploredata.html
npri-1236-2023-22,2023,compa50ae012,NA - 37,kg,34.7671,,ON-MAIN-40ce0593,,,https://www.canada.ca/en/environment-climate-change/services/national-pollutant-release-inventory/tools-resources-data/exploredata.html
npri-1236-2023-23,2023,compa50ae012,NA - M08,tonnes,207.5588,,ON-MAIN-40ce0593,,,https://www.canada.ca/en/environment-climate-change/services/national-pollutant-release-inventory/tools-resources-data/exploredata.html
npri-3623-2023-22,2023,compa50ae012,NA - M08,tonnes,325.6046,,QC-MAIN-30c1828c,,,https://www.canada.ca/en/environment-climate-change/services/national-pollutant-release-inventory/tools-resources-data/exploredata.html
npri-3916-2023-20,2023,compa50ae012,NA - M08,tonnes,13.607,,QC-MAIN-529c96b4,,,https://www.canada.ca/en/environment-climate-change/services/national-pollutant-release-inventory/tools-resources-data/exploredata.html
npri-1236-2023-24,2023,compa50ae012,NA - 40,tonnes,0.0293,,ON-MAIN-40ce0593,,,https://www.canada.ca/en/environment-climate-change/services/national-pollutant-release-inventory/tools-resources-data/exploredata.html
npri-1236-2023-25,2023,compa50ae012,NA - M16,tonnes,10.6969,,ON-MAIN-40ce0593,,,https://www.canada.ca/en/environment-climate-change/services/national-pollutant-release-inventory/tools-resources-data/exploredata.html
npri-1236-2023-26,2023,compa50ae012,NA - 14,tonnes,2.7702,,ON-MAIN-40ce0593,,,https://www.canada.ca/en/environment-climate-change/services/national-pollutant-release-inventory/tools-resources-data/exploredata.html
npri-3623-2023-23,2023,compa50ae012,NA - 14,tonnes,11.7304,,QC-MAIN-30c1828c,,,https://www.canada.ca/en/environment-climate-change/services/national-pollutant-release-inventory/tools-resources-data/exploredata.html
npri-3916-2023-21,2023,compa50ae012,NA - 14,tonnes,0.0544,,QC-MAIN-529c96b4,,,https://www.canada.ca/en/environment-climate-change/services/national-pollutant-release-inventory/tools-resources-data/exploredata.html
npri-1520-2023-1,2023,compa50ae012,83-32-9,kg,5.119453,,ON-MAIN-fc6f1a44,,,https://www.canada.ca/en/environment-climate-change/services/national-pollutant-release-inventory/tools-resources-data/exploredata.html
npri-1520-2023-2,2023,compa50ae012,208-96-8,kg,28.695351,,ON-MAIN-fc6f1a44,,,https://www.canada.ca/en/environment-climate-change/services/national-pollutant-release-inventory/tools-resources-data/exploredata.html
npri-1520-2023-3,2023,compa50ae012,120-12-7,kg,11.22162,,ON-MAIN-fc6f1a44,,,https://www.canada.ca/en/environment-climate-change/services/national-pollutant-release-inventory/tools-resources-data/exploredata.html
npri-1520-2023-4,2023,compa50ae012,NA - 02,kg,1.57056,,ON-MAIN-fc6f1a44,,,https://www.canada.ca/en/environment-climate-change/services/national-pollutant-release-inventory/tools-resources-data/exploredata.html
npri-1520-2023-5,2023,compa50ae012,NA - 03,kg,1.04424,,ON-MAIN-fc6f1a44,,,https://www.canada.ca/en/environment-climate-change/services/national-pollutant-release-inventory/tools-resources-data/exploredata.html
npri-1520-2023-6,2023,compa50ae012,630-08-0,tonnes,58.821096,,ON-MAIN-fc6f1a44,,,https://www.canada.ca/en/environment-climate-change/services/national-pollutant-release-inventory/tools-resources-data/exploredata.html
npri-1520-2023-7,2023,compa50ae012,NA - 05,kg,1.647881,,ON-MAIN-fc6f1a44,,,https://www.canada.ca/en/environment-climate-change/services/national-pollutant-release-inventory/tools-resources-data/exploredata.html
npri-1520-2023-8,2023,compa50ae012,NA - D/F,g TEQ,0.352554,,ON-MAIN-fc6f1a44,,,https://www.canada.ca/en/environment-climate-change/services/national-pollutant-release-inventory/tools-resources-data/exploredata.html
npri-1520-2023-9,2023,compa50ae012,206-44-0,kg,7.224203,,ON-MAIN-fc6f1a44,,,https://www.canada.ca/en/environment-climate-change/services/national-pollutant-release-inventory/tools-resources-data/exploredata.html
npri-1520-2023-10,2023,compa50ae012,86-73-7,kg,9.151649,,ON-MAIN-fc6f1a44,,,https://www.canada.ca/en/environment-climate-change/services/national-pollutant-release-inventory/tools-resources-data/exploredata.html
npri-1520-2023-11,2023,compa50ae012,118-74-1,grams,66.369663,,ON-MAIN-fc6f1a44,,,https://www.canada.ca/en/environment-climate-change/services/national-pollutant-release-inventory/tools-resources-data/exploredata.html
npri-1520-2023-12,2023,compa50ae012,NA - 08,kg,3.432688,,ON-MAIN-fc6f1a44,,,https://www.canada.ca/en/environment-climate-change/services/national-pollutant-release-inventory/tools-resources-data/exploredata.html
npri-1520-2023-13,2023,compa50ae012,NA - 10,kg,13.602537,,ON-MAIN-fc6f1a44,,,https://www.canada.ca/en/environment-climate-change/services/national-pollutant-release-inventory/tools-resources-data/exploredata.html
npri-1520-2023-14,2023,compa50ae012,11104-93-1,tonnes,150.744122,,ON-MAIN-fc6f1a44,,,https://www.canada.ca/en/environment-climate-change/services/national-pollutant-release-inventory/tools-resources-data/exploredata.html
npri-1520-2023-15,2023,compa50ae012,85-01-8,kg,19.993532,,ON-MAIN-fc6f1a44,,,https://www.canada.ca/en/environment-climate-change/services/national-pollutant-release-inventory/tools-resources-data/exploredata.html
npri-1520-2023-16,2023,compa50ae012,NA - M09,tonnes,21.234848,,ON-MAIN-fc6f1a44,,,https://www.canada.ca/en/environment-climate-change/services/national-pollutant-release-inventory/tools-resources-data/exploredata.html
npri-1520-2023-17,2023,compa50ae012,NA - M10,tonnes,20.730811,,ON-MAIN-fc6f1a44,,,https://www.canada.ca/en/environment-climate-change/services/national-pollutant-release-inventory/tools-resources-data/exploredata.html
npri-1520-2023-18,2023,compa50ae012,129-00-0,kg,8.656695,,ON-MAIN-fc6f1a44,,,https://www.canada.ca/en/environment-climate-change/services/national-pollutant-release-inventory/tools-resources-data/exploredata.html
npri-1520-2023-19,2023,compa50ae012,91-22-5,kg,6.594147,,ON-MAIN-fc6f1a44,,,https://www.canada.ca/en/environment-climate-change/services/national-pollutant-release-inventory/tools-resources-data/exploredata.html
npri-1520-2023-20,2023,compa50ae012,7446-09-5,tonnes,29.323874,,ON-MAIN-fc6f1a44,,,https://www.canada.ca/en/environment-climate-change/services/national-pollutant-release-inventory/tools-resources-data/exploredata.html
npri-1520-2023-21,2023,compa50ae012,NA - M08,tonnes,27.282669,,ON-MAIN-fc6f1a44,,,https://www.canada.ca/en/environment-climate-change/services/national-pollutant-release-inventory/tools-resources-data/exploredata.html
npri-2038-2023-1,2023,compa50ae012,120-12-7,kg,0.203,,QC-MAIN-52c01ae4,,,https://www.canada.ca/en/environment-climate-change/services/national-pollutant-release-inventory/tools-resources-data/exploredata.html
npri-2038-2023-2,2023,compa50ae012,56-55-3,kg,0.203,,QC-MAIN-52c01ae4,,,https://www.canada.ca/en/environment-climate-change/services/national-pollutant-release-inventory/tools-resources-data/exploredata.html
npri-2038-2023-3,2023,compa50ae012,50-32-8,kg,0.203,,QC-MAIN-52c01ae4,,,https://www.canada.ca/en/environment-climate-change/services/national-pollutant-release-inventory/tools-resources-data/exploredata.html
npri-2038-2023-4,2023,compa50ae012,205-99-2,kg,0.098,,QC-MAIN-52c01ae4,,,https://www.canada.ca/en/environment-climate-change/services/national-pollutant-release-inventory/tools-resources-data/exploredata.html
npri-2038-2023-5,2023,compa50ae012,192-97-2,kg,0.203,,QC-MAIN-52c01ae4,,,https://www.canada.ca/en/environment-climate-change/services/national-pollutant-release-inventory/tools-resources-data/exploredata.html
npri-2038-2023-6,2023,compa50ae012,191-24-2,kg,0.203,,QC-MAIN-52c01ae4,,,https://www.canada.ca/en/environment-climate-change/services/national-pollutant-release-inventory/tools-resources-data/exploredata.html
npri-2038-2023-7,2023,compa50ae012,205-82-3,kg,0.098,,QC-MAIN-52c01ae4,,,https://www.canada.ca/en/environment-climate-change/services/national-pollutant-release-inventory/tools-resources-data/exploredata.html
npri-2038-2023-8,2023,compa50ae012,207-08-9,kg,0.203,,QC-MAIN-52c01ae4,,,https://www.canada.ca/en/environment-climate-change/services/national-pollutant-release-inventory/tools-resources-data/exploredata.html
npri-2038-2023-9,2023,compa50ae012,630-08-0,tonnes,33750.7,,QC-MAIN-52c01ae4,,,https://www.canada.ca/en/environment-climate-change/services/national-pollutant-release-inventory/tools-resources-data/exploredata.html
npri-2038-2023-10,2023,compa50ae012,463-58-1,tonnes,215.88,,QC-MAIN-52c01ae4,,,https://www.canada.ca/en/environment-climate-change/services/national-pollutant-release-inventory/tools-resources-data/exploredata.html
npri-2038-2023-11,2023,compa50ae012,218-01-9,kg,0.203,,QC-MAIN-52c01ae4,,,https://www.canada.ca/en/environment-climate-change/services/national-pollutant-release-inventory/tools-resources-data/exploredata.html
npri-2038-2023-12,2023,compa50ae012,53-70-3,kg,0.203,,QC-MAIN-52c01ae4,,,https://www.canada.ca/en/environment-climate-change/services/national-pollutant-release-inventory/tools-resources-data/exploredata.html
npri-2038-2023-13,2023,compa50ae012,206-44-0,kg,0.203,,QC-MAIN-52c01ae4,,,https://www.canada.ca/en/environment-climate-change/services/national-pollutant-release-inventory/tools-resources-data/exploredata.html
npri-2038-2023-14,2023,compa50ae012,86-73-7,kg,0.203,,QC-MAIN-52c01ae4,,,https://www.canada.ca/en/environment-climate-change/services/national-pollutant-release-inventory/tools-resources-data/exploredata.html
npri-2038-2023-15,2023,compa50ae012,7664-39-3,tonnes,6.8,,QC-MAIN-52c01ae4,,,https://www.canada.ca/en/environment-climate-change/services/national-pollutant-release-inventory/tools-resources-data/exploredata.html
npri-2038-2023-16,2023,compa50ae012,193-39-5,kg,0.203,,QC-MAIN-52c01ae4,,,https://www.canada.ca/en/environment-climate-change/services/national-pollutant-release-inventory/tools-resources-data/exploredata.html
npri-2038-2023-17,2023,compa50ae012,11104-93-1,tonnes,31.198,,QC-MAIN-52c01ae4,,,https://www.canada.ca/en/environment-climate-change/services/national-pollutant-release-inventory/tools-resources-data/exploredata.html
npri-2038-2023-18,2023,compa50ae012,85-01-8,kg,0.203,,QC-MAIN-52c01ae4,,,https://www.canada.ca/en/environment-climate-change/services/national-pollutant-release-inventory/tools-resources-data/exploredata.html
npri-2038-2023-19,2023,compa50ae012,NA - M09,tonnes,41.215,,QC-MAIN-52c01ae4,,,https://www.canada.ca/en/environment-climate-change/services/national-pollutant-release-inventory/tools-resources-data/exploredata.html
npri-2038-2023-20,2023,compa50ae012,NA - M10,tonnes,35.637,,QC-MAIN-52c01ae4,,,https://www.canada.ca/en/environment-climate-change/services/national-pollutant-release-inventory/tools-resources-data/exploredata.html
npri-2038-2023-21,2023,compa50ae012,129-00-0,kg,0.301,,QC-MAIN-52c01ae4,,,https://www.canada.ca/en/environment-climate-change/services/national-pollutant-release-inventory/tools-resources-data/exploredata.html
npri-2038-2023-22,2023,compa50ae012,7446-09-5,tonnes,4383.489,,QC-MAIN-52c01ae4,,,https://www.canada.ca/en/environment-climate-change/services/national-pollutant-release-inventory/tools-resources-data/exploredata.html
npri-2038-2023-23,2023,compa50ae012,NA - M08,tonnes,56.743,,QC-MAIN-52c01ae4,,,https://www.canada.ca/en/environment-climate-change/services/national-pollutant-release-inventory/tools-resources-data/exploredata.html
npri-2038-2023-24,2023,compa50ae012,NA - M14,tonnes,123.31,,QC-MAIN-52c01ae4,,,https://www.canada.ca/en/environment-climate-change/services/national-pollutant-release-inventory/tools-resources-data/exploredata.html
npri-2038-2023-25,2023,compa50ae012,NA - M16,tonnes,32.738,,QC-MAIN-52c01ae4,,,https://www.canada.ca/en/environment-climate-change/services/national-pollutant-release-inventory/tools-resources-data/exploredata.html
npri-3060-2023-1,2023,compa50ae012,120-12-7,kg,0.397,,QC-MAIN-c0e3a48b,,,https://www.canada.ca/en/environment-climate-change/services/national-pollutant-release-inventory/tools-resources-data/exploredata.html
npri-3062-2023-1,2023,compa50ae012,120-12-7,kg,168.022,,QC-MAIN-01c1e81f,,,https://www.canada.ca/en/environment-climate-change/services/national-pollutant-release-inventory/tools-resources-data/exploredata.html
npri-3406-2023-1,2023,compa50ae012,120-12-7,kg,29.373,,QC-MAIN-c1c7eb99,,,https://www.canada.ca/en/environment-climate-change/services/national-pollutant-release-inventory/tools-resources-data/exploredata.html
npri-5510-2023-1,2023,compa50ae012,120-12-7,kg,39.2,,QC-MAIN-3aa117d8,,,https://www.canada.ca/en/environment-climate-change/services/national-pollutant-release-inventory/tools-resources-data/exploredata.html
npri-27853-2023-1,2023,compa50ae012,120-12-7,kg,0.411,,QC-MAIN-c1c7eb99,,,https://www.canada.ca/en/environment-climate-change/services/national-pollutant-release-inventory/tools-resources-data/exploredata.html
npri-3060-2023-2,2023,compa50ae012,56-55-3,kg,0.2,,QC-MAIN-c0e3a48b,,,https://www.canada.ca/en/environment-climate-change/services/national-pollutant-release-inventory/tools-resources-data/exploredata.html
npri-3062-2023-2,2023,compa50ae012,56-55-3,kg,0.555,,QC-MAIN-01c1e81f,,,https://www.canada.ca/en/environment-climate-change/services/national-pollutant-release-inventory/tools-resources-data/exploredata.html
npri-3406-2023-2,2023,compa50ae012,56-55-3,kg,8.569,,QC-MAIN-c1c7eb99,,,https://www.canada.ca/en/environment-climate-change/services/national-pollutant-release-inventory/tools-resources-data/exploredata.html
npri-5510-2023-2,2023,compa50ae012,56-55-3,kg,0.5,,QC-MAIN-3aa117d8,,,https://www.canada.ca/en/environment-climate-change/services/national-pollutant-release-inventory/tools-resources-data/exploredata.html
npri-27853-2023-2,2023,compa50ae012,56-55-3,kg,0.118,,QC-MAIN-c1c7eb99,,,https://www.canada.ca/en/environment-climate-change/services/national-pollutant-release-inventory/tools-resources-data/exploredata.html
npri-3062-2023-3,2023,compa50ae012,50-32-8,kg,0.101,,QC-MAIN-01c1e81f,,,https://www.canada.ca/en/environment-climate-change/services/national-pollutant-release-inventory/tools-resources-data/exploredata.html
npri-3406-2023-3,2023,compa50ae012,50-32-8,kg,1.713,,QC-MAIN-c1c7eb99,,,https://www.canada.ca/en/environment-climate-change/services/national-pollutant-release-inventory/tools-resources-data/exploredata.html
npri-3060-2023-3,2023,compa50ae012,205-99-2,kg,0.0976,,QC-MAIN-c0e3a48b,,,https://www.canada.ca/en/environment-climate-change/services/national-pollutant-release-inventory/tools-resources-data/exploredata.html
npri-3062-2023-4,2023,compa50ae012,205-99-2,kg,0.58,,QC-MAIN-01c1e81f,,,https://www.canada.ca/en/environment-climate-change/services/national-pollutant-release-inventory/tools-resources-data/exploredata.html
npri-3406-2023-4,2023,compa50ae012,205-99-2,kg,4.196,,QC-MAIN-c1c7eb99,,,https://www.canada.ca/en/environment-climate-change/services/national-pollutant-release-inventory/tools-resources-data/exploredata.html
npri-5510-2023-3,2023,compa50ae012,205-99-2,kg,1.5,,QC-MAIN-3aa117d8,,,https://www.canada.ca/en/environment-climate-change/services/national-pollutant-release-inventory/tools-resources-data/exploredata.html
npri-27853-2023-3,2023,compa50ae012,205-99-2,kg,0.059,,QC-MAIN-c1c7eb99,,,https://www.canada.ca/en/environment-climate-change/services/national-pollutant-release-inventory/tools-resources-data/exploredata.html
npri-3060-2023-4,2023,compa50ae012,192-97-2,kg,0.0854,,QC-MAIN-c0e3a48b,,,https://www.canada.ca/en/environment-climate-change/services/national-pollutant-release-inventory/tools-resources-data/exploredata.html
npri-3062-2023-5,2023,compa50ae012,192-97-2,kg,0.853,,QC-MAIN-01c1e81f,,,https://www.canada.ca/en/environment-climate-change/services/national-pollutant-release-inventory/tools-resources-data/exploredata.html
npri-3406-2023-5,2023,compa50ae012,192-97-2,kg,2.337,,QC-MAIN-c1c7eb99,,,https://www.canada.ca/en/environment-climate-change/services/national-pollutant-release-inventory/tools-resources-data/exploredata.html
npri-5510-2023-4,2023,compa50ae012,192-97-2,kg,0.5,,QC-MAIN-3aa117d8,,,https://www.canada.ca/en/environment-climate-change/services/national-pollutant-release-inventory/tools-resources-data/exploredata.html
npri-3062-2023-6,2023,compa50ae012,191-24-2,kg,0.09,,QC-MAIN-01c1e81f,,,https://www.canada.ca/en/environment-climate-change/services/national-pollutant-release-inventory/tools-resources-data/exploredata.html
npri-3406-2023-6,2023,compa50ae012,191-24-2,kg,0.543,,QC-MAIN-c1c7eb99,,,https://www.canada.ca/en/environment-climate-change/services/national-pollutant-release-inventory/tools-resources-data/exploredata.html
npri-5510-2023-5,2023,compa50ae012,191-24-2,kg,0.1,,QC-MAIN-3aa117d8,,,https://www.canada.ca/en/environment-climate-change/services/national-pollutant-release-inventory/tools-resources-data/exploredata.html
npri-3062-2023-7,2023,compa50ae012,205-82-3,kg,0.167,,QC-MAIN-01c1e81f,,,https://www.canada.ca/en/environment-climate-change/services/national-pollutant-release-inventory/tools-resources-data/exploredata.html
npri-3406-2023-7,2023,compa50ae012,205-82-3,kg,1.425,,QC-MAIN-c1c7eb99,,,https://www.canada.ca/en/environment-climate-change/services/national-pollutant-release-inventory/tools-resources-data/exploredata.html
npri-5510-2023-6,2023,compa50ae012,205-82-3,kg,0.1,,QC-MAIN-3aa117d8,,,https://www.canada.ca/en/environment-climate-change/services/national-pollutant-release-inventory/tools-resources-data/exploredata.html
npri-3062-2023-8,2023,compa50ae012,207-08-9,kg,0.107,,QC-MAIN-01c1e81f,,,https://www.canada.ca/en/environment-climate-change/services/national-pollutant-release-inventory/tools-resources-data/exploredata.html
npri-3406-2023-8,2023,compa50ae012,207-08-9,kg,1.388,,QC-MAIN-c1c7eb99,,,https://www.canada.ca/en/environment-climate-change/services/national-pollutant-release-inventory/tools-resources-data/exploredata.html
npri-5510-2023-7,2023,compa50ae012,207-08-9,kg,0.1,,QC-MAIN-3aa117d8,,,https://www.canada.ca/en/environment-climate-change/services/national-pollutant-release-inventory/tools-resources-data/exploredata.html
npri-2978-2023-1,2023,compa50ae012,7789-75-5,tonnes,1.8,,QC-MAIN-92628f16,,,https://www.canada.ca/en/environment-climate-change/services/national-pollutant-release-inventory/tools-resources-data/exploredata.html
npri-3406-2023-9,2023,compa50ae012,75-15-0,tonnes,0.877,,QC-MAIN-c1c7eb99,,,https://www.canada.ca/en/environment-climate-change/services/national-pollutant-release-inventory/tools-resources-data/exploredata.html
npri-2978-2023-2,2023,compa50ae012,630-08-0,tonnes,292.471,,QC-MAIN-92628f16,,,https://www.canada.ca/en/environment-climate-change/services/national-pollutant-release-inventory/tools-resources-data/exploredata.html
npri-3060-2023-5,2023,compa50ae012,630-08-0,tonnes,27126.719,,QC-MAIN-c0e3a48b,,,https://www.canada.ca/en/environment-climate-change/services/national-pollutant-release-inventory/tools-resources-data/exploredata.html
npri-3062-2023-9,2023,compa50ae012,630-08-0,tonnes,29407.766,,QC-MAIN-01c1e81f,,,https://www.canada.ca/en/environment-climate-change/services/national-pollutant-release-inventory/tools-resources-data/exploredata.html
npri-3406-2023-10,2023,compa50ae012,630-08-0,tonnes,22595.678,,QC-MAIN-c1c7eb99,,,https://www.canada.ca/en/environment-climate-change/services/national-pollutant-release-inventory/tools-resources-data/exploredata.html
npri-5510-2023-8,2023,compa50ae012,630-08-0,tonnes,58686.82,,QC-MAIN-3aa117d8,,,https://www.canada.ca/en/environment-climate-change/services/national-pollutant-release-inventory/tools-resources-data/exploredata.html
npri-27853-2023-4,2023,compa50ae012,630-08-0,tonnes,6652.447,,QC-MAIN-c1c7eb99,,,https://www.canada.ca/en/environment-climate-change/services/national-pollutant-release-inventory/tools-resources-data/exploredata.html
npri-3060-2023-6,2023,compa50ae012,463-58-1,tonnes,209.361,,QC-MAIN-c0e3a48b,,,https://www.canada.ca/en/environment-climate-change/services/national-pollutant-release-inventory/tools-resources-data/exploredata.html
npri-3062-2023-10,2023,compa50ae012,463-58-1,tonnes,193.854,,QC-MAIN-01c1e81f,,,https://www.canada.ca/en/environment-climate-change/services/national-pollutant-release-inventory/tools-resources-data/exploredata.html
npri-3406-2023-11,2023,compa50ae012,463-58-1,tonnes,98.716,,QC-MAIN-c1c7eb99,,,https://www.canada.ca/en/environment-climate-change/services/national-pollutant-release-inventory/tools-resources-data/exploredata.html
npri-5510-2023-9,2023,compa50ae012,463-58-1,tonnes,350.34,,QC-MAIN-3aa117d8,,,https://www.canada.ca/en/environment-climate-change/services/national-pollutant-release-inventory/tools-resources-data/exploredata.html
npri-27853-2023-5,2023,compa50ae012,463-58-1,tonnes,45.627,,QC-MAIN-c1c7eb99,,,https://www.canada.ca/en/environment-climate-change/services/national-pollutant-release-inventory/tools-resources-data/exploredata.html
npri-3060-2023-7,2023,compa50ae012,218-01-9,kg,0.512,,QC-MAIN-c0e3a48b,,,https://www.canada.ca/en/environment-climate-change/services/national-pollutant-release-inventory/tools-resources-data/exploredata.html
npri-3062-2023-11,2023,compa50ae012,218-01-9,kg,2.76,,QC-MAIN-01c1e81f,,,https://www.canada.ca/en/environment-climate-change/services/national-pollutant-release-inventory/tools-resources-data/exploredata.html
npri-3406-2023-12,2023,compa50ae012,218-01-9,kg,14.177,,QC-MAIN-c1c7eb99,,,https://www.canada.ca/en/environment-climate-change/services/national-pollutant-release-inventory/tools-resources-data/exploredata.html
npri-5510-2023-10,2023,compa50ae012,218-01-9,kg,3.5,,QC-MAIN-3aa117d8,,,https://www.canada.ca/en/environment-climate-change/services/national-pollutant-release-inventory/tools-resources-data/exploredata.html
npri-27853-2023-6,2023,compa50ae012,218-01-9,kg,0.294,,QC-MAIN-c1c7eb99,,,https://www.canada.ca/en/environment-climate-change/services/national-pollutant-release-inventory/tools-resources-data/exploredata.html
npri-3062-2023-12,2023,compa50ae012,53-70-3,kg,0.017,,QC-MAIN-01c1e81f,,,https://www.canada.ca/en/environment-climate-change/services/national-pollutant-release-inventory/tools-resources-data/exploredata.html
npri-3406-2023-13,2023,compa50ae012,53-70-3,kg,0.133,,QC-MAIN-c1c7eb99,,,https://www.canada.ca/en/environment-climate-change/services/national-pollutant-release-inventory/tools-resources-data/exploredata.html
npri-3060-2023-8,2023,compa50ae012,206-44-0,kg,2.29367,,QC-MAIN-c0e3a48b,,,https://www.canada.ca/en/environment-climate-change/services/national-pollutant-release-inventory/tools-resources-data/exploredata.html
npri-3062-2023-13,2023,compa50ae012,206-44-0,kg,90.367,,QC-MAIN-01c1e81f,,,https://www.canada.ca/en/environment-climate-change/services/national-pollutant-release-inventory/tools-resources-data/exploredata.html
npri-3406-2023-14,2023,compa50ae012,206-44-0,kg,153.019,,QC-MAIN-c1c7eb99,,,https://www.canada.ca/en/environment-climate-change/services/national-pollutant-release-inventory/tools-resources-data/exploredata.html
npri-5510-2023-11,2023,compa50ae012,206-44-0,kg,28.0,,QC-MAIN-3aa117d8,,,https://www.canada.ca/en/environment-climate-change/services/national-pollutant-release-inventory/tools-resources-data/exploredata.html
npri-27853-2023-7,2023,compa50ae012,206-44-0,kg,1.176,,QC-MAIN-c1c7eb99,,,https://www.canada.ca/en/environment-climate-change/services/national-pollutant-release-inventory/tools-resources-data/exploredata.html
npri-3060-2023-9,2023,compa50ae012,86-73-7,kg,0.92701,,QC-MAIN-c0e3a48b,,,https://www.canada.ca/en/environment-climate-change/services/national-pollutant-release-inventory/tools-resources-data/exploredata.html
npri-3062-2023-14,2023,compa50ae012,86-73-7,kg,1180.218,,QC-MAIN-01c1e81f,,,https://www.canada.ca/en/environment-climate-change/services/national-pollutant-release-inventory/tools-resources-data/exploredata.html
npri-3406-2023-15,2023,compa50ae012,86-73-7,kg,172.784,,QC-MAIN-c1c7eb99,,,https://www.canada.ca/en/environment-climate-change/services/national-pollutant-release-inventory/tools-resources-data/exploredata.html
npri-5510-2023-12,2023,compa50ae012,86-73-7,kg,384.0,,QC-MAIN-3aa117d8,,,https://www.canada.ca/en/environment-climate-change/services/national-pollutant-release-inventory/tools-resources-data/exploredata.html
npri-27853-2023-8,2023,compa50ae012,86-73-7,kg,0.588,,QC-MAIN-c1c7eb99,,,https://www.canada.ca/en/environment-climate-change/services/national-pollutant-release-inventory/tools-resources-data/exploredata.html
npri-3060-2023-10,2023,compa50ae012,7647-01-0,tonnes,4.709,,QC-MAIN-c0e3a48b,,,https://www.canada.ca/en/environment-climate-change/services/national-pollutant-release-inventory/tools-resources-data/exploredata.html
npri-3406-2023-16,2023,compa50ae012,7647-01-0,tonnes,2.381,,QC-MAIN-c1c7eb99,,,https://www.canada.ca/en/environment-climate-change/services/national-pollutant-release-inventory/tools-resources-data/exploredata.html
npri-5510-2023-13,2023,compa50ae012,7647-01-0,tonnes,30.775,,QC-MAIN-3aa117d8,,,https://www.canada.ca/en/environment-climate-change/services/national-pollutant-release-inventory/tools-resources-data/exploredata.html
npri-3060-2023-11,2023,compa50ae012,7664-39-3,tonnes,4.806,,QC-MAIN-c0e3a48b,,,https://www.canada.ca/en/environment-climate-change/services/national-pollutant-release-inventory/tools-resources-data/exploredata.html
npri-3062-2023-15,2023,compa50ae012,7664-39-3,tonnes,26.48,,QC-MAIN-01c1e81f,,,https://www.canada.ca/en/environment-climate-change/services/national-pollutant-release-inventory/tools-resources-data/exploredata.html
npri-3406-2023-17,2023,compa50ae012,7664-39-3,tonnes,11.908,,QC-MAIN-c1c7eb99,,,https://www.canada.ca/en/environment-climate-change/services/national-pollutant-release-inventory/tools-resources-data/exploredata.html
npri-5510-2023-14,2023,compa50ae012,7664-39-3,tonnes,5.08,,QC-MAIN-3aa117d8,,,https://www.canada.ca/en/environment-climate-change/services/national-pollutant-release-inventory/tools-resources-data/exploredata.html
npri-27853-2023-9,2023,compa50ae012,7664-39-3,tonnes,0.543,,QC-MAIN-c1c7eb99,,,https://www.canada.ca/en/environment-climate-change/services/national-pollutant-release-inventory/tools-resources-data/exploredata.html
npri-3062-2023-16,2023,compa50ae012,193-39-5,kg,0.08,,QC-MAIN-01c1e81f,,,https://www.canada.ca/en/environment-climate-change/services/national-pollutant-release-inventory/tools-resources-data/exploredata.html
npri-3406-2023-18,2023,compa50ae012,193-39-5,kg,0.594,,QC-MAIN-c1c7eb99,,,https://www.canada.ca/en/environment-climate-change/services/national-pollutant-release-inventory/tools-resources-data/exploredata.html
npri-5510-2023-15,2023,compa50ae012,193-39-5,kg,0.1,,QC-MAIN-3aa117d8,,,https://www.canada.ca/en/environment-climate-change/services/national-pollutant-release-inventory/tools-resources-data/exploredata.html
npri-3062-2023-17,2023,compa50ae012,NA - 10,kg,6.715,,QC-MAIN-01c1e81f,,,https://www.canada.ca/en/environment-climate-change/services/national-pollutant-release-inventory/tools-resources-data/exploredata.html
npri-3406-2023-19,2023,compa50ae012,NA - 10,kg,6.746,,QC-MAIN-c1c7eb99,,,https://www.canada.ca/en/environment-climate-change/services/national-pollutant-release-inventory/tools-resources-data/exploredata.html
npri-5510-2023-16,2023,compa50ae012,NA - 10,kg,6.22,,QC-MAIN-3aa117d8,,,https://www.canada.ca/en/environment-climate-change/services/national-pollutant-release-inventory/tools-resources-data/exploredata.html
npri-2978-2023-3,2023,compa50ae012,11104-93-1,tonnes,241.215,,QC-MAIN-92628f16,,,https://www.canada.ca/en/environment-climate-change/services/national-pollutant-release-inventory/tools-resources-data/exploredata.html
npri-3060-2023-12,2023,compa50ae012,11104-93-1,tonnes,14.444,,QC-MAIN-c0e3a48b,,,https://www.canada.ca/en/environment-climate-change/services/national-pollutant-release-inventory/tools-resources-data/exploredata.html
npri-3062-2023-18,2023,compa50ae012,11104-93-1,tonnes,56.295,,QC-MAIN-01c1e81f,,,https://www.canada.ca/en/environment-climate-change/services/national-pollutant-release-inventory/tools-resources-data/exploredata.html
npri-3406-2023-20,2023,compa50ae012,11104-93-1,tonnes,270.382,,QC-MAIN-c1c7eb99,,,https://www.canada.ca/en/environment-climate-change/services/national-pollutant-release-inventory/tools-resources-data/exploredata.html
npri-5510-2023-17,2023,compa50ae012,11104-93-1,tonnes,59.58,,QC-MAIN-3aa117d8,,,https://www.canada.ca/en/environment-climate-change/services/national-pollutant-release-inventory/tools-resources-data/exploredata.html
npri-27853-2023-10,2023,compa50ae012,11104-93-1,tonnes,2.325,,QC-MAIN-c1c7eb99,,,https://www.canada.ca/en/environment-climate-change/services/national-pollutant-release-inventory/tools-resources-data/exploredata.html
npri-3060-2023-13,2023,compa50ae012,85-01-8,kg,4.59,,QC-MAIN-c0e3a48b,,,https://www.canada.ca/en/environment-climate-change/services/national-pollutant-release-inventory/tools-resources-data/exploredata.html
npri-3062-2023-19,2023,compa50ae012,85-01-8,kg,1981.597,,QC-MAIN-01c1e81f,,,https://www.canada.ca/en/environment-climate-change/services/national-pollutant-release-inventory/tools-resources-data/exploredata.html
npri-3406-2023-21,2023,compa50ae012,85-01-8,kg,1182.802,,QC-MAIN-c1c7eb99,,,https://www.canada.ca/en/environment-climate-change/services/national-pollutant-release-inventory/tools-resources-data/exploredata.html
npri-5510-2023-18,2023,compa50ae012,85-01-8,kg,312.0,,QC-MAIN-3aa117d8,,,https://www.canada.ca/en/environment-climate-change/services/national-pollutant-release-inventory/tools-resources-data/exploredata.html
npri-27853-2023-11,2023,compa50ae012,85-01-8,kg,2.351,,QC-MAIN-c1c7eb99,,,https://www.canada.ca/en/environment-climate-change/services/national-pollutant-release-inventory/tools-resources-data/exploredata.html
npri-2978-2023-4,2023,compa50ae012,NA - M09,tonnes,33.799,,QC-MAIN-92628f16,,,https://www.canada.ca/en/environment-climate-change/services/national-pollutant-release-inventory/tools-resources-data/exploredata.html
npri-3060-2023-14,2023,compa50ae012,NA - M09,tonnes,101.226,,QC-MAIN-c0e3a48b,,,https://www.canada.ca/en/environment-climate-change/services/national-pollutant-release-inventory/tools-resources-data/exploredata.html
npri-3062-2023-20,2023,compa50ae012,NA - M09,tonnes,71.876,,QC-MAIN-01c1e81f,,,https://www.canada.ca/en/environment-climate-change/services/national-pollutant-release-inventory/tools-resources-data/exploredata.html
npri-3406-2023-22,2023,compa50ae012,NA - M09,tonnes,652.558,,QC-MAIN-c1c7eb99,,,https://www.canada.ca/en/environment-climate-change/services/national-pollutant-release-inventory/tools-resources-data/exploredata.html
npri-5510-2023-19,2023,compa50ae012,NA - M09,tonnes,138.45,,QC-MAIN-3aa117d8,,,https://www.canada.ca/en/environment-climate-change/services/national-pollutant-release-inventory/tools-resources-data/exploredata.html
npri-27853-2023-12,2023,compa50ae012,NA - M09,tonnes,20.714,,QC-MAIN-c1c7eb99,,,https://www.canada.ca/en/environment-climate-change/services/national-pollutant-release-inventory/tools-resources-data/exploredata.html
npri-2978-2023-5,2023,compa50ae012,NA - M10,tonnes,30.416,,QC-MAIN-92628f16,,,https://www.canada.ca/en/environment-climate-change/services/national-pollutant-release-inventory/tools-resources-data/exploredata.html
npri-3060-2023-15,2023,compa50ae012,NA - M10,tonnes,92.191,,QC-MAIN-c0e3a48b,,,https://www.canada.ca/en/environment-climate-change/services/national-pollutant-release-inventory/tools-resources-data/exploredata.html
npri-3062-2023-21,2023,compa50ae012,NA - M10,tonnes,64.878,,QC-MAIN-01c1e81f,,,https://www.canada.ca/en/environment-climate-change/services/national-pollutant-release-inventory/tools-resources-data/exploredata.html
npri-3406-2023-23,2023,compa50ae012,NA - M10,tonnes,573.751,,QC-MAIN-c1c7eb99,,,https://www.canada.ca/en/environment-climate-change/services/national-pollutant-release-inventory/tools-resources-data/exploredata.html
npri-5510-2023-20,2023,compa50ae012,NA - M10,tonnes,126.49,,QC-MAIN-3aa117d8,,,https://www.canada.ca/en/environment-climate-change/services/national-pollutant-release-inventory/tools-resources-data/exploredata.html
npri-27853-2023-13,2023,compa50ae012,NA - M10,tonnes,19.291,,QC-MAIN-c1c7eb99,,,https://www.canada.ca/en/environment-climate-change/services/national-pollutant-release-inventory/tools-resources-data/exploredata.html
npri-3060-2023-16,2023,compa50ae012,129-00-0,kg,1.11,,QC-MAIN-c0e3a48b,,,https://www.canada.ca/en/environment-climate-change/services/national-pollutant-release-inventory/tools-resources-data/exploredata.html
npri-3062-2023-22,2023,compa50ae012,129-00-0,kg,77.322,,QC-MAIN-01c1e81f,,,https://www.canada.ca/en/environment-climate-change/services/national-pollutant-release-inventory/tools-resources-data/exploredata.html
npri-3406-2023-24,2023,compa50ae012,129-00-0,kg,84.084,,QC-MAIN-c1c7eb99,,,https://www.canada.ca/en/environment-climate-change/services/national-pollutant-release-inventory/tools-resources-data/exploredata.html
npri-5510-2023-21,2023,compa50ae012,129-00-0,kg,11.0,,QC-MAIN-3aa117d8,,,https://www.canada.ca/en/environment-climate-change/services/national-pollutant-release-inventory/tools-resources-data/exploredata.html
npri-27853-2023-14,2023,compa50ae012,129-00-0,kg,0.588,,QC-MAIN-c1c7eb99,,,https://www.canada.ca/en/environment-climate-change/services/national-pollutant-release-inventory/tools-resources-data/exploredata.html
npri-2978-2023-6,2023,compa50ae012,7446-09-5,tonnes,1.673,,QC-MAIN-92628f16,,,https://www.canada.ca/en/environment-climate-change/services/national-pollutant-release-inventory/tools-resources-data/exploredata.html
npri-3060-2023-17,2023,compa50ae012,7446-09-5,tonnes,4243.14,,QC-MAIN-c0e3a48b,,,https://www.canada.ca/en/environment-climate-change/services/national-pollutant-release-inventory/tools-resources-data/exploredata.html
npri-3062-2023-23,2023,compa50ae012,7446-09-5,tonnes,6443.842,,QC-MAIN-01c1e81f,,,https://www.canada.ca/en/environment-climate-change/services/national-pollutant-release-inventory/tools-resources-data/exploredata.html
npri-3406-2023-25,2023,compa50ae012,7446-09-5,tonnes,4545.178,,QC-MAIN-c1c7eb99,,,https://www.canada.ca/en/environment-climate-change/services/national-pollutant-release-inventory/tools-resources-data/exploredata.html
npri-5510-2023-22,2023,compa50ae012,7446-09-5,tonnes,9392.35,,QC-MAIN-3aa117d8,,,https://www.canada.ca/en/environment-climate-change/services/national-pollutant-release-inventory/tools-resources-data/exploredata.html
npri-27853-2023-15,2023,compa50ae012,7446-09-5,tonnes,924.716,,QC-MAIN-c1c7eb99,,,https://www.canada.ca/en/environment-climate-change/services/national-pollutant-release-inventory/tools-resources-data/exploredata.html
npri-2978-2023-7,2023,compa50ae012,NA - M08,tonnes,47.044,,QC-MAIN-92628f16,,,https://www.canada.ca/en/environment-climate-change/services/national-pollutant-release-inventory/tools-resources-data/exploredata.html
npri-3060-2023-18,2023,compa50ae012,NA - M08,tonnes,117.094,,QC-MAIN-c0e3a48b,,,https://www.canada.ca/en/environment-climate-change/services/national-pollutant-release-inventory/tools-resources-data/exploredata.html
npri-3062-2023-24,2023,compa50ae012,NA - M08,tonnes,81.697,,QC-MAIN-01c1e81f,,,https://www.canada.ca/en/environment-climate-change/services/national-pollutant-release-inventory/tools-resources-data/exploredata.html
npri-3406-2023-26,2023,compa50ae012,NA - M08,tonnes,732.135,,QC-MAIN-c1c7eb99,,,https://www.canada.ca/en/environment-climate-change/services/national-pollutant-release-inventory/tools-resources-data/exploredata.html
npri-5510-2023-23,2023,compa50ae012,NA - M08,tonnes,173.73,,QC-MAIN-3aa117d8,,,https://www.canada.ca/en/environment-climate-change/services/national-pollutant-release-inventory/tools-resources-data/exploredata.html
npri-27853-2023-16,2023,compa50ae012,NA - M08,tonnes,23.202,,QC-MAIN-c1c7eb99,,,https://www.canada.ca/en/environment-climate-change/services/national-pollutant-release-inventory/tools-resources-data/exploredata.html
npri-3060-2023-19,2023,compa50ae012,NA - M14,tonnes,118.638,,QC-MAIN-c0e3a48b,,,https://www.canada.ca/en/environment-climate-change/services/national-pollutant-release-inventory/tools-resources-data/exploredata.html
npri-3062-2023-25,2023,compa50ae012,NA - M14,tonnes,109.851,,QC-MAIN-01c1e81f,,,https://www.canada.ca/en/environment-climate-change/services/national-pollutant-release-inventory/tools-resources-data/exploredata.html
npri-3406-2023-27,2023,compa50ae012,NA - M14,tonnes,55.939,,QC-MAIN-c1c7eb99,,,https://www.canada.ca/en/environment-climate-change/services/national-pollutant-release-inventory/tools-resources-data/exploredata.html
npri-5510-2023-24,2023,compa50ae012,NA - M14,tonnes,198.6,,QC-MAIN-3aa117d8,,,https://www.canada.ca/en/environment-climate-change/services/national-pollutant-release-inventory/tools-resources-data/exploredata.html
npri-27853-2023-17,2023,compa50ae012,NA - M14,tonnes,26.051,,QC-MAIN-c1c7eb99,,,https://www.canada.ca/en/environment-climate-change/services/national-pollutant-release-inventory/tools-resources-data/exploredata.html
npri-2978-2023-8,2023,compa50ae012,NA - M16,tonnes,19.15,,QC-MAIN-92628f16,,,https://www.canada.ca/en/environment-climate-change/services/national-pollutant-release-inventory/tools-resources-data/exploredata.html
npri-3060-2023-20,2023,compa50ae012,NA - M16,tonnes,25.16,,QC-MAIN-c0e3a48b,,,https://www.canada.ca/en/environment-climate-change/services/national-pollutant-release-inventory/tools-resources-data/exploredata.html
npri-3062-2023-26,2023,compa50ae012,NA - M16,tonnes,83.672,,QC-MAIN-01c1e81f,,,https://www.canada.ca/en/environment-climate-change/services/national-pollutant-release-inventory/tools-resources-data/exploredata.html
npri-3406-2023-28,2023,compa50ae012,NA - M16,tonnes,42.531,,QC-MAIN-c1c7eb99,,,https://www.canada.ca/en/environment-climate-change/services/national-pollutant-release-inventory/tools-resources-data/exploredata.html
npri-5510-2023-25,2023,compa50ae012,NA - M16,tonnes,59.89,,QC-MAIN-3aa117d8,,,https://www.canada.ca/en/environment-climate-change/services/national-pollutant-release-inventory/tools-resources-data/exploredata.html
npri-27853-2023-18,2023,compa50ae012,NA - M16,tonnes,6.001,,QC-MAIN-c1c7eb99,,,https://www.canada.ca/en/environment-climate-change/services/national-pollutant-release-inventory/tools-resources-data/exploredata.html
npri-2984-2023-1,2023,compa50ae012,208-96-8,kg,0.0018,,ON-MAIN-020a683c,,,https://www.canada.ca/en/environment-climate-change/services/national-pollutant-release-inventory/tools-resources-data/exploredata.html
npri-3855-2023-1,2023,compa50ae012,208-96-8,kg,3.677,,ON-MAIN-b2e5c9bb,,,https://www.canada.ca/en/environment-climate-change/services/national-pollutant-release-inventory/tools-resources-data/exploredata.html
npri-2984-2023-2,2023,compa50ae012,120-12-7,kg,0.0024,,ON-MAIN-020a683c,,,https://www.canada.ca/en/environment-climate-change/services/national-pollutant-release-inventory/tools-resources-data/exploredata.html
npri-3855-2023-2,2023,compa50ae012,120-12-7,kg,0.075709,,ON-MAIN-b2e5c9bb,,,https://www.canada.ca/en/environment-climate-change/services/national-pollutant-release-inventory/tools-resources-data/exploredata.html
npri-3855-2023-3,2023,compa50ae012,NA - 02,kg,17.505,,ON-MAIN-b2e5c9bb,,,https://www.canada.ca/en/environment-climate-change/services/national-pollutant-release-inventory/tools-resources-data/exploredata.html
npri-2984-2023-3,2023,compa50ae012,56-55-3,kg,22.6689,,ON-MAIN-020a683c,,,https://www.canada.ca/en/environment-climate-change/services/national-pollutant-release-inventory/tools-resources-data/exploredata.html
npri-3855-2023-4,2023,compa50ae012,56-55-3,kg,4.79705,,ON-MAIN-b2e5c9bb,,,https://www.canada.ca/en/environment-climate-change/services/national-pollutant-release-inventory/tools-resources-data/exploredata.html
npri-2984-2023-4,2023,compa50ae012,71-43-2,tonnes,0.002132,,ON-MAIN-020a683c,,,https://www.canada.ca/en/environment-climate-change/services/national-pollutant-release-inventory/tools-resources-data/exploredata.html
npri-3855-2023-5,2023,compa50ae012,71-43-2,tonnes,5.749,,ON-MAIN-b2e5c9bb,,,https://www.canada.ca/en/environment-climate-change/services/national-pollutant-release-inventory/tools-resources-data/exploredata.html
npri-2984-2023-5,2023,compa50ae012,50-32-8,kg,16.0898,,ON-MAIN-020a683c,,,https://www.canada.ca/en/environment-climate-change/services/national-pollutant-release-inventory/tools-resources-data/exploredata.html
npri-3855-2023-6,2023,compa50ae012,50-32-8,kg,5.55003,,ON-MAIN-b2e5c9bb,,,https://www.canada.ca/en/environment-climate-change/services/national-pollutant-release-inventory/tools-resources-data/exploredata.html
npri-2984-2023-6,2023,compa50ae012,205-99-2,kg,19.7442,,ON-MAIN-020a683c,,,https://www.canada.ca/en/environment-climate-change/services/national-pollutant-release-inventory/tools-resources-data/exploredata.html
npri-3855-2023-7,2023,compa50ae012,205-99-2,kg,0.071249,,ON-MAIN-b2e5c9bb,,,https://www.canada.ca/en/environment-climate-change/services/national-pollutant-release-inventory/tools-resources-data/exploredata.html
npri-2984-2023-7,2023,compa50ae012,192-97-2,kg,15.3551,,ON-MAIN-020a683c,,,https://www.canada.ca/en/environment-climate-change/services/national-pollutant-release-inventory/tools-resources-data/exploredata.html
npri-2984-2023-8,2023,compa50ae012,191-24-2,kg,11.5541,,ON-MAIN-020a683c,,,https://www.canada.ca/en/environment-climate-change/services/national-pollutant-release-inventory/tools-resources-data/exploredata.html
npri-3855-2023-8,2023,compa50ae012,191-24-2,kg,8.183,,ON-MAIN-b2e5c9bb,,,https://www.canada.ca/en/environment-climate-change/services/national-pollutant-release-inventory/tools-resources-data/exploredata.html
npri-2984-2023-9,2023,compa50ae012,205-82-3,kg,7.312,,ON-MAIN-020a683c,,,https://www.canada.ca/en/environment-climate-change/services/national-pollutant-release-inventory/tools-resources-data/exploredata.html
npri-3855-2023-9,2023,compa50ae012,205-82-3,kg,6.8003,,ON-MAIN-b2e5c9bb,,,https://www.canada.ca/en/environment-climate-change/services/national-pollutant-release-inventory/tools-resources-data/exploredata.html
npri-2984-2023-10,2023,compa50ae012,207-08-9,kg,7.3138,,ON-MAIN-020a683c,,,https://www.canada.ca/en/environment-climate-change/services/national-pollutant-release-inventory/tools-resources-data/exploredata.html
npri-3855-2023-10,2023,compa50ae012,207-08-9,kg,0.28,,ON-MAIN-b2e5c9bb,,,https://www.canada.ca/en/environment-climate-change/services/national-pollutant-release-inventory/tools-resources-data/exploredata.html
npri-3855-2023-11,2023,compa50ae012,NA - 03,kg,3.08,,ON-MAIN-b2e5c9bb,,,https://www.canada.ca/en/environment-climate-change/services/national-pollutant-release-inventory/tools-resources-data/exploredata.html
npri-2984-2023-11,2023,compa50ae012,630-08-0,tonnes,158.8229,,ON-MAIN-020a683c,,,https://www.canada.ca/en/environment-climate-change/services/national-pollutant-release-inventory/tools-resources-data/exploredata.html
npri-3855-2023-12,2023,compa50ae012,630-08-0,tonnes,3722.8103,,ON-MAIN-b2e5c9bb,,,https://www.canada.ca/en/environment-climate-change/services/national-pollutant-release-inventory/tools-resources-data/exploredata.html
npri-2984-2023-12,2023,compa50ae012,218-01-9,kg,26.6905,,ON-MAIN-020a683c,,,https://www.canada.ca/en/environment-climate-change/services/national-pollutant-release-inventory/tools-resources-data/exploredata.html
npri-3855-2023-13,2023,compa50ae012,218-01-9,kg,27.2012,,ON-MAIN-b2e5c9bb,,,https://www.canada.ca/en/environment-climate-change/services/national-pollutant-release-inventory/tools-resources-data/exploredata.html
npri-3855-2023-14,2023,compa50ae012,NA - 05,kg,2.67,,ON-MAIN-b2e5c9bb,,,https://www.canada.ca/en/environment-climate-change/services/national-pollutant-release-inventory/tools-resources-data/exploredata.html
npri-2984-2023-13,2023,compa50ae012,53-70-3,kg,1.9023,,ON-MAIN-020a683c,,,https://www.canada.ca/en/environment-climate-change/services/national-pollutant-release-inventory/tools-resources-data/exploredata.html
npri-3855-2023-15,2023,compa50ae012,53-70-3,kg,0.01348,,ON-MAIN-b2e5c9bb,,,https://www.canada.ca/en/environment-climate-change/services/national-pollutant-release-inventory/tools-resources-data/exploredata.html
npri-2984-2023-14,2023,compa50ae012,74-85-1,tonnes,0.324224,,ON-MAIN-020a683c,,,https://www.canada.ca/en/environment-climate-change/services/national-pollutant-release-inventory/tools-resources-data/exploredata.html
npri-2984-2023-15,2023,compa50ae012,206-44-0,kg,84.4564,,ON-MAIN-020a683c,,,https://www.canada.ca/en/environment-climate-change/services/national-pollutant-release-inventory/tools-resources-data/exploredata.html
npri-3855-2023-16,2023,compa50ae012,206-44-0,kg,22.287,,ON-MAIN-b2e5c9bb,,,https://www.canada.ca/en/environment-climate-change/services/national-pollutant-release-inventory/tools-resources-data/exploredata.html
npri-2984-2023-16,2023,compa50ae012,7783-06-4,tonnes,16.982,,ON-MAIN-020a683c,,,https://www.canada.ca/en/environment-climate-change/services/national-pollutant-release-inventory/tools-resources-data/exploredata.html
npri-3855-2023-17,2023,compa50ae012,7783-06-4,tonnes,35.238,,ON-MAIN-b2e5c9bb,,,https://www.canada.ca/en/environment-climate-change/services/national-pollutant-release-inventory/tools-resources-data/exploredata.html
npri-2984-2023-17,2023,compa50ae012,193-39-5,kg,7.9719,,ON-MAIN-020a683c,,,https://www.canada.ca/en/environment-climate-change/services/national-pollutant-release-inventory/tools-resources-data/exploredata.html
npri-3855-2023-18,2023,compa50ae012,193-39-5,kg,1.24,,ON-MAIN-b2e5c9bb,,,https://www.canada.ca/en/environment-climate-change/services/national-pollutant-release-inventory/tools-resources-data/exploredata.html
npri-2984-2023-18,2023,compa50ae012,NA - 08,kg,0.5075,,ON-MAIN-020a683c,,,https://www.canada.ca/en/environment-climate-change/services/national-pollutant-release-inventory/tools-resources-data/exploredata.html
npri-3855-2023-19,2023,compa50ae012,NA - 08,kg,12.97,,ON-MAIN-b2e5c9bb,,,https://www.canada.ca/en/environment-climate-change/services/national-pollutant-release-inventory/tools-resources-data/exploredata.html
npri-3855-2023-20,2023,compa50ae012,NA - 09,tonnes,1.3325,,ON-MAIN-b2e5c9bb,,,https://www.canada.ca/en/environment-climate-change/services/national-pollutant-release-inventory/tools-resources-data/exploredata.html
npri-3855-2023-21,2023,compa50ae012,NA - 10,kg,0.085,,ON-MAIN-b2e5c9bb,,,https://www.canada.ca/en/environment-climate-change/services/national-pollutant-release-inventory/tools-resources-data/exploredata.html
npri-2984-2023-19,2023,compa50ae012,91-20-3,tonnes,0.000619,,ON-MAIN-020a683c,,,https://www.canada.ca/en/environment-climate-change/services/national-pollutant-release-inventory/tools-resources-data/exploredata.html
npri-2984-2023-20,2023,compa50ae012,110-54-3,tonnes,1.827,,ON-MAIN-020a683c,,,https://www.canada.ca/en/environment-climate-change/services/national-pollutant-release-inventory/tools-resources-data/exploredata.html
npri-3855-2023-22,2023,compa50ae012,110-54-3,tonnes,3.892,,ON-MAIN-b2e5c9bb,,,https://www.canada.ca/en/environment-climate-change/services/national-pollutant-release-inventory/tools-resources-data/exploredata.html
npri-2984-2023-21,2023,compa50ae012,11104-93-1,tonnes,1152.5022,,ON-MAIN-020a683c,,,https://www.canada.ca/en/environment-climate-change/services/national-pollutant-release-inventory/tools-resources-data/exploredata.html
npri-3855-2023-23,2023,compa50ae012,11104-93-1,tonnes,1576.812,,ON-MAIN-b2e5c9bb,,,https://www.canada.ca/en/environment-climate-change/services/national-pollutant-release-inventory/tools-resources-data/exploredata.html
npri-2984-2023-22,2023,compa50ae012,198-55-0,kg,4.3141,,ON-MAIN-020a683c,,,https://www.canada.ca/en/environment-climate-change/services/national-pollutant-release-inventory/tools-resources-data/exploredata.html
npri-3855-2023-24,2023,compa50ae012,198-55-0,kg,0.01,,ON-MAIN-b2e5c9bb,,,https://www.canada.ca/en/environment-climate-change/services/national-pollutant-release-inventory/tools-resources-data/exploredata.html
npri-2984-2023-23,2023,compa50ae012,85-01-8,kg,196.3438,,ON-MAIN-020a683c,,,https://www.canada.ca/en/environment-climate-change/services/national-pollutant-release-inventory/tools-resources-data/exploredata.html
npri-3855-2023-25,2023,compa50ae012,85-01-8,kg,2.70202,,ON-MAIN-b2e5c9bb,,,https://www.canada.ca/en/environment-climate-change/services/national-pollutant-release-inventory/tools-resources-data/exploredata.html
npri-2984-2023-24,2023,compa50ae012,NA - M09,tonnes,197.9609,,ON-MAIN-020a683c,,,https://www.canada.ca/en/environment-climate-change/services/national-pollutant-release-inventory/tools-resources-data/exploredata.html
npri-3855-2023-26,2023,compa50ae012,NA - M09,tonnes,491.2964,,ON-MAIN-b2e5c9bb,,,https://www.canada.ca/en/environment-climate-change/services/national-pollutant-release-inventory/tools-resources-data/exploredata.html
npri-2984-2023-25,2023,compa50ae012,NA - M10,tonnes,185.9294,,ON-MAIN-020a683c,,,https://www.canada.ca/en/environment-climate-change/services/national-pollutant-release-inventory/tools-resources-data/exploredata.html
npri-3855-2023-27,2023,compa50ae012,NA - M10,tonnes,354.0397,,ON-MAIN-b2e5c9bb,,,https://www.canada.ca/en/environment-climate-change/services/national-pollutant-release-inventory/tools-resources-data/exploredata.html
npri-2984-2023-26,2023,compa50ae012,129-00-0,kg,54.4793,,ON-MAIN-020a683c,,,https://www.canada.ca/en/environment-climate-change/services/national-pollutant-release-inventory/tools-resources-data/exploredata.html
npri-3855-2023-28,2023,compa50ae012,129-00-0,kg,10.4,,ON-MAIN-b2e5c9bb,,,https://www.canada.ca/en/environment-climate-change/services/national-pollutant-release-inventory/tools-resources-data/exploredata.html
npri-3855-2023-29,2023,compa50ae012,NA - 12,kg,0.885,,ON-MAIN-b2e5c9bb,,,https://www.canada.ca/en/environment-climate-change/services/national-pollutant-release-inventory/tools-resources-data/exploredata.html
npri-2984-2023-27,2023,compa50ae012,7446-09-5,tonnes,1863.7741,,ON-MAIN-020a683c,,,https://www.canada.ca/en/environment-climate-change/services/national-pollutant-release-inventory/tools-resources-data/exploredata.html
npri-3855-2023-30,2023,compa50ae012,7446-09-5,tonnes,2851.3181,,ON-MAIN-b2e5c9bb,,,https://www.canada.ca/en/environment-climate-change/services/national-pollutant-release-inventory/tools-resources-data/exploredata.html
npri-2984-2023-28,2023,compa50ae012,108-88-3,tonnes,0.22332,,ON-MAIN-020a683c,,,https://www.canada.ca/en/environment-climate-change/services/national-pollutant-release-inventory/tools-resources-data/exploredata.html
npri-3855-2023-31,2023,compa50ae012,108-88-3,tonnes,2.535,,ON-MAIN-b2e5c9bb,,,https://www.canada.ca/en/environment-climate-change/services/national-pollutant-release-inventory/tools-resources-data/exploredata.html
npri-2984-2023-29,2023,compa50ae012,NA - M08,tonnes,371.3478,,ON-MAIN-020a683c,,,https://www.canada.ca/en/environment-climate-change/services/national-pollutant-release-inventory/tools-resources-data/exploredata.html
npri-3855-2023-32,2023,compa50ae012,NA - M08,tonnes,812.2699,,ON-MAIN-b2e5c9bb,,,https://www.canada.ca/en/environment-climate-change/services/national-pollutant-release-inventory/tools-resources-data/exploredata.html
npri-2984-2023-30,2023,compa50ae012,NA - M14,tonnes,16.982,,ON-MAIN-020a683c,,,https://www.canada.ca/en/environment-climate-change/services/national-pollutant-release-inventory/tools-resources-data/exploredata.html
npri-3855-2023-33,2023,compa50ae012,NA - M14,tonnes,35.238,,ON-MAIN-b2e5c9bb,,,https://www.canada.ca/en/environment-climate-change/services/national-pollutant-release-inventory/tools-resources-data/exploredata.html
npri-2984-2023-31,2023,compa50ae012,NA - M16,tonnes,52.5031,,ON-MAIN-020a683c,,,https://www.canada.ca/en/environment-climate-change/services/national-pollutant-release-inventory/tools-resources-data/exploredata.html
npri-3855-2023-34,2023,compa50ae012,NA - M16,tonnes,94.8188,,ON-MAIN-b2e5c9bb,,,https://www.canada.ca/en/environment-climate-change/services/national-pollutant-release-inventory/tools-resources-data/exploredata.html
npri-3802-2023-1,2023,compa50ae012,NA - 16,tonnes,301.14,,BC-MAIN-3bb6b7cd,,,https://www.canada.ca/en/environment-climate-change/services/national-pollutant-release-inventory/tools-resources-data/exploredata.html
npri-3802-2023-2,2023,compa50ae012,120-12-7,kg,0.002,,BC-MAIN-3bb6b7cd,,,https://www.canada.ca/en/environment-climate-change/services/national-pollutant-release-inventory/tools-resources-data/exploredata.html
npri-3802-2023-3,2023,compa50ae012,NA - 01,tonnes,0.1783,,BC-MAIN-3bb6b7cd,,,https://www.canada.ca/en/environment-climate-change/services/national-pollutant-release-inventory/tools-resources-data/exploredata.html
npri-3802-2023-4,2023,compa50ae012,NA - 02,kg,150.03,,BC-MAIN-3bb6b7cd,,,https://www.canada.ca/en/environment-climate-change/services/national-pollutant-release-inventory/tools-resources-data/exploredata.html
npri-3802-2023-5,2023,compa50ae012,NA - 03,kg,88.26,,BC-MAIN-3bb6b7cd,,,https://www.canada.ca/en/environment-climate-change/services/national-pollutant-release-inventory/tools-resources-data/exploredata.html
npri-3802-2023-6,2023,compa50ae012,630-08-0,tonnes,83.88,,BC-MAIN-3bb6b7cd,,,https://www.canada.ca/en/environment-climate-change/services/national-pollutant-release-inventory/tools-resources-data/exploredata.html
npri-3802-2023-7,2023,compa50ae012,NA - 04,tonnes,0.16,,BC-MAIN-3bb6b7cd,,,https://www.canada.ca/en/environment-climate-change/services/national-pollutant-release-inventory/tools-resources-data/exploredata.html
npri-3802-2023-8,2023,compa50ae012,NA - 06,tonnes,0.0503,,BC-MAIN-3bb6b7cd,,,https://www.canada.ca/en/environment-climate-change/services/national-pollutant-release-inventory/tools-resources-data/exploredata.html
npri-3802-2023-9,2023,compa50ae012,NA - 08,kg,227.88,,BC-MAIN-3bb6b7cd,,,https://www.canada.ca/en/environment-climate-change/services/national-pollutant-release-inventory/tools-resources-data/exploredata.html
npri-3802-2023-10,2023,compa50ae012,NA - 09,tonnes,0.0327,,BC-MAIN-3bb6b7cd,,,https://www.canada.ca/en/environment-climate-change/services/national-pollutant-release-inventory/tools-resources-data/exploredata.html
npri-3802-2023-11,2023,compa50ae012,NA - 10,kg,267.34,,BC-MAIN-3bb6b7cd,,,https://www.canada.ca/en/environment-climate-change/services/national-pollutant-release-inventory/tools-resources-data/exploredata.html
npri-3802-2023-12,2023,compa50ae012,67-56-1,tonnes,4.74,,BC-MAIN-3bb6b7cd,,,https://www.canada.ca/en/environment-climate-change/services/national-pollutant-release-inventory/tools-resources-data/exploredata.html
npri-3802-2023-13,2023,compa50ae012,91-20-3,tonnes,5.54,,BC-MAIN-3bb6b7cd,,,https://www.canada.ca/en/environment-climate-change/services/national-pollutant-release-inventory/tools-resources-data/exploredata.html
npri-3802-2023-14,2023,compa50ae012,110-54-3,tonnes,1.249,,BC-MAIN-3bb6b7cd,,,https://www.canada.ca/en/environment-climate-change/services/national-pollutant-release-inventory/tools-resources-data/exploredata.html
npri-3802-2023-15,2023,compa50ae012,11104-93-1,tonnes,453.05,,BC-MAIN-3bb6b7cd,,,https://www.canada.ca/en/environment-climate-change/services/national-pollutant-release-inventory/tools-resources-data/exploredata.html
npri-3802-2023-16,2023,compa50ae012,85-01-8,kg,289.87,,BC-MAIN-3bb6b7cd,,,https://www.canada.ca/en/environment-climate-change/services/national-pollutant-release-inventory/tools-resources-data/exploredata.html
npri-3802-2023-17,2023,compa50ae012,NA - M09,tonnes,71.57,,BC-MAIN-3bb6b7cd,,,https://www.canada.ca/en/environment-climate-change/services/national-pollutant-release-inventory/tools-resources-data/exploredata.html
npri-3802-2023-18,2023,compa50ae012,NA - M10,tonnes,46.658,,BC-MAIN-3bb6b7cd,,,https://www.canada.ca/en/environment-climate-change/services/national-pollutant-release-inventory/tools-resources-data/exploredata.html
npri-3802-2023-19,2023,compa50ae012,NA - 13,tonnes,0.0279,,BC-MAIN-3bb6b7cd,,,https://www.canada.ca/en/environment-climate-change/services/national-pollutant-release-inventory/tools-resources-data/exploredata.html
npri-3802-2023-20,2023,compa50ae012,7446-09-5,tonnes,1916.11,,BC-MAIN-3bb6b7cd,,,https://www.canada.ca/en/environment-climate-change/services/national-pollutant-release-inventory/tools-resources-data/exploredata.html
npri-3802-2023-21,2023,compa50ae012,7664-93-9,tonnes,22.0,,BC-MAIN-3bb6b7cd,,,https://www.canada.ca/en/environment-climate-change/services/national-pollutant-release-inventory/tools-resources-data/exploredata.html
npri-3802-2023-22,2023,compa50ae012,NA - 37,kg,98.5,,BC-MAIN-3bb6b7cd,,,https://www.canada.ca/en/environment-climate-change/services/national-pollutant-release-inventory/tools-resources-data/exploredata.html
npri-3802-2023-23,2023,compa50ae012,NA - M08,tonnes,71.569,,BC-MAIN-3bb6b7cd,,,https://www.canada.ca/en/environment-climate-change/services/national-pollutant-release-inventory/tools-resources-data/exploredata.html
npri-3802-2023-24,2023,compa50ae012,NA - M16,tonnes,12.516,,BC-MAIN-3bb6b7cd,,,https://www.canada.ca/en/environment-climate-change/services/national-pollutant-release-inventory/tools-resources-data/exploredata.html
npri-3802-2023-25,2023,compa50ae012,NA - 14,tonnes,86.76,,BC-MAIN-3bb6b7cd,,,https://www.canada.ca/en/environment-climate-change/services/national-pollutant-release-inventory/tools-resources-data/exploredata.html
npri-444-2023-1,2023,compa50ae012,NA - 02,kg,605.17,,ON-MAIN-63b394c3,,,https://www.canada.ca/en/environment-climate-change/services/national-pollutant-release-inventory/tools-resources-data/exploredata.html
npri-444-2023-2,2023,compa50ae012,NA - 03,kg,13.63,,ON-MAIN-63b394c3,,,https://www.canada.ca/en/environment-climate-change/services/national-pollutant-release-inventory/tools-resources-data/exploredata.html
npri-444-2023-3,2023,compa50ae012,630-08-0,tonnes,52.51,,ON-MAIN-63b394c3,,,https://www.canada.ca/en/environment-climate-change/services/national-pollutant-release-inventory/tools-resources-data/exploredata.html
npri-444-2023-4,2023,compa50ae012,NA - 04,tonnes,0.102,,ON-MAIN-63b394c3,,,https://www.canada.ca/en/environment-climate-change/services/national-pollutant-release-inventory/tools-resources-data/exploredata.html
npri-444-2023-5,2023,compa50ae012,NA - 05,kg,157.95,,ON-MAIN-63b394c3,,,https://www.canada.ca/en/environment-climate-change/services/national-pollutant-release-inventory/tools-resources-data/exploredata.html
npri-444-2023-6,2023,compa50ae012,NA - 06,tonnes,2.1,,ON-MAIN-63b394c3,,,https://www.canada.ca/en/environment-climate-change/services/national-pollutant-release-inventory/tools-resources-data/exploredata.html
npri-444-2023-7,2023,compa50ae012,NA - 08,kg,1219.23,,ON-MAIN-63b394c3,,,https://www.canada.ca/en/environment-climate-change/services/national-pollutant-release-inventory/tools-resources-data/exploredata.html
npri-444-2023-8,2023,compa50ae012,NA - 11,tonnes,4.45,,ON-MAIN-63b394c3,,,https://www.canada.ca/en/environment-climate-change/services/national-pollutant-release-inventory/tools-resources-data/exploredata.html
npri-444-2023-9,2023,compa50ae012,11104-93-1,tonnes,177.12,,ON-MAIN-63b394c3,,,https://www.canada.ca/en/environment-climate-change/services/national-pollutant-release-inventory/tools-resources-data/exploredata.html
npri-444-2023-10,2023,compa50ae012,NA - M09,tonnes,82.84,,ON-MAIN-63b394c3,,,https://www.canada.ca/en/environment-climate-change/services/national-pollutant-release-inventory/tools-resources-data/exploredata.html
npri-444-2023-11,2023,compa50ae012,NA - M10,tonnes,50.7,,ON-MAIN-63b394c3,,,https://www.canada.ca/en/environment-climate-change/services/national-pollutant-release-inventory/tools-resources-data/exploredata.html
npri-444-2023-12,2023,compa50ae012,NA - 12,kg,919.89,,ON-MAIN-63b394c3,,,https://www.canada.ca/en/environment-climate-change/services/national-pollutant-release-inventory/tools-resources-data/exploredata.html
npri-444-2023-13,2023,compa50ae012,7446-09-5,tonnes,11639.05,,ON-MAIN-63b394c3,,,https://www.canada.ca/en/environment-climate-change/services/national-pollutant-release-inventory/tools-resources-data/exploredata.html
npri-444-2023-14,2023,compa50ae012,7664-93-9,tonnes,94.61,,ON-MAIN-63b394c3,,,https://www.canada.ca/en/environment-climate-change/services/national-pollutant-release-inventory/tools-resources-data/exploredata.html
npri-444-2023-15,2023,compa50ae012,NA - M08,tonnes,192.58,,ON-MAIN-63b394c3,,,https://www.canada.ca/en/environment-climate-change/services/national-pollutant-release-inventory/tools-resources-data/exploredata.html
npri-444-2023-16,2023,compa50ae012,NA - 14,tonnes,0.79,,ON-MAIN-63b394c3,,,https://www.canada.ca/en/environment-climate-change/services/national-pollutant-release-inventory/tools-resources-data/exploredata.html
npri-1471-2023-1,2023,compa50ae012,NA - 02,kg,2.5,,ON-MAIN-2e13aaa0,,,https://www.canada.ca/en/environment-climate-change/services/national-pollutant-release-inventory/tools-resources-data/exploredata.html
npri-1471-2023-2,2023,compa50ae012,NA - 03,kg,0.082,,ON-MAIN-2e13aaa0,,,https://www.canada.ca/en/environment-climate-change/services/national-pollutant-release-inventory/tools-resources-data/exploredata.html
npri-1471-2023-3,2023,compa50ae012,7782-50-5,tonnes,0.1,,ON-MAIN-2e13aaa0,,,https://www.canada.ca/en/environment-climate-change/services/national-pollutant-release-inventory/tools-resources-data/exploredata.html
npri-1471-2023-4,2023,compa50ae012,NA - 05,kg,4.14,,ON-MAIN-2e13aaa0,,,https://www.canada.ca/en/environment-climate-change/services/national-pollutant-release-inventory/tools-resources-data/exploredata.html
npri-1471-2023-5,2023,compa50ae012,NA - 06,tonnes,0.0036,,ON-MAIN-2e13aaa0,,,https://www.canada.ca/en/environment-climate-change/services/national-pollutant-release-inventory/tools-resources-data/exploredata.html
npri-1471-2023-6,2023,compa50ae012,NA - 08,kg,2.25,,ON-MAIN-2e13aaa0,,,https://www.canada.ca/en/environment-climate-change/services/national-pollutant-release-inventory/tools-resources-data/exploredata.html
npri-1471-2023-7,2023,compa50ae012,NA - 11,tonnes,0.018,,ON-MAIN-2e13aaa0,,,https://www.canada.ca/en/environment-climate-change/services/national-pollutant-release-inventory/tools-resources-data/exploredata.html
npri-1471-2023-8,2023,compa50ae012,7697-37-2,tonnes,0.1,,ON-MAIN-2e13aaa0,,,https://www.canada.ca/en/environment-climate-change/services/national-pollutant-release-inventory/tools-resources-data/exploredata.html
npri-1471-2023-9,2023,compa50ae012,NA - M09,tonnes,0.081,,ON-MAIN-2e13aaa0,,,https://www.canada.ca/en/environment-climate-change/services/national-pollutant-release-inventory/tools-resources-data/exploredata.html
npri-1471-2023-10,2023,compa50ae012,NA - M10,tonnes,0.0087,,ON-MAIN-2e13aaa0,,,https://www.canada.ca/en/environment-climate-change/services/national-pollutant-release-inventory/tools-resources-data/exploredata.html
npri-1471-2023-11,2023,compa50ae012,NA - 12,kg,0.98,,ON-MAIN-2e13aaa0,,,https://www.canada.ca/en/environment-climate-change/services/national-pollutant-release-inventory/tools-resources-data/exploredata.html
npri-1471-2023-12,2023,compa50ae012,7446-09-5,tonnes,0.45,,ON-MAIN-2e13aaa0,,,https://www.canada.ca/en/environment-climate-change/services/national-pollutant-release-inventory/tools-resources-data/exploredata.html
npri-1471-2023-13,2023,compa50ae012,NA - M08,tonnes,0.8302,,ON-MAIN-2e13aaa0,,,https://www.canada.ca/en/environment-climate-change/services/national-pollutant-release-inventory/tools-resources-data/exploredata.html
npri-28761-2023-1,2023,compa50ae012,NA - 03,kg,1.01,,NL-MAIN-d9036091,,,https://www.canada.ca/en/environment-climate-change/services/national-pollutant-release-inventory/tools-resources-data/exploredata.html
npri-28761-2023-2,2023,compa50ae012,NA - 05,kg,14.04,,NL-MAIN-d9036091,,,https://www.canada.ca/en/environment-climate-change/services/national-pollutant-release-inventory/tools-resources-data/exploredata.html
npri-28761-2023-3,2023,compa50ae012,NA - 06,tonnes,0.034,,NL-MAIN-d9036091,,,https://www.canada.ca/en/environment-climate-change/services/national-pollutant-release-inventory/tools-resources-data/exploredata.html
npri-28761-2023-4,2023,compa50ae012,7783-06-4,tonnes,0.485,,NL-MAIN-d9036091,,,https://www.canada.ca/en/environment-climate-change/services/national-pollutant-release-inventory/tools-resources-data/exploredata.html
npri-28761-2023-5,2023,compa50ae012,NA - 08,kg,0.58,,NL-MAIN-d9036091,,,https://www.canada.ca/en/environment-climate-change/services/national-pollutant-release-inventory/tools-resources-data/exploredata.html
npri-28761-2023-6,2023,compa50ae012,NA - 09,tonnes,0.0029,,NL-MAIN-d9036091,,,https://www.canada.ca/en/environment-climate-change/services/national-pollutant-release-inventory/tools-resources-data/exploredata.html
npri-28761-2023-7,2023,compa50ae012,NA - 11,tonnes,0.256,,NL-MAIN-d9036091,,,https://www.canada.ca/en/environment-climate-change/services/national-pollutant-release-inventory/tools-resources-data/exploredata.html
npri-28761-2023-8,2023,compa50ae012,11104-93-1,tonnes,13.2801,,NL-MAIN-d9036091,,,https://www.canada.ca/en/environment-climate-change/services/national-pollutant-release-inventory/tools-resources-data/exploredata.html
npri-28761-2023-9,2023,compa50ae012,NA - M09,tonnes,9.1898,,NL-MAIN-d9036091,,,https://www.canada.ca/en/environment-climate-change/services/national-pollutant-release-inventory/tools-resources-data/exploredata.html
npri-28761-2023-10,2023,compa50ae012,NA - M10,tonnes,7.86,,NL-MAIN-d9036091,,,https://www.canada.ca/en/environment-climate-change/services/national-pollutant-release-inventory/tools-resources-data/exploredata.html
npri-28761-2023-11,2023,compa50ae012,7446-09-5,tonnes,4.405,,NL-MAIN-d9036091,,,https://www.canada.ca/en/environment-climate-change/services/national-pollutant-release-inventory/tools-resources-data/exploredata.html
npri-28761-2023-12,2023,compa50ae012,7664-93-9,tonnes,0.2475,,NL-MAIN-d9036091,,,https://www.canada.ca/en/environment-climate-change/services/national-pollutant-release-inventory/tools-resources-data/exploredata.html
npri-28761-2023-13,2023,compa50ae012,NA - M08,tonnes,11.3973,,NL-MAIN-d9036091,,,https://www.canada.ca/en/environment-climate-change/services/national-pollutant-release-inventory/tools-resources-data/exploredata.html
npri-28761-2023-14,2023,compa50ae012,NA - M14,tonnes,0.485,,NL-MAIN-d9036091,,,https://www.canada.ca/en/environment-climate-change/services/national-pollutant-release-inventory/tools-resources-data/exploredata.html
npri-28761-2023-15,2023,compa50ae012,NA - 14,tonnes,0.0203,,NL-MAIN-d9036091,,,https://www.canada.ca/en/environment-climate-change/services/national-pollutant-release-inventory/tools-resources-data/exploredata.html
npri-1070-2023-21,2023,comp1dcc546c,NA - M16,tonnes,3.1414,,ON-MAIN-eab8c362,,,https://www.canada.ca/en/environment-climate-change/services/national-pollutant-release-inventory/tools-resources-data/exploredata.html
npri-3713-2023-56,2023,comp1dcc546c,NA - 16,tonnes,0.000271,,ON-MAIN-4c35e094,,,https://www.canada.ca/en/environment-climate-change/services/national-pollutant-release-inventory/tools-resources-data/exploredata.html
npri-3713-2023-57,2023,comp1dcc546c,NA - 01,tonnes,0.002383,,ON-MAIN-4c35e094,,,https://www.canada.ca/en/environment-climate-change/services/national-pollutant-release-inventory/tools-resources-data/exploredata.html
npri-3713-2023-58,2023,comp1dcc546c,NA - 02,kg,0.786574,,ON-MAIN-4c35e094,,,https://www.canada.ca/en/environment-climate-change/services/national-pollutant-release-inventory/tools-resources-data/exploredata.html
npri-3713-2023-59,2023,comp1dcc546c,71-43-2,tonnes,0.000903,,ON-MAIN-4c35e094,,,https://www.canada.ca/en/environment-climate-change/services/national-pollutant-release-inventory/tools-resources-data/exploredata.html
npri-3713-2023-60,2023,comp1dcc546c,NA - 03,kg,0.043325,,ON-MAIN-4c35e094,,,https://www.canada.ca/en/environment-climate-change/services/national-pollutant-release-inventory/tools-resources-data/exploredata.html
npri-3713-2023-61,2023,comp1dcc546c,NA - 04,tonnes,0.016055,,ON-MAIN-4c35e094,,,https://www.canada.ca/en/environment-climate-change/services/national-pollutant-release-inventory/tools-resources-data/exploredata.html
npri-3713-2023-62,2023,comp1dcc546c,NA - 05,kg,0.32494,,ON-MAIN-4c35e094,,,https://www.canada.ca/en/environment-climate-change/services/national-pollutant-release-inventory/tools-resources-data/exploredata.html
npri-3713-2023-63,2023,comp1dcc546c,NA - 06,tonnes,0.001158,,ON-MAIN-4c35e094,,,https://www.canada.ca/en/environment-climate-change/services/national-pollutant-release-inventory/tools-resources-data/exploredata.html
npri-3713-2023-64,2023,comp1dcc546c,7783-06-4,tonnes,5.5e-05,,ON-MAIN-4c35e094,,,https://www.canada.ca/en/environment-climate-change/services/national-pollutant-release-inventory/tools-resources-data/exploredata.html
npri-3713-2023-65,2023,comp1dcc546c,NA - 08,kg,3.944787,,ON-MAIN-4c35e094,,,https://www.canada.ca/en/environment-climate-change/services/national-pollutant-release-inventory/tools-resources-data/exploredata.html
npri-3713-2023-66,2023,comp1dcc546c,NA - 09,tonnes,0.23696,,ON-MAIN-4c35e094,,,https://www.canada.ca/en/environment-climate-change/services/national-pollutant-release-inventory/tools-resources-data/exploredata.html
npri-3713-2023-67,2023,comp1dcc546c,91-20-3,tonnes,9.5e-05,,ON-MAIN-4c35e094,,,https://www.canada.ca/en/environment-climate-change/services/national-pollutant-release-inventory/tools-resources-data/exploredata.html
npri-3713-2023-68,2023,comp1dcc546c,NA - 11,tonnes,0.000433,,ON-MAIN-4c35e094,,,https://www.canada.ca/en/environment-climate-change/services/national-pollutant-release-inventory/tools-resources-data/exploredata.html
npri-3713-2023-69,2023,comp1dcc546c,NA - 22,tonnes,0.031489,,ON-MAIN-4c35e094,,,https://www.canada.ca/en/environment-climate-change/services/national-pollutant-release-inventory/tools-resources-data/exploredata.html
npri-3713-2023-70,2023,comp1dcc546c,NA - M09,tonnes,43.019708,,ON-MAIN-4c35e094,,,https://www.canada.ca/en/environment-climate-change/services/national-pollutant-release-inventory/tools-resources-data/exploredata.html
npri-3713-2023-71,2023,comp1dcc546c,NA - M10,tonnes,7.856294,,ON-MAIN-4c35e094,,,https://www.canada.ca/en/environment-climate-change/services/national-pollutant-release-inventory/tools-resources-data/exploredata.html
npri-3713-2023-72,2023,comp1dcc546c,NA - 12,kg,0.649881,,ON-MAIN-4c35e094,,,https://www.canada.ca/en/environment-climate-change/services/national-pollutant-release-inventory/tools-resources-data/exploredata.html
npri-3713-2023-73,2023,comp1dcc546c,NA - 37,kg,1.083135,,ON-MAIN-4c35e094,,,https://www.canada.ca/en/environment-climate-change/services/national-pollutant-release-inventory/tools-resources-data/exploredata.html
npri-3713-2023-74,2023,comp1dcc546c,NA - M08,tonnes,91.177901,,ON-MAIN-4c35e094,,,https://www.canada.ca/en/environment-climate-change/services/national-pollutant-release-inventory/tools-resources-data/exploredata.html
npri-3713-2023-75,2023,comp1dcc546c,NA - M14,tonnes,6.8e-05,,ON-MAIN-4c35e094,,,https://www.canada.ca/en/environment-climate-change/services/national-pollutant-release-inventory/tools-resources-data/exploredata.html
npri-3713-2023-76,2023,comp1dcc546c,NA - 40,tonnes,0.004353,,ON-MAIN-4c35e094,,,https://www.canada.ca/en/environment-climate-change/services/national-pollutant-release-inventory/tools-resources-data/exploredata.html
npri-3713-2023-77,2023,comp1dcc546c,NA - M16,tonnes,0.001246,,ON-MAIN-4c35e094,,,https://www.canada.ca/en/environment-climate-change/services/national-pollutant-release-inventory/tools-resources-data/exploredata.html
npri-3713-2023-78,2023,comp1dcc546c,1330-20-7,tonnes,0.000137,,ON-MAIN-4c35e094,,,https://www.canada.ca/en/environment-climate-change/services/national-pollutant-release-inventory/tools-resources-data/exploredata.html
npri-3713-2023-79,2023,comp1dcc546c,NA - 14,tonnes,0.004975,,ON-MAIN-4c35e094,,,https://www.canada.ca/en/environment-climate-change/services/national-pollutant-release-inventory/tools-resources-data/exploredata.html
npri-2740-2023-28,2023,comp1dcc546c,NA - 02,kg,0.0159,,SK-MAIN-26b9aaf3,,,https://www.canada.ca/en/environment-climate-change/services/national-pollutant-release-inventory/tools-resources-data/exploredata.html
npri-2740-2023-29,2023,comp1dcc546c,NA - 03,kg,0.0046,,SK-MAIN-26b9aaf3,,,https://www.canada.ca/en/environment-climate-change/services/national-pollutant-release-inventory/tools-resources-data/exploredata.html
npri-2740-2023-30,2023,comp1dcc546c,NA - 05,kg,0.0103,,SK-MAIN-26b9aaf3,,,https://www.canada.ca/en/environment-climate-change/services/national-pollutant-release-inventory/tools-resources-data/exploredata.html
npri-2740-2023-31,2023,comp1dcc546c,NA - 19,kg,0.0015,,SK-MAIN-26b9aaf3,,,https://www.canada.ca/en/environment-climate-change/services/national-pollutant-release-inventory/tools-resources-data/exploredata.html
npri-2740-2023-32,2023,comp1dcc546c,NA - 08,kg,0.0881,,SK-MAIN-26b9aaf3,,,https://www.canada.ca/en/environment-climate-change/services/national-pollutant-release-inventory/tools-resources-data/exploredata.html
npri-2740-2023-33,2023,comp1dcc546c,NA - M09,tonnes,3.4022,,SK-MAIN-26b9aaf3,,,https://www.canada.ca/en/environment-climate-change/services/national-pollutant-release-inventory/tools-resources-data/exploredata.html
npri-2740-2023-34,2023,comp1dcc546c,NA - M10,tonnes,0.5086,,SK-MAIN-26b9aaf3,,,https://www.canada.ca/en/environment-climate-change/services/national-pollutant-release-inventory/tools-resources-data/exploredata.html
npri-2740-2023-35,2023,comp1dcc546c,NA - 12,kg,0.0026,,SK-MAIN-26b9aaf3,,,https://www.canada.ca/en/environment-climate-change/services/national-pollutant-release-inventory/tools-resources-data/exploredata.html
npri-2740-2023-36,2023,comp1dcc546c,NA - M08,tonnes,7.1258,,SK-MAIN-26b9aaf3,,,https://www.canada.ca/en/environment-climate-change/services/national-pollutant-release-inventory/tools-resources-data/exploredata.html
npri-2740-2023-37,2023,comp1dcc546c,NA - M16,tonnes,0.2323,,SK-MAIN-26b9aaf3,,,https://www.canada.ca/en/environment-climate-change/services/national-pollutant-release-inventory/tools-resources-data/exploredata.html
npri-2740-2023-38,2023,comp1dcc546c,NA - 14,tonnes,0.0013,,SK-MAIN-26b9aaf3,,,https://www.canada.ca/en/environment-climate-change/services/national-pollutant-release-inventory/tools-resources-data/exploredata.html
npri-3824-2023-15,2023,comp1dcc546c,NA - 02,kg,0.005,,ON-MAIN-21b6ab35,,,https://www.canada.ca/en/environment-climate-change/services/national-pollutant-release-inventory/tools-resources-data/exploredata.html
npri-3824-2023-16,2023,comp1dcc546c,NA - 03,kg,0.0208,,ON-MAIN-21b6ab35,,,https://www.canada.ca/en/environment-climate-change/services/national-pollutant-release-inventory/tools-resources-data/exploredata.html
npri-1651-2023-15,2023,comp1dcc546c,NA - 08,kg,0.03254,,MB-MAIN-b4ca1426,,,https://www.canada.ca/en/environment-climate-change/services/national-pollutant-release-inventory/tools-resources-data/exploredata.html
npri-3824-2023-17,2023,comp1dcc546c,NA - 08,kg,0.6576,,ON-MAIN-21b6ab35,,,https://www.canada.ca/en/environment-climate-change/services/national-pollutant-release-inventory/tools-resources-data/exploredata.html
npri-1651-2023-16,2023,comp1dcc546c,NA - 09,tonnes,0.0004,,MB-MAIN-b4ca1426,,,https://www.canada.ca/en/environment-climate-change/services/national-pollutant-release-inventory/tools-resources-data/exploredata.html
npri-3824-2023-18,2023,comp1dcc546c,NA - 09,tonnes,0.0098,,ON-MAIN-21b6ab35,,,https://www.canada.ca/en/environment-climate-change/services/national-pollutant-release-inventory/tools-resources-data/exploredata.html
npri-1651-2023-17,2023,comp1dcc546c,NA - 10,kg,7.1e-05,,MB-MAIN-b4ca1426,,,https://www.canada.ca/en/environment-climate-change/services/national-pollutant-release-inventory/tools-resources-data/exploredata.html
npri-1651-2023-18,2023,comp1dcc546c,NA - M09,tonnes,1.6092,,MB-MAIN-b4ca1426,,,https://www.canada.ca/en/environment-climate-change/services/national-pollutant-release-inventory/tools-resources-data/exploredata.html
npri-3824-2023-19,2023,comp1dcc546c,NA - M09,tonnes,0.4479,,ON-MAIN-21b6ab35,,,https://www.canada.ca/en/environment-climate-change/services/national-pollutant-release-inventory/tools-resources-data/exploredata.html
npri-1651-2023-19,2023,comp1dcc546c,NA - M10,tonnes,0.57613,,MB-MAIN-b4ca1426,,,https://www.canada.ca/en/environment-climate-change/services/national-pollutant-release-inventory/tools-resources-data/exploredata.html
npri-3824-2023-20,2023,comp1dcc546c,NA - M10,tonnes,0.0489,,ON-MAIN-21b6ab35,,,https://www.canada.ca/en/environment-climate-change/services/national-pollutant-release-inventory/tools-resources-data/exploredata.html
npri-1651-2023-20,2023,comp1dcc546c,NA - M08,tonnes,3.23819,,MB-MAIN-b4ca1426,,,https://www.canada.ca/en/environment-climate-change/services/national-pollutant-release-inventory/tools-resources-data/exploredata.html
npri-3824-2023-21,2023,comp1dcc546c,NA - M08,tonnes,0.862,,ON-MAIN-21b6ab35,,,https://www.canada.ca/en/environment-climate-change/services/national-pollutant-release-inventory/tools-resources-data/exploredata.html
npri-1651-2023-21,2023,comp1dcc546c,NA - 14,tonnes,0.00082,,MB-MAIN-b4ca1426,,,https://www.canada.ca/en/environment-climate-change/services/national-pollutant-release-inventory/tools-resources-data/exploredata.html
npri-3824-2023-22,2023,comp1dcc546c,NA - 14,tonnes,0.0002,,ON-MAIN-21b6ab35,,,https://www.canada.ca/en/environment-climate-change/services/national-pollutant-release-inventory/tools-resources-data/exploredata.html
npri-1236-2023-27,2023,comp1dcc546c,NA - 02,kg,0.3481,,ON-MAIN-40ce0593,,,https://www.canada.ca/en/environment-climate-change/services/national-pollutant-release-inventory/tools-resources-data/exploredata.html
npri-1236-2023-28,2023,comp1dcc546c,NA - 03,kg,0.0673,,ON-MAIN-40ce0593,,,https://www.canada.ca/en/environment-climate-change/services/national-pollutant-release-inventory/tools-resources-data/exploredata.html
npri-1236-2023-29,2023,comp1dcc546c,NA - 04,tonnes,0.0265,,ON-MAIN-40ce0593,,,https://www.canada.ca/en/environment-climate-change/services/national-pollutant-release-inventory/tools-resources-data/exploredata.html
npri-1236-2023-30,2023,comp1dcc546c,NA - 05,kg,26.9041,,ON-MAIN-40ce0593,,,https://www.canada.ca/en/environment-climate-change/services/national-pollutant-release-inventory/tools-resources-data/exploredata.html
npri-1236-2023-31,2023,comp1dcc546c,NA - 06,tonnes,0.0609,,ON-MAIN-40ce0593,,,https://www.canada.ca/en/environment-climate-change/services/national-pollutant-release-inventory/tools-resources-data/exploredata.html
npri-1236-2023-32,2023,comp1dcc546c,7664-39-3,tonnes,0.0022,,ON-MAIN-40ce0593,,,https://www.canada.ca/en/environment-climate-change/services/national-pollutant-release-inventory/tools-resources-data/exploredata.html
npri-1236-2023-33,2023,comp1dcc546c,NA - 08,kg,0.7162,,ON-MAIN-40ce0593,,,https://www.canada.ca/en/environment-climate-change/services/national-pollutant-release-inventory/tools-resources-data/exploredata.html
npri-1236-2023-34,2023,comp1dcc546c,NA - 09,tonnes,0.0089,,ON-MAIN-40ce0593,,,https://www.canada.ca/en/environment-climate-change/services/national-pollutant-release-inventory/tools-resources-data/exploredata.html
npri-1236-2023-35,2023,comp1dcc546c,NA - 10,kg,0.001,,ON-MAIN-40ce0593,,,https://www.canada.ca/en/environment-climate-change/services/national-pollutant-release-inventory/tools-resources-data/exploredata.html
npri-1236-2023-36,2023,comp1dcc546c,NA - 11,tonnes,0.2153,,ON-MAIN-40ce0593,,,https://www.canada.ca/en/environment-climate-change/services/national-pollutant-release-inventory/tools-resources-data/exploredata.html
npri-1236-2023-37,2023,comp1dcc546c,NA - 22,tonnes,0.0007,,ON-MAIN-40ce0593,,,https://www.canada.ca/en/environment-climate-change/services/national-pollutant-release-inventory/tools-resources-data/exploredata.html
npri-1236-2023-38,2023,comp1dcc546c,NA - M09,tonnes,3.2752,,ON-MAIN-40ce0593,,,https://www.canada.ca/en/environment-climate-change/services/national-pollutant-release-inventory/tools-resources-data/exploredata.html
npri-1236-2023-39,2023,comp1dcc546c,NA - M10,tonnes,0.4839,,ON-MAIN-40ce0593,,,https://www.canada.ca/en/environment-climate-change/services/national-pollutant-release-inventory/tools-resources-data/exploredata.html
npri-1236-2023-40,2023,comp1dcc546c,NA - 12,kg,0.1423,,ON-MAIN-40ce0593,,,https://www.canada.ca/en/environment-climate-change/services/national-pollutant-release-inventory/tools-resources-data/exploredata.html
npri-1236-2023-41,2023,comp1dcc546c,7664-93-9,tonnes,0.0041,,ON-MAIN-40ce0593,,,https://www.canada.ca/en/environment-climate-change/services/national-pollutant-release-inventory/tools-resources-data/exploredata.html
npri-1236-2023-42,2023,comp1dcc546c,NA - 37,kg,0.0092,,ON-MAIN-40ce0593,,,https://www.canada.ca/en/environment-climate-change/services/national-pollutant-release-inventory/tools-resources-data/exploredata.html
npri-1236-2023-43,2023,comp1dcc546c,NA - M08,tonnes,6.1017,,ON-MAIN-40ce0593,,,https://www.canada.ca/en/environment-climate-change/services/national-pollutant-release-inventory/tools-resources-data/exploredata.html
npri-1236-2023-44,2023,comp1dcc546c,NA - 40,tonnes,0.0012,,ON-MAIN-40ce0593,,,https://www.canada.ca/en/environment-climate-change/services/national-pollutant-release-inventory/tools-resources-data/exploredata.html
npri-1236-2023-45,2023,comp1dcc546c,NA - 14,tonnes,0.0044,,ON-MAIN-40ce0593,,,https://www.canada.ca/en/environment-climate-change/services/national-pollutant-release-inventory/tools-resources-data/exploredata.html
npri-3855-2023-35,2023,comp1dcc546c,NA - 16,tonnes,0.3813,,ON-MAIN-b2e5c9bb,,,https://www.canada.ca/en/environment-climate-change/services/national-pollutant-release-inventory/tools-resources-data/exploredata.html
npri-3855-2023-36,2023,comp1dcc546c,71-43-2,tonnes,4.888,,ON-MAIN-b2e5c9bb,,,https://www.canada.ca/en/environment-climate-change/services/national-pollutant-release-inventory/tools-resources-data/exploredata.html
npri-3855-2023-37,2023,comp1dcc546c,NA - M09,tonnes,2.6954,,ON-MAIN-b2e5c9bb,,,https://www.canada.ca/en/environment-climate-change/services/national-pollutant-release-inventory/tools-resources-data/exploredata.html
npri-3855-2023-38,2023,comp1dcc546c,NA - M10,tonnes,0.209,,ON-MAIN-b2e5c9bb,,,https://www.canada.ca/en/environment-climate-change/services/national-pollutant-release-inventory/tools-resources-data/exploredata.html
npri-3855-2023-39,2023,comp1dcc546c,108-88-3,tonnes,0.4888,,ON-MAIN-b2e5c9bb,,,https://www.canada.ca/en/environment-climate-change/services/national-pollutant-release-inventory/tools-resources-data/exploredata.html
npri-3855-2023-40,2023,comp1dcc546c,NA - M08,tonnes,5.3909,,ON-MAIN-b2e5c9bb,,,https://www.canada.ca/en/environment-climate-change/services/national-pollutant-release-inventory/tools-resources-data/exploredata.html
npri-3855-2023-41,2023,comp1dcc546c,NA - M16,tonnes,5.5726,,ON-MAIN-b2e5c9bb,,,https://www.canada.ca/en/environment-climate-change/services/national-pollutant-release-inventory/tools-resources-data/exploredata.html
npri-28761-2023-16,2023,comp1dcc546c,7647-01-0,tonnes,0.0584,,NL-MAIN-d9036091,,,https://www.canada.ca/en/environment-climate-change/services/national-pollutant-release-inventory/tools-resources-data/exploredata.html
npri-1070-2023-22,2023,comp7d3e3488,83-32-9,kg,108.045,,ON-MAIN-eab8c362,,,https://www.canada.ca/en/environment-climate-change/services/national-pollutant-release-inventory/tools-resources-data/exploredata.html
npri-1070-2023-23,2023,comp7d3e3488,NA - 16,tonnes,1.15419,,ON-MAIN-eab8c362,,,https://www.canada.ca/en/environment-climate-change/services/national-pollutant-release-inventory/tools-resources-data/exploredata.html
npri-1070-2023-24,2023,comp7d3e3488,120-12-7,kg,0.03339,,ON-MAIN-eab8c362,,,https://www.canada.ca/en/environment-climate-change/services/national-pollutant-release-inventory/tools-resources-data/exploredata.html
npri-1070-2023-25,2023,comp7d3e3488,56-55-3,kg,30.488,,ON-MAIN-eab8c362,,,https://www.canada.ca/en/environment-climate-change/services/national-pollutant-release-inventory/tools-resources-data/exploredata.html
npri-1070-2023-26,2023,comp7d3e3488,71-43-2,tonnes,11.2724,,ON-MAIN-eab8c362,,,https://www.canada.ca/en/environment-climate-change/services/national-pollutant-release-inventory/tools-resources-data/exploredata.html
npri-1070-2023-27,2023,comp7d3e3488,50-32-8,kg,28.227,,ON-MAIN-eab8c362,,,https://www.canada.ca/en/environment-climate-change/services/national-pollutant-release-inventory/tools-resources-data/exploredata.html
npri-1070-2023-28,2023,comp7d3e3488,192-97-2,kg,28.227,,ON-MAIN-eab8c362,,,https://www.canada.ca/en/environment-climate-change/services/national-pollutant-release-inventory/tools-resources-data/exploredata.html
npri-1070-2023-29,2023,comp7d3e3488,191-24-2,kg,16.88,,ON-MAIN-eab8c362,,,https://www.canada.ca/en/environment-climate-change/services/national-pollutant-release-inventory/tools-resources-data/exploredata.html
npri-1070-2023-30,2023,comp7d3e3488,207-08-9,kg,19.786,,ON-MAIN-eab8c362,,,https://www.canada.ca/en/environment-climate-change/services/national-pollutant-release-inventory/tools-resources-data/exploredata.html
npri-1070-2023-31,2023,comp7d3e3488,NA - 03,kg,0.03468,,ON-MAIN-eab8c362,,,https://www.canada.ca/en/environment-climate-change/services/national-pollutant-release-inventory/tools-resources-data/exploredata.html
npri-1070-2023-32,2023,comp7d3e3488,7789-75-5,tonnes,132.834,,ON-MAIN-eab8c362,,,https://www.canada.ca/en/environment-climate-change/services/national-pollutant-release-inventory/tools-resources-data/exploredata.html
npri-1070-2023-33,2023,comp7d3e3488,NA - 05,kg,0.786,,ON-MAIN-eab8c362,,,https://www.canada.ca/en/environment-climate-change/services/national-pollutant-release-inventory/tools-resources-data/exploredata.html
npri-1070-2023-34,2023,comp7d3e3488,226-36-8,kg,0.59244,,ON-MAIN-eab8c362,,,https://www.canada.ca/en/environment-climate-change/services/national-pollutant-release-inventory/tools-resources-data/exploredata.html
npri-1070-2023-35,2023,comp7d3e3488,53-70-3,kg,0.174,,ON-MAIN-eab8c362,,,https://www.canada.ca/en/environment-climate-change/services/national-pollutant-release-inventory/tools-resources-data/exploredata.html
npri-1070-2023-36,2023,comp7d3e3488,224-42-0,kg,1.319,,ON-MAIN-eab8c362,,,https://www.canada.ca/en/environment-climate-change/services/national-pollutant-release-inventory/tools-resources-data/exploredata.html
npri-1070-2023-37,2023,comp7d3e3488,100-41-4,tonnes,0.01148,,ON-MAIN-eab8c362,,,https://www.canada.ca/en/environment-climate-change/services/national-pollutant-release-inventory/tools-resources-data/exploredata.html
npri-1070-2023-38,2023,comp7d3e3488,74-85-1,tonnes,5.3749,,ON-MAIN-eab8c362,,,https://www.canada.ca/en/environment-climate-change/services/national-pollutant-release-inventory/tools-resources-data/exploredata.html
npri-1070-2023-39,2023,comp7d3e3488,206-44-0,kg,108.045,,ON-MAIN-eab8c362,,,https://www.canada.ca/en/environment-climate-change/services/national-pollutant-release-inventory/tools-resources-data/exploredata.html
npri-1070-2023-40,2023,comp7d3e3488,86-73-7,kg,57.399,,ON-MAIN-eab8c362,,,https://www.canada.ca/en/environment-climate-change/services/national-pollutant-release-inventory/tools-resources-data/exploredata.html
npri-1070-2023-41,2023,comp7d3e3488,7647-01-0,tonnes,0.58231,,ON-MAIN-eab8c362,,,https://www.canada.ca/en/environment-climate-change/services/national-pollutant-release-inventory/tools-resources-data/exploredata.html
npri-1070-2023-42,2023,comp7d3e3488,7783-06-4,tonnes,0.506,,ON-MAIN-eab8c362,,,https://www.canada.ca/en/environment-climate-change/services/national-pollutant-release-inventory/tools-resources-data/exploredata.html
npri-1070-2023-43,2023,comp7d3e3488,193-39-5,kg,12.6277,,ON-MAIN-eab8c362,,,https://www.canada.ca/en/environment-climate-change/services/national-pollutant-release-inventory/tools-resources-data/exploredata.html
npri-1070-2023-44,2023,comp7d3e3488,67-63-0,tonnes,30.0,,ON-MAIN-eab8c362,,,https://www.canada.ca/en/environment-climate-change/services/national-pollutant-release-inventory/tools-resources-data/exploredata.html
npri-1070-2023-45,2023,comp7d3e3488,NA - 08,kg,0.35184,,ON-MAIN-eab8c362,,,https://www.canada.ca/en/environment-climate-change/services/national-pollutant-release-inventory/tools-resources-data/exploredata.html
npri-1070-2023-46,2023,comp7d3e3488,NA - 09,tonnes,0.01181,,ON-MAIN-eab8c362,,,https://www.canada.ca/en/environment-climate-change/services/national-pollutant-release-inventory/tools-resources-data/exploredata.html
npri-1070-2023-47,2023,comp7d3e3488,NA - 10,kg,15.66466,,ON-MAIN-eab8c362,,,https://www.canada.ca/en/environment-climate-change/services/national-pollutant-release-inventory/tools-resources-data/exploredata.html
npri-1070-2023-48,2023,comp7d3e3488,91-20-3,tonnes,0.191,,ON-MAIN-eab8c362,,,https://www.canada.ca/en/environment-climate-change/services/national-pollutant-release-inventory/tools-resources-data/exploredata.html
npri-1070-2023-49,2023,comp7d3e3488,NA - 11,tonnes,0.00118,,ON-MAIN-eab8c362,,,https://www.canada.ca/en/environment-climate-change/services/national-pollutant-release-inventory/tools-resources-data/exploredata.html
npri-1070-2023-50,2023,comp7d3e3488,11104-93-1,tonnes,0.349,,ON-MAIN-eab8c362,,,https://www.canada.ca/en/environment-climate-change/services/national-pollutant-release-inventory/tools-resources-data/exploredata.html
npri-1070-2023-51,2023,comp7d3e3488,85-01-8,kg,13.5056,,ON-MAIN-eab8c362,,,https://www.canada.ca/en/environment-climate-change/services/national-pollutant-release-inventory/tools-resources-data/exploredata.html
npri-1070-2023-52,2023,comp7d3e3488,NA - M09,tonnes,28.207,,ON-MAIN-eab8c362,,,https://www.canada.ca/en/environment-climate-change/services/national-pollutant-release-inventory/tools-resources-data/exploredata.html
npri-1070-2023-53,2023,comp7d3e3488,NA - M10,tonnes,14.458,,ON-MAIN-eab8c362,,,https://www.canada.ca/en/environment-climate-change/services/national-pollutant-release-inventory/tools-resources-data/exploredata.html
npri-1070-2023-54,2023,comp7d3e3488,115-07-1,tonnes,1.0661,,ON-MAIN-eab8c362,,,https://www.canada.ca/en/environment-climate-change/services/national-pollutant-release-inventory/tools-resources-data/exploredata.html
npri-1070-2023-55,2023,comp7d3e3488,129-00-0,kg,111.421,,ON-MAIN-eab8c362,,,https://www.canada.ca/en/environment-climate-change/services/national-pollutant-release-inventory/tools-resources-data/exploredata.html
npri-1070-2023-56,2023,comp7d3e3488,7446-09-5,tonnes,424.53,,ON-MAIN-eab8c362,,,https://www.canada.ca/en/environment-climate-change/services/national-pollutant-release-inventory/tools-resources-data/exploredata.html
npri-1070-2023-57,2023,comp7d3e3488,108-88-3,tonnes,0.6903,,ON-MAIN-eab8c362,,,https://www.canada.ca/en/environment-climate-change/services/national-pollutant-release-inventory/tools-resources-data/exploredata.html
npri-1070-2023-58,2023,comp7d3e3488,NA - M08,tonnes,50.5,,ON-MAIN-eab8c362,,,https://www.canada.ca/en/environment-climate-change/services/national-pollutant-release-inventory/tools-resources-data/exploredata.html
npri-1070-2023-59,2023,comp7d3e3488,NA - M14,tonnes,0.50834,,ON-MAIN-eab8c362,,,https://www.canada.ca/en/environment-climate-change/services/national-pollutant-release-inventory/tools-resources-data/exploredata.html
npri-1070-2023-60,2023,comp7d3e3488,NA - M16,tonnes,61.2842,,ON-MAIN-eab8c362,,,https://www.canada.ca/en/environment-climate-change/services/national-pollutant-release-inventory/tools-resources-data/exploredata.html
npri-1070-2023-61,2023,comp7d3e3488,1330-20-7,tonnes,0.062,,ON-MAIN-eab8c362,,,https://www.canada.ca/en/environment-climate-change/services/national-pollutant-release-inventory/tools-resources-data/exploredata.html
npri-1070-2023-62,2023,comp7d3e3488,NA - 14,tonnes,0.01753,,ON-MAIN-eab8c362,,,https://www.canada.ca/en/environment-climate-change/services/national-pollutant-release-inventory/tools-resources-data/exploredata.html
npri-1106-2023-23,2023,comp7d3e3488,NA - 02,kg,25.483,,AB-MAIN-9fed34a8,,,https://www.canada.ca/en/environment-climate-change/services/national-pollutant-release-inventory/tools-resources-data/exploredata.html
npri-1106-2023-24,2023,comp7d3e3488,NA - 03,kg,3.058,,AB-MAIN-9fed34a8,,,https://www.canada.ca/en/environment-climate-change/services/national-pollutant-release-inventory/tools-resources-data/exploredata.html
npri-1106-2023-25,2023,comp7d3e3488,7789-75-5,tonnes,2.239,,AB-MAIN-9fed34a8,,,https://www.canada.ca/en/environment-climate-change/services/national-pollutant-release-inventory/tools-resources-data/exploredata.html
npri-1106-2023-26,2023,comp7d3e3488,630-08-0,tonnes,105.23,,AB-MAIN-9fed34a8,,,https://www.canada.ca/en/environment-climate-change/services/national-pollutant-release-inventory/tools-resources-data/exploredata.html
npri-1106-2023-27,2023,comp7d3e3488,NA - 04,tonnes,0.106,,AB-MAIN-9fed34a8,,,https://www.canada.ca/en/environment-climate-change/services/national-pollutant-release-inventory/tools-resources-data/exploredata.html
npri-1106-2023-28,2023,comp7d3e3488,NA - 06,tonnes,0.273,,AB-MAIN-9fed34a8,,,https://www.canada.ca/en/environment-climate-change/services/national-pollutant-release-inventory/tools-resources-data/exploredata.html
npri-1106-2023-29,2023,comp7d3e3488,NA - D/F,g TEQ,0.011651,,AB-MAIN-9fed34a8,,,https://www.canada.ca/en/environment-climate-change/services/national-pollutant-release-inventory/tools-resources-data/exploredata.html
npri-1106-2023-30,2023,comp7d3e3488,118-74-1,grams,12.3,,AB-MAIN-9fed34a8,,,https://www.canada.ca/en/environment-climate-change/services/national-pollutant-release-inventory/tools-resources-data/exploredata.html
npri-1106-2023-31,2023,comp7d3e3488,NA - 19,kg,12.985,,AB-MAIN-9fed34a8,,,https://www.canada.ca/en/environment-climate-change/services/national-pollutant-release-inventory/tools-resources-data/exploredata.html
npri-1106-2023-32,2023,comp7d3e3488,NA - 08,kg,330.45,,AB-MAIN-9fed34a8,,,https://www.canada.ca/en/environment-climate-change/services/national-pollutant-release-inventory/tools-resources-data/exploredata.html
npri-1106-2023-33,2023,comp7d3e3488,NA - 09,tonnes,0.902,,AB-MAIN-9fed34a8,,,https://www.canada.ca/en/environment-climate-change/services/national-pollutant-release-inventory/tools-resources-data/exploredata.html
npri-1106-2023-34,2023,comp7d3e3488,NA - 10,kg,1.317,,AB-MAIN-9fed34a8,,,https://www.canada.ca/en/environment-climate-change/services/national-pollutant-release-inventory/tools-resources-data/exploredata.html
npri-1106-2023-35,2023,comp7d3e3488,NA - 11,tonnes,0.083,,AB-MAIN-9fed34a8,,,https://www.canada.ca/en/environment-climate-change/services/national-pollutant-release-inventory/tools-resources-data/exploredata.html
npri-1106-2023-36,2023,comp7d3e3488,11104-93-1,tonnes,28.24,,AB-MAIN-9fed34a8,,,https://www.canada.ca/en/environment-climate-change/services/national-pollutant-release-inventory/tools-resources-data/exploredata.html
npri-1106-2023-37,2023,comp7d3e3488,NA - M09,tonnes,27.01,,AB-MAIN-9fed34a8,,,https://www.canada.ca/en/environment-climate-change/services/national-pollutant-release-inventory/tools-resources-data/exploredata.html
npri-1106-2023-38,2023,comp7d3e3488,NA - M10,tonnes,15.45,,AB-MAIN-9fed34a8,,,https://www.canada.ca/en/environment-climate-change/services/national-pollutant-release-inventory/tools-resources-data/exploredata.html
npri-1106-2023-39,2023,comp7d3e3488,NA - 12,kg,15.619,,AB-MAIN-9fed34a8,,,https://www.canada.ca/en/environment-climate-change/services/national-pollutant-release-inventory/tools-resources-data/exploredata.html
npri-1106-2023-40,2023,comp7d3e3488,7446-09-5,tonnes,6.01,,AB-MAIN-9fed34a8,,,https://www.canada.ca/en/environment-climate-change/services/national-pollutant-release-inventory/tools-resources-data/exploredata.html
npri-1106-2023-41,2023,comp7d3e3488,NA - M08,tonnes,61.84,,AB-MAIN-9fed34a8,,,https://www.canada.ca/en/environment-climate-change/services/national-pollutant-release-inventory/tools-resources-data/exploredata.html
npri-1106-2023-42,2023,comp7d3e3488,NA - 40,tonnes,0.042,,AB-MAIN-9fed34a8,,,https://www.canada.ca/en/environment-climate-change/services/national-pollutant-release-inventory/tools-resources-data/exploredata.html
npri-1106-2023-43,2023,comp7d3e3488,NA - M16,tonnes,3.7,,AB-MAIN-9fed34a8,,,https://www.canada.ca/en/environment-climate-change/services/national-pollutant-release-inventory/tools-resources-data/exploredata.html
npri-1106-2023-44,2023,comp7d3e3488,NA - 14,tonnes,1.724,,AB-MAIN-9fed34a8,,,https://www.canada.ca/en/environment-climate-change/services/national-pollutant-release-inventory/tools-resources-data/exploredata.html
npri-4778-2023-32,2023,comp7d3e3488,83-32-9,kg,228.6291,,QC-MAIN-8d6616b4,,,https://www.canada.ca/en/environment-climate-change/services/national-pollutant-release-inventory/tools-resources-data/exploredata.html
npri-4778-2023-33,2023,comp7d3e3488,208-96-8,kg,6.4481,,QC-MAIN-8d6616b4,,,https://www.canada.ca/en/environment-climate-change/services/national-pollutant-release-inventory/tools-resources-data/exploredata.html
npri-4778-2023-34,2023,comp7d3e3488,120-12-7,kg,8.977,,QC-MAIN-8d6616b4,,,https://www.canada.ca/en/environment-climate-change/services/national-pollutant-release-inventory/tools-resources-data/exploredata.html
npri-4778-2023-35,2023,comp7d3e3488,56-55-3,kg,2.2324,,QC-MAIN-8d6616b4,,,https://www.canada.ca/en/environment-climate-change/services/national-pollutant-release-inventory/tools-resources-data/exploredata.html
npri-4778-2023-36,2023,comp7d3e3488,50-32-8,kg,0.5135,,QC-MAIN-8d6616b4,,,https://www.canada.ca/en/environment-climate-change/services/national-pollutant-release-inventory/tools-resources-data/exploredata.html
npri-4778-2023-37,2023,comp7d3e3488,205-99-2,kg,7.5738,,QC-MAIN-8d6616b4,,,https://www.canada.ca/en/environment-climate-change/services/national-pollutant-release-inventory/tools-resources-data/exploredata.html
npri-4778-2023-38,2023,comp7d3e3488,192-97-2,kg,4.2202,,QC-MAIN-8d6616b4,,,https://www.canada.ca/en/environment-climate-change/services/national-pollutant-release-inventory/tools-resources-data/exploredata.html
npri-4778-2023-39,2023,comp7d3e3488,191-24-2,kg,0.9703,,QC-MAIN-8d6616b4,,,https://www.canada.ca/en/environment-climate-change/services/national-pollutant-release-inventory/tools-resources-data/exploredata.html
npri-4778-2023-40,2023,comp7d3e3488,205-82-3,kg,1.9923,,QC-MAIN-8d6616b4,,,https://www.canada.ca/en/environment-climate-change/services/national-pollutant-release-inventory/tools-resources-data/exploredata.html
npri-4778-2023-41,2023,comp7d3e3488,207-08-9,kg,2.0959,,QC-MAIN-8d6616b4,,,https://www.canada.ca/en/environment-climate-change/services/national-pollutant-release-inventory/tools-resources-data/exploredata.html
npri-4778-2023-42,2023,comp7d3e3488,630-08-0,tonnes,1667.039,,QC-MAIN-8d6616b4,,,https://www.canada.ca/en/environment-climate-change/services/national-pollutant-release-inventory/tools-resources-data/exploredata.html
npri-4778-2023-43,2023,comp7d3e3488,463-58-1,tonnes,10.748,,QC-MAIN-8d6616b4,,,https://www.canada.ca/en/environment-climate-change/services/national-pollutant-release-inventory/tools-resources-data/exploredata.html
npri-4778-2023-44,2023,comp7d3e3488,218-01-9,kg,10.5359,,QC-MAIN-8d6616b4,,,https://www.canada.ca/en/environment-climate-change/services/national-pollutant-release-inventory/tools-resources-data/exploredata.html
npri-4778-2023-45,2023,comp7d3e3488,53-70-3,kg,0.2167,,QC-MAIN-8d6616b4,,,https://www.canada.ca/en/environment-climate-change/services/national-pollutant-release-inventory/tools-resources-data/exploredata.html
npri-4778-2023-46,2023,comp7d3e3488,5385-75-1,kg,0.1036,,QC-MAIN-8d6616b4,,,https://www.canada.ca/en/environment-climate-change/services/national-pollutant-release-inventory/tools-resources-data/exploredata.html
npri-4778-2023-47,2023,comp7d3e3488,206-44-0,kg,135.8911,,QC-MAIN-8d6616b4,,,https://www.canada.ca/en/environment-climate-change/services/national-pollutant-release-inventory/tools-resources-data/exploredata.html
npri-4778-2023-48,2023,comp7d3e3488,86-73-7,kg,179.7212,,QC-MAIN-8d6616b4,,,https://www.canada.ca/en/environment-climate-change/services/national-pollutant-release-inventory/tools-resources-data/exploredata.html
npri-4778-2023-49,2023,comp7d3e3488,7664-39-3,tonnes,135.525,,QC-MAIN-8d6616b4,,,https://www.canada.ca/en/environment-climate-change/services/national-pollutant-release-inventory/tools-resources-data/exploredata.html
npri-4778-2023-50,2023,comp7d3e3488,193-39-5,kg,1.0221,,QC-MAIN-8d6616b4,,,https://www.canada.ca/en/environment-climate-change/services/national-pollutant-release-inventory/tools-resources-data/exploredata.html
npri-4778-2023-51,2023,comp7d3e3488,91-20-3,tonnes,0.05,,QC-MAIN-8d6616b4,,,https://www.canada.ca/en/environment-climate-change/services/national-pollutant-release-inventory/tools-resources-data/exploredata.html
npri-4778-2023-52,2023,comp7d3e3488,11104-93-1,tonnes,0.019,,QC-MAIN-8d6616b4,,,https://www.canada.ca/en/environment-climate-change/services/national-pollutant-release-inventory/tools-resources-data/exploredata.html
npri-4778-2023-53,2023,comp7d3e3488,198-55-0,kg,0.0518,,QC-MAIN-8d6616b4,,,https://www.canada.ca/en/environment-climate-change/services/national-pollutant-release-inventory/tools-resources-data/exploredata.html
npri-4778-2023-54,2023,comp7d3e3488,85-01-8,kg,385.5901,,QC-MAIN-8d6616b4,,,https://www.canada.ca/en/environment-climate-change/services/national-pollutant-release-inventory/tools-resources-data/exploredata.html
npri-4778-2023-55,2023,comp7d3e3488,NA - M09,tonnes,449.365,,QC-MAIN-8d6616b4,,,https://www.canada.ca/en/environment-climate-change/services/national-pollutant-release-inventory/tools-resources-data/exploredata.html
npri-4778-2023-56,2023,comp7d3e3488,NA - M10,tonnes,330.783,,QC-MAIN-8d6616b4,,,https://www.canada.ca/en/environment-climate-change/services/national-pollutant-release-inventory/tools-resources-data/exploredata.html
npri-4778-2023-57,2023,comp7d3e3488,129-00-0,kg,56.219,,QC-MAIN-8d6616b4,,,https://www.canada.ca/en/environment-climate-change/services/national-pollutant-release-inventory/tools-resources-data/exploredata.html
npri-4778-2023-58,2023,comp7d3e3488,7446-09-5,tonnes,217.823,,QC-MAIN-8d6616b4,,,https://www.canada.ca/en/environment-climate-change/services/national-pollutant-release-inventory/tools-resources-data/exploredata.html
npri-4778-2023-59,2023,comp7d3e3488,NA - M08,tonnes,624.118,,QC-MAIN-8d6616b4,,,https://www.canada.ca/en/environment-climate-change/services/national-pollutant-release-inventory/tools-resources-data/exploredata.html
npri-4778-2023-60,2023,comp7d3e3488,NA - M14,tonnes,6.09,,QC-MAIN-8d6616b4,,,https://www.canada.ca/en/environment-climate-change/services/national-pollutant-release-inventory/tools-resources-data/exploredata.html
npri-4778-2023-61,2023,comp7d3e3488,NA - M16,tonnes,316.6917,,QC-MAIN-8d6616b4,,,https://www.canada.ca/en/environment-climate-change/services/national-pollutant-release-inventory/tools-resources-data/exploredata.html
npri-1071-2023-26,2023,comp7d3e3488,120-12-7,kg,2.2,,QC-MAIN-c8966bdc,,,https://www.canada.ca/en/environment-climate-change/services/national-pollutant-release-inventory/tools-resources-data/exploredata.html
npri-1071-2023-27,2023,comp7d3e3488,56-55-3,kg,0.1,,QC-MAIN-c8966bdc,,,https://www.canada.ca/en/environment-climate-change/services/national-pollutant-release-inventory/tools-resources-data/exploredata.html
npri-1071-2023-28,2023,comp7d3e3488,50-32-8,kg,0.2039,,QC-MAIN-c8966bdc,,,https://www.canada.ca/en/environment-climate-change/services/national-pollutant-release-inventory/tools-resources-data/exploredata.html
npri-1071-2023-29,2023,comp7d3e3488,205-99-2,kg,1.7,,QC-MAIN-c8966bdc,,,https://www.canada.ca/en/environment-climate-change/services/national-pollutant-release-inventory/tools-resources-data/exploredata.html
npri-1071-2023-30,2023,comp7d3e3488,192-97-2,kg,1.0,,QC-MAIN-c8966bdc,,,https://www.canada.ca/en/environment-climate-change/services/national-pollutant-release-inventory/tools-resources-data/exploredata.html
npri-1071-2023-31,2023,comp7d3e3488,191-24-2,kg,0.1,,QC-MAIN-c8966bdc,,,https://www.canada.ca/en/environment-climate-change/services/national-pollutant-release-inventory/tools-resources-data/exploredata.html
npri-1071-2023-32,2023,comp7d3e3488,205-82-3,kg,0.06058,,QC-MAIN-c8966bdc,,,https://www.canada.ca/en/environment-climate-change/services/national-pollutant-release-inventory/tools-resources-data/exploredata.html
npri-1071-2023-33,2023,comp7d3e3488,207-08-9,kg,0.1,,QC-MAIN-c8966bdc,,,https://www.canada.ca/en/environment-climate-change/services/national-pollutant-release-inventory/tools-resources-data/exploredata.html
npri-1071-2023-34,2023,comp7d3e3488,630-08-0,tonnes,923.2,,QC-MAIN-c8966bdc,,,https://www.canada.ca/en/environment-climate-change/services/national-pollutant-release-inventory/tools-resources-data/exploredata.html
npri-1071-2023-35,2023,comp7d3e3488,463-58-1,tonnes,3.13,,QC-MAIN-c8966bdc,,,https://www.canada.ca/en/environment-climate-change/services/national-pollutant-release-inventory/tools-resources-data/exploredata.html
npri-1071-2023-36,2023,comp7d3e3488,218-01-9,kg,4.2,,QC-MAIN-c8966bdc,,,https://www.canada.ca/en/environment-climate-change/services/national-pollutant-release-inventory/tools-resources-data/exploredata.html
npri-1071-2023-37,2023,comp7d3e3488,53-70-3,kg,0.003,,QC-MAIN-c8966bdc,,,https://www.canada.ca/en/environment-climate-change/services/national-pollutant-release-inventory/tools-resources-data/exploredata.html
npri-1071-2023-38,2023,comp7d3e3488,206-44-0,kg,32.6,,QC-MAIN-c8966bdc,,,https://www.canada.ca/en/environment-climate-change/services/national-pollutant-release-inventory/tools-resources-data/exploredata.html
npri-1071-2023-39,2023,comp7d3e3488,86-73-7,kg,34.0,,QC-MAIN-c8966bdc,,,https://www.canada.ca/en/environment-climate-change/services/national-pollutant-release-inventory/tools-resources-data/exploredata.html
npri-1071-2023-40,2023,comp7d3e3488,7664-39-3,tonnes,204.41,,QC-MAIN-c8966bdc,,,https://www.canada.ca/en/environment-climate-change/services/national-pollutant-release-inventory/tools-resources-data/exploredata.html
npri-1071-2023-41,2023,comp7d3e3488,193-39-5,kg,0.04,,QC-MAIN-c8966bdc,,,https://www.canada.ca/en/environment-climate-change/services/national-pollutant-release-inventory/tools-resources-data/exploredata.html
npri-1071-2023-42,2023,comp7d3e3488,11104-93-1,tonnes,0.014,,QC-MAIN-c8966bdc,,,https://www.canada.ca/en/environment-climate-change/services/national-pollutant-release-inventory/tools-resources-data/exploredata.html
npri-1071-2023-43,2023,comp7d3e3488,85-01-8,kg,61.1,,QC-MAIN-c8966bdc,,,https://www.canada.ca/en/environment-climate-change/services/national-pollutant-release-inventory/tools-resources-data/exploredata.html
npri-1071-2023-44,2023,comp7d3e3488,NA - M09,tonnes,301.7,,QC-MAIN-c8966bdc,,,https://www.canada.ca/en/environment-climate-change/services/national-pollutant-release-inventory/tools-resources-data/exploredata.html
npri-1071-2023-45,2023,comp7d3e3488,NA - M10,tonnes,222.1,,QC-MAIN-c8966bdc,,,https://www.canada.ca/en/environment-climate-change/services/national-pollutant-release-inventory/tools-resources-data/exploredata.html
npri-1071-2023-46,2023,comp7d3e3488,129-00-0,kg,5.3,,QC-MAIN-c8966bdc,,,https://www.canada.ca/en/environment-climate-change/services/national-pollutant-release-inventory/tools-resources-data/exploredata.html
npri-1071-2023-47,2023,comp7d3e3488,7446-09-5,tonnes,129.23,,QC-MAIN-c8966bdc,,,https://www.canada.ca/en/environment-climate-change/services/national-pollutant-release-inventory/tools-resources-data/exploredata.html
npri-1071-2023-48,2023,comp7d3e3488,NA - M08,tonnes,419.06,,QC-MAIN-c8966bdc,,,https://www.canada.ca/en/environment-climate-change/services/national-pollutant-release-inventory/tools-resources-data/exploredata.html
npri-1071-2023-49,2023,comp7d3e3488,NA - M14,tonnes,1.77,,QC-MAIN-c8966bdc,,,https://www.canada.ca/en/environment-climate-change/services/national-pollutant-release-inventory/tools-resources-data/exploredata.html
npri-1071-2023-50,2023,comp7d3e3488,NA - M16,tonnes,5.59,,QC-MAIN-c8966bdc,,,https://www.canada.ca/en/environment-climate-change/services/national-pollutant-release-inventory/tools-resources-data/exploredata.html
npri-3713-2023-80,2023,comp7d3e3488,57-97-6,kg,0.840042,,ON-MAIN-4c35e094,,,https://www.canada.ca/en/environment-climate-change/services/national-pollutant-release-inventory/tools-resources-data/exploredata.html
npri-3713-2023-81,2023,comp7d3e3488,83-32-9,kg,111.989299,,ON-MAIN-4c35e094,,,https://www.canada.ca/en/environment-climate-change/services/national-pollutant-release-inventory/tools-resources-data/exploredata.html
npri-3713-2023-82,2023,comp7d3e3488,NA - 16,tonnes,6.561403,,ON-MAIN-4c35e094,,,https://www.canada.ca/en/environment-climate-change/services/national-pollutant-release-inventory/tools-resources-data/exploredata.html
npri-3713-2023-83,2023,comp7d3e3488,120-12-7,kg,81.958794,,ON-MAIN-4c35e094,,,https://www.canada.ca/en/environment-climate-change/services/national-pollutant-release-inventory/tools-resources-data/exploredata.html
npri-3713-2023-84,2023,comp7d3e3488,NA - 01,tonnes,0.010668,,ON-MAIN-4c35e094,,,https://www.canada.ca/en/environment-climate-change/services/national-pollutant-release-inventory/tools-resources-data/exploredata.html
npri-3713-2023-85,2023,comp7d3e3488,NA - 02,kg,3.640784,,ON-MAIN-4c35e094,,,https://www.canada.ca/en/environment-climate-change/services/national-pollutant-release-inventory/tools-resources-data/exploredata.html
npri-3713-2023-86,2023,comp7d3e3488,56-55-3,kg,37.622231,,ON-MAIN-4c35e094,,,https://www.canada.ca/en/environment-climate-change/services/national-pollutant-release-inventory/tools-resources-data/exploredata.html
npri-3713-2023-87,2023,comp7d3e3488,71-43-2,tonnes,13.128929,,ON-MAIN-4c35e094,,,https://www.canada.ca/en/environment-climate-change/services/national-pollutant-release-inventory/tools-resources-data/exploredata.html
npri-3713-2023-88,2023,comp7d3e3488,50-32-8,kg,36.12558,,ON-MAIN-4c35e094,,,https://www.canada.ca/en/environment-climate-change/services/national-pollutant-release-inventory/tools-resources-data/exploredata.html
npri-3713-2023-89,2023,comp7d3e3488,205-99-2,kg,35.493966,,ON-MAIN-4c35e094,,,https://www.canada.ca/en/environment-climate-change/services/national-pollutant-release-inventory/tools-resources-data/exploredata.html
npri-3713-2023-90,2023,comp7d3e3488,192-97-2,kg,1.427997,,ON-MAIN-4c35e094,,,https://www.canada.ca/en/environment-climate-change/services/national-pollutant-release-inventory/tools-resources-data/exploredata.html
npri-3713-2023-91,2023,comp7d3e3488,191-24-2,kg,0.988613,,ON-MAIN-4c35e094,,,https://www.canada.ca/en/environment-climate-change/services/national-pollutant-release-inventory/tools-resources-data/exploredata.html
npri-3713-2023-92,2023,comp7d3e3488,205-82-3,kg,2.430341,,ON-MAIN-4c35e094,,,https://www.canada.ca/en/environment-climate-change/services/national-pollutant-release-inventory/tools-resources-data/exploredata.html
npri-3713-2023-93,2023,comp7d3e3488,207-08-9,kg,22.806761,,ON-MAIN-4c35e094,,,https://www.canada.ca/en/environment-climate-change/services/national-pollutant-release-inventory/tools-resources-data/exploredata.html
npri-3713-2023-94,2023,comp7d3e3488,NA - 03,kg,1.755802,,ON-MAIN-4c35e094,,,https://www.canada.ca/en/environment-climate-change/services/national-pollutant-release-inventory/tools-resources-data/exploredata.html
npri-3713-2023-95,2023,comp7d3e3488,630-08-0,tonnes,75.823304,,ON-MAIN-4c35e094,,,https://www.canada.ca/en/environment-climate-change/services/national-pollutant-release-inventory/tools-resources-data/exploredata.html
npri-3713-2023-96,2023,comp7d3e3488,NA - 04,tonnes,0.117898,,ON-MAIN-4c35e094,,,https://www.canada.ca/en/environment-climate-change/services/national-pollutant-release-inventory/tools-resources-data/exploredata.html
npri-3713-2023-97,2023,comp7d3e3488,218-01-9,kg,57.696575,,ON-MAIN-4c35e094,,,https://www.canada.ca/en/environment-climate-change/services/national-pollutant-release-inventory/tools-resources-data/exploredata.html
npri-3713-2023-98,2023,comp7d3e3488,NA - 05,kg,3.24782,,ON-MAIN-4c35e094,,,https://www.canada.ca/en/environment-climate-change/services/national-pollutant-release-inventory/tools-resources-data/exploredata.html
npri-3713-2023-99,2023,comp7d3e3488,NA - 06,tonnes,0.023537,,ON-MAIN-4c35e094,,,https://www.canada.ca/en/environment-climate-change/services/national-pollutant-release-inventory/tools-resources-data/exploredata.html
npri-3713-2023-100,2023,comp7d3e3488,226-36-8,kg,0.033605,,ON-MAIN-4c35e094,,,https://www.canada.ca/en/environment-climate-change/services/national-pollutant-release-inventory/tools-resources-data/exploredata.html
npri-3713-2023-101,2023,comp7d3e3488,53-70-3,kg,40.326229,,ON-MAIN-4c35e094,,,https://www.canada.ca/en/environment-climate-change/services/national-pollutant-release-inventory/tools-resources-data/exploredata.html
npri-3713-2023-102,2023,comp7d3e3488,224-42-0,kg,0.033605,,ON-MAIN-4c35e094,,,https://www.canada.ca/en/environment-climate-change/services/national-pollutant-release-inventory/tools-resources-data/exploredata.html
npri-3713-2023-103,2023,comp7d3e3488,189-55-9,kg,36.12558,,ON-MAIN-4c35e094,,,https://www.canada.ca/en/environment-climate-change/services/national-pollutant-release-inventory/tools-resources-data/exploredata.html
npri-3713-2023-104,2023,comp7d3e3488,100-41-4,tonnes,0.119649,,ON-MAIN-4c35e094,,,https://www.canada.ca/en/environment-climate-change/services/national-pollutant-release-inventory/tools-resources-data/exploredata.html
npri-3713-2023-105,2023,comp7d3e3488,74-85-1,tonnes,1.718913,,ON-MAIN-4c35e094,,,https://www.canada.ca/en/environment-climate-change/services/national-pollutant-release-inventory/tools-resources-data/exploredata.html
npri-3713-2023-106,2023,comp7d3e3488,206-44-0,kg,75.894076,,ON-MAIN-4c35e094,,,https://www.canada.ca/en/environment-climate-change/services/national-pollutant-release-inventory/tools-resources-data/exploredata.html
npri-3713-2023-107,2023,comp7d3e3488,86-73-7,kg,3.727896,,ON-MAIN-4c35e094,,,https://www.canada.ca/en/environment-climate-change/services/national-pollutant-release-inventory/tools-resources-data/exploredata.html
npri-3713-2023-108,2023,comp7d3e3488,NA - 19,kg,0.168319,,ON-MAIN-4c35e094,,,https://www.canada.ca/en/environment-climate-change/services/national-pollutant-release-inventory/tools-resources-data/exploredata.html
npri-3713-2023-109,2023,comp7d3e3488,7647-01-0,tonnes,0.104823,,ON-MAIN-4c35e094,,,https://www.canada.ca/en/environment-climate-change/services/national-pollutant-release-inventory/tools-resources-data/exploredata.html
npri-3713-2023-110,2023,comp7d3e3488,7783-06-4,tonnes,31.631641,,ON-MAIN-4c35e094,,,https://www.canada.ca/en/environment-climate-change/services/national-pollutant-release-inventory/tools-resources-data/exploredata.html
npri-3713-2023-111,2023,comp7d3e3488,193-39-5,kg,13.660934,,ON-MAIN-4c35e094,,,https://www.canada.ca/en/environment-climate-change/services/national-pollutant-release-inventory/tools-resources-data/exploredata.html
npri-3713-2023-112,2023,comp7d3e3488,NA - 08,kg,69.791343,,ON-MAIN-4c35e094,,,https://www.canada.ca/en/environment-climate-change/services/national-pollutant-release-inventory/tools-resources-data/exploredata.html
npri-3713-2023-113,2023,comp7d3e3488,NA - 09,tonnes,2.928128,,ON-MAIN-4c35e094,,,https://www.canada.ca/en/environment-climate-change/services/national-pollutant-release-inventory/tools-resources-data/exploredata.html
npri-3713-2023-114,2023,comp7d3e3488,NA - 10,kg,12.649582,,ON-MAIN-4c35e094,,,https://www.canada.ca/en/environment-climate-change/services/national-pollutant-release-inventory/tools-resources-data/exploredata.html
npri-3713-2023-115,2023,comp7d3e3488,91-20-3,tonnes,1.549411,,ON-MAIN-4c35e094,,,https://www.canada.ca/en/environment-climate-change/services/national-pollutant-release-inventory/tools-resources-data/exploredata.html
npri-3713-2023-116,2023,comp7d3e3488,NA - 11,tonnes,0.010957,,ON-MAIN-4c35e094,,,https://www.canada.ca/en/environment-climate-change/services/national-pollutant-release-inventory/tools-resources-data/exploredata.html
npri-3713-2023-117,2023,comp7d3e3488,11104-93-1,tonnes,88.820866,,ON-MAIN-4c35e094,,,https://www.canada.ca/en/environment-climate-change/services/national-pollutant-release-inventory/tools-resources-data/exploredata.html
npri-3713-2023-118,2023,comp7d3e3488,198-55-0,kg,9.63898,,ON-MAIN-4c35e094,,,https://www.canada.ca/en/environment-climate-change/services/national-pollutant-release-inventory/tools-resources-data/exploredata.html
npri-3713-2023-119,2023,comp7d3e3488,85-01-8,kg,118.394759,,ON-MAIN-4c35e094,,,https://www.canada.ca/en/environment-climate-change/services/national-pollutant-release-inventory/tools-resources-data/exploredata.html
npri-3713-2023-120,2023,comp7d3e3488,108-95-2,tonnes,0.135673,,ON-MAIN-4c35e094,,,https://www.canada.ca/en/environment-climate-change/services/national-pollutant-release-inventory/tools-resources-data/exploredata.html
npri-3713-2023-121,2023,comp7d3e3488,NA - 22,tonnes,0.29037,,ON-MAIN-4c35e094,,,https://www.canada.ca/en/environment-climate-change/services/national-pollutant-release-inventory/tools-resources-data/exploredata.html
npri-3713-2023-122,2023,comp7d3e3488,NA - M09,tonnes,97.769566,,ON-MAIN-4c35e094,,,https://www.canada.ca/en/environment-climate-change/services/national-pollutant-release-inventory/tools-resources-data/exploredata.html
npri-3713-2023-123,2023,comp7d3e3488,NA - M10,tonnes,55.071945,,ON-MAIN-4c35e094,,,https://www.canada.ca/en/environment-climate-change/services/national-pollutant-release-inventory/tools-resources-data/exploredata.html
npri-3713-2023-124,2023,comp7d3e3488,129-00-0,kg,63.53214,,ON-MAIN-4c35e094,,,https://www.canada.ca/en/environment-climate-change/services/national-pollutant-release-inventory/tools-resources-data/exploredata.html
npri-3713-2023-125,2023,comp7d3e3488,NA - 12,kg,2.909575,,ON-MAIN-4c35e094,,,https://www.canada.ca/en/environment-climate-change/services/national-pollutant-release-inventory/tools-resources-data/exploredata.html
npri-3713-2023-126,2023,comp7d3e3488,100-42-5,tonnes,0.165586,,ON-MAIN-4c35e094,,,https://www.canada.ca/en/environment-climate-change/services/national-pollutant-release-inventory/tools-resources-data/exploredata.html
npri-3713-2023-127,2023,comp7d3e3488,7446-09-5,tonnes,52.42101,,ON-MAIN-4c35e094,,,https://www.canada.ca/en/environment-climate-change/services/national-pollutant-release-inventory/tools-resources-data/exploredata.html
npri-3713-2023-128,2023,comp7d3e3488,7664-93-9,tonnes,0.003266,,ON-MAIN-4c35e094,,,https://www.canada.ca/en/environment-climate-change/services/national-pollutant-release-inventory/tools-resources-data/exploredata.html
npri-3713-2023-129,2023,comp7d3e3488,NA - 37,kg,4.849291,,ON-MAIN-4c35e094,,,https://www.canada.ca/en/environment-climate-change/services/national-pollutant-release-inventory/tools-resources-data/exploredata.html
npri-3713-2023-130,2023,comp7d3e3488,108-88-3,tonnes,1.603304,,ON-MAIN-4c35e094,,,https://www.canada.ca/en/environment-climate-change/services/national-pollutant-release-inventory/tools-resources-data/exploredata.html
npri-3713-2023-131,2023,comp7d3e3488,NA - M08,tonnes,207.028236,,ON-MAIN-4c35e094,,,https://www.canada.ca/en/environment-climate-change/services/national-pollutant-release-inventory/tools-resources-data/exploredata.html
npri-3713-2023-132,2023,comp7d3e3488,NA - M14,tonnes,32.288103,,ON-MAIN-4c35e094,,,https://www.canada.ca/en/environment-climate-change/services/national-pollutant-release-inventory/tools-resources-data/exploredata.html
npri-3713-2023-133,2023,comp7d3e3488,NA - 40,tonnes,0.036967,,ON-MAIN-4c35e094,,,https://www.canada.ca/en/environment-climate-change/services/national-pollutant-release-inventory/tools-resources-data/exploredata.html
npri-3713-2023-134,2023,comp7d3e3488,NA - M16,tonnes,44.660787,,ON-MAIN-4c35e094,,,https://www.canada.ca/en/environment-climate-change/services/national-pollutant-release-inventory/tools-resources-data/exploredata.html
npri-3713-2023-135,2023,comp7d3e3488,1330-20-7,tonnes,0.783669,,ON-MAIN-4c35e094,,,https://www.canada.ca/en/environment-climate-change/services/national-pollutant-release-inventory/tools-resources-data/exploredata.html
npri-3713-2023-136,2023,comp7d3e3488,NA - 14,tonnes,5.983093,,ON-MAIN-4c35e094,,,https://www.canada.ca/en/environment-climate-change/services/national-pollutant-release-inventory/tools-resources-data/exploredata.html
npri-4782-2023-22,2023,comp7d3e3488,630-08-0,tonnes,284.696,,QC-MAIN-eac5a52b,,,https://www.canada.ca/en/environment-climate-change/services/national-pollutant-release-inventory/tools-resources-data/exploredata.html
npri-4782-2023-23,2023,comp7d3e3488,463-58-1,tonnes,1.72,,QC-MAIN-eac5a52b,,,https://www.canada.ca/en/environment-climate-change/services/national-pollutant-release-inventory/tools-resources-data/exploredata.html
npri-4782-2023-24,2023,comp7d3e3488,86-73-7,kg,0.31,,QC-MAIN-eac5a52b,,,https://www.canada.ca/en/environment-climate-change/services/national-pollutant-release-inventory/tools-resources-data/exploredata.html
npri-4782-2023-25,2023,comp7d3e3488,7664-39-3,tonnes,66.48,,QC-MAIN-eac5a52b,,,https://www.canada.ca/en/environment-climate-change/services/national-pollutant-release-inventory/tools-resources-data/exploredata.html
npri-4782-2023-26,2023,comp7d3e3488,110-54-3,tonnes,1.1499,,QC-MAIN-eac5a52b,,,https://www.canada.ca/en/environment-climate-change/services/national-pollutant-release-inventory/tools-resources-data/exploredata.html
npri-4782-2023-27,2023,comp7d3e3488,11104-93-1,tonnes,0.018,,QC-MAIN-eac5a52b,,,https://www.canada.ca/en/environment-climate-change/services/national-pollutant-release-inventory/tools-resources-data/exploredata.html
npri-4782-2023-28,2023,comp7d3e3488,85-01-8,kg,0.92,,QC-MAIN-eac5a52b,,,https://www.canada.ca/en/environment-climate-change/services/national-pollutant-release-inventory/tools-resources-data/exploredata.html
npri-4782-2023-29,2023,comp7d3e3488,NA - M09,tonnes,100.6,,QC-MAIN-eac5a52b,,,https://www.canada.ca/en/environment-climate-change/services/national-pollutant-release-inventory/tools-resources-data/exploredata.html
npri-4782-2023-30,2023,comp7d3e3488,NA - M10,tonnes,74.05,,QC-MAIN-eac5a52b,,,https://www.canada.ca/en/environment-climate-change/services/national-pollutant-release-inventory/tools-resources-data/exploredata.html
npri-4782-2023-31,2023,comp7d3e3488,100-42-5,tonnes,5.7497,,QC-MAIN-eac5a52b,,,https://www.canada.ca/en/environment-climate-change/services/national-pollutant-release-inventory/tools-resources-data/exploredata.html
npri-4782-2023-32,2023,comp7d3e3488,7446-09-5,tonnes,34.926,,QC-MAIN-eac5a52b,,,https://www.canada.ca/en/environment-climate-change/services/national-pollutant-release-inventory/tools-resources-data/exploredata.html
npri-4782-2023-33,2023,comp7d3e3488,108-88-3,tonnes,45.9972,,QC-MAIN-eac5a52b,,,https://www.canada.ca/en/environment-climate-change/services/national-pollutant-release-inventory/tools-resources-data/exploredata.html
npri-4782-2023-34,2023,comp7d3e3488,NA - M08,tonnes,139.72,,QC-MAIN-eac5a52b,,,https://www.canada.ca/en/environment-climate-change/services/national-pollutant-release-inventory/tools-resources-data/exploredata.html
npri-4782-2023-35,2023,comp7d3e3488,NA - M14,tonnes,0.98,,QC-MAIN-eac5a52b,,,https://www.canada.ca/en/environment-climate-change/services/national-pollutant-release-inventory/tools-resources-data/exploredata.html
npri-4782-2023-36,2023,comp7d3e3488,NA - M16,tonnes,143.741,,QC-MAIN-eac5a52b,,,https://www.canada.ca/en/environment-climate-change/services/national-pollutant-release-inventory/tools-resources-data/exploredata.html
npri-2740-2023-39,2023,comp7d3e3488,NA - 02,kg,0.0532,,SK-MAIN-26b9aaf3,,,https://www.canada.ca/en/environment-climate-change/services/national-pollutant-release-inventory/tools-resources-data/exploredata.html
npri-2740-2023-40,2023,comp7d3e3488,630-08-0,tonnes,33.8989,,SK-MAIN-26b9aaf3,,,https://www.canada.ca/en/environment-climate-change/services/national-pollutant-release-inventory/tools-resources-data/exploredata.html
npri-2740-2023-41,2023,comp7d3e3488,NA - 05,kg,0.0774,,SK-MAIN-26b9aaf3,,,https://www.canada.ca/en/environment-climate-change/services/national-pollutant-release-inventory/tools-resources-data/exploredata.html
npri-2740-2023-42,2023,comp7d3e3488,NA - 19,kg,1.0659,,SK-MAIN-26b9aaf3,,,https://www.canada.ca/en/environment-climate-change/services/national-pollutant-release-inventory/tools-resources-data/exploredata.html
npri-2740-2023-43,2023,comp7d3e3488,NA - 08,kg,0.0202,,SK-MAIN-26b9aaf3,,,https://www.canada.ca/en/environment-climate-change/services/national-pollutant-release-inventory/tools-resources-data/exploredata.html
npri-2740-2023-44,2023,comp7d3e3488,11104-93-1,tonnes,111.601,,SK-MAIN-26b9aaf3,,,https://www.canada.ca/en/environment-climate-change/services/national-pollutant-release-inventory/tools-resources-data/exploredata.html
npri-2740-2023-45,2023,comp7d3e3488,NA - M09,tonnes,8.5556,,SK-MAIN-26b9aaf3,,,https://www.canada.ca/en/environment-climate-change/services/national-pollutant-release-inventory/tools-resources-data/exploredata.html
npri-2740-2023-46,2023,comp7d3e3488,NA - M10,tonnes,6.7023,,SK-MAIN-26b9aaf3,,,https://www.canada.ca/en/environment-climate-change/services/national-pollutant-release-inventory/tools-resources-data/exploredata.html
npri-2740-2023-47,2023,comp7d3e3488,NA - 12,kg,0.0031,,SK-MAIN-26b9aaf3,,,https://www.canada.ca/en/environment-climate-change/services/national-pollutant-release-inventory/tools-resources-data/exploredata.html
npri-2740-2023-48,2023,comp7d3e3488,7446-09-5,tonnes,4.6787,,SK-MAIN-26b9aaf3,,,https://www.canada.ca/en/environment-climate-change/services/national-pollutant-release-inventory/tools-resources-data/exploredata.html
npri-2740-2023-49,2023,comp7d3e3488,NA - M08,tonnes,13.4626,,SK-MAIN-26b9aaf3,,,https://www.canada.ca/en/environment-climate-change/services/national-pollutant-release-inventory/tools-resources-data/exploredata.html
npri-2740-2023-50,2023,comp7d3e3488,NA - M16,tonnes,11.4289,,SK-MAIN-26b9aaf3,,,https://www.canada.ca/en/environment-climate-change/services/national-pollutant-release-inventory/tools-resources-data/exploredata.html
npri-2740-2023-51,2023,comp7d3e3488,NA - 14,tonnes,0.0061,,SK-MAIN-26b9aaf3,,,https://www.canada.ca/en/environment-climate-change/services/national-pollutant-release-inventory/tools-resources-data/exploredata.html
npri-3824-2023-23,2023,comp7d3e3488,NA - 02,kg,1.2679,,ON-MAIN-21b6ab35,,,https://www.canada.ca/en/environment-climate-change/services/national-pollutant-release-inventory/tools-resources-data/exploredata.html
npri-3824-2023-24,2023,comp7d3e3488,NA - 03,kg,1.7518,,ON-MAIN-21b6ab35,,,https://www.canada.ca/en/environment-climate-change/services/national-pollutant-release-inventory/tools-resources-data/exploredata.html
npri-3824-2023-25,2023,comp7d3e3488,NA - 08,kg,0.0732,,ON-MAIN-21b6ab35,,,https://www.canada.ca/en/environment-climate-change/services/national-pollutant-release-inventory/tools-resources-data/exploredata.html
npri-3824-2023-26,2023,comp7d3e3488,NA - 09,tonnes,0.075,,ON-MAIN-21b6ab35,,,https://www.canada.ca/en/environment-climate-change/services/national-pollutant-release-inventory/tools-resources-data/exploredata.html
npri-3824-2023-27,2023,comp7d3e3488,NA - 10,kg,0.0025,,ON-MAIN-21b6ab35,,,https://www.canada.ca/en/environment-climate-change/services/national-pollutant-release-inventory/tools-resources-data/exploredata.html
npri-3824-2023-28,2023,comp7d3e3488,11104-93-1,tonnes,0.0017,,ON-MAIN-21b6ab35,,,https://www.canada.ca/en/environment-climate-change/services/national-pollutant-release-inventory/tools-resources-data/exploredata.html
npri-1651-2023-22,2023,comp7d3e3488,NA - M09,tonnes,0.17241,,MB-MAIN-b4ca1426,,,https://www.canada.ca/en/environment-climate-change/services/national-pollutant-release-inventory/tools-resources-data/exploredata.html
npri-3824-2023-29,2023,comp7d3e3488,NA - M09,tonnes,3.6767,,ON-MAIN-21b6ab35,,,https://www.canada.ca/en/environment-climate-change/services/national-pollutant-release-inventory/tools-resources-data/exploredata.html
npri-1651-2023-23,2023,comp7d3e3488,NA - M10,tonnes,0.17241,,MB-MAIN-b4ca1426,,,https://www.canada.ca/en/environment-climate-change/services/national-pollutant-release-inventory/tools-resources-data/exploredata.html
npri-3824-2023-30,2023,comp7d3e3488,NA - M10,tonnes,2.7258,,ON-MAIN-21b6ab35,,,https://www.canada.ca/en/environment-climate-change/services/national-pollutant-release-inventory/tools-resources-data/exploredata.html
npri-1651-2023-24,2023,comp7d3e3488,NA - M08,tonnes,0.17241,,MB-MAIN-b4ca1426,,,https://www.canada.ca/en/environment-climate-change/services/national-pollutant-release-inventory/tools-resources-data/exploredata.html
npri-3824-2023-31,2023,comp7d3e3488,NA - M08,tonnes,6.7577,,ON-MAIN-21b6ab35,,,https://www.canada.ca/en/environment-climate-change/services/national-pollutant-release-inventory/tools-resources-data/exploredata.html
npri-1651-2023-25,2023,comp7d3e3488,NA - M16,tonnes,7.05483,,MB-MAIN-b4ca1426,,,https://www.canada.ca/en/environment-climate-change/services/national-pollutant-release-inventory/tools-resources-data/exploredata.html
npri-3824-2023-32,2023,comp7d3e3488,NA - 14,tonnes,0.6297,,ON-MAIN-21b6ab35,,,https://www.canada.ca/en/environment-climate-change/services/national-pollutant-release-inventory/tools-resources-data/exploredata.html
npri-3623-2023-24,2023,comp7d3e3488,NA - 01,tonnes,0.1118,,QC-MAIN-30c1828c,,,https://www.canada.ca/en/environment-climate-change/services/national-pollutant-release-inventory/tools-resources-data/exploredata.html
npri-3916-2023-22,2023,comp7d3e3488,NA - 01,tonnes,0.00106,,QC-MAIN-529c96b4,,,https://www.canada.ca/en/environment-climate-change/services/national-pollutant-release-inventory/tools-resources-data/exploredata.html
npri-1236-2023-46,2023,comp7d3e3488,NA - 02,kg,20.1059,,ON-MAIN-40ce0593,,,https://www.canada.ca/en/environment-climate-change/services/national-pollutant-release-inventory/tools-resources-data/exploredata.html
npri-3623-2023-25,2023,comp7d3e3488,NA - 02,kg,1434.8536,,QC-MAIN-30c1828c,,,https://www.canada.ca/en/environment-climate-change/services/national-pollutant-release-inventory/tools-resources-data/exploredata.html
npri-3916-2023-23,2023,comp7d3e3488,NA - 02,kg,4.03,,QC-MAIN-529c96b4,,,https://www.canada.ca/en/environment-climate-change/services/national-pollutant-release-inventory/tools-resources-data/exploredata.html
npri-1236-2023-47,2023,comp7d3e3488,NA - 03,kg,115.1966,,ON-MAIN-40ce0593,,,https://www.canada.ca/en/environment-climate-change/services/national-pollutant-release-inventory/tools-resources-data/exploredata.html
npri-3623-2023-26,2023,comp7d3e3488,NA - 03,kg,149.3933,,QC-MAIN-30c1828c,,,https://www.canada.ca/en/environment-climate-change/services/national-pollutant-release-inventory/tools-resources-data/exploredata.html
npri-3916-2023-24,2023,comp7d3e3488,NA - 03,kg,0.0424,,QC-MAIN-529c96b4,,,https://www.canada.ca/en/environment-climate-change/services/national-pollutant-release-inventory/tools-resources-data/exploredata.html
npri-1236-2023-48,2023,comp7d3e3488,630-08-0,tonnes,0.0008,,ON-MAIN-40ce0593,,,https://www.canada.ca/en/environment-climate-change/services/national-pollutant-release-inventory/tools-resources-data/exploredata.html
npri-3623-2023-27,2023,comp7d3e3488,630-08-0,tonnes,10.7262,,QC-MAIN-30c1828c,,,https://www.canada.ca/en/environment-climate-change/services/national-pollutant-release-inventory/tools-resources-data/exploredata.html
npri-3916-2023-25,2023,comp7d3e3488,630-08-0,tonnes,3.9216,,QC-MAIN-529c96b4,,,https://www.canada.ca/en/environment-climate-change/services/national-pollutant-release-inventory/tools-resources-data/exploredata.html
npri-1236-2023-49,2023,comp7d3e3488,NA - 04,tonnes,0.1759,,ON-MAIN-40ce0593,,,https://www.canada.ca/en/environment-climate-change/services/national-pollutant-release-inventory/tools-resources-data/exploredata.html
npri-3623-2023-28,2023,comp7d3e3488,NA - 04,tonnes,0.073,,QC-MAIN-30c1828c,,,https://www.canada.ca/en/environment-climate-change/services/national-pollutant-release-inventory/tools-resources-data/exploredata.html
npri-3916-2023-26,2023,comp7d3e3488,NA - 04,tonnes,0.00262,,QC-MAIN-529c96b4,,,https://www.canada.ca/en/environment-climate-change/services/national-pollutant-release-inventory/tools-resources-data/exploredata.html
npri-1236-2023-50,2023,comp7d3e3488,NA - 05,kg,240.2126,,ON-MAIN-40ce0593,,,https://www.canada.ca/en/environment-climate-change/services/national-pollutant-release-inventory/tools-resources-data/exploredata.html
npri-3623-2023-29,2023,comp7d3e3488,NA - 05,kg,4.6519,,QC-MAIN-30c1828c,,,https://www.canada.ca/en/environment-climate-change/services/national-pollutant-release-inventory/tools-resources-data/exploredata.html
npri-3916-2023-27,2023,comp7d3e3488,NA - 05,kg,0.0455,,QC-MAIN-529c96b4,,,https://www.canada.ca/en/environment-climate-change/services/national-pollutant-release-inventory/tools-resources-data/exploredata.html
npri-1236-2023-51,2023,comp7d3e3488,NA - 06,tonnes,0.8279,,ON-MAIN-40ce0593,,,https://www.canada.ca/en/environment-climate-change/services/national-pollutant-release-inventory/tools-resources-data/exploredata.html
npri-3623-2023-30,2023,comp7d3e3488,NA - 06,tonnes,19.3204,,QC-MAIN-30c1828c,,,https://www.canada.ca/en/environment-climate-change/services/national-pollutant-release-inventory/tools-resources-data/exploredata.html
npri-3916-2023-28,2023,comp7d3e3488,NA - 06,tonnes,0.03814,,QC-MAIN-529c96b4,,,https://www.canada.ca/en/environment-climate-change/services/national-pollutant-release-inventory/tools-resources-data/exploredata.html
npri-3623-2023-31,2023,comp7d3e3488,NA - D/F,g TEQ,0.0139,,QC-MAIN-30c1828c,,,https://www.canada.ca/en/environment-climate-change/services/national-pollutant-release-inventory/tools-resources-data/exploredata.html
npri-1236-2023-52,2023,comp7d3e3488,7647-01-0,tonnes,0.0019,,ON-MAIN-40ce0593,,,https://www.canada.ca/en/environment-climate-change/services/national-pollutant-release-inventory/tools-resources-data/exploredata.html
npri-3916-2023-29,2023,comp7d3e3488,7647-01-0,tonnes,0.02735,,QC-MAIN-529c96b4,,,https://www.canada.ca/en/environment-climate-change/services/national-pollutant-release-inventory/tools-resources-data/exploredata.html
npri-1236-2023-53,2023,comp7d3e3488,7664-39-3,tonnes,0.0255,,ON-MAIN-40ce0593,,,https://www.canada.ca/en/environment-climate-change/services/national-pollutant-release-inventory/tools-resources-data/exploredata.html
npri-1236-2023-54,2023,comp7d3e3488,NA - 08,kg,482.9892,,ON-MAIN-40ce0593,,,https://www.canada.ca/en/environment-climate-change/services/national-pollutant-release-inventory/tools-resources-data/exploredata.html
npri-3623-2023-32,2023,comp7d3e3488,NA - 08,kg,9250.0844,,QC-MAIN-30c1828c,,,https://www.canada.ca/en/environment-climate-change/services/national-pollutant-release-inventory/tools-resources-data/exploredata.html
npri-3916-2023-30,2023,comp7d3e3488,NA - 08,kg,2.526,,QC-MAIN-529c96b4,,,https://www.canada.ca/en/environment-climate-change/services/national-pollutant-release-inventory/tools-resources-data/exploredata.html
npri-1236-2023-55,2023,comp7d3e3488,NA - 09,tonnes,0.1209,,ON-MAIN-40ce0593,,,https://www.canada.ca/en/environment-climate-change/services/national-pollutant-release-inventory/tools-resources-data/exploredata.html
npri-3623-2023-33,2023,comp7d3e3488,NA - 09,tonnes,0.0064,,QC-MAIN-30c1828c,,,https://www.canada.ca/en/environment-climate-change/services/national-pollutant-release-inventory/tools-resources-data/exploredata.html
npri-1236-2023-56,2023,comp7d3e3488,NA - 10,kg,0.014,,ON-MAIN-40ce0593,,,https://www.canada.ca/en/environment-climate-change/services/national-pollutant-release-inventory/tools-resources-data/exploredata.html
npri-3916-2023-31,2023,comp7d3e3488,NA - 10,kg,0.1,,QC-MAIN-529c96b4,,,https://www.canada.ca/en/environment-climate-change/services/national-pollutant-release-inventory/tools-resources-data/exploredata.html
npri-1236-2023-57,2023,comp7d3e3488,NA - 11,tonnes,2.1124,,ON-MAIN-40ce0593,,,https://www.canada.ca/en/environment-climate-change/services/national-pollutant-release-inventory/tools-resources-data/exploredata.html
npri-3623-2023-34,2023,comp7d3e3488,NA - 11,tonnes,0.3086,,QC-MAIN-30c1828c,,,https://www.canada.ca/en/environment-climate-change/services/national-pollutant-release-inventory/tools-resources-data/exploredata.html
npri-3916-2023-32,2023,comp7d3e3488,NA - 11,tonnes,0.01189,,QC-MAIN-529c96b4,,,https://www.canada.ca/en/environment-climate-change/services/national-pollutant-release-inventory/tools-resources-data/exploredata.html
npri-1236-2023-58,2023,comp7d3e3488,11104-93-1,tonnes,0.0502,,ON-MAIN-40ce0593,,,https://www.canada.ca/en/environment-climate-change/services/national-pollutant-release-inventory/tools-resources-data/exploredata.html
npri-3623-2023-35,2023,comp7d3e3488,11104-93-1,tonnes,14.0413,,QC-MAIN-30c1828c,,,https://www.canada.ca/en/environment-climate-change/services/national-pollutant-release-inventory/tools-resources-data/exploredata.html
npri-3916-2023-33,2023,comp7d3e3488,11104-93-1,tonnes,6.5359,,QC-MAIN-529c96b4,,,https://www.canada.ca/en/environment-climate-change/services/national-pollutant-release-inventory/tools-resources-data/exploredata.html
npri-1236-2023-59,2023,comp7d3e3488,NA - 22,tonnes,0.187,,ON-MAIN-40ce0593,,,https://www.canada.ca/en/environment-climate-change/services/national-pollutant-release-inventory/tools-resources-data/exploredata.html
npri-1236-2023-60,2023,comp7d3e3488,NA - M09,tonnes,57.465,,ON-MAIN-40ce0593,,,https://www.canada.ca/en/environment-climate-change/services/national-pollutant-release-inventory/tools-resources-data/exploredata.html
npri-3623-2023-36,2023,comp7d3e3488,NA - M09,tonnes,16.919,,QC-MAIN-30c1828c,,,https://www.canada.ca/en/environment-climate-change/services/national-pollutant-release-inventory/tools-resources-data/exploredata.html
npri-3916-2023-34,2023,comp7d3e3488,NA - M09,tonnes,0.0887,,QC-MAIN-529c96b4,,,https://www.canada.ca/en/environment-climate-change/services/national-pollutant-release-inventory/tools-resources-data/exploredata.html
npri-1236-2023-61,2023,comp7d3e3488,NA - M10,tonnes,14.0273,,ON-MAIN-40ce0593,,,https://www.canada.ca/en/environment-climate-change/services/national-pollutant-release-inventory/tools-resources-data/exploredata.html
npri-3623-2023-37,2023,comp7d3e3488,NA - M10,tonnes,3.1125,,QC-MAIN-30c1828c,,,https://www.canada.ca/en/environment-climate-change/services/national-pollutant-release-inventory/tools-resources-data/exploredata.html
npri-3916-2023-35,2023,comp7d3e3488,NA - M10,tonnes,0.0887,,QC-MAIN-529c96b4,,,https://www.canada.ca/en/environment-climate-change/services/national-pollutant-release-inventory/tools-resources-data/exploredata.html
npri-1236-2023-62,2023,comp7d3e3488,NA - 12,kg,17.2849,,ON-MAIN-40ce0593,,,https://www.canada.ca/en/environment-climate-change/services/national-pollutant-release-inventory/tools-resources-data/exploredata.html
npri-3623-2023-38,2023,comp7d3e3488,NA - 12,kg,771.195,,QC-MAIN-30c1828c,,,https://www.canada.ca/en/environment-climate-change/services/national-pollutant-release-inventory/tools-resources-data/exploredata.html
npri-3916-2023-36,2023,comp7d3e3488,NA - 12,kg,0.739,,QC-MAIN-529c96b4,,,https://www.canada.ca/en/environment-climate-change/services/national-pollutant-release-inventory/tools-resources-data/exploredata.html
npri-3916-2023-37,2023,comp7d3e3488,NA - 13,tonnes,0.00068,,QC-MAIN-529c96b4,,,https://www.canada.ca/en/environment-climate-change/services/national-pollutant-release-inventory/tools-resources-data/exploredata.html
npri-1236-2023-63,2023,comp7d3e3488,7446-09-5,tonnes,72.5985,,ON-MAIN-40ce0593,,,https://www.canada.ca/en/environment-climate-change/services/national-pollutant-release-inventory/tools-resources-data/exploredata.html
npri-3623-2023-39,2023,comp7d3e3488,7446-09-5,tonnes,0.1597,,QC-MAIN-30c1828c,,,https://www.canada.ca/en/environment-climate-change/services/national-pollutant-release-inventory/tools-resources-data/exploredata.html
npri-3916-2023-38,2023,comp7d3e3488,7446-09-5,tonnes,0.02801,,QC-MAIN-529c96b4,,,https://www.canada.ca/en/environment-climate-change/services/national-pollutant-release-inventory/tools-resources-data/exploredata.html
npri-3916-2023-39,2023,comp7d3e3488,7664-93-9,tonnes,0.31032,,QC-MAIN-529c96b4,,,https://www.canada.ca/en/environment-climate-change/services/national-pollutant-release-inventory/tools-resources-data/exploredata.html
npri-1236-2023-64,2023,comp7d3e3488,NA - 37,kg,2.2514,,ON-MAIN-40ce0593,,,https://www.canada.ca/en/environment-climate-change/services/national-pollutant-release-inventory/tools-resources-data/exploredata.html
npri-1236-2023-65,2023,comp7d3e3488,NA - M08,tonnes,112.9677,,ON-MAIN-40ce0593,,,https://www.canada.ca/en/environment-climate-change/services/national-pollutant-release-inventory/tools-resources-data/exploredata.html
npri-3623-2023-40,2023,comp7d3e3488,NA - M08,tonnes,108.2802,,QC-MAIN-30c1828c,,,https://www.canada.ca/en/environment-climate-change/services/national-pollutant-release-inventory/tools-resources-data/exploredata.html
npri-3916-2023-40,2023,comp7d3e3488,NA - M08,tonnes,1.5127,,QC-MAIN-529c96b4,,,https://www.canada.ca/en/environment-climate-change/services/national-pollutant-release-inventory/tools-resources-data/exploredata.html
npri-1236-2023-66,2023,comp7d3e3488,NA - 40,tonnes,0.0135,,ON-MAIN-40ce0593,,,https://www.canada.ca/en/environment-climate-change/services/national-pollutant-release-inventory/tools-resources-data/exploredata.html
npri-1236-2023-67,2023,comp7d3e3488,NA - M16,tonnes,1e-05,,ON-MAIN-40ce0593,,,https://www.canada.ca/en/environment-climate-change/services/national-pollutant-release-inventory/tools-resources-data/exploredata.html
npri-1236-2023-68,2023,comp7d3e3488,NA - 14,tonnes,0.7432,,ON-MAIN-40ce0593,,,https://www.canada.ca/en/environment-climate-change/services/national-pollutant-release-inventory/tools-resources-data/exploredata.html
npri-3623-2023-41,2023,comp7d3e3488,NA - 14,tonnes,3.2464,,QC-MAIN-30c1828c,,,https://www.canada.ca/en/environment-climate-change/services/national-pollutant-release-inventory/tools-resources-data/exploredata.html
npri-3916-2023-41,2023,comp7d3e3488,NA - 14,tonnes,0.00183,,QC-MAIN-529c96b4,,,https://www.canada.ca/en/environment-climate-change/services/national-pollutant-release-inventory/tools-resources-data/exploredata.html
npri-1520-2023-22,2023,comp7d3e3488,NA - 02,kg,0.00168,,ON-MAIN-fc6f1a44,,,https://www.canada.ca/en/environment-climate-change/services/national-pollutant-release-inventory/tools-resources-data/exploredata.html
npri-1520-2023-23,2023,comp7d3e3488,NA - 03,kg,7.5e-05,,ON-MAIN-fc6f1a44,,,https://www.canada.ca/en/environment-climate-change/services/national-pollutant-release-inventory/tools-resources-data/exploredata.html
npri-1520-2023-24,2023,comp7d3e3488,NA - 05,kg,0.00086,,ON-MAIN-fc6f1a44,,,https://www.canada.ca/en/environment-climate-change/services/national-pollutant-release-inventory/tools-resources-data/exploredata.html
npri-1520-2023-25,2023,comp7d3e3488,NA - 08,kg,0.001297,,ON-MAIN-fc6f1a44,,,https://www.canada.ca/en/environment-climate-change/services/national-pollutant-release-inventory/tools-resources-data/exploredata.html
npri-1520-2023-26,2023,comp7d3e3488,NA - 10,kg,2.6e-05,,ON-MAIN-fc6f1a44,,,https://www.canada.ca/en/environment-climate-change/services/national-pollutant-release-inventory/tools-resources-data/exploredata.html
npri-1520-2023-27,2023,comp7d3e3488,NA - M09,tonnes,0.081346,,ON-MAIN-fc6f1a44,,,https://www.canada.ca/en/environment-climate-change/services/national-pollutant-release-inventory/tools-resources-data/exploredata.html
npri-1520-2023-28,2023,comp7d3e3488,NA - M10,tonnes,0.012318,,ON-MAIN-fc6f1a44,,,https://www.canada.ca/en/environment-climate-change/services/national-pollutant-release-inventory/tools-resources-data/exploredata.html
npri-1520-2023-29,2023,comp7d3e3488,NA - M08,tonnes,0.171988,,ON-MAIN-fc6f1a44,,,https://www.canada.ca/en/environment-climate-change/services/national-pollutant-release-inventory/tools-resources-data/exploredata.html
npri-2038-2023-26,2023,comp7d3e3488,120-12-7,kg,6.992,,QC-MAIN-52c01ae4,,,https://www.canada.ca/en/environment-climate-change/services/national-pollutant-release-inventory/tools-resources-data/exploredata.html
npri-2038-2023-27,2023,comp7d3e3488,205-99-2,kg,3.627,,QC-MAIN-52c01ae4,,,https://www.canada.ca/en/environment-climate-change/services/national-pollutant-release-inventory/tools-resources-data/exploredata.html
npri-2038-2023-28,2023,comp7d3e3488,192-97-2,kg,4.37,,QC-MAIN-52c01ae4,,,https://www.canada.ca/en/environment-climate-change/services/national-pollutant-release-inventory/tools-resources-data/exploredata.html
npri-2038-2023-29,2023,comp7d3e3488,191-24-2,kg,1.311,,QC-MAIN-52c01ae4,,,https://www.canada.ca/en/environment-climate-change/services/national-pollutant-release-inventory/tools-resources-data/exploredata.html
npri-2038-2023-30,2023,comp7d3e3488,205-82-3,kg,3.627,,QC-MAIN-52c01ae4,,,https://www.canada.ca/en/environment-climate-change/services/national-pollutant-release-inventory/tools-resources-data/exploredata.html
npri-2038-2023-31,2023,comp7d3e3488,207-08-9,kg,3.627,,QC-MAIN-52c01ae4,,,https://www.canada.ca/en/environment-climate-change/services/national-pollutant-release-inventory/tools-resources-data/exploredata.html
npri-2038-2023-32,2023,comp7d3e3488,630-08-0,tonnes,688.7,,QC-MAIN-52c01ae4,,,https://www.canada.ca/en/environment-climate-change/services/national-pollutant-release-inventory/tools-resources-data/exploredata.html
npri-2038-2023-33,2023,comp7d3e3488,463-58-1,tonnes,4.41,,QC-MAIN-52c01ae4,,,https://www.canada.ca/en/environment-climate-change/services/national-pollutant-release-inventory/tools-resources-data/exploredata.html
npri-2038-2023-34,2023,comp7d3e3488,218-01-9,kg,8.739,,QC-MAIN-52c01ae4,,,https://www.canada.ca/en/environment-climate-change/services/national-pollutant-release-inventory/tools-resources-data/exploredata.html
npri-2038-2023-35,2023,comp7d3e3488,206-44-0,kg,34.521,,QC-MAIN-52c01ae4,,,https://www.canada.ca/en/environment-climate-change/services/national-pollutant-release-inventory/tools-resources-data/exploredata.html
npri-2038-2023-36,2023,comp7d3e3488,86-73-7,kg,20.538,,QC-MAIN-52c01ae4,,,https://www.canada.ca/en/environment-climate-change/services/national-pollutant-release-inventory/tools-resources-data/exploredata.html
npri-2038-2023-37,2023,comp7d3e3488,7664-39-3,tonnes,108.23,,QC-MAIN-52c01ae4,,,https://www.canada.ca/en/environment-climate-change/services/national-pollutant-release-inventory/tools-resources-data/exploredata.html
npri-2038-2023-38,2023,comp7d3e3488,11104-93-1,tonnes,0.146,,QC-MAIN-52c01ae4,,,https://www.canada.ca/en/environment-climate-change/services/national-pollutant-release-inventory/tools-resources-data/exploredata.html
npri-2038-2023-39,2023,comp7d3e3488,85-01-8,kg,70.353,,QC-MAIN-52c01ae4,,,https://www.canada.ca/en/environment-climate-change/services/national-pollutant-release-inventory/tools-resources-data/exploredata.html
npri-2038-2023-40,2023,comp7d3e3488,NA - M09,tonnes,317.408,,QC-MAIN-52c01ae4,,,https://www.canada.ca/en/environment-climate-change/services/national-pollutant-release-inventory/tools-resources-data/exploredata.html
npri-2038-2023-41,2023,comp7d3e3488,NA - M10,tonnes,233.563,,QC-MAIN-52c01ae4,,,https://www.canada.ca/en/environment-climate-change/services/national-pollutant-release-inventory/tools-resources-data/exploredata.html
npri-2038-2023-42,2023,comp7d3e3488,129-00-0,kg,26.218,,QC-MAIN-52c01ae4,,,https://www.canada.ca/en/environment-climate-change/services/national-pollutant-release-inventory/tools-resources-data/exploredata.html
npri-2038-2023-43,2023,comp7d3e3488,7446-09-5,tonnes,89.445,,QC-MAIN-52c01ae4,,,https://www.canada.ca/en/environment-climate-change/services/national-pollutant-release-inventory/tools-resources-data/exploredata.html
npri-2038-2023-44,2023,comp7d3e3488,NA - M08,tonnes,451.37,,QC-MAIN-52c01ae4,,,https://www.canada.ca/en/environment-climate-change/services/national-pollutant-release-inventory/tools-resources-data/exploredata.html
npri-2038-2023-45,2023,comp7d3e3488,NA - M14,tonnes,2.5,,QC-MAIN-52c01ae4,,,https://www.canada.ca/en/environment-climate-change/services/national-pollutant-release-inventory/tools-resources-data/exploredata.html
npri-2038-2023-46,2023,comp7d3e3488,NA - M16,tonnes,161.904,,QC-MAIN-52c01ae4,,,https://www.canada.ca/en/environment-climate-change/services/national-pollutant-release-inventory/tools-resources-data/exploredata.html
npri-3062-2023-27,2023,comp7d3e3488,83-32-9,kg,14.109,,QC-MAIN-01c1e81f,,,https://www.canada.ca/en/environment-climate-change/services/national-pollutant-release-inventory/tools-resources-data/exploredata.html
npri-3062-2023-28,2023,comp7d3e3488,208-96-8,kg,1.284,,QC-MAIN-01c1e81f,,,https://www.canada.ca/en/environment-climate-change/services/national-pollutant-release-inventory/tools-resources-data/exploredata.html
npri-3062-2023-29,2023,comp7d3e3488,120-12-7,kg,0.062,,QC-MAIN-01c1e81f,,,https://www.canada.ca/en/environment-climate-change/services/national-pollutant-release-inventory/tools-resources-data/exploredata.html
npri-3406-2023-29,2023,comp7d3e3488,120-12-7,kg,28.952,,QC-MAIN-c1c7eb99,,,https://www.canada.ca/en/environment-climate-change/services/national-pollutant-release-inventory/tools-resources-data/exploredata.html
npri-5510-2023-26,2023,comp7d3e3488,120-12-7,kg,61.8,,QC-MAIN-3aa117d8,,,https://www.canada.ca/en/environment-climate-change/services/national-pollutant-release-inventory/tools-resources-data/exploredata.html
npri-3062-2023-30,2023,comp7d3e3488,56-55-3,kg,0.193,,QC-MAIN-01c1e81f,,,https://www.canada.ca/en/environment-climate-change/services/national-pollutant-release-inventory/tools-resources-data/exploredata.html
npri-5510-2023-27,2023,comp7d3e3488,56-55-3,kg,11.3,,QC-MAIN-3aa117d8,,,https://www.canada.ca/en/environment-climate-change/services/national-pollutant-release-inventory/tools-resources-data/exploredata.html
npri-3062-2023-31,2023,comp7d3e3488,50-32-8,kg,0.094,,QC-MAIN-01c1e81f,,,https://www.canada.ca/en/environment-climate-change/services/national-pollutant-release-inventory/tools-resources-data/exploredata.html
npri-5510-2023-28,2023,comp7d3e3488,50-32-8,kg,4.3,,QC-MAIN-3aa117d8,,,https://www.canada.ca/en/environment-climate-change/services/national-pollutant-release-inventory/tools-resources-data/exploredata.html
npri-3062-2023-32,2023,comp7d3e3488,205-99-2,kg,1.242,,QC-MAIN-01c1e81f,,,https://www.canada.ca/en/environment-climate-change/services/national-pollutant-release-inventory/tools-resources-data/exploredata.html
npri-5510-2023-29,2023,comp7d3e3488,205-99-2,kg,13.1,,QC-MAIN-3aa117d8,,,https://www.canada.ca/en/environment-climate-change/services/national-pollutant-release-inventory/tools-resources-data/exploredata.html
npri-3062-2023-33,2023,comp7d3e3488,192-97-2,kg,0.962,,QC-MAIN-01c1e81f,,,https://www.canada.ca/en/environment-climate-change/services/national-pollutant-release-inventory/tools-resources-data/exploredata.html
npri-5510-2023-30,2023,comp7d3e3488,192-97-2,kg,7.7,,QC-MAIN-3aa117d8,,,https://www.canada.ca/en/environment-climate-change/services/national-pollutant-release-inventory/tools-resources-data/exploredata.html
npri-3062-2023-34,2023,comp7d3e3488,191-24-2,kg,0.531,,QC-MAIN-01c1e81f,,,https://www.canada.ca/en/environment-climate-change/services/national-pollutant-release-inventory/tools-resources-data/exploredata.html
npri-5510-2023-31,2023,comp7d3e3488,191-24-2,kg,4.4,,QC-MAIN-3aa117d8,,,https://www.canada.ca/en/environment-climate-change/services/national-pollutant-release-inventory/tools-resources-data/exploredata.html
npri-3062-2023-35,2023,comp7d3e3488,205-82-3,kg,0.344,,QC-MAIN-01c1e81f,,,https://www.canada.ca/en/environment-climate-change/services/national-pollutant-release-inventory/tools-resources-data/exploredata.html
npri-5510-2023-32,2023,comp7d3e3488,205-82-3,kg,9.2,,QC-MAIN-3aa117d8,,,https://www.canada.ca/en/environment-climate-change/services/national-pollutant-release-inventory/tools-resources-data/exploredata.html
npri-3062-2023-36,2023,comp7d3e3488,207-08-9,kg,0.466,,QC-MAIN-01c1e81f,,,https://www.canada.ca/en/environment-climate-change/services/national-pollutant-release-inventory/tools-resources-data/exploredata.html
npri-5510-2023-33,2023,comp7d3e3488,207-08-9,kg,9.2,,QC-MAIN-3aa117d8,,,https://www.canada.ca/en/environment-climate-change/services/national-pollutant-release-inventory/tools-resources-data/exploredata.html
npri-2978-2023-9,2023,comp7d3e3488,630-08-0,tonnes,0.586,,QC-MAIN-92628f16,,,https://www.canada.ca/en/environment-climate-change/services/national-pollutant-release-inventory/tools-resources-data/exploredata.html
npri-3060-2023-21,2023,comp7d3e3488,630-08-0,tonnes,218.668,,QC-MAIN-c0e3a48b,,,https://www.canada.ca/en/environment-climate-change/services/national-pollutant-release-inventory/tools-resources-data/exploredata.html
npri-3062-2023-37,2023,comp7d3e3488,630-08-0,tonnes,286.24,,QC-MAIN-01c1e81f,,,https://www.canada.ca/en/environment-climate-change/services/national-pollutant-release-inventory/tools-resources-data/exploredata.html
npri-3406-2023-30,2023,comp7d3e3488,630-08-0,tonnes,5507.22,,QC-MAIN-c1c7eb99,,,https://www.canada.ca/en/environment-climate-change/services/national-pollutant-release-inventory/tools-resources-data/exploredata.html
npri-5510-2023-34,2023,comp7d3e3488,630-08-0,tonnes,581.96,,QC-MAIN-3aa117d8,,,https://www.canada.ca/en/environment-climate-change/services/national-pollutant-release-inventory/tools-resources-data/exploredata.html
npri-27853-2023-19,2023,comp7d3e3488,630-08-0,tonnes,50.256,,QC-MAIN-c1c7eb99,,,https://www.canada.ca/en/environment-climate-change/services/national-pollutant-release-inventory/tools-resources-data/exploredata.html
npri-3060-2023-22,2023,comp7d3e3488,463-58-1,tonnes,1.688,,QC-MAIN-c0e3a48b,,,https://www.canada.ca/en/environment-climate-change/services/national-pollutant-release-inventory/tools-resources-data/exploredata.html
npri-3062-2023-38,2023,comp7d3e3488,463-58-1,tonnes,1.958,,QC-MAIN-01c1e81f,,,https://www.canada.ca/en/environment-climate-change/services/national-pollutant-release-inventory/tools-resources-data/exploredata.html
npri-3406-2023-31,2023,comp7d3e3488,463-58-1,tonnes,24.679,,QC-MAIN-c1c7eb99,,,https://www.canada.ca/en/environment-climate-change/services/national-pollutant-release-inventory/tools-resources-data/exploredata.html
npri-5510-2023-35,2023,comp7d3e3488,463-58-1,tonnes,3.54,,QC-MAIN-3aa117d8,,,https://www.canada.ca/en/environment-climate-change/services/national-pollutant-release-inventory/tools-resources-data/exploredata.html
npri-27853-2023-20,2023,comp7d3e3488,463-58-1,tonnes,0.345,,QC-MAIN-c1c7eb99,,,https://www.canada.ca/en/environment-climate-change/services/national-pollutant-release-inventory/tools-resources-data/exploredata.html
npri-3062-2023-39,2023,comp7d3e3488,218-01-9,kg,2.85,,QC-MAIN-01c1e81f,,,https://www.canada.ca/en/environment-climate-change/services/national-pollutant-release-inventory/tools-resources-data/exploredata.html
npri-3406-2023-32,2023,comp7d3e3488,218-01-9,kg,1.842,,QC-MAIN-c1c7eb99,,,https://www.canada.ca/en/environment-climate-change/services/national-pollutant-release-inventory/tools-resources-data/exploredata.html
npri-5510-2023-36,2023,comp7d3e3488,218-01-9,kg,19.7,,QC-MAIN-3aa117d8,,,https://www.canada.ca/en/environment-climate-change/services/national-pollutant-release-inventory/tools-resources-data/exploredata.html
npri-3062-2023-40,2023,comp7d3e3488,53-70-3,kg,0.101,,QC-MAIN-01c1e81f,,,https://www.canada.ca/en/environment-climate-change/services/national-pollutant-release-inventory/tools-resources-data/exploredata.html
npri-5510-2023-37,2023,comp7d3e3488,53-70-3,kg,3.9,,QC-MAIN-3aa117d8,,,https://www.canada.ca/en/environment-climate-change/services/national-pollutant-release-inventory/tools-resources-data/exploredata.html
npri-3062-2023-41,2023,comp7d3e3488,5385-75-1,kg,0.109,,QC-MAIN-01c1e81f,,,https://www.canada.ca/en/environment-climate-change/services/national-pollutant-release-inventory/tools-resources-data/exploredata.html
npri-3062-2023-42,2023,comp7d3e3488,192-65-4,kg,0.312,,QC-MAIN-01c1e81f,,,https://www.canada.ca/en/environment-climate-change/services/national-pollutant-release-inventory/tools-resources-data/exploredata.html
npri-3062-2023-43,2023,comp7d3e3488,189-64-0,kg,0.896,,QC-MAIN-01c1e81f,,,https://www.canada.ca/en/environment-climate-change/services/national-pollutant-release-inventory/tools-resources-data/exploredata.html
npri-3062-2023-44,2023,comp7d3e3488,189-55-9,kg,1.035,,QC-MAIN-01c1e81f,,,https://www.canada.ca/en/environment-climate-change/services/national-pollutant-release-inventory/tools-resources-data/exploredata.html
npri-3062-2023-45,2023,comp7d3e3488,206-44-0,kg,13.038,,QC-MAIN-01c1e81f,,,https://www.canada.ca/en/environment-climate-change/services/national-pollutant-release-inventory/tools-resources-data/exploredata.html
npri-3406-2023-33,2023,comp7d3e3488,206-44-0,kg,27.346,,QC-MAIN-c1c7eb99,,,https://www.canada.ca/en/environment-climate-change/services/national-pollutant-release-inventory/tools-resources-data/exploredata.html
npri-5510-2023-38,2023,comp7d3e3488,206-44-0,kg,168.4,,QC-MAIN-3aa117d8,,,https://www.canada.ca/en/environment-climate-change/services/national-pollutant-release-inventory/tools-resources-data/exploredata.html
npri-3062-2023-46,2023,comp7d3e3488,86-73-7,kg,12.827,,QC-MAIN-01c1e81f,,,https://www.canada.ca/en/environment-climate-change/services/national-pollutant-release-inventory/tools-resources-data/exploredata.html
npri-3406-2023-34,2023,comp7d3e3488,86-73-7,kg,7.837,,QC-MAIN-c1c7eb99,,,https://www.canada.ca/en/environment-climate-change/services/national-pollutant-release-inventory/tools-resources-data/exploredata.html
npri-5510-2023-39,2023,comp7d3e3488,86-73-7,kg,189.0,,QC-MAIN-3aa117d8,,,https://www.canada.ca/en/environment-climate-change/services/national-pollutant-release-inventory/tools-resources-data/exploredata.html
npri-27853-2023-21,2023,comp7d3e3488,86-73-7,kg,2.425,,QC-MAIN-c1c7eb99,,,https://www.canada.ca/en/environment-climate-change/services/national-pollutant-release-inventory/tools-resources-data/exploredata.html
npri-3060-2023-23,2023,comp7d3e3488,7664-39-3,tonnes,76.106,,QC-MAIN-c0e3a48b,,,https://www.canada.ca/en/environment-climate-change/services/national-pollutant-release-inventory/tools-resources-data/exploredata.html
npri-3062-2023-47,2023,comp7d3e3488,7664-39-3,tonnes,74.6,,QC-MAIN-01c1e81f,,,https://www.canada.ca/en/environment-climate-change/services/national-pollutant-release-inventory/tools-resources-data/exploredata.html
npri-3406-2023-35,2023,comp7d3e3488,7664-39-3,tonnes,130.987,,QC-MAIN-c1c7eb99,,,https://www.canada.ca/en/environment-climate-change/services/national-pollutant-release-inventory/tools-resources-data/exploredata.html
npri-5510-2023-40,2023,comp7d3e3488,7664-39-3,tonnes,144.09,,QC-MAIN-3aa117d8,,,https://www.canada.ca/en/environment-climate-change/services/national-pollutant-release-inventory/tools-resources-data/exploredata.html
npri-27853-2023-22,2023,comp7d3e3488,7664-39-3,tonnes,13.89,,QC-MAIN-c1c7eb99,,,https://www.canada.ca/en/environment-climate-change/services/national-pollutant-release-inventory/tools-resources-data/exploredata.html
npri-3062-2023-48,2023,comp7d3e3488,193-39-5,kg,0.505,,QC-MAIN-01c1e81f,,,https://www.canada.ca/en/environment-climate-change/services/national-pollutant-release-inventory/tools-resources-data/exploredata.html
npri-5510-2023-41,2023,comp7d3e3488,193-39-5,kg,4.3,,QC-MAIN-3aa117d8,,,https://www.canada.ca/en/environment-climate-change/services/national-pollutant-release-inventory/tools-resources-data/exploredata.html
npri-2978-2023-10,2023,comp7d3e3488,11104-93-1,tonnes,0.726,,QC-MAIN-92628f16,,,https://www.canada.ca/en/environment-climate-change/services/national-pollutant-release-inventory/tools-resources-data/exploredata.html
npri-3060-2023-24,2023,comp7d3e3488,11104-93-1,tonnes,0.003,,QC-MAIN-c0e3a48b,,,https://www.canada.ca/en/environment-climate-change/services/national-pollutant-release-inventory/tools-resources-data/exploredata.html
npri-3062-2023-49,2023,comp7d3e3488,11104-93-1,tonnes,0.032,,QC-MAIN-01c1e81f,,,https://www.canada.ca/en/environment-climate-change/services/national-pollutant-release-inventory/tools-resources-data/exploredata.html
npri-3406-2023-36,2023,comp7d3e3488,11104-93-1,tonnes,0.052,,QC-MAIN-c1c7eb99,,,https://www.canada.ca/en/environment-climate-change/services/national-pollutant-release-inventory/tools-resources-data/exploredata.html
npri-5510-2023-42,2023,comp7d3e3488,11104-93-1,tonnes,0.01,,QC-MAIN-3aa117d8,,,https://www.canada.ca/en/environment-climate-change/services/national-pollutant-release-inventory/tools-resources-data/exploredata.html
npri-27853-2023-23,2023,comp7d3e3488,11104-93-1,tonnes,0.001,,QC-MAIN-c1c7eb99,,,https://www.canada.ca/en/environment-climate-change/services/national-pollutant-release-inventory/tools-resources-data/exploredata.html
npri-3062-2023-50,2023,comp7d3e3488,198-55-0,kg,0.044,,QC-MAIN-01c1e81f,,,https://www.canada.ca/en/environment-climate-change/services/national-pollutant-release-inventory/tools-resources-data/exploredata.html
npri-3062-2023-51,2023,comp7d3e3488,85-01-8,kg,30.887,,QC-MAIN-01c1e81f,,,https://www.canada.ca/en/environment-climate-change/services/national-pollutant-release-inventory/tools-resources-data/exploredata.html
npri-3406-2023-37,2023,comp7d3e3488,85-01-8,kg,107.563,,QC-MAIN-c1c7eb99,,,https://www.canada.ca/en/environment-climate-change/services/national-pollutant-release-inventory/tools-resources-data/exploredata.html
npri-5510-2023-43,2023,comp7d3e3488,85-01-8,kg,394.0,,QC-MAIN-3aa117d8,,,https://www.canada.ca/en/environment-climate-change/services/national-pollutant-release-inventory/tools-resources-data/exploredata.html
npri-27853-2023-24,2023,comp7d3e3488,85-01-8,kg,4.042,,QC-MAIN-c1c7eb99,,,https://www.canada.ca/en/environment-climate-change/services/national-pollutant-release-inventory/tools-resources-data/exploredata.html
npri-2978-2023-11,2023,comp7d3e3488,NA - M09,tonnes,0.015,,QC-MAIN-92628f16,,,https://www.canada.ca/en/environment-climate-change/services/national-pollutant-release-inventory/tools-resources-data/exploredata.html
npri-3060-2023-25,2023,comp7d3e3488,NA - M09,tonnes,143.574,,QC-MAIN-c0e3a48b,,,https://www.canada.ca/en/environment-climate-change/services/national-pollutant-release-inventory/tools-resources-data/exploredata.html
npri-3062-2023-52,2023,comp7d3e3488,NA - M09,tonnes,142.487,,QC-MAIN-01c1e81f,,,https://www.canada.ca/en/environment-climate-change/services/national-pollutant-release-inventory/tools-resources-data/exploredata.html
npri-3406-2023-38,2023,comp7d3e3488,NA - M09,tonnes,1013.376,,QC-MAIN-c1c7eb99,,,https://www.canada.ca/en/environment-climate-change/services/national-pollutant-release-inventory/tools-resources-data/exploredata.html
npri-5510-2023-44,2023,comp7d3e3488,NA - M09,tonnes,224.1,,QC-MAIN-3aa117d8,,,https://www.canada.ca/en/environment-climate-change/services/national-pollutant-release-inventory/tools-resources-data/exploredata.html
npri-27853-2023-25,2023,comp7d3e3488,NA - M09,tonnes,10.794,,QC-MAIN-c1c7eb99,,,https://www.canada.ca/en/environment-climate-change/services/national-pollutant-release-inventory/tools-resources-data/exploredata.html
npri-2978-2023-12,2023,comp7d3e3488,NA - M10,tonnes,0.015,,QC-MAIN-92628f16,,,https://www.canada.ca/en/environment-climate-change/services/national-pollutant-release-inventory/tools-resources-data/exploredata.html
npri-3060-2023-26,2023,comp7d3e3488,NA - M10,tonnes,111.394,,QC-MAIN-c0e3a48b,,,https://www.canada.ca/en/environment-climate-change/services/national-pollutant-release-inventory/tools-resources-data/exploredata.html
npri-3062-2023-53,2023,comp7d3e3488,NA - M10,tonnes,110.55,,QC-MAIN-01c1e81f,,,https://www.canada.ca/en/environment-climate-change/services/national-pollutant-release-inventory/tools-resources-data/exploredata.html
npri-3406-2023-39,2023,comp7d3e3488,NA - M10,tonnes,746.912,,QC-MAIN-c1c7eb99,,,https://www.canada.ca/en/environment-climate-change/services/national-pollutant-release-inventory/tools-resources-data/exploredata.html
npri-5510-2023-45,2023,comp7d3e3488,NA - M10,tonnes,216.21,,QC-MAIN-3aa117d8,,,https://www.canada.ca/en/environment-climate-change/services/national-pollutant-release-inventory/tools-resources-data/exploredata.html
npri-27853-2023-26,2023,comp7d3e3488,NA - M10,tonnes,8.375,,QC-MAIN-c1c7eb99,,,https://www.canada.ca/en/environment-climate-change/services/national-pollutant-release-inventory/tools-resources-data/exploredata.html
npri-3062-2023-54,2023,comp7d3e3488,129-00-0,kg,6.029,,QC-MAIN-01c1e81f,,,https://www.canada.ca/en/environment-climate-change/services/national-pollutant-release-inventory/tools-resources-data/exploredata.html
npri-3406-2023-40,2023,comp7d3e3488,129-00-0,kg,9.288,,QC-MAIN-c1c7eb99,,,https://www.canada.ca/en/environment-climate-change/services/national-pollutant-release-inventory/tools-resources-data/exploredata.html
npri-5510-2023-46,2023,comp7d3e3488,129-00-0,kg,115.9,,QC-MAIN-3aa117d8,,,https://www.canada.ca/en/environment-climate-change/services/national-pollutant-release-inventory/tools-resources-data/exploredata.html
npri-2978-2023-13,2023,comp7d3e3488,7446-09-5,tonnes,0.005,,QC-MAIN-92628f16,,,https://www.canada.ca/en/environment-climate-change/services/national-pollutant-release-inventory/tools-resources-data/exploredata.html
npri-3060-2023-27,2023,comp7d3e3488,7446-09-5,tonnes,34.218,,QC-MAIN-c0e3a48b,,,https://www.canada.ca/en/environment-climate-change/services/national-pollutant-release-inventory/tools-resources-data/exploredata.html
npri-3062-2023-55,2023,comp7d3e3488,7446-09-5,tonnes,39.685,,QC-MAIN-01c1e81f,,,https://www.canada.ca/en/environment-climate-change/services/national-pollutant-release-inventory/tools-resources-data/exploredata.html
npri-3406-2023-41,2023,comp7d3e3488,7446-09-5,tonnes,502.096,,QC-MAIN-c1c7eb99,,,https://www.canada.ca/en/environment-climate-change/services/national-pollutant-release-inventory/tools-resources-data/exploredata.html
npri-5510-2023-47,2023,comp7d3e3488,7446-09-5,tonnes,71.74,,QC-MAIN-3aa117d8,,,https://www.canada.ca/en/environment-climate-change/services/national-pollutant-release-inventory/tools-resources-data/exploredata.html
npri-27853-2023-27,2023,comp7d3e3488,7446-09-5,tonnes,6.988,,QC-MAIN-c1c7eb99,,,https://www.canada.ca/en/environment-climate-change/services/national-pollutant-release-inventory/tools-resources-data/exploredata.html
npri-2978-2023-14,2023,comp7d3e3488,NA - M08,tonnes,0.015,,QC-MAIN-92628f16,,,https://www.canada.ca/en/environment-climate-change/services/national-pollutant-release-inventory/tools-resources-data/exploredata.html
npri-3060-2023-28,2023,comp7d3e3488,NA - M08,tonnes,247.542,,QC-MAIN-c0e3a48b,,,https://www.canada.ca/en/environment-climate-change/services/national-pollutant-release-inventory/tools-resources-data/exploredata.html
npri-3062-2023-56,2023,comp7d3e3488,NA - M08,tonnes,245.666,,QC-MAIN-01c1e81f,,,https://www.canada.ca/en/environment-climate-change/services/national-pollutant-release-inventory/tools-resources-data/exploredata.html
npri-3406-2023-42,2023,comp7d3e3488,NA - M08,tonnes,1406.48,,QC-MAIN-c1c7eb99,,,https://www.canada.ca/en/environment-climate-change/services/national-pollutant-release-inventory/tools-resources-data/exploredata.html
npri-5510-2023-48,2023,comp7d3e3488,NA - M08,tonnes,450.44,,QC-MAIN-3aa117d8,,,https://www.canada.ca/en/environment-climate-change/services/national-pollutant-release-inventory/tools-resources-data/exploredata.html
npri-27853-2023-28,2023,comp7d3e3488,NA - M08,tonnes,18.611,,QC-MAIN-c1c7eb99,,,https://www.canada.ca/en/environment-climate-change/services/national-pollutant-release-inventory/tools-resources-data/exploredata.html
npri-3060-2023-29,2023,comp7d3e3488,NA - M14,tonnes,0.957,,QC-MAIN-c0e3a48b,,,https://www.canada.ca/en/environment-climate-change/services/national-pollutant-release-inventory/tools-resources-data/exploredata.html
npri-3062-2023-57,2023,comp7d3e3488,NA - M14,tonnes,1.11,,QC-MAIN-01c1e81f,,,https://www.canada.ca/en/environment-climate-change/services/national-pollutant-release-inventory/tools-resources-data/exploredata.html
npri-3406-2023-43,2023,comp7d3e3488,NA - M14,tonnes,13.985,,QC-MAIN-c1c7eb99,,,https://www.canada.ca/en/environment-climate-change/services/national-pollutant-release-inventory/tools-resources-data/exploredata.html
npri-5510-2023-49,2023,comp7d3e3488,NA - M14,tonnes,2.0,,QC-MAIN-3aa117d8,,,https://www.canada.ca/en/environment-climate-change/services/national-pollutant-release-inventory/tools-resources-data/exploredata.html
npri-2978-2023-15,2023,comp7d3e3488,NA - M16,tonnes,0.039,,QC-MAIN-92628f16,,,https://www.canada.ca/en/environment-climate-change/services/national-pollutant-release-inventory/tools-resources-data/exploredata.html
npri-3060-2023-30,2023,comp7d3e3488,NA - M16,tonnes,121.926,,QC-MAIN-c0e3a48b,,,https://www.canada.ca/en/environment-climate-change/services/national-pollutant-release-inventory/tools-resources-data/exploredata.html
npri-3062-2023-58,2023,comp7d3e3488,NA - M16,tonnes,114.422,,QC-MAIN-01c1e81f,,,https://www.canada.ca/en/environment-climate-change/services/national-pollutant-release-inventory/tools-resources-data/exploredata.html
npri-3406-2023-44,2023,comp7d3e3488,NA - M16,tonnes,86.0101,,QC-MAIN-c1c7eb99,,,https://www.canada.ca/en/environment-climate-change/services/national-pollutant-release-inventory/tools-resources-data/exploredata.html
npri-5510-2023-50,2023,comp7d3e3488,NA - M16,tonnes,241.92,,QC-MAIN-3aa117d8,,,https://www.canada.ca/en/environment-climate-change/services/national-pollutant-release-inventory/tools-resources-data/exploredata.html
npri-27853-2023-29,2023,comp7d3e3488,NA - M16,tonnes,29.391,,QC-MAIN-c1c7eb99,,,https://www.canada.ca/en/environment-climate-change/services/national-pollutant-release-inventory/tools-resources-data/exploredata.html
npri-3855-2023-42,2023,comp7d3e3488,208-96-8,kg,96.57,,ON-MAIN-b2e5c9bb,,,https://www.canada.ca/en/environment-climate-change/services/national-pollutant-release-inventory/tools-resources-data/exploredata.html
npri-3855-2023-43,2023,comp7d3e3488,NA - 16,tonnes,0.8643,,ON-MAIN-b2e5c9bb,,,https://www.canada.ca/en/environment-climate-change/services/national-pollutant-release-inventory/tools-resources-data/exploredata.html
npri-2984-2023-32,2023,comp7d3e3488,120-12-7,kg,0.6555,,ON-MAIN-020a683c,,,https://www.canada.ca/en/environment-climate-change/services/national-pollutant-release-inventory/tools-resources-data/exploredata.html
npri-3855-2023-44,2023,comp7d3e3488,120-12-7,kg,57.244147,,ON-MAIN-b2e5c9bb,,,https://www.canada.ca/en/environment-climate-change/services/national-pollutant-release-inventory/tools-resources-data/exploredata.html
npri-3855-2023-45,2023,comp7d3e3488,NA - 02,kg,0.003,,ON-MAIN-b2e5c9bb,,,https://www.canada.ca/en/environment-climate-change/services/national-pollutant-release-inventory/tools-resources-data/exploredata.html
npri-2984-2023-33,2023,comp7d3e3488,56-55-3,kg,0.3008,,ON-MAIN-020a683c,,,https://www.canada.ca/en/environment-climate-change/services/national-pollutant-release-inventory/tools-resources-data/exploredata.html
npri-3855-2023-46,2023,comp7d3e3488,56-55-3,kg,26.26318,,ON-MAIN-b2e5c9bb,,,https://www.canada.ca/en/environment-climate-change/services/national-pollutant-release-inventory/tools-resources-data/exploredata.html
npri-2984-2023-34,2023,comp7d3e3488,71-43-2,tonnes,15.5737,,ON-MAIN-020a683c,,,https://www.canada.ca/en/environment-climate-change/services/national-pollutant-release-inventory/tools-resources-data/exploredata.html
npri-3855-2023-47,2023,comp7d3e3488,71-43-2,tonnes,11.081,,ON-MAIN-b2e5c9bb,,,https://www.canada.ca/en/environment-climate-change/services/national-pollutant-release-inventory/tools-resources-data/exploredata.html
npri-2984-2023-35,2023,comp7d3e3488,50-32-8,kg,0.2889,,ON-MAIN-020a683c,,,https://www.canada.ca/en/environment-climate-change/services/national-pollutant-release-inventory/tools-resources-data/exploredata.html
npri-3855-2023-48,2023,comp7d3e3488,50-32-8,kg,25.2288,,ON-MAIN-b2e5c9bb,,,https://www.canada.ca/en/environment-climate-change/services/national-pollutant-release-inventory/tools-resources-data/exploredata.html
npri-2984-2023-36,2023,comp7d3e3488,205-99-2,kg,0.284,,ON-MAIN-020a683c,,,https://www.canada.ca/en/environment-climate-change/services/national-pollutant-release-inventory/tools-resources-data/exploredata.html
npri-3855-2023-49,2023,comp7d3e3488,205-99-2,kg,24.79991,,ON-MAIN-b2e5c9bb,,,https://www.canada.ca/en/environment-climate-change/services/national-pollutant-release-inventory/tools-resources-data/exploredata.html
npri-2984-2023-37,2023,comp7d3e3488,192-97-2,kg,0.0116,,ON-MAIN-020a683c,,,https://www.canada.ca/en/environment-climate-change/services/national-pollutant-release-inventory/tools-resources-data/exploredata.html
npri-2984-2023-38,2023,comp7d3e3488,191-24-2,kg,0.0078,,ON-MAIN-020a683c,,,https://www.canada.ca/en/environment-climate-change/services/national-pollutant-release-inventory/tools-resources-data/exploredata.html
npri-3855-2023-50,2023,comp7d3e3488,191-24-2,kg,0.681,,ON-MAIN-b2e5c9bb,,,https://www.canada.ca/en/environment-climate-change/services/national-pollutant-release-inventory/tools-resources-data/exploredata.html
npri-2984-2023-39,2023,comp7d3e3488,205-82-3,kg,0.0194,,ON-MAIN-020a683c,,,https://www.canada.ca/en/environment-climate-change/services/national-pollutant-release-inventory/tools-resources-data/exploredata.html
npri-3855-2023-51,2023,comp7d3e3488,205-82-3,kg,1.6903,,ON-MAIN-b2e5c9bb,,,https://www.canada.ca/en/environment-climate-change/services/national-pollutant-release-inventory/tools-resources-data/exploredata.html
npri-2984-2023-40,2023,comp7d3e3488,207-08-9,kg,0.1823,,ON-MAIN-020a683c,,,https://www.canada.ca/en/environment-climate-change/services/national-pollutant-release-inventory/tools-resources-data/exploredata.html
npri-3855-2023-52,2023,comp7d3e3488,207-08-9,kg,15.91,,ON-MAIN-b2e5c9bb,,,https://www.canada.ca/en/environment-climate-change/services/national-pollutant-release-inventory/tools-resources-data/exploredata.html
npri-3855-2023-53,2023,comp7d3e3488,NA - 03,kg,0.65,,ON-MAIN-b2e5c9bb,,,https://www.canada.ca/en/environment-climate-change/services/national-pollutant-release-inventory/tools-resources-data/exploredata.html
npri-3855-2023-54,2023,comp7d3e3488,7789-75-5,tonnes,0.0697,,ON-MAIN-b2e5c9bb,,,https://www.canada.ca/en/environment-climate-change/services/national-pollutant-release-inventory/tools-resources-data/exploredata.html
npri-3855-2023-55,2023,comp7d3e3488,630-08-0,tonnes,16.2986,,ON-MAIN-b2e5c9bb,,,https://www.canada.ca/en/environment-climate-change/services/national-pollutant-release-inventory/tools-resources-data/exploredata.html
npri-2984-2023-41,2023,comp7d3e3488,218-01-9,kg,0.4614,,ON-MAIN-020a683c,,,https://www.canada.ca/en/environment-climate-change/services/national-pollutant-release-inventory/tools-resources-data/exploredata.html
npri-3855-2023-56,2023,comp7d3e3488,218-01-9,kg,40.2904,,ON-MAIN-b2e5c9bb,,,https://www.canada.ca/en/environment-climate-change/services/national-pollutant-release-inventory/tools-resources-data/exploredata.html
npri-3855-2023-57,2023,comp7d3e3488,NA - 05,kg,0.47,,ON-MAIN-b2e5c9bb,,,https://www.canada.ca/en/environment-climate-change/services/national-pollutant-release-inventory/tools-resources-data/exploredata.html
npri-2984-2023-42,2023,comp7d3e3488,53-70-3,kg,0.3224,,ON-MAIN-020a683c,,,https://www.canada.ca/en/environment-climate-change/services/national-pollutant-release-inventory/tools-resources-data/exploredata.html
npri-3855-2023-58,2023,comp7d3e3488,53-70-3,kg,28.15534,,ON-MAIN-b2e5c9bb,,,https://www.canada.ca/en/environment-climate-change/services/national-pollutant-release-inventory/tools-resources-data/exploredata.html
npri-2984-2023-43,2023,comp7d3e3488,189-55-9,kg,0.2889,,ON-MAIN-020a683c,,,https://www.canada.ca/en/environment-climate-change/services/national-pollutant-release-inventory/tools-resources-data/exploredata.html
npri-3855-2023-59,2023,comp7d3e3488,189-55-9,kg,25.23,,ON-MAIN-b2e5c9bb,,,https://www.canada.ca/en/environment-climate-change/services/national-pollutant-release-inventory/tools-resources-data/exploredata.html
npri-2984-2023-44,2023,comp7d3e3488,74-85-1,tonnes,15.0107,,ON-MAIN-020a683c,,,https://www.canada.ca/en/environment-climate-change/services/national-pollutant-release-inventory/tools-resources-data/exploredata.html
npri-2984-2023-45,2023,comp7d3e3488,206-44-0,kg,0.607,,ON-MAIN-020a683c,,,https://www.canada.ca/en/environment-climate-change/services/national-pollutant-release-inventory/tools-resources-data/exploredata.html
npri-3855-2023-60,2023,comp7d3e3488,206-44-0,kg,53.006,,ON-MAIN-b2e5c9bb,,,https://www.canada.ca/en/environment-climate-change/services/national-pollutant-release-inventory/tools-resources-data/exploredata.html
npri-2984-2023-46,2023,comp7d3e3488,7783-06-4,tonnes,0.471286,,ON-MAIN-020a683c,,,https://www.canada.ca/en/environment-climate-change/services/national-pollutant-release-inventory/tools-resources-data/exploredata.html
npri-3855-2023-61,2023,comp7d3e3488,7783-06-4,tonnes,29.626,,ON-MAIN-b2e5c9bb,,,https://www.canada.ca/en/environment-climate-change/services/national-pollutant-release-inventory/tools-resources-data/exploredata.html
npri-2984-2023-47,2023,comp7d3e3488,193-39-5,kg,0.1092,,ON-MAIN-020a683c,,,https://www.canada.ca/en/environment-climate-change/services/national-pollutant-release-inventory/tools-resources-data/exploredata.html
npri-3855-2023-62,2023,comp7d3e3488,193-39-5,kg,9.536,,ON-MAIN-b2e5c9bb,,,https://www.canada.ca/en/environment-climate-change/services/national-pollutant-release-inventory/tools-resources-data/exploredata.html
npri-3855-2023-63,2023,comp7d3e3488,NA - 08,kg,21.39,,ON-MAIN-b2e5c9bb,,,https://www.canada.ca/en/environment-climate-change/services/national-pollutant-release-inventory/tools-resources-data/exploredata.html
npri-3855-2023-64,2023,comp7d3e3488,NA - 09,tonnes,1.3507,,ON-MAIN-b2e5c9bb,,,https://www.canada.ca/en/environment-climate-change/services/national-pollutant-release-inventory/tools-resources-data/exploredata.html
npri-2984-2023-48,2023,comp7d3e3488,NA - 10,kg,15.7095,,ON-MAIN-020a683c,,,https://www.canada.ca/en/environment-climate-change/services/national-pollutant-release-inventory/tools-resources-data/exploredata.html
npri-3855-2023-65,2023,comp7d3e3488,NA - 10,kg,17.004,,ON-MAIN-b2e5c9bb,,,https://www.canada.ca/en/environment-climate-change/services/national-pollutant-release-inventory/tools-resources-data/exploredata.html
npri-2984-2023-49,2023,comp7d3e3488,67-56-1,tonnes,12.0549,,ON-MAIN-020a683c,,,https://www.canada.ca/en/environment-climate-change/services/national-pollutant-release-inventory/tools-resources-data/exploredata.html
npri-2984-2023-50,2023,comp7d3e3488,91-20-3,tonnes,1.8677,,ON-MAIN-020a683c,,,https://www.canada.ca/en/environment-climate-change/services/national-pollutant-release-inventory/tools-resources-data/exploredata.html
npri-3855-2023-66,2023,comp7d3e3488,110-54-3,tonnes,0.07881,,ON-MAIN-b2e5c9bb,,,https://www.canada.ca/en/environment-climate-change/services/national-pollutant-release-inventory/tools-resources-data/exploredata.html
npri-2984-2023-51,2023,comp7d3e3488,11104-93-1,tonnes,7.2974,,ON-MAIN-020a683c,,,https://www.canada.ca/en/environment-climate-change/services/national-pollutant-release-inventory/tools-resources-data/exploredata.html
npri-3855-2023-67,2023,comp7d3e3488,11104-93-1,tonnes,7.4639,,ON-MAIN-b2e5c9bb,,,https://www.canada.ca/en/environment-climate-change/services/national-pollutant-release-inventory/tools-resources-data/exploredata.html
npri-2984-2023-52,2023,comp7d3e3488,198-55-0,kg,0.0771,,ON-MAIN-020a683c,,,https://www.canada.ca/en/environment-climate-change/services/national-pollutant-release-inventory/tools-resources-data/exploredata.html
npri-3855-2023-68,2023,comp7d3e3488,198-55-0,kg,6.736,,ON-MAIN-b2e5c9bb,,,https://www.canada.ca/en/environment-climate-change/services/national-pollutant-release-inventory/tools-resources-data/exploredata.html
npri-2984-2023-53,2023,comp7d3e3488,85-01-8,kg,0.9468,,ON-MAIN-020a683c,,,https://www.canada.ca/en/environment-climate-change/services/national-pollutant-release-inventory/tools-resources-data/exploredata.html
npri-3855-2023-69,2023,comp7d3e3488,85-01-8,kg,82.67478,,ON-MAIN-b2e5c9bb,,,https://www.canada.ca/en/environment-climate-change/services/national-pollutant-release-inventory/tools-resources-data/exploredata.html
npri-2984-2023-54,2023,comp7d3e3488,NA - M09,tonnes,44.6241,,ON-MAIN-020a683c,,,https://www.canada.ca/en/environment-climate-change/services/national-pollutant-release-inventory/tools-resources-data/exploredata.html
npri-3855-2023-70,2023,comp7d3e3488,NA - M09,tonnes,550.304,,ON-MAIN-b2e5c9bb,,,https://www.canada.ca/en/environment-climate-change/services/national-pollutant-release-inventory/tools-resources-data/exploredata.html
npri-2984-2023-55,2023,comp7d3e3488,NA - M10,tonnes,14.7988,,ON-MAIN-020a683c,,,https://www.canada.ca/en/environment-climate-change/services/national-pollutant-release-inventory/tools-resources-data/exploredata.html
npri-3855-2023-71,2023,comp7d3e3488,NA - M10,tonnes,101.1913,,ON-MAIN-b2e5c9bb,,,https://www.canada.ca/en/environment-climate-change/services/national-pollutant-release-inventory/tools-resources-data/exploredata.html
npri-2984-2023-56,2023,comp7d3e3488,129-00-0,kg,0.5082,,ON-MAIN-020a683c,,,https://www.canada.ca/en/environment-climate-change/services/national-pollutant-release-inventory/tools-resources-data/exploredata.html
npri-3855-2023-72,2023,comp7d3e3488,129-00-0,kg,44.38,,ON-MAIN-b2e5c9bb,,,https://www.canada.ca/en/environment-climate-change/services/national-pollutant-release-inventory/tools-resources-data/exploredata.html
npri-3855-2023-73,2023,comp7d3e3488,NA - 12,kg,0.003,,ON-MAIN-b2e5c9bb,,,https://www.canada.ca/en/environment-climate-change/services/national-pollutant-release-inventory/tools-resources-data/exploredata.html
npri-2984-2023-57,2023,comp7d3e3488,100-42-5,tonnes,0.042099,,ON-MAIN-020a683c,,,https://www.canada.ca/en/environment-climate-change/services/national-pollutant-release-inventory/tools-resources-data/exploredata.html
npri-2984-2023-58,2023,comp7d3e3488,7446-09-5,tonnes,41.6783,,ON-MAIN-020a683c,,,https://www.canada.ca/en/environment-climate-change/services/national-pollutant-release-inventory/tools-resources-data/exploredata.html
npri-3855-2023-74,2023,comp7d3e3488,7446-09-5,tonnes,44.017,,ON-MAIN-b2e5c9bb,,,https://www.canada.ca/en/environment-climate-change/services/national-pollutant-release-inventory/tools-resources-data/exploredata.html
npri-2984-2023-59,2023,comp7d3e3488,108-88-3,tonnes,0.767618,,ON-MAIN-020a683c,,,https://www.canada.ca/en/environment-climate-change/services/national-pollutant-release-inventory/tools-resources-data/exploredata.html
npri-3855-2023-75,2023,comp7d3e3488,108-88-3,tonnes,1.1082,,ON-MAIN-b2e5c9bb,,,https://www.canada.ca/en/environment-climate-change/services/national-pollutant-release-inventory/tools-resources-data/exploredata.html
npri-2984-2023-60,2023,comp7d3e3488,NA - M08,tonnes,83.5882,,ON-MAIN-020a683c,,,https://www.canada.ca/en/environment-climate-change/services/national-pollutant-release-inventory/tools-resources-data/exploredata.html
npri-3855-2023-76,2023,comp7d3e3488,NA - M08,tonnes,1176.6176,,ON-MAIN-b2e5c9bb,,,https://www.canada.ca/en/environment-climate-change/services/national-pollutant-release-inventory/tools-resources-data/exploredata.html
npri-2984-2023-61,2023,comp7d3e3488,NA - M14,tonnes,0.471287,,ON-MAIN-020a683c,,,https://www.canada.ca/en/environment-climate-change/services/national-pollutant-release-inventory/tools-resources-data/exploredata.html
npri-3855-2023-77,2023,comp7d3e3488,NA - M14,tonnes,29.634,,ON-MAIN-b2e5c9bb,,,https://www.canada.ca/en/environment-climate-change/services/national-pollutant-release-inventory/tools-resources-data/exploredata.html
npri-2984-2023-62,2023,comp7d3e3488,NA - M16,tonnes,89.5452,,ON-MAIN-020a683c,,,https://www.canada.ca/en/environment-climate-change/services/national-pollutant-release-inventory/tools-resources-data/exploredata.html
npri-3855-2023-78,2023,comp7d3e3488,NA - M16,tonnes,105.1467,,ON-MAIN-b2e5c9bb,,,https://www.canada.ca/en/environment-climate-change/services/national-pollutant-release-inventory/tools-resources-data/exploredata.html
npri-3802-2023-26,2023,comp7d3e3488,NA - 01,tonnes,0.017,,BC-MAIN-3bb6b7cd,,,https://www.canada.ca/en/environment-climate-change/services/national-pollutant-release-inventory/tools-resources-data/exploredata.html
npri-3802-2023-27,2023,comp7d3e3488,NA - 02,kg,16.51,,BC-MAIN-3bb6b7cd,,,https://www.canada.ca/en/environment-climate-change/services/national-pollutant-release-inventory/tools-resources-data/exploredata.html
npri-3802-2023-28,2023,comp7d3e3488,NA - 03,kg,6.17,,BC-MAIN-3bb6b7cd,,,https://www.canada.ca/en/environment-climate-change/services/national-pollutant-release-inventory/tools-resources-data/exploredata.html
npri-3802-2023-29,2023,comp7d3e3488,NA - 05,kg,0.002,,BC-MAIN-3bb6b7cd,,,https://www.canada.ca/en/environment-climate-change/services/national-pollutant-release-inventory/tools-resources-data/exploredata.html
npri-3802-2023-30,2023,comp7d3e3488,NA - 06,tonnes,0.0076,,BC-MAIN-3bb6b7cd,,,https://www.canada.ca/en/environment-climate-change/services/national-pollutant-release-inventory/tools-resources-data/exploredata.html
npri-3802-2023-31,2023,comp7d3e3488,NA - 08,kg,311.76,,BC-MAIN-3bb6b7cd,,,https://www.canada.ca/en/environment-climate-change/services/national-pollutant-release-inventory/tools-resources-data/exploredata.html
npri-3802-2023-32,2023,comp7d3e3488,NA - 09,tonnes,0.0019,,BC-MAIN-3bb6b7cd,,,https://www.canada.ca/en/environment-climate-change/services/national-pollutant-release-inventory/tools-resources-data/exploredata.html
npri-3802-2023-33,2023,comp7d3e3488,NA - 10,kg,0.0026,,BC-MAIN-3bb6b7cd,,,https://www.canada.ca/en/environment-climate-change/services/national-pollutant-release-inventory/tools-resources-data/exploredata.html
npri-3802-2023-34,2023,comp7d3e3488,NA - M09,tonnes,1.198,,BC-MAIN-3bb6b7cd,,,https://www.canada.ca/en/environment-climate-change/services/national-pollutant-release-inventory/tools-resources-data/exploredata.html
npri-3802-2023-35,2023,comp7d3e3488,NA - M10,tonnes,0.646,,BC-MAIN-3bb6b7cd,,,https://www.canada.ca/en/environment-climate-change/services/national-pollutant-release-inventory/tools-resources-data/exploredata.html
npri-3802-2023-36,2023,comp7d3e3488,NA - 13,tonnes,0.0017,,BC-MAIN-3bb6b7cd,,,https://www.canada.ca/en/environment-climate-change/services/national-pollutant-release-inventory/tools-resources-data/exploredata.html
npri-3802-2023-37,2023,comp7d3e3488,NA - M08,tonnes,1.307,,BC-MAIN-3bb6b7cd,,,https://www.canada.ca/en/environment-climate-change/services/national-pollutant-release-inventory/tools-resources-data/exploredata.html
npri-3802-2023-38,2023,comp7d3e3488,NA - 14,tonnes,0.18,,BC-MAIN-3bb6b7cd,,,https://www.canada.ca/en/environment-climate-change/services/national-pollutant-release-inventory/tools-resources-data/exploredata.html
npri-444-2023-17,2023,comp7d3e3488,NA - 02,kg,37.99,,ON-MAIN-63b394c3,,,https://www.canada.ca/en/environment-climate-change/services/national-pollutant-release-inventory/tools-resources-data/exploredata.html
npri-444-2023-18,2023,comp7d3e3488,NA - 03,kg,7.13,,ON-MAIN-63b394c3,,,https://www.canada.ca/en/environment-climate-change/services/national-pollutant-release-inventory/tools-resources-data/exploredata.html
npri-444-2023-19,2023,comp7d3e3488,NA - 04,tonnes,0.028,,ON-MAIN-63b394c3,,,https://www.canada.ca/en/environment-climate-change/services/national-pollutant-release-inventory/tools-resources-data/exploredata.html
npri-444-2023-20,2023,comp7d3e3488,NA - 05,kg,23.1,,ON-MAIN-63b394c3,,,https://www.canada.ca/en/environment-climate-change/services/national-pollutant-release-inventory/tools-resources-data/exploredata.html
npri-444-2023-21,2023,comp7d3e3488,NA - 06,tonnes,0.29,,ON-MAIN-63b394c3,,,https://www.canada.ca/en/environment-climate-change/services/national-pollutant-release-inventory/tools-resources-data/exploredata.html
npri-444-2023-22,2023,comp7d3e3488,NA - 08,kg,98.69,,ON-MAIN-63b394c3,,,https://www.canada.ca/en/environment-climate-change/services/national-pollutant-release-inventory/tools-resources-data/exploredata.html
npri-444-2023-23,2023,comp7d3e3488,NA - 11,tonnes,0.75,,ON-MAIN-63b394c3,,,https://www.canada.ca/en/environment-climate-change/services/national-pollutant-release-inventory/tools-resources-data/exploredata.html
npri-444-2023-24,2023,comp7d3e3488,NA - M09,tonnes,7.69,,ON-MAIN-63b394c3,,,https://www.canada.ca/en/environment-climate-change/services/national-pollutant-release-inventory/tools-resources-data/exploredata.html
npri-444-2023-25,2023,comp7d3e3488,NA - M10,tonnes,3.84,,ON-MAIN-63b394c3,,,https://www.canada.ca/en/environment-climate-change/services/national-pollutant-release-inventory/tools-resources-data/exploredata.html
npri-444-2023-26,2023,comp7d3e3488,NA - 12,kg,31.08,,ON-MAIN-63b394c3,,,https://www.canada.ca/en/environment-climate-change/services/national-pollutant-release-inventory/tools-resources-data/exploredata.html
npri-444-2023-27,2023,comp7d3e3488,7446-09-5,tonnes,310.97,,ON-MAIN-63b394c3,,,https://www.canada.ca/en/environment-climate-change/services/national-pollutant-release-inventory/tools-resources-data/exploredata.html
npri-444-2023-28,2023,comp7d3e3488,7664-93-9,tonnes,4.99,,ON-MAIN-63b394c3,,,https://www.canada.ca/en/environment-climate-change/services/national-pollutant-release-inventory/tools-resources-data/exploredata.html
npri-444-2023-29,2023,comp7d3e3488,NA - M08,tonnes,15.38,,ON-MAIN-63b394c3,,,https://www.canada.ca/en/environment-climate-change/services/national-pollutant-release-inventory/tools-resources-data/exploredata.html
npri-444-2023-30,2023,comp7d3e3488,NA - 14,tonnes,0.09,,ON-MAIN-63b394c3,,,https://www.canada.ca/en/environment-climate-change/services/national-pollutant-release-inventory/tools-resources-data/exploredata.html
npri-1070-2023-63,2023,comp3ca42ad5,630-08-0,tonnes,14.315,,ON-MAIN-eab8c362,,,https://www.canada.ca/en/environment-climate-change/services/national-pollutant-release-inventory/tools-resources-data/exploredata.html
npri-2740-2023-52,2023,comp3ca42ad5,630-08-0,tonnes,1.2948,,SK-MAIN-26b9aaf3,,,https://www.canada.ca/en/environment-climate-change/services/national-pollutant-release-inventory/tools-resources-data/exploredata.html
npri-2740-2023-53,2023,comp3ca42ad5,11104-93-1,tonnes,0.23,,SK-MAIN-26b9aaf3,,,https://www.canada.ca/en/environment-climate-change/services/national-pollutant-release-inventory/tools-resources-data/exploredata.html
npri-2740-2023-54,2023,comp3ca42ad5,NA - M09,tonnes,0.2349,,SK-MAIN-26b9aaf3,,,https://www.canada.ca/en/environment-climate-change/services/national-pollutant-release-inventory/tools-resources-data/exploredata.html
npri-2740-2023-55,2023,comp3ca42ad5,NA - M10,tonnes,0.2355,,SK-MAIN-26b9aaf3,,,https://www.canada.ca/en/environment-climate-change/services/national-pollutant-release-inventory/tools-resources-data/exploredata.html
npri-2740-2023-56,2023,comp3ca42ad5,7446-09-5,tonnes,0.0995,,SK-MAIN-26b9aaf3,,,https://www.canada.ca/en/environment-climate-change/services/national-pollutant-release-inventory/tools-resources-data/exploredata.html
npri-2740-2023-57,2023,comp3ca42ad5,NA - M08,tonnes,0.7589,,SK-MAIN-26b9aaf3,,,https://www.canada.ca/en/environment-climate-change/services/national-pollutant-release-inventory/tools-resources-data/exploredata.html
npri-2740-2023-58,2023,comp3ca42ad5,NA - M16,tonnes,0.322,,SK-MAIN-26b9aaf3,,,https://www.canada.ca/en/environment-climate-change/services/national-pollutant-release-inventory/tools-resources-data/exploredata.html
npri-1071-2023-51,2023,compb30db82f,218-01-9,kg,0.129,,QC-MAIN-c8966bdc,,,https://www.canada.ca/en/environment-climate-change/services/national-pollutant-release-inventory/tools-resources-data/exploredata.html
npri-3713-2023-137,2023,compb30db82f,95-63-6,tonnes,0.204141,,ON-MAIN-4c35e094,,,https://www.canada.ca/en/environment-climate-change/services/national-pollutant-release-inventory/tools-resources-data/exploredata.html
npri-3713-2023-138,2023,compb30db82f,7789-75-5,tonnes,0.000497,,ON-MAIN-4c35e094,,,https://www.canada.ca/en/environment-climate-change/services/national-pollutant-release-inventory/tools-resources-data/exploredata.html
npri-3713-2023-139,2023,compb30db82f,100-41-4,tonnes,0.067606,,ON-MAIN-4c35e094,,,https://www.canada.ca/en/environment-climate-change/services/national-pollutant-release-inventory/tools-resources-data/exploredata.html
npri-3713-2023-140,2023,compb30db82f,107-21-1,tonnes,0.000969,,ON-MAIN-4c35e094,,,https://www.canada.ca/en/environment-climate-change/services/national-pollutant-release-inventory/tools-resources-data/exploredata.html
npri-3713-2023-141,2023,compb30db82f,67-56-1,tonnes,0.000248,,ON-MAIN-4c35e094,,,https://www.canada.ca/en/environment-climate-change/services/national-pollutant-release-inventory/tools-resources-data/exploredata.html
npri-3713-2023-142,2023,compb30db82f,91-20-3,tonnes,0.007899,,ON-MAIN-4c35e094,,,https://www.canada.ca/en/environment-climate-change/services/national-pollutant-release-inventory/tools-resources-data/exploredata.html
npri-3713-2023-143,2023,compb30db82f,108-88-3,tonnes,0.453626,,ON-MAIN-4c35e094,,,https://www.canada.ca/en/environment-climate-change/services/national-pollutant-release-inventory/tools-resources-data/exploredata.html
npri-3713-2023-144,2023,compb30db82f,1330-20-7,tonnes,0.417814,,ON-MAIN-4c35e094,,,https://www.canada.ca/en/environment-climate-change/services/national-pollutant-release-inventory/tools-resources-data/exploredata.html
npri-4169-2023-3,2023,compb30db82f,NA - M09,tonnes,0.088,,ON-MAIN-bddeaef0,,,https://www.canada.ca/en/environment-climate-change/services/national-pollutant-release-inventory/tools-resources-data/exploredata.html
npri-2984-2023-63,2023,compb30db82f,120-12-7,kg,0.087367,,ON-MAIN-020a683c,,,https://www.canada.ca/en/environment-climate-change/services/national-pollutant-release-inventory/tools-resources-data/exploredata.html
npri-2984-2023-64,2023,compb30db82f,56-55-3,kg,0.2668,,ON-MAIN-020a683c,,,https://www.canada.ca/en/environment-climate-change/services/national-pollutant-release-inventory/tools-resources-data/exploredata.html
npri-2984-2023-65,2023,compb30db82f,50-32-8,kg,0.1675,,ON-MAIN-020a683c,,,https://www.canada.ca/en/environment-climate-change/services/national-pollutant-release-inventory/tools-resources-data/exploredata.html
npri-2984-2023-66,2023,compb30db82f,205-99-2,kg,0.3164,,ON-MAIN-020a683c,,,https://www.canada.ca/en/environment-climate-change/services/national-pollutant-release-inventory/tools-resources-data/exploredata.html
npri-2984-2023-67,2023,compb30db82f,192-97-2,kg,0.2089,,ON-MAIN-020a683c,,,https://www.canada.ca/en/environment-climate-change/services/national-pollutant-release-inventory/tools-resources-data/exploredata.html
npri-2984-2023-68,2023,compb30db82f,191-24-2,kg,0.1786,,ON-MAIN-020a683c,,,https://www.canada.ca/en/environment-climate-change/services/national-pollutant-release-inventory/tools-resources-data/exploredata.html
npri-2984-2023-69,2023,compb30db82f,205-82-3,kg,0.1256,,ON-MAIN-020a683c,,,https://www.canada.ca/en/environment-climate-change/services/national-pollutant-release-inventory/tools-resources-data/exploredata.html
npri-2984-2023-70,2023,compb30db82f,207-08-9,kg,0.1608,,ON-MAIN-020a683c,,,https://www.canada.ca/en/environment-climate-change/services/national-pollutant-release-inventory/tools-resources-data/exploredata.html
npri-2984-2023-71,2023,compb30db82f,NA - 04,tonnes,0.060816,,ON-MAIN-020a683c,,,https://www.canada.ca/en/environment-climate-change/services/national-pollutant-release-inventory/tools-resources-data/exploredata.html
npri-2984-2023-72,2023,compb30db82f,218-01-9,kg,0.3941,,ON-MAIN-020a683c,,,https://www.canada.ca/en/environment-climate-change/services/national-pollutant-release-inventory/tools-resources-data/exploredata.html
npri-2984-2023-73,2023,compb30db82f,53-70-3,kg,0.0463,,ON-MAIN-020a683c,,,https://www.canada.ca/en/environment-climate-change/services/national-pollutant-release-inventory/tools-resources-data/exploredata.html
npri-2984-2023-74,2023,compb30db82f,189-55-9,kg,0.0039,,ON-MAIN-020a683c,,,https://www.canada.ca/en/environment-climate-change/services/national-pollutant-release-inventory/tools-resources-data/exploredata.html
npri-2984-2023-75,2023,compb30db82f,206-44-0,kg,0.7299,,ON-MAIN-020a683c,,,https://www.canada.ca/en/environment-climate-change/services/national-pollutant-release-inventory/tools-resources-data/exploredata.html
npri-2984-2023-76,2023,compb30db82f,193-39-5,kg,0.2225,,ON-MAIN-020a683c,,,https://www.canada.ca/en/environment-climate-change/services/national-pollutant-release-inventory/tools-resources-data/exploredata.html
npri-2984-2023-77,2023,compb30db82f,NA - 08,kg,15.7958,,ON-MAIN-020a683c,,,https://www.canada.ca/en/environment-climate-change/services/national-pollutant-release-inventory/tools-resources-data/exploredata.html
npri-2984-2023-78,2023,compb30db82f,NA - 09,tonnes,1.33842,,ON-MAIN-020a683c,,,https://www.canada.ca/en/environment-climate-change/services/national-pollutant-release-inventory/tools-resources-data/exploredata.html
npri-2984-2023-79,2023,compb30db82f,91-20-3,tonnes,0.000298,,ON-MAIN-020a683c,,,https://www.canada.ca/en/environment-climate-change/services/national-pollutant-release-inventory/tools-resources-data/exploredata.html
npri-2984-2023-80,2023,compb30db82f,198-55-0,kg,0.0425,,ON-MAIN-020a683c,,,https://www.canada.ca/en/environment-climate-change/services/national-pollutant-release-inventory/tools-resources-data/exploredata.html
npri-2984-2023-81,2023,compb30db82f,85-01-8,kg,0.5,,ON-MAIN-020a683c,,,https://www.canada.ca/en/environment-climate-change/services/national-pollutant-release-inventory/tools-resources-data/exploredata.html
npri-2984-2023-82,2023,compb30db82f,NA - 22,tonnes,0.062857,,ON-MAIN-020a683c,,,https://www.canada.ca/en/environment-climate-change/services/national-pollutant-release-inventory/tools-resources-data/exploredata.html
npri-2984-2023-83,2023,compb30db82f,NA - M09,tonnes,2.2242,,ON-MAIN-020a683c,,,https://www.canada.ca/en/environment-climate-change/services/national-pollutant-release-inventory/tools-resources-data/exploredata.html
npri-2984-2023-84,2023,compb30db82f,NA - M10,tonnes,0.3988,,ON-MAIN-020a683c,,,https://www.canada.ca/en/environment-climate-change/services/national-pollutant-release-inventory/tools-resources-data/exploredata.html
npri-2984-2023-85,2023,compb30db82f,129-00-0,kg,0.5161,,ON-MAIN-020a683c,,,https://www.canada.ca/en/environment-climate-change/services/national-pollutant-release-inventory/tools-resources-data/exploredata.html
npri-2984-2023-86,2023,compb30db82f,NA - 12,kg,0.1791,,ON-MAIN-020a683c,,,https://www.canada.ca/en/environment-climate-change/services/national-pollutant-release-inventory/tools-resources-data/exploredata.html
npri-2984-2023-87,2023,compb30db82f,NA - M08,tonnes,111.9309,,ON-MAIN-020a683c,,,https://www.canada.ca/en/environment-climate-change/services/national-pollutant-release-inventory/tools-resources-data/exploredata.html
npri-2984-2023-88,2023,compb30db82f,NA - 14,tonnes,0.081811,,ON-MAIN-020a683c,,,https://www.canada.ca/en/environment-climate-change/services/national-pollutant-release-inventory/tools-resources-data/exploredata.html
npri-1070-2023-125,2023,comp567d1198,NA - 16,tonnes,17.515,,ON-MAIN-eab8c362,,,https://www.canada.ca/en/environment-climate-change/services/national-pollutant-release-inventory/tools-resources-data/exploredata.html
npri-1070-2023-126,2023,comp567d1198,71-43-2,tonnes,0.014526,,ON-MAIN-eab8c362,,,https://www.canada.ca/en/environment-climate-change/services/national-pollutant-release-inventory/tools-resources-data/exploredata.html
npri-1070-2023-127,2023,comp567d1198,50-32-8,kg,3.12,,ON-MAIN-eab8c362,,,https://www.canada.ca/en/environment-climate-change/services/national-pollutant-release-inventory/tools-resources-data/exploredata.html
npri-1070-2023-128,2023,comp567d1198,NA - 08,kg,98.092,,ON-MAIN-eab8c362,,,https://www.canada.ca/en/environment-climate-change/services/national-pollutant-release-inventory/tools-resources-data/exploredata.html
npri-1070-2023-129,2023,comp567d1198,NA - 09,tonnes,1.511,,ON-MAIN-eab8c362,,,https://www.canada.ca/en/environment-climate-change/services/national-pollutant-release-inventory/tools-resources-data/exploredata.html
npri-1070-2023-130,2023,comp567d1198,91-20-3,tonnes,0.007,,ON-MAIN-eab8c362,,,https://www.canada.ca/en/environment-climate-change/services/national-pollutant-release-inventory/tools-resources-data/exploredata.html
npri-1070-2023-131,2023,comp567d1198,NA - 11,tonnes,0.865,,ON-MAIN-eab8c362,,,https://www.canada.ca/en/environment-climate-change/services/national-pollutant-release-inventory/tools-resources-data/exploredata.html
npri-1070-2023-132,2023,comp567d1198,NA - 17,tonnes,118.885,,ON-MAIN-eab8c362,,,https://www.canada.ca/en/environment-climate-change/services/national-pollutant-release-inventory/tools-resources-data/exploredata.html
npri-1070-2023-133,2023,comp567d1198,NA - 14,tonnes,4.586,,ON-MAIN-eab8c362,,,https://www.canada.ca/en/environment-climate-change/services/national-pollutant-release-inventory/tools-resources-data/exploredata.html
npri-1106-2023-67,2023,comp567d1198,NA - 02,kg,0.335,,AB-MAIN-9fed34a8,,,https://www.canada.ca/en/environment-climate-change/services/national-pollutant-release-inventory/tools-resources-data/exploredata.html
npri-1106-2023-68,2023,comp567d1198,NA - 03,kg,0.0202,,AB-MAIN-9fed34a8,,,https://www.canada.ca/en/environment-climate-change/services/national-pollutant-release-inventory/tools-resources-data/exploredata.html
npri-1106-2023-69,2023,comp567d1198,NA - 04,tonnes,0.0006,,AB-MAIN-9fed34a8,,,https://www.canada.ca/en/environment-climate-change/services/national-pollutant-release-inventory/tools-resources-data/exploredata.html
npri-1106-2023-70,2023,comp567d1198,NA - 06,tonnes,0.0004,,AB-MAIN-9fed34a8,,,https://www.canada.ca/en/environment-climate-change/services/national-pollutant-release-inventory/tools-resources-data/exploredata.html
npri-1106-2023-71,2023,comp567d1198,NA - 08,kg,0.0806,,AB-MAIN-9fed34a8,,,https://www.canada.ca/en/environment-climate-change/services/national-pollutant-release-inventory/tools-resources-data/exploredata.html
npri-1106-2023-72,2023,comp567d1198,NA - 09,tonnes,0.0069,,AB-MAIN-9fed34a8,,,https://www.canada.ca/en/environment-climate-change/services/national-pollutant-release-inventory/tools-resources-data/exploredata.html
npri-1106-2023-73,2023,comp567d1198,NA - 10,kg,0.0002,,AB-MAIN-9fed34a8,,,https://www.canada.ca/en/environment-climate-change/services/national-pollutant-release-inventory/tools-resources-data/exploredata.html
npri-1106-2023-74,2023,comp567d1198,NA - 11,tonnes,0.0013,,AB-MAIN-9fed34a8,,,https://www.canada.ca/en/environment-climate-change/services/national-pollutant-release-inventory/tools-resources-data/exploredata.html
npri-1106-2023-75,2023,comp567d1198,NA - 12,kg,0.0845,,AB-MAIN-9fed34a8,,,https://www.canada.ca/en/environment-climate-change/services/national-pollutant-release-inventory/tools-resources-data/exploredata.html
npri-1106-2023-76,2023,comp567d1198,NA - 40,tonnes,0.0016,,AB-MAIN-9fed34a8,,,https://www.canada.ca/en/environment-climate-change/services/national-pollutant-release-inventory/tools-resources-data/exploredata.html
npri-1106-2023-77,2023,comp567d1198,NA - 14,tonnes,0.0008,,AB-MAIN-9fed34a8,,,https://www.canada.ca/en/environment-climate-change/services/national-pollutant-release-inventory/tools-resources-data/exploredata.html
npri-4778-2023-94,2023,comp567d1198,56-55-3,kg,0.0095,,QC-MAIN-8d6616b4,,,https://www.canada.ca/en/environment-climate-change/services/national-pollutant-release-inventory/tools-resources-data/exploredata.html
npri-4778-2023-95,2023,comp567d1198,50-32-8,kg,0.0227,,QC-MAIN-8d6616b4,,,https://www.canada.ca/en/environment-climate-change/services/national-pollutant-release-inventory/tools-resources-data/exploredata.html
npri-4778-2023-96,2023,comp567d1198,205-99-2,kg,0.0718,,QC-MAIN-8d6616b4,,,https://www.canada.ca/en/environment-climate-change/services/national-pollutant-release-inventory/tools-resources-data/exploredata.html
npri-4778-2023-97,2023,comp567d1198,207-08-9,kg,0.0095,,QC-MAIN-8d6616b4,,,https://www.canada.ca/en/environment-climate-change/services/national-pollutant-release-inventory/tools-resources-data/exploredata.html
npri-4778-2023-98,2023,comp567d1198,218-01-9,kg,0.0529,,QC-MAIN-8d6616b4,,,https://www.canada.ca/en/environment-climate-change/services/national-pollutant-release-inventory/tools-resources-data/exploredata.html
npri-4778-2023-99,2023,comp567d1198,193-39-5,kg,0.0113,,QC-MAIN-8d6616b4,,,https://www.canada.ca/en/environment-climate-change/services/national-pollutant-release-inventory/tools-resources-data/exploredata.html
npri-3713-2023-241,2023,comp567d1198,NA - 16,tonnes,37.1129,,ON-MAIN-4c35e094,,,https://www.canada.ca/en/environment-climate-change/services/national-pollutant-release-inventory/tools-resources-data/exploredata.html
npri-3713-2023-242,2023,comp567d1198,NA - 01,tonnes,0.097695,,ON-MAIN-4c35e094,,,https://www.canada.ca/en/environment-climate-change/services/national-pollutant-release-inventory/tools-resources-data/exploredata.html
npri-3713-2023-243,2023,comp567d1198,NA - 02,kg,13.323,,ON-MAIN-4c35e094,,,https://www.canada.ca/en/environment-climate-change/services/national-pollutant-release-inventory/tools-resources-data/exploredata.html
npri-3713-2023-244,2023,comp567d1198,71-43-2,tonnes,0.000192,,ON-MAIN-4c35e094,,,https://www.canada.ca/en/environment-climate-change/services/national-pollutant-release-inventory/tools-resources-data/exploredata.html
npri-3713-2023-245,2023,comp567d1198,NA - 04,tonnes,0.061613,,ON-MAIN-4c35e094,,,https://www.canada.ca/en/environment-climate-change/services/national-pollutant-release-inventory/tools-resources-data/exploredata.html
npri-3713-2023-246,2023,comp567d1198,NA - 06,tonnes,0.082353,,ON-MAIN-4c35e094,,,https://www.canada.ca/en/environment-climate-change/services/national-pollutant-release-inventory/tools-resources-data/exploredata.html
npri-3713-2023-247,2023,comp567d1198,NA - 19,kg,0.641,,ON-MAIN-4c35e094,,,https://www.canada.ca/en/environment-climate-change/services/national-pollutant-release-inventory/tools-resources-data/exploredata.html
npri-3713-2023-248,2023,comp567d1198,NA - 08,kg,107.437,,ON-MAIN-4c35e094,,,https://www.canada.ca/en/environment-climate-change/services/national-pollutant-release-inventory/tools-resources-data/exploredata.html
npri-3713-2023-249,2023,comp567d1198,NA - 09,tonnes,0.642125,,ON-MAIN-4c35e094,,,https://www.canada.ca/en/environment-climate-change/services/national-pollutant-release-inventory/tools-resources-data/exploredata.html
npri-3713-2023-250,2023,comp567d1198,91-20-3,tonnes,0.000212,,ON-MAIN-4c35e094,,,https://www.canada.ca/en/environment-climate-change/services/national-pollutant-release-inventory/tools-resources-data/exploredata.html
npri-3713-2023-251,2023,comp567d1198,NA - 11,tonnes,0.04278,,ON-MAIN-4c35e094,,,https://www.canada.ca/en/environment-climate-change/services/national-pollutant-release-inventory/tools-resources-data/exploredata.html
npri-3713-2023-252,2023,comp567d1198,108-95-2,tonnes,0.064439,,ON-MAIN-4c35e094,,,https://www.canada.ca/en/environment-climate-change/services/national-pollutant-release-inventory/tools-resources-data/exploredata.html
npri-3713-2023-253,2023,comp567d1198,NA - 22,tonnes,0.554008,,ON-MAIN-4c35e094,,,https://www.canada.ca/en/environment-climate-change/services/national-pollutant-release-inventory/tools-resources-data/exploredata.html
npri-3713-2023-254,2023,comp567d1198,NA - 40,tonnes,0.022505,,ON-MAIN-4c35e094,,,https://www.canada.ca/en/environment-climate-change/services/national-pollutant-release-inventory/tools-resources-data/exploredata.html
npri-3713-2023-255,2023,comp567d1198,NA - 14,tonnes,1.487855,,ON-MAIN-4c35e094,,,https://www.canada.ca/en/environment-climate-change/services/national-pollutant-release-inventory/tools-resources-data/exploredata.html
npri-3824-2023-47,2023,comp567d1198,NA - 02,kg,0.9496,,ON-MAIN-21b6ab35,,,https://www.canada.ca/en/environment-climate-change/services/national-pollutant-release-inventory/tools-resources-data/exploredata.html
npri-3824-2023-48,2023,comp567d1198,NA - 03,kg,0.0228,,ON-MAIN-21b6ab35,,,https://www.canada.ca/en/environment-climate-change/services/national-pollutant-release-inventory/tools-resources-data/exploredata.html
npri-1651-2023-43,2023,comp567d1198,NA - 08,kg,12.9271,,MB-MAIN-b4ca1426,,,https://www.canada.ca/en/environment-climate-change/services/national-pollutant-release-inventory/tools-resources-data/exploredata.html
npri-3824-2023-49,2023,comp567d1198,NA - 08,kg,0.4074,,ON-MAIN-21b6ab35,,,https://www.canada.ca/en/environment-climate-change/services/national-pollutant-release-inventory/tools-resources-data/exploredata.html
npri-1651-2023-44,2023,comp567d1198,NA - 09,tonnes,0.0723,,MB-MAIN-b4ca1426,,,https://www.canada.ca/en/environment-climate-change/services/national-pollutant-release-inventory/tools-resources-data/exploredata.html
npri-3824-2023-50,2023,comp567d1198,NA - 09,tonnes,0.0346,,ON-MAIN-21b6ab35,,,https://www.canada.ca/en/environment-climate-change/services/national-pollutant-release-inventory/tools-resources-data/exploredata.html
npri-1651-2023-45,2023,comp567d1198,NA - 10,kg,0.0068,,MB-MAIN-b4ca1426,,,https://www.canada.ca/en/environment-climate-change/services/national-pollutant-release-inventory/tools-resources-data/exploredata.html
npri-1651-2023-46,2023,comp567d1198,NA - 12,kg,4.2064,,MB-MAIN-b4ca1426,,,https://www.canada.ca/en/environment-climate-change/services/national-pollutant-release-inventory/tools-resources-data/exploredata.html
npri-1651-2023-47,2023,comp567d1198,NA - 14,tonnes,0.523,,MB-MAIN-b4ca1426,,,https://www.canada.ca/en/environment-climate-change/services/national-pollutant-release-inventory/tools-resources-data/exploredata.html
npri-3824-2023-51,2023,comp567d1198,NA - 14,tonnes,0.0038,,ON-MAIN-21b6ab35,,,https://www.canada.ca/en/environment-climate-change/services/national-pollutant-release-inventory/tools-resources-data/exploredata.html
npri-1236-2023-96,2023,comp567d1198,NA - 02,kg,15.3437,,ON-MAIN-40ce0593,,,https://www.canada.ca/en/environment-climate-change/services/national-pollutant-release-inventory/tools-resources-data/exploredata.html
npri-3623-2023-65,2023,comp567d1198,NA - 02,kg,97.6145,,QC-MAIN-30c1828c,,,https://www.canada.ca/en/environment-climate-change/services/national-pollutant-release-inventory/tools-resources-data/exploredata.html
npri-1236-2023-97,2023,comp567d1198,NA - 03,kg,1.0669,,ON-MAIN-40ce0593,,,https://www.canada.ca/en/environment-climate-change/services/national-pollutant-release-inventory/tools-resources-data/exploredata.html
npri-3623-2023-66,2023,comp567d1198,NA - 03,kg,88.8962,,QC-MAIN-30c1828c,,,https://www.canada.ca/en/environment-climate-change/services/national-pollutant-release-inventory/tools-resources-data/exploredata.html
npri-1236-2023-98,2023,comp567d1198,NA - 04,tonnes,0.0237,,ON-MAIN-40ce0593,,,https://www.canada.ca/en/environment-climate-change/services/national-pollutant-release-inventory/tools-resources-data/exploredata.html
npri-3623-2023-67,2023,comp567d1198,NA - 04,tonnes,0.049088,,QC-MAIN-30c1828c,,,https://www.canada.ca/en/environment-climate-change/services/national-pollutant-release-inventory/tools-resources-data/exploredata.html
npri-1236-2023-99,2023,comp567d1198,NA - 05,kg,22.8008,,ON-MAIN-40ce0593,,,https://www.canada.ca/en/environment-climate-change/services/national-pollutant-release-inventory/tools-resources-data/exploredata.html
npri-3623-2023-68,2023,comp567d1198,NA - 05,kg,164.5818,,QC-MAIN-30c1828c,,,https://www.canada.ca/en/environment-climate-change/services/national-pollutant-release-inventory/tools-resources-data/exploredata.html
npri-1236-2023-100,2023,comp567d1198,NA - 06,tonnes,0.0544,,ON-MAIN-40ce0593,,,https://www.canada.ca/en/environment-climate-change/services/national-pollutant-release-inventory/tools-resources-data/exploredata.html
npri-3623-2023-69,2023,comp567d1198,NA - 06,tonnes,2.289055,,QC-MAIN-30c1828c,,,https://www.canada.ca/en/environment-climate-change/services/national-pollutant-release-inventory/tools-resources-data/exploredata.html
npri-3623-2023-70,2023,comp567d1198,7782-41-4,tonnes,62.909659,,QC-MAIN-30c1828c,,,https://www.canada.ca/en/environment-climate-change/services/national-pollutant-release-inventory/tools-resources-data/exploredata.html
npri-1236-2023-101,2023,comp567d1198,NA - 08,kg,3.2384,,ON-MAIN-40ce0593,,,https://www.canada.ca/en/environment-climate-change/services/national-pollutant-release-inventory/tools-resources-data/exploredata.html
npri-3623-2023-71,2023,comp567d1198,NA - 08,kg,59.1616,,QC-MAIN-30c1828c,,,https://www.canada.ca/en/environment-climate-change/services/national-pollutant-release-inventory/tools-resources-data/exploredata.html
npri-1236-2023-102,2023,comp567d1198,NA - 09,tonnes,0.2519,,ON-MAIN-40ce0593,,,https://www.canada.ca/en/environment-climate-change/services/national-pollutant-release-inventory/tools-resources-data/exploredata.html
npri-3623-2023-72,2023,comp567d1198,NA - 09,tonnes,3.997856,,QC-MAIN-30c1828c,,,https://www.canada.ca/en/environment-climate-change/services/national-pollutant-release-inventory/tools-resources-data/exploredata.html
npri-1236-2023-103,2023,comp567d1198,NA - 10,kg,0.0532,,ON-MAIN-40ce0593,,,https://www.canada.ca/en/environment-climate-change/services/national-pollutant-release-inventory/tools-resources-data/exploredata.html
npri-3623-2023-73,2023,comp567d1198,NA - 10,kg,1.211,,QC-MAIN-30c1828c,,,https://www.canada.ca/en/environment-climate-change/services/national-pollutant-release-inventory/tools-resources-data/exploredata.html
npri-1236-2023-104,2023,comp567d1198,NA - 11,tonnes,0.6709,,ON-MAIN-40ce0593,,,https://www.canada.ca/en/environment-climate-change/services/national-pollutant-release-inventory/tools-resources-data/exploredata.html
npri-3623-2023-74,2023,comp567d1198,NA - 11,tonnes,0.26245,,QC-MAIN-30c1828c,,,https://www.canada.ca/en/environment-climate-change/services/national-pollutant-release-inventory/tools-resources-data/exploredata.html
npri-1236-2023-105,2023,comp567d1198,NA - 12,kg,6.1169,,ON-MAIN-40ce0593,,,https://www.canada.ca/en/environment-climate-change/services/national-pollutant-release-inventory/tools-resources-data/exploredata.html
npri-3623-2023-75,2023,comp567d1198,NA - 12,kg,263.1814,,QC-MAIN-30c1828c,,,https://www.canada.ca/en/environment-climate-change/services/national-pollutant-release-inventory/tools-resources-data/exploredata.html
npri-3623-2023-76,2023,comp567d1198,NA - 13,tonnes,0.007077,,QC-MAIN-30c1828c,,,https://www.canada.ca/en/environment-climate-change/services/national-pollutant-release-inventory/tools-resources-data/exploredata.html
npri-1236-2023-106,2023,comp567d1198,NA - 37,kg,0.0021,,ON-MAIN-40ce0593,,,https://www.canada.ca/en/environment-climate-change/services/national-pollutant-release-inventory/tools-resources-data/exploredata.html
npri-1236-2023-107,2023,comp567d1198,NA - 40,tonnes,0.0029,,ON-MAIN-40ce0593,,,https://www.canada.ca/en/environment-climate-change/services/national-pollutant-release-inventory/tools-resources-data/exploredata.html
npri-1236-2023-108,2023,comp567d1198,NA - 14,tonnes,0.0532,,ON-MAIN-40ce0593,,,https://www.canada.ca/en/environment-climate-change/services/national-pollutant-release-inventory/tools-resources-data/exploredata.html
npri-3623-2023-77,2023,comp567d1198,NA - 14,tonnes,3.711167,,QC-MAIN-30c1828c,,,https://www.canada.ca/en/environment-climate-change/services/national-pollutant-release-inventory/tools-resources-data/exploredata.html
npri-2038-2023-72,2023,comp567d1198,56-55-3,kg,0.013,,QC-MAIN-52c01ae4,,,https://www.canada.ca/en/environment-climate-change/services/national-pollutant-release-inventory/tools-resources-data/exploredata.html
npri-2038-2023-73,2023,comp567d1198,50-32-8,kg,0.018,,QC-MAIN-52c01ae4,,,https://www.canada.ca/en/environment-climate-change/services/national-pollutant-release-inventory/tools-resources-data/exploredata.html
npri-2038-2023-74,2023,comp567d1198,205-99-2,kg,0.019,,QC-MAIN-52c01ae4,,,https://www.canada.ca/en/environment-climate-change/services/national-pollutant-release-inventory/tools-resources-data/exploredata.html
npri-2038-2023-75,2023,comp567d1198,205-82-3,kg,0.019,,QC-MAIN-52c01ae4,,,https://www.canada.ca/en/environment-climate-change/services/national-pollutant-release-inventory/tools-resources-data/exploredata.html
npri-2038-2023-76,2023,comp567d1198,207-08-9,kg,0.012,,QC-MAIN-52c01ae4,,,https://www.canada.ca/en/environment-climate-change/services/national-pollutant-release-inventory/tools-resources-data/exploredata.html
npri-2038-2023-77,2023,comp567d1198,218-01-9,kg,0.026,,QC-MAIN-52c01ae4,,,https://www.canada.ca/en/environment-climate-change/services/national-pollutant-release-inventory/tools-resources-data/exploredata.html
npri-2038-2023-78,2023,comp567d1198,189-55-9,kg,0.004,,QC-MAIN-52c01ae4,,,https://www.canada.ca/en/environment-climate-change/services/national-pollutant-release-inventory/tools-resources-data/exploredata.html
npri-2038-2023-79,2023,comp567d1198,193-39-5,kg,0.016,,QC-MAIN-52c01ae4,,,https://www.canada.ca/en/environment-climate-change/services/national-pollutant-release-inventory/tools-resources-data/exploredata.html
npri-3406-2023-78,2023,comp567d1198,56-55-3,kg,0.165199,,QC-MAIN-c1c7eb99,,,https://www.canada.ca/en/environment-climate-change/services/national-pollutant-release-inventory/tools-resources-data/exploredata.html
npri-27853-2023-48,2023,comp567d1198,56-55-3,kg,0.002,,QC-MAIN-c1c7eb99,,,https://www.canada.ca/en/environment-climate-change/services/national-pollutant-release-inventory/tools-resources-data/exploredata.html
npri-3406-2023-79,2023,comp567d1198,50-32-8,kg,0.203935,,QC-MAIN-c1c7eb99,,,https://www.canada.ca/en/environment-climate-change/services/national-pollutant-release-inventory/tools-resources-data/exploredata.html
npri-27853-2023-49,2023,comp567d1198,50-32-8,kg,0.0031,,QC-MAIN-c1c7eb99,,,https://www.canada.ca/en/environment-climate-change/services/national-pollutant-release-inventory/tools-resources-data/exploredata.html
npri-27853-2023-50,2023,comp567d1198,205-99-2,kg,0.004,,QC-MAIN-c1c7eb99,,,https://www.canada.ca/en/environment-climate-change/services/national-pollutant-release-inventory/tools-resources-data/exploredata.html
npri-3406-2023-80,2023,comp567d1198,218-01-9,kg,0.298869,,QC-MAIN-c1c7eb99,,,https://www.canada.ca/en/environment-climate-change/services/national-pollutant-release-inventory/tools-resources-data/exploredata.html
npri-27853-2023-51,2023,comp567d1198,218-01-9,kg,0.008,,QC-MAIN-c1c7eb99,,,https://www.canada.ca/en/environment-climate-change/services/national-pollutant-release-inventory/tools-resources-data/exploredata.html
npri-27853-2023-52,2023,comp567d1198,206-44-0,kg,0.006,,QC-MAIN-c1c7eb99,,,https://www.canada.ca/en/environment-climate-change/services/national-pollutant-release-inventory/tools-resources-data/exploredata.html
npri-3406-2023-81,2023,comp567d1198,193-39-5,kg,0.191022,,QC-MAIN-c1c7eb99,,,https://www.canada.ca/en/environment-climate-change/services/national-pollutant-release-inventory/tools-resources-data/exploredata.html
npri-27853-2023-53,2023,comp567d1198,193-39-5,kg,0.003,,QC-MAIN-c1c7eb99,,,https://www.canada.ca/en/environment-climate-change/services/national-pollutant-release-inventory/tools-resources-data/exploredata.html
npri-27853-2023-54,2023,comp567d1198,85-01-8,kg,0.0038,,QC-MAIN-c1c7eb99,,,https://www.canada.ca/en/environment-climate-change/services/national-pollutant-release-inventory/tools-resources-data/exploredata.html
npri-27853-2023-55,2023,comp567d1198,129-00-0,kg,0.0046,,QC-MAIN-c1c7eb99,,,https://www.canada.ca/en/environment-climate-change/services/national-pollutant-release-inventory/tools-resources-data/exploredata.html
npri-3855-2023-125,2023,comp567d1198,NA - 16,tonnes,0.9547,,ON-MAIN-b2e5c9bb,,,https://www.canada.ca/en/environment-climate-change/services/national-pollutant-release-inventory/tools-resources-data/exploredata.html
npri-3855-2023-126,2023,comp567d1198,56-55-3,kg,0.65284,,ON-MAIN-b2e5c9bb,,,https://www.canada.ca/en/environment-climate-change/services/national-pollutant-release-inventory/tools-resources-data/exploredata.html
npri-3855-2023-127,2023,comp567d1198,71-43-2,tonnes,0.0007,,ON-MAIN-b2e5c9bb,,,https://www.canada.ca/en/environment-climate-change/services/national-pollutant-release-inventory/tools-resources-data/exploredata.html
npri-2984-2023-138,2023,comp567d1198,50-32-8,kg,1.0,,ON-MAIN-020a683c,,,https://www.canada.ca/en/environment-climate-change/services/national-pollutant-release-inventory/tools-resources-data/exploredata.html
npri-3855-2023-128,2023,comp567d1198,50-32-8,kg,0.62712,,ON-MAIN-b2e5c9bb,,,https://www.canada.ca/en/environment-climate-change/services/national-pollutant-release-inventory/tools-resources-data/exploredata.html
npri-3855-2023-129,2023,comp567d1198,205-99-2,kg,0.616464,,ON-MAIN-b2e5c9bb,,,https://www.canada.ca/en/environment-climate-change/services/national-pollutant-release-inventory/tools-resources-data/exploredata.html
npri-3855-2023-130,2023,comp567d1198,191-24-2,kg,0.017,,ON-MAIN-b2e5c9bb,,,https://www.canada.ca/en/environment-climate-change/services/national-pollutant-release-inventory/tools-resources-data/exploredata.html
npri-3855-2023-131,2023,comp567d1198,205-82-3,kg,0.042,,ON-MAIN-b2e5c9bb,,,https://www.canada.ca/en/environment-climate-change/services/national-pollutant-release-inventory/tools-resources-data/exploredata.html
npri-3855-2023-132,2023,comp567d1198,207-08-9,kg,0.3957,,ON-MAIN-b2e5c9bb,,,https://www.canada.ca/en/environment-climate-change/services/national-pollutant-release-inventory/tools-resources-data/exploredata.html
npri-3855-2023-133,2023,comp567d1198,NA - 03,kg,22.14,,ON-MAIN-b2e5c9bb,,,https://www.canada.ca/en/environment-climate-change/services/national-pollutant-release-inventory/tools-resources-data/exploredata.html
npri-3855-2023-134,2023,comp567d1198,7789-75-5,tonnes,56.943,,ON-MAIN-b2e5c9bb,,,https://www.canada.ca/en/environment-climate-change/services/national-pollutant-release-inventory/tools-resources-data/exploredata.html
npri-2984-2023-139,2023,comp567d1198,NA - 04,tonnes,0.1424,,ON-MAIN-020a683c,,,https://www.canada.ca/en/environment-climate-change/services/national-pollutant-release-inventory/tools-resources-data/exploredata.html
npri-3855-2023-135,2023,comp567d1198,218-01-9,kg,1.0015,,ON-MAIN-b2e5c9bb,,,https://www.canada.ca/en/environment-climate-change/services/national-pollutant-release-inventory/tools-resources-data/exploredata.html
npri-3855-2023-136,2023,comp567d1198,53-70-3,kg,0.69987,,ON-MAIN-b2e5c9bb,,,https://www.canada.ca/en/environment-climate-change/services/national-pollutant-release-inventory/tools-resources-data/exploredata.html
npri-3855-2023-137,2023,comp567d1198,189-55-9,kg,0.63,,ON-MAIN-b2e5c9bb,,,https://www.canada.ca/en/environment-climate-change/services/national-pollutant-release-inventory/tools-resources-data/exploredata.html
npri-3855-2023-138,2023,comp567d1198,206-44-0,kg,1.3176,,ON-MAIN-b2e5c9bb,,,https://www.canada.ca/en/environment-climate-change/services/national-pollutant-release-inventory/tools-resources-data/exploredata.html
npri-3855-2023-139,2023,comp567d1198,193-39-5,kg,0.24,,ON-MAIN-b2e5c9bb,,,https://www.canada.ca/en/environment-climate-change/services/national-pollutant-release-inventory/tools-resources-data/exploredata.html
npri-2984-2023-140,2023,comp567d1198,NA - 08,kg,27.6,,ON-MAIN-020a683c,,,https://www.canada.ca/en/environment-climate-change/services/national-pollutant-release-inventory/tools-resources-data/exploredata.html
npri-3855-2023-140,2023,comp567d1198,NA - 08,kg,81.01,,ON-MAIN-b2e5c9bb,,,https://www.canada.ca/en/environment-climate-change/services/national-pollutant-release-inventory/tools-resources-data/exploredata.html
npri-2984-2023-141,2023,comp567d1198,91-20-3,tonnes,0.0007,,ON-MAIN-020a683c,,,https://www.canada.ca/en/environment-climate-change/services/national-pollutant-release-inventory/tools-resources-data/exploredata.html
npri-3855-2023-141,2023,comp567d1198,198-55-0,kg,0.167,,ON-MAIN-b2e5c9bb,,,https://www.canada.ca/en/environment-climate-change/services/national-pollutant-release-inventory/tools-resources-data/exploredata.html
npri-3855-2023-142,2023,comp567d1198,85-01-8,kg,2.05509,,ON-MAIN-b2e5c9bb,,,https://www.canada.ca/en/environment-climate-change/services/national-pollutant-release-inventory/tools-resources-data/exploredata.html
npri-2984-2023-142,2023,comp567d1198,NA - 22,tonnes,0.6492,,ON-MAIN-020a683c,,,https://www.canada.ca/en/environment-climate-change/services/national-pollutant-release-inventory/tools-resources-data/exploredata.html
npri-3855-2023-143,2023,comp567d1198,129-00-0,kg,1.1,,ON-MAIN-b2e5c9bb,,,https://www.canada.ca/en/environment-climate-change/services/national-pollutant-release-inventory/tools-resources-data/exploredata.html
npri-2984-2023-143,2023,comp567d1198,NA - 14,tonnes,0.2709,,ON-MAIN-020a683c,,,https://www.canada.ca/en/environment-climate-change/services/national-pollutant-release-inventory/tools-resources-data/exploredata.html
npri-3802-2023-70,2023,comp567d1198,NA - 16,tonnes,14.58,,BC-MAIN-3bb6b7cd,,,https://www.canada.ca/en/environment-climate-change/services/national-pollutant-release-inventory/tools-resources-data/exploredata.html
npri-3802-2023-71,2023,comp567d1198,NA - 01,tonnes,1.2651,,BC-MAIN-3bb6b7cd,,,https://www.canada.ca/en/environment-climate-change/services/national-pollutant-release-inventory/tools-resources-data/exploredata.html
npri-3802-2023-72,2023,comp567d1198,NA - 02,kg,325.12,,BC-MAIN-3bb6b7cd,,,https://www.canada.ca/en/environment-climate-change/services/national-pollutant-release-inventory/tools-resources-data/exploredata.html
npri-3802-2023-73,2023,comp567d1198,NA - 03,kg,68.41,,BC-MAIN-3bb6b7cd,,,https://www.canada.ca/en/environment-climate-change/services/national-pollutant-release-inventory/tools-resources-data/exploredata.html
npri-3802-2023-74,2023,comp567d1198,NA - 06,tonnes,0.1743,,BC-MAIN-3bb6b7cd,,,https://www.canada.ca/en/environment-climate-change/services/national-pollutant-release-inventory/tools-resources-data/exploredata.html
npri-3802-2023-75,2023,comp567d1198,NA - 08,kg,560.19,,BC-MAIN-3bb6b7cd,,,https://www.canada.ca/en/environment-climate-change/services/national-pollutant-release-inventory/tools-resources-data/exploredata.html
npri-3802-2023-76,2023,comp567d1198,NA - 09,tonnes,1.3275,,BC-MAIN-3bb6b7cd,,,https://www.canada.ca/en/environment-climate-change/services/national-pollutant-release-inventory/tools-resources-data/exploredata.html
npri-3802-2023-77,2023,comp567d1198,NA - 10,kg,1.65,,BC-MAIN-3bb6b7cd,,,https://www.canada.ca/en/environment-climate-change/services/national-pollutant-release-inventory/tools-resources-data/exploredata.html
npri-3802-2023-78,2023,comp567d1198,NA - 17,tonnes,3.52,,BC-MAIN-3bb6b7cd,,,https://www.canada.ca/en/environment-climate-change/services/national-pollutant-release-inventory/tools-resources-data/exploredata.html
npri-3802-2023-79,2023,comp567d1198,NA - 12,kg,760.78,,BC-MAIN-3bb6b7cd,,,https://www.canada.ca/en/environment-climate-change/services/national-pollutant-release-inventory/tools-resources-data/exploredata.html
npri-3802-2023-80,2023,comp567d1198,NA - 37,kg,398.28,,BC-MAIN-3bb6b7cd,,,https://www.canada.ca/en/environment-climate-change/services/national-pollutant-release-inventory/tools-resources-data/exploredata.html
npri-3802-2023-81,2023,comp567d1198,NA - 14,tonnes,4.0,,BC-MAIN-3bb6b7cd,,,https://www.canada.ca/en/environment-climate-change/services/national-pollutant-release-inventory/tools-resources-data/exploredata.html
npri-1471-2023-27,2023,comp567d1198,NA - 02,kg,504.0,,ON-MAIN-2e13aaa0,,,https://www.canada.ca/en/environment-climate-change/services/national-pollutant-release-inventory/tools-resources-data/exploredata.html
npri-1471-2023-28,2023,comp567d1198,NA - 03,kg,0.07,,ON-MAIN-2e13aaa0,,,https://www.canada.ca/en/environment-climate-change/services/national-pollutant-release-inventory/tools-resources-data/exploredata.html
npri-1471-2023-29,2023,comp567d1198,NA - 05,kg,104.7,,ON-MAIN-2e13aaa0,,,https://www.canada.ca/en/environment-climate-change/services/national-pollutant-release-inventory/tools-resources-data/exploredata.html
npri-1471-2023-30,2023,comp567d1198,NA - 06,tonnes,0.08,,ON-MAIN-2e13aaa0,,,https://www.canada.ca/en/environment-climate-change/services/national-pollutant-release-inventory/tools-resources-data/exploredata.html
npri-1471-2023-31,2023,comp567d1198,NA - 08,kg,4.37,,ON-MAIN-2e13aaa0,,,https://www.canada.ca/en/environment-climate-change/services/national-pollutant-release-inventory/tools-resources-data/exploredata.html
npri-1471-2023-32,2023,comp567d1198,NA - 11,tonnes,0.84,,ON-MAIN-2e13aaa0,,,https://www.canada.ca/en/environment-climate-change/services/national-pollutant-release-inventory/tools-resources-data/exploredata.html
npri-1471-2023-33,2023,comp567d1198,NA - 12,kg,187.17,,ON-MAIN-2e13aaa0,,,https://www.canada.ca/en/environment-climate-change/services/national-pollutant-release-inventory/tools-resources-data/exploredata.html
npri-28761-2023-33,2023,comp567d1198,NA - 06,tonnes,0.017867,,NL-MAIN-d9036091,,,https://www.canada.ca/en/environment-climate-change/services/national-pollutant-release-inventory/tools-resources-data/exploredata.html
npri-28761-2023-34,2023,comp567d1198,NA - 08,kg,4.1359,,NL-MAIN-d9036091,,,https://www.canada.ca/en/environment-climate-change/services/national-pollutant-release-inventory/tools-resources-data/exploredata.html
npri-28761-2023-35,2023,comp567d1198,NA - 11,tonnes,0.428025,,NL-MAIN-d9036091,,,https://www.canada.ca/en/environment-climate-change/services/national-pollutant-release-inventory/tools-resources-data/exploredata.html
npri-28761-2023-36,2023,comp567d1198,NA - 14,tonnes,0.054154,,NL-MAIN-d9036091,,,https://www.canada.ca/en/environment-climate-change/services/national-pollutant-release-inventory/tools-resources-data/exploredata.html
npri-1070-2023-143,2023,compb4e31bc7,NA - 16,tonnes,St. Marys River,,ON-MAIN-eab8c362,,,https://www.canada.ca/en/environment-climate-change/services/national-pollutant-release-inventory/tools-resources-data/exploredata.html
npri-1070-2023-144,2023,compb4e31bc7,71-43-2,tonnes,St. Marys River,,ON-MAIN-eab8c362,,,https://www.canada.ca/en/environment-climate-change/services/national-pollutant-release-inventory/tools-resources-data/exploredata.html
npri-1070-2023-145,2023,compb4e31bc7,50-32-8,kg,St. Marys River,,ON-MAIN-eab8c362,,,https://www.canada.ca/en/environment-climate-change/services/national-pollutant-release-inventory/tools-resources-data/exploredata.html
npri-1070-2023-146,2023,compb4e31bc7,NA - 08,kg,St. Marys River,,ON-MAIN-eab8c362,,,https://www.canada.ca/en/environment-climate-change/services/national-pollutant-release-inventory/tools-resources-data/exploredata.html
npri-1070-2023-147,2023,compb4e31bc7,NA - 09,tonnes,St. Marys River,,ON-MAIN-eab8c362,,,https://www.canada.ca/en/environment-climate-change/services/national-pollutant-release-inventory/tools-resources-data/exploredata.html
npri-1070-2023-148,2023,compb4e31bc7,91-20-3,tonnes,St. Marys River,,ON-MAIN-eab8c362,,,https://www.canada.ca/en/environment-climate-change/services/national-pollutant-release-inventory/tools-resources-data/exploredata.html
npri-1070-2023-149,2023,compb4e31bc7,NA - 11,tonnes,St. Marys River,,ON-MAIN-eab8c362,,,https://www.canada.ca/en/environment-climate-change/services/national-pollutant-release-inventory/tools-resources-data/exploredata.html
npri-1070-2023-150,2023,compb4e31bc7,NA - 17,tonnes,St. Marys River,,ON-MAIN-eab8c362,,,https://www.canada.ca/en/environment-climate-change/services/national-pollutant-release-inventory/tools-resources-data/exploredata.html
npri-1070-2023-151,2023,compb4e31bc7,71-43-2,tonnes,St. Marys River,,ON-MAIN-eab8c362,,,https://www.canada.ca/en/environment-climate-change/services/national-pollutant-release-inventory/tools-resources-data/exploredata.html
npri-1070-2023-152,2023,compb4e31bc7,NA - 14,tonnes,St. Marys River,,ON-MAIN-eab8c362,,,https://www.canada.ca/en/environment-climate-change/services/national-pollutant-release-inventory/tools-resources-data/exploredata.html
npri-1106-2023-89,2023,compb4e31bc7,NA - 02,kg,Gold Bar Creek,,AB-MAIN-9fed34a8,,,https://www.canada.ca/en/environment-climate-change/services/national-pollutant-release-inventory/tools-resources-data/exploredata.html
npri-1106-2023-90,2023,compb4e31bc7,NA - 03,kg,Gold Bar Creek,,AB-MAIN-9fed34a8,,,https://www.canada.ca/en/environment-climate-change/services/national-pollutant-release-inventory/tools-resources-data/exploredata.html
npri-1106-2023-91,2023,compb4e31bc7,NA - 04,tonnes,Gold Bar Creek,,AB-MAIN-9fed34a8,,,https://www.canada.ca/en/environment-climate-change/services/national-pollutant-release-inventory/tools-resources-data/exploredata.html
npri-1106-2023-92,2023,compb4e31bc7,NA - 06,tonnes,Gold Bar Creek,,AB-MAIN-9fed34a8,,,https://www.canada.ca/en/environment-climate-change/services/national-pollutant-release-inventory/tools-resources-data/exploredata.html
npri-1106-2023-93,2023,compb4e31bc7,NA - 08,kg,Gold Bar Creek,,AB-MAIN-9fed34a8,,,https://www.canada.ca/en/environment-climate-change/services/national-pollutant-release-inventory/tools-resources-data/exploredata.html
npri-1106-2023-94,2023,compb4e31bc7,NA - 09,tonnes,Gold Bar Creek,,AB-MAIN-9fed34a8,,,https://www.canada.ca/en/environment-climate-change/services/national-pollutant-release-inventory/tools-resources-data/exploredata.html
npri-1106-2023-95,2023,compb4e31bc7,NA - 10,kg,Gold Bar Creek,,AB-MAIN-9fed34a8,,,https://www.canada.ca/en/environment-climate-change/services/national-pollutant-release-inventory/tools-resources-data/exploredata.html
npri-1106-2023-96,2023,compb4e31bc7,NA - 11,tonnes,Gold Bar Creek,,AB-MAIN-9fed34a8,,,https://www.canada.ca/en/environment-climate-change/services/national-pollutant-release-inventory/tools-resources-data/exploredata.html
npri-1106-2023-97,2023,compb4e31bc7,NA - 12,kg,Gold Bar Creek,,AB-MAIN-9fed34a8,,,https://www.canada.ca/en/environment-climate-change/services/national-pollutant-release-inventory/tools-resources-data/exploredata.html
npri-1106-2023-98,2023,compb4e31bc7,NA - 40,tonnes,Gold Bar Creek,,AB-MAIN-9fed34a8,,,https://www.canada.ca/en/environment-climate-change/services/national-pollutant-release-inventory/tools-resources-data/exploredata.html
npri-1106-2023-99,2023,compb4e31bc7,NA - 14,tonnes,Gold Bar Creek,,AB-MAIN-9fed34a8,,,https://www.canada.ca/en/environment-climate-change/services/national-pollutant-release-inventory/tools-resources-data/exploredata.html
npri-4778-2023-106,2023,compb4e31bc7,56-55-3,kg,Golfe Saint-Laurent,,QC-MAIN-8d6616b4,,,https://www.canada.ca/en/environment-climate-change/services/national-pollutant-release-inventory/tools-resources-data/exploredata.html
npri-4778-2023-107,2023,compb4e31bc7,50-32-8,kg,Golfe Saint-Laurent,,QC-MAIN-8d6616b4,,,https://www.canada.ca/en/environment-climate-change/services/national-pollutant-release-inventory/tools-resources-data/exploredata.html
npri-4778-2023-108,2023,compb4e31bc7,205-99-2,kg,Golfe Saint-Laurent,,QC-MAIN-8d6616b4,,,https://www.canada.ca/en/environment-climate-change/services/national-pollutant-release-inventory/tools-resources-data/exploredata.html
npri-4778-2023-109,2023,compb4e31bc7,207-08-9,kg,Golfe Saint-Laurent,,QC-MAIN-8d6616b4,,,https://www.canada.ca/en/environment-climate-change/services/national-pollutant-release-inventory/tools-resources-data/exploredata.html
npri-4778-2023-110,2023,compb4e31bc7,218-01-9,kg,Golfe Saint-Laurent,,QC-MAIN-8d6616b4,,,https://www.canada.ca/en/environment-climate-change/services/national-pollutant-release-inventory/tools-resources-data/exploredata.html
npri-4778-2023-111,2023,compb4e31bc7,193-39-5,kg,Golfe Saint-Laurent,,QC-MAIN-8d6616b4,,,https://www.canada.ca/en/environment-climate-change/services/national-pollutant-release-inventory/tools-resources-data/exploredata.html
npri-3713-2023-271,2023,compb4e31bc7,NA - 16,tonnes,Hamilton Harbour,,ON-MAIN-4c35e094,,,https://www.canada.ca/en/environment-climate-change/services/national-pollutant-release-inventory/tools-resources-data/exploredata.html
npri-3713-2023-272,2023,compb4e31bc7,NA - 01,tonnes,Hamilton Harbour,,ON-MAIN-4c35e094,,,https://www.canada.ca/en/environment-climate-change/services/national-pollutant-release-inventory/tools-resources-data/exploredata.html
npri-3713-2023-273,2023,compb4e31bc7,NA - 02,kg,Hamilton Harbour,,ON-MAIN-4c35e094,,,https://www.canada.ca/en/environment-climate-change/services/national-pollutant-release-inventory/tools-resources-data/exploredata.html
npri-3713-2023-274,2023,compb4e31bc7,71-43-2,tonnes,Hamilton Harbour,,ON-MAIN-4c35e094,,,https://www.canada.ca/en/environment-climate-change/services/national-pollutant-release-inventory/tools-resources-data/exploredata.html
npri-3713-2023-275,2023,compb4e31bc7,NA - 04,tonnes,Hamilton Harbour,,ON-MAIN-4c35e094,,,https://www.canada.ca/en/environment-climate-change/services/national-pollutant-release-inventory/tools-resources-data/exploredata.html
npri-3713-2023-276,2023,compb4e31bc7,NA - 06,tonnes,Hamilton Harbour,,ON-MAIN-4c35e094,,,https://www.canada.ca/en/environment-climate-change/services/national-pollutant-release-inventory/tools-resources-data/exploredata.html
npri-3713-2023-277,2023,compb4e31bc7,NA - 19,kg,Hamilton Harbour,,ON-MAIN-4c35e094,,,https://www.canada.ca/en/environment-climate-change/services/national-pollutant-release-inventory/tools-resources-data/exploredata.html
npri-3713-2023-278,2023,compb4e31bc7,NA - 08,kg,Hamilton Harbour,,ON-MAIN-4c35e094,,,https://www.canada.ca/en/environment-climate-change/services/national-pollutant-release-inventory/tools-resources-data/exploredata.html
npri-3713-2023-279,2023,compb4e31bc7,NA - 09,tonnes,Hamilton Harbour,,ON-MAIN-4c35e094,,,https://www.canada.ca/en/environment-climate-change/services/national-pollutant-release-inventory/tools-resources-data/exploredata.html
npri-3713-2023-280,2023,compb4e31bc7,91-20-3,tonnes,Hamilton Harbour,,ON-MAIN-4c35e094,,,https://www.canada.ca/en/environment-climate-change/services/national-pollutant-release-inventory/tools-resources-data/exploredata.html
npri-3713-2023-281,2023,compb4e31bc7,NA - 11,tonnes,Hamilton Harbour,,ON-MAIN-4c35e094,,,https://www.canada.ca/en/environment-climate-change/services/national-pollutant-release-inventory/tools-resources-data/exploredata.html
npri-3713-2023-282,2023,compb4e31bc7,108-95-2,tonnes,Hamilton Harbour,,ON-MAIN-4c35e094,,,https://www.canada.ca/en/environment-climate-change/services/national-pollutant-release-inventory/tools-resources-data/exploredata.html
npri-3713-2023-283,2023,compb4e31bc7,NA - 22,tonnes,Hamilton Harbour,,ON-MAIN-4c35e094,,,https://www.canada.ca/en/environment-climate-change/services/national-pollutant-release-inventory/tools-resources-data/exploredata.html
npri-3713-2023-284,2023,compb4e31bc7,71-43-2,tonnes,Hamilton Harbour,,ON-MAIN-4c35e094,,,https://www.canada.ca/en/environment-climate-change/services/national-pollutant-release-inventory/tools-resources-data/exploredata.html
npri-3713-2023-285,2023,compb4e31bc7,NA - 40,tonnes,Hamilton Harbour,,ON-MAIN-4c35e094,,,https://www.canada.ca/en/environment-climate-change/services/national-pollutant-release-inventory/tools-resources-data/exploredata.html
npri-3713-2023-286,2023,compb4e31bc7,NA - 14,tonnes,Hamilton Harbour,,ON-MAIN-4c35e094,,,https://www.canada.ca/en/environment-climate-change/services/national-pollutant-release-inventory/tools-resources-data/exploredata.html
npri-3824-2023-57,2023,compb4e31bc7,NA - 02,kg,Lake Ontario,,ON-MAIN-21b6ab35,,,https://www.canada.ca/en/environment-climate-change/services/national-pollutant-release-inventory/tools-resources-data/exploredata.html
npri-3824-2023-58,2023,compb4e31bc7,NA - 03,kg,Lake Ontario,,ON-MAIN-21b6ab35,,,https://www.canada.ca/en/environment-climate-change/services/national-pollutant-release-inventory/tools-resources-data/exploredata.html
npri-1651-2023-53,2023,compb4e31bc7,NA - 08,kg,Red River,,MB-MAIN-b4ca1426,,,https://www.canada.ca/en/environment-climate-change/services/national-pollutant-release-inventory/tools-resources-data/exploredata.html
npri-3824-2023-59,2023,compb4e31bc7,NA - 08,kg,Lake Ontario,,ON-MAIN-21b6ab35,,,https://www.canada.ca/en/environment-climate-change/services/national-pollutant-release-inventory/tools-resources-data/exploredata.html
npri-1651-2023-54,2023,compb4e31bc7,NA - 09,tonnes,Red River,,MB-MAIN-b4ca1426,,,https://www.canada.ca/en/environment-climate-change/services/national-pollutant-release-inventory/tools-resources-data/exploredata.html
npri-3824-2023-60,2023,compb4e31bc7,NA - 09,tonnes,Lake Ontario,,ON-MAIN-21b6ab35,,,https://www.canada.ca/en/environment-climate-change/services/national-pollutant-release-inventory/tools-resources-data/exploredata.html
npri-1651-2023-55,2023,compb4e31bc7,NA - 10,kg,Red River,,MB-MAIN-b4ca1426,,,https://www.canada.ca/en/environment-climate-change/services/national-pollutant-release-inventory/tools-resources-data/exploredata.html
npri-1651-2023-56,2023,compb4e31bc7,NA - 12,kg,Red River,,MB-MAIN-b4ca1426,,,https://www.canada.ca/en/environment-climate-change/services/national-pollutant-release-inventory/tools-resources-data/exploredata.html
npri-1651-2023-57,2023,compb4e31bc7,NA - 14,tonnes,Red River,,MB-MAIN-b4ca1426,,,https://www.canada.ca/en/environment-climate-change/services/national-pollutant-release-inventory/tools-resources-data/exploredata.html
npri-3824-2023-61,2023,compb4e31bc7,NA - 14,tonnes,Lake Ontario,,ON-MAIN-21b6ab35,,,https://www.canada.ca/en/environment-climate-change/services/national-pollutant-release-inventory/tools-resources-data/exploredata.html
npri-1236-2023-122,2023,compb4e31bc7,NA - 02,kg,Coniston Creek,,ON-MAIN-40ce0593,,,https://www.canada.ca/en/environment-climate-change/services/national-pollutant-release-inventory/tools-resources-data/exploredata.html
npri-3623-2023-91,2023,compb4e31bc7,NA - 02,kg,"Lac Pelletier, Lac Rouyn",,QC-MAIN-30c1828c,,,https://www.canada.ca/en/environment-climate-change/services/national-pollutant-release-inventory/tools-resources-data/exploredata.html
npri-1236-2023-123,2023,compb4e31bc7,NA - 03,kg,Coniston Creek,,ON-MAIN-40ce0593,,,https://www.canada.ca/en/environment-climate-change/services/national-pollutant-release-inventory/tools-resources-data/exploredata.html
npri-3623-2023-92,2023,compb4e31bc7,NA - 03,kg,"Lac Pelletier, Lac Rouyn",,QC-MAIN-30c1828c,,,https://www.canada.ca/en/environment-climate-change/services/national-pollutant-release-inventory/tools-resources-data/exploredata.html
npri-1236-2023-124,2023,compb4e31bc7,NA - 04,tonnes,Coniston Creek,,ON-MAIN-40ce0593,,,https://www.canada.ca/en/environment-climate-change/services/national-pollutant-release-inventory/tools-resources-data/exploredata.html
npri-3623-2023-93,2023,compb4e31bc7,NA - 04,tonnes,"Lac Pelletier, Lac Rouyn",,QC-MAIN-30c1828c,,,https://www.canada.ca/en/environment-climate-change/services/national-pollutant-release-inventory/tools-resources-data/exploredata.html
npri-1236-2023-125,2023,compb4e31bc7,NA - 05,kg,Coniston Creek,,ON-MAIN-40ce0593,,,https://www.canada.ca/en/environment-climate-change/services/national-pollutant-release-inventory/tools-resources-data/exploredata.html
npri-3623-2023-94,2023,compb4e31bc7,NA - 05,kg,"Lac Pelletier, Lac Rouyn",,QC-MAIN-30c1828c,,,https://www.canada.ca/en/environment-climate-change/services/national-pollutant-release-inventory/tools-resources-data/exploredata.html
npri-1236-2023-126,2023,compb4e31bc7,NA - 06,tonnes,Coniston Creek,,ON-MAIN-40ce0593,,,https://www.canada.ca/en/environment-climate-change/services/national-pollutant-release-inventory/tools-resources-data/exploredata.html
npri-3623-2023-95,2023,compb4e31bc7,NA - 06,tonnes,"Lac Pelletier, Lac Rouyn",,QC-MAIN-30c1828c,,,https://www.canada.ca/en/environment-climate-change/services/national-pollutant-release-inventory/tools-resources-data/exploredata.html
npri-3623-2023-96,2023,compb4e31bc7,7782-41-4,tonnes,"Lac Pelletier, Lac Rouyn",,QC-MAIN-30c1828c,,,https://www.canada.ca/en/environment-climate-change/services/national-pollutant-release-inventory/tools-resources-data/exploredata.html
npri-1236-2023-127,2023,compb4e31bc7,NA - 08,kg,Coniston Creek,,ON-MAIN-40ce0593,,,https://www.canada.ca/en/environment-climate-change/services/national-pollutant-release-inventory/tools-resources-data/exploredata.html
npri-3623-2023-97,2023,compb4e31bc7,NA - 08,kg,"Lac Pelletier, Lac Rouyn",,QC-MAIN-30c1828c,,,https://www.canada.ca/en/environment-climate-change/services/national-pollutant-release-inventory/tools-resources-data/exploredata.html
npri-1236-2023-128,2023,compb4e31bc7,NA - 09,tonnes,Coniston Creek,,ON-MAIN-40ce0593,,,https://www.canada.ca/en/environment-climate-change/services/national-pollutant-release-inventory/tools-resources-data/exploredata.html
npri-3623-2023-98,2023,compb4e31bc7,NA - 09,tonnes,"Lac Pelletier, Lac Rouyn",,QC-MAIN-30c1828c,,,https://www.canada.ca/en/environment-climate-change/services/national-pollutant-release-inventory/tools-resources-data/exploredata.html
npri-1236-2023-129,2023,compb4e31bc7,NA - 10,kg,Coniston Creek,,ON-MAIN-40ce0593,,,https://www.canada.ca/en/environment-climate-change/services/national-pollutant-release-inventory/tools-resources-data/exploredata.html
npri-3623-2023-99,2023,compb4e31bc7,NA - 10,kg,"Lac Pelletier, Lac Rouyn",,QC-MAIN-30c1828c,,,https://www.canada.ca/en/environment-climate-change/services/national-pollutant-release-inventory/tools-resources-data/exploredata.html
npri-1236-2023-130,2023,compb4e31bc7,NA - 11,tonnes,Coniston Creek,,ON-MAIN-40ce0593,,,https://www.canada.ca/en/environment-climate-change/services/national-pollutant-release-inventory/tools-resources-data/exploredata.html
npri-3623-2023-100,2023,compb4e31bc7,NA - 11,tonnes,"Lac Pelletier, Lac Rouyn",,QC-MAIN-30c1828c,,,https://www.canada.ca/en/environment-climate-change/services/national-pollutant-release-inventory/tools-resources-data/exploredata.html
npri-1236-2023-131,2023,compb4e31bc7,NA - 12,kg,Coniston Creek,,ON-MAIN-40ce0593,,,https://www.canada.ca/en/environment-climate-change/services/national-pollutant-release-inventory/tools-resources-data/exploredata.html
npri-3623-2023-101,2023,compb4e31bc7,NA - 12,kg,"Lac Pelletier, Lac Rouyn",,QC-MAIN-30c1828c,,,https://www.canada.ca/en/environment-climate-change/services/national-pollutant-release-inventory/tools-resources-data/exploredata.html
npri-3623-2023-102,2023,compb4e31bc7,NA - 13,tonnes,"Lac Pelletier, Lac Rouyn",,QC-MAIN-30c1828c,,,https://www.canada.ca/en/environment-climate-change/services/national-pollutant-release-inventory/tools-resources-data/exploredata.html
npri-1236-2023-132,2023,compb4e31bc7,NA - 37,kg,Coniston Creek,,ON-MAIN-40ce0593,,,https://www.canada.ca/en/environment-climate-change/services/national-pollutant-release-inventory/tools-resources-data/exploredata.html
npri-1236-2023-133,2023,compb4e31bc7,NA - 40,tonnes,Coniston Creek,,ON-MAIN-40ce0593,,,https://www.canada.ca/en/environment-climate-change/services/national-pollutant-release-inventory/tools-resources-data/exploredata.html
npri-1236-2023-134,2023,compb4e31bc7,NA - 14,tonnes,Coniston Creek,,ON-MAIN-40ce0593,,,https://www.canada.ca/en/environment-climate-change/services/national-pollutant-release-inventory/tools-resources-data/exploredata.html
npri-3623-2023-103,2023,compb4e31bc7,NA - 14,tonnes,"Lac Pelletier, Lac Rouyn",,QC-MAIN-30c1828c,,,https://www.canada.ca/en/environment-climate-change/services/national-pollutant-release-inventory/tools-resources-data/exploredata.html
npri-2038-2023-88,2023,compb4e31bc7,56-55-3,kg,Fleuve Saint-Laurent,,QC-MAIN-52c01ae4,,,https://www.canada.ca/en/environment-climate-change/services/national-pollutant-release-inventory/tools-resources-data/exploredata.html
npri-2038-2023-89,2023,compb4e31bc7,50-32-8,kg,Fleuve Saint-Laurent,,QC-MAIN-52c01ae4,,,https://www.canada.ca/en/environment-climate-change/services/national-pollutant-release-inventory/tools-resources-data/exploredata.html
npri-2038-2023-90,2023,compb4e31bc7,205-99-2,kg,Fleuve Saint-Laurent,,QC-MAIN-52c01ae4,,,https://www.canada.ca/en/environment-climate-change/services/national-pollutant-release-inventory/tools-resources-data/exploredata.html
npri-2038-2023-91,2023,compb4e31bc7,205-82-3,kg,Fleuve Saint-Laurent,,QC-MAIN-52c01ae4,,,https://www.canada.ca/en/environment-climate-change/services/national-pollutant-release-inventory/tools-resources-data/exploredata.html
npri-2038-2023-92,2023,compb4e31bc7,207-08-9,kg,Fleuve Saint-Laurent,,QC-MAIN-52c01ae4,,,https://www.canada.ca/en/environment-climate-change/services/national-pollutant-release-inventory/tools-resources-data/exploredata.html
npri-2038-2023-93,2023,compb4e31bc7,218-01-9,kg,Fleuve Saint-Laurent,,QC-MAIN-52c01ae4,,,https://www.canada.ca/en/environment-climate-change/services/national-pollutant-release-inventory/tools-resources-data/exploredata.html
npri-2038-2023-94,2023,compb4e31bc7,189-55-9,kg,Fleuve Saint-Laurent,,QC-MAIN-52c01ae4,,,https://www.canada.ca/en/environment-climate-change/services/national-pollutant-release-inventory/tools-resources-data/exploredata.html
npri-2038-2023-95,2023,compb4e31bc7,193-39-5,kg,Fleuve Saint-Laurent,,QC-MAIN-52c01ae4,,,https://www.canada.ca/en/environment-climate-change/services/national-pollutant-release-inventory/tools-resources-data/exploredata.html
npri-3406-2023-86,2023,compb4e31bc7,56-55-3,kg,Rivière Saguenay,,QC-MAIN-c1c7eb99,,,https://www.canada.ca/en/environment-climate-change/services/national-pollutant-release-inventory/tools-resources-data/exploredata.html
npri-27853-2023-64,2023,compb4e31bc7,56-55-3,kg,Rivière Saguenay,,QC-MAIN-c1c7eb99,,,https://www.canada.ca/en/environment-climate-change/services/national-pollutant-release-inventory/tools-resources-data/exploredata.html
npri-3406-2023-87,2023,compb4e31bc7,50-32-8,kg,Rivière Saguenay,,QC-MAIN-c1c7eb99,,,https://www.canada.ca/en/environment-climate-change/services/national-pollutant-release-inventory/tools-resources-data/exploredata.html
npri-27853-2023-65,2023,compb4e31bc7,50-32-8,kg,Rivière Saguenay,,QC-MAIN-c1c7eb99,,,https://www.canada.ca/en/environment-climate-change/services/national-pollutant-release-inventory/tools-resources-data/exploredata.html
npri-27853-2023-66,2023,compb4e31bc7,205-99-2,kg,Rivière Saguenay,,QC-MAIN-c1c7eb99,,,https://www.canada.ca/en/environment-climate-change/services/national-pollutant-release-inventory/tools-resources-data/exploredata.html
npri-3406-2023-88,2023,compb4e31bc7,218-01-9,kg,Rivière Saguenay,,QC-MAIN-c1c7eb99,,,https://www.canada.ca/en/environment-climate-change/services/national-pollutant-release-inventory/tools-resources-data/exploredata.html
npri-27853-2023-67,2023,compb4e31bc7,218-01-9,kg,Rivière Saguenay,,QC-MAIN-c1c7eb99,,,https://www.canada.ca/en/environment-climate-change/services/national-pollutant-release-inventory/tools-resources-data/exploredata.html
npri-27853-2023-68,2023,compb4e31bc7,206-44-0,kg,Rivière Saguenay,,QC-MAIN-c1c7eb99,,,https://www.canada.ca/en/environment-climate-change/services/national-pollutant-release-inventory/tools-resources-data/exploredata.html
npri-3406-2023-89,2023,compb4e31bc7,193-39-5,kg,Rivière Saguenay,,QC-MAIN-c1c7eb99,,,https://www.canada.ca/en/environment-climate-change/services/national-pollutant-release-inventory/tools-resources-data/exploredata.html
npri-27853-2023-69,2023,compb4e31bc7,193-39-5,kg,Rivière Saguenay,,QC-MAIN-c1c7eb99,,,https://www.canada.ca/en/environment-climate-change/services/national-pollutant-release-inventory/tools-resources-data/exploredata.html
npri-27853-2023-70,2023,compb4e31bc7,85-01-8,kg,Rivière Saguenay,,QC-MAIN-c1c7eb99,,,https://www.canada.ca/en/environment-climate-change/services/national-pollutant-release-inventory/tools-resources-data/exploredata.html
npri-27853-2023-71,2023,compb4e31bc7,129-00-0,kg,Rivière Saguenay,,QC-MAIN-c1c7eb99,,,https://www.canada.ca/en/environment-climate-change/services/national-pollutant-release-inventory/tools-resources-data/exploredata.html
npri-3855-2023-163,2023,compb4e31bc7,NA - 16,tonnes,Lake Erie,,ON-MAIN-b2e5c9bb,,,https://www.canada.ca/en/environment-climate-change/services/national-pollutant-release-inventory/tools-resources-data/exploredata.html
npri-3855-2023-164,2023,compb4e31bc7,56-55-3,kg,Lake Erie,,ON-MAIN-b2e5c9bb,,,https://www.canada.ca/en/environment-climate-change/services/national-pollutant-release-inventory/tools-resources-data/exploredata.html
npri-3855-2023-165,2023,compb4e31bc7,71-43-2,tonnes,Lake Erie,,ON-MAIN-b2e5c9bb,,,https://www.canada.ca/en/environment-climate-change/services/national-pollutant-release-inventory/tools-resources-data/exploredata.html
npri-2984-2023-150,2023,compb4e31bc7,50-32-8,kg,Hamilton Harbour,,ON-MAIN-020a683c,,,https://www.canada.ca/en/environment-climate-change/services/national-pollutant-release-inventory/tools-resources-data/exploredata.html
npri-3855-2023-166,2023,compb4e31bc7,50-32-8,kg,Lake Erie,,ON-MAIN-b2e5c9bb,,,https://www.canada.ca/en/environment-climate-change/services/national-pollutant-release-inventory/tools-resources-data/exploredata.html
npri-3855-2023-167,2023,compb4e31bc7,205-99-2,kg,Lake Erie,,ON-MAIN-b2e5c9bb,,,https://www.canada.ca/en/environment-climate-change/services/national-pollutant-release-inventory/tools-resources-data/exploredata.html
npri-3855-2023-168,2023,compb4e31bc7,191-24-2,kg,Lake Erie,,ON-MAIN-b2e5c9bb,,,https://www.canada.ca/en/environment-climate-change/services/national-pollutant-release-inventory/tools-resources-data/exploredata.html
npri-3855-2023-169,2023,compb4e31bc7,205-82-3,kg,Lake Erie,,ON-MAIN-b2e5c9bb,,,https://www.canada.ca/en/environment-climate-change/services/national-pollutant-release-inventory/tools-resources-data/exploredata.html
npri-3855-2023-170,2023,compb4e31bc7,207-08-9,kg,Lake Erie,,ON-MAIN-b2e5c9bb,,,https://www.canada.ca/en/environment-climate-change/services/national-pollutant-release-inventory/tools-resources-data/exploredata.html
npri-3855-2023-171,2023,compb4e31bc7,NA - 03,kg,Lake Erie,,ON-MAIN-b2e5c9bb,,,https://www.canada.ca/en/environment-climate-change/services/national-pollutant-release-inventory/tools-resources-data/exploredata.html
npri-3855-2023-172,2023,compb4e31bc7,7789-75-5,tonnes,Lake Erie,,ON-MAIN-b2e5c9bb,,,https://www.canada.ca/en/environment-climate-change/services/national-pollutant-release-inventory/tools-resources-data/exploredata.html
npri-2984-2023-151,2023,compb4e31bc7,NA - 04,tonnes,Hamilton Harbour,,ON-MAIN-020a683c,,,https://www.canada.ca/en/environment-climate-change/services/national-pollutant-release-inventory/tools-resources-data/exploredata.html
npri-3855-2023-173,2023,compb4e31bc7,218-01-9,kg,Lake Erie,,ON-MAIN-b2e5c9bb,,,https://www.canada.ca/en/environment-climate-change/services/national-pollutant-release-inventory/tools-resources-data/exploredata.html
npri-3855-2023-174,2023,compb4e31bc7,53-70-3,kg,Lake Erie,,ON-MAIN-b2e5c9bb,,,https://www.canada.ca/en/environment-climate-change/services/national-pollutant-release-inventory/tools-resources-data/exploredata.html
npri-3855-2023-175,2023,compb4e31bc7,189-55-9,kg,Lake Erie,,ON-MAIN-b2e5c9bb,,,https://www.canada.ca/en/environment-climate-change/services/national-pollutant-release-inventory/tools-resources-data/exploredata.html
npri-3855-2023-176,2023,compb4e31bc7,206-44-0,kg,Lake Erie,,ON-MAIN-b2e5c9bb,,,https://www.canada.ca/en/environment-climate-change/services/national-pollutant-release-inventory/tools-resources-data/exploredata.html
npri-3855-2023-177,2023,compb4e31bc7,193-39-5,kg,Lake Erie,,ON-MAIN-b2e5c9bb,,,https://www.canada.ca/en/environment-climate-change/services/national-pollutant-release-inventory/tools-resources-data/exploredata.html
npri-2984-2023-152,2023,compb4e31bc7,NA - 08,kg,Hamilton Harbour,,ON-MAIN-020a683c,,,https://www.canada.ca/en/environment-climate-change/services/national-pollutant-release-inventory/tools-resources-data/exploredata.html
npri-3855-2023-178,2023,compb4e31bc7,NA - 08,kg,Lake Erie,,ON-MAIN-b2e5c9bb,,,https://www.canada.ca/en/environment-climate-change/services/national-pollutant-release-inventory/tools-resources-data/exploredata.html
npri-2984-2023-153,2023,compb4e31bc7,91-20-3,tonnes,Hamilton Harbour,,ON-MAIN-020a683c,,,https://www.canada.ca/en/environment-climate-change/services/national-pollutant-release-inventory/tools-resources-data/exploredata.html
npri-3855-2023-179,2023,compb4e31bc7,198-55-0,kg,Lake Erie,,ON-MAIN-b2e5c9bb,,,https://www.canada.ca/en/environment-climate-change/services/national-pollutant-release-inventory/tools-resources-data/exploredata.html
npri-3855-2023-180,2023,compb4e31bc7,85-01-8,kg,Lake Erie,,ON-MAIN-b2e5c9bb,,,https://www.canada.ca/en/environment-climate-change/services/national-pollutant-release-inventory/tools-resources-data/exploredata.html
npri-2984-2023-154,2023,compb4e31bc7,NA - 22,tonnes,Hamilton Harbour,,ON-MAIN-020a683c,,,https://www.canada.ca/en/environment-climate-change/services/national-pollutant-release-inventory/tools-resources-data/exploredata.html
npri-3855-2023-181,2023,compb4e31bc7,129-00-0,kg,Lake Erie,,ON-MAIN-b2e5c9bb,,,https://www.canada.ca/en/environment-climate-change/services/national-pollutant-release-inventory/tools-resources-data/exploredata.html
npri-3855-2023-182,2023,compb4e31bc7,71-43-2,tonnes,Lake Erie,,ON-MAIN-b2e5c9bb,,,https://www.canada.ca/en/environment-climate-change/services/national-pollutant-release-inventory/tools-resources-data/exploredata.html
npri-2984-2023-155,2023,compb4e31bc7,NA - 14,tonnes,Hamilton Harbour,,ON-MAIN-020a683c,,,https://www.canada.ca/en/environment-climate-change/services/national-pollutant-release-inventory/tools-resources-data/exploredata.html
npri-3802-2023-94,2023,compb4e31bc7,NA - 16,tonnes,Columbia River,,BC-MAIN-3bb6b7cd,,,https://www.canada.ca/en/environment-climate-change/services/national-pollutant-release-inventory/tools-resources-data/exploredata.html
npri-3802-2023-95,2023,compb4e31bc7,NA - 01,tonnes,Columbia River,,BC-MAIN-3bb6b7cd,,,https://www.canada.ca/en/environment-climate-change/services/national-pollutant-release-inventory/tools-resources-data/exploredata.html
npri-3802-2023-96,2023,compb4e31bc7,NA - 02,kg,Columbia River,,BC-MAIN-3bb6b7cd,,,https://www.canada.ca/en/environment-climate-change/services/national-pollutant-release-inventory/tools-resources-data/exploredata.html
npri-3802-2023-97,2023,compb4e31bc7,NA - 03,kg,Columbia River,,BC-MAIN-3bb6b7cd,,,https://www.canada.ca/en/environment-climate-change/services/national-pollutant-release-inventory/tools-resources-data/exploredata.html
npri-3802-2023-98,2023,compb4e31bc7,NA - 06,tonnes,Columbia River,,BC-MAIN-3bb6b7cd,,,https://www.canada.ca/en/environment-climate-change/services/national-pollutant-release-inventory/tools-resources-data/exploredata.html
npri-3802-2023-99,2023,compb4e31bc7,NA - 08,kg,Columbia River,,BC-MAIN-3bb6b7cd,,,https://www.canada.ca/en/environment-climate-change/services/national-pollutant-release-inventory/tools-resources-data/exploredata.html
npri-3802-2023-100,2023,compb4e31bc7,NA - 09,tonnes,Columbia River,,BC-MAIN-3bb6b7cd,,,https://www.canada.ca/en/environment-climate-change/services/national-pollutant-release-inventory/tools-resources-data/exploredata.html
npri-3802-2023-101,2023,compb4e31bc7,NA - 10,kg,Columbia River,,BC-MAIN-3bb6b7cd,,,https://www.canada.ca/en/environment-climate-change/services/national-pollutant-release-inventory/tools-resources-data/exploredata.html
npri-3802-2023-102,2023,compb4e31bc7,NA - 17,tonnes,Columbia River,,BC-MAIN-3bb6b7cd,,,https://www.canada.ca/en/environment-climate-change/services/national-pollutant-release-inventory/tools-resources-data/exploredata.html
npri-3802-2023-103,2023,compb4e31bc7,NA - 12,kg,Columbia River,,BC-MAIN-3bb6b7cd,,,https://www.canada.ca/en/environment-climate-change/services/national-pollutant-release-inventory/tools-resources-data/exploredata.html
npri-3802-2023-104,2023,compb4e31bc7,NA - 37,kg,Columbia River,,BC-MAIN-3bb6b7cd,,,https://www.canada.ca/en/environment-climate-change/services/national-pollutant-release-inventory/tools-resources-data/exploredata.html
npri-3802-2023-105,2023,compb4e31bc7,NA - 14,tonnes,Columbia River,,BC-MAIN-3bb6b7cd,,,https://www.canada.ca/en/environment-climate-change/services/national-pollutant-release-inventory/tools-resources-data/exploredata.html
npri-1471-2023-41,2023,compb4e31bc7,NA - 02,kg,Lake Erie,,ON-MAIN-2e13aaa0,,,https://www.canada.ca/en/environment-climate-change/services/national-pollutant-release-inventory/tools-resources-data/exploredata.html
npri-1471-2023-42,2023,compb4e31bc7,NA - 03,kg,Lake Erie,,ON-MAIN-2e13aaa0,,,https://www.canada.ca/en/environment-climate-change/services/national-pollutant-release-inventory/tools-resources-data/exploredata.html
npri-1471-2023-43,2023,compb4e31bc7,NA - 05,kg,Lake Erie,,ON-MAIN-2e13aaa0,,,https://www.canada.ca/en/environment-climate-change/services/national-pollutant-release-inventory/tools-resources-data/exploredata.html
npri-1471-2023-44,2023,compb4e31bc7,NA - 06,tonnes,Lake Erie,,ON-MAIN-2e13aaa0,,,https://www.canada.ca/en/environment-climate-change/services/national-pollutant-release-inventory/tools-resources-data/exploredata.html
npri-1471-2023-45,2023,compb4e31bc7,NA - 08,kg,Lake Erie,,ON-MAIN-2e13aaa0,,,https://www.canada.ca/en/environment-climate-change/services/national-pollutant-release-inventory/tools-resources-data/exploredata.html
npri-1471-2023-46,2023,compb4e31bc7,NA - 11,tonnes,Lake Erie,,ON-MAIN-2e13aaa0,,,https://www.canada.ca/en/environment-climate-change/services/national-pollutant-release-inventory/tools-resources-data/exploredata.html
npri-1471-2023-47,2023,compb4e31bc7,NA - 12,kg,Lake Erie,,ON-MAIN-2e13aaa0,,,https://www.canada.ca/en/environment-climate-change/services/national-pollutant-release-inventory/tools-resources-data/exploredata.html
npri-28761-2023-41,2023,compb4e31bc7,NA - 06,tonnes,Long Harbour,,NL-MAIN-d9036091,,,https://www.canada.ca/en/environment-climate-change/services/national-pollutant-release-inventory/tools-resources-data/exploredata.html
npri-28761-2023-42,2023,compb4e31bc7,NA - 08,kg,Long Harbour,,NL-MAIN-d9036091,,,https://www.canada.ca/en/environment-climate-change/services/national-pollutant-release-inventory/tools-resources-data/exploredata.html
npri-28761-2023-43,2023,compb4e31bc7,NA - 11,tonnes,Long Harbour,,NL-MAIN-d9036091,,,https://www.canada.ca/en/environment-climate-change/services/national-pollutant-release-inventory/tools-resources-data/exploredata.html
npri-28761-2023-44,2023,compb4e31bc7,NA - 14,tonnes,Long Harbour,,NL-MAIN-d9036091,,,https://www.canada.ca/en/environment-climate-change/services/national-pollutant-release-inventory/tools-resources-data/exploredata.html
npri-1070-2023-153,2023,compb4e31bc7,NA - 16,tonnes,St. Marys River,,ON-MAIN-eab8c362,,,https://www.canada.ca/en/environment-climate-change/services/national-pollutant-release-inventory/tools-resources-data/exploredata.html
npri-1070-2023-154,2023,compb4e31bc7,71-43-2,tonnes,St. Marys River,,ON-MAIN-eab8c362,,,https://www.canada.ca/en/environment-climate-change/services/national-pollutant-release-inventory/tools-resources-data/exploredata.html
npri-1070-2023-155,2023,compb4e31bc7,50-32-8,kg,St. Marys River,,ON-MAIN-eab8c362,,,https://www.canada.ca/en/environment-climate-change/services/national-pollutant-release-inventory/tools-resources-data/exploredata.html
npri-1070-2023-156,2023,compb4e31bc7,NA - 08,kg,St. Marys River,,ON-MAIN-eab8c362,,,https://www.canada.ca/en/environment-climate-change/services/national-pollutant-release-inventory/tools-resources-data/exploredata.html
npri-1070-2023-157,2023,compb4e31bc7,NA - 09,tonnes,St. Marys River,,ON-MAIN-eab8c362,,,https://www.canada.ca/en/environment-climate-change/services/national-pollutant-release-inventory/tools-resources-data/exploredata.html
npri-1070-2023-158,2023,compb4e31bc7,91-20-3,tonnes,St. Marys River,,ON-MAIN-eab8c362,,,https://www.canada.ca/en/environment-climate-change/services/national-pollutant-release-inventory/tools-resources-data/exploredata.html
npri-1070-2023-159,2023,compb4e31bc7,NA - 11,tonnes,St. Marys River,,ON-MAIN-eab8c362,,,https://www.canada.ca/en/environment-climate-change/services/national-pollutant-release-inventory/tools-resources-data/exploredata.html
npri-1070-2023-160,2023,compb4e31bc7,NA - 17,tonnes,St. Marys River,,ON-MAIN-eab8c362,,,https://www.canada.ca/en/environment-climate-change/services/national-pollutant-release-inventory/tools-resources-data/exploredata.html
npri-1070-2023-161,2023,compb4e31bc7,71-43-2,tonnes,St. Marys River,,ON-MAIN-eab8c362,,,https://www.canada.ca/en/environment-climate-change/services/national-pollutant-release-inventory/tools-resources-data/exploredata.html
npri-1070-2023-162,2023,compb4e31bc7,NA - 14,tonnes,St. Marys River,,ON-MAIN-eab8c362,,,https://www.canada.ca/en/environment-climate-change/services/national-pollutant-release-inventory/tools-resources-data/exploredata.html
npri-1106-2023-100,2023,compb4e31bc7,NA - 02,kg,Gold Bar Creek,,AB-MAIN-9fed34a8,,,https://www.canada.ca/en/environment-climate-change/services/national-pollutant-release-inventory/tools-resources-data/exploredata.html
npri-1106-2023-101,2023,compb4e31bc7,NA - 03,kg,Gold Bar Creek,,AB-MAIN-9fed34a8,,,https://www.canada.ca/en/environment-climate-change/services/national-pollutant-release-inventory/tools-resources-data/exploredata.html
npri-1106-2023-102,2023,compb4e31bc7,NA - 04,tonnes,Gold Bar Creek,,AB-MAIN-9fed34a8,,,https://www.canada.ca/en/environment-climate-change/services/national-pollutant-release-inventory/tools-resources-data/exploredata.html
npri-1106-2023-103,2023,compb4e31bc7,NA - 06,tonnes,Gold Bar Creek,,AB-MAIN-9fed34a8,,,https://www.canada.ca/en/environment-climate-change/services/national-pollutant-release-inventory/tools-resources-data/exploredata.html
npri-1106-2023-104,2023,compb4e31bc7,NA - 08,kg,Gold Bar Creek,,AB-MAIN-9fed34a8,,,https://www.canada.ca/en/environment-climate-change/services/national-pollutant-release-inventory/tools-resources-data/exploredata.html
npri-1106-2023-105,2023,compb4e31bc7,NA - 09,tonnes,Gold Bar Creek,,AB-MAIN-9fed34a8,,,https://www.canada.ca/en/environment-climate-change/services/national-pollutant-release-inventory/tools-resources-data/exploredata.html
npri-1106-2023-106,2023,compb4e31bc7,NA - 10,kg,Gold Bar Creek,,AB-MAIN-9fed34a8,,,https://www.canada.ca/en/environment-climate-change/services/national-pollutant-release-inventory/tools-resources-data/exploredata.html
npri-1106-2023-107,2023,compb4e31bc7,NA - 11,tonnes,Gold Bar Creek,,AB-MAIN-9fed34a8,,,https://www.canada.ca/en/environment-climate-change/services/national-pollutant-release-inventory/tools-resources-data/exploredata.html
npri-1106-2023-108,2023,compb4e31bc7,NA - 12,kg,Gold Bar Creek,,AB-MAIN-9fed34a8,,,https://www.canada.ca/en/environment-climate-change/services/national-pollutant-release-inventory/tools-resources-data/exploredata.html
npri-1106-2023-109,2023,compb4e31bc7,NA - 40,tonnes,Gold Bar Creek,,AB-MAIN-9fed34a8,,,https://www.canada.ca/en/environment-climate-change/services/national-pollutant-release-inventory/tools-resources-data/exploredata.html
npri-1106-2023-110,2023,compb4e31bc7,NA - 14,tonnes,Gold Bar Creek,,AB-MAIN-9fed34a8,,,https://www.canada.ca/en/environment-climate-change/services/national-pollutant-release-inventory/tools-resources-data/exploredata.html
npri-4778-2023-112,2023,compb4e31bc7,56-55-3,kg,Golfe Saint-Laurent,,QC-MAIN-8d6616b4,,,https://www.canada.ca/en/environment-climate-change/services/national-pollutant-release-inventory/tools-resources-data/exploredata.html
npri-4778-2023-113,2023,compb4e31bc7,50-32-8,kg,Golfe Saint-Laurent,,QC-MAIN-8d6616b4,,,https://www.canada.ca/en/environment-climate-change/services/national-pollutant-release-inventory/tools-resources-data/exploredata.html
npri-4778-2023-114,2023,compb4e31bc7,205-99-2,kg,Golfe Saint-Laurent,,QC-MAIN-8d6616b4,,,https://www.canada.ca/en/environment-climate-change/services/national-pollutant-release-inventory/tools-resources-data/exploredata.html
npri-4778-2023-115,2023,compb4e31bc7,207-08-9,kg,Golfe Saint-Laurent,,QC-MAIN-8d6616b4,,,https://www.canada.ca/en/environment-climate-change/services/national-pollutant-release-inventory/tools-resources-data/exploredata.html
npri-4778-2023-116,2023,compb4e31bc7,218-01-9,kg,Golfe Saint-Laurent,,QC-MAIN-8d6616b4,,,https://www.canada.ca/en/environment-climate-change/services/national-pollutant-release-inventory/tools-resources-data/exploredata.html
npri-4778-2023-117,2023,compb4e31bc7,193-39-5,kg,Golfe Saint-Laurent,,QC-MAIN-8d6616b4,,,https://www.canada.ca/en/environment-climate-change/services/national-pollutant-release-inventory/tools-resources-data/exploredata.html
npri-3713-2023-287,2023,compb4e31bc7,NA - 16,tonnes,Hamilton Harbour,,ON-MAIN-4c35e094,,,https://www.canada.ca/en/environment-climate-change/services/national-pollutant-release-inventory/tools-resources-data/exploredata.html
npri-3713-2023-288,2023,compb4e31bc7,NA - 01,tonnes,Hamilton Harbour,,ON-MAIN-4c35e094,,,https://www.canada.ca/en/environment-climate-change/services/national-pollutant-release-inventory/tools-resources-data/exploredata.html
npri-3713-2023-289,2023,compb4e31bc7,NA - 02,kg,Hamilton Harbour,,ON-MAIN-4c35e094,,,https://www.canada.ca/en/environment-climate-change/services/national-pollutant-release-inventory/tools-resources-data/exploredata.html
npri-3713-2023-290,2023,compb4e31bc7,71-43-2,tonnes,Hamilton Harbour,,ON-MAIN-4c35e094,,,https://www.canada.ca/en/environment-climate-change/services/national-pollutant-release-inventory/tools-resources-data/exploredata.html
npri-3713-2023-291,2023,compb4e31bc7,NA - 04,tonnes,Hamilton Harbour,,ON-MAIN-4c35e094,,,https://www.canada.ca/en/environment-climate-change/services/national-pollutant-release-inventory/tools-resources-data/exploredata.html
npri-3713-2023-292,2023,compb4e31bc7,NA - 06,tonnes,Hamilton Harbour,,ON-MAIN-4c35e094,,,https://www.canada.ca/en/environment-climate-change/services/national-pollutant-release-inventory/tools-resources-data/exploredata.html
npri-3713-2023-293,2023,compb4e31bc7,NA - 19,kg,Hamilton Harbour,,ON-MAIN-4c35e094,,,https://www.canada.ca/en/environment-climate-change/services/national-pollutant-release-inventory/tools-resources-data/exploredata.html
npri-3713-2023-294,2023,compb4e31bc7,NA - 08,kg,Hamilton Harbour,,ON-MAIN-4c35e094,,,https://www.canada.ca/en/environment-climate-change/services/national-pollutant-release-inventory/tools-resources-data/exploredata.html
npri-3713-2023-295,2023,compb4e31bc7,NA - 09,tonnes,Hamilton Harbour,,ON-MAIN-4c35e094,,,https://www.canada.ca/en/environment-climate-change/services/national-pollutant-release-inventory/tools-resources-data/exploredata.html
npri-3713-2023-296,2023,compb4e31bc7,91-20-3,tonnes,Hamilton Harbour,,ON-MAIN-4c35e094,,,https://www.canada.ca/en/environment-climate-change/services/national-pollutant-release-inventory/tools-resources-data/exploredata.html
npri-3713-2023-297,2023,compb4e31bc7,NA - 11,tonnes,Hamilton Harbour,,ON-MAIN-4c35e094,,,https://www.canada.ca/en/environment-climate-change/services/national-pollutant-release-inventory/tools-resources-data/exploredata.html
npri-3713-2023-298,2023,compb4e31bc7,108-95-2,tonnes,Hamilton Harbour,,ON-MAIN-4c35e094,,,https://www.canada.ca/en/environment-climate-change/services/national-pollutant-release-inventory/tools-resources-data/exploredata.html
npri-3713-2023-299,2023,compb4e31bc7,NA - 22,tonnes,Hamilton Harbour,,ON-MAIN-4c35e094,,,https://www.canada.ca/en/environment-climate-change/services/national-pollutant-release-inventory/tools-resources-data/exploredata.html
npri-3713-2023-300,2023,compb4e31bc7,71-43-2,tonnes,Hamilton Harbour,,ON-MAIN-4c35e094,,,https://www.canada.ca/en/environment-climate-change/services/national-pollutant-release-inventory/tools-resources-data/exploredata.html
npri-3713-2023-301,2023,compb4e31bc7,NA - 40,tonnes,Hamilton Harbour,,ON-MAIN-4c35e094,,,https://www.canada.ca/en/environment-climate-change/services/national-pollutant-release-inventory/tools-resources-data/exploredata.html
npri-3713-2023-302,2023,compb4e31bc7,NA - 14,tonnes,Hamilton Harbour,,ON-MAIN-4c35e094,,,https://www.canada.ca/en/environment-climate-change/services/national-pollutant-release-inventory/tools-resources-data/exploredata.html
npri-3824-2023-62,2023,compb4e31bc7,NA - 02,kg,Lake Ontario,,ON-MAIN-21b6ab35,,,https://www.canada.ca/en/environment-climate-change/services/national-pollutant-release-inventory/tools-resources-data/exploredata.html
npri-3824-2023-63,2023,compb4e31bc7,NA - 03,kg,Lake Ontario,,ON-MAIN-21b6ab35,,,https://www.canada.ca/en/environment-climate-change/services/national-pollutant-release-inventory/tools-resources-data/exploredata.html
npri-1651-2023-58,2023,compb4e31bc7,NA - 08,kg,Red River,,MB-MAIN-b4ca1426,,,https://www.canada.ca/en/environment-climate-change/services/national-pollutant-release-inventory/tools-resources-data/exploredata.html
npri-3824-2023-64,2023,compb4e31bc7,NA - 08,kg,Lake Ontario,,ON-MAIN-21b6ab35,,,https://www.canada.ca/en/environment-climate-change/services/national-pollutant-release-inventory/tools-resources-data/exploredata.html
npri-1651-2023-59,2023,compb4e31bc7,NA - 09,tonnes,Red River,,MB-MAIN-b4ca1426,,,https://www.canada.ca/en/environment-climate-change/services/national-pollutant-release-inventory/tools-resources-data/exploredata.html
npri-3824-2023-65,2023,compb4e31bc7,NA - 09,tonnes,Lake Ontario,,ON-MAIN-21b6ab35,,,https://www.canada.ca/en/environment-climate-change/services/national-pollutant-release-inventory/tools-resources-data/exploredata.html
npri-1651-2023-60,2023,compb4e31bc7,NA - 10,kg,Red River,,MB-MAIN-b4ca1426,,,https://www.canada.ca/en/environment-climate-change/services/national-pollutant-release-inventory/tools-resources-data/exploredata.html
npri-1651-2023-61,2023,compb4e31bc7,NA - 12,kg,Red River,,MB-MAIN-b4ca1426,,,https://www.canada.ca/en/environment-climate-change/services/national-pollutant-release-inventory/tools-resources-data/exploredata.html
npri-1651-2023-62,2023,compb4e31bc7,NA - 14,tonnes,Red River,,MB-MAIN-b4ca1426,,,https://www.canada.ca/en/environment-climate-change/services/national-pollutant-release-inventory/tools-resources-data/exploredata.html
npri-3824-2023-66,2023,compb4e31bc7,NA - 14,tonnes,Lake Ontario,,ON-MAIN-21b6ab35,,,https://www.canada.ca/en/environment-climate-change/services/national-pollutant-release-inventory/tools-resources-data/exploredata.html
npri-1236-2023-135,2023,compb4e31bc7,NA - 02,kg,Coniston Creek,,ON-MAIN-40ce0593,,,https://www.canada.ca/en/environment-climate-change/services/national-pollutant-release-inventory/tools-resources-data/exploredata.html
npri-3623-2023-104,2023,compb4e31bc7,NA - 02,kg,"Lac Pelletier, Lac Rouyn",,QC-MAIN-30c1828c,,,https://www.canada.ca/en/environment-climate-change/services/national-pollutant-release-inventory/tools-resources-data/exploredata.html
npri-1236-2023-136,2023,compb4e31bc7,NA - 03,kg,Coniston Creek,,ON-MAIN-40ce0593,,,https://www.canada.ca/en/environment-climate-change/services/national-pollutant-release-inventory/tools-resources-data/exploredata.html
npri-3623-2023-105,2023,compb4e31bc7,NA - 03,kg,"Lac Pelletier, Lac Rouyn",,QC-MAIN-30c1828c,,,https://www.canada.ca/en/environment-climate-change/services/national-pollutant-release-inventory/tools-resources-data/exploredata.html
npri-1236-2023-137,2023,compb4e31bc7,NA - 04,tonnes,Coniston Creek,,ON-MAIN-40ce0593,,,https://www.canada.ca/en/environment-climate-change/services/national-pollutant-release-inventory/tools-resources-data/exploredata.html
npri-3623-2023-106,2023,compb4e31bc7,NA - 04,tonnes,"Lac Pelletier, Lac Rouyn",,QC-MAIN-30c1828c,,,https://www.canada.ca/en/environment-climate-change/services/national-pollutant-release-inventory/tools-resources-data/exploredata.html
npri-1236-2023-138,2023,compb4e31bc7,NA - 05,kg,Coniston Creek,,ON-MAIN-40ce0593,,,https://www.canada.ca/en/environment-climate-change/services/national-pollutant-release-inventory/tools-resources-data/exploredata.html
npri-3623-2023-107,2023,compb4e31bc7,NA - 05,kg,"Lac Pelletier, Lac Rouyn",,QC-MAIN-30c1828c,,,https://www.canada.ca/en/environment-climate-change/services/national-pollutant-release-inventory/tools-resources-data/exploredata.html
npri-1236-2023-139,2023,compb4e31bc7,NA - 06,tonnes,Coniston Creek,,ON-MAIN-40ce0593,,,https://www.canada.ca/en/environment-climate-change/services/national-pollutant-release-inventory/tools-resources-data/exploredata.html
npri-3623-2023-108,2023,compb4e31bc7,NA - 06,tonnes,"Lac Pelletier, Lac Rouyn",,QC-MAIN-30c1828c,,,https://www.canada.ca/en/environment-climate-change/services/national-pollutant-release-inventory/tools-resources-data/exploredata.html
npri-3623-2023-109,2023,compb4e31bc7,7782-41-4,tonnes,"Lac Pelletier, Lac Rouyn",,QC-MAIN-30c1828c,,,https://www.canada.ca/en/environment-climate-change/services/national-pollutant-release-inventory/tools-resources-data/exploredata.html
npri-1236-2023-140,2023,compb4e31bc7,NA - 08,kg,Coniston Creek,,ON-MAIN-40ce0593,,,https://www.canada.ca/en/environment-climate-change/services/national-pollutant-release-inventory/tools-resources-data/exploredata.html
npri-3623-2023-110,2023,compb4e31bc7,NA - 08,kg,"Lac Pelletier, Lac Rouyn",,QC-MAIN-30c1828c,,,https://www.canada.ca/en/environment-climate-change/services/national-pollutant-release-inventory/tools-resources-data/exploredata.html
npri-1236-2023-141,2023,compb4e31bc7,NA - 09,tonnes,Coniston Creek,,ON-MAIN-40ce0593,,,https://www.canada.ca/en/environment-climate-change/services/national-pollutant-release-inventory/tools-resources-data/exploredata.html
npri-3623-2023-111,2023,compb4e31bc7,NA - 09,tonnes,"Lac Pelletier, Lac Rouyn",,QC-MAIN-30c1828c,,,https://www.canada.ca/en/environment-climate-change/services/national-pollutant-release-inventory/tools-resources-data/exploredata.html
npri-1236-2023-142,2023,compb4e31bc7,NA - 10,kg,Coniston Creek,,ON-MAIN-40ce0593,,,https://www.canada.ca/en/environment-climate-change/services/national-pollutant-release-inventory/tools-resources-data/exploredata.html
npri-3623-2023-112,2023,compb4e31bc7,NA - 10,kg,"Lac Pelletier, Lac Rouyn",,QC-MAIN-30c1828c,,,https://www.canada.ca/en/environment-climate-change/services/national-pollutant-release-inventory/tools-resources-data/exploredata.html
npri-1236-2023-143,2023,compb4e31bc7,NA - 11,tonnes,Coniston Creek,,ON-MAIN-40ce0593,,,https://www.canada.ca/en/environment-climate-change/services/national-pollutant-release-inventory/tools-resources-data/exploredata.html
npri-3623-2023-113,2023,compb4e31bc7,NA - 11,tonnes,"Lac Pelletier, Lac Rouyn",,QC-MAIN-30c1828c,,,https://www.canada.ca/en/environment-climate-change/services/national-pollutant-release-inventory/tools-resources-data/exploredata.html
npri-1236-2023-144,2023,compb4e31bc7,NA - 12,kg,Coniston Creek,,ON-MAIN-40ce0593,,,https://www.canada.ca/en/environment-climate-change/services/national-pollutant-release-inventory/tools-resources-data/exploredata.html
npri-3623-2023-114,2023,compb4e31bc7,NA - 12,kg,"Lac Pelletier, Lac Rouyn",,QC-MAIN-30c1828c,,,https://www.canada.ca/en/environment-climate-change/services/national-pollutant-release-inventory/tools-resources-data/exploredata.html
npri-3623-2023-115,2023,compb4e31bc7,NA - 13,tonnes,"Lac Pelletier, Lac Rouyn",,QC-MAIN-30c1828c,,,https://www.canada.ca/en/environment-climate-change/services/national-pollutant-release-inventory/tools-resources-data/exploredata.html
npri-1236-2023-145,2023,compb4e31bc7,NA - 37,kg,Coniston Creek,,ON-MAIN-40ce0593,,,https://www.canada.ca/en/environment-climate-change/services/national-pollutant-release-inventory/tools-resources-data/exploredata.html
npri-1236-2023-146,2023,compb4e31bc7,NA - 40,tonnes,Coniston Creek,,ON-MAIN-40ce0593,,,https://www.canada.ca/en/environment-climate-change/services/national-pollutant-release-inventory/tools-resources-data/exploredata.html
npri-1236-2023-147,2023,compb4e31bc7,NA - 14,tonnes,Coniston Creek,,ON-MAIN-40ce0593,,,https://www.canada.ca/en/environment-climate-change/services/national-pollutant-release-inventory/tools-resources-data/exploredata.html
npri-3623-2023-116,2023,compb4e31bc7,NA - 14,tonnes,"Lac Pelletier, Lac Rouyn",,QC-MAIN-30c1828c,,,https://www.canada.ca/en/environment-climate-change/services/national-pollutant-release-inventory/tools-resources-data/exploredata.html
npri-2038-2023-96,2023,compb4e31bc7,56-55-3,kg,Fleuve Saint-Laurent,,QC-MAIN-52c01ae4,,,https://www.canada.ca/en/environment-climate-change/services/national-pollutant-release-inventory/tools-resources-data/exploredata.html
npri-2038-2023-97,2023,compb4e31bc7,50-32-8,kg,Fleuve Saint-Laurent,,QC-MAIN-52c01ae4,,,https://www.canada.ca/en/environment-climate-change/services/national-pollutant-release-inventory/tools-resources-data/exploredata.html
npri-2038-2023-98,2023,compb4e31bc7,205-99-2,kg,Fleuve Saint-Laurent,,QC-MAIN-52c01ae4,,,https://www.canada.ca/en/environment-climate-change/services/national-pollutant-release-inventory/tools-resources-data/exploredata.html
npri-2038-2023-99,2023,compb4e31bc7,205-82-3,kg,Fleuve Saint-Laurent,,QC-MAIN-52c01ae4,,,https://www.canada.ca/en/environment-climate-change/services/national-pollutant-release-inventory/tools-resources-data/exploredata.html
npri-2038-2023-100,2023,compb4e31bc7,207-08-9,kg,Fleuve Saint-Laurent,,QC-MAIN-52c01ae4,,,https://www.canada.ca/en/environment-climate-change/services/national-pollutant-release-inventory/tools-resources-data/exploredata.html
npri-2038-2023-101,2023,compb4e31bc7,218-01-9,kg,Fleuve Saint-Laurent,,QC-MAIN-52c01ae4,,,https://www.canada.ca/en/environment-climate-change/services/national-pollutant-release-inventory/tools-resources-data/exploredata.html
npri-2038-2023-102,2023,compb4e31bc7,189-55-9,kg,Fleuve Saint-Laurent,,QC-MAIN-52c01ae4,,,https://www.canada.ca/en/environment-climate-change/services/national-pollutant-release-inventory/tools-resources-data/exploredata.html
npri-2038-2023-103,2023,compb4e31bc7,193-39-5,kg,Fleuve Saint-Laurent,,QC-MAIN-52c01ae4,,,https://www.canada.ca/en/environment-climate-change/services/national-pollutant-release-inventory/tools-resources-data/exploredata.html
npri-3406-2023-90,2023,compb4e31bc7,56-55-3,kg,Rivière Saguenay,,QC-MAIN-c1c7eb99,,,https://www.canada.ca/en/environment-climate-change/services/national-pollutant-release-inventory/tools-resources-data/exploredata.html
npri-27853-2023-72,2023,compb4e31bc7,56-55-3,kg,Rivière Saguenay,,QC-MAIN-c1c7eb99,,,https://www.canada.ca/en/environment-climate-change/services/national-pollutant-release-inventory/tools-resources-data/exploredata.html
npri-3406-2023-91,2023,compb4e31bc7,50-32-8,kg,Rivière Saguenay,,QC-MAIN-c1c7eb99,,,https://www.canada.ca/en/environment-climate-change/services/national-pollutant-release-inventory/tools-resources-data/exploredata.html
npri-27853-2023-73,2023,compb4e31bc7,50-32-8,kg,Rivière Saguenay,,QC-MAIN-c1c7eb99,,,https://www.canada.ca/en/environment-climate-change/services/national-pollutant-release-inventory/tools-resources-data/exploredata.html
npri-27853-2023-74,2023,compb4e31bc7,205-99-2,kg,Rivière Saguenay,,QC-MAIN-c1c7eb99,,,https://www.canada.ca/en/environment-climate-change/services/national-pollutant-release-inventory/tools-resources-data/exploredata.html
npri-3406-2023-92,2023,compb4e31bc7,218-01-9,kg,Rivière Saguenay,,QC-MAIN-c1c7eb99,,,https://www.canada.ca/en/environment-climate-change/services/national-pollutant-release-inventory/tools-resources-data/exploredata.html
npri-27853-2023-75,2023,compb4e31bc7,218-01-9,kg,Rivière Saguenay,,QC-MAIN-c1c7eb99,,,https://www.canada.ca/en/environment-climate-change/services/national-pollutant-release-inventory/tools-resources-data/exploredata.html
npri-27853-2023-76,2023,compb4e31bc7,206-44-0,kg,Rivière Saguenay,,QC-MAIN-c1c7eb99,,,https://www.canada.ca/en/environment-climate-change/services/national-pollutant-release-inventory/tools-resources-data/exploredata.html
npri-3406-2023-93,2023,compb4e31bc7,193-39-5,kg,Rivière Saguenay,,QC-MAIN-c1c7eb99,,,https://www.canada.ca/en/environment-climate-change/services/national-pollutant-release-inventory/tools-resources-data/exploredata.html
npri-27853-2023-77,2023,compb4e31bc7,193-39-5,kg,Rivière Saguenay,,QC-MAIN-c1c7eb99,,,https://www.canada.ca/en/environment-climate-change/services/national-pollutant-release-inventory/tools-resources-data/exploredata.html
npri-27853-2023-78,2023,compb4e31bc7,85-01-8,kg,Rivière Saguenay,,QC-MAIN-c1c7eb99,,,https://www.canada.ca/en/environment-climate-change/services/national-pollutant-release-inventory/tools-resources-data/exploredata.html
npri-27853-2023-79,2023,compb4e31bc7,129-00-0,kg,Rivière Saguenay,,QC-MAIN-c1c7eb99,,,https://www.canada.ca/en/environment-climate-change/services/national-pollutant-release-inventory/tools-resources-data/exploredata.html
npri-3855-2023-183,2023,compb4e31bc7,NA - 16,tonnes,Lake Erie,,ON-MAIN-b2e5c9bb,,,https://www.canada.ca/en/environment-climate-change/services/national-pollutant-release-inventory/tools-resources-data/exploredata.html
npri-3855-2023-184,2023,compb4e31bc7,56-55-3,kg,Lake Erie,,ON-MAIN-b2e5c9bb,,,https://www.canada.ca/en/environment-climate-change/services/national-pollutant-release-inventory/tools-resources-data/exploredata.html
npri-3855-2023-185,2023,compb4e31bc7,71-43-2,tonnes,Lake Erie,,ON-MAIN-b2e5c9bb,,,https://www.canada.ca/en/environment-climate-change/services/national-pollutant-release-inventory/tools-resources-data/exploredata.html
npri-2984-2023-156,2023,compb4e31bc7,50-32-8,kg,Hamilton Harbour,,ON-MAIN-020a683c,,,https://www.canada.ca/en/environment-climate-change/services/national-pollutant-release-inventory/tools-resources-data/exploredata.html
npri-3855-2023-186,2023,compb4e31bc7,50-32-8,kg,Lake Erie,,ON-MAIN-b2e5c9bb,,,https://www.canada.ca/en/environment-climate-change/services/national-pollutant-release-inventory/tools-resources-data/exploredata.html
npri-3855-2023-187,2023,compb4e31bc7,205-99-2,kg,Lake Erie,,ON-MAIN-b2e5c9bb,,,https://www.canada.ca/en/environment-climate-change/services/national-pollutant-release-inventory/tools-resources-data/exploredata.html
npri-3855-2023-188,2023,compb4e31bc7,191-24-2,kg,Lake Erie,,ON-MAIN-b2e5c9bb,,,https://www.canada.ca/en/environment-climate-change/services/national-pollutant-release-inventory/tools-resources-data/exploredata.html
npri-3855-2023-189,2023,compb4e31bc7,205-82-3,kg,Lake Erie,,ON-MAIN-b2e5c9bb,,,https://www.canada.ca/en/environment-climate-change/services/national-pollutant-release-inventory/tools-resources-data/exploredata.html
npri-3855-2023-190,2023,compb4e31bc7,207-08-9,kg,Lake Erie,,ON-MAIN-b2e5c9bb,,,https://www.canada.ca/en/environment-climate-change/services/national-pollutant-release-inventory/tools-resources-data/exploredata.html
npri-3855-2023-191,2023,compb4e31bc7,NA - 03,kg,Lake Erie,,ON-MAIN-b2e5c9bb,,,https://www.canada.ca/en/environment-climate-change/services/national-pollutant-release-inventory/tools-resources-data/exploredata.html
npri-3855-2023-192,2023,compb4e31bc7,7789-75-5,tonnes,Lake Erie,,ON-MAIN-b2e5c9bb,,,https://www.canada.ca/en/environment-climate-change/services/national-pollutant-release-inventory/tools-resources-data/exploredata.html
npri-2984-2023-157,2023,compb4e31bc7,NA - 04,tonnes,Hamilton Harbour,,ON-MAIN-020a683c,,,https://www.canada.ca/en/environment-climate-change/services/national-pollutant-release-inventory/tools-resources-data/exploredata.html
npri-3855-2023-193,2023,compb4e31bc7,218-01-9,kg,Lake Erie,,ON-MAIN-b2e5c9bb,,,https://www.canada.ca/en/environment-climate-change/services/national-pollutant-release-inventory/tools-resources-data/exploredata.html
npri-3855-2023-194,2023,compb4e31bc7,53-70-3,kg,Lake Erie,,ON-MAIN-b2e5c9bb,,,https://www.canada.ca/en/environment-climate-change/services/national-pollutant-release-inventory/tools-resources-data/exploredata.html
npri-3855-2023-195,2023,compb4e31bc7,189-55-9,kg,Lake Erie,,ON-MAIN-b2e5c9bb,,,https://www.canada.ca/en/environment-climate-change/services/national-pollutant-release-inventory/tools-resources-data/exploredata.html
npri-3855-2023-196,2023,compb4e31bc7,206-44-0,kg,Lake Erie,,ON-MAIN-b2e5c9bb,,,https://www.canada.ca/en/environment-climate-change/services/national-pollutant-release-inventory/tools-resources-data/exploredata.html
npri-3855-2023-197,2023,compb4e31bc7,193-39-5,kg,Lake Erie,,ON-MAIN-b2e5c9bb,,,https://www.canada.ca/en/environment-climate-change/services/national-pollutant-release-inventory/tools-resources-data/exploredata.html
npri-2984-2023-158,2023,compb4e31bc7,NA - 08,kg,Hamilton Harbour,,ON-MAIN-020a683c,,,https://www.canada.ca/en/environment-climate-change/services/national-pollutant-release-inventory/tools-resources-data/exploredata.html
npri-3855-2023-198,2023,compb4e31bc7,NA - 08,kg,Lake Erie,,ON-MAIN-b2e5c9bb,,,https://www.canada.ca/en/environment-climate-change/services/national-pollutant-release-inventory/tools-resources-data/exploredata.html
npri-2984-2023-159,2023,compb4e31bc7,91-20-3,tonnes,Hamilton Harbour,,ON-MAIN-020a683c,,,https://www.canada.ca/en/environment-climate-change/services/national-pollutant-release-inventory/tools-resources-data/exploredata.html
npri-3855-2023-199,2023,compb4e31bc7,198-55-0,kg,Lake Erie,,ON-MAIN-b2e5c9bb,,,https://www.canada.ca/en/environment-climate-change/services/national-pollutant-release-inventory/tools-resources-data/exploredata.html
npri-3855-2023-200,2023,compb4e31bc7,85-01-8,kg,Lake Erie,,ON-MAIN-b2e5c9bb,,,https://www.canada.ca/en/environment-climate-change/services/national-pollutant-release-inventory/tools-resources-data/exploredata.html
npri-2984-2023-160,2023,compb4e31bc7,NA - 22,tonnes,Hamilton Harbour,,ON-MAIN-020a683c,,,https://www.canada.ca/en/environment-climate-change/services/national-pollutant-release-inventory/tools-resources-data/exploredata.html
npri-3855-2023-201,2023,compb4e31bc7,129-00-0,kg,Lake Erie,,ON-MAIN-b2e5c9bb,,,https://www.canada.ca/en/environment-climate-change/services/national-pollutant-release-inventory/tools-resources-data/exploredata.html
npri-3855-2023-202,2023,compb4e31bc7,71-43-2,tonnes,Lake Erie,,ON-MAIN-b2e5c9bb,,,https://www.canada.ca/en/environment-climate-change/services/national-pollutant-release-inventory/tools-resources-data/exploredata.html
npri-2984-2023-161,2023,compb4e31bc7,NA - 14,tonnes,Hamilton Harbour,,ON-MAIN-020a683c,,,https://www.canada.ca/en/environment-climate-change/services/national-pollutant-release-inventory/tools-resources-data/exploredata.html
npri-3802-2023-106,2023,compb4e31bc7,NA - 16,tonnes,Columbia River,,BC-MAIN-3bb6b7cd,,,https://www.canada.ca/en/environment-climate-change/services/national-pollutant-release-inventory/tools-resources-data/exploredata.html
npri-3802-2023-107,2023,compb4e31bc7,NA - 01,tonnes,Columbia River,,BC-MAIN-3bb6b7cd,,,https://www.canada.ca/en/environment-climate-change/services/national-pollutant-release-inventory/tools-resources-data/exploredata.html
npri-3802-2023-108,2023,compb4e31bc7,NA - 02,kg,Columbia River,,BC-MAIN-3bb6b7cd,,,https://www.canada.ca/en/environment-climate-change/services/national-pollutant-release-inventory/tools-resources-data/exploredata.html
npri-3802-2023-109,2023,compb4e31bc7,NA - 03,kg,Columbia River,,BC-MAIN-3bb6b7cd,,,https://www.canada.ca/en/environment-climate-change/services/national-pollutant-release-inventory/tools-resources-data/exploredata.html
npri-3802-2023-110,2023,compb4e31bc7,NA - 06,tonnes,Columbia River,,BC-MAIN-3bb6b7cd,,,https://www.canada.ca/en/environment-climate-change/services/national-pollutant-release-inventory/tools-resources-data/exploredata.html
npri-3802-2023-111,2023,compb4e31bc7,NA - 08,kg,Columbia River,,BC-MAIN-3bb6b7cd,,,https://www.canada.ca/en/environment-climate-change/services/national-pollutant-release-inventory/tools-resources-data/exploredata.html
npri-3802-2023-112,2023,compb4e31bc7,NA - 09,tonnes,Columbia River,,BC-MAIN-3bb6b7cd,,,https://www.canada.ca/en/environment-climate-change/services/national-pollutant-release-inventory/tools-resources-data/exploredata.html
npri-3802-2023-113,2023,compb4e31bc7,NA - 10,kg,Columbia River,,BC-MAIN-3bb6b7cd,,,https://www.canada.ca/en/environment-climate-change/services/national-pollutant-release-inventory/tools-resources-data/exploredata.html
npri-3802-2023-114,2023,compb4e31bc7,NA - 17,tonnes,Columbia River,,BC-MAIN-3bb6b7cd,,,https://www.canada.ca/en/environment-climate-change/services/national-pollutant-release-inventory/tools-resources-data/exploredata.html
npri-3802-2023-115,2023,compb4e31bc7,NA - 12,kg,Columbia River,,BC-MAIN-3bb6b7cd,,,https://www.canada.ca/en/environment-climate-change/services/national-pollutant-release-inventory/tools-resources-data/exploredata.html
npri-3802-2023-116,2023,compb4e31bc7,NA - 37,kg,Columbia River,,BC-MAIN-3bb6b7cd,,,https://www.canada.ca/en/environment-climate-change/services/national-pollutant-release-inventory/tools-resources-data/exploredata.html
npri-3802-2023-117,2023,compb4e31bc7,NA - 14,tonnes,Columbia River,,BC-MAIN-3bb6b7cd,,,https://www.canada.ca/en/environment-climate-change/services/national-pollutant-release-inventory/tools-resources-data/exploredata.html
npri-1471-2023-48,2023,compb4e31bc7,NA - 02,kg,Lake Erie,,ON-MAIN-2e13aaa0,,,https://www.canada.ca/en/environment-climate-change/services/national-pollutant-release-inventory/tools-resources-data/exploredata.html
npri-1471-2023-49,2023,compb4e31bc7,NA - 03,kg,Lake Erie,,ON-MAIN-2e13aaa0,,,https://www.canada.ca/en/environment-climate-change/services/national-pollutant-release-inventory/tools-resources-data/exploredata.html
npri-1471-2023-50,2023,compb4e31bc7,NA - 05,kg,Lake Erie,,ON-MAIN-2e13aaa0,,,https://www.canada.ca/en/environment-climate-change/services/national-pollutant-release-inventory/tools-resources-data/exploredata.html
npri-1471-2023-51,2023,compb4e31bc7,NA - 06,tonnes,Lake Erie,,ON-MAIN-2e13aaa0,,,https://www.canada.ca/en/environment-climate-change/services/national-pollutant-release-inventory/tools-resources-data/exploredata.html
npri-1471-2023-52,2023,compb4e31bc7,NA - 08,kg,Lake Erie,,ON-MAIN-2e13aaa0,,,https://www.canada.ca/en/environment-climate-change/services/national-pollutant-release-inventory/tools-resources-data/exploredata.html
npri-1471-2023-53,2023,compb4e31bc7,NA - 11,tonnes,Lake Erie,,ON-MAIN-2e13aaa0,,,https://www.canada.ca/en/environment-climate-change/services/national-pollutant-release-inventory/tools-resources-data/exploredata.html
npri-1471-2023-54,2023,compb4e31bc7,NA - 12,kg,Lake Erie,,ON-MAIN-2e13aaa0,,,https://www.canada.ca/en/environment-climate-change/services/national-pollutant-release-inventory/tools-resources-data/exploredata.html
npri-28761-2023-45,2023,compb4e31bc7,NA - 06,tonnes,Long Harbour,,NL-MAIN-d9036091,,,https://www.canada.ca/en/environment-climate-change/services/national-pollutant-release-inventory/tools-resources-data/exploredata.html
npri-28761-2023-46,2023,compb4e31bc7,NA - 08,kg,Long Harbour,,NL-MAIN-d9036091,,,https://www.canada.ca/en/environment-climate-change/services/national-pollutant-release-inventory/tools-resources-data/exploredata.html
npri-28761-2023-47,2023,compb4e31bc7,NA - 11,tonnes,Long Harbour,,NL-MAIN-d9036091,,,https://www.canada.ca/en/environment-climate-change/services/national-pollutant-release-inventory/tools-resources-data/exploredata.html
npri-28761-2023-48,2023,compb4e31bc7,NA - 14,tonnes,Long Harbour,,NL-MAIN-d9036091,,,https://www.canada.ca/en/environment-climate-change/services/national-pollutant-release-inventory/tools-resources-data/exploredata.html
npri-2740-2023-106,2023,comp4fceff4c,NA - 14,tonnes,0.012,,SK-MAIN-26b9aaf3,,,https://www.canada.ca/en/environment-climate-change/services/national-pollutant-release-inventory/tools-resources-data/exploredata.html
npri-3802-2023-118,2023,comp4fceff4c,NA - 16,tonnes,2.2958,,BC-MAIN-3bb6b7cd,,,https://www.canada.ca/en/environment-climate-change/services/national-pollutant-release-inventory/tools-resources-data/exploredata.html
npri-3802-2023-119,2023,comp4fceff4c,7664-93-9,tonnes,0.602641,,BC-MAIN-3bb6b7cd,,,https://www.canada.ca/en/environment-climate-change/services/national-pollutant-release-inventory/tools-resources-data/exploredata.html
npri-2740-2023-107,2023,comp3af7aa38,NA - 02,kg,0.7718,,SK-MAIN-26b9aaf3,,,https://www.canada.ca/en/environment-climate-change/services/national-pollutant-release-inventory/tools-resources-data/exploredata.html
npri-2740-2023-108,2023,comp3af7aa38,NA - 03,kg,0.01,,SK-MAIN-26b9aaf3,,,https://www.canada.ca/en/environment-climate-change/services/national-pollutant-release-inventory/tools-resources-data/exploredata.html
npri-2740-2023-109,2023,comp3af7aa38,NA - 05,kg,0.1503,,SK-MAIN-26b9aaf3,,,https://www.canada.ca/en/environment-climate-change/services/national-pollutant-release-inventory/tools-resources-data/exploredata.html
npri-2740-2023-110,2023,comp3af7aa38,NA - 08,kg,0.256,,SK-MAIN-26b9aaf3,,,https://www.canada.ca/en/environment-climate-change/services/national-pollutant-release-inventory/tools-resources-data/exploredata.html
npri-2740-2023-111,2023,comp3af7aa38,NA - 12,kg,0.0802,,SK-MAIN-26b9aaf3,,,https://www.canada.ca/en/environment-climate-change/services/national-pollutant-release-inventory/tools-resources-data/exploredata.html
npri-2740-2023-112,2023,comp3af7aa38,NA - 14,tonnes,0.0197,,SK-MAIN-26b9aaf3,,,https://www.canada.ca/en/environment-climate-change/services/national-pollutant-release-inventory/tools-resources-data/exploredata.html
GHG-10101-2023-1,2023,comp82641eec,NA - GHG,ktCO2eq,170.09,,NT-MAIN-6c1d6ee6,,,https://www.canada.ca/en/environment-climate-change/services/environmental-indicators/greenhouse-gas-emissions/large-facilities.html
GHG-10188-2023-1,2023,comp82641eec,NA - GHG,ktCO2eq,274.9,,QC-MAIN-084bd95c,,,https://www.canada.ca/en/environment-climate-change/services/environmental-indicators/greenhouse-gas-emissions/large-facilities.html
GHG-10240-2023-1,2023,comp82641eec,NA - GHG,ktCO2eq,158.0,,QC-MAIN-a97821c0,,,https://www.canada.ca/en/environment-climate-change/services/environmental-indicators/greenhouse-gas-emissions/large-facilities.html
GHG-10299-2023-1,2023,comp82641eec,NA - GHG,ktCO2eq,804.49,,QC-MAIN-e25eed27,,,https://www.canada.ca/en/environment-climate-change/services/environmental-indicators/greenhouse-gas-emissions/large-facilities.html
GHG-10350-2023-1,2023,comp82641eec,NA - GHG,ktCO2eq,110.5,,NL-MAIN-b64bae7a,,,https://www.canada.ca/en/environment-climate-change/services/environmental-indicators/greenhouse-gas-emissions/large-facilities.html
GHG-10381-2023-1,2023,comp82641eec,NA - GHG,ktCO2eq,172.62,,NT-MAIN-0ec39ce0,,,https://www.canada.ca/en/environment-climate-change/services/environmental-indicators/greenhouse-gas-emissions/large-facilities.html
GHG-10385-2023-1,2023,comp82641eec,NA - GHG,ktCO2eq,184.18,,BC-MAIN-bf503b6b,,,https://www.canada.ca/en/environment-climate-change/services/environmental-indicators/greenhouse-gas-emissions/large-facilities.html
GHG-10468-2023-1,2023,comp82641eec,NA - GHG,ktCO2eq,36.87,,ON-MAIN-fefeaee4,,,https://www.canada.ca/en/environment-climate-change/services/environmental-indicators/greenhouse-gas-emissions/large-facilities.html
GHG-10587-2023-1,2023,comp82641eec,NA - GHG,ktCO2eq,253.81,,NU-MAIN-730aefe3,,,https://www.canada.ca/en/environment-climate-change/services/environmental-indicators/greenhouse-gas-emissions/large-facilities.html
GHG-10589-2023-1,2023,comp82641eec,NA - GHG,ktCO2eq,49.31,,QC-MAIN-33c09b8b,,,https://www.canada.ca/en/environment-climate-change/services/environmental-indicators/greenhouse-gas-emissions/large-facilities.html
GHG-10613-2023-1,2023,comp82641eec,NA - GHG,ktCO2eq,49.47,,BC-MAIN-3f490561,,,https://www.canada.ca/en/environment-climate-change/services/environmental-indicators/greenhouse-gas-emissions/large-facilities.html
GHG-10617-2023-1,2023,comp82641eec,NA - GHG,ktCO2eq,25.32,,ON-MAIN-1f126a43,,,https://www.canada.ca/en/environment-climate-change/services/environmental-indicators/greenhouse-gas-emissions/large-facilities.html
GHG-10669-2023-1,2023,comp82641eec,NA - GHG,ktCO2eq,195.81,,QC-MAIN-e7e6a960,,,https://www.canada.ca/en/environment-climate-change/services/environmental-indicators/greenhouse-gas-emissions/large-facilities.html
GHG-10679-2023-1,2023,comp82641eec,NA - GHG,ktCO2eq,129.51,,BC-MAIN-6b4800fe,,,https://www.canada.ca/en/environment-climate-change/services/environmental-indicators/greenhouse-gas-emissions/large-facilities.html
GHG-10765-2023-1,2023,comp82641eec,NA - GHG,ktCO2eq,294.61,,ON-MAIN-aeafbb59,,,https://www.canada.ca/en/environment-climate-change/services/environmental-indicators/greenhouse-gas-emissions/large-facilities.html
GHG-10785-2023-1,2023,comp82641eec,NA - GHG,ktCO2eq,34.05,,BC-MAIN-23155c25,,,https://www.canada.ca/en/environment-climate-change/services/environmental-indicators/greenhouse-gas-emissions/large-facilities.html
GHG-10873-2023-1,2023,comp82641eec,NA - GHG,ktCO2eq,27.34,,BC-MAIN-857b7b89,,,https://www.canada.ca/en/environment-climate-change/services/environmental-indicators/greenhouse-gas-emissions/large-facilities.html
GHG-10907-2023-1,2023,comp82641eec,NA - GHG,ktCO2eq,12.48,,QC-MAIN-a555d9b9,,,https://www.canada.ca/en/environment-climate-change/services/environmental-indicators/greenhouse-gas-emissions/large-facilities.html
GHG-10913-2023-1,2023,comp82641eec,NA - GHG,ktCO2eq,39.0,,SK-MAIN-bb89158f,,,https://www.canada.ca/en/environment-climate-change/services/environmental-indicators/greenhouse-gas-emissions/large-facilities.html
GHG-10922-2023-1,2023,comp82641eec,NA - GHG,ktCO2eq,22.36,,SK-MAIN-d3c471e8,,,https://www.canada.ca/en/environment-climate-change/services/environmental-indicators/greenhouse-gas-emissions/large-facilities.html
GHG-10923-2023-1,2023,comp82641eec,NA - GHG,ktCO2eq,20.01,,SK-MAIN-91cf5448,,,https://www.canada.ca/en/environment-climate-change/services/environmental-indicators/greenhouse-gas-emissions/large-facilities.html
GHG-10924-2023-1,2023,comp82641eec,NA - GHG,ktCO2eq,53.78,,ON-MAIN-3b3e5365,,,https://www.canada.ca/en/environment-climate-change/services/environmental-indicators/greenhouse-gas-emissions/large-facilities.html
GHG-10929-2023-1,2023,comp82641eec,NA - GHG,ktCO2eq,12.42,,ON-MAIN-f3e6ff08,,,https://www.canada.ca/en/environment-climate-change/services/environmental-indicators/greenhouse-gas-emissions/large-facilities.html
GHG-10931-2023-1,2023,comp82641eec,NA - GHG,ktCO2eq,12.15,,ON-MAIN-bfbcd72e,,,https://www.canada.ca/en/environment-climate-change/services/environmental-indicators/greenhouse-gas-emissions/large-facilities.html
GHG-11375-2023-1,2023,comp82641eec,NA - GHG,ktCO2eq,21.63,,ON-MAIN-7607a50e,,,https://www.canada.ca/en/environment-climate-change/services/environmental-indicators/greenhouse-gas-emissions/large-facilities.html
GHG-11496-2023-1,2023,comp82641eec,NA - GHG,ktCO2eq,124.99,,ON-MAIN-0aadf28f,,,https://www.canada.ca/en/environment-climate-change/services/environmental-indicators/greenhouse-gas-emissions/large-facilities.html
GHG-11519-2023-1,2023,comp82641eec,NA - GHG,ktCO2eq,57.68,,QC-MAIN-3032c251,,,https://www.canada.ca/en/environment-climate-change/services/environmental-indicators/greenhouse-gas-emissions/large-facilities.html
GHG-11736-2023-1,2023,comp82641eec,NA - GHG,ktCO2eq,27.25,,QC-MAIN-dc1a16f9,,,https://www.canada.ca/en/environment-climate-change/services/environmental-indicators/greenhouse-gas-emissions/large-facilities.html
GHG-11770-2023-1,2023,comp82641eec,NA - GHG,ktCO2eq,14.21,,QC-MAIN-c0660aec,,,https://www.canada.ca/en/environment-climate-change/services/environmental-indicators/greenhouse-gas-emissions/large-facilities.html
GHG-11894-2023-1,2023,comp82641eec,NA - GHG,ktCO2eq,70.4,,BC-MAIN-599152a0,,,https://www.canada.ca/en/environment-climate-change/services/environmental-indicators/greenhouse-gas-emissions/large-facilities.html
GHG-11951-2023-1,2023,comp82641eec,NA - GHG,ktCO2eq,26.8,,ON-MAIN-7f050560,,,https://www.canada.ca/en/environment-climate-change/services/environmental-indicators/greenhouse-gas-emissions/large-facilities.html
GHG-12553-2023-1,2023,comp82641eec,NA - GHG,ktCO2eq,95.7,,BC-MAIN-8eb8be0d,,,https://www.canada.ca/en/environment-climate-change/services/environmental-indicators/greenhouse-gas-emissions/large-facilities.html
GHG-10011-2023-1,2023,comp82641eec,NA - GHG,ktCO2eq,4292.17,,ON-MAIN-eab8c362,,,https://www.canada.ca/en/environment-climate-change/services/environmental-indicators/greenhouse-gas-emissions/large-facilities.html
GHG-10012-2023-1,2023,comp82641eec,NA - GHG,ktCO2eq,1108.31,,QC-MAIN-8d6616b4,,,https://www.canada.ca/en/environment-climate-change/services/environmental-indicators/greenhouse-gas-emissions/large-facilities.html
GHG-10013-2023-1,2023,comp82641eec,NA - GHG,ktCO2eq,537.95,,QC-MAIN-52c01ae4,,,https://www.canada.ca/en/environment-climate-change/services/environmental-indicators/greenhouse-gas-emissions/large-facilities.html
GHG-10014-2023-1,2023,comp82641eec,NA - GHG,ktCO2eq,819.81,,QC-MAIN-c8966bdc,,,https://www.canada.ca/en/environment-climate-change/services/environmental-indicators/greenhouse-gas-emissions/large-facilities.html
GHG-10091-2023-1,2023,comp82641eec,NA - GHG,ktCO2eq,4168.28,,ON-MAIN-4c35e094,,,https://www.canada.ca/en/environment-climate-change/services/environmental-indicators/greenhouse-gas-emissions/large-facilities.html
GHG-10103-2023-1,2023,comp82641eec,NA - GHG,ktCO2eq,115.96,,QC-MAIN-5398dfac,,,https://www.canada.ca/en/environment-climate-change/services/environmental-indicators/greenhouse-gas-emissions/large-facilities.html
GHG-10128-2023-1,2023,comp82641eec,NA - GHG,ktCO2eq,97.16,,ON-MAIN-21b6ab35,,,https://www.canada.ca/en/environment-climate-change/services/environmental-indicators/greenhouse-gas-emissions/large-facilities.html
GHG-10150-2023-1,2023,comp82641eec,NA - GHG,ktCO2eq,213.77,,SK-MAIN-26b9aaf3,,,https://www.canada.ca/en/environment-climate-change/services/environmental-indicators/greenhouse-gas-emissions/large-facilities.html
GHG-10275-2023-1,2023,comp82641eec,NA - GHG,ktCO2eq,254.75,,ON-MAIN-020a683c,,,https://www.canada.ca/en/environment-climate-change/services/environmental-indicators/greenhouse-gas-emissions/large-facilities.html
GHG-10276-2023-1,2023,comp82641eec,NA - GHG,ktCO2eq,3781.72,,ON-MAIN-b2e5c9bb,,,https://www.canada.ca/en/environment-climate-change/services/environmental-indicators/greenhouse-gas-emissions/large-facilities.html
GHG-10289-2023-1,2023,comp82641eec,NA - GHG,ktCO2eq,372.86,,BC-MAIN-3bb6b7cd,,,https://www.canada.ca/en/environment-climate-change/services/environmental-indicators/greenhouse-gas-emissions/large-facilities.html
GHG-10295-2023-1,2023,comp82641eec,NA - GHG,ktCO2eq,925.45,,QC-MAIN-3aa117d8,,,https://www.canada.ca/en/environment-climate-change/services/environmental-indicators/greenhouse-gas-emissions/large-facilities.html
GHG-10296-2023-1,2023,comp82641eec,NA - GHG,ktCO2eq,657.78,,QC-MAIN-c1c7eb99,,,https://www.canada.ca/en/environment-climate-change/services/environmental-indicators/greenhouse-gas-emissions/large-facilities.html
GHG-10300-2023-1,2023,comp82641eec,NA - GHG,ktCO2eq,517.54,,QC-MAIN-eac5a52b,,,https://www.canada.ca/en/environment-climate-change/services/environmental-indicators/greenhouse-gas-emissions/large-facilities.html
GHG-10307-2023-1,2023,comp82641eec,NA - GHG,ktCO2eq,513.12,,QC-MAIN-c0e3a48b,,,https://www.canada.ca/en/environment-climate-change/services/environmental-indicators/greenhouse-gas-emissions/large-facilities.html
GHG-10398-2023-1,2023,comp82641eec,NA - GHG,ktCO2eq,110.33,,ON-MAIN-40ce0593,,,https://www.canada.ca/en/environment-climate-change/services/environmental-indicators/greenhouse-gas-emissions/large-facilities.html
GHG-10420-2023-1,2023,comp82641eec,NA - GHG,ktCO2eq,80.75,,AB-MAIN-9fed34a8,,,https://www.canada.ca/en/environment-climate-change/services/environmental-indicators/greenhouse-gas-emissions/large-facilities.html
GHG-10578-2023-1,2023,comp82641eec,NA - GHG,ktCO2eq,59.81,,QC-MAIN-529c96b4,,,https://www.canada.ca/en/environment-climate-change/services/environmental-indicators/greenhouse-gas-emissions/large-facilities.html
GHG-10579-2023-1,2023,comp82641eec,NA - GHG,ktCO2eq,120.89,,QC-MAIN-30c1828c,,,https://www.canada.ca/en/environment-climate-change/services/environmental-indicators/greenhouse-gas-emissions/large-facilities.html
GHG-10614-2023-1,2023,comp82641eec,NA - GHG,ktCO2eq,106.69,,ON-MAIN-fc6f1a44,,,https://www.canada.ca/en/environment-climate-change/services/environmental-indicators/greenhouse-gas-emissions/large-facilities.html
GHG-10678-2023-1,2023,comp82641eec,NA - GHG,ktCO2eq,45.26,,MB-MAIN-b4ca1426,,,https://www.canada.ca/en/environment-climate-change/services/environmental-indicators/greenhouse-gas-emissions/large-facilities.html
GHG-10738-2023-1,2023,comp82641eec,NA - GHG,ktCO2eq,14.78,,ON-MAIN-bddeaef0,,,https://www.canada.ca/en/environment-climate-change/services/environmental-indicators/greenhouse-gas-emissions/large-facilities.html
GHG-10791-2023-1,2023,comp82641eec,NA - GHG,ktCO2eq,104.88,,QC-MAIN-c1c7eb99,,,https://www.canada.ca/en/environment-climate-change/services/environmental-indicators/greenhouse-gas-emissions/large-facilities.html
GHG-10810-2023-1,2023,comp82641eec,NA - GHG,ktCO2eq,41.04,,NL-MAIN-d9036091,,,https://www.canada.ca/en/environment-climate-change/services/environmental-indicators/greenhouse-gas-emissions/large-facilities.html
GHG-11723-2023-1,2023,comp82641eec,NA - GHG,ktCO2eq,13.66,,ON-MAIN-2e13aaa0,,,https://www.canada.ca/en/environment-climate-change/services/environmental-indicators/greenhouse-gas-emissions/large-facilities.html
GHG-11730-2023-1,2023,comp82641eec,NA - GHG,ktCO2eq,406.65,,QC-MAIN-92628f16,,,https://www.canada.ca/en/environment-climate-change/services/environmental-indicators/greenhouse-gas-emissions/large-facilities.html
GHG-12298-2023-1,2023,comp82641eec,NA - GHG,ktCO2eq,325.43,,ON-MAIN-63b394c3,,,https://www.canada.ca/en/environment-climate-change/services/environmental-indicators/greenhouse-gas-emissions/large-facilities.html
ENV-7607a50e-2023-1,2023,comp82641eec,NA - GHG,CO2eq,20111,,ON-MAIN-7607a50e,-,,SRC_AlamosGoldInc_Data_2023
ENV-7607a50e-2023-2,2023,comp82641eec,NA - GHG,CO2eq,2785,,ON-MAIN-7607a50e,-,,SRC_AlamosGoldInc_Data_2023
ENV-7607a50e-2023-3,2023,comp82641eec,NA - GHG,CO2eq,72766,,ON-MAIN-7607a50e,-,,SRC_AlamosGoldInc_Data_2023
ENV-687b8c8d-2023-1,2023,comp82641eec,NA - GHG,CO2eq,21634,,ON-MAIN-687b8c8d,-,,SRC_AlamosGoldInc_Data_2023
ENV-687b8c8d-2023-2,2023,comp82641eec,NA - GHG,CO2eq,8006,,ON-MAIN-687b8c8d,-,,SRC_AlamosGoldInc_Data_2023
ENV-687b8c8d-2023-3,2023,comp82641eec,NA - GHG,CO2eq,98564,,ON-MAIN-687b8c8d,-,,SRC_AlamosGoldInc_Data_2023
ENV-CMP-140e111b-2023-1,2023,comp82641eec,NA - GHG,MtCO2eq,16.53,Operational control,-,-,CMP-140e111b,SRC_AlcoaCorporation_2023-Sustainability-Data-Book
ENV-CMP-140e111b-2023-2,2023,comp82641eec,NA - GHG,MtCO2eq,3.81,Operational control,-,-,CMP-140e111b,SRC_AlcoaCorporation_2023-Sustainability-Data-Book
ENV-CMP-140e111b-2023-3,2023,comp82641eec,NA - GHG,MtCO2eq,48.15,,-,-,CMP-140e111b,SRC_AlcoaCorporation_2023-Sustainability-Data-Book
ENV-CMP-0f9c0b53-2023-1,2023,comp82641eec,NA - GHG,tCO2eq,4281546,Data is provided on a fiscal year basis with the exception of GHG emissions and air quality data which are provided for the calendar year.,-,-,CMP-0f9c0b53,SRC_AlgomaSteelInc._ESG_2024
ENV-CMP-0f9c0b53-2023-2,2023,comp82641eec,NA - GHG,tCO2eq,24877,,-,-,CMP-0f9c0b53,SRC_AlgomaSteelInc._ESG_2023
ENV-CMP-3775c12e-2023-1,2023,comp82641eec,NA - GHG,MtCO2eq,114.3,,-,-,CMP-3775c12e,SRC_ArcelorMittal_IR_2023
ENV-5154702a-2023-1,2023,comp82641eec,NA - GHG,tCO2eq,168888,,NU-MAIN-5154702a,-,,SRC_BaffinlandIronMinesCorporation_AR_2023
ENV-6e9be24e-2023-1,2023,comp82641eec,NA - GHG,CO2eq?,20000,,ON-MAIN-6e9be24e,-,,SRC_BarrickGoldCorporation_Barrick_2023_Performance-Data
ENV-6e9be24e-2023-2,2023,comp82641eec,NA - GHG,CO2eq?,5000,,ON-MAIN-6e9be24e,-,,SRC_BarrickGoldCorporation_Barrick_2023_Performance-Data
ENV-CMP-cadb529a-2023-1,2023,comp82641eec,NA - GHG,tCO2eq,128673.34995299703,operational control,-,-,CMP-cadb529a,SRC_CamecoCorporation_Cameco_2023_Sustainability_Report_Performance_Table_0
ENV-CMP-cadb529a-2023-2,2023,comp82641eec,NA - GHG,tCO2eq,185858.51145925134,operational control,-,-,CMP-cadb529a,SRC_CamecoCorporation_Cameco_2023_Sustainability_Report_Performance_Table_0
ENV-CMP-cadb529a-2023-3,2023,comp82641eec,NA - GHG,tCO2eq,500000,operational control,-,-,CMP-cadb529a,SRC_CamecoCorporation_Cameco_2023_Sustainability_Report_Performance_Table_0
ENV-5ce331b8-2023-1,2023,comp82641eec,NA - GHG,tCO2eq,107000,,QC-MAIN-5ce331b8,-,,SRC_CanadianRoyaltiesInc._Rapport_Objectif_Emissions_GES_2023_EN
ENV-5ce331b8-2023-2,2023,comp82641eec,NA - GHG,tCO2eq,23,,QC-MAIN-5ce331b8,-,,SRC_CanadianRoyaltiesInc._Rapport_Objectif_Emissions_GES_2023_EN
ENV-5ce331b8-2023-3,2023,comp82641eec,NA - GHG,tCO2eq,40900,,QC-MAIN-5ce331b8,-,,SRC_CanadianRoyaltiesInc._Rapport_Objectif_Emissions_GES_2023_EN
ENV-5ce331b8-2023-4,2023,comp82641eec,NA - GHG,tCO2eq,16104,,QC-MAIN-5ce331b8,-,,SRC_CanadianRoyaltiesInc._Rapport_Objectif_Emissions_GES_2023_EN
ENV-5ce331b8-2023-5,2023,comp82641eec,NA - GHG,tCO2eq,79822,,QC-MAIN-5ce331b8,-,,SRC_CanadianRoyaltiesInc._Rapport_Objectif_Emissions_GES_2023_EN
ENV-5ce331b8-2023-6,2023,comp82641eec,NA - GHG,tCO2eq,17132,,QC-MAIN-5ce331b8,-,,SRC_CanadianRoyaltiesInc._Rapport_Objectif_Emissions_GES_2023_EN
ENV-5ce331b8-2023-7,2023,comp82641eec,NA - GHG,tCO2eq,32755,,QC-MAIN-5ce331b8,-,,SRC_CanadianRoyaltiesInc._Rapport_Objectif_Emissions_GES_2023_EN
ENV-5ce331b8-2023-8,2023,comp82641eec,NA - GHG,tCO2eq,704,,QC-MAIN-5ce331b8,-,,SRC_CanadianRoyaltiesInc._Rapport_Objectif_Emissions_GES_2023_EN
ENV-5ce331b8-2023-9,2023,comp82641eec,NA - GHG,tCO2eq,61,,QC-MAIN-5ce331b8,-,,SRC_CanadianRoyaltiesInc._Rapport_Objectif_Emissions_GES_2023_EN
ENV-ed23117f-2023-1,2023,comp82641eec,NA - GHG,tCO2eq,72492,,BC-MAIN-ed23117f,-,,SRC_CenterraGoldInc_Data
ENV-ed23117f-2023-2,2023,comp82641eec,NA - GHG,tCO2eq,7075,,BC-MAIN-ed23117f,-,,SRC_CenterraGoldInc_Data
ENV-CMP-c08ac7d7-2024-1,2024,comp82641eec,NA - GHG,tCO2eq,125617,,-,-,CMP-c08ac7d7,SRC_ChampionIronLtd_cil-23sr-esg-databookvf
ENV-CMP-c08ac7d7-2024-2,2024,comp82641eec,NA - GHG,tCO2eq,1169,,-,-,CMP-c08ac7d7,SRC_ChampionIronLtd_cil-23sr-esg-databookvf
ENV-CMP-d899f7d7-2023-1,2023,comp82641eec,NA - GHG,MtCO2eq,0.8,,-,-,CMP-d899f7d7,SRC_DeBeersCanadaInc_SR_2023
ENV-CMP-d899f7d7-2023-2,2023,comp82641eec,NA - GHG,MtCO2eq,0.9,,-,-,CMP-d899f7d7,SRC_DeBeersCanadaInc_SR_2023
ENV-f9e41c2a-2023-1,2023,comp82641eec,NA - GHG,tCO2eq,18188,,QC-MAIN-f9e41c2a,-,,SRC_EldoradoGold_ESG_2023
ENV-f9e41c2a-2023-2,2023,comp82641eec,NA - GHG,tCO2eq,100,,QC-MAIN-f9e41c2a,-,,SRC_EldoradoGold_ESG_2023
ENV-7f050560-2024-1,2024,comp82641eec,NA - GHG,tCO2eq,25750.7471650174,,ON-MAIN-7f050560,-,,SRC_EvolutionMiningLtd_EVN_FY24-ESG-Performance-Data_web
ENV-7f050560-2024-2,2024,comp82641eec,NA - GHG,tCO2eq,7448.959330755,,ON-MAIN-7f050560,-,,SRC_EvolutionMiningLtd_EVN_FY24-ESG-Performance-Data_web
ENV-CMP-28720916-2021-1,2021,comp82641eec,NA - GHG,MtCO2eq,42.13,,-,-,CMP-28720916,SRC_EVRAZNorthAmericaInc_Databook_2021
ENV-CMP-28720916-2021-2,2021,comp82641eec,NA - GHG,MtCO2eq,40.17,,-,-,CMP-28720916,SRC_EVRAZNorthAmericaInc_Databook_2021
ENV-CMP-d5f1c66b-2023-1,2023,comp82641eec,NA - GHG,ktCO2eq,16717,,-,-,CMP-d5f1c66b,SRC_Glencore_GLEN-2023-ESG-Data-Book
ENV-CMP-d5f1c66b-2023-2,2023,comp82641eec,NA - GHG,ktCO2eq,0.04,,-,-,CMP-d5f1c66b,SRC_Glencore_GLEN-2023-ESG-Data-Book
ENV-CMP-d5f1c66b-2023-3,2023,comp82641eec,NA - GHG,ktCO2eq,1239,,-,-,CMP-d5f1c66b,SRC_Glencore_GLEN-2023-ESG-Data-Book
ENV-CMP-d5f1c66b-2023-4,2023,comp82641eec,NA - GHG,ktCO2eq,3390,,-,-,CMP-d5f1c66b,SRC_Glencore_GLEN-2023-ESG-Data-Book
ENV-CMP-d5f1c66b-2023-5,2023,comp82641eec,NA - GHG,ktCO2eq,3172,,-,-,CMP-d5f1c66b,SRC_Glencore_GLEN-2023-ESG-Data-Book
ENV-CMP-d5f1c66b-2023-6,2023,comp82641eec,NA - GHG,ktCO2eq,2357,,-,-,CMP-d5f1c66b,SRC_Glencore_GLEN-2023-ESG-Data-Book
ENV-CMP-d5f1c66b-2023-7,2023,comp82641eec,NA - GHG,ktCO2eq,593,,-,-,CMP-d5f1c66b,SRC_Glencore_GLEN-2023-ESG-Data-Book
ENV-CMP-d5f1c66b-2023-8,2023,comp82641eec,NA - GHG,ktCO2eq,9663,,-,-,CMP-d5f1c66b,SRC_Glencore_GLEN-2023-ESG-Data-Book
ENV-CMP-d5f1c66b-2023-9,2023,comp82641eec,NA - GHG,ktCO2eq,10331,,-,-,CMP-d5f1c66b,SRC_Glencore_GLEN-2023-ESG-Data-Book
ENV-CMP-d5f1c66b-2023-10,2023,comp82641eec,NA - GHG,ktCO2eq,-,,-,-,CMP-d5f1c66b,SRC_Glencore_GLEN-2023-ESG-Data-Book
ENV-CMP-d5f1c66b-2023-11,2023,comp82641eec,NA - GHG,ktCO2eq,304,,-,-,CMP-d5f1c66b,SRC_Glencore_GLEN-2023-ESG-Data-Book
ENV-CMP-d5f1c66b-2023-12,2023,comp82641eec,NA - GHG,ktCO2eq,5220,,-,-,CMP-d5f1c66b,SRC_Glencore_GLEN-2023-ESG-Data-Book
ENV-CMP-d5f1c66b-2023-13,2023,comp82641eec,NA - GHG,ktCO2eq,322,,-,-,CMP-d5f1c66b,SRC_Glencore_GLEN-2023-ESG-Data-Book
ENV-CMP-d5f1c66b-2023-14,2023,comp82641eec,NA - GHG,ktCO2eq,3190,,-,-,CMP-d5f1c66b,SRC_Glencore_GLEN-2023-ESG-Data-Book
ENV-CMP-d5f1c66b-2023-15,2023,comp82641eec,NA - GHG,ktCO2eq,37,,-,-,CMP-d5f1c66b,SRC_Glencore_GLEN-2023-ESG-Data-Book
ENV-CMP-d5f1c66b-2023-16,2023,comp82641eec,NA - GHG,ktCO2eq,405760,,-,-,CMP-d5f1c66b,SRC_Glencore_GLEN-2023-ESG-Data-Book
ENV-CMP-7e360a1f-2023-1,2023,comp82641eec,NA - GHG,tCO2eq,65345,,-,-,CMP-7e360a1f,SRC_HeclaMiningCompany_SR_2023
ENV-CMP-7e360a1f-2023-2,2023,comp82641eec,NA - GHG,tCO2eq (biogenic),1352,,-,-,CMP-7e360a1f,SRC_HeclaMiningCompany_SR_2023
ENV-CMP-7e360a1f-2023-3,2023,comp82641eec,NA - GHG,tCO2eq,19504,,-,-,CMP-7e360a1f,SRC_HeclaMiningCompany_SR_2023
ENV-44857446-2023-1,2023,comp82641eec,NA - GHG,tCO2eq,33340,,YT-MAIN-44857446,-,,SRC_HeclaMiningCompany_SR_2023
ENV-44857446-2023-2,2023,comp82641eec,NA - GHG,tCO2eq,179,,YT-MAIN-44857446,-,,SRC_HeclaMiningCompany_SR_2023
ENV-b86f7d07-2023-1,2023,comp82641eec,NA - GHG,tCO2eq,7271,,QC-MAIN-b86f7d07,-,,SRC_HeclaMiningCompany_SR_2023
ENV-b86f7d07-2023-2,2023,comp82641eec,NA - GHG,tCO2eq,1408,,QC-MAIN-b86f7d07,-,,SRC_HeclaMiningCompany_SR_2023
ENV-599152a0-2023-1,2023,comp82641eec,NA - GHG,ktCO2eq,67,,BC-MAIN-599152a0,-,,SRC_HudbayMineralsInc_Hudbay-2023-Integrated-Annual-Report-Performance-Data
ENV-599152a0-2023-2,2023,comp82641eec,NA - GHG,ktCO2eq,8,,BC-MAIN-599152a0,-,,SRC_HudbayMineralsInc_Hudbay-2023-Integrated-Annual-Report-Performance-Data
ENV-GRP-a13779f8-2023-1,2023,comp82641eec,NA - GHG,ktCO2eq,28,,-,GRP-a13779f8,,SRC_HudbayMineralsInc_Hudbay-2023-Integrated-Annual-Report-Performance-Data
ENV-GRP-a13779f8-2023-2,2023,comp82641eec,NA - GHG,ktCO2eq,1,,-,GRP-a13779f8,,SRC_HudbayMineralsInc_Hudbay-2023-Integrated-Annual-Report-Performance-Data
ENV-02884fb5-2023-1,2023,comp82641eec,NA - GHG,tCO2eq,18521.1,,QC-MAIN-02884fb5,-,,SRC_IAMGOLDCorporation_2023_iamgold-esg-performance-data-final_protected
ENV-02884fb5-2023-2,2023,comp82641eec,NA - GHG,tCO2eq,189.9,,QC-MAIN-02884fb5,-,,SRC_IAMGOLDCorporation_2023_iamgold-esg-performance-data-final_protected
ENV-a3c56a83-2023-1,2023,comp82641eec,NA - GHG,tCO2eq,59145,,ON-MAIN-a3c56a83,-,,SRC_ImpalaCanadaLtd_ESG_2024
ENV-a3c56a83-2023-2,2023,comp82641eec,NA - GHG,tCO2eq,13365,,ON-MAIN-a3c56a83,-,,SRC_ImpalaCanadaLtd_ESG_2024
ENV-dd723db4-2023-1,2023,comp82641eec,NA - GHG,tCO2eq,896,,NL-MAIN-dd723db4,-,,SRC_IronOreCompanyofCanadaInc_SR_2023
ENV-CMP-9abb4c27-2023-1,2023,comp82641eec,NA - GHG,tCO2eq,47753,,-,-,CMP-9abb4c27,SRC_MagrisPerformanceMaterials_SR_2023
ENV-CMP-9abb4c27-2023-2,2023,comp82641eec,NA - GHG,tCO2eq,11644,,-,-,CMP-9abb4c27,SRC_MagrisPerformanceMaterials_SR_2023
ENV-aa76f6f2-2023-1,2023,comp82641eec,NA - GHG,tCO2eq,15908.3,,BC-MAIN-aa76f6f2,-,,SRC_NewGoldInc_2023-New-Gold-ESG-Data-Factbook
ENV-aa76f6f2-2023-2,2023,comp82641eec,NA - GHG,tCO2eq,2326.7,,BC-MAIN-aa76f6f2,-,,SRC_NewGoldInc_2023-New-Gold-ESG-Data-Factbook
ENV-0aadf28f-2023-1,2023,comp82641eec,NA - GHG,tCO2eq,127029,,ON-MAIN-0aadf28f,-,,SRC_NewGoldInc_2023-New-Gold-ESG-Data-Factbook
ENV-0aadf28f-2023-2,2023,comp82641eec,NA - GHG,tCO2eq,12459,,ON-MAIN-0aadf28f,-,,SRC_NewGoldInc_2023-New-Gold-ESG-Data-Factbook
ENV-fefeaee4-2023-1,2023,comp82641eec,NA - GHG,tCO2eq,30881.4624643865,,ON-MAIN-fefeaee4,-,,SRC_NewmontCorporation_Newmont-2023-Performance-Data-Tables-V4-locked
ENV-fefeaee4-2023-2,2023,comp82641eec,NA - GHG,tCO2eq,1153.8249914,,ON-MAIN-fefeaee4,-,,SRC_NewmontCorporation_Newmont-2023-Performance-Data-Tables-V4-locked
ENV-fefeaee4-2023-3,2023,comp82641eec,NA - GHG,tCO2eq,77581.0333833111,,ON-MAIN-fefeaee4,-,,SRC_NewmontCorporation_Newmont-2023-Performance-Data-Tables-V4-locked
ENV-fefeaee4-2023-4,2023,comp82641eec,NA - GHG,tCO2eq,3942,,ON-MAIN-fefeaee4,-,,SRC_NewmontCorporation_Newmont-2023-Performance-Data-Tables-V4-locked
ENV-fefeaee4-2023-5,2023,comp82641eec,NA - GHG,tCO2eq,304.2,,ON-MAIN-fefeaee4,-,,SRC_NewmontCorporation_Newmont-2023-Performance-Data-Tables-V4-locked
ENV-538513cd-2023-1,2023,comp82641eec,NA - GHG,tCO2eq,39711.8671411138,,ON-MAIN-538513cd,-,,SRC_NewmontCorporation_Newmont-2023-Performance-Data-Tables-V4-locked
ENV-538513cd-2023-2,2023,comp82641eec,NA - GHG,tCO2eq,371.76247935,,ON-MAIN-538513cd,-,,SRC_NewmontCorporation_Newmont-2023-Performance-Data-Tables-V4-locked
ENV-538513cd-2023-3,2023,comp82641eec,NA - GHG,tCO2eq,98442.9768080408,,ON-MAIN-538513cd,-,,SRC_NewmontCorporation_Newmont-2023-Performance-Data-Tables-V4-locked
ENV-8eb8be0d-2023-1,2023,comp82641eec,NA - GHG,tCO2eq,40394.4169076851,,BC-MAIN-8eb8be0d,-,,SRC_NewmontCorporation_Newmont-2023-Performance-Data-Tables-V4-locked
ENV-8eb8be0d-2023-2,2023,comp82641eec,NA - GHG,tCO2eq,3597.5544,,BC-MAIN-8eb8be0d,-,,SRC_NewmontCorporation_Newmont-2023-Performance-Data-Tables-V4-locked
ENV-8eb8be0d-2023-3,2023,comp82641eec,NA - GHG,tCO2eq,71787.5495982785,,BC-MAIN-8eb8be0d,-,,SRC_NewmontCorporation_Newmont-2023-Performance-Data-Tables-V4-locked
ENV-GRP-0d911886-2023-1,2023,comp82641eec,NA - GHG,tCO2eq,57797.1544138831,,-,GRP-0d911886,,SRC_NewmontCorporation_Newmont-2023-Performance-Data-Tables-V4-locked
ENV-GRP-0d911886-2023-2,2023,comp82641eec,NA - GHG,tCO2eq,5107.9908,,-,GRP-0d911886,,SRC_NewmontCorporation_Newmont-2023-Performance-Data-Tables-V4-locked
ENV-GRP-0d911886-2023-3,2023,comp82641eec,NA - GHG,tCO2eq,112774.455094777,,-,GRP-0d911886,,SRC_NewmontCorporation_Newmont-2023-Performance-Data-Tables-V4-locked
ENV-857b7b89-2023-1,2023,comp82641eec,NA - GHG,tCO2eq,112383.583535172,,BC-MAIN-857b7b89,-,,SRC_NewmontCorporation_Newmont-2023-Performance-Data-Tables-V4-locked
ENV-857b7b89-2023-2,2023,comp82641eec,NA - GHG,tCO2eq,2584.5738038,,BC-MAIN-857b7b89,-,,SRC_NewmontCorporation_Newmont-2023-Performance-Data-Tables-V4-locked
ENV-857b7b89-2023-3,2023,comp82641eec,NA - GHG,tCO2eq,226738.876758327,,BC-MAIN-857b7b89,-,,SRC_NewmontCorporation_Newmont-2023-Performance-Data-Tables-V4-locked
ENV-857b7b89-2023-4,2023,comp82641eec,NA - GHG,tCO2eq,14182.7,,BC-MAIN-857b7b89,-,,SRC_NewmontCorporation_Newmont-2023-Performance-Data-Tables-V4-locked
ENV-857b7b89-2023-5,2023,comp82641eec,NA - GHG,tCO2eq,672.1,,BC-MAIN-857b7b89,-,,SRC_NewmontCorporation_Newmont-2023-Performance-Data-Tables-V4-locked
ENV-GRP-147b3123-2023-1,2023,comp82641eec,NA - GHG,tCO2eq,35617.369225595,,-,GRP-147b3123,,SRC_PanAmericanSilverCorp_PAS-2023-Sustainability-Performance-Data-Book
ENV-GRP-147b3123-2023-2,2023,comp82641eec,NA - GHG,tCO2eq,5536.701,,-,GRP-147b3123,,SRC_PanAmericanSilverCorp_PAS-2023-Sustainability-Performance-Data-Book
ENV-CMP-7a096012-2023-1,2023,comp82641eec,NA - GHG,MtCO2eq,33.9,,-,-,CMP-7a096012,SRC_RioTinto_2024-sustainability-factbook
ENV-CMP-7a096012-2023-2,2023,comp82641eec,NA - GHG,MtCO2eq,23.3,,-,-,CMP-7a096012,SRC_RioTinto_2024-sustainability-factbook
ENV-CMP-7a096012-2023-3,2023,comp82641eec,NA - GHG,MtCO2eq,7.8,,-,-,CMP-7a096012,SRC_RioTinto_2024-sustainability-factbook
ENV-CMP-7a096012-2023-4,2023,comp82641eec,NA - GHG,MtCO2eq,572.5,,-,-,CMP-7a096012,SRC_RioTinto_2024-sustainability-factbook
ENV-CMP-7a096012-2024-1,2024,comp82641eec,NA - GHG,MtCO2eq,6.1,,-,-,CMP-7a096012,SRC_RioTinto_2024-sustainability-factbook
ENV-CMP-7a096012-2023-5,2023,comp82641eec,NA - GHG,MtCO2eq,0.1,,-,-,CMP-7a096012,SRC_RioTinto_2024-sustainability-factbook
ENV-CMP-7a096012-2023-6,2023,comp82641eec,NA - GHG,MtCO2eq,8.9,,-,-,CMP-7a096012,SRC_RioTinto_2024-sustainability-factbook
ENV-CMP-7a096012-2023-7,2023,comp82641eec,NA - GHG,MtCO2eq,6.9,,-,-,CMP-7a096012,SRC_RioTinto_2024-sustainability-factbook
ENV-CMP-7a096012-2023-8,2023,comp82641eec,NA - GHG,MtCO2eq,2.8,,-,-,CMP-7a096012,SRC_RioTinto_2024-sustainability-factbook
ENV-CMP-7a096012-2023-9,2023,comp82641eec,NA - GHG,MtCO2eq,0.4,,-,-,CMP-7a096012,SRC_RioTinto_2024-sustainability-factbook
ENV-CMP-7a096012-2023-10,2023,comp82641eec,NA - GHG,MtCO2eq,3.8,,-,-,CMP-7a096012,SRC_RioTinto_2024-sustainability-factbook
ENV-CMP-7a096012-2023-11,2023,comp82641eec,NA - GHG,MtCO2eq,0.01,,-,-,CMP-7a096012,SRC_RioTinto_2024-sustainability-factbook
ENV-CMP-7a096012-2023-12,2023,comp82641eec,NA - GHG,MtCO2eq,0.64,,-,-,CMP-7a096012,SRC_RioTinto_2024-sustainability-factbook
ENV-CMP-7a096012-2023-13,2023,comp82641eec,NA - GHG,MtCO2eq,0.01,,-,-,CMP-7a096012,SRC_RioTinto_2024-sustainability-factbook
ENV-CMP-9abface1-2023-1,2023,comp82641eec,NA - GHG,tCO2eq,6047,,-,-,CMP-9abface1,SRC_RoyalCanadianMint_2024_IR
ENV-CMP-9abface1-2023-2,2023,comp82641eec,NA - GHG,tCO2eq,383,,-,-,CMP-9abface1,SRC_RoyalCanadianMint_2024_IR
ENV-CMP-2ef1f553-2023-1,2023,comp82641eec,NA - GHG,tCO2eq,923132712,Metal-business emissions,-,-,CMP-2ef1f553,SRC_SherrittInternationalCorporationandGeneralNickelCompanyS.A._SR_2023
ENV-CMP-2ef1f553-2023-2,2023,comp82641eec,NA - GHG,tCO2eq,119558,Metal-business emissions,-,-,CMP-2ef1f553,SRC_SherrittInternationalCorporationandGeneralNickelCompanyS.A._SR_2023
ENV-GRP-14bfbb82-2023-1,2023,comp82641eec,NA - GHG,tCO2eq,14002,,-,GRP-14bfbb82,,SRC_SSRMiningInc_ESG_2023
ENV-GRP-14bfbb82-2023-2,2023,comp82641eec,NA - GHG,tCO2eq,30057,,-,GRP-14bfbb82,,SRC_SSRMiningInc_ESG_2023
ENV-b64bae7a-2023-1,2023,comp82641eec,NA - GHG,tCO2eq,103569,,NL-MAIN-b64bae7a,-,,SRC_TacoraResourcesInc._ESG_2024
ENV-b64bae7a-2023-2,2023,comp82641eec,NA - GHG,tCO2eq,70244,,NL-MAIN-b64bae7a,-,,SRC_TacoraResourcesInc._ESG_2024
ENV-b64bae7a-2023-3,2023,comp82641eec,NA - GHG,tCO2eq,31390,,NL-MAIN-b64bae7a,-,,SRC_TacoraResourcesInc._ESG_2024
ENV-b64bae7a-2023-4,2023,comp82641eec,NA - GHG,tCO2eq,1077,,NL-MAIN-b64bae7a,-,,SRC_TacoraResourcesInc._ESG_2024
ENV-b64bae7a-2023-5,2023,comp82641eec,NA - GHG,tCO2eq,858,,NL-MAIN-b64bae7a,-,,SRC_TacoraResourcesInc._ESG_2024
ENV-b64bae7a-2023-6,2023,comp82641eec,NA - GHG,tCO2eq,5821,,NL-MAIN-b64bae7a,-,,SRC_TacoraResourcesInc._ESG_2024
ENV-CMP-06e20c6e-2028-1,2028,comp82641eec,NA - GHG,ktCO2eq,863,,-,-,CMP-06e20c6e,SRC_TeckResourcesLimited_Teck-Sustainability-Databook
ENV-CMP-06e20c6e-2029-1,2029,comp82641eec,NA - GHG,ktCO2eq,309,,-,-,CMP-06e20c6e,SRC_TeckResourcesLimited_Teck-Sustainability-Databook
ENV-CMP-06e20c6e-2030-1,2030,comp82641eec,NA - GHG,ktCO2eq,3400,,-,-,CMP-06e20c6e,SRC_TeckResourcesLimited_Teck-Sustainability-Databook
ENV-9de9bb0d-2023-1,2023,comp82641eec,NA - GHG,tCO2eq,12303,,QC-MAIN-9de9bb0d,-,,SRC_WesdomeGoldMinesLtd_2023-ESG-Data-Tables
ENV-9de9bb0d-2023-2,2023,comp82641eec,NA - GHG,tCO2eq,2791,,QC-MAIN-9de9bb0d,-,,SRC_WesdomeGoldMinesLtd_2023-ESG-Data-Tables
ENV-c5fefb01-2023-1,2023,comp82641eec,NA - GHG,tCO2eq,4109,,ON-MAIN-c5fefb01,-,,SRC_WesdomeGoldMinesLtd_2023-ESG-Data-Tables
ENV-c5fefb01-2023-2,2023,comp82641eec,NA - GHG,tCO2eq,64,,ON-MAIN-c5fefb01,-,,SRC_WesdomeGoldMinesLtd_2023-ESG-Data-Tables
ENV-1f126a43-2023-1,2023,compde27e9f6,,ha,2445,,ON-MAIN-1f126a43,-,,SRC_AgnicoEagleMinesLimited_2023-Sustainability-Performance_data
ENV-1f126a43-2023-2,2023,compde27e9f6,,ha,2074,,ON-MAIN-1f126a43,-,,SRC_AgnicoEagleMinesLimited_2023-Sustainability-Performance_data
ENV-1f126a43-2023-3,2023,compde27e9f6,,ha,371,,ON-MAIN-1f126a43,-,,SRC_AgnicoEagleMinesLimited_2023-Sustainability-Performance_data
ENV-e7e6a960-2023-1,2023,compde27e9f6,,ha,64093,,QC-MAIN-e7e6a960,-,,SRC_AgnicoEagleMinesLimited_2023-Sustainability-Performance_data
ENV-e7e6a960-2023-2,2023,compde27e9f6,,ha,3399,,QC-MAIN-e7e6a960,-,,SRC_AgnicoEagleMinesLimited_2023-Sustainability-Performance_data
ENV-e7e6a960-2023-3,2023,compde27e9f6,,ha,60694,,QC-MAIN-e7e6a960,-,,SRC_AgnicoEagleMinesLimited_2023-Sustainability-Performance_data
ENV-8b0264c9-2023-1,2023,compde27e9f6,,ha,519,,NU-MAIN-8b0264c9,-,,SRC_AgnicoEagleMinesLimited_2023-Sustainability-Performance_data
ENV-8b0264c9-2023-2,2023,compde27e9f6,,ha,330,,NU-MAIN-8b0264c9,-,,SRC_AgnicoEagleMinesLimited_2023-Sustainability-Performance_data
ENV-8b0264c9-2023-3,2023,compde27e9f6,,ha,189,,NU-MAIN-8b0264c9,-,,SRC_AgnicoEagleMinesLimited_2023-Sustainability-Performance_data
ENV-4ea8ac9d-2023-1,2023,compde27e9f6,,ha,1367,,NU-MAIN-4ea8ac9d,-,,SRC_AgnicoEagleMinesLimited_2023-Sustainability-Performance_data
ENV-4ea8ac9d-2023-2,2023,compde27e9f6,,ha,608,,NU-MAIN-4ea8ac9d,-,,SRC_AgnicoEagleMinesLimited_2023-Sustainability-Performance_data
ENV-4ea8ac9d-2023-3,2023,compde27e9f6,,ha,759,,NU-MAIN-4ea8ac9d,-,,SRC_AgnicoEagleMinesLimited_2023-Sustainability-Performance_data
ENV-730aefe3-2023-1,2023,compde27e9f6,,ha,4039,,NU-MAIN-730aefe3,-,,SRC_AgnicoEagleMinesLimited_2023-Sustainability-Performance_data
ENV-730aefe3-2023-2,2023,compde27e9f6,,ha,410,,NU-MAIN-730aefe3,-,,SRC_AgnicoEagleMinesLimited_2023-Sustainability-Performance_data
ENV-730aefe3-2023-3,2023,compde27e9f6,,ha,3629,,NU-MAIN-730aefe3,-,,SRC_AgnicoEagleMinesLimited_2023-Sustainability-Performance_data
ENV-GRP-0a2c0d69-2023-1,2023,compde27e9f6,,ha,3595.51,,-,GRP-0a2c0d69,,SRC_AgnicoEagleMinesLimited_2023-Sustainability-Performance_data
ENV-GRP-0a2c0d69-2023-2,2023,compde27e9f6,,ha,2252.07,,-,GRP-0a2c0d69,,SRC_AgnicoEagleMinesLimited_2023-Sustainability-Performance_data
ENV-GRP-0a2c0d69-2023-3,2023,compde27e9f6,,ha,1343.44,,-,GRP-0a2c0d69,,SRC_AgnicoEagleMinesLimited_2023-Sustainability-Performance_data
ENV-aeafbb59-2023-1,2023,compde27e9f6,,ha,906.75,,ON-MAIN-aeafbb59,-,,SRC_AgnicoEagleMinesLimited_2023-Sustainability-Performance_data
ENV-aeafbb59-2023-2,2023,compde27e9f6,,ha,633,,ON-MAIN-aeafbb59,-,,SRC_AgnicoEagleMinesLimited_2023-Sustainability-Performance_data
ENV-aeafbb59-2023-3,2023,compde27e9f6,,ha,273.75,,ON-MAIN-aeafbb59,-,,SRC_AgnicoEagleMinesLimited_2023-Sustainability-Performance_data
ENV-7607a50e-2023-4,2023,compde27e9f6,,ha,1375,,ON-MAIN-7607a50e,-,,SRC_AlamosGoldInc_Data_2023
ENV-7607a50e-2023-5,2023,compde27e9f6,,ha,235,,ON-MAIN-7607a50e,-,,SRC_AlamosGoldInc_Data_2023
ENV-687b8c8d-2023-4,2023,compde27e9f6,,ha,1413,,ON-MAIN-687b8c8d,-,,SRC_AlamosGoldInc_Data_2023
ENV-687b8c8d-2023-5,2023,compde27e9f6,,ha,432,,ON-MAIN-687b8c8d,-,,SRC_AlamosGoldInc_Data_2023
ENV-CMP-140e111b-2023-4,2023,compde27e9f6,,ha,775.26,,-,-,CMP-140e111b,SRC_AlcoaCorporation_2023-Sustainability-Data-Book
ENV-CMP-140e111b-2023-5,2023,compde27e9f6,,ha,20,,-,-,CMP-140e111b,SRC_AlcoaCorporation_2023-Sustainability-Data-Book
ENV-CMP-140e111b-2023-6,2023,compde27e9f6,,ha,14567.44,,-,-,CMP-140e111b,SRC_AlcoaCorporation_2023-Sustainability-Data-Book
ENV-CMP-140e111b-2023-7,2023,compde27e9f6,,ha,686,,-,-,CMP-140e111b,SRC_AlcoaCorporation_2023-Sustainability-Data-Book
ENV-5154702a-2023-2,2023,compde27e9f6,,ha,613,,NU-MAIN-5154702a,-,,SRC_BaffinlandIronMinesCorporation_AR_2023
ENV-CMP-c08ac7d7-2023-1,2023,compde27e9f6,,ha,1710,,-,-,CMP-c08ac7d7,SRC_ChampionIronLtd_cil-23sr-esg-databookvf
ENV-f9e41c2a-2023-3,2023,compde27e9f6,,ha,277.6,,QC-MAIN-f9e41c2a,-,,SRC_EldoradoGold_ESG_2023
ENV-CMP-ca642bce-2024-1,2024,compde27e9f6,,ha,8632,,-,-,CMP-ca642bce,SRC_EvolutionMiningLtd_EVN_FY24-ESG-Performance-Data_web
ENV-CMP-ca642bce-2024-2,2024,compde27e9f6,,ha,1118,,-,-,CMP-ca642bce,SRC_EvolutionMiningLtd_EVN_FY24-ESG-Performance-Data_web
ENV-GRP-a13779f8-2023-3,2023,compde27e9f6,,ha,594168,,-,GRP-a13779f8,,SRC_HudbayMineralsInc_Hudbay-2023-Integrated-Annual-Report-Performance-Data
ENV-GRP-a13779f8-2023-4,2023,compde27e9f6,,ha,7829,,-,GRP-a13779f8,,SRC_HudbayMineralsInc_Hudbay-2023-Integrated-Annual-Report-Performance-Data
ENV-GRP-a13779f8-2023-5,2023,compde27e9f6,,ha,1661,,-,GRP-a13779f8,,SRC_HudbayMineralsInc_Hudbay-2023-Integrated-Annual-Report-Performance-Data
ENV-02884fb5-2023-3,2023,compde27e9f6,,ha,1014.81,,QC-MAIN-02884fb5,-,,SRC_IAMGOLDCorporation_2023_iamgold-esg-performance-data-final_protected
ENV-a3c56a83-2023-3,2023,compde27e9f6,,ha,6070,,ON-MAIN-a3c56a83,-,,SRC_ImpalaCanadaLtd_ESG_2024
ENV-aa76f6f2-2023-3,2023,compde27e9f6,,ha,377.5,,BC-MAIN-aa76f6f2,-,,SRC_NewGoldInc_2023-New-Gold-ESG-Data-Factbook
ENV-0aadf28f-2023-3,2023,compde27e9f6,,ha,3019.4,,ON-MAIN-0aadf28f,-,,SRC_NewGoldInc_2023-New-Gold-ESG-Data-Factbook
ENV-538513cd-2023-4,2023,compde27e9f6,,ha,398.0604,,ON-MAIN-538513cd,-,,SRC_NewmontCorporation_Newmont-2023-Performance-Data-Tables-V4-locked
ENV-8eb8be0d-2023-4,2023,compde27e9f6,,ha,701.81,,BC-MAIN-8eb8be0d,-,,SRC_NewmontCorporation_Newmont-2023-Performance-Data-Tables-V4-locked
ENV-GRP-0d911886-2023-4,2023,compde27e9f6,,ha,2784.23,,-,GRP-0d911886,,SRC_NewmontCorporation_Newmont-2023-Performance-Data-Tables-V4-locked
ENV-GRP-147b3123-2023-3,2023,compde27e9f6,,ha,370,,-,GRP-147b3123,,SRC_PanAmericanSilverCorp_PAS-2023-Sustainability-Performance-Data-Book
ENV-CMP-06e20c6e-2023-1,2023,compde27e9f6,,ha,12932,,-,-,CMP-06e20c6e,SRC_TeckResourcesLimited_Teck-Sustainability-Databook
ENV-1f126a43-2023-4,2023,comp412a1227,7732-18-5,m3,12904502,,ON-MAIN-1f126a43,-,,SRC_AgnicoEagleMinesLimited_2023-Sustainability-Performance_data
ENV-1f126a43-2023-5,2023,comp412a1227,7732-18-5,m3,635385,,ON-MAIN-1f126a43,-,,SRC_AgnicoEagleMinesLimited_2023-Sustainability-Performance_data
ENV-1f126a43-2023-6,2023,comp93f08204,7732-18-5,m3,12929907,,ON-MAIN-1f126a43,-,,SRC_AgnicoEagleMinesLimited_2023-Sustainability-Performance_data
ENV-1f126a43-2023-7,2023,compc80509fb,7732-18-5,m3,7468148,,ON-MAIN-1f126a43,-,,SRC_AgnicoEagleMinesLimited_2023-Sustainability-Performance_data
ENV-e7e6a960-2023-4,2023,comp412a1227,7732-18-5,m3,595540,,QC-MAIN-e7e6a960,-,,SRC_AgnicoEagleMinesLimited_2023-Sustainability-Performance_data
ENV-e7e6a960-2023-5,2023,comp412a1227,7732-18-5,m3,595540,,QC-MAIN-e7e6a960,-,,SRC_AgnicoEagleMinesLimited_2023-Sustainability-Performance_data
ENV-e7e6a960-2023-6,2023,comp93f08204,7732-18-5,m3,6298809,,QC-MAIN-e7e6a960,-,,SRC_AgnicoEagleMinesLimited_2023-Sustainability-Performance_data
ENV-e7e6a960-2023-7,2023,compc80509fb,7732-18-5,m3,4374352,,QC-MAIN-e7e6a960,-,,SRC_AgnicoEagleMinesLimited_2023-Sustainability-Performance_data
ENV-8b0264c9-2023-4,2023,comp412a1227,7732-18-5,m3,1823142.8,,NU-MAIN-8b0264c9,-,,SRC_AgnicoEagleMinesLimited_2023-Sustainability-Performance_data
ENV-8b0264c9-2023-5,2023,comp412a1227,7732-18-5,m3,1823142.8,,NU-MAIN-8b0264c9,-,,SRC_AgnicoEagleMinesLimited_2023-Sustainability-Performance_data
ENV-8b0264c9-2023-6,2023,comp93f08204,7732-18-5,m3,762807.5999999996,,NU-MAIN-8b0264c9,-,,SRC_AgnicoEagleMinesLimited_2023-Sustainability-Performance_data
ENV-8b0264c9-2023-7,2023,compc80509fb,7732-18-5,m3,4366105,,NU-MAIN-8b0264c9,-,,SRC_AgnicoEagleMinesLimited_2023-Sustainability-Performance_data
ENV-4ea8ac9d-2023-4,2023,comp412a1227,7732-18-5,m3,1486950,,NU-MAIN-4ea8ac9d,-,,SRC_AgnicoEagleMinesLimited_2023-Sustainability-Performance_data
ENV-4ea8ac9d-2023-5,2023,comp412a1227,7732-18-5,m3,1486950,,NU-MAIN-4ea8ac9d,-,,SRC_AgnicoEagleMinesLimited_2023-Sustainability-Performance_data
ENV-4ea8ac9d-2023-6,2023,comp93f08204,7732-18-5,m3,1014537.0500000003,,NU-MAIN-4ea8ac9d,-,,SRC_AgnicoEagleMinesLimited_2023-Sustainability-Performance_data
ENV-4ea8ac9d-2023-7,2023,compc80509fb,7732-18-5,m3,4118213.9,,NU-MAIN-4ea8ac9d,-,,SRC_AgnicoEagleMinesLimited_2023-Sustainability-Performance_data
ENV-730aefe3-2023-4,2023,comp412a1227,7732-18-5,m3,193004,,NU-MAIN-730aefe3,-,,SRC_AgnicoEagleMinesLimited_2023-Sustainability-Performance_data
ENV-730aefe3-2023-5,2023,comp412a1227,7732-18-5,m3,193004,,NU-MAIN-730aefe3,-,,SRC_AgnicoEagleMinesLimited_2023-Sustainability-Performance_data
ENV-730aefe3-2023-6,2023,comp93f08204,7732-18-5,m3,3069283,,NU-MAIN-730aefe3,-,,SRC_AgnicoEagleMinesLimited_2023-Sustainability-Performance_data
ENV-730aefe3-2023-7,2023,compc80509fb,7732-18-5,m3,3803986,,NU-MAIN-730aefe3,-,,SRC_AgnicoEagleMinesLimited_2023-Sustainability-Performance_data
ENV-GRP-0a2c0d69-2023-4,2023,comp412a1227,7732-18-5,m3,968789,,-,GRP-0a2c0d69,,SRC_AgnicoEagleMinesLimited_2023-Sustainability-Performance_data
ENV-GRP-0a2c0d69-2023-5,2023,comp412a1227,7732-18-5,m3,968789,,-,GRP-0a2c0d69,,SRC_AgnicoEagleMinesLimited_2023-Sustainability-Performance_data
ENV-GRP-0a2c0d69-2023-6,2023,comp93f08204,7732-18-5,m3,1400259,,-,GRP-0a2c0d69,,SRC_AgnicoEagleMinesLimited_2023-Sustainability-Performance_data
ENV-GRP-0a2c0d69-2023-7,2023,compc80509fb,7732-18-5,m3,1993390,,-,GRP-0a2c0d69,,SRC_AgnicoEagleMinesLimited_2023-Sustainability-Performance_data
ENV-aeafbb59-2023-4,2023,comp412a1227,7732-18-5,m3,525400,,ON-MAIN-aeafbb59,-,,SRC_AgnicoEagleMinesLimited_2023-Sustainability-Performance_data
ENV-aeafbb59-2023-5,2023,comp412a1227,7732-18-5,m3,525400,,ON-MAIN-aeafbb59,-,,SRC_AgnicoEagleMinesLimited_2023-Sustainability-Performance_data
ENV-aeafbb59-2023-6,2023,comp93f08204,7732-18-5,m3,454993,,ON-MAIN-aeafbb59,-,,SRC_AgnicoEagleMinesLimited_2023-Sustainability-Performance_data
ENV-aeafbb59-2023-7,2023,compc80509fb,7732-18-5,m3,419380,,ON-MAIN-aeafbb59,-,,SRC_AgnicoEagleMinesLimited_2023-Sustainability-Performance_data
ENV-7607a50e-2023-6,2023,comp412a1227,7732-18-5,ML,944.3,,ON-MAIN-7607a50e,-,,SRC_AlamosGoldInc_Data_2023
ENV-7607a50e-2023-7,2023,compc80509fb,7732-18-5,ML,1428.9,,ON-MAIN-7607a50e,-,,SRC_AlamosGoldInc_Data_2023
ENV-7607a50e-2023-8,2023,comp93f08204,7732-18-5,ML,-484.6,,ON-MAIN-7607a50e,-,,SRC_AlamosGoldInc_Data_2023
ENV-687b8c8d-2023-6,2023,comp412a1227,7732-18-5,ML,2879.3,,ON-MAIN-687b8c8d,-,,SRC_AlamosGoldInc_Data_2023
ENV-687b8c8d-2023-7,2023,compc80509fb,7732-18-5,ML,1088.5,,ON-MAIN-687b8c8d,-,,SRC_AlamosGoldInc_Data_2023
ENV-687b8c8d-2023-8,2023,comp93f08204,7732-18-5,ML,1790.81,,ON-MAIN-687b8c8d,-,,SRC_AlamosGoldInc_Data_2023
ENV-CMP-140e111b-2023-8,2023,comp412a1227,7732-18-5,Mm3,791.3,,-,-,CMP-140e111b,SRC_AlcoaCorporation_2023-Sustainability-Data-Book
ENV-CMP-140e111b-2023-9,2023,compc80509fb,7732-18-5,Mm3,734.4,,-,-,CMP-140e111b,SRC_AlcoaCorporation_2023-Sustainability-Data-Book
ENV-CMP-140e111b-2023-10,2023,comp93f08204,7732-18-5,Mm3,59.7,,-,-,CMP-140e111b,SRC_AlcoaCorporation_2023-Sustainability-Data-Book
ENV-CMP-0f9c0b53-2023-3,2023,comp412a1227,7732-18-5,m3,259893138,,-,-,CMP-0f9c0b53,SRC_AlgomaSteelInc._ESG_2023
ENV-6e9be24e-2023-3,2023,comp412a1227,7732-18-5,m3?,3343,,ON-MAIN-6e9be24e,-,,SRC_BarrickGoldCorporation_Barrick_2023_Performance-Data
ENV-6e9be24e-2023-4,2023,compc80509fb,7732-18-5,m3?,2145,,ON-MAIN-6e9be24e,-,,SRC_BarrickGoldCorporation_Barrick_2023_Performance-Data
ENV-6e9be24e-2023-5,2023,comp93f08204,7732-18-5,m3?,39664,,ON-MAIN-6e9be24e,-,,SRC_BarrickGoldCorporation_Barrick_2023_Performance-Data
ENV-CMP-cadb529a-2023-4,2023,comp412a1227,7732-18-5,m3,15173917.264,operational control,-,-,CMP-cadb529a,SRC_CamecoCorporation_Cameco_2023_Sustainability_Report_Performance_Table_0
ENV-CMP-cadb529a-2023-5,2023,comp412a1227,7732-18-5,m3,14050183,operational control,-,-,CMP-cadb529a,SRC_CamecoCorporation_Cameco_2023_Sustainability_Report_Performance_Table_0
ENV-CMP-cadb529a-2023-6,2023,compc80509fb,7732-18-5,m3,14790791,operational control,-,-,CMP-cadb529a,SRC_CamecoCorporation_Cameco_2023_Sustainability_Report_Performance_Table_0
ENV-ed23117f-2023-3,2023,comp412a1227,7732-18-5,Mm3,8.11,,BC-MAIN-ed23117f,-,,SRC_CenterraGoldInc_Data
ENV-ed23117f-2023-4,2023,comp93f08204,7732-18-5,Mm3,9.11,,BC-MAIN-ed23117f,-,,SRC_CenterraGoldInc_Data
ENV-CMP-c08ac7d7-2023-2,2023,comp412a1227,7732-18-5,Mm3,16.4,,-,-,CMP-c08ac7d7,SRC_ChampionIronLtd_cil-23sr-esg-databookvf
ENV-CMP-d899f7d7-2023-3,2023,comp412a1227,7732-18-5,ML,61691,,-,-,CMP-d899f7d7,SRC_DeBeersCanadaInc_SR_2023
ENV-CMP-d899f7d7-2023-4,2023,comp412a1227,7732-18-5,ML,17935,,-,-,CMP-d899f7d7,SRC_DeBeersCanadaInc_SR_2023
ENV-CMP-d899f7d7-2023-5,2023,comp93f08204,7732-18-5,ML,29125,,-,-,CMP-d899f7d7,SRC_DeBeersCanadaInc_SR_2023
ENV-CMP-d899f7d7-2023-6,2023,compc80509fb,7732-18-5,ML,29416,,-,-,CMP-d899f7d7,SRC_DeBeersCanadaInc_SR_2023
ENV-f9e41c2a-2023-4,2023,comp412a1227,7732-18-5,mm3,3499,,QC-MAIN-f9e41c2a,-,,SRC_EldoradoGold_ESG_2023
ENV-f9e41c2a-2023-5,2023,comp93f08204,7732-18-5,mm3,1088,,QC-MAIN-f9e41c2a,-,,SRC_EldoradoGold_ESG_2023
ENV-f9e41c2a-2023-6,2023,compc80509fb,7732-18-5,mm3,2411,,QC-MAIN-f9e41c2a,-,,SRC_EldoradoGold_ESG_2023
ENV-7f050560-2024-3,2024,comp412a1227,7732-18-5,ML,2565,,ON-MAIN-7f050560,-,,SRC_EvolutionMiningLtd_EVN_FY24-ESG-Performance-Data_web
ENV-7f050560-2024-4,2024,comp93f08204,7732-18-5,ML,2565,,ON-MAIN-7f050560,-,,SRC_EvolutionMiningLtd_EVN_FY24-ESG-Performance-Data_web
ENV-7f050560-2024-5,2024,compc80509fb,7732-18-5,kL,1968.41493,,ON-MAIN-7f050560,-,,SRC_EvolutionMiningLtd_EVN_FY24-ESG-Performance-Data_web
ENV-CMP-28720916-2021-3,2021,comp412a1227,7732-18-5,Mm3,196.22,,-,-,CMP-28720916,SRC_EVRAZNorthAmericaInc_Databook_2021
ENV-CMP-28720916-2021-4,2021,compc80509fb,7732-18-5,Mm3,121.49,,-,-,CMP-28720916,SRC_EVRAZNorthAmericaInc_Databook_2021
ENV-CMP-d5f1c66b-2023-17,2023,comp412a1227,7732-18-5,ML,959428,,-,-,CMP-d5f1c66b,SRC_Glencore_GLEN-2023-ESG-Data-Book
ENV-CMP-d5f1c66b-2023-18,2023,compc80509fb,7732-18-5,ML,566617,,-,-,CMP-d5f1c66b,SRC_Glencore_GLEN-2023-ESG-Data-Book
ENV-CMP-d5f1c66b-2023-19,2023,comp93f08204,7732-18-5,ML,486098,,-,-,CMP-d5f1c66b,SRC_Glencore_GLEN-2023-ESG-Data-Book
ENV-CMP-7e360a1f-2023-4,2023,comp412a1227,7732-18-5,gallons,2424010553,,-,-,CMP-7e360a1f,SRC_HeclaMiningCompany_SR_2023
ENV-CMP-7e360a1f-2023-5,2023,comp93f08204,7732-18-5,gallons,2019639655,,-,-,CMP-7e360a1f,SRC_HeclaMiningCompany_SR_2023
ENV-CMP-7e360a1f-2023-6,2023,compc80509fb,7732-18-5,gallons,2663471722,,-,-,CMP-7e360a1f,SRC_HeclaMiningCompany_SR_2023
ENV-CMP-12afc634-2023-1,2023,comp412a1227,7732-18-5,km3,17516,,-,-,CMP-12afc634,SRC_HudbayMineralsInc_Hudbay-2023-Integrated-Annual-Report-Performance-Data
ENV-CMP-12afc634-2023-2,2023,compc80509fb,7732-18-5,km3,9590,,-,-,CMP-12afc634,SRC_HudbayMineralsInc_Hudbay-2023-Integrated-Annual-Report-Performance-Data
ENV-02884fb5-2023-4,2023,comp412a1227,7732-18-5,ML,5145.1,,QC-MAIN-02884fb5,-,,SRC_IAMGOLDCorporation_2023_iamgold-esg-performance-data-final_protected
ENV-02884fb5-2023-5,2023,compc80509fb,7732-18-5,ML,6038.8,,QC-MAIN-02884fb5,-,,SRC_IAMGOLDCorporation_2023_iamgold-esg-performance-data-final_protected
ENV-02884fb5-2023-6,2023,comp93f08204,7732-18-5,ML,-893.6999999999998,,QC-MAIN-02884fb5,-,,SRC_IAMGOLDCorporation_2023_iamgold-esg-performance-data-final_protected
ENV-a3c56a83-2023-4,2023,comp412a1227,7732-18-5,Ml,2027,,ON-MAIN-a3c56a83,-,,SRC_ImpalaCanadaLtd_ESG_2024
ENV-a3c56a83-2023-5,2023,comp93f08204,7732-18-5,Ml,8930,,ON-MAIN-a3c56a83,-,,SRC_ImpalaCanadaLtd_ESG_2024
ENV-a3c56a83-2023-6,2023,compc80509fb,7732-18-5,Ml,1038,,ON-MAIN-a3c56a83,-,,SRC_ImpalaCanadaLtd_ESG_2024
ENV-CMP-9abb4c27-2023-3,2023,comp412a1227,7732-18-5,ML,7761,,-,-,CMP-9abb4c27,SRC_MagrisPerformanceMaterials_SR_2023
ENV-CMP-9abb4c27-2023-4,2023,comp93f08204,7732-18-5,ML,24321,,-,-,CMP-9abb4c27,SRC_MagrisPerformanceMaterials_SR_2023
ENV-CMP-9abb4c27-2023-5,2023,compc80509fb,7732-18-5,ML,8466,,-,-,CMP-9abb4c27,SRC_MagrisPerformanceMaterials_SR_2023
ENV-aa76f6f2-2023-4,2023,comp412a1227,7732-18-5,ML,1534.552,,BC-MAIN-aa76f6f2,-,,SRC_NewGoldInc_2023-New-Gold-ESG-Data-Factbook
ENV-aa76f6f2-2023-5,2023,compc80509fb,7732-18-5,ML,0,,BC-MAIN-aa76f6f2,-,,SRC_NewGoldInc_2023-New-Gold-ESG-Data-Factbook
ENV-aa76f6f2-2023-6,2023,comp93f08204,7732-18-5,ML,3111.3199999999997,,BC-MAIN-aa76f6f2,-,,SRC_NewGoldInc_2023-New-Gold-ESG-Data-Factbook
ENV-0aadf28f-2023-4,2023,comp412a1227,7732-18-5,ML,9600.732,,ON-MAIN-0aadf28f,-,,SRC_NewGoldInc_2023-New-Gold-ESG-Data-Factbook
ENV-0aadf28f-2023-5,2023,compc80509fb,7732-18-5,ML,4552.517,,ON-MAIN-0aadf28f,-,,SRC_NewGoldInc_2023-New-Gold-ESG-Data-Factbook
ENV-0aadf28f-2023-6,2023,comp93f08204,7732-18-5,ML,6336.704,,ON-MAIN-0aadf28f,-,,SRC_NewGoldInc_2023-New-Gold-ESG-Data-Factbook
ENV-fefeaee4-2023-6,2023,comp412a1227,7732-18-5,ML,7,,ON-MAIN-fefeaee4,-,,SRC_NewmontCorporation_Newmont-2023-Performance-Data-Tables-V4-locked
ENV-538513cd-2023-5,2023,comp412a1227,7732-18-5,ML,3232.459,,ON-MAIN-538513cd,-,,SRC_NewmontCorporation_Newmont-2023-Performance-Data-Tables-V4-locked
ENV-538513cd-2023-6,2023,compc80509fb,7732-18-5,ML,2226.014,,ON-MAIN-538513cd,-,,SRC_NewmontCorporation_Newmont-2023-Performance-Data-Tables-V4-locked
ENV-538513cd-2023-7,2023,comp93f08204,7732-18-5,ML,1006.445,,ON-MAIN-538513cd,-,,SRC_NewmontCorporation_Newmont-2023-Performance-Data-Tables-V4-locked
ENV-8eb8be0d-2023-5,2023,comp412a1227,7732-18-5,ML,1552.393181,,BC-MAIN-8eb8be0d,-,,SRC_NewmontCorporation_Newmont-2023-Performance-Data-Tables-V4-locked
ENV-8eb8be0d-2023-6,2023,compc80509fb,7732-18-5,ML,1543.3545,,BC-MAIN-8eb8be0d,-,,SRC_NewmontCorporation_Newmont-2023-Performance-Data-Tables-V4-locked
ENV-8eb8be0d-2023-7,2023,comp93f08204,7732-18-5,ML,562.159181,,BC-MAIN-8eb8be0d,-,,SRC_NewmontCorporation_Newmont-2023-Performance-Data-Tables-V4-locked
ENV-GRP-0d911886-2023-5,2023,comp412a1227,7732-18-5,ML,5314.082973,,-,GRP-0d911886,,SRC_NewmontCorporation_Newmont-2023-Performance-Data-Tables-V4-locked
ENV-GRP-0d911886-2023-6,2023,compc80509fb,7732-18-5,ML,9170.5809,,-,GRP-0d911886,,SRC_NewmontCorporation_Newmont-2023-Performance-Data-Tables-V4-locked
ENV-GRP-0d911886-2023-7,2023,comp93f08204,7732-18-5,ML,4907.818673,,-,GRP-0d911886,,SRC_NewmontCorporation_Newmont-2023-Performance-Data-Tables-V4-locked
ENV-857b7b89-2023-6,2023,comp412a1227,7732-18-5,ML,1042,,BC-MAIN-857b7b89,-,,SRC_NewmontCorporation_Newmont-2023-Performance-Data-Tables-V4-locked
ENV-GRP-147b3123-2023-4,2023,comp412a1227,7732-18-5,m3,974971.403348017,,-,GRP-147b3123,,SRC_PanAmericanSilverCorp_PAS-2023-Sustainability-Performance-Data-Book
ENV-GRP-147b3123-2023-5,2023,compc80509fb,7732-18-5,m3,1743711.5,,-,GRP-147b3123,,SRC_PanAmericanSilverCorp_PAS-2023-Sustainability-Performance-Data-Book
ENV-GRP-147b3123-2023-6,2023,comp93f08204,7732-18-5,m3,749557.379698017,,-,GRP-147b3123,,SRC_PanAmericanSilverCorp_PAS-2023-Sustainability-Performance-Data-Book
ENV-CMP-7a096012-2023-14,2023,comp412a1227,7732-18-5,GL,1169,,-,-,CMP-7a096012,SRC_RioTinto_2024-sustainability-factbook
ENV-CMP-7a096012-2023-15,2023,compc80509fb,7732-18-5,GL,692,,-,-,CMP-7a096012,SRC_RioTinto_2024-sustainability-factbook
ENV-CMP-7a096012-2023-16,2023,comp93f08204,7732-18-5,GL,639,,-,-,CMP-7a096012,SRC_RioTinto_2024-sustainability-factbook
ENV-CMP-7a096012-2023-17,2023,comp412a1227,7732-18-5,GL,23,,-,-,CMP-7a096012,SRC_RioTinto_2024-sustainability-factbook
ENV-CMP-7a096012-2023-18,2023,comp412a1227,7732-18-5,GL,3,,-,-,CMP-7a096012,SRC_RioTinto_2024-sustainability-factbook
ENV-CMP-7a096012-2023-19,2023,comp412a1227,7732-18-5,GL,44,,-,-,CMP-7a096012,SRC_RioTinto_2024-sustainability-factbook
ENV-CMP-7a096012-2023-20,2023,comp412a1227,7732-18-5,GL,185,,-,-,CMP-7a096012,SRC_RioTinto_2024-sustainability-factbook
ENV-CMP-9abface1-2023-3,2023,comp93f08204,7732-18-5,m3,223236,,-,-,CMP-9abface1,SRC_RoyalCanadianMint_2024_IR
ENV-GRP-14bfbb82-2023-3,2023,comp412a1227,7732-18-5,m3,183118,,-,GRP-14bfbb82,,SRC_SSRMiningInc_ESG_2023
ENV-GRP-14bfbb82-2023-4,2023,compc80509fb,7732-18-5,m3,25131,,-,GRP-14bfbb82,,SRC_SSRMiningInc_ESG_2023
ENV-GRP-14bfbb82-2023-5,2023,comp93f08204,7732-18-5,m3,147624,,-,GRP-14bfbb82,,SRC_SSRMiningInc_ESG_2023
ENV-6b4800fe-2023-1,2023,comp412a1227,7732-18-5,km3,141,,BC-MAIN-6b4800fe,-,,SRC_TasekoMinesLimited_ESG_2023
ENV-6b4800fe-2023-2,2023,comp93f08204,7732-18-5,km3,6140,,BC-MAIN-6b4800fe,-,,SRC_TasekoMinesLimited_ESG_2023
ENV-bf503b6b-2023-1,2023,comp412a1227,7732-18-5,ML,17062.6975,,BC-MAIN-bf503b6b,-,,SRC_TeckResourcesLimited_Teck-Sustainability-Databook
ENV-bf503b6b-2023-2,2023,compc80509fb,7732-18-5,ML,1986.9308999999998,,BC-MAIN-bf503b6b,-,,SRC_TeckResourcesLimited_Teck-Sustainability-Databook
ENV-bf503b6b-2023-3,2023,comp93f08204,7732-18-5,ML,23241.256,,BC-MAIN-bf503b6b,-,,SRC_TeckResourcesLimited_Teck-Sustainability-Databook
ENV-3bb6b7cd-2023-1,2023,comp412a1227,7732-18-5,ML,73097.57,,BC-MAIN-3bb6b7cd,-,,SRC_TeckResourcesLimited_Teck-Sustainability-Databook
ENV-3bb6b7cd-2023-2,2023,compc80509fb,7732-18-5,ML,66314.803,,BC-MAIN-3bb6b7cd,-,,SRC_TeckResourcesLimited_Teck-Sustainability-Databook
ENV-3bb6b7cd-2023-3,2023,comp93f08204,7732-18-5,ML,6782.767,,BC-MAIN-3bb6b7cd,-,,SRC_TeckResourcesLimited_Teck-Sustainability-Databook
ENV-9de9bb0d-2023-3,2023,comp412a1227,7732-18-5,m3,518856,,QC-MAIN-9de9bb0d,-,,SRC_WesdomeGoldMinesLtd_2023-ESG-Data-Tables
ENV-9de9bb0d-2023-4,2023,comp412a1227,7732-18-5,m3,518856,,QC-MAIN-9de9bb0d,-,,SRC_WesdomeGoldMinesLtd_2023-ESG-Data-Tables
ENV-9de9bb0d-2023-5,2023,comp93f08204,7732-18-5,m3,29350,,QC-MAIN-9de9bb0d,-,,SRC_WesdomeGoldMinesLtd_2023-ESG-Data-Tables
ENV-9de9bb0d-2023-6,2023,compc80509fb,7732-18-5,m3,324347,,QC-MAIN-9de9bb0d,-,,SRC_WesdomeGoldMinesLtd_2023-ESG-Data-Tables
ENV-c5fefb01-2023-3,2023,comp412a1227,7732-18-5,m3,168115,,ON-MAIN-c5fefb01,-,,SRC_WesdomeGoldMinesLtd_2023-ESG-Data-Tables
ENV-c5fefb01-2023-4,2023,comp412a1227,7732-18-5,m3,168115,,ON-MAIN-c5fefb01,-,,SRC_WesdomeGoldMinesLtd_2023-ESG-Data-Tables
ENV-c5fefb01-2023-5,2023,comp93f08204,7732-18-5,m3,82144,,ON-MAIN-c5fefb01,-,,SRC_WesdomeGoldMinesLtd_2023-ESG-Data-Tables
ENV-c5fefb01-2023-6,2023,compc80509fb,7732-18-5,m3,536420,,ON-MAIN-c5fefb01,-,,SRC_WesdomeGoldMinesLtd_2023-ESG-Data-Tables
ENV-CMP-cadb529a-2023-7,2023,comp82641eec,7664-41-7,t,79.86488431000001,operational control,-,-,CMP-cadb529a,SRC_CamecoCorporation_Cameco_2023_Sustainability_Report_Performance_Table_0
ENV-8eb8be0d-2023-8,2023,comp82641eec,NA - 02,t,0.0056701,,BC-MAIN-8eb8be0d,-,,SRC_NewmontCorporation_Newmont-2023-Performance-Data-Tables-V4-locked
ENV-GRP-0d911886-2023-8,2023,comp82641eec,NA - 02,t,0.03,,-,GRP-0d911886,,SRC_NewmontCorporation_Newmont-2023-Performance-Data-Tables-V4-locked
ENV-7607a50e-2023-9,2023,comp82641eec,124-38-9,CO2eq,1504,,ON-MAIN-7607a50e,-,,SRC_AlamosGoldInc_Data_2023
ENV-687b8c8d-2023-9,2023,comp82641eec,124-38-9,CO2eq,596,,ON-MAIN-687b8c8d,-,,SRC_AlamosGoldInc_Data_2023
ENV-7607a50e-2023-10,2023,comp82641eec,74-82-8,CO2eq,74,,ON-MAIN-7607a50e,-,,SRC_AlamosGoldInc_Data_2023
ENV-687b8c8d-2023-10,2023,comp82641eec,74-82-8,CO2eq,23,,ON-MAIN-687b8c8d,-,,SRC_AlamosGoldInc_Data_2023
ENV-7607a50e-2023-11,2023,comp82641eec,630-08-0,t,322.2,,ON-MAIN-7607a50e,-,,SRC_AlamosGoldInc_Data_2023
ENV-687b8c8d-2023-11,2023,comp82641eec,630-08-0,t,187.6,,ON-MAIN-687b8c8d,-,,SRC_AlamosGoldInc_Data_2023
ENV-CMP-140e111b-2023-11,2023,comp82641eec,630-08-0,kt,205.16,,-,-,CMP-140e111b,SRC_AlcoaCorporation_2023-Sustainability-Data-Book
ENV-CMP-0f9c0b53-2023-4,2023,comp82641eec,630-08-0,t,766,,-,-,CMP-0f9c0b53,SRC_AlgomaSteelInc._ESG_2023
ENV-CMP-cadb529a-2023-8,2023,comp82641eec,630-08-0,t,87.32835634307543,operational control,-,-,CMP-cadb529a,SRC_CamecoCorporation_Cameco_2023_Sustainability_Report_Performance_Table_0
ENV-ed23117f-2023-5,2023,comp82641eec,630-08-0,t,150.43,,BC-MAIN-ed23117f,-,,SRC_CenterraGoldInc_Data
ENV-CMP-c08ac7d7-2023-3,2023,comp82641eec,630-08-0,kg,422,,-,-,CMP-c08ac7d7,SRC_ChampionIronLtd_cil-23sr-esg-databookvf
ENV-7f050560-2024-6,2024,comp82641eec,630-08-0,t,1079.77,,ON-MAIN-7f050560,-,,SRC_EvolutionMiningLtd_EVN_FY24-ESG-Performance-Data_web
ENV-CMP-7e360a1f-2023-7,2023,comp82641eec,630-08-0,t,3.57,,-,-,CMP-7e360a1f,SRC_HeclaMiningCompany_SR_2023
ENV-02884fb5-2023-7,2023,comp82641eec,630-08-0,kg,2235,,QC-MAIN-02884fb5,-,,SRC_IAMGOLDCorporation_2023_iamgold-esg-performance-data-final_protected
ENV-538513cd-2023-8,2023,comp82641eec,630-08-0,t,159.2,,ON-MAIN-538513cd,-,,SRC_NewmontCorporation_Newmont-2023-Performance-Data-Tables-V4-locked
ENV-8eb8be0d-2023-9,2023,comp82641eec,630-08-0,t,226.22,,BC-MAIN-8eb8be0d,-,,SRC_NewmontCorporation_Newmont-2023-Performance-Data-Tables-V4-locked
ENV-GRP-0d911886-2023-9,2023,comp82641eec,630-08-0,t,58.1,,-,GRP-0d911886,,SRC_NewmontCorporation_Newmont-2023-Performance-Data-Tables-V4-locked
ENV-GRP-147b3123-2023-7,2023,comp82641eec,630-08-0,t,162.21032723366181,,-,GRP-147b3123,,SRC_PanAmericanSilverCorp_PAS-2023-Sustainability-Performance-Data-Book
ENV-6b4800fe-2023-3,2023,comp82641eec,630-08-0,?,1082,,BC-MAIN-6b4800fe,-,,SRC_TasekoMinesLimited_ESG_2023
ENV-bf503b6b-2023-4,2023,comp82641eec,630-08-0,t,707.8,,BC-MAIN-bf503b6b,-,,SRC_TeckResourcesLimited_Teck-Sustainability-Databook
ENV-3bb6b7cd-2023-4,2023,comp82641eec,630-08-0,t,83.88,,BC-MAIN-3bb6b7cd,-,,SRC_TeckResourcesLimited_Teck-Sustainability-Databook
ENV-9de9bb0d-2023-7,2023,comp82641eec,630-08-0,t,18.67,,QC-MAIN-9de9bb0d,-,,SRC_WesdomeGoldMinesLtd_2023-ESG-Data-Tables
ENV-c5fefb01-2023-7,2023,comp82641eec,630-08-0,t,21.85,,ON-MAIN-c5fefb01,-,,SRC_WesdomeGoldMinesLtd_2023-ESG-Data-Tables
ENV-7607a50e-2023-12,2023,comp82641eec,124-38-9,CO2eq,19879,,ON-MAIN-7607a50e,-,,SRC_AlamosGoldInc_Data_2023
ENV-687b8c8d-2023-12,2023,comp82641eec,124-38-9,CO2eq,21538,,ON-MAIN-687b8c8d,-,,SRC_AlamosGoldInc_Data_2023
ENV-CMP-28720916-2021-5,2021,comp82641eec,Direct dust emissions,kt,42.58,,-,-,CMP-28720916,SRC_EVRAZNorthAmericaInc_Databook_2021
ENV-CMP-7a096012-2023-21,2023,comp82641eec,Direct dust emissions,kt,2.61,,-,-,CMP-7a096012,SRC_RioTinto_2024-sustainability-factbook
ENV-CMP-cadb529a-2023-9,2023,comp82641eec,7664-39-3,t,0.481,operational control,-,-,CMP-cadb529a,SRC_CamecoCorporation_Cameco_2023_Sustainability_Report_Performance_Table_0
ENV-7607a50e-2023-13,2023,comp82641eec,NA - 08,t,0.000332575576998052,,ON-MAIN-7607a50e,-,,SRC_AlamosGoldInc_Data_2023
ENV-CMP-0f9c0b53-2023-5,2023,comp82641eec,NA - 08,t,0.317,,-,-,CMP-0f9c0b53,SRC_AlgomaSteelInc._ESG_2023
ENV-7f050560-2024-7,2024,comp82641eec,NA - 08,t,0.020605599999999998,,ON-MAIN-7f050560,-,,SRC_EvolutionMiningLtd_EVN_FY24-ESG-Performance-Data_web
ENV-8eb8be0d-2023-10,2023,comp82641eec,NA - 08,t,0.0899133,,BC-MAIN-8eb8be0d,-,,SRC_NewmontCorporation_Newmont-2023-Performance-Data-Tables-V4-locked
ENV-GRP-0d911886-2023-10,2023,comp82641eec,NA - 08,t,0.06,,-,GRP-0d911886,,SRC_NewmontCorporation_Newmont-2023-Performance-Data-Tables-V4-locked
ENV-9de9bb0d-2023-8,2023,comp82641eec,NA - 08,kg,0.05,,QC-MAIN-9de9bb0d,-,,SRC_WesdomeGoldMinesLtd_2023-ESG-Data-Tables
ENV-c5fefb01-2023-8,2023,comp82641eec,NA - 08,kg,0.00061,,ON-MAIN-c5fefb01,-,,SRC_WesdomeGoldMinesLtd_2023-ESG-Data-Tables
ENV-CMP-0f9c0b53-2023-6,2023,comp82641eec,NA - 09,t,5.18,,-,-,CMP-0f9c0b53,SRC_AlgomaSteelInc._ESG_2023
ENV-7607a50e-2023-14,2023,comp82641eec,NA - 10,t,1.90290400308735e-05,,ON-MAIN-7607a50e,-,,SRC_AlamosGoldInc_Data_2023
ENV-7f050560-2024-8,2024,comp82641eec,NA - 10,t,0.013560000000000001,,ON-MAIN-7f050560,-,,SRC_EvolutionMiningLtd_EVN_FY24-ESG-Performance-Data_web
ENV-8eb8be0d-2023-11,2023,comp82641eec,NA - 10,t,0.0002713,,BC-MAIN-8eb8be0d,-,,SRC_NewmontCorporation_Newmont-2023-Performance-Data-Tables-V4-locked
ENV-GRP-0d911886-2023-11,2023,comp82641eec,NA - 10,t,0.09,,-,GRP-0d911886,,SRC_NewmontCorporation_Newmont-2023-Performance-Data-Tables-V4-locked
ENV-3bb6b7cd-2023-5,2023,comp82641eec,NA - 10,t,0.26734,,BC-MAIN-3bb6b7cd,-,,SRC_TeckResourcesLimited_Teck-Sustainability-Databook
ENV-9de9bb0d-2023-9,2023,comp82641eec,NA - 10,kg,0,,QC-MAIN-9de9bb0d,-,,SRC_WesdomeGoldMinesLtd_2023-ESG-Data-Tables
ENV-c5fefb01-2023-9,2023,comp82641eec,NA - 10,kg,0.00015,,ON-MAIN-c5fefb01,-,,SRC_WesdomeGoldMinesLtd_2023-ESG-Data-Tables
ENV-7607a50e-2023-15,2023,comp82641eec,10024-97-2,CO2eq,127,,ON-MAIN-7607a50e,-,,SRC_AlamosGoldInc_Data_2023
ENV-687b8c8d-2023-13,2023,comp82641eec,10024-97-2,CO2eq,73,,ON-MAIN-687b8c8d,-,,SRC_AlamosGoldInc_Data_2023
ENV-CMP-140e111b-2023-12,2023,comp82641eec,NA - NOx,kt,17.8,,-,-,CMP-140e111b,SRC_AlcoaCorporation_2023-Sustainability-Data-Book
ENV-CMP-d899f7d7-2023-7,2023,comp82641eec,10102-44-0,t,7964,,-,-,CMP-d899f7d7,SRC_DeBeersCanadaInc_SR_2023
ENV-bf503b6b-2023-5,2023,comp82641eec,10102-44-0,t,175.6,,BC-MAIN-bf503b6b,-,,SRC_TeckResourcesLimited_Teck-Sustainability-Databook
ENV-3bb6b7cd-2023-6,2023,comp82641eec,10102-44-0,t,453.05,,BC-MAIN-3bb6b7cd,-,,SRC_TeckResourcesLimited_Teck-Sustainability-Databook
ENV-9de9bb0d-2023-10,2023,comp82641eec,10102-44-0,t,10.92,,QC-MAIN-9de9bb0d,-,,SRC_WesdomeGoldMinesLtd_2023-ESG-Data-Tables
ENV-c5fefb01-2023-10,2023,comp82641eec,10102-44-0,t,1.47,,ON-MAIN-c5fefb01,-,,SRC_WesdomeGoldMinesLtd_2023-ESG-Data-Tables
ENV-1f126a43-2023-8,2023,comp82641eec,NA - NOx,t,4802,"""In absence of site-level monitoring emission are estimated based on fuel consumption""",ON-MAIN-1f126a43,-,,SRC_AgnicoEagleMinesLimited_2023-Sustainability-Performance_data
ENV-e7e6a960-2023-8,2023,comp82641eec,NA - NOx,t,7414,"""In absence of site-level monitoring emission are estimated based on fuel consumption""",QC-MAIN-e7e6a960,-,,SRC_AgnicoEagleMinesLimited_2023-Sustainability-Performance_data
ENV-8b0264c9-2023-8,2023,comp82641eec,NA - NOx,t,4,"""In absence of site-level monitoring emission are estimated based on fuel consumption""",NU-MAIN-8b0264c9,-,,SRC_AgnicoEagleMinesLimited_2023-Sustainability-Performance_data
ENV-4ea8ac9d-2023-8,2023,comp82641eec,NA - NOx,t,75,"""In absence of site-level monitoring emission are estimated based on fuel consumption""",NU-MAIN-4ea8ac9d,-,,SRC_AgnicoEagleMinesLimited_2023-Sustainability-Performance_data
ENV-730aefe3-2023-8,2023,comp82641eec,NA - NOx,t,188,"""In absence of site-level monitoring emission are estimated based on fuel consumption""",NU-MAIN-730aefe3,-,,SRC_AgnicoEagleMinesLimited_2023-Sustainability-Performance_data
ENV-GRP-0a2c0d69-2023-8,2023,comp82641eec,NA - NOx,t,6726,"""In absence of site-level monitoring emission are estimated based on fuel consumption""",-,GRP-0a2c0d69,,SRC_AgnicoEagleMinesLimited_2023-Sustainability-Performance_data
ENV-aeafbb59-2023-8,2023,comp82641eec,NA - NOx,t,3625,"""In absence of site-level monitoring emission are estimated based on fuel consumption""",ON-MAIN-aeafbb59,-,,SRC_AgnicoEagleMinesLimited_2023-Sustainability-Performance_data
ENV-7607a50e-2023-16,2023,comp82641eec,NA - NOx,t,440.2,,ON-MAIN-7607a50e,-,,SRC_AlamosGoldInc_Data_2023
ENV-687b8c8d-2023-14,2023,comp82641eec,NA - NOx,t,28.103,,ON-MAIN-687b8c8d,-,,SRC_AlamosGoldInc_Data_2023
ENV-CMP-0f9c0b53-2023-7,2023,comp82641eec,NA - NOx,t,2329,,-,-,CMP-0f9c0b53,SRC_AlgomaSteelInc._ESG_2023
ENV-5154702a-2023-3,2023,comp82641eec,NA - NOx,t,3702,,NU-MAIN-5154702a,-,,SRC_BaffinlandIronMinesCorporation_AR_2023
ENV-CMP-cadb529a-2023-10,2023,comp82641eec,NA - NOx,t,181.69171559893115,operational control,-,-,CMP-cadb529a,SRC_CamecoCorporation_Cameco_2023_Sustainability_Report_Performance_Table_0
ENV-ed23117f-2023-6,2023,comp82641eec,NA - NOx,t,61,,BC-MAIN-ed23117f,-,,SRC_CenterraGoldInc_Data
ENV-CMP-c08ac7d7-2023-4,2023,comp82641eec,NA - NOx,kg,232,,-,-,CMP-c08ac7d7,SRC_ChampionIronLtd_cil-23sr-esg-databookvf
ENV-7f050560-2024-9,2024,comp82641eec,NA - NOx,t,17.688,,ON-MAIN-7f050560,-,,SRC_EvolutionMiningLtd_EVN_FY24-ESG-Performance-Data_web
ENV-CMP-28720916-2021-6,2021,comp82641eec,NA - NOx,kt,25.2,,-,-,CMP-28720916,SRC_EVRAZNorthAmericaInc_Databook_2021
ENV-CMP-7e360a1f-2023-8,2023,comp82641eec,NA - NOx,t,71.58,,-,-,CMP-7e360a1f,SRC_HeclaMiningCompany_SR_2023
ENV-02884fb5-2023-8,2023,comp82641eec,NA - NOx,kg,7518,,QC-MAIN-02884fb5,-,,SRC_IAMGOLDCorporation_2023_iamgold-esg-performance-data-final_protected
ENV-538513cd-2023-9,2023,comp82641eec,NA - NOx,t,111.3,,ON-MAIN-538513cd,-,,SRC_NewmontCorporation_Newmont-2023-Performance-Data-Tables-V4-locked
ENV-8eb8be0d-2023-12,2023,comp82641eec,NA - NOx,t,298.296,,BC-MAIN-8eb8be0d,-,,SRC_NewmontCorporation_Newmont-2023-Performance-Data-Tables-V4-locked
ENV-GRP-0d911886-2023-12,2023,comp82641eec,NA - NOx,t,113.09,,-,GRP-0d911886,,SRC_NewmontCorporation_Newmont-2023-Performance-Data-Tables-V4-locked
ENV-GRP-147b3123-2023-8,2023,comp82641eec,NA - NOx,t,319.19231890732357,,-,GRP-147b3123,,SRC_PanAmericanSilverCorp_PAS-2023-Sustainability-Performance-Data-Book
ENV-CMP-7a096012-2023-22,2023,comp82641eec,NA - NOx,kt,67.2,,-,-,CMP-7a096012,SRC_RioTinto_2024-sustainability-factbook
ENV-6b4800fe-2023-4,2023,comp82641eec,NA - NOx,?,264,,BC-MAIN-6b4800fe,-,,SRC_TasekoMinesLimited_ESG_2023
ENV-GRP-a13779f8-2023-6,2023,comp82641eec,NA - Particulate,t,0.55,,-,GRP-a13779f8,,SRC_HudbayMineralsInc_Hudbay-2023-Integrated-Annual-Report-Performance-Data
ENV-7607a50e-2023-17,2023,comp82641eec,NA - PFCs,CO2eq,31,,ON-MAIN-7607a50e,-,,SRC_AlamosGoldInc_Data_2023
ENV-CMP-140e111b-2023-13,2023,comp82641eec,NA - PM,t,7262,,-,-,CMP-140e111b,SRC_AlcoaCorporation_2023-Sustainability-Data-Book
ENV-bf503b6b-2023-6,2023,comp82641eec,NA - PM,t,7.74,,BC-MAIN-bf503b6b,-,,SRC_TeckResourcesLimited_Teck-Sustainability-Databook
ENV-3bb6b7cd-2023-7,2023,comp82641eec,NA - PM,t,67.37,,BC-MAIN-3bb6b7cd,-,,SRC_TeckResourcesLimited_Teck-Sustainability-Databook
ENV-7607a50e-2023-18,2023,comp82641eec,NA - PM10,t,83.19,,ON-MAIN-7607a50e,-,,SRC_AlamosGoldInc_Data_2023
ENV-687b8c8d-2023-15,2023,comp82641eec,NA - PM10,t,8.6,,ON-MAIN-687b8c8d,-,,SRC_AlamosGoldInc_Data_2023
ENV-CMP-0f9c0b53-2023-8,2023,comp82641eec,NA - PM10,t,674,,-,-,CMP-0f9c0b53,SRC_AlgomaSteelInc._ESG_2023
ENV-CMP-cadb529a-2023-11,2023,comp82641eec,NA - PM10,t,227.3527694436271,operational control,-,-,CMP-cadb529a,SRC_CamecoCorporation_Cameco_2023_Sustainability_Report_Performance_Table_0
ENV-ed23117f-2023-7,2023,comp82641eec,NA - PM10,t,2368.41,,BC-MAIN-ed23117f,-,,SRC_CenterraGoldInc_Data
ENV-CMP-c08ac7d7-2023-5,2023,comp82641eec,NA - PM10,kg,2633,,-,-,CMP-c08ac7d7,SRC_ChampionIronLtd_cil-23sr-esg-databookvf
ENV-7f050560-2024-10,2024,comp82641eec,NA - PM10,t,126.5,,ON-MAIN-7f050560,-,,SRC_EvolutionMiningLtd_EVN_FY24-ESG-Performance-Data_web
ENV-02884fb5-2023-9,2023,comp82641eec,NA - PM10,kg,54561,,QC-MAIN-02884fb5,-,,SRC_IAMGOLDCorporation_2023_iamgold-esg-performance-data-final_protected
ENV-538513cd-2023-10,2023,comp82641eec,NA - PM10,t,900,,ON-MAIN-538513cd,-,,SRC_NewmontCorporation_Newmont-2023-Performance-Data-Tables-V4-locked
ENV-8eb8be0d-2023-13,2023,comp82641eec,NA - PM10,t,72.34,,BC-MAIN-8eb8be0d,-,,SRC_NewmontCorporation_Newmont-2023-Performance-Data-Tables-V4-locked
ENV-GRP-0d911886-2023-13,2023,comp82641eec,NA - PM10,t,25.99,,-,GRP-0d911886,,SRC_NewmontCorporation_Newmont-2023-Performance-Data-Tables-V4-locked
ENV-GRP-147b3123-2023-9,2023,comp82641eec,NA - PM10,t,50.80330038861595,,-,GRP-147b3123,,SRC_PanAmericanSilverCorp_PAS-2023-Sustainability-Performance-Data-Book
ENV-CMP-7a096012-2023-23,2023,comp82641eec,NA - PM10,kt,169.5,,-,-,CMP-7a096012,SRC_RioTinto_2024-sustainability-factbook
ENV-6b4800fe-2023-5,2023,comp82641eec,NA - PM10,?,2201,,BC-MAIN-6b4800fe,-,,SRC_TasekoMinesLimited_ESG_2023
ENV-9de9bb0d-2023-11,2023,comp82641eec,NA - PM10,µm/t,9.89,,QC-MAIN-9de9bb0d,-,,SRC_WesdomeGoldMinesLtd_2023-ESG-Data-Tables
ENV-c5fefb01-2023-11,2023,comp82641eec,NA - PM10,µm/t,21.11,,ON-MAIN-c5fefb01,-,,SRC_WesdomeGoldMinesLtd_2023-ESG-Data-Tables
ENV-7607a50e-2023-19,2023,comp82641eec,NA - PM2.5,t,61.61,,ON-MAIN-7607a50e,-,,SRC_AlamosGoldInc_Data_2023
ENV-687b8c8d-2023-16,2023,comp82641eec,NA - PM2.5,t,2.6,,ON-MAIN-687b8c8d,-,,SRC_AlamosGoldInc_Data_2023
ENV-ed23117f-2023-8,2023,comp82641eec,NA - PM2.5,t,42.96,,BC-MAIN-ed23117f,-,,SRC_CenterraGoldInc_Data
ENV-CMP-c08ac7d7-2023-6,2023,comp82641eec,NA - PM2.5,kg,353,,-,-,CMP-c08ac7d7,SRC_ChampionIronLtd_cil-23sr-esg-databookvf
ENV-7f050560-2024-11,2024,comp82641eec,NA - PM2.5,t,112.97,,ON-MAIN-7f050560,-,,SRC_EvolutionMiningLtd_EVN_FY24-ESG-Performance-Data_web
ENV-02884fb5-2023-10,2023,comp82641eec,NA - PM2.5,kg,5636,,QC-MAIN-02884fb5,-,,SRC_IAMGOLDCorporation_2023_iamgold-esg-performance-data-final_protected
ENV-538513cd-2023-11,2023,comp82641eec,NA - PM2.5,t,321.7,,ON-MAIN-538513cd,-,,SRC_NewmontCorporation_Newmont-2023-Performance-Data-Tables-V4-locked
ENV-8eb8be0d-2023-14,2023,comp82641eec,NA - PM2.5,t,36.22,,BC-MAIN-8eb8be0d,-,,SRC_NewmontCorporation_Newmont-2023-Performance-Data-Tables-V4-locked
ENV-GRP-0d911886-2023-14,2023,comp82641eec,NA - PM2.5,t,13.74,,-,GRP-0d911886,,SRC_NewmontCorporation_Newmont-2023-Performance-Data-Tables-V4-locked
ENV-CMP-7a096012-2023-24,2023,comp82641eec,NA - PM2.5,kt,7.7,,-,-,CMP-7a096012,SRC_RioTinto_2024-sustainability-factbook
ENV-9de9bb0d-2023-12,2023,comp82641eec,NA - PM2.5,µm/t,2.55,,QC-MAIN-9de9bb0d,-,,SRC_WesdomeGoldMinesLtd_2023-ESG-Data-Tables
ENV-c5fefb01-2023-12,2023,comp82641eec,NA - PM2.5,µm/t,0.74,,ON-MAIN-c5fefb01,-,,SRC_WesdomeGoldMinesLtd_2023-ESG-Data-Tables
ENV-7607a50e-2023-20,2023,comp82641eec,NA - PAH,t,0.418,,ON-MAIN-7607a50e,-,,SRC_AlamosGoldInc_Data_2023
ENV-687b8c8d-2023-17,2023,comp82641eec,NA - PAH,t,38.54224,,ON-MAIN-687b8c8d,-,,SRC_AlamosGoldInc_Data_2023
ENV-CMP-0f9c0b53-2023-9,2023,comp82641eec,NA - PAH,t,0.56,,-,-,CMP-0f9c0b53,SRC_AlgomaSteelInc._ESG_2023
ENV-538513cd-2023-12,2023,comp82641eec,NA - PAH,t,0.0011,,ON-MAIN-538513cd,-,,SRC_NewmontCorporation_Newmont-2023-Performance-Data-Tables-V4-locked
ENV-8eb8be0d-2023-15,2023,comp82641eec,NA - 12,t,0.0007141,,BC-MAIN-8eb8be0d,-,,SRC_NewmontCorporation_Newmont-2023-Performance-Data-Tables-V4-locked
ENV-5154702a-2023-4,2023,comp82641eec,2025884,t,13,,NU-MAIN-5154702a,-,,SRC_BaffinlandIronMinesCorporation_AR_2023
ENV-CMP-c08ac7d7-2023-7,2023,comp82641eec,2025884,kg,15,,-,-,CMP-c08ac7d7,SRC_ChampionIronLtd_cil-23sr-esg-databookvf
ENV-CMP-d899f7d7-2023-8,2023,comp82641eec,2025884,t,241,,-,-,CMP-d899f7d7,SRC_DeBeersCanadaInc_SR_2023
ENV-bf503b6b-2023-7,2023,comp82641eec,2025884,t,1.701,,BC-MAIN-bf503b6b,-,,SRC_TeckResourcesLimited_Teck-Sustainability-Databook
ENV-3bb6b7cd-2023-8,2023,comp82641eec,2025884,t,1916.1,,BC-MAIN-3bb6b7cd,-,,SRC_TeckResourcesLimited_Teck-Sustainability-Databook
ENV-9de9bb0d-2023-13,2023,comp82641eec,2025884,t,0.61,,QC-MAIN-9de9bb0d,-,,SRC_WesdomeGoldMinesLtd_2023-ESG-Data-Tables
ENV-c5fefb01-2023-13,2023,comp82641eec,2025884,t,1.14,,ON-MAIN-c5fefb01,-,,SRC_WesdomeGoldMinesLtd_2023-ESG-Data-Tables
ENV-1f126a43-2023-9,2023,comp82641eec,NA - SOx,t,315,"""In absence of site-level monitoring emission are estimated based on fuel consumption""",ON-MAIN-1f126a43,-,,SRC_AgnicoEagleMinesLimited_2023-Sustainability-Performance_data
ENV-e7e6a960-2023-9,2023,comp82641eec,NA - SOx,t,486,"""In absence of site-level monitoring emission are estimated based on fuel consumption""",QC-MAIN-e7e6a960,-,,SRC_AgnicoEagleMinesLimited_2023-Sustainability-Performance_data
ENV-8b0264c9-2023-9,2023,comp82641eec,NA - SOx,t,38,"""In absence of site-level monitoring emission are estimated based on fuel consumption""",NU-MAIN-8b0264c9,-,,SRC_AgnicoEagleMinesLimited_2023-Sustainability-Performance_data
ENV-4ea8ac9d-2023-9,2023,comp82641eec,NA - SOx,t,48,"""In absence of site-level monitoring emission are estimated based on fuel consumption""",NU-MAIN-4ea8ac9d,-,,SRC_AgnicoEagleMinesLimited_2023-Sustainability-Performance_data
ENV-730aefe3-2023-9,2023,comp82641eec,NA - SOx,t,12,"""In absence of site-level monitoring emission are estimated based on fuel consumption""",NU-MAIN-730aefe3,-,,SRC_AgnicoEagleMinesLimited_2023-Sustainability-Performance_data
ENV-GRP-0a2c0d69-2023-9,2023,comp82641eec,NA - SOx,t,442,"""In absence of site-level monitoring emission are estimated based on fuel consumption""",-,GRP-0a2c0d69,,SRC_AgnicoEagleMinesLimited_2023-Sustainability-Performance_data
ENV-aeafbb59-2023-9,2023,comp82641eec,NA - SOx,t,238,"""In absence of site-level monitoring emission are estimated based on fuel consumption""",ON-MAIN-aeafbb59,-,,SRC_AgnicoEagleMinesLimited_2023-Sustainability-Performance_data
ENV-7607a50e-2023-21,2023,comp82641eec,NA - SOx,t,0.66,,ON-MAIN-7607a50e,-,,SRC_AlamosGoldInc_Data_2023
ENV-687b8c8d-2023-18,2023,comp82641eec,NA - SOx,t,0.243,,ON-MAIN-687b8c8d,-,,SRC_AlamosGoldInc_Data_2023
ENV-CMP-0f9c0b53-2023-10,2023,comp82641eec,NA - SOx,t,3493,,-,-,CMP-0f9c0b53,SRC_AlgomaSteelInc._ESG_2023
ENV-CMP-cadb529a-2023-12,2023,comp82641eec,NA - SOx,t,0,operational control,-,-,CMP-cadb529a,SRC_CamecoCorporation_Cameco_2023_Sustainability_Report_Performance_Table_0
ENV-7f050560-2024-12,2024,comp82641eec,NA - SOx,t,1.438,,ON-MAIN-7f050560,-,,SRC_EvolutionMiningLtd_EVN_FY24-ESG-Performance-Data_web
ENV-CMP-28720916-2021-7,2021,comp82641eec,NA - SOx,kt,41.6,,-,-,CMP-28720916,SRC_EVRAZNorthAmericaInc_Databook_2021
ENV-CMP-7e360a1f-2023-9,2023,comp82641eec,NA - SOx,t,0.02,,-,-,CMP-7e360a1f,SRC_HeclaMiningCompany_SR_2023
ENV-02884fb5-2023-11,2023,comp82641eec,NA - SOx,kg,16.3,,QC-MAIN-02884fb5,-,,SRC_IAMGOLDCorporation_2023_iamgold-esg-performance-data-final_protected
ENV-538513cd-2023-13,2023,comp82641eec,NA - SOx,t,4.8,,ON-MAIN-538513cd,-,,SRC_NewmontCorporation_Newmont-2023-Performance-Data-Tables-V4-locked
ENV-8eb8be0d-2023-16,2023,comp82641eec,NA - SOx,t,1.878,,BC-MAIN-8eb8be0d,-,,SRC_NewmontCorporation_Newmont-2023-Performance-Data-Tables-V4-locked
ENV-GRP-0d911886-2023-15,2023,comp82641eec,NA - SOx,t,0.44,,-,GRP-0d911886,,SRC_NewmontCorporation_Newmont-2023-Performance-Data-Tables-V4-locked
ENV-GRP-147b3123-2023-10,2023,comp82641eec,NA - SOx,t,47.442164741802024,,-,GRP-147b3123,,SRC_PanAmericanSilverCorp_PAS-2023-Sustainability-Performance-Data-Book
ENV-CMP-7a096012-2023-25,2023,comp82641eec,NA - SOx,kt,72.8,,-,-,CMP-7a096012,SRC_RioTinto_2024-sustainability-factbook
ENV-6b4800fe-2023-6,2023,comp82641eec,NA - SOx,?,32,,BC-MAIN-6b4800fe,-,,SRC_TasekoMinesLimited_ESG_2023
ENV-CMP-140e111b-2023-14,2023,comp82641eec,2025884,kt,46.5,,-,-,CMP-140e111b,SRC_AlcoaCorporation_2023-Sustainability-Data-Book
ENV-CMP-cadb529a-2023-13,2023,comp82641eec,7440-61-1,t,0.27757,operational control,-,-,CMP-cadb529a,SRC_CamecoCorporation_Cameco_2023_Sustainability_Report_Performance_Table_0
ENV-7607a50e-2023-22,2023,comp82641eec,NA - M16,t,8.5,,ON-MAIN-7607a50e,-,,SRC_AlamosGoldInc_Data_2023
ENV-687b8c8d-2023-19,2023,comp82641eec,NA - M16,t,31.552,,ON-MAIN-687b8c8d,-,,SRC_AlamosGoldInc_Data_2023
ENV-CMP-140e111b-2023-15,2023,comp82641eec,NA - M16,t,1509,,-,-,CMP-140e111b,SRC_AlcoaCorporation_2023-Sustainability-Data-Book
ENV-CMP-0f9c0b53-2023-11,2023,comp82641eec,NA - M16,t,117,,-,-,CMP-0f9c0b53,SRC_AlgomaSteelInc._ESG_2023
ENV-CMP-cadb529a-2023-14,2023,comp82641eec,NA - M16,t,77.03145938542302,operational control,-,-,CMP-cadb529a,SRC_CamecoCorporation_Cameco_2023_Sustainability_Report_Performance_Table_0
ENV-7f050560-2024-13,2024,comp82641eec,NA - M16,t,4.716,,ON-MAIN-7f050560,-,,SRC_EvolutionMiningLtd_EVN_FY24-ESG-Performance-Data_web
ENV-CMP-28720916-2021-8,2021,comp82641eec,NA - M16,kt,1.4,,-,-,CMP-28720916,SRC_EVRAZNorthAmericaInc_Databook_2021
ENV-02884fb5-2023-12,2023,comp82641eec,NA - M16,kg,152.4,,QC-MAIN-02884fb5,-,,SRC_IAMGOLDCorporation_2023_iamgold-esg-performance-data-final_protected
ENV-538513cd-2023-14,2023,comp82641eec,NA - M16,t,2.4,,ON-MAIN-538513cd,-,,SRC_NewmontCorporation_Newmont-2023-Performance-Data-Tables-V4-locked
ENV-8eb8be0d-2023-17,2023,comp82641eec,NA - M16,t,4.625,,BC-MAIN-8eb8be0d,-,,SRC_NewmontCorporation_Newmont-2023-Performance-Data-Tables-V4-locked
ENV-GRP-147b3123-2023-11,2023,comp82641eec,NA - M16,t,60.86381506924382,,-,GRP-147b3123,,SRC_PanAmericanSilverCorp_PAS-2023-Sustainability-Performance-Data-Book
ENV-6b4800fe-2023-7,2023,comp82641eec,NA - M16,?,3.5,,BC-MAIN-6b4800fe,-,,SRC_TasekoMinesLimited_ESG_2023
ENV-bf503b6b-2023-8,2023,comp82641eec,NA - M16,t,45.9,,BC-MAIN-bf503b6b,-,,SRC_TeckResourcesLimited_Teck-Sustainability-Databook
ENV-3bb6b7cd-2023-9,2023,comp82641eec,NA - M16,t,12.52,,BC-MAIN-3bb6b7cd,-,,SRC_TeckResourcesLimited_Teck-Sustainability-Databook
ENV-9de9bb0d-2023-14,2023,comp82641eec,NA - M16,t,0.2,,QC-MAIN-9de9bb0d,-,,SRC_WesdomeGoldMinesLtd_2023-ESG-Data-Tables
ENV-c5fefb01-2023-14,2023,comp82641eec,NA - M16,t,0.99,,ON-MAIN-c5fefb01,-,,SRC_WesdomeGoldMinesLtd_2023-ESG-Data-Tables
