row_id,main_id,name,year,buffer_size,total_population,geometry,source_id
population-5801b453-2025-1,QC-MAIN-5801b453,Abcourt-Barvue,2025,10km,1305.9018602927854,POINT (-77.67901 48.52154),https://doi.org/10.2905/2FF68A52-5B5B-4A22-8F40-C41DA8332CFE
population-5801b453-2025-2,QC-MAIN-5801b453,Abcourt-Barvue,2025,50km,63977.83057428292,POINT (-77.67901 48.52154),https://doi.org/10.2905/2FF68A52-5B5B-4A22-8F40-C41DA8332CFE
population-5801b453-2030-1,QC-MAIN-5801b453,Abcourt-Barvue,2030,10km,1338.0889845531553,POINT (-77.67901 48.52154),https://doi.org/10.2905/2FF68A52-5B5B-4A22-8F40-C41DA8332CFE
population-5801b453-2030-2,QC-MAIN-5801b453,Abcourt-Barvue,2030,50km,65434.15409766603,POINT (-77.67901 48.52154),https://doi.org/10.2905/2FF68A52-5B5B-4A22-8F40-C41DA8332CFE
population-d29e0839-2025-1,QC-MAIN-d29e0839,Sleeping Giant,2025,10km,0.0,POINT (-77.97434 49.13259),https://doi.org/10.2905/2FF68A52-5B5B-4A22-8F40-C41DA8332CFE
population-d29e0839-2025-2,QC-MAIN-d29e0839,Sleeping Giant,2025,50km,919.5582553863928,POINT (-77.97434 49.13259),https://doi.org/10.2905/2FF68A52-5B5B-4A22-8F40-C41DA8332CFE
population-d29e0839-2030-1,QC-MAIN-d29e0839,Sleeping Giant,2030,10km,0.0,POINT (-77.97434 49.13259),https://doi.org/10.2905/2FF68A52-5B5B-4A22-8F40-C41DA8332CFE
population-d29e0839-2030-2,QC-MAIN-d29e0839,Sleeping Giant,2030,50km,940.0397387087445,POINT (-77.97434 49.13259),https://doi.org/10.2905/2FF68A52-5B5B-4A22-8F40-C41DA8332CFE
population-f1ff4920-2025-1,QC-MAIN-f1ff4920,Akasaba West,2025,10km,90.6728908880479,POINT (-77.58 48.04),https://doi.org/10.2905/2FF68A52-5B5B-4A22-8F40-C41DA8332CFE
population-f1ff4920-2025-2,QC-MAIN-f1ff4920,Akasaba West,2025,50km,50369.118121940024,POINT (-77.58 48.04),https://doi.org/10.2905/2FF68A52-5B5B-4A22-8F40-C41DA8332CFE
population-f1ff4920-2030-1,QC-MAIN-f1ff4920,Akasaba West,2030,10km,92.72419531885625,POINT (-77.58 48.04),https://doi.org/10.2905/2FF68A52-5B5B-4A22-8F40-C41DA8332CFE
population-f1ff4920-2030-2,QC-MAIN-f1ff4920,Akasaba West,2030,50km,51512.92938187669,POINT (-77.58 48.04),https://doi.org/10.2905/2FF68A52-5B5B-4A22-8F40-C41DA8332CFE
population-4ea8ac9d-2025-1,NU-MAIN-4ea8ac9d,Amaruq,2025,10km,0.0,POINT (-96.697 65.415),https://doi.org/10.2905/2FF68A52-5B5B-4A22-8F40-C41DA8332CFE
population-4ea8ac9d-2025-2,NU-MAIN-4ea8ac9d,Amaruq,2025,50km,0.0,POINT (-96.697 65.415),https://doi.org/10.2905/2FF68A52-5B5B-4A22-8F40-C41DA8332CFE
population-4ea8ac9d-2030-1,NU-MAIN-4ea8ac9d,Amaruq,2030,10km,0.0,POINT (-96.697 65.415),https://doi.org/10.2905/2FF68A52-5B5B-4A22-8F40-C41DA8332CFE
population-4ea8ac9d-2030-2,NU-MAIN-4ea8ac9d,Amaruq,2030,50km,0.0,POINT (-96.697 65.415),https://doi.org/10.2905/2FF68A52-5B5B-4A22-8F40-C41DA8332CFE
population-e7e6a960-2025-1,QC-MAIN-e7e6a960,Canadian Malartic,2025,10km,4490.380217639397,POINT (-78.130824 48.122223),https://doi.org/10.2905/2FF68A52-5B5B-4A22-8F40-C41DA8332CFE
population-e7e6a960-2025-2,QC-MAIN-e7e6a960,Canadian Malartic,2025,50km,53446.90496249795,POINT (-78.130824 48.122223),https://doi.org/10.2905/2FF68A52-5B5B-4A22-8F40-C41DA8332CFE
population-e7e6a960-2030-1,QC-MAIN-e7e6a960,Canadian Malartic,2030,10km,4588.886652095737,POINT (-78.130824 48.122223),https://doi.org/10.2905/2FF68A52-5B5B-4A22-8F40-C41DA8332CFE
population-e7e6a960-2030-2,QC-MAIN-e7e6a960,Canadian Malartic,2030,50km,54655.0339465118,POINT (-78.130824 48.122223),https://doi.org/10.2905/2FF68A52-5B5B-4A22-8F40-C41DA8332CFE
population-aeafbb59-2025-1,ON-MAIN-aeafbb59,Detour Lake,2025,10km,0.0,POINT (-79.717631 50.018143),https://doi.org/10.2905/2FF68A52-5B5B-4A22-8F40-C41DA8332CFE
population-aeafbb59-2025-2,ON-MAIN-aeafbb59,Detour Lake,2025,50km,0.01738503819797188,POINT (-79.717631 50.018143),https://doi.org/10.2905/2FF68A52-5B5B-4A22-8F40-C41DA8332CFE
population-aeafbb59-2030-1,ON-MAIN-aeafbb59,Detour Lake,2030,10km,0.0,POINT (-79.717631 50.018143),https://doi.org/10.2905/2FF68A52-5B5B-4A22-8F40-C41DA8332CFE
population-aeafbb59-2030-2,ON-MAIN-aeafbb59,Detour Lake,2030,50km,0.017780637950636446,POINT (-79.717631 50.018143),https://doi.org/10.2905/2FF68A52-5B5B-4A22-8F40-C41DA8332CFE
population-c0660aec-2025-1,QC-MAIN-c0660aec,Goldex,2025,10km,31403.371318131358,POINT (-77.8733 48.0926),https://doi.org/10.2905/2FF68A52-5B5B-4A22-8F40-C41DA8332CFE
population-c0660aec-2025-2,QC-MAIN-c0660aec,Goldex,2025,50km,50469.10169722445,POINT (-77.8733 48.0926),https://doi.org/10.2905/2FF68A52-5B5B-4A22-8F40-C41DA8332CFE
population-c0660aec-2030-1,QC-MAIN-c0660aec,Goldex,2030,10km,32145.603184328207,POINT (-77.8733 48.0926),https://doi.org/10.2905/2FF68A52-5B5B-4A22-8F40-C41DA8332CFE
population-c0660aec-2030-2,QC-MAIN-c0660aec,Goldex,2030,50km,51607.99027181136,POINT (-77.8733 48.0926),https://doi.org/10.2905/2FF68A52-5B5B-4A22-8F40-C41DA8332CFE
population-e51eda66-2025-1,QC-MAIN-e51eda66,LaRonde,2025,10km,1331.5096001387822,POINT (-78.428 48.2516),https://doi.org/10.2905/2FF68A52-5B5B-4A22-8F40-C41DA8332CFE
population-e51eda66-2025-2,QC-MAIN-e51eda66,LaRonde,2025,50km,85753.83910362789,POINT (-78.428 48.2516),https://doi.org/10.2905/2FF68A52-5B5B-4A22-8F40-C41DA8332CFE
population-e51eda66-2030-1,QC-MAIN-e51eda66,LaRonde,2030,10km,1369.8654912880788,POINT (-78.428 48.2516),https://doi.org/10.2905/2FF68A52-5B5B-4A22-8F40-C41DA8332CFE
population-e51eda66-2030-2,QC-MAIN-e51eda66,LaRonde,2030,50km,87693.41743626243,POINT (-78.428 48.2516),https://doi.org/10.2905/2FF68A52-5B5B-4A22-8F40-C41DA8332CFE
population-1f126a43-2025-1,ON-MAIN-1f126a43,Macassa,2025,10km,9692.441926674617,POINT (-80.071637 48.142528),https://doi.org/10.2905/2FF68A52-5B5B-4A22-8F40-C41DA8332CFE
population-1f126a43-2025-2,ON-MAIN-1f126a43,Macassa,2025,50km,18005.138853093245,POINT (-80.071637 48.142528),https://doi.org/10.2905/2FF68A52-5B5B-4A22-8F40-C41DA8332CFE
population-1f126a43-2030-1,ON-MAIN-1f126a43,Macassa,2030,10km,9988.39395048241,POINT (-80.071637 48.142528),https://doi.org/10.2905/2FF68A52-5B5B-4A22-8F40-C41DA8332CFE
population-1f126a43-2030-2,ON-MAIN-1f126a43,Macassa,2030,50km,18549.989496817372,POINT (-80.071637 48.142528),https://doi.org/10.2905/2FF68A52-5B5B-4A22-8F40-C41DA8332CFE
population-730aefe3-2025-1,NU-MAIN-730aefe3,Meadowbank,2025,10km,0.0,POINT (-96.071313 65.0199956),https://doi.org/10.2905/2FF68A52-5B5B-4A22-8F40-C41DA8332CFE
population-730aefe3-2025-2,NU-MAIN-730aefe3,Meadowbank,2025,50km,0.0,POINT (-96.071313 65.0199956),https://doi.org/10.2905/2FF68A52-5B5B-4A22-8F40-C41DA8332CFE
population-730aefe3-2030-1,NU-MAIN-730aefe3,Meadowbank,2030,10km,0.0,POINT (-96.071313 65.0199956),https://doi.org/10.2905/2FF68A52-5B5B-4A22-8F40-C41DA8332CFE
population-730aefe3-2030-2,NU-MAIN-730aefe3,Meadowbank,2030,50km,0.0,POINT (-96.071313 65.0199956),https://doi.org/10.2905/2FF68A52-5B5B-4A22-8F40-C41DA8332CFE
population-8b0264c9-2025-1,NU-MAIN-8b0264c9,Meliadine,2025,10km,0.0,POINT (-92.220206 63.031529),https://doi.org/10.2905/2FF68A52-5B5B-4A22-8F40-C41DA8332CFE
population-8b0264c9-2025-2,NU-MAIN-8b0264c9,Meliadine,2025,50km,0.0,POINT (-92.220206 63.031529),https://doi.org/10.2905/2FF68A52-5B5B-4A22-8F40-C41DA8332CFE
population-8b0264c9-2030-1,NU-MAIN-8b0264c9,Meliadine,2030,10km,0.0,POINT (-92.220206 63.031529),https://doi.org/10.2905/2FF68A52-5B5B-4A22-8F40-C41DA8332CFE
population-8b0264c9-2030-2,NU-MAIN-8b0264c9,Meliadine,2030,50km,0.0,POINT (-92.220206 63.031529),https://doi.org/10.2905/2FF68A52-5B5B-4A22-8F40-C41DA8332CFE
population-5d21dbd5-2025-1,MB-MAIN-5d21dbd5,Monument Bay,2025,10km,0.0,POINT (-92.914016 54.446415),https://doi.org/10.2905/2FF68A52-5B5B-4A22-8F40-C41DA8332CFE
population-5d21dbd5-2025-2,MB-MAIN-5d21dbd5,Monument Bay,2025,50km,0.0,POINT (-92.914016 54.446415),https://doi.org/10.2905/2FF68A52-5B5B-4A22-8F40-C41DA8332CFE
population-5d21dbd5-2030-1,MB-MAIN-5d21dbd5,Monument Bay,2030,10km,0.0,POINT (-92.914016 54.446415),https://doi.org/10.2905/2FF68A52-5B5B-4A22-8F40-C41DA8332CFE
population-5d21dbd5-2030-2,MB-MAIN-5d21dbd5,Monument Bay,2030,50km,0.0,POINT (-92.914016 54.446415),https://doi.org/10.2905/2FF68A52-5B5B-4A22-8F40-C41DA8332CFE
population-74997012-2025-1,ON-MAIN-74997012,Upper Beaver,2025,10km,868.9827688471414,POINT (-79.76 48.16),https://doi.org/10.2905/2FF68A52-5B5B-4A22-8F40-C41DA8332CFE
population-74997012-2025-2,ON-MAIN-74997012,Upper Beaver,2025,50km,24669.634733136583,POINT (-79.76 48.16),https://doi.org/10.2905/2FF68A52-5B5B-4A22-8F40-C41DA8332CFE
population-74997012-2030-1,ON-MAIN-74997012,Upper Beaver,2030,10km,895.3136030478636,POINT (-79.76 48.16),https://doi.org/10.2905/2FF68A52-5B5B-4A22-8F40-C41DA8332CFE
population-74997012-2030-2,ON-MAIN-74997012,Upper Beaver,2030,50km,25368.758540779418,POINT (-79.76 48.16),https://doi.org/10.2905/2FF68A52-5B5B-4A22-8F40-C41DA8332CFE
population-687b8c8d-2025-1,ON-MAIN-687b8c8d,Island,2025,10km,86.88008238958633,POINT (-84.449604 48.285667),https://doi.org/10.2905/2FF68A52-5B5B-4A22-8F40-C41DA8332CFE
population-687b8c8d-2025-2,ON-MAIN-687b8c8d,Island,2025,50km,4180.965277757278,POINT (-84.449604 48.285667),https://doi.org/10.2905/2FF68A52-5B5B-4A22-8F40-C41DA8332CFE
population-687b8c8d-2030-1,ON-MAIN-687b8c8d,Island,2030,10km,89.3484395023125,POINT (-84.449604 48.285667),https://doi.org/10.2905/2FF68A52-5B5B-4A22-8F40-C41DA8332CFE
population-687b8c8d-2030-2,ON-MAIN-687b8c8d,Island,2030,50km,4312.2188655648915,POINT (-84.449604 48.285667),https://doi.org/10.2905/2FF68A52-5B5B-4A22-8F40-C41DA8332CFE
population-7607a50e-2025-1,ON-MAIN-7607a50e,Young-Davidson,2025,10km,301.6788492500782,POINT (-80.67444 47.94667),https://doi.org/10.2905/2FF68A52-5B5B-4A22-8F40-C41DA8332CFE
population-7607a50e-2025-2,ON-MAIN-7607a50e,Young-Davidson,2025,50km,2700.552721022227,POINT (-80.67444 47.94667),https://doi.org/10.2905/2FF68A52-5B5B-4A22-8F40-C41DA8332CFE
population-7607a50e-2030-1,ON-MAIN-7607a50e,Young-Davidson,2030,10km,310.8264129664749,POINT (-80.67444 47.94667),https://doi.org/10.2905/2FF68A52-5B5B-4A22-8F40-C41DA8332CFE
population-7607a50e-2030-2,ON-MAIN-7607a50e,Young-Davidson,2030,50km,2786.3023921346125,POINT (-80.67444 47.94667),https://doi.org/10.2905/2FF68A52-5B5B-4A22-8F40-C41DA8332CFE
population-52c01ae4-2025-1,QC-MAIN-52c01ae4,Baie-Comeau,2025,10km,0.0,POINT (-68.1491 49.2562),https://doi.org/10.2905/2FF68A52-5B5B-4A22-8F40-C41DA8332CFE
population-52c01ae4-2025-2,QC-MAIN-52c01ae4,Baie-Comeau,2025,50km,0.0,POINT (-68.1491 49.2562),https://doi.org/10.2905/2FF68A52-5B5B-4A22-8F40-C41DA8332CFE
population-52c01ae4-2030-1,QC-MAIN-52c01ae4,Baie-Comeau,2030,10km,0.0,POINT (-68.1491 49.2562),https://doi.org/10.2905/2FF68A52-5B5B-4A22-8F40-C41DA8332CFE
population-52c01ae4-2030-2,QC-MAIN-52c01ae4,Baie-Comeau,2030,50km,0.0,POINT (-68.1491 49.2562),https://doi.org/10.2905/2FF68A52-5B5B-4A22-8F40-C41DA8332CFE
population-eac5a52b-2025-1,QC-MAIN-eac5a52b,Deschambault,2025,10km,10253.559233054419,POINT (-71.9467 46.6939),https://doi.org/10.2905/2FF68A52-5B5B-4A22-8F40-C41DA8332CFE
population-eac5a52b-2025-2,QC-MAIN-eac5a52b,Deschambault,2025,50km,375107.2588208292,POINT (-71.9467 46.6939),https://doi.org/10.2905/2FF68A52-5B5B-4A22-8F40-C41DA8332CFE
population-eac5a52b-2030-1,QC-MAIN-eac5a52b,Deschambault,2030,10km,10479.212729837576,POINT (-71.9467 46.6939),https://doi.org/10.2905/2FF68A52-5B5B-4A22-8F40-C41DA8332CFE
population-eac5a52b-2030-2,QC-MAIN-eac5a52b,Deschambault,2030,50km,389851.46883062704,POINT (-71.9467 46.6939),https://doi.org/10.2905/2FF68A52-5B5B-4A22-8F40-C41DA8332CFE
population-81a288d0-2025-1,QC-MAIN-81a288d0,Elysis,2025,10km,113629.27977280482,POINT (-71.17565 48.43214),https://doi.org/10.2905/2FF68A52-5B5B-4A22-8F40-C41DA8332CFE
population-81a288d0-2025-2,QC-MAIN-81a288d0,Elysis,2025,50km,229053.19013165036,POINT (-71.17565 48.43214),https://doi.org/10.2905/2FF68A52-5B5B-4A22-8F40-C41DA8332CFE
population-81a288d0-2030-1,QC-MAIN-81a288d0,Elysis,2030,10km,118605.31734194356,POINT (-71.17565 48.43214),https://doi.org/10.2905/2FF68A52-5B5B-4A22-8F40-C41DA8332CFE
population-81a288d0-2030-2,QC-MAIN-81a288d0,Elysis,2030,50km,237825.63412818368,POINT (-71.17565 48.43214),https://doi.org/10.2905/2FF68A52-5B5B-4A22-8F40-C41DA8332CFE
population-c8966bdc-2025-1,QC-MAIN-c8966bdc,Bécancour,2025,10km,20103.986847990553,POINT (-72.3852 46.381),https://doi.org/10.2905/2FF68A52-5B5B-4A22-8F40-C41DA8332CFE
population-c8966bdc-2025-2,QC-MAIN-c8966bdc,Bécancour,2025,50km,0.0,POINT (-72.3852 46.381),https://doi.org/10.2905/2FF68A52-5B5B-4A22-8F40-C41DA8332CFE
population-c8966bdc-2030-1,QC-MAIN-c8966bdc,Bécancour,2030,10km,20780.349039932593,POINT (-72.3852 46.381),https://doi.org/10.2905/2FF68A52-5B5B-4A22-8F40-C41DA8332CFE
population-c8966bdc-2030-2,QC-MAIN-c8966bdc,Bécancour,2030,50km,0.0,POINT (-72.3852 46.381),https://doi.org/10.2905/2FF68A52-5B5B-4A22-8F40-C41DA8332CFE
population-eab8c362-2025-1,ON-MAIN-eab8c362,Algoma Steel,2025,10km,88844.19987684392,POINT (-84.36664 46.52055),https://doi.org/10.2905/2FF68A52-5B5B-4A22-8F40-C41DA8332CFE
population-eab8c362-2025-2,ON-MAIN-eab8c362,Algoma Steel,2025,50km,123460.14571194908,POINT (-84.36664 46.52055),https://doi.org/10.2905/2FF68A52-5B5B-4A22-8F40-C41DA8332CFE
population-eab8c362-2030-1,ON-MAIN-eab8c362,Algoma Steel,2030,10km,90532.71754565909,POINT (-84.36664 46.52055),https://doi.org/10.2905/2FF68A52-5B5B-4A22-8F40-C41DA8332CFE
population-eab8c362-2030-2,ON-MAIN-eab8c362,Algoma Steel,2030,50km,125020.33896960536,POINT (-84.36664 46.52055),https://doi.org/10.2905/2FF68A52-5B5B-4A22-8F40-C41DA8332CFE
population-8c7063b2-2025-1,QC-MAIN-8c7063b2,James Bay Lithium,2025,10km,0.0,POINT (-77.06667 52.23333),https://doi.org/10.2905/2FF68A52-5B5B-4A22-8F40-C41DA8332CFE
population-8c7063b2-2025-2,QC-MAIN-8c7063b2,James Bay Lithium,2025,50km,0.03773942371481098,POINT (-77.06667 52.23333),https://doi.org/10.2905/2FF68A52-5B5B-4A22-8F40-C41DA8332CFE
population-8c7063b2-2030-1,QC-MAIN-8c7063b2,James Bay Lithium,2030,10km,0.0,POINT (-77.06667 52.23333),https://doi.org/10.2905/2FF68A52-5B5B-4A22-8F40-C41DA8332CFE
population-8c7063b2-2030-2,QC-MAIN-8c7063b2,James Bay Lithium,2030,50km,0.03859819041099399,POINT (-77.06667 52.23333),https://doi.org/10.2905/2FF68A52-5B5B-4A22-8F40-C41DA8332CFE
population-3ef4f421-2025-1,BC-MAIN-3ef4f421,Avanti Kitsault,2025,10km,10.804271132219583,POINT (-129.419 55.422),https://doi.org/10.2905/2FF68A52-5B5B-4A22-8F40-C41DA8332CFE
population-3ef4f421-2025-2,BC-MAIN-3ef4f421,Avanti Kitsault,2025,50km,1724.6983902920038,POINT (-129.419 55.422),https://doi.org/10.2905/2FF68A52-5B5B-4A22-8F40-C41DA8332CFE
population-3ef4f421-2030-1,BC-MAIN-3ef4f421,Avanti Kitsault,2030,10km,11.244297055527568,POINT (-129.419 55.422),https://doi.org/10.2905/2FF68A52-5B5B-4A22-8F40-C41DA8332CFE
population-3ef4f421-2030-2,BC-MAIN-3ef4f421,Avanti Kitsault,2030,50km,1794.9706817050464,POINT (-129.419 55.422),https://doi.org/10.2905/2FF68A52-5B5B-4A22-8F40-C41DA8332CFE
population-9fed34a8-2025-1,AB-MAIN-9fed34a8,AltaSteel,2025,10km,498709.25384164636,POINT (-113.387962 53.492783),https://doi.org/10.2905/2FF68A52-5B5B-4A22-8F40-C41DA8332CFE
population-9fed34a8-2025-2,AB-MAIN-9fed34a8,AltaSteel,2025,50km,1587484.5311207103,POINT (-113.387962 53.492783),https://doi.org/10.2905/2FF68A52-5B5B-4A22-8F40-C41DA8332CFE
population-9fed34a8-2030-1,AB-MAIN-9fed34a8,AltaSteel,2030,10km,524562.204282393,POINT (-113.387962 53.492783),https://doi.org/10.2905/2FF68A52-5B5B-4A22-8F40-C41DA8332CFE
population-9fed34a8-2030-2,AB-MAIN-9fed34a8,AltaSteel,2030,50km,1670741.4547198024,POINT (-113.387962 53.492783),https://doi.org/10.2905/2FF68A52-5B5B-4A22-8F40-C41DA8332CFE
population-33c09b8b-2025-1,QC-MAIN-33c09b8b,Fire Lake,2025,10km,0.0,POINT (-67.363935 52.352998),https://doi.org/10.2905/2FF68A52-5B5B-4A22-8F40-C41DA8332CFE
population-33c09b8b-2025-2,QC-MAIN-33c09b8b,Fire Lake,2025,50km,0.0,POINT (-67.363935 52.352998),https://doi.org/10.2905/2FF68A52-5B5B-4A22-8F40-C41DA8332CFE
population-33c09b8b-2030-1,QC-MAIN-33c09b8b,Fire Lake,2030,10km,0.0,POINT (-67.363935 52.352998),https://doi.org/10.2905/2FF68A52-5B5B-4A22-8F40-C41DA8332CFE
population-33c09b8b-2030-2,QC-MAIN-33c09b8b,Fire Lake,2030,50km,0.0,POINT (-67.363935 52.352998),https://doi.org/10.2905/2FF68A52-5B5B-4A22-8F40-C41DA8332CFE
population-084bd95c-2025-1,QC-MAIN-084bd95c,Mont-Wright,2025,10km,0.0,POINT (-67.330058 52.757053),https://doi.org/10.2905/2FF68A52-5B5B-4A22-8F40-C41DA8332CFE
population-084bd95c-2025-2,QC-MAIN-084bd95c,Mont-Wright,2025,50km,13076.8423898773,POINT (-67.330058 52.757053),https://doi.org/10.2905/2FF68A52-5B5B-4A22-8F40-C41DA8332CFE
population-084bd95c-2030-1,QC-MAIN-084bd95c,Mont-Wright,2030,10km,0.0,POINT (-67.330058 52.757053),https://doi.org/10.2905/2FF68A52-5B5B-4A22-8F40-C41DA8332CFE
population-084bd95c-2030-2,QC-MAIN-084bd95c,Mont-Wright,2030,50km,13136.202551873721,POINT (-67.330058 52.757053),https://doi.org/10.2905/2FF68A52-5B5B-4A22-8F40-C41DA8332CFE
population-1eee4ace-2025-1,QC-MAIN-1eee4ace,Contrecœur East,2025,10km,20686.72554130921,POINT (-73.249081 45.837723),https://doi.org/10.2905/2FF68A52-5B5B-4A22-8F40-C41DA8332CFE
population-1eee4ace-2025-2,QC-MAIN-1eee4ace,Contrecœur East,2025,50km,2418287.322966183,POINT (-73.249081 45.837723),https://doi.org/10.2905/2FF68A52-5B5B-4A22-8F40-C41DA8332CFE
population-1eee4ace-2030-1,QC-MAIN-1eee4ace,Contrecœur East,2030,10km,21815.713711209766,POINT (-73.249081 45.837723),https://doi.org/10.2905/2FF68A52-5B5B-4A22-8F40-C41DA8332CFE
population-1eee4ace-2030-2,QC-MAIN-1eee4ace,Contrecœur East,2030,50km,2542139.8695108118,POINT (-73.249081 45.837723),https://doi.org/10.2905/2FF68A52-5B5B-4A22-8F40-C41DA8332CFE
population-844dcc47-2025-1,QC-MAIN-844dcc47,Contrecœur West,2025,10km,23152.453500922304,POINT (-73.263268 45.819938),https://doi.org/10.2905/2FF68A52-5B5B-4A22-8F40-C41DA8332CFE
population-844dcc47-2025-2,QC-MAIN-844dcc47,Contrecœur West,2025,50km,2993006.280913758,POINT (-73.263268 45.819938),https://doi.org/10.2905/2FF68A52-5B5B-4A22-8F40-C41DA8332CFE
population-844dcc47-2030-1,QC-MAIN-844dcc47,Contrecœur West,2030,10km,24439.726735101067,POINT (-73.263268 45.819938),https://doi.org/10.2905/2FF68A52-5B5B-4A22-8F40-C41DA8332CFE
population-844dcc47-2030-2,QC-MAIN-844dcc47,Contrecœur West,2030,50km,3128592.425654672,POINT (-73.263268 45.819938),https://doi.org/10.2905/2FF68A52-5B5B-4A22-8F40-C41DA8332CFE
population-e25eed27-2025-1,QC-MAIN-e25eed27,Port-Cartier,2025,10km,0.0,POINT (-66.797531 50.03213),https://doi.org/10.2905/2FF68A52-5B5B-4A22-8F40-C41DA8332CFE
population-e25eed27-2025-2,QC-MAIN-e25eed27,Port-Cartier,2025,50km,0.0,POINT (-66.797531 50.03213),https://doi.org/10.2905/2FF68A52-5B5B-4A22-8F40-C41DA8332CFE
population-e25eed27-2030-1,QC-MAIN-e25eed27,Port-Cartier,2030,10km,0.0,POINT (-66.797531 50.03213),https://doi.org/10.2905/2FF68A52-5B5B-4A22-8F40-C41DA8332CFE
population-e25eed27-2030-2,QC-MAIN-e25eed27,Port-Cartier,2030,50km,0.0,POINT (-66.797531 50.03213),https://doi.org/10.2905/2FF68A52-5B5B-4A22-8F40-C41DA8332CFE
population-4c35e094-2025-1,ON-MAIN-4c35e094,ArcelorMittal Dofasco,2025,10km,471518.39073666965,POINT (-79.805204 43.269132),https://doi.org/10.2905/2FF68A52-5B5B-4A22-8F40-C41DA8332CFE
population-4c35e094-2025-2,ON-MAIN-4c35e094,ArcelorMittal Dofasco,2025,50km,3273365.6764622647,POINT (-79.805204 43.269132),https://doi.org/10.2905/2FF68A52-5B5B-4A22-8F40-C41DA8332CFE
population-4c35e094-2030-1,ON-MAIN-4c35e094,ArcelorMittal Dofasco,2030,10km,495178.16851214564,POINT (-79.805204 43.269132),https://doi.org/10.2905/2FF68A52-5B5B-4A22-8F40-C41DA8332CFE
population-4c35e094-2030-2,ON-MAIN-4c35e094,ArcelorMittal Dofasco,2030,50km,3407282.5536139016,POINT (-79.805204 43.269132),https://doi.org/10.2905/2FF68A52-5B5B-4A22-8F40-C41DA8332CFE
population-8825d90d-2025-1,ON-MAIN-8825d90d,Magino,2025,10km,715.6691753230131,POINT (-84.45744 48.28869),https://doi.org/10.2905/2FF68A52-5B5B-4A22-8F40-C41DA8332CFE
population-8825d90d-2025-2,ON-MAIN-8825d90d,Magino,2025,50km,4180.876533809898,POINT (-84.45744 48.28869),https://doi.org/10.2905/2FF68A52-5B5B-4A22-8F40-C41DA8332CFE
population-8825d90d-2030-1,ON-MAIN-8825d90d,Magino,2030,10km,737.3165913625273,POINT (-84.45744 48.28869),https://doi.org/10.2905/2FF68A52-5B5B-4A22-8F40-C41DA8332CFE
population-8825d90d-2030-2,ON-MAIN-8825d90d,Magino,2030,50km,4312.1328117983485,POINT (-84.45744 48.28869),https://doi.org/10.2905/2FF68A52-5B5B-4A22-8F40-C41DA8332CFE
population-de2e2f8e-2025-1,SK-MAIN-de2e2f8e,Prairie Lithium,2025,10km,84.36194985185284,POINT (-103.63518 49.21363),https://doi.org/10.2905/2FF68A52-5B5B-4A22-8F40-C41DA8332CFE
population-de2e2f8e-2025-2,SK-MAIN-de2e2f8e,Prairie Lithium,2025,50km,20623.369847423593,POINT (-103.63518 49.21363),https://doi.org/10.2905/2FF68A52-5B5B-4A22-8F40-C41DA8332CFE
population-de2e2f8e-2030-1,SK-MAIN-de2e2f8e,Prairie Lithium,2030,10km,87.66979236749467,POINT (-103.63518 49.21363),https://doi.org/10.2905/2FF68A52-5B5B-4A22-8F40-C41DA8332CFE
population-de2e2f8e-2030-2,SK-MAIN-de2e2f8e,Prairie Lithium,2030,50km,21390.224881750903,POINT (-103.63518 49.21363),https://doi.org/10.2905/2FF68A52-5B5B-4A22-8F40-C41DA8332CFE
population-e928d96a-2025-1,ON-MAIN-e928d96a,Brampton,2025,10km,698253.2192032076,POINT (-79.722125 43.691066),https://doi.org/10.2905/2FF68A52-5B5B-4A22-8F40-C41DA8332CFE
population-e928d96a-2025-2,ON-MAIN-e928d96a,Brampton,2025,50km,6620234.51668513,POINT (-79.722125 43.691066),https://doi.org/10.2905/2FF68A52-5B5B-4A22-8F40-C41DA8332CFE
population-e928d96a-2030-1,ON-MAIN-e928d96a,Brampton,2030,10km,724751.4731943314,POINT (-79.722125 43.691066),https://doi.org/10.2905/2FF68A52-5B5B-4A22-8F40-C41DA8332CFE
population-e928d96a-2030-2,ON-MAIN-e928d96a,Brampton,2030,50km,6870075.825284252,POINT (-79.722125 43.691066),https://doi.org/10.2905/2FF68A52-5B5B-4A22-8F40-C41DA8332CFE
population-4f11f183-2025-1,NT-MAIN-4f11f183,Nechalacho - Basal Zone,2025,10km,0.0,POINT (-112.59972 62.11806),https://doi.org/10.2905/2FF68A52-5B5B-4A22-8F40-C41DA8332CFE
population-4f11f183-2025-2,NT-MAIN-4f11f183,Nechalacho - Basal Zone,2025,50km,53.841202484443784,POINT (-112.59972 62.11806),https://doi.org/10.2905/2FF68A52-5B5B-4A22-8F40-C41DA8332CFE
population-4f11f183-2030-1,NT-MAIN-4f11f183,Nechalacho - Basal Zone,2030,10km,0.0,POINT (-112.59972 62.11806),https://doi.org/10.2905/2FF68A52-5B5B-4A22-8F40-C41DA8332CFE
population-4f11f183-2030-2,NT-MAIN-4f11f183,Nechalacho - Basal Zone,2030,50km,52.96356480102986,POINT (-112.59972 62.11806),https://doi.org/10.2905/2FF68A52-5B5B-4A22-8F40-C41DA8332CFE
population-46f71d5b-2025-1,ON-MAIN-46f71d5b,Separation Rapids,2025,10km,0.0,POINT (-94.58258 50.266),https://doi.org/10.2905/2FF68A52-5B5B-4A22-8F40-C41DA8332CFE
population-46f71d5b-2025-2,ON-MAIN-46f71d5b,Separation Rapids,2025,50km,3107.8564748840945,POINT (-94.58258 50.266),https://doi.org/10.2905/2FF68A52-5B5B-4A22-8F40-C41DA8332CFE
population-46f71d5b-2030-1,ON-MAIN-46f71d5b,Separation Rapids,2030,10km,0.0,POINT (-94.58258 50.266),https://doi.org/10.2905/2FF68A52-5B5B-4A22-8F40-C41DA8332CFE
population-46f71d5b-2030-2,ON-MAIN-46f71d5b,Separation Rapids,2030,50km,3190.484795153568,POINT (-94.58258 50.266),https://doi.org/10.2905/2FF68A52-5B5B-4A22-8F40-C41DA8332CFE
population-5154702a-2025-1,NU-MAIN-5154702a,Mary River,2025,10km,0.0,POINT (-78.556869 71.340446),https://doi.org/10.2905/2FF68A52-5B5B-4A22-8F40-C41DA8332CFE
population-5154702a-2025-2,NU-MAIN-5154702a,Mary River,2025,50km,0.0,POINT (-78.556869 71.340446),https://doi.org/10.2905/2FF68A52-5B5B-4A22-8F40-C41DA8332CFE
population-5154702a-2030-1,NU-MAIN-5154702a,Mary River,2030,10km,0.0,POINT (-78.556869 71.340446),https://doi.org/10.2905/2FF68A52-5B5B-4A22-8F40-C41DA8332CFE
population-5154702a-2030-2,NU-MAIN-5154702a,Mary River,2030,50km,0.0,POINT (-78.556869 71.340446),https://doi.org/10.2905/2FF68A52-5B5B-4A22-8F40-C41DA8332CFE
population-6e9be24e-2025-1,ON-MAIN-6e9be24e,Hemlo (Williams),2025,10km,7.206448414479382,POINT (-85.91598 48.695726),https://doi.org/10.2905/2FF68A52-5B5B-4A22-8F40-C41DA8332CFE
population-6e9be24e-2025-2,ON-MAIN-6e9be24e,Hemlo (Williams),2025,50km,7690.325250434114,POINT (-85.91598 48.695726),https://doi.org/10.2905/2FF68A52-5B5B-4A22-8F40-C41DA8332CFE
population-6e9be24e-2030-1,ON-MAIN-6e9be24e,Hemlo (Williams),2030,10km,7.395950512087438,POINT (-85.91598 48.695726),https://doi.org/10.2905/2FF68A52-5B5B-4A22-8F40-C41DA8332CFE
population-6e9be24e-2030-2,ON-MAIN-6e9be24e,Hemlo (Williams),2030,50km,7923.477333245719,POINT (-85.91598 48.695726),https://doi.org/10.2905/2FF68A52-5B5B-4A22-8F40-C41DA8332CFE
population-8434dce0-2025-1,AB-MAIN-8434dce0,Baymag,2025,10km,8722.845410353992,POINT (-115.210061 51.060022),https://doi.org/10.2905/2FF68A52-5B5B-4A22-8F40-C41DA8332CFE
population-8434dce0-2025-2,AB-MAIN-8434dce0,Baymag,2025,50km,36506.83803156974,POINT (-115.210061 51.060022),https://doi.org/10.2905/2FF68A52-5B5B-4A22-8F40-C41DA8332CFE
population-8434dce0-2030-1,AB-MAIN-8434dce0,Baymag,2030,10km,9364.2826667218,POINT (-115.210061 51.060022),https://doi.org/10.2905/2FF68A52-5B5B-4A22-8F40-C41DA8332CFE
population-8434dce0-2030-2,AB-MAIN-8434dce0,Baymag,2030,50km,39101.08708260007,POINT (-115.210061 51.060022),https://doi.org/10.2905/2FF68A52-5B5B-4A22-8F40-C41DA8332CFE
population-2cc9bb06-2025-1,YT-MAIN-2cc9bb06,Kudz Ze Kayah,2025,10km,0.0,POINT (-130.59894 61.47108),https://doi.org/10.2905/2FF68A52-5B5B-4A22-8F40-C41DA8332CFE
population-2cc9bb06-2025-2,YT-MAIN-2cc9bb06,Kudz Ze Kayah,2025,50km,34.43363785371184,POINT (-130.59894 61.47108),https://doi.org/10.2905/2FF68A52-5B5B-4A22-8F40-C41DA8332CFE
population-2cc9bb06-2030-1,YT-MAIN-2cc9bb06,Kudz Ze Kayah,2030,10km,0.0,POINT (-130.59894 61.47108),https://doi.org/10.2905/2FF68A52-5B5B-4A22-8F40-C41DA8332CFE
population-2cc9bb06-2030-2,YT-MAIN-2cc9bb06,Kudz Ze Kayah,2030,50km,37.14748336467892,POINT (-130.59894 61.47108),https://doi.org/10.2905/2FF68A52-5B5B-4A22-8F40-C41DA8332CFE
population-895cb178-2025-1,NL-MAIN-895cb178,Buchans River,2025,10km,750.6831873394549,POINT (-56.855965 48.829018),https://doi.org/10.2905/2FF68A52-5B5B-4A22-8F40-C41DA8332CFE
population-895cb178-2025-2,NL-MAIN-895cb178,Buchans River,2025,50km,1264.5124949924957,POINT (-56.855965 48.829018),https://doi.org/10.2905/2FF68A52-5B5B-4A22-8F40-C41DA8332CFE
population-895cb178-2030-1,NL-MAIN-895cb178,Buchans River,2030,10km,749.6289513483644,POINT (-56.855965 48.829018),https://doi.org/10.2905/2FF68A52-5B5B-4A22-8F40-C41DA8332CFE
population-895cb178-2030-2,NL-MAIN-895cb178,Buchans River,2030,50km,1262.7994324057572,POINT (-56.855965 48.829018),https://doi.org/10.2905/2FF68A52-5B5B-4A22-8F40-C41DA8332CFE
population-6c1d6ee6-2025-1,NT-MAIN-6c1d6ee6,Ekati,2025,10km,0.0,POINT (-110.618 64.715),https://doi.org/10.2905/2FF68A52-5B5B-4A22-8F40-C41DA8332CFE
population-6c1d6ee6-2025-2,NT-MAIN-6c1d6ee6,Ekati,2025,50km,0.0,POINT (-110.618 64.715),https://doi.org/10.2905/2FF68A52-5B5B-4A22-8F40-C41DA8332CFE
population-6c1d6ee6-2030-1,NT-MAIN-6c1d6ee6,Ekati,2030,10km,0.0,POINT (-110.618 64.715),https://doi.org/10.2905/2FF68A52-5B5B-4A22-8F40-C41DA8332CFE
population-6c1d6ee6-2030-2,NT-MAIN-6c1d6ee6,Ekati,2030,50km,0.0,POINT (-110.618 64.715),https://doi.org/10.2905/2FF68A52-5B5B-4A22-8F40-C41DA8332CFE
population-0c5b40d8-2025-1,NB-MAIN-0c5b40d8,Nash Creek,2025,10km,0.0,POINT (-66.09771 47.88939),https://doi.org/10.2905/2FF68A52-5B5B-4A22-8F40-C41DA8332CFE
population-0c5b40d8-2025-2,NB-MAIN-0c5b40d8,Nash Creek,2025,50km,0.0,POINT (-66.09771 47.88939),https://doi.org/10.2905/2FF68A52-5B5B-4A22-8F40-C41DA8332CFE
population-0c5b40d8-2030-1,NB-MAIN-0c5b40d8,Nash Creek,2030,10km,0.0,POINT (-66.09771 47.88939),https://doi.org/10.2905/2FF68A52-5B5B-4A22-8F40-C41DA8332CFE
population-0c5b40d8-2030-2,NB-MAIN-0c5b40d8,Nash Creek,2030,50km,0.0,POINT (-66.09771 47.88939),https://doi.org/10.2905/2FF68A52-5B5B-4A22-8F40-C41DA8332CFE
population-484e4fa3-2025-1,ON-MAIN-484e4fa3,Blind River,2025,10km,4238.942820428942,POINT (-83.017246 46.180896),https://doi.org/10.2905/2FF68A52-5B5B-4A22-8F40-C41DA8332CFE
population-484e4fa3-2025-2,ON-MAIN-484e4fa3,Blind River,2025,50km,22594.10078234785,POINT (-83.017246 46.180896),https://doi.org/10.2905/2FF68A52-5B5B-4A22-8F40-C41DA8332CFE
population-484e4fa3-2030-1,ON-MAIN-484e4fa3,Blind River,2030,10km,4372.853738536178,POINT (-83.017246 46.180896),https://doi.org/10.2905/2FF68A52-5B5B-4A22-8F40-C41DA8332CFE
population-484e4fa3-2030-2,ON-MAIN-484e4fa3,Blind River,2030,50km,23278.812529769624,POINT (-83.017246 46.180896),https://doi.org/10.2905/2FF68A52-5B5B-4A22-8F40-C41DA8332CFE
population-91cf5448-2025-1,SK-MAIN-91cf5448,Cigar Lake,2025,10km,2.7084624231792986,POINT (-104.54123 58.06819),https://doi.org/10.2905/2FF68A52-5B5B-4A22-8F40-C41DA8332CFE
population-91cf5448-2025-2,SK-MAIN-91cf5448,Cigar Lake,2025,50km,10.639465166488662,POINT (-104.54123 58.06819),https://doi.org/10.2905/2FF68A52-5B5B-4A22-8F40-C41DA8332CFE
population-91cf5448-2030-1,SK-MAIN-91cf5448,Cigar Lake,2030,10km,3.311615034152055,POINT (-104.54123 58.06819),https://doi.org/10.2905/2FF68A52-5B5B-4A22-8F40-C41DA8332CFE
population-91cf5448-2030-2,SK-MAIN-91cf5448,Cigar Lake,2030,50km,11.348342223005602,POINT (-104.54123 58.06819),https://doi.org/10.2905/2FF68A52-5B5B-4A22-8F40-C41DA8332CFE
population-bb89158f-2025-1,SK-MAIN-bb89158f,Key Lake,2025,10km,0.0,POINT (-105.647 57.207),https://doi.org/10.2905/2FF68A52-5B5B-4A22-8F40-C41DA8332CFE
population-bb89158f-2025-2,SK-MAIN-bb89158f,Key Lake,2025,50km,0.0,POINT (-105.647 57.207),https://doi.org/10.2905/2FF68A52-5B5B-4A22-8F40-C41DA8332CFE
population-bb89158f-2030-1,SK-MAIN-bb89158f,Key Lake,2030,10km,0.0,POINT (-105.647 57.207),https://doi.org/10.2905/2FF68A52-5B5B-4A22-8F40-C41DA8332CFE
population-bb89158f-2030-2,SK-MAIN-bb89158f,Key Lake,2030,50km,0.0,POINT (-105.647 57.207),https://doi.org/10.2905/2FF68A52-5B5B-4A22-8F40-C41DA8332CFE
population-d3c471e8-2025-1,SK-MAIN-d3c471e8,McArthur River,2025,10km,0.0,POINT (-105.053 57.7637),https://doi.org/10.2905/2FF68A52-5B5B-4A22-8F40-C41DA8332CFE
population-d3c471e8-2025-2,SK-MAIN-d3c471e8,McArthur River,2025,50km,2.7084624231792986,POINT (-105.053 57.7637),https://doi.org/10.2905/2FF68A52-5B5B-4A22-8F40-C41DA8332CFE
population-d3c471e8-2030-1,SK-MAIN-d3c471e8,McArthur River,2030,10km,0.0,POINT (-105.053 57.7637),https://doi.org/10.2905/2FF68A52-5B5B-4A22-8F40-C41DA8332CFE
population-d3c471e8-2030-2,SK-MAIN-d3c471e8,McArthur River,2030,50km,3.311615034152055,POINT (-105.053 57.7637),https://doi.org/10.2905/2FF68A52-5B5B-4A22-8F40-C41DA8332CFE
population-237587f6-2025-1,ON-MAIN-237587f6,Port Hope,2025,10km,27056.933085733202,POINT (-78.2943 43.9429),https://doi.org/10.2905/2FF68A52-5B5B-4A22-8F40-C41DA8332CFE
population-237587f6-2025-2,ON-MAIN-237587f6,Port Hope,2025,50km,515984.17400599644,POINT (-78.2943 43.9429),https://doi.org/10.2905/2FF68A52-5B5B-4A22-8F40-C41DA8332CFE
population-237587f6-2030-1,ON-MAIN-237587f6,Port Hope,2030,10km,27877.084184457482,POINT (-78.2943 43.9429),https://doi.org/10.2905/2FF68A52-5B5B-4A22-8F40-C41DA8332CFE
population-237587f6-2030-2,ON-MAIN-237587f6,Port Hope,2030,50km,538378.9586315139,POINT (-78.2943 43.9429),https://doi.org/10.2905/2FF68A52-5B5B-4A22-8F40-C41DA8332CFE
population-4c5c1179-2025-1,ON-MAIN-4c5c1179,Crawford,2025,10km,6.352261741878465,POINT (-81.37309 48.83972),https://doi.org/10.2905/2FF68A52-5B5B-4A22-8F40-C41DA8332CFE
population-4c5c1179-2025-2,ON-MAIN-4c5c1179,Crawford,2025,50km,56541.448236289674,POINT (-81.37309 48.83972),https://doi.org/10.2905/2FF68A52-5B5B-4A22-8F40-C41DA8332CFE
population-4c5c1179-2030-1,ON-MAIN-4c5c1179,Crawford,2030,10km,6.519177192589268,POINT (-81.37309 48.83972),https://doi.org/10.2905/2FF68A52-5B5B-4A22-8F40-C41DA8332CFE
population-4c5c1179-2030-2,ON-MAIN-4c5c1179,Crawford,2030,50km,58256.37645132565,POINT (-81.37309 48.83972),https://doi.org/10.2905/2FF68A52-5B5B-4A22-8F40-C41DA8332CFE
population-8e04eb21-2025-1,NB-MAIN-8e04eb21,Murray Brook,2025,10km,0.0,POINT (-66.43167 47.52528),https://doi.org/10.2905/2FF68A52-5B5B-4A22-8F40-C41DA8332CFE
population-8e04eb21-2025-2,NB-MAIN-8e04eb21,Murray Brook,2025,50km,5519.003932943336,POINT (-66.43167 47.52528),https://doi.org/10.2905/2FF68A52-5B5B-4A22-8F40-C41DA8332CFE
population-8e04eb21-2030-1,NB-MAIN-8e04eb21,Murray Brook,2030,10km,0.0,POINT (-66.43167 47.52528),https://doi.org/10.2905/2FF68A52-5B5B-4A22-8F40-C41DA8332CFE
population-8e04eb21-2030-2,NB-MAIN-8e04eb21,Murray Brook,2030,50km,5556.5638967235345,POINT (-66.43167 47.52528),https://doi.org/10.2905/2FF68A52-5B5B-4A22-8F40-C41DA8332CFE
population-37e9571e-2025-1,ON-MAIN-37e9571e,Thierry,2025,10km,19.27203123504296,POINT (-90.34694 51.49667),https://doi.org/10.2905/2FF68A52-5B5B-4A22-8F40-C41DA8332CFE
population-37e9571e-2025-2,ON-MAIN-37e9571e,Thierry,2025,50km,1074.2239180525357,POINT (-90.34694 51.49667),https://doi.org/10.2905/2FF68A52-5B5B-4A22-8F40-C41DA8332CFE
population-37e9571e-2030-1,ON-MAIN-37e9571e,Thierry,2030,10km,19.563502454664558,POINT (-90.34694 51.49667),https://doi.org/10.2905/2FF68A52-5B5B-4A22-8F40-C41DA8332CFE
population-37e9571e-2030-2,ON-MAIN-37e9571e,Thierry,2030,50km,1106.5510919606895,POINT (-90.34694 51.49667),https://doi.org/10.2905/2FF68A52-5B5B-4A22-8F40-C41DA8332CFE
population-3e7d42ac-2025-1,NB-MAIN-3e7d42ac,Woodstock,2025,10km,11611.27742961243,POINT (-67.64 46.18),https://doi.org/10.2905/2FF68A52-5B5B-4A22-8F40-C41DA8332CFE
population-3e7d42ac-2025-2,NB-MAIN-3e7d42ac,Woodstock,2025,50km,53607.73356727774,POINT (-67.64 46.18),https://doi.org/10.2905/2FF68A52-5B5B-4A22-8F40-C41DA8332CFE
population-3e7d42ac-2030-1,NB-MAIN-3e7d42ac,Woodstock,2030,10km,11707.769037418266,POINT (-67.64 46.18),https://doi.org/10.2905/2FF68A52-5B5B-4A22-8F40-C41DA8332CFE
population-3e7d42ac-2030-2,NB-MAIN-3e7d42ac,Woodstock,2030,50km,54456.13842927204,POINT (-67.64 46.18),https://doi.org/10.2905/2FF68A52-5B5B-4A22-8F40-C41DA8332CFE
population-eae1621e-2025-1,NU-MAIN-eae1621e,Ferguson Lake,2025,10km,0.0,POINT (-96.83306 62.87306),https://doi.org/10.2905/2FF68A52-5B5B-4A22-8F40-C41DA8332CFE
population-eae1621e-2025-2,NU-MAIN-eae1621e,Ferguson Lake,2025,50km,0.0,POINT (-96.83306 62.87306),https://doi.org/10.2905/2FF68A52-5B5B-4A22-8F40-C41DA8332CFE
population-eae1621e-2030-1,NU-MAIN-eae1621e,Ferguson Lake,2030,10km,0.0,POINT (-96.83306 62.87306),https://doi.org/10.2905/2FF68A52-5B5B-4A22-8F40-C41DA8332CFE
population-eae1621e-2030-2,NU-MAIN-eae1621e,Ferguson Lake,2030,50km,0.0,POINT (-96.83306 62.87306),https://doi.org/10.2905/2FF68A52-5B5B-4A22-8F40-C41DA8332CFE
population-5ce331b8-2025-1,QC-MAIN-5ce331b8,Nunavik Nickel,2025,10km,0.0,POINT (-74.1375 61.420856),https://doi.org/10.2905/2FF68A52-5B5B-4A22-8F40-C41DA8332CFE
population-5ce331b8-2025-2,QC-MAIN-5ce331b8,Nunavik Nickel,2025,50km,0.0,POINT (-74.1375 61.420856),https://doi.org/10.2905/2FF68A52-5B5B-4A22-8F40-C41DA8332CFE
population-5ce331b8-2030-1,QC-MAIN-5ce331b8,Nunavik Nickel,2030,10km,0.0,POINT (-74.1375 61.420856),https://doi.org/10.2905/2FF68A52-5B5B-4A22-8F40-C41DA8332CFE
population-5ce331b8-2030-2,QC-MAIN-5ce331b8,Nunavik Nickel,2030,50km,0.0,POINT (-74.1375 61.420856),https://doi.org/10.2905/2FF68A52-5B5B-4A22-8F40-C41DA8332CFE
population-eba3e309-2025-1,BC-MAIN-eba3e309,Golden Crown,2025,10km,1874.5686620240272,POINT (-118.59 49.09),https://doi.org/10.2905/2FF68A52-5B5B-4A22-8F40-C41DA8332CFE
population-eba3e309-2025-2,BC-MAIN-eba3e309,Golden Crown,2025,50km,18704.311550681476,POINT (-118.59 49.09),https://doi.org/10.2905/2FF68A52-5B5B-4A22-8F40-C41DA8332CFE
population-eba3e309-2030-1,BC-MAIN-eba3e309,Golden Crown,2030,10km,1951.1504379145515,POINT (-118.59 49.09),https://doi.org/10.2905/2FF68A52-5B5B-4A22-8F40-C41DA8332CFE
population-eba3e309-2030-2,BC-MAIN-eba3e309,Golden Crown,2030,50km,19266.281262523993,POINT (-118.59 49.09),https://doi.org/10.2905/2FF68A52-5B5B-4A22-8F40-C41DA8332CFE
population-e34feb4d-2025-1,BC-MAIN-e34feb4d,Kemess,2025,10km,0.0,POINT (-126.77117 57.05037),https://doi.org/10.2905/2FF68A52-5B5B-4A22-8F40-C41DA8332CFE
population-e34feb4d-2025-2,BC-MAIN-e34feb4d,Kemess,2025,50km,0.0,POINT (-126.77117 57.05037),https://doi.org/10.2905/2FF68A52-5B5B-4A22-8F40-C41DA8332CFE
population-e34feb4d-2030-1,BC-MAIN-e34feb4d,Kemess,2030,10km,0.0,POINT (-126.77117 57.05037),https://doi.org/10.2905/2FF68A52-5B5B-4A22-8F40-C41DA8332CFE
population-e34feb4d-2030-2,BC-MAIN-e34feb4d,Kemess,2030,50km,0.0,POINT (-126.77117 57.05037),https://doi.org/10.2905/2FF68A52-5B5B-4A22-8F40-C41DA8332CFE
population-ed23117f-2025-1,BC-MAIN-ed23117f,Mount Milligan,2025,10km,20.88051029620692,POINT (-124.031 55.118),https://doi.org/10.2905/2FF68A52-5B5B-4A22-8F40-C41DA8332CFE
population-ed23117f-2025-2,BC-MAIN-ed23117f,Mount Milligan,2025,50km,62.08335241780744,POINT (-124.031 55.118),https://doi.org/10.2905/2FF68A52-5B5B-4A22-8F40-C41DA8332CFE
population-ed23117f-2030-1,BC-MAIN-ed23117f,Mount Milligan,2030,10km,22.324911686126143,POINT (-124.031 55.118),https://doi.org/10.2905/2FF68A52-5B5B-4A22-8F40-C41DA8332CFE
population-ed23117f-2030-2,BC-MAIN-ed23117f,Mount Milligan,2030,50km,64.74237956764797,POINT (-124.031 55.118),https://doi.org/10.2905/2FF68A52-5B5B-4A22-8F40-C41DA8332CFE
population-089f3c60-2025-1,QC-MAIN-089f3c60,Bloom Lake,2025,10km,0.10740545468070195,POINT (-67.28 52.84),https://doi.org/10.2905/2FF68A52-5B5B-4A22-8F40-C41DA8332CFE
population-089f3c60-2025-2,QC-MAIN-089f3c60,Bloom Lake,2025,50km,13076.911350571507,POINT (-67.28 52.84),https://doi.org/10.2905/2FF68A52-5B5B-4A22-8F40-C41DA8332CFE
population-089f3c60-2030-1,QC-MAIN-089f3c60,Bloom Lake,2030,10km,0.10697257554784301,POINT (-67.28 52.84),https://doi.org/10.2905/2FF68A52-5B5B-4A22-8F40-C41DA8332CFE
population-089f3c60-2030-2,QC-MAIN-089f3c60,Bloom Lake,2030,50km,13136.271302504781,POINT (-67.28 52.84),https://doi.org/10.2905/2FF68A52-5B5B-4A22-8F40-C41DA8332CFE
population-251d6364-2025-1,NL-MAIN-251d6364,Beaver Brook,2025,10km,1.3389600628865974,POINT (-55.196 48.715909),https://doi.org/10.2905/2FF68A52-5B5B-4A22-8F40-C41DA8332CFE
population-251d6364-2025-2,NL-MAIN-251d6364,Beaver Brook,2025,50km,25427.321333352997,POINT (-55.196 48.715909),https://doi.org/10.2905/2FF68A52-5B5B-4A22-8F40-C41DA8332CFE
population-251d6364-2030-1,NL-MAIN-251d6364,Beaver Brook,2030,10km,1.3370795484066156,POINT (-55.196 48.715909),https://doi.org/10.2905/2FF68A52-5B5B-4A22-8F40-C41DA8332CFE
population-251d6364-2030-2,NL-MAIN-251d6364,Beaver Brook,2030,50km,25395.873456549973,POINT (-55.196 48.715909),https://doi.org/10.2905/2FF68A52-5B5B-4A22-8F40-C41DA8332CFE
population-be399420-2025-1,ON-MAIN-be399420,Thunder Bay North,2025,10km,0.0,POINT (-88.931 48.79),https://doi.org/10.2905/2FF68A52-5B5B-4A22-8F40-C41DA8332CFE
population-be399420-2025-2,ON-MAIN-be399420,Thunder Bay North,2025,50km,67319.66196332702,POINT (-88.931 48.79),https://doi.org/10.2905/2FF68A52-5B5B-4A22-8F40-C41DA8332CFE
population-be399420-2030-1,ON-MAIN-be399420,Thunder Bay North,2030,10km,0.0,POINT (-88.931 48.79),https://doi.org/10.2905/2FF68A52-5B5B-4A22-8F40-C41DA8332CFE
population-be399420-2030-2,ON-MAIN-be399420,Thunder Bay North,2030,50km,69452.5866918522,POINT (-88.931 48.79),https://doi.org/10.2905/2FF68A52-5B5B-4A22-8F40-C41DA8332CFE
population-3330383b-2025-1,QC-MAIN-3330383b,Eldor (Ashram),2025,10km,0.0,POINT (-68.40417 56.94583),https://doi.org/10.2905/2FF68A52-5B5B-4A22-8F40-C41DA8332CFE
population-3330383b-2025-2,QC-MAIN-3330383b,Eldor (Ashram),2025,50km,0.0,POINT (-68.40417 56.94583),https://doi.org/10.2905/2FF68A52-5B5B-4A22-8F40-C41DA8332CFE
population-3330383b-2030-1,QC-MAIN-3330383b,Eldor (Ashram),2030,10km,0.0,POINT (-68.40417 56.94583),https://doi.org/10.2905/2FF68A52-5B5B-4A22-8F40-C41DA8332CFE
population-3330383b-2030-2,QC-MAIN-3330383b,Eldor (Ashram),2030,50km,0.0,POINT (-68.40417 56.94583),https://doi.org/10.2905/2FF68A52-5B5B-4A22-8F40-C41DA8332CFE
population-6fca9d6d-2025-1,MB-MAIN-6fca9d6d,Lynn Lake,2025,10km,555.9422479704954,POINT (-101.03486 56.85217),https://doi.org/10.2905/2FF68A52-5B5B-4A22-8F40-C41DA8332CFE
population-6fca9d6d-2025-2,MB-MAIN-6fca9d6d,Lynn Lake,2025,50km,558.6847541318275,POINT (-101.03486 56.85217),https://doi.org/10.2905/2FF68A52-5B5B-4A22-8F40-C41DA8332CFE
population-6fca9d6d-2030-1,MB-MAIN-6fca9d6d,Lynn Lake,2030,10km,570.7586293979548,POINT (-101.03486 56.85217),https://doi.org/10.2905/2FF68A52-5B5B-4A22-8F40-C41DA8332CFE
population-6fca9d6d-2030-2,MB-MAIN-6fca9d6d,Lynn Lake,2030,50km,573.5624825521372,POINT (-101.03486 56.85217),https://doi.org/10.2905/2FF68A52-5B5B-4A22-8F40-C41DA8332CFE
population-d4e2812a-2025-1,QC-MAIN-d4e2812a,Rose,2025,10km,0.0,POINT (-76.172 52.022485),https://doi.org/10.2905/2FF68A52-5B5B-4A22-8F40-C41DA8332CFE
population-d4e2812a-2025-2,QC-MAIN-d4e2812a,Rose,2025,50km,831.9411342777312,POINT (-76.172 52.022485),https://doi.org/10.2905/2FF68A52-5B5B-4A22-8F40-C41DA8332CFE
population-d4e2812a-2030-1,QC-MAIN-d4e2812a,Rose,2030,10km,0.0,POINT (-76.172 52.022485),https://doi.org/10.2905/2FF68A52-5B5B-4A22-8F40-C41DA8332CFE
population-d4e2812a-2030-2,QC-MAIN-d4e2812a,Rose,2030,50km,850.8721043244004,POINT (-76.172 52.022485),https://doi.org/10.2905/2FF68A52-5B5B-4A22-8F40-C41DA8332CFE
population-9a0307f6-2025-1,AB-MAIN-9a0307f6,SBH Black Shale,2025,10km,0.0,POINT (-111.90375 57.68711),https://doi.org/10.2905/2FF68A52-5B5B-4A22-8F40-C41DA8332CFE
population-9a0307f6-2025-2,AB-MAIN-9a0307f6,SBH Black Shale,2025,50km,57.06516228055836,POINT (-111.90375 57.68711),https://doi.org/10.2905/2FF68A52-5B5B-4A22-8F40-C41DA8332CFE
population-9a0307f6-2030-1,AB-MAIN-9a0307f6,SBH Black Shale,2030,10km,0.0,POINT (-111.90375 57.68711),https://doi.org/10.2905/2FF68A52-5B5B-4A22-8F40-C41DA8332CFE
population-9a0307f6-2030-2,AB-MAIN-9a0307f6,SBH Black Shale,2030,50km,61.628341677501396,POINT (-111.90375 57.68711),https://doi.org/10.2905/2FF68A52-5B5B-4A22-8F40-C41DA8332CFE
population-715d4318-2025-1,QC-MAIN-715d4318,Horizon,2025,10km,614699.5745485451,POINT (-73.450825 45.57462),https://doi.org/10.2905/2FF68A52-5B5B-4A22-8F40-C41DA8332CFE
population-715d4318-2025-2,QC-MAIN-715d4318,Horizon,2025,50km,4408881.795341622,POINT (-73.450825 45.57462),https://doi.org/10.2905/2FF68A52-5B5B-4A22-8F40-C41DA8332CFE
population-715d4318-2030-1,QC-MAIN-715d4318,Horizon,2030,10km,638972.0561526477,POINT (-73.450825 45.57462),https://doi.org/10.2905/2FF68A52-5B5B-4A22-8F40-C41DA8332CFE
population-715d4318-2030-2,QC-MAIN-715d4318,Horizon,2030,50km,4581296.324316031,POINT (-73.450825 45.57462),https://doi.org/10.2905/2FF68A52-5B5B-4A22-8F40-C41DA8332CFE
population-94e652a5-2025-1,NT-MAIN-94e652a5,Gahcho Kué,2025,10km,0.0,POINT (-109.21194 63.44528),https://doi.org/10.2905/2FF68A52-5B5B-4A22-8F40-C41DA8332CFE
population-94e652a5-2025-2,NT-MAIN-94e652a5,Gahcho Kué,2025,50km,0.0,POINT (-109.21194 63.44528),https://doi.org/10.2905/2FF68A52-5B5B-4A22-8F40-C41DA8332CFE
population-94e652a5-2030-1,NT-MAIN-94e652a5,Gahcho Kué,2030,10km,0.0,POINT (-109.21194 63.44528),https://doi.org/10.2905/2FF68A52-5B5B-4A22-8F40-C41DA8332CFE
population-94e652a5-2030-2,NT-MAIN-94e652a5,Gahcho Kué,2030,50km,0.0,POINT (-109.21194 63.44528),https://doi.org/10.2905/2FF68A52-5B5B-4A22-8F40-C41DA8332CFE
population-382acb18-2025-1,BC-MAIN-382acb18,Wicheeda,2025,10km,0.0,POINT (-122.09912 54.53141),https://doi.org/10.2905/2FF68A52-5B5B-4A22-8F40-C41DA8332CFE
population-382acb18-2025-2,BC-MAIN-382acb18,Wicheeda,2025,50km,342.58909745234996,POINT (-122.09912 54.53141),https://doi.org/10.2905/2FF68A52-5B5B-4A22-8F40-C41DA8332CFE
population-382acb18-2030-1,BC-MAIN-382acb18,Wicheeda,2030,10km,0.0,POINT (-122.09912 54.53141),https://doi.org/10.2905/2FF68A52-5B5B-4A22-8F40-C41DA8332CFE
population-382acb18-2030-2,BC-MAIN-382acb18,Wicheeda,2030,50km,357.6907552885823,POINT (-122.09912 54.53141),https://doi.org/10.2905/2FF68A52-5B5B-4A22-8F40-C41DA8332CFE
population-4aef3cb2-2025-1,SK-MAIN-4aef3cb2,Waterbury,2025,10km,5.371588360052556,POINT (-104.03032 58.3478),https://doi.org/10.2905/2FF68A52-5B5B-4A22-8F40-C41DA8332CFE
population-4aef3cb2-2025-2,SK-MAIN-4aef3cb2,Waterbury,2025,50km,10.639465166488662,POINT (-104.03032 58.3478),https://doi.org/10.2905/2FF68A52-5B5B-4A22-8F40-C41DA8332CFE
population-4aef3cb2-2030-1,SK-MAIN-4aef3cb2,Waterbury,2030,10km,5.4431945024989545,POINT (-104.03032 58.3478),https://doi.org/10.2905/2FF68A52-5B5B-4A22-8F40-C41DA8332CFE
population-4aef3cb2-2030-2,SK-MAIN-4aef3cb2,Waterbury,2030,50km,11.348342223005602,POINT (-104.03032 58.3478),https://doi.org/10.2905/2FF68A52-5B5B-4A22-8F40-C41DA8332CFE
population-95ec2625-2025-1,SK-MAIN-95ec2625,Wheeler River,2025,10km,0.0,POINT (-105.38137 57.50888),https://doi.org/10.2905/2FF68A52-5B5B-4A22-8F40-C41DA8332CFE
population-95ec2625-2025-2,SK-MAIN-95ec2625,Wheeler River,2025,50km,0.0,POINT (-105.38137 57.50888),https://doi.org/10.2905/2FF68A52-5B5B-4A22-8F40-C41DA8332CFE
population-95ec2625-2030-1,SK-MAIN-95ec2625,Wheeler River,2030,10km,0.0,POINT (-105.38137 57.50888),https://doi.org/10.2905/2FF68A52-5B5B-4A22-8F40-C41DA8332CFE
population-95ec2625-2030-2,SK-MAIN-95ec2625,Wheeler River,2030,50km,0.0,POINT (-105.38137 57.50888),https://doi.org/10.2905/2FF68A52-5B5B-4A22-8F40-C41DA8332CFE
population-51068f3b-2025-1,BC-MAIN-51068f3b,Kitsault Valley,2025,10km,0.0,POINT (-129.57778 55.75361),https://doi.org/10.2905/2FF68A52-5B5B-4A22-8F40-C41DA8332CFE
population-51068f3b-2025-2,BC-MAIN-51068f3b,Kitsault Valley,2025,50km,679.5040813580854,POINT (-129.57778 55.75361),https://doi.org/10.2905/2FF68A52-5B5B-4A22-8F40-C41DA8332CFE
population-51068f3b-2030-1,BC-MAIN-51068f3b,Kitsault Valley,2030,10km,0.0,POINT (-129.57778 55.75361),https://doi.org/10.2905/2FF68A52-5B5B-4A22-8F40-C41DA8332CFE
population-51068f3b-2030-2,BC-MAIN-51068f3b,Kitsault Valley,2030,50km,714.3428578488529,POINT (-129.57778 55.75361),https://doi.org/10.2905/2FF68A52-5B5B-4A22-8F40-C41DA8332CFE
population-7d4a0421-2025-1,AB-MAIN-7d4a0421,Bashaw District,2025,10km,1040.4442576182178,POINT (-113.93655 51.77696),https://doi.org/10.2905/2FF68A52-5B5B-4A22-8F40-C41DA8332CFE
population-7d4a0421-2025-2,AB-MAIN-7d4a0421,Bashaw District,2025,50km,85285.74882494181,POINT (-113.93655 51.77696),https://doi.org/10.2905/2FF68A52-5B5B-4A22-8F40-C41DA8332CFE
population-7d4a0421-2030-1,AB-MAIN-7d4a0421,Bashaw District,2030,10km,1116.2262657830831,POINT (-113.93655 51.77696),https://doi.org/10.2905/2FF68A52-5B5B-4A22-8F40-C41DA8332CFE
population-7d4a0421-2030-2,AB-MAIN-7d4a0421,Bashaw District,2030,50km,91362.56804732012,POINT (-113.93655 51.77696),https://doi.org/10.2905/2FF68A52-5B5B-4A22-8F40-C41DA8332CFE
population-f9e41c2a-2025-1,QC-MAIN-f9e41c2a,Lamaque,2025,10km,30400.179525386124,POINT (-77.739624 48.079221),https://doi.org/10.2905/2FF68A52-5B5B-4A22-8F40-C41DA8332CFE
population-f9e41c2a-2025-2,QC-MAIN-f9e41c2a,Lamaque,2025,50km,49083.22945082851,POINT (-77.739624 48.079221),https://doi.org/10.2905/2FF68A52-5B5B-4A22-8F40-C41DA8332CFE
population-f9e41c2a-2030-1,QC-MAIN-f9e41c2a,Lamaque,2030,10km,31076.47150431067,POINT (-77.739624 48.079221),https://doi.org/10.2905/2FF68A52-5B5B-4A22-8F40-C41DA8332CFE
population-f9e41c2a-2030-2,QC-MAIN-f9e41c2a,Lamaque,2030,50km,50187.63326511054,POINT (-77.739624 48.079221),https://doi.org/10.2905/2FF68A52-5B5B-4A22-8F40-C41DA8332CFE
population-6664e89b-2025-1,ON-MAIN-6664e89b,Battery Materials Park,2025,10km,6876.1538584612,POINT (-79.62229 47.40635),https://doi.org/10.2905/2FF68A52-5B5B-4A22-8F40-C41DA8332CFE
population-6664e89b-2025-2,ON-MAIN-6664e89b,Battery Materials Park,2025,50km,34138.8916896491,POINT (-79.62229 47.40635),https://doi.org/10.2905/2FF68A52-5B5B-4A22-8F40-C41DA8332CFE
population-6664e89b-2030-1,ON-MAIN-6664e89b,Battery Materials Park,2030,10km,7086.949825368211,POINT (-79.62229 47.40635),https://doi.org/10.2905/2FF68A52-5B5B-4A22-8F40-C41DA8332CFE
population-6664e89b-2030-2,ON-MAIN-6664e89b,Battery Materials Park,2030,50km,35070.22429583612,POINT (-79.62229 47.40635),https://doi.org/10.2905/2FF68A52-5B5B-4A22-8F40-C41DA8332CFE
population-5398dfac-2025-1,QC-MAIN-5398dfac,Elkem Chicoutimi,2025,10km,118009.08992009715,POINT (-71.131239 48.412769),https://doi.org/10.2905/2FF68A52-5B5B-4A22-8F40-C41DA8332CFE
population-5398dfac-2025-2,QC-MAIN-5398dfac,Elkem Chicoutimi,2025,50km,225658.69890698296,POINT (-71.131239 48.412769),https://doi.org/10.2905/2FF68A52-5B5B-4A22-8F40-C41DA8332CFE
population-5398dfac-2030-1,QC-MAIN-5398dfac,Elkem Chicoutimi,2030,10km,123274.26613125368,POINT (-71.131239 48.412769),https://doi.org/10.2905/2FF68A52-5B5B-4A22-8F40-C41DA8332CFE
population-5398dfac-2030-2,QC-MAIN-5398dfac,Elkem Chicoutimi,2030,50km,234361.35349367047,POINT (-71.131239 48.412769),https://doi.org/10.2905/2FF68A52-5B5B-4A22-8F40-C41DA8332CFE
population-2cf66e65-2025-1,QC-MAIN-2cf66e65,Becancour Plant,2025,10km,50895.706634275375,POINT (-72.433334 46.333332),https://doi.org/10.2905/2FF68A52-5B5B-4A22-8F40-C41DA8332CFE
population-2cf66e65-2025-2,QC-MAIN-2cf66e65,Becancour Plant,2025,50km,0.0,POINT (-72.433334 46.333332),https://doi.org/10.2905/2FF68A52-5B5B-4A22-8F40-C41DA8332CFE
population-2cf66e65-2030-1,QC-MAIN-2cf66e65,Becancour Plant,2030,10km,52690.40355819962,POINT (-72.433334 46.333332),https://doi.org/10.2905/2FF68A52-5B5B-4A22-8F40-C41DA8332CFE
population-2cf66e65-2030-2,QC-MAIN-2cf66e65,Becancour Plant,2030,50km,0.0,POINT (-72.433334 46.333332),https://doi.org/10.2905/2FF68A52-5B5B-4A22-8F40-C41DA8332CFE
population-7f050560-2025-1,ON-MAIN-7f050560,Red Lake,2025,10km,4395.204621791202,POINT (-93.732922 51.050557),https://doi.org/10.2905/2FF68A52-5B5B-4A22-8F40-C41DA8332CFE
population-7f050560-2025-2,ON-MAIN-7f050560,Red Lake,2025,50km,4671.737386451939,POINT (-93.732922 51.050557),https://doi.org/10.2905/2FF68A52-5B5B-4A22-8F40-C41DA8332CFE
population-7f050560-2030-1,ON-MAIN-7f050560,Red Lake,2030,10km,4529.8114553769055,POINT (-93.732922 51.050557),https://doi.org/10.2905/2FF68A52-5B5B-4A22-8F40-C41DA8332CFE
population-7f050560-2030-2,ON-MAIN-7f050560,Red Lake,2030,50km,4814.804961376554,POINT (-93.732922 51.050557),https://doi.org/10.2905/2FF68A52-5B5B-4A22-8F40-C41DA8332CFE
population-26b9aaf3-2025-1,SK-MAIN-26b9aaf3,EVRAZ Regina,2025,10km,190597.31146464747,POINT (-104.623843 50.515263),https://doi.org/10.2905/2FF68A52-5B5B-4A22-8F40-C41DA8332CFE
population-26b9aaf3-2025-2,SK-MAIN-26b9aaf3,EVRAZ Regina,2025,50km,291036.97571377264,POINT (-104.623843 50.515263),https://doi.org/10.2905/2FF68A52-5B5B-4A22-8F40-C41DA8332CFE
population-26b9aaf3-2030-1,SK-MAIN-26b9aaf3,EVRAZ Regina,2030,10km,200111.89600280768,POINT (-104.623843 50.515263),https://doi.org/10.2905/2FF68A52-5B5B-4A22-8F40-C41DA8332CFE
population-26b9aaf3-2030-2,SK-MAIN-26b9aaf3,EVRAZ Regina,2030,50km,305423.2395693266,POINT (-104.623843 50.515263),https://doi.org/10.2905/2FF68A52-5B5B-4A22-8F40-C41DA8332CFE
population-c1cc9f7c-2025-1,QC-MAIN-c1cc9f7c,Becancour Silicon,2025,10km,22296.58211739515,POINT (-72.39 46.37),https://doi.org/10.2905/2FF68A52-5B5B-4A22-8F40-C41DA8332CFE
population-c1cc9f7c-2025-2,QC-MAIN-c1cc9f7c,Becancour Silicon,2025,50km,0.0,POINT (-72.39 46.37),https://doi.org/10.2905/2FF68A52-5B5B-4A22-8F40-C41DA8332CFE
population-c1cc9f7c-2030-1,QC-MAIN-c1cc9f7c,Becancour Silicon,2030,10km,23057.89405695807,POINT (-72.39 46.37),https://doi.org/10.2905/2FF68A52-5B5B-4A22-8F40-C41DA8332CFE
population-c1cc9f7c-2030-2,QC-MAIN-c1cc9f7c,Becancour Silicon,2030,50km,0.0,POINT (-72.39 46.37),https://doi.org/10.2905/2FF68A52-5B5B-4A22-8F40-C41DA8332CFE
population-c139de6d-2025-1,NL-MAIN-c139de6d,Ming,2025,10km,1434.7724768171124,POINT (-56.087 49.915),https://doi.org/10.2905/2FF68A52-5B5B-4A22-8F40-C41DA8332CFE
population-c139de6d-2025-2,NL-MAIN-c139de6d,Ming,2025,50km,0.0,POINT (-56.087 49.915),https://doi.org/10.2905/2FF68A52-5B5B-4A22-8F40-C41DA8332CFE
population-c139de6d-2030-1,NL-MAIN-c139de6d,Ming,2030,10km,1432.1725782574172,POINT (-56.087 49.915),https://doi.org/10.2905/2FF68A52-5B5B-4A22-8F40-C41DA8332CFE
population-c139de6d-2030-2,NL-MAIN-c139de6d,Ming,2030,50km,0.0,POINT (-56.087 49.915),https://doi.org/10.2905/2FF68A52-5B5B-4A22-8F40-C41DA8332CFE
population-842ba1b4-2025-1,NL-MAIN-842ba1b4,Nugget Pond,2025,10km,0.0,POINT (-55.7753 49.845),https://doi.org/10.2905/2FF68A52-5B5B-4A22-8F40-C41DA8332CFE
population-842ba1b4-2025-2,NL-MAIN-842ba1b4,Nugget Pond,2025,50km,0.0,POINT (-55.7753 49.845),https://doi.org/10.2905/2FF68A52-5B5B-4A22-8F40-C41DA8332CFE
population-842ba1b4-2030-1,NL-MAIN-842ba1b4,Nugget Pond,2030,10km,0.0,POINT (-55.7753 49.845),https://doi.org/10.2905/2FF68A52-5B5B-4A22-8F40-C41DA8332CFE
population-842ba1b4-2030-2,NL-MAIN-842ba1b4,Nugget Pond,2030,50km,0.0,POINT (-55.7753 49.845),https://doi.org/10.2905/2FF68A52-5B5B-4A22-8F40-C41DA8332CFE
population-ca488f19-2025-1,YT-MAIN-ca488f19,Macmillan Pass,2025,10km,0.0,POINT (-130.15143 63.16057),https://doi.org/10.2905/2FF68A52-5B5B-4A22-8F40-C41DA8332CFE
population-ca488f19-2025-2,YT-MAIN-ca488f19,Macmillan Pass,2025,50km,1.6192569783888757,POINT (-130.15143 63.16057),https://doi.org/10.2905/2FF68A52-5B5B-4A22-8F40-C41DA8332CFE
population-ca488f19-2030-1,YT-MAIN-ca488f19,Macmillan Pass,2030,10km,0.0,POINT (-130.15143 63.16057),https://doi.org/10.2905/2FF68A52-5B5B-4A22-8F40-C41DA8332CFE
population-ca488f19-2030-2,YT-MAIN-ca488f19,Macmillan Pass,2030,50km,1.7468766529345885,POINT (-130.15143 63.16057),https://doi.org/10.2905/2FF68A52-5B5B-4A22-8F40-C41DA8332CFE
population-70d629b4-2025-1,YT-MAIN-70d629b4,Mactung,2025,10km,0.0,POINT (-130.1525 63.2822222222),https://doi.org/10.2905/2FF68A52-5B5B-4A22-8F40-C41DA8332CFE
population-70d629b4-2025-2,YT-MAIN-70d629b4,Mactung,2025,50km,1.6192569783888757,POINT (-130.1525 63.2822222222),https://doi.org/10.2905/2FF68A52-5B5B-4A22-8F40-C41DA8332CFE
population-70d629b4-2030-1,YT-MAIN-70d629b4,Mactung,2030,10km,0.0,POINT (-130.1525 63.2822222222),https://doi.org/10.2905/2FF68A52-5B5B-4A22-8F40-C41DA8332CFE
population-70d629b4-2030-2,YT-MAIN-70d629b4,Mactung,2030,50km,1.7468766529345885,POINT (-130.1525 63.2822222222),https://doi.org/10.2905/2FF68A52-5B5B-4A22-8F40-C41DA8332CFE
population-efff21d3-2025-1,BC-MAIN-efff21d3,Deer Horn,2025,10km,0.0,POINT (-127.30826 53.3607),https://doi.org/10.2905/2FF68A52-5B5B-4A22-8F40-C41DA8332CFE
population-efff21d3-2025-2,BC-MAIN-efff21d3,Deer Horn,2025,50km,0.0,POINT (-127.30826 53.3607),https://doi.org/10.2905/2FF68A52-5B5B-4A22-8F40-C41DA8332CFE
population-efff21d3-2030-1,BC-MAIN-efff21d3,Deer Horn,2030,10km,0.0,POINT (-127.30826 53.3607),https://doi.org/10.2905/2FF68A52-5B5B-4A22-8F40-C41DA8332CFE
population-efff21d3-2030-2,BC-MAIN-efff21d3,Deer Horn,2030,50km,0.0,POINT (-127.30826 53.3607),https://doi.org/10.2905/2FF68A52-5B5B-4A22-8F40-C41DA8332CFE
population-0684a5d8-2025-1,SK-MAIN-0684a5d8,Patterson Lake South,2025,10km,0.0,POINT (-109.364 57.639),https://doi.org/10.2905/2FF68A52-5B5B-4A22-8F40-C41DA8332CFE
population-0684a5d8-2025-2,SK-MAIN-0684a5d8,Patterson Lake South,2025,50km,6.846140104578808,POINT (-109.364 57.639),https://doi.org/10.2905/2FF68A52-5B5B-4A22-8F40-C41DA8332CFE
population-0684a5d8-2030-1,SK-MAIN-0684a5d8,Patterson Lake South,2030,10km,0.0,POINT (-109.364 57.639),https://doi.org/10.2905/2FF68A52-5B5B-4A22-8F40-C41DA8332CFE
population-0684a5d8-2030-2,SK-MAIN-0684a5d8,Patterson Lake South,2030,50km,7.114283662755042,POINT (-109.364 57.639),https://doi.org/10.2905/2FF68A52-5B5B-4A22-8F40-C41DA8332CFE
population-f7fde5b4-2025-1,MB-MAIN-f7fde5b4,Minago,2025,10km,0.0,POINT (-99.21912 54.1092),https://doi.org/10.2905/2FF68A52-5B5B-4A22-8F40-C41DA8332CFE
population-f7fde5b4-2025-2,MB-MAIN-f7fde5b4,Minago,2025,50km,0.0,POINT (-99.21912 54.1092),https://doi.org/10.2905/2FF68A52-5B5B-4A22-8F40-C41DA8332CFE
population-f7fde5b4-2030-1,MB-MAIN-f7fde5b4,Minago,2030,10km,0.0,POINT (-99.21912 54.1092),https://doi.org/10.2905/2FF68A52-5B5B-4A22-8F40-C41DA8332CFE
population-f7fde5b4-2030-2,MB-MAIN-f7fde5b4,Minago,2030,50km,0.0,POINT (-99.21912 54.1092),https://doi.org/10.2905/2FF68A52-5B5B-4A22-8F40-C41DA8332CFE
population-ae473a4e-2025-1,QC-MAIN-ae473a4e,Lac Knife,2025,10km,0.0,POINT (-67.18179 52.54974),https://doi.org/10.2905/2FF68A52-5B5B-4A22-8F40-C41DA8332CFE
population-ae473a4e-2025-2,QC-MAIN-ae473a4e,Lac Knife,2025,50km,13074.693330874095,POINT (-67.18179 52.54974),https://doi.org/10.2905/2FF68A52-5B5B-4A22-8F40-C41DA8332CFE
population-ae473a4e-2030-1,QC-MAIN-ae473a4e,Lac Knife,2030,10km,0.0,POINT (-67.18179 52.54974),https://doi.org/10.2905/2FF68A52-5B5B-4A22-8F40-C41DA8332CFE
population-ae473a4e-2030-2,QC-MAIN-ae473a4e,Lac Knife,2030,50km,13134.047902667186,POINT (-67.18179 52.54974),https://doi.org/10.2905/2FF68A52-5B5B-4A22-8F40-C41DA8332CFE
population-7a11ae49-2025-1,SK-MAIN-7a11ae49,McIlvenna Bay,2025,10km,0.0,POINT (-102.89498 54.65977),https://doi.org/10.2905/2FF68A52-5B5B-4A22-8F40-C41DA8332CFE
population-7a11ae49-2025-2,SK-MAIN-7a11ae49,McIlvenna Bay,2025,50km,1485.1002386585478,POINT (-102.89498 54.65977),https://doi.org/10.2905/2FF68A52-5B5B-4A22-8F40-C41DA8332CFE
population-7a11ae49-2030-1,SK-MAIN-7a11ae49,McIlvenna Bay,2030,10km,0.0,POINT (-102.89498 54.65977),https://doi.org/10.2905/2FF68A52-5B5B-4A22-8F40-C41DA8332CFE
population-7a11ae49-2030-2,SK-MAIN-7a11ae49,McIlvenna Bay,2030,50km,1543.2635634266278,POINT (-102.89498 54.65977),https://doi.org/10.2905/2FF68A52-5B5B-4A22-8F40-C41DA8332CFE
population-ca9625ce-2025-1,AB-MAIN-ca9625ce,Fortune Minerals Refinery,2025,10km,530.0160532517228,POINT (-112.513502 53.797615),https://doi.org/10.2905/2FF68A52-5B5B-4A22-8F40-C41DA8332CFE
population-ca9625ce-2025-2,AB-MAIN-ca9625ce,Fortune Minerals Refinery,2025,50km,64357.21693069859,POINT (-112.513502 53.797615),https://doi.org/10.2905/2FF68A52-5B5B-4A22-8F40-C41DA8332CFE
population-ca9625ce-2030-1,AB-MAIN-ca9625ce,Fortune Minerals Refinery,2030,10km,566.3035432268101,POINT (-112.513502 53.797615),https://doi.org/10.2905/2FF68A52-5B5B-4A22-8F40-C41DA8332CFE
population-ca9625ce-2030-2,AB-MAIN-ca9625ce,Fortune Minerals Refinery,2030,50km,68364.55422123625,POINT (-112.513502 53.797615),https://doi.org/10.2905/2FF68A52-5B5B-4A22-8F40-C41DA8332CFE
population-b7cdf82c-2025-1,NT-MAIN-b7cdf82c,NICO,2025,10km,0.0,POINT (-116.74583 63.55),https://doi.org/10.2905/2FF68A52-5B5B-4A22-8F40-C41DA8332CFE
population-b7cdf82c-2025-2,NT-MAIN-b7cdf82c,NICO,2025,50km,0.0,POINT (-116.74583 63.55),https://doi.org/10.2905/2FF68A52-5B5B-4A22-8F40-C41DA8332CFE
population-b7cdf82c-2030-1,NT-MAIN-b7cdf82c,NICO,2030,10km,0.0,POINT (-116.74583 63.55),https://doi.org/10.2905/2FF68A52-5B5B-4A22-8F40-C41DA8332CFE
population-b7cdf82c-2030-2,NT-MAIN-b7cdf82c,NICO,2030,50km,0.0,POINT (-116.74583 63.55),https://doi.org/10.2905/2FF68A52-5B5B-4A22-8F40-C41DA8332CFE
population-d47616e5-2025-1,ON-MAIN-d47616e5,Martison,2025,10km,0.0,POINT (-83.414444 50.314444),https://doi.org/10.2905/2FF68A52-5B5B-4A22-8F40-C41DA8332CFE
population-d47616e5-2025-2,ON-MAIN-d47616e5,Martison,2025,50km,3.1567349194083363,POINT (-83.414444 50.314444),https://doi.org/10.2905/2FF68A52-5B5B-4A22-8F40-C41DA8332CFE
population-d47616e5-2030-1,ON-MAIN-d47616e5,Martison,2030,10km,0.0,POINT (-83.414444 50.314444),https://doi.org/10.2905/2FF68A52-5B5B-4A22-8F40-C41DA8332CFE
population-d47616e5-2030-2,ON-MAIN-d47616e5,Martison,2030,50km,3.2099026436917484,POINT (-83.414444 50.314444),https://doi.org/10.2905/2FF68A52-5B5B-4A22-8F40-C41DA8332CFE
population-e1641dfb-2025-1,BC-MAIN-e1641dfb,Decar,2025,10km,0.0,POINT (-125.359691 54.894513),https://doi.org/10.2905/2FF68A52-5B5B-4A22-8F40-C41DA8332CFE
population-e1641dfb-2025-2,BC-MAIN-e1641dfb,Decar,2025,50km,639.3649807202164,POINT (-125.359691 54.894513),https://doi.org/10.2905/2FF68A52-5B5B-4A22-8F40-C41DA8332CFE
population-e1641dfb-2030-1,BC-MAIN-e1641dfb,Decar,2030,10km,0.0,POINT (-125.359691 54.894513),https://doi.org/10.2905/2FF68A52-5B5B-4A22-8F40-C41DA8332CFE
population-e1641dfb-2030-2,BC-MAIN-e1641dfb,Decar,2030,50km,665.5080774661619,POINT (-125.359691 54.894513),https://doi.org/10.2905/2FF68A52-5B5B-4A22-8F40-C41DA8332CFE
population-c06904f0-2025-1,ON-MAIN-c06904f0,Pakeagama,2025,10km,0.0,POINT (-93.37727 52.60026),https://doi.org/10.2905/2FF68A52-5B5B-4A22-8F40-C41DA8332CFE
population-c06904f0-2025-2,ON-MAIN-c06904f0,Pakeagama,2025,50km,1096.7671121744788,POINT (-93.37727 52.60026),https://doi.org/10.2905/2FF68A52-5B5B-4A22-8F40-C41DA8332CFE
population-c06904f0-2030-1,ON-MAIN-c06904f0,Pakeagama,2030,10km,0.0,POINT (-93.37727 52.60026),https://doi.org/10.2905/2FF68A52-5B5B-4A22-8F40-C41DA8332CFE
population-c06904f0-2030-2,ON-MAIN-c06904f0,Pakeagama,2030,50km,1129.7252896443242,POINT (-93.37727 52.60026),https://doi.org/10.2905/2FF68A52-5B5B-4A22-8F40-C41DA8332CFE
population-64bbe7e6-2025-1,ON-MAIN-64bbe7e6,Marathon,2025,10km,3444.467491691622,POINT (-86.3263 48.78758),https://doi.org/10.2905/2FF68A52-5B5B-4A22-8F40-C41DA8332CFE
population-64bbe7e6-2025-2,ON-MAIN-64bbe7e6,Marathon,2025,50km,4356.908128541843,POINT (-86.3263 48.78758),https://doi.org/10.2905/2FF68A52-5B5B-4A22-8F40-C41DA8332CFE
population-64bbe7e6-2030-1,ON-MAIN-64bbe7e6,Marathon,2030,10km,3548.905281945324,POINT (-86.3263 48.78758),https://doi.org/10.2905/2FF68A52-5B5B-4A22-8F40-C41DA8332CFE
population-64bbe7e6-2030-2,ON-MAIN-64bbe7e6,Marathon,2030,50km,4488.983670162812,POINT (-86.3263 48.78758),https://doi.org/10.2905/2FF68A52-5B5B-4A22-8F40-C41DA8332CFE
population-22426144-2025-1,QC-MAIN-22426144,REE Recycling Facility (Saint-Bruno),2025,10km,257607.67293649525,POINT (-73.340812 45.525976),https://doi.org/10.2905/2FF68A52-5B5B-4A22-8F40-C41DA8332CFE
population-22426144-2025-2,QC-MAIN-22426144,REE Recycling Facility (Saint-Bruno),2025,50km,4284452.580326721,POINT (-73.340812 45.525976),https://doi.org/10.2905/2FF68A52-5B5B-4A22-8F40-C41DA8332CFE
population-22426144-2030-1,QC-MAIN-22426144,REE Recycling Facility (Saint-Bruno),2030,10km,267775.2470994702,POINT (-73.340812 45.525976),https://doi.org/10.2905/2FF68A52-5B5B-4A22-8F40-C41DA8332CFE
population-22426144-2030-2,QC-MAIN-22426144,REE Recycling Facility (Saint-Bruno),2030,50km,4452350.806953609,POINT (-73.340812 45.525976),https://doi.org/10.2905/2FF68A52-5B5B-4A22-8F40-C41DA8332CFE
population-0d5c2cae-2025-1,MB-MAIN-0d5c2cae,Selkirk Division,2025,10km,24145.61306735396,POINT (-96.911166 50.133771),https://doi.org/10.2905/2FF68A52-5B5B-4A22-8F40-C41DA8332CFE
population-0d5c2cae-2025-2,MB-MAIN-0d5c2cae,Selkirk Division,2025,50km,910585.9307900128,POINT (-96.911166 50.133771),https://doi.org/10.2905/2FF68A52-5B5B-4A22-8F40-C41DA8332CFE
population-0d5c2cae-2030-1,MB-MAIN-0d5c2cae,Selkirk Division,2030,10km,25250.51442861727,POINT (-96.911166 50.133771),https://doi.org/10.2905/2FF68A52-5B5B-4A22-8F40-C41DA8332CFE
population-0d5c2cae-2030-2,MB-MAIN-0d5c2cae,Selkirk Division,2030,50km,951197.9794216515,POINT (-96.911166 50.133771),https://doi.org/10.2905/2FF68A52-5B5B-4A22-8F40-C41DA8332CFE
population-92cdea80-2025-1,ON-MAIN-92cdea80,Whitby Division,2025,10km,333270.5499035326,POINT (-78.910676 43.851906),https://doi.org/10.2905/2FF68A52-5B5B-4A22-8F40-C41DA8332CFE
population-92cdea80-2025-2,ON-MAIN-92cdea80,Whitby Division,2025,50km,4030332.7778288363,POINT (-78.910676 43.851906),https://doi.org/10.2905/2FF68A52-5B5B-4A22-8F40-C41DA8332CFE
population-92cdea80-2030-1,ON-MAIN-92cdea80,Whitby Division,2030,10km,349359.949414403,POINT (-78.910676 43.851906),https://doi.org/10.2905/2FF68A52-5B5B-4A22-8F40-C41DA8332CFE
population-92cdea80-2030-2,ON-MAIN-92cdea80,Whitby Division,2030,50km,4186366.2265015664,POINT (-78.910676 43.851906),https://doi.org/10.2905/2FF68A52-5B5B-4A22-8F40-C41DA8332CFE
population-bddeaef0-2025-1,ON-MAIN-bddeaef0,Cambridge Mill,2025,10km,170898.4926934781,POINT (-80.28 43.37),https://doi.org/10.2905/2FF68A52-5B5B-4A22-8F40-C41DA8332CFE
population-bddeaef0-2025-2,ON-MAIN-bddeaef0,Cambridge Mill,2025,50km,2428278.595298272,POINT (-80.28 43.37),https://doi.org/10.2905/2FF68A52-5B5B-4A22-8F40-C41DA8332CFE
population-bddeaef0-2030-1,ON-MAIN-bddeaef0,Cambridge Mill,2030,10km,179931.06231337518,POINT (-80.28 43.37),https://doi.org/10.2905/2FF68A52-5B5B-4A22-8F40-C41DA8332CFE
population-bddeaef0-2030-2,ON-MAIN-bddeaef0,Cambridge Mill,2030,50km,2533937.2987281717,POINT (-80.28 43.37),https://doi.org/10.2905/2FF68A52-5B5B-4A22-8F40-C41DA8332CFE
population-b4ca1426-2025-1,MB-MAIN-b4ca1426,Manitoba Mill,2025,10km,23861.94737767945,POINT (-96.893633 50.130273),https://doi.org/10.2905/2FF68A52-5B5B-4A22-8F40-C41DA8332CFE
population-b4ca1426-2025-2,MB-MAIN-b4ca1426,Manitoba Mill,2025,50km,910128.3951261566,POINT (-96.893633 50.130273),https://doi.org/10.2905/2FF68A52-5B5B-4A22-8F40-C41DA8332CFE
population-b4ca1426-2030-1,MB-MAIN-b4ca1426,Manitoba Mill,2030,10km,24959.804827688033,POINT (-96.893633 50.130273),https://doi.org/10.2905/2FF68A52-5B5B-4A22-8F40-C41DA8332CFE
population-b4ca1426-2030-2,MB-MAIN-b4ca1426,Manitoba Mill,2030,50km,950720.557266305,POINT (-96.893633 50.130273),https://doi.org/10.2905/2FF68A52-5B5B-4A22-8F40-C41DA8332CFE
population-21b6ab35-2025-1,ON-MAIN-21b6ab35,Whitby Mill,2025,10km,353615.8269223804,POINT (-78.91 43.86),https://doi.org/10.2905/2FF68A52-5B5B-4A22-8F40-C41DA8332CFE
population-21b6ab35-2025-2,ON-MAIN-21b6ab35,Whitby Mill,2025,50km,4000499.9494402497,POINT (-78.91 43.86),https://doi.org/10.2905/2FF68A52-5B5B-4A22-8F40-C41DA8332CFE
population-21b6ab35-2030-1,ON-MAIN-21b6ab35,Whitby Mill,2030,10km,370735.8635189065,POINT (-78.91 43.86),https://doi.org/10.2905/2FF68A52-5B5B-4A22-8F40-C41DA8332CFE
population-21b6ab35-2030-2,ON-MAIN-21b6ab35,Whitby Mill,2030,50km,4155372.80628375,POINT (-78.91 43.86),https://doi.org/10.2905/2FF68A52-5B5B-4A22-8F40-C41DA8332CFE
population-de3d8b7b-2025-1,QC-MAIN-de3d8b7b,Canadian Electrolytic Zinc Limited (CEZinc),2025,10km,17459.196560225882,POINT (-74.097205 45.228312),https://doi.org/10.2905/2FF68A52-5B5B-4A22-8F40-C41DA8332CFE
population-de3d8b7b-2025-2,QC-MAIN-de3d8b7b,Canadian Electrolytic Zinc Limited (CEZinc),2025,50km,1714634.2054274892,POINT (-74.097205 45.228312),https://doi.org/10.2905/2FF68A52-5B5B-4A22-8F40-C41DA8332CFE
population-de3d8b7b-2030-1,QC-MAIN-de3d8b7b,Canadian Electrolytic Zinc Limited (CEZinc),2030,10km,18874.64272767197,POINT (-74.097205 45.228312),https://doi.org/10.2905/2FF68A52-5B5B-4A22-8F40-C41DA8332CFE
population-de3d8b7b-2030-2,QC-MAIN-de3d8b7b,Canadian Electrolytic Zinc Limited (CEZinc),2030,50km,1780087.414163096,POINT (-74.097205 45.228312),https://doi.org/10.2905/2FF68A52-5B5B-4A22-8F40-C41DA8332CFE
population-529c96b4-2025-1,QC-MAIN-529c96b4,CCR,2025,10km,657806.4190332366,POINT (-73.511778 45.627518),https://doi.org/10.2905/2FF68A52-5B5B-4A22-8F40-C41DA8332CFE
population-529c96b4-2025-2,QC-MAIN-529c96b4,CCR,2025,50km,4527265.305510578,POINT (-73.511778 45.627518),https://doi.org/10.2905/2FF68A52-5B5B-4A22-8F40-C41DA8332CFE
population-529c96b4-2030-1,QC-MAIN-529c96b4,CCR,2030,10km,683904.461171045,POINT (-73.511778 45.627518),https://doi.org/10.2905/2FF68A52-5B5B-4A22-8F40-C41DA8332CFE
population-529c96b4-2030-2,QC-MAIN-529c96b4,CCR,2030,50km,4703977.689237991,POINT (-73.511778 45.627518),https://doi.org/10.2905/2FF68A52-5B5B-4A22-8F40-C41DA8332CFE
population-206041d1-2025-1,ON-MAIN-206041d1,Fraser,2025,10km,5059.70523214403,POINT (-81.3404 46.6633),https://doi.org/10.2905/2FF68A52-5B5B-4A22-8F40-C41DA8332CFE
population-206041d1-2025-2,ON-MAIN-206041d1,Fraser,2025,50km,175923.18031794048,POINT (-81.3404 46.6633),https://doi.org/10.2905/2FF68A52-5B5B-4A22-8F40-C41DA8332CFE
population-206041d1-2030-1,ON-MAIN-206041d1,Fraser,2030,10km,5270.57391621437,POINT (-81.3404 46.6633),https://doi.org/10.2905/2FF68A52-5B5B-4A22-8F40-C41DA8332CFE
population-206041d1-2030-2,ON-MAIN-206041d1,Fraser,2030,50km,183723.04817861773,POINT (-81.3404 46.6633),https://doi.org/10.2905/2FF68A52-5B5B-4A22-8F40-C41DA8332CFE
population-abb3e1c7-2025-1,QC-MAIN-abb3e1c7,General Smelting Company of Canada,2025,10km,819707.9196619714,POINT (-73.676345 45.448518),https://doi.org/10.2905/2FF68A52-5B5B-4A22-8F40-C41DA8332CFE
population-abb3e1c7-2025-2,QC-MAIN-abb3e1c7,General Smelting Company of Canada,2025,50km,4414267.204691677,POINT (-73.676345 45.448518),https://doi.org/10.2905/2FF68A52-5B5B-4A22-8F40-C41DA8332CFE
population-abb3e1c7-2030-1,QC-MAIN-abb3e1c7,General Smelting Company of Canada,2030,10km,851853.5898118466,POINT (-73.676345 45.448518),https://doi.org/10.2905/2FF68A52-5B5B-4A22-8F40-C41DA8332CFE
population-abb3e1c7-2030-2,QC-MAIN-abb3e1c7,General Smelting Company of Canada,2030,50km,4585160.325697285,POINT (-73.676345 45.448518),https://doi.org/10.2905/2FF68A52-5B5B-4A22-8F40-C41DA8332CFE
population-30c1828c-2025-1,QC-MAIN-30c1828c,Horne,2025,10km,36952.37965195532,POINT (-79.0151 48.2534),https://doi.org/10.2905/2FF68A52-5B5B-4A22-8F40-C41DA8332CFE
population-30c1828c-2025-2,QC-MAIN-30c1828c,Horne,2025,50km,53193.818985492406,POINT (-79.0151 48.2534),https://doi.org/10.2905/2FF68A52-5B5B-4A22-8F40-C41DA8332CFE
population-30c1828c-2030-1,QC-MAIN-30c1828c,Horne,2030,10km,37784.9089154893,POINT (-79.0151 48.2534),https://doi.org/10.2905/2FF68A52-5B5B-4A22-8F40-C41DA8332CFE
population-30c1828c-2030-2,QC-MAIN-30c1828c,Horne,2030,50km,54403.708780036024,POINT (-79.0151 48.2534),https://doi.org/10.2905/2FF68A52-5B5B-4A22-8F40-C41DA8332CFE
population-f8313ebd-2025-1,ON-MAIN-f8313ebd,Kidd Creek,2025,10km,1.6844060919247568,POINT (-81.37 48.6894),https://doi.org/10.2905/2FF68A52-5B5B-4A22-8F40-C41DA8332CFE
population-f8313ebd-2025-2,ON-MAIN-f8313ebd,Kidd Creek,2025,50km,55048.139337089175,POINT (-81.37 48.6894),https://doi.org/10.2905/2FF68A52-5B5B-4A22-8F40-C41DA8332CFE
population-f8313ebd-2030-1,ON-MAIN-f8313ebd,Kidd Creek,2030,10km,1.7267793379724026,POINT (-81.37 48.6894),https://doi.org/10.2905/2FF68A52-5B5B-4A22-8F40-C41DA8332CFE
population-f8313ebd-2030-2,ON-MAIN-f8313ebd,Kidd Creek,2030,50km,56714.14948221517,POINT (-81.37 48.6894),https://doi.org/10.2905/2FF68A52-5B5B-4A22-8F40-C41DA8332CFE
population-fcb287a4-2025-1,ON-MAIN-fcb287a4,Nickel Rim South,2025,10km,3294.421197864907,POINT (-80.796793 46.657982),https://doi.org/10.2905/2FF68A52-5B5B-4A22-8F40-C41DA8332CFE
population-fcb287a4-2025-2,ON-MAIN-fcb287a4,Nickel Rim South,2025,50km,179105.2402452881,POINT (-80.796793 46.657982),https://doi.org/10.2905/2FF68A52-5B5B-4A22-8F40-C41DA8332CFE
population-fcb287a4-2030-1,ON-MAIN-fcb287a4,Nickel Rim South,2030,10km,3424.819654372333,POINT (-80.796793 46.657982),https://doi.org/10.2905/2FF68A52-5B5B-4A22-8F40-C41DA8332CFE
population-fcb287a4-2030-2,ON-MAIN-fcb287a4,Nickel Rim South,2030,50km,187002.70556972074,POINT (-80.796793 46.657982),https://doi.org/10.2905/2FF68A52-5B5B-4A22-8F40-C41DA8332CFE
population-319e04a8-2025-1,ON-MAIN-319e04a8,Onaping Depth,2025,10km,5257.510532366005,POINT (-81.383878 46.632019),https://doi.org/10.2905/2FF68A52-5B5B-4A22-8F40-C41DA8332CFE
population-319e04a8-2025-2,ON-MAIN-319e04a8,Onaping Depth,2025,50km,175899.99953286248,POINT (-81.383878 46.632019),https://doi.org/10.2905/2FF68A52-5B5B-4A22-8F40-C41DA8332CFE
population-319e04a8-2030-1,ON-MAIN-319e04a8,Onaping Depth,2030,10km,5480.073032240603,POINT (-81.383878 46.632019),https://doi.org/10.2905/2FF68A52-5B5B-4A22-8F40-C41DA8332CFE
population-319e04a8-2030-2,ON-MAIN-319e04a8,Onaping Depth,2030,50km,183697.5998939619,POINT (-81.383878 46.632019),https://doi.org/10.2905/2FF68A52-5B5B-4A22-8F40-C41DA8332CFE
population-a97821c0-2025-1,QC-MAIN-a97821c0,Raglan,2025,10km,0.0,POINT (-73.674669 61.687171),https://doi.org/10.2905/2FF68A52-5B5B-4A22-8F40-C41DA8332CFE
population-a97821c0-2025-2,QC-MAIN-a97821c0,Raglan,2025,50km,0.0,POINT (-73.674669 61.687171),https://doi.org/10.2905/2FF68A52-5B5B-4A22-8F40-C41DA8332CFE
population-a97821c0-2030-1,QC-MAIN-a97821c0,Raglan,2030,10km,0.0,POINT (-73.674669 61.687171),https://doi.org/10.2905/2FF68A52-5B5B-4A22-8F40-C41DA8332CFE
population-a97821c0-2030-2,QC-MAIN-a97821c0,Raglan,2030,50km,0.0,POINT (-73.674669 61.687171),https://doi.org/10.2905/2FF68A52-5B5B-4A22-8F40-C41DA8332CFE
population-ed85ac94-2025-1,ON-MAIN-ed85ac94,Strathcona,2025,10km,4868.238471031584,POINT (-81.3427 46.6734),https://doi.org/10.2905/2FF68A52-5B5B-4A22-8F40-C41DA8332CFE
population-ed85ac94-2025-2,ON-MAIN-ed85ac94,Strathcona,2025,50km,175715.4037814872,POINT (-81.3427 46.6734),https://doi.org/10.2905/2FF68A52-5B5B-4A22-8F40-C41DA8332CFE
population-ed85ac94-2030-1,ON-MAIN-ed85ac94,Strathcona,2030,10km,5075.370823326473,POINT (-81.3427 46.6734),https://doi.org/10.2905/2FF68A52-5B5B-4A22-8F40-C41DA8332CFE
population-ed85ac94-2030-2,ON-MAIN-ed85ac94,Strathcona,2030,50km,183507.15757711505,POINT (-81.3427 46.6734),https://doi.org/10.2905/2FF68A52-5B5B-4A22-8F40-C41DA8332CFE
population-40ce0593-2025-1,ON-MAIN-40ce0593,Sudbury,2025,10km,11146.819075406936,POINT (-80.7993 46.5763),https://doi.org/10.2905/2FF68A52-5B5B-4A22-8F40-C41DA8332CFE
population-40ce0593-2025-2,ON-MAIN-40ce0593,Sudbury,2025,50km,180500.55142479308,POINT (-80.7993 46.5763),https://doi.org/10.2905/2FF68A52-5B5B-4A22-8F40-C41DA8332CFE
population-40ce0593-2030-1,ON-MAIN-40ce0593,Sudbury,2030,10km,11641.76675864913,POINT (-80.7993 46.5763),https://doi.org/10.2905/2FF68A52-5B5B-4A22-8F40-C41DA8332CFE
population-40ce0593-2030-2,ON-MAIN-40ce0593,Sudbury,2030,50km,188423.68311802164,POINT (-80.7993 46.5763),https://doi.org/10.2905/2FF68A52-5B5B-4A22-8F40-C41DA8332CFE
population-4724f4ba-2025-1,BC-MAIN-4724f4ba,Elk,2025,10km,12.261364280991256,POINT (-120.31487 49.8538),https://doi.org/10.2905/2FF68A52-5B5B-4A22-8F40-C41DA8332CFE
population-4724f4ba-2025-2,BC-MAIN-4724f4ba,Elk,2025,50km,38064.019330511495,POINT (-120.31487 49.8538),https://doi.org/10.2905/2FF68A52-5B5B-4A22-8F40-C41DA8332CFE
population-4724f4ba-2030-1,BC-MAIN-4724f4ba,Elk,2030,10km,12.741247225399404,POINT (-120.31487 49.8538),https://doi.org/10.2905/2FF68A52-5B5B-4A22-8F40-C41DA8332CFE
population-4724f4ba-2030-2,BC-MAIN-4724f4ba,Elk,2030,50km,39626.70870855919,POINT (-120.31487 49.8538),https://doi.org/10.2905/2FF68A52-5B5B-4A22-8F40-C41DA8332CFE
population-956d050a-2025-1,YT-MAIN-956d050a,Carmacks,2025,10km,0.0,POINT (-136.7 62.33),https://doi.org/10.2905/2FF68A52-5B5B-4A22-8F40-C41DA8332CFE
population-956d050a-2025-2,YT-MAIN-956d050a,Carmacks,2025,50km,696.3113493704004,POINT (-136.7 62.33),https://doi.org/10.2905/2FF68A52-5B5B-4A22-8F40-C41DA8332CFE
population-956d050a-2030-1,YT-MAIN-956d050a,Carmacks,2030,10km,0.0,POINT (-136.7 62.33),https://doi.org/10.2905/2FF68A52-5B5B-4A22-8F40-C41DA8332CFE
population-956d050a-2030-2,YT-MAIN-956d050a,Carmacks,2030,50km,751.1902875277738,POINT (-136.7 62.33),https://doi.org/10.2905/2FF68A52-5B5B-4A22-8F40-C41DA8332CFE
population-97ee890f-2025-1,ON-MAIN-97ee890f,Seymour Lake,2025,10km,0.0,POINT (-88.4491 50.40987),https://doi.org/10.2905/2FF68A52-5B5B-4A22-8F40-C41DA8332CFE
population-97ee890f-2025-2,ON-MAIN-97ee890f,Seymour Lake,2025,50km,0.0,POINT (-88.4491 50.40987),https://doi.org/10.2905/2FF68A52-5B5B-4A22-8F40-C41DA8332CFE
population-97ee890f-2030-1,ON-MAIN-97ee890f,Seymour Lake,2030,10km,0.0,POINT (-88.4491 50.40987),https://doi.org/10.2905/2FF68A52-5B5B-4A22-8F40-C41DA8332CFE
population-97ee890f-2030-2,ON-MAIN-97ee890f,Seymour Lake,2030,50km,0.0,POINT (-88.4491 50.40987),https://doi.org/10.2905/2FF68A52-5B5B-4A22-8F40-C41DA8332CFE
population-27a90834-2025-1,MB-MAIN-27a90834,Makwa Mayville,2025,10km,0.0,POINT (-95.60953 50.6298),https://doi.org/10.2905/2FF68A52-5B5B-4A22-8F40-C41DA8332CFE
population-27a90834-2025-2,MB-MAIN-27a90834,Makwa Mayville,2025,50km,7599.781399763256,POINT (-95.60953 50.6298),https://doi.org/10.2905/2FF68A52-5B5B-4A22-8F40-C41DA8332CFE
population-27a90834-2030-1,MB-MAIN-27a90834,Makwa Mayville,2030,10km,0.0,POINT (-95.60953 50.6298),https://doi.org/10.2905/2FF68A52-5B5B-4A22-8F40-C41DA8332CFE
population-27a90834-2030-2,MB-MAIN-27a90834,Makwa Mayville,2030,50km,7803.139397655045,POINT (-95.60953 50.6298),https://doi.org/10.2905/2FF68A52-5B5B-4A22-8F40-C41DA8332CFE
population-fbe28fef-2025-1,SK-MAIN-fbe28fef,Kindersley Lithium,2025,10km,487.2177851516975,POINT (-109.19120556 51.73894139),https://doi.org/10.2905/2FF68A52-5B5B-4A22-8F40-C41DA8332CFE
population-fbe28fef-2025-2,SK-MAIN-fbe28fef,Kindersley Lithium,2025,50km,12119.319852311199,POINT (-109.19120556 51.73894139),https://doi.org/10.2905/2FF68A52-5B5B-4A22-8F40-C41DA8332CFE
population-fbe28fef-2030-1,SK-MAIN-fbe28fef,Kindersley Lithium,2030,10km,506.25103518350534,POINT (-109.19120556 51.73894139),https://doi.org/10.2905/2FF68A52-5B5B-4A22-8F40-C41DA8332CFE
population-fbe28fef-2030-2,SK-MAIN-fbe28fef,Kindersley Lithium,2030,50km,12592.622771896837,POINT (-109.19120556 51.73894139),https://doi.org/10.2905/2FF68A52-5B5B-4A22-8F40-C41DA8332CFE
population-b031959a-2025-1,BC-MAIN-b031959a,Turnagain,2025,10km,0.0,POINT (-128.86282 58.47856),https://doi.org/10.2905/2FF68A52-5B5B-4A22-8F40-C41DA8332CFE
population-b031959a-2025-2,BC-MAIN-b031959a,Turnagain,2025,50km,0.0,POINT (-128.86282 58.47856),https://doi.org/10.2905/2FF68A52-5B5B-4A22-8F40-C41DA8332CFE
population-b031959a-2030-1,BC-MAIN-b031959a,Turnagain,2030,10km,0.0,POINT (-128.86282 58.47856),https://doi.org/10.2905/2FF68A52-5B5B-4A22-8F40-C41DA8332CFE
population-b031959a-2030-2,BC-MAIN-b031959a,Turnagain,2030,50km,0.0,POINT (-128.86282 58.47856),https://doi.org/10.2905/2FF68A52-5B5B-4A22-8F40-C41DA8332CFE
population-b86f7d07-2025-1,QC-MAIN-b86f7d07,Casa Berardi,2025,10km,0.0,POINT (-79.231307 49.5719),https://doi.org/10.2905/2FF68A52-5B5B-4A22-8F40-C41DA8332CFE
population-b86f7d07-2025-2,QC-MAIN-b86f7d07,Casa Berardi,2025,50km,0.0,POINT (-79.231307 49.5719),https://doi.org/10.2905/2FF68A52-5B5B-4A22-8F40-C41DA8332CFE
population-b86f7d07-2030-1,QC-MAIN-b86f7d07,Casa Berardi,2030,10km,0.0,POINT (-79.231307 49.5719),https://doi.org/10.2905/2FF68A52-5B5B-4A22-8F40-C41DA8332CFE
population-b86f7d07-2030-2,QC-MAIN-b86f7d07,Casa Berardi,2030,50km,0.0,POINT (-79.231307 49.5719),https://doi.org/10.2905/2FF68A52-5B5B-4A22-8F40-C41DA8332CFE
population-44857446-2025-1,YT-MAIN-44857446,Keno Hill Silver District,2025,10km,38.1331182718277,POINT (-135.4833 63.9167),https://doi.org/10.2905/2FF68A52-5B5B-4A22-8F40-C41DA8332CFE
population-44857446-2025-2,YT-MAIN-44857446,Keno Hill Silver District,2025,50km,561.9217351870611,POINT (-135.4833 63.9167),https://doi.org/10.2905/2FF68A52-5B5B-4A22-8F40-C41DA8332CFE
population-44857446-2030-1,YT-MAIN-44857446,Keno Hill Silver District,2030,10km,41.13853371143341,POINT (-135.4833 63.9167),https://doi.org/10.2905/2FF68A52-5B5B-4A22-8F40-C41DA8332CFE
population-44857446-2030-2,YT-MAIN-44857446,Keno Hill Silver District,2030,50km,606.208922165446,POINT (-135.4833 63.9167),https://doi.org/10.2905/2FF68A52-5B5B-4A22-8F40-C41DA8332CFE
population-c3105f43-2025-1,YT-MAIN-c3105f43,Rackla Gold,2025,10km,0.7124260626733303,POINT (-134.41278 64.19667),https://doi.org/10.2905/2FF68A52-5B5B-4A22-8F40-C41DA8332CFE
population-c3105f43-2025-2,YT-MAIN-c3105f43,Rackla Gold,2025,50km,1.0730367796495557,POINT (-134.41278 64.19667),https://doi.org/10.2905/2FF68A52-5B5B-4A22-8F40-C41DA8332CFE
population-c3105f43-2030-1,YT-MAIN-c3105f43,Rackla Gold,2030,10km,0.768575070425868,POINT (-134.41278 64.19667),https://doi.org/10.2905/2FF68A52-5B5B-4A22-8F40-C41DA8332CFE
population-c3105f43-2030-2,YT-MAIN-c3105f43,Rackla Gold,2030,50km,1.1576068857684731,POINT (-134.41278 64.19667),https://doi.org/10.2905/2FF68A52-5B5B-4A22-8F40-C41DA8332CFE
population-fc6f1a44-2025-1,ON-MAIN-fc6f1a44,Ivaco Rolling Mills,2025,10km,22849.677319818315,POINT (-74.704435 45.6119),https://doi.org/10.2905/2FF68A52-5B5B-4A22-8F40-C41DA8332CFE
population-fc6f1a44-2025-2,ON-MAIN-fc6f1a44,Ivaco Rolling Mills,2025,50km,236000.13543780954,POINT (-74.704435 45.6119),https://doi.org/10.2905/2FF68A52-5B5B-4A22-8F40-C41DA8332CFE
population-fc6f1a44-2030-1,ON-MAIN-fc6f1a44,Ivaco Rolling Mills,2030,10km,23465.451025641494,POINT (-74.704435 45.6119),https://doi.org/10.2905/2FF68A52-5B5B-4A22-8F40-C41DA8332CFE
population-fc6f1a44-2030-2,ON-MAIN-fc6f1a44,Ivaco Rolling Mills,2030,50km,242469.3618445232,POINT (-74.704435 45.6119),https://doi.org/10.2905/2FF68A52-5B5B-4A22-8F40-C41DA8332CFE
population-e2e67f8f-2025-1,MB-MAIN-e2e67f8f,1901,2025,10km,779.4328092862619,POINT (-100.134 54.8557),https://doi.org/10.2905/2FF68A52-5B5B-4A22-8F40-C41DA8332CFE
population-e2e67f8f-2025-2,MB-MAIN-e2e67f8f,1901,2025,50km,822.9248216164997,POINT (-100.134 54.8557),https://doi.org/10.2905/2FF68A52-5B5B-4A22-8F40-C41DA8332CFE
population-e2e67f8f-2030-1,MB-MAIN-e2e67f8f,1901,2030,10km,800.0742494357106,POINT (-100.134 54.8557),https://doi.org/10.2905/2FF68A52-5B5B-4A22-8F40-C41DA8332CFE
population-e2e67f8f-2030-2,MB-MAIN-e2e67f8f,1901,2030,50km,844.7180459458614,POINT (-100.134 54.8557),https://doi.org/10.2905/2FF68A52-5B5B-4A22-8F40-C41DA8332CFE
population-599152a0-2025-1,BC-MAIN-599152a0,Copper Mountain,2025,10km,79.494523614645,POINT (-120.533 49.331),https://doi.org/10.2905/2FF68A52-5B5B-4A22-8F40-C41DA8332CFE
population-599152a0-2025-2,BC-MAIN-599152a0,Copper Mountain,2025,50km,6379.492739738864,POINT (-120.533 49.331),https://doi.org/10.2905/2FF68A52-5B5B-4A22-8F40-C41DA8332CFE
population-599152a0-2030-1,BC-MAIN-599152a0,Copper Mountain,2030,10km,82.00811900687404,POINT (-120.533 49.331),https://doi.org/10.2905/2FF68A52-5B5B-4A22-8F40-C41DA8332CFE
population-599152a0-2030-2,BC-MAIN-599152a0,Copper Mountain,2030,50km,6640.10623599508,POINT (-120.533 49.331),https://doi.org/10.2905/2FF68A52-5B5B-4A22-8F40-C41DA8332CFE
population-be5b3dc8-2025-1,MB-MAIN-be5b3dc8,Lalor Lake,2025,10km,779.4719626510848,POINT (-100.13333 54.86667),https://doi.org/10.2905/2FF68A52-5B5B-4A22-8F40-C41DA8332CFE
population-be5b3dc8-2025-2,MB-MAIN-be5b3dc8,Lalor Lake,2025,50km,822.9248216164997,POINT (-100.13333 54.86667),https://doi.org/10.2905/2FF68A52-5B5B-4A22-8F40-C41DA8332CFE
population-be5b3dc8-2030-1,MB-MAIN-be5b3dc8,Lalor Lake,2030,10km,800.1144396854979,POINT (-100.13333 54.86667),https://doi.org/10.2905/2FF68A52-5B5B-4A22-8F40-C41DA8332CFE
population-be5b3dc8-2030-2,MB-MAIN-be5b3dc8,Lalor Lake,2030,50km,844.7180459458614,POINT (-100.13333 54.86667),https://doi.org/10.2905/2FF68A52-5B5B-4A22-8F40-C41DA8332CFE
population-da0b5c3d-2025-1,MB-MAIN-da0b5c3d,New Britannia,2025,10km,810.6312514424284,POINT (-100.024002 54.886349),https://doi.org/10.2905/2FF68A52-5B5B-4A22-8F40-C41DA8332CFE
population-da0b5c3d-2025-2,MB-MAIN-da0b5c3d,New Britannia,2025,50km,822.9248216164997,POINT (-100.024002 54.886349),https://doi.org/10.2905/2FF68A52-5B5B-4A22-8F40-C41DA8332CFE
population-da0b5c3d-2030-1,MB-MAIN-da0b5c3d,New Britannia,2030,10km,832.0989090173629,POINT (-100.024002 54.886349),https://doi.org/10.2905/2FF68A52-5B5B-4A22-8F40-C41DA8332CFE
population-da0b5c3d-2030-2,MB-MAIN-da0b5c3d,New Britannia,2030,50km,844.7180459458614,POINT (-100.024002 54.886349),https://doi.org/10.2905/2FF68A52-5B5B-4A22-8F40-C41DA8332CFE
population-c0684566-2025-1,MB-MAIN-c0684566,Rail,2025,10km,0.0,POINT (-100.5916 54.7463),https://doi.org/10.2905/2FF68A52-5B5B-4A22-8F40-C41DA8332CFE
population-c0684566-2025-2,MB-MAIN-c0684566,Rail,2025,50km,857.5001234417913,POINT (-100.5916 54.7463),https://doi.org/10.2905/2FF68A52-5B5B-4A22-8F40-C41DA8332CFE
population-c0684566-2030-1,MB-MAIN-c0684566,Rail,2030,10km,0.0,POINT (-100.5916 54.7463),https://doi.org/10.2905/2FF68A52-5B5B-4A22-8F40-C41DA8332CFE
population-c0684566-2030-2,MB-MAIN-c0684566,Rail,2030,50km,880.2070994888136,POINT (-100.5916 54.7463),https://doi.org/10.2905/2FF68A52-5B5B-4A22-8F40-C41DA8332CFE
population-0898e255-2025-1,MB-MAIN-0898e255,Stall Lake,2025,10km,806.9947953016863,POINT (-99.9451 54.85692),https://doi.org/10.2905/2FF68A52-5B5B-4A22-8F40-C41DA8332CFE
population-0898e255-2025-2,MB-MAIN-0898e255,Stall Lake,2025,50km,822.9248216164997,POINT (-99.9451 54.85692),https://doi.org/10.2905/2FF68A52-5B5B-4A22-8F40-C41DA8332CFE
population-0898e255-2030-1,MB-MAIN-0898e255,Stall Lake,2030,10km,828.3661498898749,POINT (-99.9451 54.85692),https://doi.org/10.2905/2FF68A52-5B5B-4A22-8F40-C41DA8332CFE
population-0898e255-2030-2,MB-MAIN-0898e255,Stall Lake,2030,50km,844.7180459458614,POINT (-99.9451 54.85692),https://doi.org/10.2905/2FF68A52-5B5B-4A22-8F40-C41DA8332CFE
population-854abe09-2025-1,MB-MAIN-854abe09,Talbot,2025,10km,0.0,POINT (-99.6343 54.1133),https://doi.org/10.2905/2FF68A52-5B5B-4A22-8F40-C41DA8332CFE
population-854abe09-2025-2,MB-MAIN-854abe09,Talbot,2025,50km,0.0,POINT (-99.6343 54.1133),https://doi.org/10.2905/2FF68A52-5B5B-4A22-8F40-C41DA8332CFE
population-854abe09-2030-1,MB-MAIN-854abe09,Talbot,2030,10km,0.0,POINT (-99.6343 54.1133),https://doi.org/10.2905/2FF68A52-5B5B-4A22-8F40-C41DA8332CFE
population-854abe09-2030-2,MB-MAIN-854abe09,Talbot,2030,50km,0.0,POINT (-99.6343 54.1133),https://doi.org/10.2905/2FF68A52-5B5B-4A22-8F40-C41DA8332CFE
population-1a82a1b7-2025-1,MB-MAIN-1a82a1b7,Tower,2025,10km,0.0,POINT (-99.2284 53.9623),https://doi.org/10.2905/2FF68A52-5B5B-4A22-8F40-C41DA8332CFE
population-1a82a1b7-2025-2,MB-MAIN-1a82a1b7,Tower,2025,50km,0.0,POINT (-99.2284 53.9623),https://doi.org/10.2905/2FF68A52-5B5B-4A22-8F40-C41DA8332CFE
population-1a82a1b7-2030-1,MB-MAIN-1a82a1b7,Tower,2030,10km,0.0,POINT (-99.2284 53.9623),https://doi.org/10.2905/2FF68A52-5B5B-4A22-8F40-C41DA8332CFE
population-1a82a1b7-2030-2,MB-MAIN-1a82a1b7,Tower,2030,50km,0.0,POINT (-99.2284 53.9623),https://doi.org/10.2905/2FF68A52-5B5B-4A22-8F40-C41DA8332CFE
population-b5b81ee3-2025-1,MB-MAIN-b5b81ee3,Wim,2025,10km,0.03053678385913372,POINT (-100.05248 55.02136),https://doi.org/10.2905/2FF68A52-5B5B-4A22-8F40-C41DA8332CFE
population-b5b81ee3-2025-2,MB-MAIN-b5b81ee3,Wim,2025,50km,822.9248216164997,POINT (-100.05248 55.02136),https://doi.org/10.2905/2FF68A52-5B5B-4A22-8F40-C41DA8332CFE
population-b5b81ee3-2030-1,MB-MAIN-b5b81ee3,Wim,2030,10km,0.03134547919034958,POINT (-100.05248 55.02136),https://doi.org/10.2905/2FF68A52-5B5B-4A22-8F40-C41DA8332CFE
population-b5b81ee3-2030-2,MB-MAIN-b5b81ee3,Wim,2030,50km,844.7180459458614,POINT (-100.05248 55.02136),https://doi.org/10.2905/2FF68A52-5B5B-4A22-8F40-C41DA8332CFE
population-02884fb5-2025-1,QC-MAIN-02884fb5,Westwood-Doyon,2025,10km,1172.7070458371606,POINT (-78.502 48.256),https://doi.org/10.2905/2FF68A52-5B5B-4A22-8F40-C41DA8332CFE
population-02884fb5-2025-2,QC-MAIN-02884fb5,Westwood-Doyon,2025,50km,73852.89833783614,POINT (-78.502 48.256),https://doi.org/10.2905/2FF68A52-5B5B-4A22-8F40-C41DA8332CFE
population-02884fb5-2030-1,QC-MAIN-02884fb5,Westwood-Doyon,2030,10km,1199.1055447558288,POINT (-78.502 48.256),https://doi.org/10.2905/2FF68A52-5B5B-4A22-8F40-C41DA8332CFE
population-02884fb5-2030-2,QC-MAIN-02884fb5,Westwood-Doyon,2030,50km,75548.72935944659,POINT (-78.502 48.256),https://doi.org/10.2905/2FF68A52-5B5B-4A22-8F40-C41DA8332CFE
population-a3c56a83-2025-1,ON-MAIN-a3c56a83,Lac des Iles,2025,10km,3.502009090188949,POINT (-89.6105 49.1691),https://doi.org/10.2905/2FF68A52-5B5B-4A22-8F40-C41DA8332CFE
population-a3c56a83-2025-2,ON-MAIN-a3c56a83,Lac des Iles,2025,50km,42.45339571086447,POINT (-89.6105 49.1691),https://doi.org/10.2905/2FF68A52-5B5B-4A22-8F40-C41DA8332CFE
population-a3c56a83-2030-1,ON-MAIN-a3c56a83,Lac des Iles,2030,10km,3.4910088830802124,POINT (-89.6105 49.1691),https://doi.org/10.2905/2FF68A52-5B5B-4A22-8F40-C41DA8332CFE
population-a3c56a83-2030-2,ON-MAIN-a3c56a83,Lac des Iles,2030,50km,43.733924233394745,POINT (-89.6105 49.1691),https://doi.org/10.2905/2FF68A52-5B5B-4A22-8F40-C41DA8332CFE
population-3f490561-2025-1,BC-MAIN-3f490561,Mount Polley,2025,10km,288.09415683407235,POINT (-121.633931 52.544959),https://doi.org/10.2905/2FF68A52-5B5B-4A22-8F40-C41DA8332CFE
population-3f490561-2025-2,BC-MAIN-3f490561,Mount Polley,2025,50km,4908.408307043304,POINT (-121.633931 52.544959),https://doi.org/10.2905/2FF68A52-5B5B-4A22-8F40-C41DA8332CFE
population-3f490561-2030-1,BC-MAIN-3f490561,Mount Polley,2030,10km,299.99984548821783,POINT (-121.633931 52.544959),https://doi.org/10.2905/2FF68A52-5B5B-4A22-8F40-C41DA8332CFE
population-3f490561-2030-2,BC-MAIN-3f490561,Mount Polley,2030,50km,5107.6444567536655,POINT (-121.633931 52.544959),https://doi.org/10.2905/2FF68A52-5B5B-4A22-8F40-C41DA8332CFE
population-586679b9-2025-1,QC-MAIN-586679b9,Crater Lake,2025,10km,0.0,POINT (-63.8991 55.35025),https://doi.org/10.2905/2FF68A52-5B5B-4A22-8F40-C41DA8332CFE
population-586679b9-2025-2,QC-MAIN-586679b9,Crater Lake,2025,50km,3.3432807602120787,POINT (-63.8991 55.35025),https://doi.org/10.2905/2FF68A52-5B5B-4A22-8F40-C41DA8332CFE
population-586679b9-2030-1,QC-MAIN-586679b9,Crater Lake,2030,10km,0.0,POINT (-63.8991 55.35025),https://doi.org/10.2905/2FF68A52-5B5B-4A22-8F40-C41DA8332CFE
population-586679b9-2030-2,QC-MAIN-586679b9,Crater Lake,2030,50km,3.418910771067813,POINT (-63.8991 55.35025),https://doi.org/10.2905/2FF68A52-5B5B-4A22-8F40-C41DA8332CFE
population-dd723db4-2025-1,NL-MAIN-dd723db4,Carol Lake,2025,10km,2.0071937656354124,POINT (-66.936774 53.039755),https://doi.org/10.2905/2FF68A52-5B5B-4A22-8F40-C41DA8332CFE
population-dd723db4-2025-2,NL-MAIN-dd723db4,Carol Lake,2025,50km,13077.850885102527,POINT (-66.936774 53.039755),https://doi.org/10.2905/2FF68A52-5B5B-4A22-8F40-C41DA8332CFE
population-dd723db4-2030-1,NL-MAIN-dd723db4,Carol Lake,2030,10km,2.0127068725596544,POINT (-66.936774 53.039755),https://doi.org/10.2905/2FF68A52-5B5B-4A22-8F40-C41DA8332CFE
population-dd723db4-2030-2,NL-MAIN-dd723db4,Carol Lake,2030,50km,13137.209245080528,POINT (-66.936774 53.039755),https://doi.org/10.2905/2FF68A52-5B5B-4A22-8F40-C41DA8332CFE
population-7001a391-2025-1,ON-MAIN-7001a391,McCreedy West,2025,10km,5069.753997769792,POINT (-81.39894 46.638059),https://doi.org/10.2905/2FF68A52-5B5B-4A22-8F40-C41DA8332CFE
population-7001a391-2025-2,ON-MAIN-7001a391,McCreedy West,2025,50km,174585.92598479346,POINT (-81.39894 46.638059),https://doi.org/10.2905/2FF68A52-5B5B-4A22-8F40-C41DA8332CFE
population-7001a391-2030-1,ON-MAIN-7001a391,McCreedy West,2030,10km,5290.230866743599,POINT (-81.39894 46.638059),https://doi.org/10.2905/2FF68A52-5B5B-4A22-8F40-C41DA8332CFE
population-7001a391-2030-2,ON-MAIN-7001a391,McCreedy West,2030,50km,182315.8850941494,POINT (-81.39894 46.638059),https://doi.org/10.2905/2FF68A52-5B5B-4A22-8F40-C41DA8332CFE
population-9a34108c-2025-1,ON-MAIN-9a34108c,Victoria,2025,10km,1745.6182107146876,POINT (-81.38333 46.41667),https://doi.org/10.2905/2FF68A52-5B5B-4A22-8F40-C41DA8332CFE
population-9a34108c-2025-2,ON-MAIN-9a34108c,Victoria,2025,50km,183864.45832056907,POINT (-81.38333 46.41667),https://doi.org/10.2905/2FF68A52-5B5B-4A22-8F40-C41DA8332CFE
population-9a34108c-2030-1,ON-MAIN-9a34108c,Victoria,2030,10km,1820.1148949860194,POINT (-81.38333 46.41667),https://doi.org/10.2905/2FF68A52-5B5B-4A22-8F40-C41DA8332CFE
population-9a34108c-2030-2,ON-MAIN-9a34108c,Victoria,2030,50km,191922.31391452666,POINT (-81.38333 46.41667),https://doi.org/10.2905/2FF68A52-5B5B-4A22-8F40-C41DA8332CFE
population-6bd6cc80-2025-1,ON-MAIN-6bd6cc80,Kingston Operation,2025,10km,123477.54312191675,POINT (-76.5121 44.2615),https://doi.org/10.2905/2FF68A52-5B5B-4A22-8F40-C41DA8332CFE
population-6bd6cc80-2025-2,ON-MAIN-6bd6cc80,Kingston Operation,2025,50km,241205.46557417387,POINT (-76.5121 44.2615),https://doi.org/10.2905/2FF68A52-5B5B-4A22-8F40-C41DA8332CFE
population-6bd6cc80-2030-1,ON-MAIN-6bd6cc80,Kingston Operation,2030,10km,128133.4296273645,POINT (-76.5121 44.2615),https://doi.org/10.2905/2FF68A52-5B5B-4A22-8F40-C41DA8332CFE
population-6bd6cc80-2030-2,ON-MAIN-6bd6cc80,Kingston Operation,2030,50km,246836.5037778081,POINT (-76.5121 44.2615),https://doi.org/10.2905/2FF68A52-5B5B-4A22-8F40-C41DA8332CFE
population-a832fb0a-2025-1,MB-MAIN-a832fb0a,East Wekusko - Snow Lake,2025,10km,0.09516114089637995,POINT (-99.77143 54.78534),https://doi.org/10.2905/2FF68A52-5B5B-4A22-8F40-C41DA8332CFE
population-a832fb0a-2025-2,MB-MAIN-a832fb0a,East Wekusko - Snow Lake,2025,50km,822.9248216164997,POINT (-99.77143 54.78534),https://doi.org/10.2905/2FF68A52-5B5B-4A22-8F40-C41DA8332CFE
population-a832fb0a-2030-1,MB-MAIN-a832fb0a,East Wekusko - Snow Lake,2030,10km,0.0976812606677413,POINT (-99.77143 54.78534),https://doi.org/10.2905/2FF68A52-5B5B-4A22-8F40-C41DA8332CFE
population-a832fb0a-2030-2,MB-MAIN-a832fb0a,East Wekusko - Snow Lake,2030,50km,844.7180459458614,POINT (-99.77143 54.78534),https://doi.org/10.2905/2FF68A52-5B5B-4A22-8F40-C41DA8332CFE
population-12730593-2025-1,BC-MAIN-12730593,Kutcho,2025,10km,0.0,POINT (-128.38736 58.20996),https://doi.org/10.2905/2FF68A52-5B5B-4A22-8F40-C41DA8332CFE
population-12730593-2025-2,BC-MAIN-12730593,Kutcho,2025,50km,0.0,POINT (-128.38736 58.20996),https://doi.org/10.2905/2FF68A52-5B5B-4A22-8F40-C41DA8332CFE
population-12730593-2030-1,BC-MAIN-12730593,Kutcho,2030,10km,0.0,POINT (-128.38736 58.20996),https://doi.org/10.2905/2FF68A52-5B5B-4A22-8F40-C41DA8332CFE
population-12730593-2030-2,BC-MAIN-12730593,Kutcho,2030,50km,0.0,POINT (-128.38736 58.20996),https://doi.org/10.2905/2FF68A52-5B5B-4A22-8F40-C41DA8332CFE
population-575c5e66-2025-1,ON-MAIN-575c5e66,Ontario Spoke,2025,10km,120915.25150342382,POINT (-76.5 44.233334),https://doi.org/10.2905/2FF68A52-5B5B-4A22-8F40-C41DA8332CFE
population-575c5e66-2025-2,ON-MAIN-575c5e66,Ontario Spoke,2025,50km,242041.01014219387,POINT (-76.5 44.233334),https://doi.org/10.2905/2FF68A52-5B5B-4A22-8F40-C41DA8332CFE
population-575c5e66-2030-1,ON-MAIN-575c5e66,Ontario Spoke,2030,10km,125448.71243100951,POINT (-76.5 44.233334),https://doi.org/10.2905/2FF68A52-5B5B-4A22-8F40-C41DA8332CFE
population-575c5e66-2030-2,ON-MAIN-575c5e66,Ontario Spoke,2030,50km,247217.6820384981,POINT (-76.5 44.233334),https://doi.org/10.2905/2FF68A52-5B5B-4A22-8F40-C41DA8332CFE
population-6b998583-2025-1,ON-MAIN-6b998583,Markham lithium reprocessing facility,2025,10km,1071875.4164666787,POINT (-79.3415 43.8331),https://doi.org/10.2905/2FF68A52-5B5B-4A22-8F40-C41DA8332CFE
population-6b998583-2025-2,ON-MAIN-6b998583,Markham lithium reprocessing facility,2025,50km,6496225.842807946,POINT (-79.3415 43.8331),https://doi.org/10.2905/2FF68A52-5B5B-4A22-8F40-C41DA8332CFE
population-6b998583-2030-1,ON-MAIN-6b998583,Markham lithium reprocessing facility,2030,10km,1112406.386311518,POINT (-79.3415 43.8331),https://doi.org/10.2905/2FF68A52-5B5B-4A22-8F40-C41DA8332CFE
population-6b998583-2030-2,ON-MAIN-6b998583,Markham lithium reprocessing facility,2030,50km,6743909.126096873,POINT (-79.3415 43.8331),https://doi.org/10.2905/2FF68A52-5B5B-4A22-8F40-C41DA8332CFE
population-0414a373-2025-1,QC-MAIN-0414a373,Lithion St-Bruno,2025,10km,276616.2220107614,POINT (-73.349998 45.533333),https://doi.org/10.2905/2FF68A52-5B5B-4A22-8F40-C41DA8332CFE
population-0414a373-2025-2,QC-MAIN-0414a373,Lithion St-Bruno,2025,50km,4287890.867003689,POINT (-73.349998 45.533333),https://doi.org/10.2905/2FF68A52-5B5B-4A22-8F40-C41DA8332CFE
population-0414a373-2030-1,QC-MAIN-0414a373,Lithion St-Bruno,2030,10km,287518.0321055982,POINT (-73.349998 45.533333),https://doi.org/10.2905/2FF68A52-5B5B-4A22-8F40-C41DA8332CFE
population-0414a373-2030-2,QC-MAIN-0414a373,Lithion St-Bruno,2030,50km,4456079.730548104,POINT (-73.349998 45.533333),https://doi.org/10.2905/2FF68A52-5B5B-4A22-8F40-C41DA8332CFE
population-35d0dc71-2025-1,AB-MAIN-35d0dc71,Boardwalk,2025,10km,365.6768554709358,POINT (-117.163427 54.946792),https://doi.org/10.2905/2FF68A52-5B5B-4A22-8F40-C41DA8332CFE
population-35d0dc71-2025-2,AB-MAIN-35d0dc71,Boardwalk,2025,50km,7447.825262359949,POINT (-117.163427 54.946792),https://doi.org/10.2905/2FF68A52-5B5B-4A22-8F40-C41DA8332CFE
population-35d0dc71-2030-1,AB-MAIN-35d0dc71,Boardwalk,2030,10km,394.311570022233,POINT (-117.163427 54.946792),https://doi.org/10.2905/2FF68A52-5B5B-4A22-8F40-C41DA8332CFE
population-35d0dc71-2030-2,AB-MAIN-35d0dc71,Boardwalk,2030,50km,7993.458410304817,POINT (-117.163427 54.946792),https://doi.org/10.2905/2FF68A52-5B5B-4A22-8F40-C41DA8332CFE
population-a2c6775d-2025-1,QC-MAIN-a2c6775d,La Loutre,2025,10km,718.0337924447933,POINT (-74.99714 46.03656),https://doi.org/10.2905/2FF68A52-5B5B-4A22-8F40-C41DA8332CFE
population-a2c6775d-2025-2,QC-MAIN-a2c6775d,La Loutre,2025,50km,65628.36188625981,POINT (-74.99714 46.03656),https://doi.org/10.2905/2FF68A52-5B5B-4A22-8F40-C41DA8332CFE
population-a2c6775d-2030-1,QC-MAIN-a2c6775d,La Loutre,2030,10km,732.9092235202745,POINT (-74.99714 46.03656),https://doi.org/10.2905/2FF68A52-5B5B-4A22-8F40-C41DA8332CFE
population-a2c6775d-2030-2,QC-MAIN-a2c6775d,La Loutre,2030,50km,67169.21967130662,POINT (-74.99714 46.03656),https://doi.org/10.2905/2FF68A52-5B5B-4A22-8F40-C41DA8332CFE
population-b1d981ca-2025-1,ON-MAIN-b1d981ca,Crean Hill,2025,10km,1689.3416913952303,POINT (-81.36167 46.42472),https://doi.org/10.2905/2FF68A52-5B5B-4A22-8F40-C41DA8332CFE
population-b1d981ca-2025-2,ON-MAIN-b1d981ca,Crean Hill,2025,50km,183870.17020218313,POINT (-81.36167 46.42472),https://doi.org/10.2905/2FF68A52-5B5B-4A22-8F40-C41DA8332CFE
population-b1d981ca-2030-1,ON-MAIN-b1d981ca,Crean Hill,2030,10km,1762.6057757759265,POINT (-81.36167 46.42472),https://doi.org/10.2905/2FF68A52-5B5B-4A22-8F40-C41DA8332CFE
population-b1d981ca-2030-2,ON-MAIN-b1d981ca,Crean Hill,2030,50km,191921.19145924994,POINT (-81.36167 46.42472),https://doi.org/10.2905/2FF68A52-5B5B-4A22-8F40-C41DA8332CFE
population-54b7e152-2025-1,ON-MAIN-54b7e152,Shakespeare,2025,10km,1402.7398104370543,POINT (-81.85944 46.33417),https://doi.org/10.2905/2FF68A52-5B5B-4A22-8F40-C41DA8332CFE
population-54b7e152-2025-2,ON-MAIN-54b7e152,Shakespeare,2025,50km,23807.510153378884,POINT (-81.85944 46.33417),https://doi.org/10.2905/2FF68A52-5B5B-4A22-8F40-C41DA8332CFE
population-54b7e152-2030-1,ON-MAIN-54b7e152,Shakespeare,2030,10km,1445.5553425424462,POINT (-81.85944 46.33417),https://doi.org/10.2905/2FF68A52-5B5B-4A22-8F40-C41DA8332CFE
population-54b7e152-2030-2,ON-MAIN-54b7e152,Shakespeare,2030,50km,24610.7062195259,POINT (-81.85944 46.33417),https://doi.org/10.2905/2FF68A52-5B5B-4A22-8F40-C41DA8332CFE
population-aa793d35-2025-1,QC-MAIN-aa793d35,Dumont Nickel,2025,10km,644.8362134466786,POINT (-78.4425 48.64667),https://doi.org/10.2905/2FF68A52-5B5B-4A22-8F40-C41DA8332CFE
population-aa793d35-2025-2,QC-MAIN-aa793d35,Dumont Nickel,2025,50km,32767.666491130516,POINT (-78.4425 48.64667),https://doi.org/10.2905/2FF68A52-5B5B-4A22-8F40-C41DA8332CFE
population-aa793d35-2030-1,QC-MAIN-aa793d35,Dumont Nickel,2030,10km,658.8377861810558,POINT (-78.4425 48.64667),https://doi.org/10.2905/2FF68A52-5B5B-4A22-8F40-C41DA8332CFE
population-aa793d35-2030-2,QC-MAIN-aa793d35,Dumont Nickel,2030,50km,33500.42435583968,POINT (-78.4425 48.64667),https://doi.org/10.2905/2FF68A52-5B5B-4A22-8F40-C41DA8332CFE
population-649d2873-2025-1,QC-MAIN-649d2873,Niobec Converter,2025,10km,9104.251874034268,POINT (-71.158168 48.531738),https://doi.org/10.2905/2FF68A52-5B5B-4A22-8F40-C41DA8332CFE
population-649d2873-2025-2,QC-MAIN-649d2873,Niobec Converter,2025,50km,228958.37902508088,POINT (-71.158168 48.531738),https://doi.org/10.2905/2FF68A52-5B5B-4A22-8F40-C41DA8332CFE
population-649d2873-2030-1,QC-MAIN-649d2873,Niobec Converter,2030,10km,9501.840332355743,POINT (-71.158168 48.531738),https://doi.org/10.2905/2FF68A52-5B5B-4A22-8F40-C41DA8332CFE
population-649d2873-2030-2,QC-MAIN-649d2873,Niobec Converter,2030,50km,237745.96346920758,POINT (-71.158168 48.531738),https://doi.org/10.2905/2FF68A52-5B5B-4A22-8F40-C41DA8332CFE
population-a555d9b9-2025-1,QC-MAIN-a555d9b9,Niobec,2025,10km,9105.630711707066,POINT (-71.156929 48.532148),https://doi.org/10.2905/2FF68A52-5B5B-4A22-8F40-C41DA8332CFE
population-a555d9b9-2025-2,QC-MAIN-a555d9b9,Niobec,2025,50km,228950.25173885832,POINT (-71.156929 48.532148),https://doi.org/10.2905/2FF68A52-5B5B-4A22-8F40-C41DA8332CFE
population-a555d9b9-2030-1,QC-MAIN-a555d9b9,Niobec,2030,10km,9503.32293932235,POINT (-71.156929 48.532148),https://doi.org/10.2905/2FF68A52-5B5B-4A22-8F40-C41DA8332CFE
population-a555d9b9-2030-2,QC-MAIN-a555d9b9,Niobec,2030,50km,237738.25304076044,POINT (-71.156929 48.532148),https://doi.org/10.2905/2FF68A52-5B5B-4A22-8F40-C41DA8332CFE
population-c1e4dee0-2025-1,NB-MAIN-c1e4dee0,Battery Hill,2025,10km,9988.646377711962,POINT (-67.62547 46.22531),https://doi.org/10.2905/2FF68A52-5B5B-4A22-8F40-C41DA8332CFE
population-c1e4dee0-2025-2,NB-MAIN-c1e4dee0,Battery Hill,2025,50km,54544.50785445704,POINT (-67.62547 46.22531),https://doi.org/10.2905/2FF68A52-5B5B-4A22-8F40-C41DA8332CFE
population-c1e4dee0-2030-1,NB-MAIN-c1e4dee0,Battery Hill,2030,10km,10066.335925922334,POINT (-67.62547 46.22531),https://doi.org/10.2905/2FF68A52-5B5B-4A22-8F40-C41DA8332CFE
population-c1e4dee0-2030-2,NB-MAIN-c1e4dee0,Battery Hill,2030,50km,55410.82750221247,POINT (-67.62547 46.22531),https://doi.org/10.2905/2FF68A52-5B5B-4A22-8F40-C41DA8332CFE
population-f021107e-2025-1,NL-MAIN-f021107e,Point Rousse,2025,10km,1742.4047742485309,POINT (-56.124447 49.96142),https://doi.org/10.2905/2FF68A52-5B5B-4A22-8F40-C41DA8332CFE
population-f021107e-2025-2,NL-MAIN-f021107e,Point Rousse,2025,50km,0.0,POINT (-56.124447 49.96142),https://doi.org/10.2905/2FF68A52-5B5B-4A22-8F40-C41DA8332CFE
population-f021107e-2030-1,NL-MAIN-f021107e,Point Rousse,2030,10km,1739.5960330212092,POINT (-56.124447 49.96142),https://doi.org/10.2905/2FF68A52-5B5B-4A22-8F40-C41DA8332CFE
population-f021107e-2030-2,NL-MAIN-f021107e,Point Rousse,2030,50km,0.0,POINT (-56.124447 49.96142),https://doi.org/10.2905/2FF68A52-5B5B-4A22-8F40-C41DA8332CFE
population-615ebdb4-2025-1,QC-MAIN-615ebdb4,Lac Guéret (Uatnan),2025,10km,0.0,POINT (-69.1 51.14),https://doi.org/10.2905/2FF68A52-5B5B-4A22-8F40-C41DA8332CFE
population-615ebdb4-2025-2,QC-MAIN-615ebdb4,Lac Guéret (Uatnan),2025,50km,0.0034686842336668633,POINT (-69.1 51.14),https://doi.org/10.2905/2FF68A52-5B5B-4A22-8F40-C41DA8332CFE
population-615ebdb4-2030-1,QC-MAIN-615ebdb4,Lac Guéret (Uatnan),2030,10km,0.0,POINT (-69.1 51.14),https://doi.org/10.2905/2FF68A52-5B5B-4A22-8F40-C41DA8332CFE
population-615ebdb4-2030-2,QC-MAIN-615ebdb4,Lac Guéret (Uatnan),2030,50km,0.0035466078770696186,POINT (-69.1 51.14),https://doi.org/10.2905/2FF68A52-5B5B-4A22-8F40-C41DA8332CFE
population-470b504b-2025-1,ON-MAIN-470b504b,Ottawa Plant,2025,10km,80258.29557275253,POINT (-75.562391 45.298042),https://doi.org/10.2905/2FF68A52-5B5B-4A22-8F40-C41DA8332CFE
population-470b504b-2025-2,ON-MAIN-470b504b,Ottawa Plant,2025,50km,1508430.917500872,POINT (-75.562391 45.298042),https://doi.org/10.2905/2FF68A52-5B5B-4A22-8F40-C41DA8332CFE
population-470b504b-2030-1,ON-MAIN-470b504b,Ottawa Plant,2030,10km,82486.83534258298,POINT (-75.562391 45.298042),https://doi.org/10.2905/2FF68A52-5B5B-4A22-8F40-C41DA8332CFE
population-470b504b-2030-2,ON-MAIN-470b504b,Ottawa Plant,2030,50km,1548298.2433654764,POINT (-75.562391 45.298042),https://doi.org/10.2905/2FF68A52-5B5B-4A22-8F40-C41DA8332CFE
population-4e0734b5-2025-1,ON-MAIN-4e0734b5,Fox Complex,2025,10km,1231.0976904393426,POINT (-80.340814 48.534362),https://doi.org/10.2905/2FF68A52-5B5B-4A22-8F40-C41DA8332CFE
population-4e0734b5-2025-2,ON-MAIN-4e0734b5,Fox Complex,2025,50km,18108.90914030952,POINT (-80.340814 48.534362),https://doi.org/10.2905/2FF68A52-5B5B-4A22-8F40-C41DA8332CFE
population-4e0734b5-2030-1,ON-MAIN-4e0734b5,Fox Complex,2030,10km,1268.4390210651936,POINT (-80.340814 48.534362),https://doi.org/10.2905/2FF68A52-5B5B-4A22-8F40-C41DA8332CFE
population-4e0734b5-2030-2,ON-MAIN-4e0734b5,Fox Complex,2030,50km,18665.99564097584,POINT (-80.340814 48.534362),https://doi.org/10.2905/2FF68A52-5B5B-4A22-8F40-C41DA8332CFE
population-237d67c1-2025-1,QC-MAIN-237d67c1,Lac Rainy Graphite,2025,10km,0.0,POINT (-67.07597 52.60511),https://doi.org/10.2905/2FF68A52-5B5B-4A22-8F40-C41DA8332CFE
population-237d67c1-2025-2,QC-MAIN-237d67c1,Lac Rainy Graphite,2025,50km,13076.663839369696,POINT (-67.07597 52.60511),https://doi.org/10.2905/2FF68A52-5B5B-4A22-8F40-C41DA8332CFE
population-237d67c1-2030-1,QC-MAIN-237d67c1,Lac Rainy Graphite,2030,10km,0.0,POINT (-67.07597 52.60511),https://doi.org/10.2905/2FF68A52-5B5B-4A22-8F40-C41DA8332CFE
population-237d67c1-2030-2,QC-MAIN-237d67c1,Lac Rainy Graphite,2030,50km,13136.02472098292,POINT (-67.07597 52.60511),https://doi.org/10.2905/2FF68A52-5B5B-4A22-8F40-C41DA8332CFE
population-c7247100-2025-1,BC-MAIN-c7247100,Driftwood Creek,2025,10km,22.89466041699052,POINT (-116.575 50.904),https://doi.org/10.2905/2FF68A52-5B5B-4A22-8F40-C41DA8332CFE
population-c7247100-2025-2,BC-MAIN-c7247100,Driftwood Creek,2025,50km,4155.495918661059,POINT (-116.575 50.904),https://doi.org/10.2905/2FF68A52-5B5B-4A22-8F40-C41DA8332CFE
population-c7247100-2030-1,BC-MAIN-c7247100,Driftwood Creek,2030,10km,23.830549703910947,POINT (-116.575 50.904),https://doi.org/10.2905/2FF68A52-5B5B-4A22-8F40-C41DA8332CFE
population-c7247100-2030-2,BC-MAIN-c7247100,Driftwood Creek,2030,50km,4325.105750619733,POINT (-116.575 50.904),https://doi.org/10.2905/2FF68A52-5B5B-4A22-8F40-C41DA8332CFE
population-752fbcae-2025-1,YT-MAIN-752fbcae,Minto,2025,10km,0.0,POINT (-137.23858 62.618875),https://doi.org/10.2905/2FF68A52-5B5B-4A22-8F40-C41DA8332CFE
population-752fbcae-2025-2,YT-MAIN-752fbcae,Minto,2025,50km,460.20959433718235,POINT (-137.23858 62.618875),https://doi.org/10.2905/2FF68A52-5B5B-4A22-8F40-C41DA8332CFE
population-752fbcae-2030-1,YT-MAIN-752fbcae,Minto,2030,10km,0.0,POINT (-137.23858 62.618875),https://doi.org/10.2905/2FF68A52-5B5B-4A22-8F40-C41DA8332CFE
population-752fbcae-2030-2,YT-MAIN-752fbcae,Minto,2030,50km,496.4804585548736,POINT (-137.23858 62.618875),https://doi.org/10.2905/2FF68A52-5B5B-4A22-8F40-C41DA8332CFE
population-8e62bfbc-2025-1,NU-MAIN-8e62bfbc,High Lake,2025,10km,0.0,POINT (-110.8436 67.37556),https://doi.org/10.2905/2FF68A52-5B5B-4A22-8F40-C41DA8332CFE
population-8e62bfbc-2025-2,NU-MAIN-8e62bfbc,High Lake,2025,50km,0.0,POINT (-110.8436 67.37556),https://doi.org/10.2905/2FF68A52-5B5B-4A22-8F40-C41DA8332CFE
population-8e62bfbc-2030-1,NU-MAIN-8e62bfbc,High Lake,2030,10km,0.0,POINT (-110.8436 67.37556),https://doi.org/10.2905/2FF68A52-5B5B-4A22-8F40-C41DA8332CFE
population-8e62bfbc-2030-2,NU-MAIN-8e62bfbc,High Lake,2030,50km,0.0,POINT (-110.8436 67.37556),https://doi.org/10.2905/2FF68A52-5B5B-4A22-8F40-C41DA8332CFE
population-1ef8af2c-2025-1,NU-MAIN-1ef8af2c,Izok Lake,2025,10km,0.0,POINT (-112.79889 65.63056),https://doi.org/10.2905/2FF68A52-5B5B-4A22-8F40-C41DA8332CFE
population-1ef8af2c-2025-2,NU-MAIN-1ef8af2c,Izok Lake,2025,50km,0.0,POINT (-112.79889 65.63056),https://doi.org/10.2905/2FF68A52-5B5B-4A22-8F40-C41DA8332CFE
population-1ef8af2c-2030-1,NU-MAIN-1ef8af2c,Izok Lake,2030,10km,0.0,POINT (-112.79889 65.63056),https://doi.org/10.2905/2FF68A52-5B5B-4A22-8F40-C41DA8332CFE
population-1ef8af2c-2030-2,NU-MAIN-1ef8af2c,Izok Lake,2030,50km,0.0,POINT (-112.79889 65.63056),https://doi.org/10.2905/2FF68A52-5B5B-4A22-8F40-C41DA8332CFE
population-eb73fd68-2025-1,QC-MAIN-eb73fd68,Nemaska lithium conversion facility,2025,10km,50895.706634275375,POINT (-72.433334 46.333332),https://doi.org/10.2905/2FF68A52-5B5B-4A22-8F40-C41DA8332CFE
population-eb73fd68-2025-2,QC-MAIN-eb73fd68,Nemaska lithium conversion facility,2025,50km,0.0,POINT (-72.433334 46.333332),https://doi.org/10.2905/2FF68A52-5B5B-4A22-8F40-C41DA8332CFE
population-eb73fd68-2030-1,QC-MAIN-eb73fd68,Nemaska lithium conversion facility,2030,10km,52690.40355819962,POINT (-72.433334 46.333332),https://doi.org/10.2905/2FF68A52-5B5B-4A22-8F40-C41DA8332CFE
population-eb73fd68-2030-2,QC-MAIN-eb73fd68,Nemaska lithium conversion facility,2030,50km,0.0,POINT (-72.433334 46.333332),https://doi.org/10.2905/2FF68A52-5B5B-4A22-8F40-C41DA8332CFE
population-9d41d417-2025-1,QC-MAIN-9d41d417,Whabouchi,2025,10km,0.0,POINT (-75.85333 51.67972),https://doi.org/10.2905/2FF68A52-5B5B-4A22-8F40-C41DA8332CFE
population-9d41d417-2025-2,QC-MAIN-9d41d417,Whabouchi,2025,50km,833.4419516522903,POINT (-75.85333 51.67972),https://doi.org/10.2905/2FF68A52-5B5B-4A22-8F40-C41DA8332CFE
population-9d41d417-2030-1,QC-MAIN-9d41d417,Whabouchi,2030,10km,0.0,POINT (-75.85333 51.67972),https://doi.org/10.2905/2FF68A52-5B5B-4A22-8F40-C41DA8332CFE
population-9d41d417-2030-2,QC-MAIN-9d41d417,Whabouchi,2030,50km,852.4058093680069,POINT (-75.85333 51.67972),https://doi.org/10.2905/2FF68A52-5B5B-4A22-8F40-C41DA8332CFE
population-2bb07cd3-2025-1,ON-MAIN-2bb07cd3,River Valley,2025,10km,21.391390546437755,POINT (-80.27606 46.70591),https://doi.org/10.2905/2FF68A52-5B5B-4A22-8F40-C41DA8332CFE
population-2bb07cd3-2025-2,ON-MAIN-2bb07cd3,River Valley,2025,50km,34612.85998758013,POINT (-80.27606 46.70591),https://doi.org/10.2905/2FF68A52-5B5B-4A22-8F40-C41DA8332CFE
population-2bb07cd3-2030-1,ON-MAIN-2bb07cd3,River Valley,2030,10km,23.053201491383415,POINT (-80.27606 46.70591),https://doi.org/10.2905/2FF68A52-5B5B-4A22-8F40-C41DA8332CFE
population-2bb07cd3-2030-2,ON-MAIN-2bb07cd3,River Valley,2030,50km,35851.32853906108,POINT (-80.27606 46.70591),https://doi.org/10.2905/2FF68A52-5B5B-4A22-8F40-C41DA8332CFE
population-aa76f6f2-2025-1,BC-MAIN-aa76f6f2,New Afton,2025,10km,15578.408886881323,POINT (-120.514 50.661),https://doi.org/10.2905/2FF68A52-5B5B-4A22-8F40-C41DA8332CFE
population-aa76f6f2-2025-2,BC-MAIN-aa76f6f2,New Afton,2025,50km,117780.51892114703,POINT (-120.514 50.661),https://doi.org/10.2905/2FF68A52-5B5B-4A22-8F40-C41DA8332CFE
population-aa76f6f2-2030-1,BC-MAIN-aa76f6f2,New Afton,2030,10km,16216.975937927273,POINT (-120.514 50.661),https://doi.org/10.2905/2FF68A52-5B5B-4A22-8F40-C41DA8332CFE
population-aa76f6f2-2030-2,BC-MAIN-aa76f6f2,New Afton,2030,50km,122598.70447301857,POINT (-120.514 50.661),https://doi.org/10.2905/2FF68A52-5B5B-4A22-8F40-C41DA8332CFE
population-0aadf28f-2025-1,ON-MAIN-0aadf28f,Rainy River,2025,10km,207.89870088252735,POINT (-94.012 48.833),https://doi.org/10.2905/2FF68A52-5B5B-4A22-8F40-C41DA8332CFE
population-0aadf28f-2025-2,ON-MAIN-0aadf28f,Rainy River,2025,50km,12764.494969121723,POINT (-94.012 48.833),https://doi.org/10.2905/2FF68A52-5B5B-4A22-8F40-C41DA8332CFE
population-0aadf28f-2030-1,ON-MAIN-0aadf28f,Rainy River,2030,10km,214.3146477404872,POINT (-94.012 48.833),https://doi.org/10.2905/2FF68A52-5B5B-4A22-8F40-C41DA8332CFE
population-0aadf28f-2030-2,ON-MAIN-0aadf28f,Rainy River,2030,50km,13257.336634593417,POINT (-94.012 48.833),https://doi.org/10.2905/2FF68A52-5B5B-4A22-8F40-C41DA8332CFE
population-1c674cd0-2025-1,ON-MAIN-1c674cd0,Borden,2025,10km,284.7443131652442,POINT (-83.260981 47.871883),https://doi.org/10.2905/2FF68A52-5B5B-4A22-8F40-C41DA8332CFE
population-1c674cd0-2025-2,ON-MAIN-1c674cd0,Borden,2025,50km,3002.2308054319583,POINT (-83.260981 47.871883),https://doi.org/10.2905/2FF68A52-5B5B-4A22-8F40-C41DA8332CFE
population-1c674cd0-2030-1,ON-MAIN-1c674cd0,Borden,2030,10km,286.597208019335,POINT (-83.260981 47.871883),https://doi.org/10.2905/2FF68A52-5B5B-4A22-8F40-C41DA8332CFE
population-1c674cd0-2030-2,ON-MAIN-1c674cd0,Borden,2030,50km,3093.1907189979684,POINT (-83.260981 47.871883),https://doi.org/10.2905/2FF68A52-5B5B-4A22-8F40-C41DA8332CFE
population-857b7b89-2025-1,BC-MAIN-857b7b89,Brucejack,2025,10km,0.0,POINT (-130.21783 56.47554),https://doi.org/10.2905/2FF68A52-5B5B-4A22-8F40-C41DA8332CFE
population-857b7b89-2025-2,BC-MAIN-857b7b89,Brucejack,2025,50km,5.966128179451004,POINT (-130.21783 56.47554),https://doi.org/10.2905/2FF68A52-5B5B-4A22-8F40-C41DA8332CFE
population-857b7b89-2030-1,BC-MAIN-857b7b89,Brucejack,2030,10km,0.0,POINT (-130.21783 56.47554),https://doi.org/10.2905/2FF68A52-5B5B-4A22-8F40-C41DA8332CFE
population-857b7b89-2030-2,BC-MAIN-857b7b89,Brucejack,2030,50km,6.226796768931141,POINT (-130.21783 56.47554),https://doi.org/10.2905/2FF68A52-5B5B-4A22-8F40-C41DA8332CFE
population-c720b195-2025-1,BC-MAIN-c720b195,GJ,2025,10km,0.0,POINT (-130.25 57.63),https://doi.org/10.2905/2FF68A52-5B5B-4A22-8F40-C41DA8332CFE
population-c720b195-2025-2,BC-MAIN-c720b195,GJ,2025,50km,380.87941565550864,POINT (-130.25 57.63),https://doi.org/10.2905/2FF68A52-5B5B-4A22-8F40-C41DA8332CFE
population-c720b195-2030-1,BC-MAIN-c720b195,GJ,2030,10km,0.0,POINT (-130.25 57.63),https://doi.org/10.2905/2FF68A52-5B5B-4A22-8F40-C41DA8332CFE
population-c720b195-2030-2,BC-MAIN-c720b195,GJ,2030,50km,396.39151504961774,POINT (-130.25 57.63),https://doi.org/10.2905/2FF68A52-5B5B-4A22-8F40-C41DA8332CFE
population-8629a493-2025-1,ON-MAIN-8629a493,Hollinger,2025,10km,45334.88944624503,POINT (-81.31314 48.4733),https://doi.org/10.2905/2FF68A52-5B5B-4A22-8F40-C41DA8332CFE
population-8629a493-2025-2,ON-MAIN-8629a493,Hollinger,2025,50km,49720.2678055161,POINT (-81.31314 48.4733),https://doi.org/10.2905/2FF68A52-5B5B-4A22-8F40-C41DA8332CFE
population-8629a493-2030-1,ON-MAIN-8629a493,Hollinger,2030,10km,46710.266454851706,POINT (-81.31314 48.4733),https://doi.org/10.2905/2FF68A52-5B5B-4A22-8F40-C41DA8332CFE
population-8629a493-2030-2,ON-MAIN-8629a493,Hollinger,2030,50km,51226.09706815672,POINT (-81.31314 48.4733),https://doi.org/10.2905/2FF68A52-5B5B-4A22-8F40-C41DA8332CFE
population-538513cd-2025-1,ON-MAIN-538513cd,Hoyle Pond,2025,10km,4138.987090374123,POINT (-81.1083 48.5519),https://doi.org/10.2905/2FF68A52-5B5B-4A22-8F40-C41DA8332CFE
population-538513cd-2025-2,ON-MAIN-538513cd,Hoyle Pond,2025,50km,56177.91105800584,POINT (-81.1083 48.5519),https://doi.org/10.2905/2FF68A52-5B5B-4A22-8F40-C41DA8332CFE
population-538513cd-2030-1,ON-MAIN-538513cd,Hoyle Pond,2030,10km,4270.099987366115,POINT (-81.1083 48.5519),https://doi.org/10.2905/2FF68A52-5B5B-4A22-8F40-C41DA8332CFE
population-538513cd-2030-2,ON-MAIN-538513cd,Hoyle Pond,2030,50km,57881.77990887223,POINT (-81.1083 48.5519),https://doi.org/10.2905/2FF68A52-5B5B-4A22-8F40-C41DA8332CFE
population-fefeaee4-2025-1,ON-MAIN-fefeaee4,Musselwhite,2025,10km,0.0,POINT (-90.3636 52.6127),https://doi.org/10.2905/2FF68A52-5B5B-4A22-8F40-C41DA8332CFE
population-fefeaee4-2025-2,ON-MAIN-fefeaee4,Musselwhite,2025,50km,0.030124448414426297,POINT (-90.3636 52.6127),https://doi.org/10.2905/2FF68A52-5B5B-4A22-8F40-C41DA8332CFE
population-fefeaee4-2030-1,ON-MAIN-fefeaee4,Musselwhite,2030,10km,0.0,POINT (-90.3636 52.6127),https://doi.org/10.2905/2FF68A52-5B5B-4A22-8F40-C41DA8332CFE
population-fefeaee4-2030-2,ON-MAIN-fefeaee4,Musselwhite,2030,50km,0.03102969890460372,POINT (-90.3636 52.6127),https://doi.org/10.2905/2FF68A52-5B5B-4A22-8F40-C41DA8332CFE
population-3b3e5365-2025-1,ON-MAIN-3b3e5365,Porcupine,2025,10km,43816.44556309506,POINT (-81.242719 48.463511),https://doi.org/10.2905/2FF68A52-5B5B-4A22-8F40-C41DA8332CFE
population-3b3e5365-2025-2,ON-MAIN-3b3e5365,Porcupine,2025,50km,50587.777957771126,POINT (-81.242719 48.463511),https://doi.org/10.2905/2FF68A52-5B5B-4A22-8F40-C41DA8332CFE
population-3b3e5365-2030-1,ON-MAIN-3b3e5365,Porcupine,2030,10km,45147.748773645435,POINT (-81.242719 48.463511),https://doi.org/10.2905/2FF68A52-5B5B-4A22-8F40-C41DA8332CFE
population-3b3e5365-2030-2,ON-MAIN-3b3e5365,Porcupine,2030,50km,52121.16268991991,POINT (-81.242719 48.463511),https://doi.org/10.2905/2FF68A52-5B5B-4A22-8F40-C41DA8332CFE
population-8eb8be0d-2025-1,BC-MAIN-8eb8be0d,Red Chris,2025,10km,6.632174715399742,POINT (-129.78333 57.7),https://doi.org/10.2905/2FF68A52-5B5B-4A22-8F40-C41DA8332CFE
population-8eb8be0d-2025-2,BC-MAIN-8eb8be0d,Red Chris,2025,50km,380.87941565550864,POINT (-129.78333 57.7),https://doi.org/10.2905/2FF68A52-5B5B-4A22-8F40-C41DA8332CFE
population-8eb8be0d-2030-1,BC-MAIN-8eb8be0d,Red Chris,2030,10km,6.90228395909071,POINT (-129.78333 57.7),https://doi.org/10.2905/2FF68A52-5B5B-4A22-8F40-C41DA8332CFE
population-8eb8be0d-2030-2,BC-MAIN-8eb8be0d,Red Chris,2030,50km,396.39151504961774,POINT (-129.78333 57.7),https://doi.org/10.2905/2FF68A52-5B5B-4A22-8F40-C41DA8332CFE
population-6dc537e6-2025-1,QC-MAIN-6dc537e6,Éléonore,2025,10km,0.0,POINT (-76.08667 52.69889),https://doi.org/10.2905/2FF68A52-5B5B-4A22-8F40-C41DA8332CFE
population-6dc537e6-2025-2,QC-MAIN-6dc537e6,Éléonore,2025,50km,0.0,POINT (-76.08667 52.69889),https://doi.org/10.2905/2FF68A52-5B5B-4A22-8F40-C41DA8332CFE
population-6dc537e6-2030-1,QC-MAIN-6dc537e6,Éléonore,2030,10km,0.0,POINT (-76.08667 52.69889),https://doi.org/10.2905/2FF68A52-5B5B-4A22-8F40-C41DA8332CFE
population-6dc537e6-2030-2,QC-MAIN-6dc537e6,Éléonore,2030,50km,0.0,POINT (-76.08667 52.69889),https://doi.org/10.2905/2FF68A52-5B5B-4A22-8F40-C41DA8332CFE
population-b4655afb-2025-1,BC-MAIN-b4655afb,Galore Creek,2025,10km,0.0,POINT (-131.45 57.13),https://doi.org/10.2905/2FF68A52-5B5B-4A22-8F40-C41DA8332CFE
population-b4655afb-2025-2,BC-MAIN-b4655afb,Galore Creek,2025,50km,0.0,POINT (-131.45 57.13),https://doi.org/10.2905/2FF68A52-5B5B-4A22-8F40-C41DA8332CFE
population-b4655afb-2030-1,BC-MAIN-b4655afb,Galore Creek,2030,10km,0.0,POINT (-131.45 57.13),https://doi.org/10.2905/2FF68A52-5B5B-4A22-8F40-C41DA8332CFE
population-b4655afb-2030-2,BC-MAIN-b4655afb,Galore Creek,2030,50km,0.0,POINT (-131.45 57.13),https://doi.org/10.2905/2FF68A52-5B5B-4A22-8F40-C41DA8332CFE
population-3012889c-2025-1,SK-MAIN-3012889c,Rook I,2025,10km,0.0,POINT (-108.9925 57.59144),https://doi.org/10.2905/2FF68A52-5B5B-4A22-8F40-C41DA8332CFE
population-3012889c-2025-2,SK-MAIN-3012889c,Rook I,2025,50km,0.3846227824687958,POINT (-108.9925 57.59144),https://doi.org/10.2905/2FF68A52-5B5B-4A22-8F40-C41DA8332CFE
population-3012889c-2030-1,SK-MAIN-3012889c,Rook I,2030,10km,0.0,POINT (-108.9925 57.59144),https://doi.org/10.2905/2FF68A52-5B5B-4A22-8F40-C41DA8332CFE
population-3012889c-2030-2,SK-MAIN-3012889c,Rook I,2030,50km,0.39968736097216606,POINT (-108.9925 57.59144),https://doi.org/10.2905/2FF68A52-5B5B-4A22-8F40-C41DA8332CFE
population-1910d1c3-2025-1,YT-MAIN-1910d1c3,Nickel Shaw,2025,10km,0.0,POINT (-139.53333 61.46667),https://doi.org/10.2905/2FF68A52-5B5B-4A22-8F40-C41DA8332CFE
population-1910d1c3-2025-2,YT-MAIN-1910d1c3,Nickel Shaw,2025,50km,188.58575696291632,POINT (-139.53333 61.46667),https://doi.org/10.2905/2FF68A52-5B5B-4A22-8F40-C41DA8332CFE
population-1910d1c3-2030-1,YT-MAIN-1910d1c3,Nickel Shaw,2030,10km,0.0,POINT (-139.53333 61.46667),https://doi.org/10.2905/2FF68A52-5B5B-4A22-8F40-C41DA8332CFE
population-1910d1c3-2030-2,YT-MAIN-1910d1c3,Nickel Shaw,2030,50km,203.44891970892024,POINT (-139.53333 61.46667),https://doi.org/10.2905/2FF68A52-5B5B-4A22-8F40-C41DA8332CFE
population-288718a6-2025-1,QC-MAIN-288718a6,Crevier,2025,10km,4.525452774514527,POINT (-72.7644 49.46003),https://doi.org/10.2905/2FF68A52-5B5B-4A22-8F40-C41DA8332CFE
population-288718a6-2025-2,QC-MAIN-288718a6,Crevier,2025,50km,166.97221980410976,POINT (-72.7644 49.46003),https://doi.org/10.2905/2FF68A52-5B5B-4A22-8F40-C41DA8332CFE
population-288718a6-2030-1,QC-MAIN-288718a6,Crevier,2030,10km,4.576402742712183,POINT (-72.7644 49.46003),https://doi.org/10.2905/2FF68A52-5B5B-4A22-8F40-C41DA8332CFE
population-288718a6-2030-2,QC-MAIN-288718a6,Crevier,2030,50km,170.52620768007154,POINT (-72.7644 49.46003),https://doi.org/10.2905/2FF68A52-5B5B-4A22-8F40-C41DA8332CFE
population-f58cc895-2025-1,NB-MAIN-f58cc895,Sisson,2025,10km,21.99212196949212,POINT (-67.045 46.365),https://doi.org/10.2905/2FF68A52-5B5B-4A22-8F40-C41DA8332CFE
population-f58cc895-2025-2,NB-MAIN-f58cc895,Sisson,2025,50km,45843.50190316441,POINT (-67.045 46.365),https://doi.org/10.2905/2FF68A52-5B5B-4A22-8F40-C41DA8332CFE
population-f58cc895-2030-1,NB-MAIN-f58cc895,Sisson,2030,10km,22.80171091691682,POINT (-67.045 46.365),https://doi.org/10.2905/2FF68A52-5B5B-4A22-8F40-C41DA8332CFE
population-f58cc895-2030-2,NB-MAIN-f58cc895,Sisson,2030,50km,46760.67040557539,POINT (-67.045 46.365),https://doi.org/10.2905/2FF68A52-5B5B-4A22-8F40-C41DA8332CFE
population-8b86d975-2025-1,ON-MAIN-8b86d975,Bissett Creek,2025,10km,11.049639936783077,POINT (-78.05992 46.11814),https://doi.org/10.2905/2FF68A52-5B5B-4A22-8F40-C41DA8332CFE
population-8b86d975-2025-2,ON-MAIN-8b86d975,Bissett Creek,2025,50km,8642.942633411354,POINT (-78.05992 46.11814),https://doi.org/10.2905/2FF68A52-5B5B-4A22-8F40-C41DA8332CFE
population-8b86d975-2030-1,ON-MAIN-8b86d975,Bissett Creek,2030,10km,11.759924157290701,POINT (-78.05992 46.11814),https://doi.org/10.2905/2FF68A52-5B5B-4A22-8F40-C41DA8332CFE
population-8b86d975-2030-2,ON-MAIN-8b86d975,Bissett Creek,2030,50km,8910.484404558945,POINT (-78.05992 46.11814),https://doi.org/10.2905/2FF68A52-5B5B-4A22-8F40-C41DA8332CFE
population-6fbdcf4c-2025-1,BC-MAIN-6fbdcf4c,North Island,2025,10km,0.0,POINT (-127.85639 50.67556),https://doi.org/10.2905/2FF68A52-5B5B-4A22-8F40-C41DA8332CFE
population-6fbdcf4c-2025-2,BC-MAIN-6fbdcf4c,North Island,2025,50km,0.0,POINT (-127.85639 50.67556),https://doi.org/10.2905/2FF68A52-5B5B-4A22-8F40-C41DA8332CFE
population-6fbdcf4c-2030-1,BC-MAIN-6fbdcf4c,North Island,2030,10km,0.0,POINT (-127.85639 50.67556),https://doi.org/10.2905/2FF68A52-5B5B-4A22-8F40-C41DA8332CFE
population-6fbdcf4c-2030-2,BC-MAIN-6fbdcf4c,North Island,2030,50km,0.0,POINT (-127.85639 50.67556),https://doi.org/10.2905/2FF68A52-5B5B-4A22-8F40-C41DA8332CFE
population-265a57f6-2025-1,BC-MAIN-265a57f6,Kwanika,2025,10km,0.0,POINT (-125.271268 55.415303),https://doi.org/10.2905/2FF68A52-5B5B-4A22-8F40-C41DA8332CFE
population-265a57f6-2025-2,BC-MAIN-265a57f6,Kwanika,2025,50km,221.9882703418558,POINT (-125.271268 55.415303),https://doi.org/10.2905/2FF68A52-5B5B-4A22-8F40-C41DA8332CFE
population-265a57f6-2030-1,BC-MAIN-265a57f6,Kwanika,2030,10km,0.0,POINT (-125.271268 55.415303),https://doi.org/10.2905/2FF68A52-5B5B-4A22-8F40-C41DA8332CFE
population-265a57f6-2030-2,BC-MAIN-265a57f6,Kwanika,2030,50km,231.06518596307484,POINT (-125.271268 55.415303),https://doi.org/10.2905/2FF68A52-5B5B-4A22-8F40-C41DA8332CFE
population-b3681e03-2025-1,NT-MAIN-b3681e03,Prairie Creek,2025,10km,0.021764441400620282,POINT (-124.79938 61.55713),https://doi.org/10.2905/2FF68A52-5B5B-4A22-8F40-C41DA8332CFE
population-b3681e03-2025-2,NT-MAIN-b3681e03,Prairie Creek,2025,50km,0.3025297500716988,POINT (-124.79938 61.55713),https://doi.org/10.2905/2FF68A52-5B5B-4A22-8F40-C41DA8332CFE
population-b3681e03-2030-1,NT-MAIN-b3681e03,Prairie Creek,2030,10km,0.02140855532796944,POINT (-124.79938 61.55713),https://doi.org/10.2905/2FF68A52-5B5B-4A22-8F40-C41DA8332CFE
population-b3681e03-2030-2,NT-MAIN-b3681e03,Prairie Creek,2030,50km,0.2975828724738676,POINT (-124.79938 61.55713),https://doi.org/10.2905/2FF68A52-5B5B-4A22-8F40-C41DA8332CFE
population-d6748d40-2025-1,QC-MAIN-d6748d40,Matawinie,2025,10km,2368.743008674481,POINT (-73.9212 46.61728),https://doi.org/10.2905/2FF68A52-5B5B-4A22-8F40-C41DA8332CFE
population-d6748d40-2025-2,QC-MAIN-d6748d40,Matawinie,2025,50km,18642.871871754855,POINT (-73.9212 46.61728),https://doi.org/10.2905/2FF68A52-5B5B-4A22-8F40-C41DA8332CFE
population-d6748d40-2030-1,QC-MAIN-d6748d40,Matawinie,2030,10km,2465.358133800247,POINT (-73.9212 46.61728),https://doi.org/10.2905/2FF68A52-5B5B-4A22-8F40-C41DA8332CFE
population-d6748d40-2030-2,QC-MAIN-d6748d40,Matawinie,2030,50km,19394.932769438416,POINT (-73.9212 46.61728),https://doi.org/10.2905/2FF68A52-5B5B-4A22-8F40-C41DA8332CFE
population-69bb36c1-2025-1,QC-MAIN-69bb36c1,Caber Complex,2025,10km,0.1502871947886888,POINT (-77.936644 49.773163),https://doi.org/10.2905/2FF68A52-5B5B-4A22-8F40-C41DA8332CFE
population-69bb36c1-2025-2,QC-MAIN-69bb36c1,Caber Complex,2025,50km,1783.9156556344824,POINT (-77.936644 49.773163),https://doi.org/10.2905/2FF68A52-5B5B-4A22-8F40-C41DA8332CFE
population-69bb36c1-2030-1,QC-MAIN-69bb36c1,Caber Complex,2030,10km,0.1537070029298775,POINT (-77.936644 49.773163),https://doi.org/10.2905/2FF68A52-5B5B-4A22-8F40-C41DA8332CFE
population-69bb36c1-2030-2,QC-MAIN-69bb36c1,Caber Complex,2030,50km,1824.5085271683638,POINT (-77.936644 49.773163),https://doi.org/10.2905/2FF68A52-5B5B-4A22-8F40-C41DA8332CFE
population-60ba74c4-2025-1,SK-MAIN-60ba74c4,McClean Lake,2025,10km,0.0,POINT (-103.8361 58.3472),https://doi.org/10.2905/2FF68A52-5B5B-4A22-8F40-C41DA8332CFE
population-60ba74c4-2025-2,SK-MAIN-60ba74c4,McClean Lake,2025,50km,1533.2973001061473,POINT (-103.8361 58.3472),https://doi.org/10.2905/2FF68A52-5B5B-4A22-8F40-C41DA8332CFE
population-60ba74c4-2030-1,SK-MAIN-60ba74c4,McClean Lake,2030,10km,0.0,POINT (-103.8361 58.3472),https://doi.org/10.2905/2FF68A52-5B5B-4A22-8F40-C41DA8332CFE
population-60ba74c4-2030-2,SK-MAIN-60ba74c4,McClean Lake,2030,50km,1593.1467831470654,POINT (-103.8361 58.3472),https://doi.org/10.2905/2FF68A52-5B5B-4A22-8F40-C41DA8332CFE
population-b99d4cb2-2025-1,NT-MAIN-b99d4cb2,Pine Point,2025,10km,0.0,POINT (-114.38652 60.87216),https://doi.org/10.2905/2FF68A52-5B5B-4A22-8F40-C41DA8332CFE
population-b99d4cb2-2025-2,NT-MAIN-b99d4cb2,Pine Point,2025,50km,21.784085263982945,POINT (-114.38652 60.87216),https://doi.org/10.2905/2FF68A52-5B5B-4A22-8F40-C41DA8332CFE
population-b99d4cb2-2030-1,NT-MAIN-b99d4cb2,Pine Point,2030,10km,0.0,POINT (-114.38652 60.87216),https://doi.org/10.2905/2FF68A52-5B5B-4A22-8F40-C41DA8332CFE
population-b99d4cb2-2030-2,NT-MAIN-b99d4cb2,Pine Point,2030,50km,21.428994913591325,POINT (-114.38652 60.87216),https://doi.org/10.2905/2FF68A52-5B5B-4A22-8F40-C41DA8332CFE
population-a498ddc6-2025-1,NL-MAIN-a498ddc6,Michelin,2025,10km,0.0,POINT (-59.984 54.584),https://doi.org/10.2905/2FF68A52-5B5B-4A22-8F40-C41DA8332CFE
population-a498ddc6-2025-2,NL-MAIN-a498ddc6,Michelin,2025,50km,229.52005377598107,POINT (-59.984 54.584),https://doi.org/10.2905/2FF68A52-5B5B-4A22-8F40-C41DA8332CFE
population-a498ddc6-2030-1,NL-MAIN-a498ddc6,Michelin,2030,10km,0.0,POINT (-59.984 54.584),https://doi.org/10.2905/2FF68A52-5B5B-4A22-8F40-C41DA8332CFE
population-a498ddc6-2030-2,NL-MAIN-a498ddc6,Michelin,2030,50km,229.23118370072916,POINT (-59.984 54.584),https://doi.org/10.2905/2FF68A52-5B5B-4A22-8F40-C41DA8332CFE
population-bfbcd72e-2025-1,ON-MAIN-bfbcd72e,Bell Creek,2025,10km,8266.647950419345,POINT (-81.178 48.553),https://doi.org/10.2905/2FF68A52-5B5B-4A22-8F40-C41DA8332CFE
population-bfbcd72e-2025-2,ON-MAIN-bfbcd72e,Bell Creek,2025,50km,55303.90815396829,POINT (-81.178 48.553),https://doi.org/10.2905/2FF68A52-5B5B-4A22-8F40-C41DA8332CFE
population-bfbcd72e-2030-1,ON-MAIN-bfbcd72e,Bell Creek,2030,10km,8522.244033951738,POINT (-81.178 48.553),https://doi.org/10.2905/2FF68A52-5B5B-4A22-8F40-C41DA8332CFE
population-bfbcd72e-2030-2,ON-MAIN-bfbcd72e,Bell Creek,2030,50km,56981.25907212057,POINT (-81.178 48.553),https://doi.org/10.2905/2FF68A52-5B5B-4A22-8F40-C41DA8332CFE
population-f3e6ff08-2025-1,ON-MAIN-f3e6ff08,Timmins West,2025,10km,81.48100279221288,POINT (-81.549826 48.383275),https://doi.org/10.2905/2FF68A52-5B5B-4A22-8F40-C41DA8332CFE
population-f3e6ff08-2025-2,ON-MAIN-f3e6ff08,Timmins West,2025,50km,48523.14627629095,POINT (-81.549826 48.383275),https://doi.org/10.2905/2FF68A52-5B5B-4A22-8F40-C41DA8332CFE
population-f3e6ff08-2030-1,ON-MAIN-f3e6ff08,Timmins West,2030,10km,84.78710542404299,POINT (-81.549826 48.383275),https://doi.org/10.2905/2FF68A52-5B5B-4A22-8F40-C41DA8332CFE
population-f3e6ff08-2030-2,ON-MAIN-f3e6ff08,Timmins West,2030,50km,49994.71218223432,POINT (-81.549826 48.383275),https://doi.org/10.2905/2FF68A52-5B5B-4A22-8F40-C41DA8332CFE
population-3aa117d8-2025-1,QC-MAIN-3aa117d8,Alma,2025,10km,36857.33609234058,POINT (-71.6897 48.5847),https://doi.org/10.2905/2FF68A52-5B5B-4A22-8F40-C41DA8332CFE
population-3aa117d8-2025-2,QC-MAIN-3aa117d8,Alma,2025,50km,202138.1080972529,POINT (-71.6897 48.5847),https://doi.org/10.2905/2FF68A52-5B5B-4A22-8F40-C41DA8332CFE
population-3aa117d8-2030-1,QC-MAIN-3aa117d8,Alma,2030,10km,37694.949649569084,POINT (-71.6897 48.5847),https://doi.org/10.2905/2FF68A52-5B5B-4A22-8F40-C41DA8332CFE
population-3aa117d8-2030-2,QC-MAIN-3aa117d8,Alma,2030,50km,209103.1623810536,POINT (-71.6897 48.5847),https://doi.org/10.2905/2FF68A52-5B5B-4A22-8F40-C41DA8332CFE
population-c1c7eb99-2025-1,QC-MAIN-c1c7eb99,Arvida,2025,10km,118642.40156531635,POINT (-71.165521 48.430174),https://doi.org/10.2905/2FF68A52-5B5B-4A22-8F40-C41DA8332CFE
population-c1c7eb99-2025-2,QC-MAIN-c1c7eb99,Arvida,2025,50km,228845.47415754158,POINT (-71.165521 48.430174),https://doi.org/10.2905/2FF68A52-5B5B-4A22-8F40-C41DA8332CFE
population-c1c7eb99-2030-1,QC-MAIN-c1c7eb99,Arvida,2030,10km,123892.29839342913,POINT (-71.165521 48.430174),https://doi.org/10.2905/2FF68A52-5B5B-4A22-8F40-C41DA8332CFE
population-c1c7eb99-2030-2,QC-MAIN-c1c7eb99,Arvida,2030,50km,237620.72999806912,POINT (-71.165521 48.430174),https://doi.org/10.2905/2FF68A52-5B5B-4A22-8F40-C41DA8332CFE
population-01c1e81f-2025-1,QC-MAIN-01c1e81f,Grande-Baie,2025,10km,20073.929747342176,POINT (-70.9258 48.3058),https://doi.org/10.2905/2FF68A52-5B5B-4A22-8F40-C41DA8332CFE
population-01c1e81f-2025-2,QC-MAIN-01c1e81f,Grande-Baie,2025,50km,176511.33072108685,POINT (-70.9258 48.3058),https://doi.org/10.2905/2FF68A52-5B5B-4A22-8F40-C41DA8332CFE
population-01c1e81f-2030-1,QC-MAIN-01c1e81f,Grande-Baie,2030,10km,20941.852274956935,POINT (-70.9258 48.3058),https://doi.org/10.2905/2FF68A52-5B5B-4A22-8F40-C41DA8332CFE
population-01c1e81f-2030-2,QC-MAIN-01c1e81f,Grande-Baie,2030,50km,184092.45352728083,POINT (-70.9258 48.3058),https://doi.org/10.2905/2FF68A52-5B5B-4A22-8F40-C41DA8332CFE
population-eb47f7c7-2025-1,BC-MAIN-eb47f7c7,Kitimat,2025,10km,6687.860784292237,POINT (-128.6954 53.9976),https://doi.org/10.2905/2FF68A52-5B5B-4A22-8F40-C41DA8332CFE
population-eb47f7c7-2025-2,BC-MAIN-eb47f7c7,Kitimat,2025,50km,0.0,POINT (-128.6954 53.9976),https://doi.org/10.2905/2FF68A52-5B5B-4A22-8F40-C41DA8332CFE
population-eb47f7c7-2030-1,BC-MAIN-eb47f7c7,Kitimat,2030,10km,7083.365545426486,POINT (-128.6954 53.9976),https://doi.org/10.2905/2FF68A52-5B5B-4A22-8F40-C41DA8332CFE
population-eb47f7c7-2030-2,BC-MAIN-eb47f7c7,Kitimat,2030,50km,0.0,POINT (-128.6954 53.9976),https://doi.org/10.2905/2FF68A52-5B5B-4A22-8F40-C41DA8332CFE
population-c0e3a48b-2025-1,QC-MAIN-c0e3a48b,Laterrière,2025,10km,8307.938970690457,POINT (-71.1287 48.3013),https://doi.org/10.2905/2FF68A52-5B5B-4A22-8F40-C41DA8332CFE
population-c0e3a48b-2025-2,QC-MAIN-c0e3a48b,Laterrière,2025,50km,216848.726032461,POINT (-71.1287 48.3013),https://doi.org/10.2905/2FF68A52-5B5B-4A22-8F40-C41DA8332CFE
population-c0e3a48b-2030-1,QC-MAIN-c0e3a48b,Laterrière,2030,10km,8673.532328873569,POINT (-71.1287 48.3013),https://doi.org/10.2905/2FF68A52-5B5B-4A22-8F40-C41DA8332CFE
population-c0e3a48b-2030-2,QC-MAIN-c0e3a48b,Laterrière,2030,50km,225329.8280873303,POINT (-71.1287 48.3013),https://doi.org/10.2905/2FF68A52-5B5B-4A22-8F40-C41DA8332CFE
population-92628f16-2025-1,QC-MAIN-92628f16,Vaudreuil,2025,10km,120094.7409546939,POINT (-71.157919 48.428476),https://doi.org/10.2905/2FF68A52-5B5B-4A22-8F40-C41DA8332CFE
population-92628f16-2025-2,QC-MAIN-92628f16,Vaudreuil,2025,50km,228620.75100905547,POINT (-71.157919 48.428476),https://doi.org/10.2905/2FF68A52-5B5B-4A22-8F40-C41DA8332CFE
population-92628f16-2030-1,QC-MAIN-92628f16,Vaudreuil,2030,10km,125383.39794303276,POINT (-71.157919 48.428476),https://doi.org/10.2905/2FF68A52-5B5B-4A22-8F40-C41DA8332CFE
population-92628f16-2030-2,QC-MAIN-92628f16,Vaudreuil,2030,50km,237402.4650677827,POINT (-71.157919 48.428476),https://doi.org/10.2905/2FF68A52-5B5B-4A22-8F40-C41DA8332CFE
population-8d6616b4-2025-1,QC-MAIN-8d6616b4,Alouette,2025,10km,0.0,POINT (-66.4429 50.1571),https://doi.org/10.2905/2FF68A52-5B5B-4A22-8F40-C41DA8332CFE
population-8d6616b4-2025-2,QC-MAIN-8d6616b4,Alouette,2025,50km,0.0,POINT (-66.4429 50.1571),https://doi.org/10.2905/2FF68A52-5B5B-4A22-8F40-C41DA8332CFE
population-8d6616b4-2030-1,QC-MAIN-8d6616b4,Alouette,2030,10km,0.0,POINT (-66.4429 50.1571),https://doi.org/10.2905/2FF68A52-5B5B-4A22-8F40-C41DA8332CFE
population-8d6616b4-2030-2,QC-MAIN-8d6616b4,Alouette,2030,50km,0.0,POINT (-66.4429 50.1571),https://doi.org/10.2905/2FF68A52-5B5B-4A22-8F40-C41DA8332CFE
population-0ec39ce0-2025-1,NT-MAIN-0ec39ce0,Diavik,2025,10km,0.0,POINT (-110.272 64.495),https://doi.org/10.2905/2FF68A52-5B5B-4A22-8F40-C41DA8332CFE
population-0ec39ce0-2025-2,NT-MAIN-0ec39ce0,Diavik,2025,50km,0.0,POINT (-110.272 64.495),https://doi.org/10.2905/2FF68A52-5B5B-4A22-8F40-C41DA8332CFE
population-0ec39ce0-2030-1,NT-MAIN-0ec39ce0,Diavik,2030,10km,0.0,POINT (-110.272 64.495),https://doi.org/10.2905/2FF68A52-5B5B-4A22-8F40-C41DA8332CFE
population-0ec39ce0-2030-2,NT-MAIN-0ec39ce0,Diavik,2030,50km,0.0,POINT (-110.272 64.495),https://doi.org/10.2905/2FF68A52-5B5B-4A22-8F40-C41DA8332CFE
population-e82266c5-2025-1,QC-MAIN-e82266c5,Lac Tio,2025,10km,0.10711019620066509,POINT (-63.416 50.5541),https://doi.org/10.2905/2FF68A52-5B5B-4A22-8F40-C41DA8332CFE
population-e82266c5-2025-2,QC-MAIN-e82266c5,Lac Tio,2025,50km,0.0,POINT (-63.416 50.5541),https://doi.org/10.2905/2FF68A52-5B5B-4A22-8F40-C41DA8332CFE
population-e82266c5-2030-1,QC-MAIN-e82266c5,Lac Tio,2030,10km,0.10505716314582969,POINT (-63.416 50.5541),https://doi.org/10.2905/2FF68A52-5B5B-4A22-8F40-C41DA8332CFE
population-e82266c5-2030-2,QC-MAIN-e82266c5,Lac Tio,2030,50km,0.0,POINT (-63.416 50.5541),https://doi.org/10.2905/2FF68A52-5B5B-4A22-8F40-C41DA8332CFE
population-11c40b1f-2025-1,QC-MAIN-11c40b1f,Lithium Demonstration Plant,2025,10km,49823.570883186716,POINT (-73.139626 46.043727),https://doi.org/10.2905/2FF68A52-5B5B-4A22-8F40-C41DA8332CFE
population-11c40b1f-2025-2,QC-MAIN-11c40b1f,Lithium Demonstration Plant,2025,50km,0.0,POINT (-73.139626 46.043727),https://doi.org/10.2905/2FF68A52-5B5B-4A22-8F40-C41DA8332CFE
population-11c40b1f-2030-1,QC-MAIN-11c40b1f,Lithium Demonstration Plant,2030,10km,51277.88114851218,POINT (-73.139626 46.043727),https://doi.org/10.2905/2FF68A52-5B5B-4A22-8F40-C41DA8332CFE
population-11c40b1f-2030-2,QC-MAIN-11c40b1f,Lithium Demonstration Plant,2030,50km,0.0,POINT (-73.139626 46.043727),https://doi.org/10.2905/2FF68A52-5B5B-4A22-8F40-C41DA8332CFE
population-3e146840-2025-1,QC-MAIN-3e146840,Rio Tinto Iron and Titanium,2025,10km,49185.05809174848,POINT (-73.138424 46.045907),https://doi.org/10.2905/2FF68A52-5B5B-4A22-8F40-C41DA8332CFE
population-3e146840-2025-2,QC-MAIN-3e146840,Rio Tinto Iron and Titanium,2025,50km,0.0,POINT (-73.138424 46.045907),https://doi.org/10.2905/2FF68A52-5B5B-4A22-8F40-C41DA8332CFE
population-3e146840-2030-1,QC-MAIN-3e146840,Rio Tinto Iron and Titanium,2030,10km,50642.74526733707,POINT (-73.138424 46.045907),https://doi.org/10.2905/2FF68A52-5B5B-4A22-8F40-C41DA8332CFE
population-3e146840-2030-2,QC-MAIN-3e146840,Rio Tinto Iron and Titanium,2030,50km,0.0,POINT (-73.138424 46.045907),https://doi.org/10.2905/2FF68A52-5B5B-4A22-8F40-C41DA8332CFE
population-7b3b4c8b-2025-1,QC-MAIN-7b3b4c8b,Scandium Demonstration Plant,2025,10km,49823.570883186716,POINT (-73.139626 46.043727),https://doi.org/10.2905/2FF68A52-5B5B-4A22-8F40-C41DA8332CFE
population-7b3b4c8b-2025-2,QC-MAIN-7b3b4c8b,Scandium Demonstration Plant,2025,50km,0.0,POINT (-73.139626 46.043727),https://doi.org/10.2905/2FF68A52-5B5B-4A22-8F40-C41DA8332CFE
population-7b3b4c8b-2030-1,QC-MAIN-7b3b4c8b,Scandium Demonstration Plant,2030,10km,51277.88114851218,POINT (-73.139626 46.043727),https://doi.org/10.2905/2FF68A52-5B5B-4A22-8F40-C41DA8332CFE
population-7b3b4c8b-2030-2,QC-MAIN-7b3b4c8b,Scandium Demonstration Plant,2030,50km,0.0,POINT (-73.139626 46.043727),https://doi.org/10.2905/2FF68A52-5B5B-4A22-8F40-C41DA8332CFE
population-eda110b0-2025-1,ON-MAIN-eda110b0,Georgia Lake,2025,10km,237.30562646163162,POINT (-88.00298 49.45236),https://doi.org/10.2905/2FF68A52-5B5B-4A22-8F40-C41DA8332CFE
population-eda110b0-2025-2,ON-MAIN-eda110b0,Georgia Lake,2025,50km,627.3052357623819,POINT (-88.00298 49.45236),https://doi.org/10.2905/2FF68A52-5B5B-4A22-8F40-C41DA8332CFE
population-eda110b0-2030-1,ON-MAIN-eda110b0,Georgia Lake,2030,10km,244.68293867399916,POINT (-88.00298 49.45236),https://doi.org/10.2905/2FF68A52-5B5B-4A22-8F40-C41DA8332CFE
population-eda110b0-2030-2,ON-MAIN-eda110b0,Georgia Lake,2030,50km,646.3026387342834,POINT (-88.00298 49.45236),https://doi.org/10.2905/2FF68A52-5B5B-4A22-8F40-C41DA8332CFE
population-73ce66b5-2025-1,YT-MAIN-73ce66b5,Klaza,2025,10km,0.0,POINT (-137.3175 62.14117),https://doi.org/10.2905/2FF68A52-5B5B-4A22-8F40-C41DA8332CFE
population-73ce66b5-2025-2,YT-MAIN-73ce66b5,Klaza,2025,50km,0.0,POINT (-137.3175 62.14117),https://doi.org/10.2905/2FF68A52-5B5B-4A22-8F40-C41DA8332CFE
population-73ce66b5-2030-1,YT-MAIN-73ce66b5,Klaza,2030,10km,0.0,POINT (-137.3175 62.14117),https://doi.org/10.2905/2FF68A52-5B5B-4A22-8F40-C41DA8332CFE
population-73ce66b5-2030-2,YT-MAIN-73ce66b5,Klaza,2030,50km,0.0,POINT (-137.3175 62.14117),https://doi.org/10.2905/2FF68A52-5B5B-4A22-8F40-C41DA8332CFE
population-116ae608-2025-1,BC-MAIN-116ae608,Revel Ridge,2025,10km,2.0774692122199045,POINT (-118.121 51.287),https://doi.org/10.2905/2FF68A52-5B5B-4A22-8F40-C41DA8332CFE
population-116ae608-2025-2,BC-MAIN-116ae608,Revel Ridge,2025,50km,9009.191939044045,POINT (-118.121 51.287),https://doi.org/10.2905/2FF68A52-5B5B-4A22-8F40-C41DA8332CFE
population-116ae608-2030-1,BC-MAIN-116ae608,Revel Ridge,2030,10km,2.102733724630511,POINT (-118.121 51.287),https://doi.org/10.2905/2FF68A52-5B5B-4A22-8F40-C41DA8332CFE
population-116ae608-2030-2,BC-MAIN-116ae608,Revel Ridge,2030,50km,9377.129427103684,POINT (-118.121 51.287),https://doi.org/10.2905/2FF68A52-5B5B-4A22-8F40-C41DA8332CFE
population-dca9cce7-2025-1,ON-MAIN-dca9cce7,Ottawa,2025,10km,660588.9920346676,POINT (-75.69922 45.431332),https://doi.org/10.2905/2FF68A52-5B5B-4A22-8F40-C41DA8332CFE
population-dca9cce7-2025-2,ON-MAIN-dca9cce7,Ottawa,2025,50km,1502479.6102292575,POINT (-75.69922 45.431332),https://doi.org/10.2905/2FF68A52-5B5B-4A22-8F40-C41DA8332CFE
population-dca9cce7-2030-1,ON-MAIN-dca9cce7,Ottawa,2030,10km,677737.900922396,POINT (-75.69922 45.431332),https://doi.org/10.2905/2FF68A52-5B5B-4A22-8F40-C41DA8332CFE
population-dca9cce7-2030-2,ON-MAIN-dca9cce7,Ottawa,2030,50km,1542132.5749236522,POINT (-75.69922 45.431332),https://doi.org/10.2905/2FF68A52-5B5B-4A22-8F40-C41DA8332CFE
population-d5c9124e-2025-1,SK-MAIN-d5c9124e,Rare Earth Processing Facility,2025,10km,303509.34042717714,POINT (-106.62737 52.1400327),https://doi.org/10.2905/2FF68A52-5B5B-4A22-8F40-C41DA8332CFE
population-d5c9124e-2025-2,SK-MAIN-d5c9124e,Rare Earth Processing Facility,2025,50km,360342.2418574129,POINT (-106.62737 52.1400327),https://doi.org/10.2905/2FF68A52-5B5B-4A22-8F40-C41DA8332CFE
population-d5c9124e-2030-1,SK-MAIN-d5c9124e,Rare Earth Processing Facility,2030,10km,318729.2691675635,POINT (-106.62737 52.1400327),https://doi.org/10.2905/2FF68A52-5B5B-4A22-8F40-C41DA8332CFE
population-d5c9124e-2030-2,SK-MAIN-d5c9124e,Rare Earth Processing Facility,2030,50km,378262.09865570103,POINT (-106.62737 52.1400327),https://doi.org/10.2905/2FF68A52-5B5B-4A22-8F40-C41DA8332CFE
population-c4fb59c2-2025-1,QC-MAIN-c4fb59c2,Moblan,2025,10km,0.0,POINT (-74.91215 50.73176),https://doi.org/10.2905/2FF68A52-5B5B-4A22-8F40-C41DA8332CFE
population-c4fb59c2-2025-2,QC-MAIN-c4fb59c2,Moblan,2025,50km,2.9155836985446513,POINT (-74.91215 50.73176),https://doi.org/10.2905/2FF68A52-5B5B-4A22-8F40-C41DA8332CFE
population-c4fb59c2-2030-1,QC-MAIN-c4fb59c2,Moblan,2030,10km,0.0,POINT (-74.91215 50.73176),https://doi.org/10.2905/2FF68A52-5B5B-4A22-8F40-C41DA8332CFE
population-c4fb59c2-2030-2,QC-MAIN-c4fb59c2,Moblan,2030,50km,2.9794734069146216,POINT (-74.91215 50.73176),https://doi.org/10.2905/2FF68A52-5B5B-4A22-8F40-C41DA8332CFE
population-1186a6d0-2025-1,QC-MAIN-1186a6d0,Authier,2025,10km,550.5191715547568,POINT (-78.19557 48.36207),https://doi.org/10.2905/2FF68A52-5B5B-4A22-8F40-C41DA8332CFE
population-1186a6d0-2025-2,QC-MAIN-1186a6d0,Authier,2025,50km,70358.28025756284,POINT (-78.19557 48.36207),https://doi.org/10.2905/2FF68A52-5B5B-4A22-8F40-C41DA8332CFE
population-1186a6d0-2030-1,QC-MAIN-1186a6d0,Authier,2030,10km,563.554921187139,POINT (-78.19557 48.36207),https://doi.org/10.2905/2FF68A52-5B5B-4A22-8F40-C41DA8332CFE
population-1186a6d0-2030-2,QC-MAIN-1186a6d0,Authier,2030,50km,71950.84023675541,POINT (-78.19557 48.36207),https://doi.org/10.2905/2FF68A52-5B5B-4A22-8F40-C41DA8332CFE
population-dc1a16f9-2025-1,QC-MAIN-dc1a16f9,North American Lithium,2025,10km,113.730311031181,POINT (-77.80934 48.4115),https://doi.org/10.2905/2FF68A52-5B5B-4A22-8F40-C41DA8332CFE
population-dc1a16f9-2025-2,QC-MAIN-dc1a16f9,North American Lithium,2025,50km,73544.87120720964,POINT (-77.80934 48.4115),https://doi.org/10.2905/2FF68A52-5B5B-4A22-8F40-C41DA8332CFE
population-dc1a16f9-2030-1,QC-MAIN-dc1a16f9,North American Lithium,2030,10km,116.26734877821838,POINT (-77.80934 48.4115),https://doi.org/10.2905/2FF68A52-5B5B-4A22-8F40-C41DA8332CFE
population-dc1a16f9-2030-2,QC-MAIN-dc1a16f9,North American Lithium,2030,50km,75210.8324753332,POINT (-77.80934 48.4115),https://doi.org/10.2905/2FF68A52-5B5B-4A22-8F40-C41DA8332CFE
population-b7591127-2025-1,BC-MAIN-b7591127,Iskut,2025,10km,0.0,POINT (-131.0925 56.66667),https://doi.org/10.2905/2FF68A52-5B5B-4A22-8F40-C41DA8332CFE
population-b7591127-2025-2,BC-MAIN-b7591127,Iskut,2025,50km,0.1381605191240867,POINT (-131.0925 56.66667),https://doi.org/10.2905/2FF68A52-5B5B-4A22-8F40-C41DA8332CFE
population-b7591127-2030-1,BC-MAIN-b7591127,Iskut,2030,10km,0.0,POINT (-131.0925 56.66667),https://doi.org/10.2905/2FF68A52-5B5B-4A22-8F40-C41DA8332CFE
population-b7591127-2030-2,BC-MAIN-b7591127,Iskut,2030,50km,0.1540697839765711,POINT (-131.0925 56.66667),https://doi.org/10.2905/2FF68A52-5B5B-4A22-8F40-C41DA8332CFE
population-4959ea63-2025-1,BC-MAIN-4959ea63,KSM,2025,10km,0.0,POINT (-130.33556 56.46666),https://doi.org/10.2905/2FF68A52-5B5B-4A22-8F40-C41DA8332CFE
population-4959ea63-2025-2,BC-MAIN-4959ea63,KSM,2025,50km,6.136798113317911,POINT (-130.33556 56.46666),https://doi.org/10.2905/2FF68A52-5B5B-4A22-8F40-C41DA8332CFE
population-4959ea63-2030-1,BC-MAIN-4959ea63,KSM,2030,10km,0.0,POINT (-130.33556 56.46666),https://doi.org/10.2905/2FF68A52-5B5B-4A22-8F40-C41DA8332CFE
population-4959ea63-2030-2,BC-MAIN-4959ea63,KSM,2030,50km,6.417119542042644,POINT (-130.33556 56.46666),https://doi.org/10.2905/2FF68A52-5B5B-4A22-8F40-C41DA8332CFE
population-03a159d7-2025-1,YT-MAIN-03a159d7,Selwyn,2025,10km,0.0,POINT (-129.20011 62.45542),https://doi.org/10.2905/2FF68A52-5B5B-4A22-8F40-C41DA8332CFE
population-03a159d7-2025-2,YT-MAIN-03a159d7,Selwyn,2025,50km,0.0,POINT (-129.20011 62.45542),https://doi.org/10.2905/2FF68A52-5B5B-4A22-8F40-C41DA8332CFE
population-03a159d7-2030-1,YT-MAIN-03a159d7,Selwyn,2030,10km,0.0,POINT (-129.20011 62.45542),https://doi.org/10.2905/2FF68A52-5B5B-4A22-8F40-C41DA8332CFE
population-03a159d7-2030-2,YT-MAIN-03a159d7,Selwyn,2030,50km,0.0,POINT (-129.20011 62.45542),https://doi.org/10.2905/2FF68A52-5B5B-4A22-8F40-C41DA8332CFE
population-d3a4aba9-2025-1,AB-MAIN-d3a4aba9,The Cobalt Refinery Company Inc.,2025,10km,28792.687325962204,POINT (-113.19011 53.719929),https://doi.org/10.2905/2FF68A52-5B5B-4A22-8F40-C41DA8332CFE
population-d3a4aba9-2025-2,AB-MAIN-d3a4aba9,The Cobalt Refinery Company Inc.,2025,50km,1473783.486988515,POINT (-113.19011 53.719929),https://doi.org/10.2905/2FF68A52-5B5B-4A22-8F40-C41DA8332CFE
population-d3a4aba9-2030-1,AB-MAIN-d3a4aba9,The Cobalt Refinery Company Inc.,2030,10km,30313.856806521693,POINT (-113.19011 53.719929),https://doi.org/10.2905/2FF68A52-5B5B-4A22-8F40-C41DA8332CFE
population-d3a4aba9-2030-2,AB-MAIN-d3a4aba9,The Cobalt Refinery Company Inc.,2030,50km,1550641.4794163983,POINT (-113.19011 53.719929),https://doi.org/10.2905/2FF68A52-5B5B-4A22-8F40-C41DA8332CFE
population-f4fc3276-2025-1,ON-MAIN-f4fc3276,Sugar Zone,2025,10km,10.259668627055362,POINT (-85.00401 48.80496),https://doi.org/10.2905/2FF68A52-5B5B-4A22-8F40-C41DA8332CFE
population-f4fc3276-2025-2,ON-MAIN-f4fc3276,Sugar Zone,2025,50km,2133.6679894779227,POINT (-85.00401 48.80496),https://doi.org/10.2905/2FF68A52-5B5B-4A22-8F40-C41DA8332CFE
population-f4fc3276-2030-1,ON-MAIN-f4fc3276,Sugar Zone,2030,10km,10.570947870146483,POINT (-85.00401 48.80496),https://doi.org/10.2905/2FF68A52-5B5B-4A22-8F40-C41DA8332CFE
population-f4fc3276-2030-2,ON-MAIN-f4fc3276,Sugar Zone,2030,50km,2198.3597846963094,POINT (-85.00401 48.80496),https://doi.org/10.2905/2FF68A52-5B5B-4A22-8F40-C41DA8332CFE
population-915d9faa-2025-1,MB-MAIN-915d9faa,Tanco,2025,10km,30.291091309394687,POINT (-95.4502 50.4291),https://doi.org/10.2905/2FF68A52-5B5B-4A22-8F40-C41DA8332CFE
population-915d9faa-2025-2,MB-MAIN-915d9faa,Tanco,2025,50km,7610.944984862828,POINT (-95.4502 50.4291),https://doi.org/10.2905/2FF68A52-5B5B-4A22-8F40-C41DA8332CFE
population-915d9faa-2030-1,MB-MAIN-915d9faa,Tanco,2030,10km,31.0990457739681,POINT (-95.4502 50.4291),https://doi.org/10.2905/2FF68A52-5B5B-4A22-8F40-C41DA8332CFE
population-915d9faa-2030-2,MB-MAIN-915d9faa,Tanco,2030,50km,7830.438640164977,POINT (-95.4502 50.4291),https://doi.org/10.2905/2FF68A52-5B5B-4A22-8F40-C41DA8332CFE
population-b1fe389a-2025-1,BC-MAIN-b1fe389a,Eskay Creek,2025,10km,0.0,POINT (-130.43 56.653),https://doi.org/10.2905/2FF68A52-5B5B-4A22-8F40-C41DA8332CFE
population-b1fe389a-2025-2,BC-MAIN-b1fe389a,Eskay Creek,2025,50km,19.56575548687951,POINT (-130.43 56.653),https://doi.org/10.2905/2FF68A52-5B5B-4A22-8F40-C41DA8332CFE
population-b1fe389a-2030-1,BC-MAIN-b1fe389a,Eskay Creek,2030,10km,0.0,POINT (-130.43 56.653),https://doi.org/10.2905/2FF68A52-5B5B-4A22-8F40-C41DA8332CFE
population-b1fe389a-2030-2,BC-MAIN-b1fe389a,Eskay Creek,2030,50km,20.36950689086322,POINT (-130.43 56.653),https://doi.org/10.2905/2FF68A52-5B5B-4A22-8F40-C41DA8332CFE
population-1d2f31f9-2025-1,QC-MAIN-1d2f31f9,Kwyjibo,2025,10km,0.0,POINT (-65.26564 51.04975),https://doi.org/10.2905/2FF68A52-5B5B-4A22-8F40-C41DA8332CFE
population-1d2f31f9-2025-2,QC-MAIN-1d2f31f9,Kwyjibo,2025,50km,0.0,POINT (-65.26564 51.04975),https://doi.org/10.2905/2FF68A52-5B5B-4A22-8F40-C41DA8332CFE
population-1d2f31f9-2030-1,QC-MAIN-1d2f31f9,Kwyjibo,2030,10km,0.0,POINT (-65.26564 51.04975),https://doi.org/10.2905/2FF68A52-5B5B-4A22-8F40-C41DA8332CFE
population-1d2f31f9-2030-2,QC-MAIN-1d2f31f9,Kwyjibo,2030,50km,0.0,POINT (-65.26564 51.04975),https://doi.org/10.2905/2FF68A52-5B5B-4A22-8F40-C41DA8332CFE
population-bb23d8a6-2025-1,NL-MAIN-bb23d8a6,Great Burnt Lake,2025,10km,0.0,POINT (-56.1344 48.3758),https://doi.org/10.2905/2FF68A52-5B5B-4A22-8F40-C41DA8332CFE
population-bb23d8a6-2025-2,NL-MAIN-bb23d8a6,Great Burnt Lake,2025,50km,6.6316035016207024,POINT (-56.1344 48.3758),https://doi.org/10.2905/2FF68A52-5B5B-4A22-8F40-C41DA8332CFE
population-bb23d8a6-2030-1,NL-MAIN-bb23d8a6,Great Burnt Lake,2030,10km,0.0,POINT (-56.1344 48.3758),https://doi.org/10.2905/2FF68A52-5B5B-4A22-8F40-C41DA8332CFE
population-bb23d8a6-2030-2,NL-MAIN-bb23d8a6,Great Burnt Lake,2030,50km,6.707079215499107,POINT (-56.1344 48.3758),https://doi.org/10.2905/2FF68A52-5B5B-4A22-8F40-C41DA8332CFE
population-22ce14be-2025-1,SK-MAIN-22ce14be,Santoy,2025,10km,0.0,POINT (-103.414571 55.66778),https://doi.org/10.2905/2FF68A52-5B5B-4A22-8F40-C41DA8332CFE
population-22ce14be-2025-2,SK-MAIN-22ce14be,Santoy,2025,50km,0.0,POINT (-103.414571 55.66778),https://doi.org/10.2905/2FF68A52-5B5B-4A22-8F40-C41DA8332CFE
population-22ce14be-2030-1,SK-MAIN-22ce14be,Santoy,2030,10km,0.0,POINT (-103.414571 55.66778),https://doi.org/10.2905/2FF68A52-5B5B-4A22-8F40-C41DA8332CFE
population-22ce14be-2030-2,SK-MAIN-22ce14be,Santoy,2030,50km,0.0,POINT (-103.414571 55.66778),https://doi.org/10.2905/2FF68A52-5B5B-4A22-8F40-C41DA8332CFE
population-29afbdb5-2025-1,SK-MAIN-29afbdb5,Seabee,2025,10km,0.0,POINT (-103.622257 55.683772),https://doi.org/10.2905/2FF68A52-5B5B-4A22-8F40-C41DA8332CFE
population-29afbdb5-2025-2,SK-MAIN-29afbdb5,Seabee,2025,50km,0.0,POINT (-103.622257 55.683772),https://doi.org/10.2905/2FF68A52-5B5B-4A22-8F40-C41DA8332CFE
population-29afbdb5-2030-1,SK-MAIN-29afbdb5,Seabee,2030,10km,0.0,POINT (-103.622257 55.683772),https://doi.org/10.2905/2FF68A52-5B5B-4A22-8F40-C41DA8332CFE
population-29afbdb5-2030-2,SK-MAIN-29afbdb5,Seabee,2030,50km,0.0,POINT (-103.622257 55.683772),https://doi.org/10.2905/2FF68A52-5B5B-4A22-8F40-C41DA8332CFE
population-c9c77a59-2025-1,NS-MAIN-c9c77a59,Moose River Consolidated,2025,10km,32.33566212024557,POINT (-62.94292 44.98243),https://doi.org/10.2905/2FF68A52-5B5B-4A22-8F40-C41DA8332CFE
population-c9c77a59-2025-2,NS-MAIN-c9c77a59,Moose River Consolidated,2025,50km,0.0,POINT (-62.94292 44.98243),https://doi.org/10.2905/2FF68A52-5B5B-4A22-8F40-C41DA8332CFE
population-c9c77a59-2030-1,NS-MAIN-c9c77a59,Moose River Consolidated,2030,10km,32.10910628449044,POINT (-62.94292 44.98243),https://doi.org/10.2905/2FF68A52-5B5B-4A22-8F40-C41DA8332CFE
population-c9c77a59-2030-2,NS-MAIN-c9c77a59,Moose River Consolidated,2030,50km,0.0,POINT (-62.94292 44.98243),https://doi.org/10.2905/2FF68A52-5B5B-4A22-8F40-C41DA8332CFE
population-020a683c-2025-1,ON-MAIN-020a683c,Hamilton Works,2025,10km,498900.43512816867,POINT (-79.819 43.275),https://doi.org/10.2905/2FF68A52-5B5B-4A22-8F40-C41DA8332CFE
population-020a683c-2025-2,ON-MAIN-020a683c,Hamilton Works,2025,50km,3285017.127629751,POINT (-79.819 43.275),https://doi.org/10.2905/2FF68A52-5B5B-4A22-8F40-C41DA8332CFE
population-020a683c-2030-1,ON-MAIN-020a683c,Hamilton Works,2030,10km,524098.93936668726,POINT (-79.819 43.275),https://doi.org/10.2905/2FF68A52-5B5B-4A22-8F40-C41DA8332CFE
population-020a683c-2030-2,ON-MAIN-020a683c,Hamilton Works,2030,50km,3418975.300161482,POINT (-79.819 43.275),https://doi.org/10.2905/2FF68A52-5B5B-4A22-8F40-C41DA8332CFE
population-b2e5c9bb-2025-1,ON-MAIN-b2e5c9bb,Lake Erie Works,2025,10km,8575.665670044224,POINT (-80.0937 42.8001),https://doi.org/10.2905/2FF68A52-5B5B-4A22-8F40-C41DA8332CFE
population-b2e5c9bb-2025-2,ON-MAIN-b2e5c9bb,Lake Erie Works,2025,50km,426414.35165756947,POINT (-80.0937 42.8001),https://doi.org/10.2905/2FF68A52-5B5B-4A22-8F40-C41DA8332CFE
population-b2e5c9bb-2030-1,ON-MAIN-b2e5c9bb,Lake Erie Works,2030,10km,8853.683433782076,POINT (-80.0937 42.8001),https://doi.org/10.2905/2FF68A52-5B5B-4A22-8F40-C41DA8332CFE
population-b2e5c9bb-2030-2,ON-MAIN-b2e5c9bb,Lake Erie Works,2030,50km,442351.35936981085,POINT (-80.0937 42.8001),https://doi.org/10.2905/2FF68A52-5B5B-4A22-8F40-C41DA8332CFE
population-3032c251-2025-1,QC-MAIN-3032c251,Renard,2025,10km,0.0,POINT (-72.190579 52.813913),https://doi.org/10.2905/2FF68A52-5B5B-4A22-8F40-C41DA8332CFE
population-3032c251-2025-2,QC-MAIN-3032c251,Renard,2025,50km,0.0,POINT (-72.190579 52.813913),https://doi.org/10.2905/2FF68A52-5B5B-4A22-8F40-C41DA8332CFE
population-3032c251-2030-1,QC-MAIN-3032c251,Renard,2030,10km,0.0,POINT (-72.190579 52.813913),https://doi.org/10.2905/2FF68A52-5B5B-4A22-8F40-C41DA8332CFE
population-3032c251-2030-2,QC-MAIN-3032c251,Renard,2030,50km,0.0,POINT (-72.190579 52.813913),https://doi.org/10.2905/2FF68A52-5B5B-4A22-8F40-C41DA8332CFE
population-b5937543-2025-1,QC-MAIN-b5937543,Blackrock,2025,10km,0.48875364661216736,POINT (-74.062113 49.800453),https://doi.org/10.2905/2FF68A52-5B5B-4A22-8F40-C41DA8332CFE
population-b5937543-2025-2,QC-MAIN-b5937543,Blackrock,2025,50km,8865.521045923859,POINT (-74.062113 49.800453),https://doi.org/10.2905/2FF68A52-5B5B-4A22-8F40-C41DA8332CFE
population-b5937543-2030-1,QC-MAIN-b5937543,Blackrock,2030,10km,0.4830019474029541,POINT (-74.062113 49.800453),https://doi.org/10.2905/2FF68A52-5B5B-4A22-8F40-C41DA8332CFE
population-b5937543-2030-2,QC-MAIN-b5937543,Blackrock,2030,50km,9067.245156649544,POINT (-74.062113 49.800453),https://doi.org/10.2905/2FF68A52-5B5B-4A22-8F40-C41DA8332CFE
population-64595b02-2025-1,QC-MAIN-64595b02,Blackrock Pyrometallurgical Facility,2025,10km,18805.401535959278,POINT (-70.854841 48.399648),https://doi.org/10.2905/2FF68A52-5B5B-4A22-8F40-C41DA8332CFE
population-64595b02-2025-2,QC-MAIN-64595b02,Blackrock Pyrometallurgical Facility,2025,50km,176449.34411928218,POINT (-70.854841 48.399648),https://doi.org/10.2905/2FF68A52-5B5B-4A22-8F40-C41DA8332CFE
population-64595b02-2030-1,QC-MAIN-64595b02,Blackrock Pyrometallurgical Facility,2030,10km,19603.600009391906,POINT (-70.854841 48.399648),https://doi.org/10.2905/2FF68A52-5B5B-4A22-8F40-C41DA8332CFE
population-64595b02-2030-2,QC-MAIN-64595b02,Blackrock Pyrometallurgical Facility,2030,50km,184023.86486218372,POINT (-70.854841 48.399648),https://doi.org/10.2905/2FF68A52-5B5B-4A22-8F40-C41DA8332CFE
population-a505d25d-2025-1,BC-MAIN-a505d25d,Ootsa,2025,10km,0.0,POINT (-127.08333 53.63333),https://doi.org/10.2905/2FF68A52-5B5B-4A22-8F40-C41DA8332CFE
population-a505d25d-2025-2,BC-MAIN-a505d25d,Ootsa,2025,50km,5.55546904754498,POINT (-127.08333 53.63333),https://doi.org/10.2905/2FF68A52-5B5B-4A22-8F40-C41DA8332CFE
population-a505d25d-2030-1,BC-MAIN-a505d25d,Ootsa,2030,10km,0.0,POINT (-127.08333 53.63333),https://doi.org/10.2905/2FF68A52-5B5B-4A22-8F40-C41DA8332CFE
population-a505d25d-2030-2,BC-MAIN-a505d25d,Ootsa,2030,50km,5.7826274463188705,POINT (-127.08333 53.63333),https://doi.org/10.2905/2FF68A52-5B5B-4A22-8F40-C41DA8332CFE
population-c5d1b42d-2025-1,BC-MAIN-c5d1b42d,Berg,2025,10km,0.0,POINT (-127.431 53.802),https://doi.org/10.2905/2FF68A52-5B5B-4A22-8F40-C41DA8332CFE
population-c5d1b42d-2025-2,BC-MAIN-c5d1b42d,Berg,2025,50km,2.3013191246403633,POINT (-127.431 53.802),https://doi.org/10.2905/2FF68A52-5B5B-4A22-8F40-C41DA8332CFE
population-c5d1b42d-2030-1,BC-MAIN-c5d1b42d,Berg,2030,10km,0.0,POINT (-127.431 53.802),https://doi.org/10.2905/2FF68A52-5B5B-4A22-8F40-C41DA8332CFE
population-c5d1b42d-2030-2,BC-MAIN-c5d1b42d,Berg,2030,50km,2.3947303048437725,POINT (-127.431 53.802),https://doi.org/10.2905/2FF68A52-5B5B-4A22-8F40-C41DA8332CFE
population-6a26086e-2025-1,QC-MAIN-6a26086e,Sorel Forge,2025,10km,47781.83955494708,POINT (-73.124998 46.045865),https://doi.org/10.2905/2FF68A52-5B5B-4A22-8F40-C41DA8332CFE
population-6a26086e-2025-2,QC-MAIN-6a26086e,Sorel Forge,2025,50km,0.0,POINT (-73.124998 46.045865),https://doi.org/10.2905/2FF68A52-5B5B-4A22-8F40-C41DA8332CFE
population-6a26086e-2030-1,QC-MAIN-6a26086e,Sorel Forge,2030,10km,49234.22796148245,POINT (-73.124998 46.045865),https://doi.org/10.2905/2FF68A52-5B5B-4A22-8F40-C41DA8332CFE
population-6a26086e-2030-2,QC-MAIN-6a26086e,Sorel Forge,2030,50km,0.0,POINT (-73.124998 46.045865),https://doi.org/10.2905/2FF68A52-5B5B-4A22-8F40-C41DA8332CFE
population-b64bae7a-2025-1,NL-MAIN-b64bae7a,Scully,2025,10km,9812.704059850512,POINT (-66.912573 52.907129),https://doi.org/10.2905/2FF68A52-5B5B-4A22-8F40-C41DA8332CFE
population-b64bae7a-2025-2,NL-MAIN-b64bae7a,Scully,2025,50km,13077.932273194081,POINT (-66.912573 52.907129),https://doi.org/10.2905/2FF68A52-5B5B-4A22-8F40-C41DA8332CFE
population-b64bae7a-2030-1,NL-MAIN-b64bae7a,Scully,2030,10km,9798.269870022234,POINT (-66.912573 52.907129),https://doi.org/10.2905/2FF68A52-5B5B-4A22-8F40-C41DA8332CFE
population-b64bae7a-2030-2,NL-MAIN-b64bae7a,Scully,2030,50km,13137.290652535841,POINT (-66.912573 52.907129),https://doi.org/10.2905/2FF68A52-5B5B-4A22-8F40-C41DA8332CFE
population-18695c6d-2025-1,NL-MAIN-18695c6d,Scully Mine - Manganese project,2025,10km,9812.761434527038,POINT (-66.91222 52.91806),https://doi.org/10.2905/2FF68A52-5B5B-4A22-8F40-C41DA8332CFE
population-18695c6d-2025-2,NL-MAIN-18695c6d,Scully Mine - Manganese project,2025,50km,13077.939659289068,POINT (-66.91222 52.91806),https://doi.org/10.2905/2FF68A52-5B5B-4A22-8F40-C41DA8332CFE
population-18695c6d-2030-1,NL-MAIN-18695c6d,Scully Mine - Manganese project,2030,10km,9798.326969716274,POINT (-66.91222 52.91806),https://doi.org/10.2905/2FF68A52-5B5B-4A22-8F40-C41DA8332CFE
population-18695c6d-2030-2,NL-MAIN-18695c6d,Scully Mine - Manganese project,2030,50km,13137.298025168942,POINT (-66.91222 52.91806),https://doi.org/10.2905/2FF68A52-5B5B-4A22-8F40-C41DA8332CFE
population-1aa10efa-2025-1,ON-MAIN-1aa10efa,Kenbridge,2025,10km,0.0,POINT (-93.6347 49.48357),https://doi.org/10.2905/2FF68A52-5B5B-4A22-8F40-C41DA8332CFE
population-1aa10efa-2025-2,ON-MAIN-1aa10efa,Kenbridge,2025,50km,3359.689470752801,POINT (-93.6347 49.48357),https://doi.org/10.2905/2FF68A52-5B5B-4A22-8F40-C41DA8332CFE
population-1aa10efa-2030-1,ON-MAIN-1aa10efa,Kenbridge,2030,10km,0.0,POINT (-93.6347 49.48357),https://doi.org/10.2905/2FF68A52-5B5B-4A22-8F40-C41DA8332CFE
population-1aa10efa-2030-2,ON-MAIN-1aa10efa,Kenbridge,2030,50km,3460.191290698614,POINT (-93.6347 49.48357),https://doi.org/10.2905/2FF68A52-5B5B-4A22-8F40-C41DA8332CFE
population-23f67ea8-2025-1,BC-MAIN-23f67ea8,Aley,2025,10km,0.0,POINT (-123.77829 56.4471),https://doi.org/10.2905/2FF68A52-5B5B-4A22-8F40-C41DA8332CFE
population-23f67ea8-2025-2,BC-MAIN-23f67ea8,Aley,2025,50km,0.0,POINT (-123.77829 56.4471),https://doi.org/10.2905/2FF68A52-5B5B-4A22-8F40-C41DA8332CFE
population-23f67ea8-2030-1,BC-MAIN-23f67ea8,Aley,2030,10km,0.0,POINT (-123.77829 56.4471),https://doi.org/10.2905/2FF68A52-5B5B-4A22-8F40-C41DA8332CFE
population-23f67ea8-2030-2,BC-MAIN-23f67ea8,Aley,2030,50km,0.0,POINT (-123.77829 56.4471),https://doi.org/10.2905/2FF68A52-5B5B-4A22-8F40-C41DA8332CFE
population-6b4800fe-2025-1,BC-MAIN-6b4800fe,Gibraltar,2025,10km,82.63169688912768,POINT (-122.28716 52.528495),https://doi.org/10.2905/2FF68A52-5B5B-4A22-8F40-C41DA8332CFE
population-6b4800fe-2025-2,BC-MAIN-6b4800fe,Gibraltar,2025,50km,28368.060684183016,POINT (-122.28716 52.528495),https://doi.org/10.2905/2FF68A52-5B5B-4A22-8F40-C41DA8332CFE
population-6b4800fe-2030-1,BC-MAIN-6b4800fe,Gibraltar,2030,10km,86.32062209400135,POINT (-122.28716 52.528495),https://doi.org/10.2905/2FF68A52-5B5B-4A22-8F40-C41DA8332CFE
population-6b4800fe-2030-2,BC-MAIN-6b4800fe,Gibraltar,2030,50km,29520.386182569506,POINT (-122.28716 52.528495),https://doi.org/10.2905/2FF68A52-5B5B-4A22-8F40-C41DA8332CFE
population-18bed6d7-2025-1,BC-MAIN-18bed6d7,Yellowhead,2025,10km,618.6365993395506,POINT (-119.817 51.52),https://doi.org/10.2905/2FF68A52-5B5B-4A22-8F40-C41DA8332CFE
population-18bed6d7-2025-2,BC-MAIN-18bed6d7,Yellowhead,2025,50km,8682.404531198894,POINT (-119.817 51.52),https://doi.org/10.2905/2FF68A52-5B5B-4A22-8F40-C41DA8332CFE
population-18bed6d7-2030-1,BC-MAIN-18bed6d7,Yellowhead,2030,10km,644.5794500395399,POINT (-119.817 51.52),https://doi.org/10.2905/2FF68A52-5B5B-4A22-8F40-C41DA8332CFE
population-18bed6d7-2030-2,BC-MAIN-18bed6d7,Yellowhead,2030,50km,9038.395059709594,POINT (-119.817 51.52),https://doi.org/10.2905/2FF68A52-5B5B-4A22-8F40-C41DA8332CFE
population-e09881ff-2025-1,NL-MAIN-e09881ff,DSO (3 and 4),2025,10km,0.1133933539967984,POINT (-67.081916 54.890828),https://doi.org/10.2905/2FF68A52-5B5B-4A22-8F40-C41DA8332CFE
population-e09881ff-2025-2,NL-MAIN-e09881ff,DSO (3 and 4),2025,50km,1544.5008584497373,POINT (-67.081916 54.890828),https://doi.org/10.2905/2FF68A52-5B5B-4A22-8F40-C41DA8332CFE
population-e09881ff-2030-1,NL-MAIN-e09881ff,DSO (3 and 4),2030,10km,0.11293634353205562,POINT (-67.081916 54.890828),https://doi.org/10.2905/2FF68A52-5B5B-4A22-8F40-C41DA8332CFE
population-e09881ff-2030-2,NL-MAIN-e09881ff,DSO (3 and 4),2030,50km,1579.4146093453965,POINT (-67.081916 54.890828),https://doi.org/10.2905/2FF68A52-5B5B-4A22-8F40-C41DA8332CFE
population-b8c826a2-2025-1,QC-MAIN-b8c826a2,DSO (Goodwood),2025,10km,0.0,POINT (-67.34778 55.09939),https://doi.org/10.2905/2FF68A52-5B5B-4A22-8F40-C41DA8332CFE
population-b8c826a2-2025-2,QC-MAIN-b8c826a2,DSO (Goodwood),2025,50km,1544.395262819351,POINT (-67.34778 55.09939),https://doi.org/10.2905/2FF68A52-5B5B-4A22-8F40-C41DA8332CFE
population-b8c826a2-2030-1,QC-MAIN-b8c826a2,DSO (Goodwood),2030,10km,0.0,POINT (-67.34778 55.09939),https://doi.org/10.2905/2FF68A52-5B5B-4A22-8F40-C41DA8332CFE
population-b8c826a2-2030-2,QC-MAIN-b8c826a2,DSO (Goodwood),2030,50km,1579.3094393015708,POINT (-67.34778 55.09939),https://doi.org/10.2905/2FF68A52-5B5B-4A22-8F40-C41DA8332CFE
population-bf503b6b-2025-1,BC-MAIN-bf503b6b,Highland Valley,2025,10km,2.3948521185666323,POINT (-121.0483 50.4855),https://doi.org/10.2905/2FF68A52-5B5B-4A22-8F40-C41DA8332CFE
population-bf503b6b-2025-2,BC-MAIN-bf503b6b,Highland Valley,2025,50km,24487.172902140694,POINT (-121.0483 50.4855),https://doi.org/10.2905/2FF68A52-5B5B-4A22-8F40-C41DA8332CFE
population-bf503b6b-2030-1,BC-MAIN-bf503b6b,Highland Valley,2030,10km,2.4929501581937075,POINT (-121.0483 50.4855),https://doi.org/10.2905/2FF68A52-5B5B-4A22-8F40-C41DA8332CFE
population-bf503b6b-2030-2,BC-MAIN-bf503b6b,Highland Valley,2030,50km,25490.01916597851,POINT (-121.0483 50.4855),https://doi.org/10.2905/2FF68A52-5B5B-4A22-8F40-C41DA8332CFE
population-193ddddb-2025-1,BC-MAIN-193ddddb,Schaft Creek,2025,10km,0.0,POINT (-131 57.36667),https://doi.org/10.2905/2FF68A52-5B5B-4A22-8F40-C41DA8332CFE
population-193ddddb-2025-2,BC-MAIN-193ddddb,Schaft Creek,2025,50km,2.0138154588639736,POINT (-131 57.36667),https://doi.org/10.2905/2FF68A52-5B5B-4A22-8F40-C41DA8332CFE
population-193ddddb-2030-1,BC-MAIN-193ddddb,Schaft Creek,2030,10km,0.0,POINT (-131 57.36667),https://doi.org/10.2905/2FF68A52-5B5B-4A22-8F40-C41DA8332CFE
population-193ddddb-2030-2,BC-MAIN-193ddddb,Schaft Creek,2030,50km,2.0958321820944548,POINT (-131 57.36667),https://doi.org/10.2905/2FF68A52-5B5B-4A22-8F40-C41DA8332CFE
population-3bb6b7cd-2025-1,BC-MAIN-3bb6b7cd,Trail,2025,10km,17150.953549674115,POINT (-117.7137 49.0999),https://doi.org/10.2905/2FF68A52-5B5B-4A22-8F40-C41DA8332CFE
population-3bb6b7cd-2025-2,BC-MAIN-3bb6b7cd,Trail,2025,50km,54902.97355096987,POINT (-117.7137 49.0999),https://doi.org/10.2905/2FF68A52-5B5B-4A22-8F40-C41DA8332CFE
population-3bb6b7cd-2030-1,BC-MAIN-3bb6b7cd,Trail,2030,10km,17850.210588698435,POINT (-117.7137 49.0999),https://doi.org/10.2905/2FF68A52-5B5B-4A22-8F40-C41DA8332CFE
population-3bb6b7cd-2030-2,BC-MAIN-3bb6b7cd,Trail,2030,50km,56911.37313315251,POINT (-117.7137 49.0999),https://doi.org/10.2905/2FF68A52-5B5B-4A22-8F40-C41DA8332CFE
population-2587e541-2025-1,QC-MAIN-2587e541,Strange Lake,2025,10km,0.0,POINT (-64.2 56.35),https://doi.org/10.2905/2FF68A52-5B5B-4A22-8F40-C41DA8332CFE
population-2587e541-2025-2,QC-MAIN-2587e541,Strange Lake,2025,50km,0.0,POINT (-64.2 56.35),https://doi.org/10.2905/2FF68A52-5B5B-4A22-8F40-C41DA8332CFE
population-2587e541-2030-1,QC-MAIN-2587e541,Strange Lake,2030,10km,0.0,POINT (-64.2 56.35),https://doi.org/10.2905/2FF68A52-5B5B-4A22-8F40-C41DA8332CFE
population-2587e541-2030-2,QC-MAIN-2587e541,Strange Lake,2030,50km,0.0,POINT (-64.2 56.35),https://doi.org/10.2905/2FF68A52-5B5B-4A22-8F40-C41DA8332CFE
population-23155c25-2025-1,BC-MAIN-23155c25,Myra Falls,2025,10km,0.0,POINT (-125.59 49.57),https://doi.org/10.2905/2FF68A52-5B5B-4A22-8F40-C41DA8332CFE
population-23155c25-2025-2,BC-MAIN-23155c25,Myra Falls,2025,50km,65614.32202602814,POINT (-125.59 49.57),https://doi.org/10.2905/2FF68A52-5B5B-4A22-8F40-C41DA8332CFE
population-23155c25-2030-1,BC-MAIN-23155c25,Myra Falls,2030,10km,0.0,POINT (-125.59 49.57),https://doi.org/10.2905/2FF68A52-5B5B-4A22-8F40-C41DA8332CFE
population-23155c25-2030-2,BC-MAIN-23155c25,Myra Falls,2030,50km,68385.7964376781,POINT (-125.59 49.57),https://doi.org/10.2905/2FF68A52-5B5B-4A22-8F40-C41DA8332CFE
population-68c87980-2025-1,YT-MAIN-68c87980,Freegold Mountain,2025,10km,0.0,POINT (-137.2 62.3),https://doi.org/10.2905/2FF68A52-5B5B-4A22-8F40-C41DA8332CFE
population-68c87980-2025-2,YT-MAIN-68c87980,Freegold Mountain,2025,50km,5.87025539210299,POINT (-137.2 62.3),https://doi.org/10.2905/2FF68A52-5B5B-4A22-8F40-C41DA8332CFE
population-68c87980-2030-1,YT-MAIN-68c87980,Freegold Mountain,2030,10km,0.0,POINT (-137.2 62.3),https://doi.org/10.2905/2FF68A52-5B5B-4A22-8F40-C41DA8332CFE
population-68c87980-2030-2,YT-MAIN-68c87980,Freegold Mountain,2030,50km,6.332912422134541,POINT (-137.2 62.3),https://doi.org/10.2905/2FF68A52-5B5B-4A22-8F40-C41DA8332CFE
population-b2148882-2025-1,QC-MAIN-b2148882,Troilus,2025,10km,0.0,POINT (-74.46 51.01),https://doi.org/10.2905/2FF68A52-5B5B-4A22-8F40-C41DA8332CFE
population-b2148882-2025-2,QC-MAIN-b2148882,Troilus,2025,50km,0.0,POINT (-74.46 51.01),https://doi.org/10.2905/2FF68A52-5B5B-4A22-8F40-C41DA8332CFE
population-b2148882-2030-1,QC-MAIN-b2148882,Troilus,2030,10km,0.0,POINT (-74.46 51.01),https://doi.org/10.2905/2FF68A52-5B5B-4A22-8F40-C41DA8332CFE
population-b2148882-2030-2,QC-MAIN-b2148882,Troilus,2030,50km,0.0,POINT (-74.46 51.01),https://doi.org/10.2905/2FF68A52-5B5B-4A22-8F40-C41DA8332CFE
population-4a6187a4-2025-1,ON-MAIN-4a6187a4,RapidSX Demonstration Plant,2025,10km,120915.25150342382,POINT (-76.5 44.233334),https://doi.org/10.2905/2FF68A52-5B5B-4A22-8F40-C41DA8332CFE
population-4a6187a4-2025-2,ON-MAIN-4a6187a4,RapidSX Demonstration Plant,2025,50km,242041.01014219387,POINT (-76.5 44.233334),https://doi.org/10.2905/2FF68A52-5B5B-4A22-8F40-C41DA8332CFE
population-4a6187a4-2030-1,ON-MAIN-4a6187a4,RapidSX Demonstration Plant,2030,10km,125448.71243100951,POINT (-76.5 44.233334),https://doi.org/10.2905/2FF68A52-5B5B-4A22-8F40-C41DA8332CFE
population-4a6187a4-2030-2,ON-MAIN-4a6187a4,RapidSX Demonstration Plant,2030,50km,247217.6820384981,POINT (-76.5 44.233334),https://doi.org/10.2905/2FF68A52-5B5B-4A22-8F40-C41DA8332CFE
population-9dd2b7f8-2025-1,SK-MAIN-9dd2b7f8,Horseshoe-Raven,2025,10km,0.0,POINT (-103.73639 58.15333),https://doi.org/10.2905/2FF68A52-5B5B-4A22-8F40-C41DA8332CFE
population-9dd2b7f8-2025-2,SK-MAIN-9dd2b7f8,Horseshoe-Raven,2025,50km,1535.9902117780875,POINT (-103.73639 58.15333),https://doi.org/10.2905/2FF68A52-5B5B-4A22-8F40-C41DA8332CFE
population-9dd2b7f8-2030-1,SK-MAIN-9dd2b7f8,Horseshoe-Raven,2030,10km,0.0,POINT (-103.73639 58.15333),https://doi.org/10.2905/2FF68A52-5B5B-4A22-8F40-C41DA8332CFE
population-9dd2b7f8-2030-2,SK-MAIN-9dd2b7f8,Horseshoe-Raven,2030,50km,1596.4426401306118,POINT (-103.73639 58.15333),https://doi.org/10.2905/2FF68A52-5B5B-4A22-8F40-C41DA8332CFE
population-387b06fe-2025-1,ON-MAIN-387b06fe,Welland Mill,2025,10km,77935.40368527017,POINT (-79.235065 42.998265),https://doi.org/10.2905/2FF68A52-5B5B-4A22-8F40-C41DA8332CFE
population-387b06fe-2025-2,ON-MAIN-387b06fe,Welland Mill,2025,50km,1537646.0274140101,POINT (-79.235065 42.998265),https://doi.org/10.2905/2FF68A52-5B5B-4A22-8F40-C41DA8332CFE
population-387b06fe-2030-1,ON-MAIN-387b06fe,Welland Mill,2030,10km,81789.3806720543,POINT (-79.235065 42.998265),https://doi.org/10.2905/2FF68A52-5B5B-4A22-8F40-C41DA8332CFE
population-387b06fe-2030-2,ON-MAIN-387b06fe,Welland Mill,2030,50km,1582045.8828524533,POINT (-79.235065 42.998265),https://doi.org/10.2905/2FF68A52-5B5B-4A22-8F40-C41DA8332CFE
population-de2f9639-2025-1,ON-MAIN-de2f9639,Clarabelle,2025,10km,90403.58688653086,POINT (-81.056782 46.495822),https://doi.org/10.2905/2FF68A52-5B5B-4A22-8F40-C41DA8332CFE
population-de2f9639-2025-2,ON-MAIN-de2f9639,Clarabelle,2025,50km,179548.39903669426,POINT (-81.056782 46.495822),https://doi.org/10.2905/2FF68A52-5B5B-4A22-8F40-C41DA8332CFE
population-de2f9639-2030-1,ON-MAIN-de2f9639,Clarabelle,2030,10km,94460.81262527614,POINT (-81.056782 46.495822),https://doi.org/10.2905/2FF68A52-5B5B-4A22-8F40-C41DA8332CFE
population-de2f9639-2030-2,ON-MAIN-de2f9639,Clarabelle,2030,50km,187471.784410944,POINT (-81.056782 46.495822),https://doi.org/10.2905/2FF68A52-5B5B-4A22-8F40-C41DA8332CFE
population-6e9b2449-2025-1,ON-MAIN-6e9b2449,Coleman,2025,10km,4257.150293603638,POINT (-81.3397 46.6771),https://doi.org/10.2905/2FF68A52-5B5B-4A22-8F40-C41DA8332CFE
population-6e9b2449-2025-2,ON-MAIN-6e9b2449,Coleman,2025,50km,175687.82713119214,POINT (-81.3397 46.6771),https://doi.org/10.2905/2FF68A52-5B5B-4A22-8F40-C41DA8332CFE
population-6e9b2449-2030-1,ON-MAIN-6e9b2449,Coleman,2030,10km,4436.830724503991,POINT (-81.3397 46.6771),https://doi.org/10.2905/2FF68A52-5B5B-4A22-8F40-C41DA8332CFE
population-6e9b2449-2030-2,ON-MAIN-6e9b2449,Coleman,2030,50km,183479.0613918766,POINT (-81.3397 46.6771),https://doi.org/10.2905/2FF68A52-5B5B-4A22-8F40-C41DA8332CFE
population-f080c409-2025-1,ON-MAIN-f080c409,Copper Cliff Complex,2025,10km,83173.62985837868,POINT (-81.068205 46.491445),https://doi.org/10.2905/2FF68A52-5B5B-4A22-8F40-C41DA8332CFE
population-f080c409-2025-2,ON-MAIN-f080c409,Copper Cliff Complex,2025,50km,179267.12458288786,POINT (-81.068205 46.491445),https://doi.org/10.2905/2FF68A52-5B5B-4A22-8F40-C41DA8332CFE
population-f080c409-2030-1,ON-MAIN-f080c409,Copper Cliff Complex,2030,10km,86935.48202117694,POINT (-81.068205 46.491445),https://doi.org/10.2905/2FF68A52-5B5B-4A22-8F40-C41DA8332CFE
population-f080c409-2030-2,ON-MAIN-f080c409,Copper Cliff Complex,2030,50km,187187.20699661024,POINT (-81.068205 46.491445),https://doi.org/10.2905/2FF68A52-5B5B-4A22-8F40-C41DA8332CFE
population-63b394c3-2025-1,ON-MAIN-63b394c3,Copper Cliff Complex,2025,10km,90089.88359280281,POINT (-81.0569 46.4801),https://doi.org/10.2905/2FF68A52-5B5B-4A22-8F40-C41DA8332CFE
population-63b394c3-2025-2,ON-MAIN-63b394c3,Copper Cliff Complex,2025,50km,179615.50981476015,POINT (-81.0569 46.4801),https://doi.org/10.2905/2FF68A52-5B5B-4A22-8F40-C41DA8332CFE
population-63b394c3-2030-1,ON-MAIN-63b394c3,Copper Cliff Complex,2030,10km,94165.67838584243,POINT (-81.0569 46.4801),https://doi.org/10.2905/2FF68A52-5B5B-4A22-8F40-C41DA8332CFE
population-63b394c3-2030-2,ON-MAIN-63b394c3,Copper Cliff Complex,2030,50km,187540.47015792906,POINT (-81.0569 46.4801),https://doi.org/10.2905/2FF68A52-5B5B-4A22-8F40-C41DA8332CFE
population-52224e1e-2025-1,ON-MAIN-52224e1e,Creighton,2025,10km,14254.271563169792,POINT (-81.1861 46.474),https://doi.org/10.2905/2FF68A52-5B5B-4A22-8F40-C41DA8332CFE
population-52224e1e-2025-2,ON-MAIN-52224e1e,Creighton,2025,50km,178994.66624393215,POINT (-81.1861 46.474),https://doi.org/10.2905/2FF68A52-5B5B-4A22-8F40-C41DA8332CFE
population-52224e1e-2030-1,ON-MAIN-52224e1e,Creighton,2030,10km,14903.616863868681,POINT (-81.1861 46.474),https://doi.org/10.2905/2FF68A52-5B5B-4A22-8F40-C41DA8332CFE
population-52224e1e-2030-2,ON-MAIN-52224e1e,Creighton,2030,50km,186898.3438383137,POINT (-81.1861 46.474),https://doi.org/10.2905/2FF68A52-5B5B-4A22-8F40-C41DA8332CFE
population-48fe2205-2025-1,ON-MAIN-48fe2205,Garson,2025,10km,39327.092021923534,POINT (-80.857 46.568),https://doi.org/10.2905/2FF68A52-5B5B-4A22-8F40-C41DA8332CFE
population-48fe2205-2025-2,ON-MAIN-48fe2205,Garson,2025,50km,180647.0355056546,POINT (-80.857 46.568),https://doi.org/10.2905/2FF68A52-5B5B-4A22-8F40-C41DA8332CFE
population-48fe2205-2030-1,ON-MAIN-48fe2205,Garson,2030,10km,41046.92762017332,POINT (-80.857 46.568),https://doi.org/10.2905/2FF68A52-5B5B-4A22-8F40-C41DA8332CFE
population-48fe2205-2030-2,ON-MAIN-48fe2205,Garson,2030,50km,188600.4009858997,POINT (-80.857 46.568),https://doi.org/10.2905/2FF68A52-5B5B-4A22-8F40-C41DA8332CFE
population-2e13aaa0-2025-1,ON-MAIN-2e13aaa0,Port Colborne,2025,10km,27870.73948344966,POINT (-79.24 42.883),https://doi.org/10.2905/2FF68A52-5B5B-4A22-8F40-C41DA8332CFE
population-2e13aaa0-2025-2,ON-MAIN-2e13aaa0,Port Colborne,2025,50km,1475323.37753976,POINT (-79.24 42.883),https://doi.org/10.2905/2FF68A52-5B5B-4A22-8F40-C41DA8332CFE
population-2e13aaa0-2030-1,ON-MAIN-2e13aaa0,Port Colborne,2030,10km,28816.198158584244,POINT (-79.24 42.883),https://doi.org/10.2905/2FF68A52-5B5B-4A22-8F40-C41DA8332CFE
population-2e13aaa0-2030-2,ON-MAIN-2e13aaa0,Port Colborne,2030,50km,1515807.8897200066,POINT (-79.24 42.883),https://doi.org/10.2905/2FF68A52-5B5B-4A22-8F40-C41DA8332CFE
population-e0a6250e-2025-1,MB-MAIN-e0a6250e,Thompson (T-1 and T-3),2025,10km,15100.627835306557,POINT (-97.8444 55.7152),https://doi.org/10.2905/2FF68A52-5B5B-4A22-8F40-C41DA8332CFE
population-e0a6250e-2025-2,MB-MAIN-e0a6250e,Thompson (T-1 and T-3),2025,50km,15740.876173177428,POINT (-97.8444 55.7152),https://doi.org/10.2905/2FF68A52-5B5B-4A22-8F40-C41DA8332CFE
population-e0a6250e-2030-1,MB-MAIN-e0a6250e,Thompson (T-1 and T-3),2030,10km,15503.736232841042,POINT (-97.8444 55.7152),https://doi.org/10.2905/2FF68A52-5B5B-4A22-8F40-C41DA8332CFE
population-e0a6250e-2030-2,MB-MAIN-e0a6250e,Thompson (T-1 and T-3),2030,50km,16161.117336845637,POINT (-97.8444 55.7152),https://doi.org/10.2905/2FF68A52-5B5B-4A22-8F40-C41DA8332CFE
population-28f3f0fc-2025-1,ON-MAIN-28f3f0fc,Totten,2025,10km,1328.96241551765,POINT (-81.454839 46.381174),https://doi.org/10.2905/2FF68A52-5B5B-4A22-8F40-C41DA8332CFE
population-28f3f0fc-2025-2,ON-MAIN-28f3f0fc,Totten,2025,50km,175455.12983128717,POINT (-81.454839 46.381174),https://doi.org/10.2905/2FF68A52-5B5B-4A22-8F40-C41DA8332CFE
population-28f3f0fc-2030-1,ON-MAIN-28f3f0fc,Totten,2030,10km,1373.3171041598691,POINT (-81.454839 46.381174),https://doi.org/10.2905/2FF68A52-5B5B-4A22-8F40-C41DA8332CFE
population-28f3f0fc-2030-2,ON-MAIN-28f3f0fc,Totten,2030,50km,183100.53471283533,POINT (-81.454839 46.381174),https://doi.org/10.2905/2FF68A52-5B5B-4A22-8F40-C41DA8332CFE
population-d9036091-2025-1,NL-MAIN-d9036091,Long Harbour,2025,10km,472.05295105763577,POINT (-53.811792 47.410938),https://doi.org/10.2905/2FF68A52-5B5B-4A22-8F40-C41DA8332CFE
population-d9036091-2025-2,NL-MAIN-d9036091,Long Harbour,2025,50km,0.0,POINT (-53.811792 47.410938),https://doi.org/10.2905/2FF68A52-5B5B-4A22-8F40-C41DA8332CFE
population-d9036091-2030-1,NL-MAIN-d9036091,Long Harbour,2030,10km,471.21535121265515,POINT (-53.811792 47.410938),https://doi.org/10.2905/2FF68A52-5B5B-4A22-8F40-C41DA8332CFE
population-d9036091-2030-2,NL-MAIN-d9036091,Long Harbour,2030,50km,0.0,POINT (-53.811792 47.410938),https://doi.org/10.2905/2FF68A52-5B5B-4A22-8F40-C41DA8332CFE
population-2d8801d6-2025-1,NL-MAIN-2d8801d6,Voisey’s Bay,2025,10km,0.0,POINT (-62.090855 56.331659),https://doi.org/10.2905/2FF68A52-5B5B-4A22-8F40-C41DA8332CFE
population-2d8801d6-2025-2,NL-MAIN-2d8801d6,Voisey’s Bay,2025,50km,0.0,POINT (-62.090855 56.331659),https://doi.org/10.2905/2FF68A52-5B5B-4A22-8F40-C41DA8332CFE
population-2d8801d6-2030-1,NL-MAIN-2d8801d6,Voisey’s Bay,2030,10km,0.0,POINT (-62.090855 56.331659),https://doi.org/10.2905/2FF68A52-5B5B-4A22-8F40-C41DA8332CFE
population-2d8801d6-2030-2,NL-MAIN-2d8801d6,Voisey’s Bay,2030,50km,0.0,POINT (-62.090855 56.331659),https://doi.org/10.2905/2FF68A52-5B5B-4A22-8F40-C41DA8332CFE
population-860bbbfc-2025-1,QC-MAIN-860bbbfc,Lac Doré Vanadium,2025,10km,0.0,POINT (-73.95682 49.84573),https://doi.org/10.2905/2FF68A52-5B5B-4A22-8F40-C41DA8332CFE
population-860bbbfc-2025-2,QC-MAIN-860bbbfc,Lac Doré Vanadium,2025,50km,8822.752177455704,POINT (-73.95682 49.84573),https://doi.org/10.2905/2FF68A52-5B5B-4A22-8F40-C41DA8332CFE
population-860bbbfc-2030-1,QC-MAIN-860bbbfc,Lac Doré Vanadium,2030,10km,0.0,POINT (-73.95682 49.84573),https://doi.org/10.2905/2FF68A52-5B5B-4A22-8F40-C41DA8332CFE
population-860bbbfc-2030-2,QC-MAIN-860bbbfc,Lac Doré Vanadium,2030,50km,9023.50949213137,POINT (-73.95682 49.84573),https://doi.org/10.2905/2FF68A52-5B5B-4A22-8F40-C41DA8332CFE
population-e05ed9fe-2025-1,YT-MAIN-e05ed9fe,Eagle (Dublin Gulch),2025,10km,15.376188647001982,POINT (-135.8456 64.0322),https://doi.org/10.2905/2FF68A52-5B5B-4A22-8F40-C41DA8332CFE
population-e05ed9fe-2025-2,YT-MAIN-e05ed9fe,Eagle (Dublin Gulch),2025,50km,569.5869119083509,POINT (-135.8456 64.0322),https://doi.org/10.2905/2FF68A52-5B5B-4A22-8F40-C41DA8332CFE
population-e05ed9fe-2030-1,YT-MAIN-e05ed9fe,Eagle (Dublin Gulch),2030,10km,16.588044991716743,POINT (-135.8456 64.0322),https://doi.org/10.2905/2FF68A52-5B5B-4A22-8F40-C41DA8332CFE
population-e05ed9fe-2030-2,YT-MAIN-e05ed9fe,Eagle (Dublin Gulch),2030,50km,614.4782204674557,POINT (-135.8456 64.0322),https://doi.org/10.2905/2FF68A52-5B5B-4A22-8F40-C41DA8332CFE
population-d59f82aa-2025-1,QC-MAIN-d59f82aa,Sirmac,2025,10km,0.0,POINT (-75.47624 50.62225),https://doi.org/10.2905/2FF68A52-5B5B-4A22-8F40-C41DA8332CFE
population-d59f82aa-2025-2,QC-MAIN-d59f82aa,Sirmac,2025,50km,2.280586461769417,POINT (-75.47624 50.62225),https://doi.org/10.2905/2FF68A52-5B5B-4A22-8F40-C41DA8332CFE
population-d59f82aa-2030-1,QC-MAIN-d59f82aa,Sirmac,2030,10km,0.0,POINT (-75.47624 50.62225),https://doi.org/10.2905/2FF68A52-5B5B-4A22-8F40-C41DA8332CFE
population-d59f82aa-2030-2,QC-MAIN-d59f82aa,Sirmac,2030,50km,2.330561379902065,POINT (-75.47624 50.62225),https://doi.org/10.2905/2FF68A52-5B5B-4A22-8F40-C41DA8332CFE
population-b1b28b01-2025-1,NT-MAIN-b1b28b01,Nechalacho - T-Zone & Tardiff Zone,2025,10km,0.0,POINT (-112.59972 62.11806),https://doi.org/10.2905/2FF68A52-5B5B-4A22-8F40-C41DA8332CFE
population-b1b28b01-2025-2,NT-MAIN-b1b28b01,Nechalacho - T-Zone & Tardiff Zone,2025,50km,53.841202484443784,POINT (-112.59972 62.11806),https://doi.org/10.2905/2FF68A52-5B5B-4A22-8F40-C41DA8332CFE
population-b1b28b01-2030-1,NT-MAIN-b1b28b01,Nechalacho - T-Zone & Tardiff Zone,2030,10km,0.0,POINT (-112.59972 62.11806),https://doi.org/10.2905/2FF68A52-5B5B-4A22-8F40-C41DA8332CFE
population-b1b28b01-2030-2,NT-MAIN-b1b28b01,Nechalacho - T-Zone & Tardiff Zone,2030,50km,52.96356480102986,POINT (-112.59972 62.11806),https://doi.org/10.2905/2FF68A52-5B5B-4A22-8F40-C41DA8332CFE
population-63f096a6-2025-1,AB-MAIN-63f096a6,Rainbow Lake,2025,10km,1114.5521497812588,POINT (-119.30174 58.50664),https://doi.org/10.2905/2FF68A52-5B5B-4A22-8F40-C41DA8332CFE
population-63f096a6-2025-2,AB-MAIN-63f096a6,Rainbow Lake,2025,50km,2310.870025138647,POINT (-119.30174 58.50664),https://doi.org/10.2905/2FF68A52-5B5B-4A22-8F40-C41DA8332CFE
population-63f096a6-2030-1,AB-MAIN-63f096a6,Rainbow Lake,2030,10km,1194.7467189906165,POINT (-119.30174 58.50664),https://doi.org/10.2905/2FF68A52-5B5B-4A22-8F40-C41DA8332CFE
population-63f096a6-2030-2,AB-MAIN-63f096a6,Rainbow Lake,2030,50km,2477.8168381727664,POINT (-119.30174 58.50664),https://doi.org/10.2905/2FF68A52-5B5B-4A22-8F40-C41DA8332CFE
population-be473617-2025-1,QC-MAIN-be473617,Mont Sorcier,2025,10km,78.1198434624821,POINT (-74.127578 49.918163),https://doi.org/10.2905/2FF68A52-5B5B-4A22-8F40-C41DA8332CFE
population-be473617-2025-2,QC-MAIN-be473617,Mont Sorcier,2025,50km,9204.046916421225,POINT (-74.127578 49.918163),https://doi.org/10.2905/2FF68A52-5B5B-4A22-8F40-C41DA8332CFE
population-be473617-2030-1,QC-MAIN-be473617,Mont Sorcier,2030,10km,78.23507029935718,POINT (-74.127578 49.918163),https://doi.org/10.2905/2FF68A52-5B5B-4A22-8F40-C41DA8332CFE
population-be473617-2030-2,QC-MAIN-be473617,Mont Sorcier,2030,50km,9411.487656633457,POINT (-74.127578 49.918163),https://doi.org/10.2905/2FF68A52-5B5B-4A22-8F40-C41DA8332CFE
population-3c468faa-2025-1,ON-MAIN-3c468faa,Superior Lake,2025,10km,2.432865828508511,POINT (-87.38361 48.9775),https://doi.org/10.2905/2FF68A52-5B5B-4A22-8F40-C41DA8332CFE
population-3c468faa-2025-2,ON-MAIN-3c468faa,Superior Lake,2025,50km,3191.3571504129286,POINT (-87.38361 48.9775),https://doi.org/10.2905/2FF68A52-5B5B-4A22-8F40-C41DA8332CFE
population-3c468faa-2030-1,ON-MAIN-3c468faa,Superior Lake,2030,10km,2.499089265242219,POINT (-87.38361 48.9775),https://doi.org/10.2905/2FF68A52-5B5B-4A22-8F40-C41DA8332CFE
population-3c468faa-2030-2,ON-MAIN-3c468faa,Superior Lake,2030,50km,3288.037405128838,POINT (-87.38361 48.9775),https://doi.org/10.2905/2FF68A52-5B5B-4A22-8F40-C41DA8332CFE
population-cb85213a-2025-1,ON-MAIN-cb85213a,Eagle River,2025,10km,0.7785498802550137,POINT (-85.4619 47.9861),https://doi.org/10.2905/2FF68A52-5B5B-4A22-8F40-C41DA8332CFE
population-cb85213a-2025-2,ON-MAIN-cb85213a,Eagle River,2025,50km,367.3235743075429,POINT (-85.4619 47.9861),https://doi.org/10.2905/2FF68A52-5B5B-4A22-8F40-C41DA8332CFE
population-cb85213a-2030-1,ON-MAIN-cb85213a,Eagle River,2030,10km,0.7969112478313036,POINT (-85.4619 47.9861),https://doi.org/10.2905/2FF68A52-5B5B-4A22-8F40-C41DA8332CFE
population-cb85213a-2030-2,ON-MAIN-cb85213a,Eagle River,2030,50km,378.01792442488477,POINT (-85.4619 47.9861),https://doi.org/10.2905/2FF68A52-5B5B-4A22-8F40-C41DA8332CFE
population-9de9bb0d-2025-1,QC-MAIN-9de9bb0d,Kiena,2025,10km,27605.022804287106,POINT (-77.91 48.12),https://doi.org/10.2905/2FF68A52-5B5B-4A22-8F40-C41DA8332CFE
population-9de9bb0d-2025-2,QC-MAIN-9de9bb0d,Kiena,2025,50km,52128.664796379875,POINT (-77.91 48.12),https://doi.org/10.2905/2FF68A52-5B5B-4A22-8F40-C41DA8332CFE
population-9de9bb0d-2030-1,QC-MAIN-9de9bb0d,Kiena,2030,10km,28259.68647445719,POINT (-77.91 48.12),https://doi.org/10.2905/2FF68A52-5B5B-4A22-8F40-C41DA8332CFE
population-9de9bb0d-2030-2,QC-MAIN-9de9bb0d,Kiena,2030,50km,53309.00492415709,POINT (-77.91 48.12),https://doi.org/10.2905/2FF68A52-5B5B-4A22-8F40-C41DA8332CFE
population-c5fefb01-2025-1,ON-MAIN-c5fefb01,Mishi,2025,10km,3.499751068651676,POINT (-85.4525 48.11028),https://doi.org/10.2905/2FF68A52-5B5B-4A22-8F40-C41DA8332CFE
population-c5fefb01-2025-2,ON-MAIN-c5fefb01,Mishi,2025,50km,124.96325349188353,POINT (-85.4525 48.11028),https://doi.org/10.2905/2FF68A52-5B5B-4A22-8F40-C41DA8332CFE
population-c5fefb01-2030-1,ON-MAIN-c5fefb01,Mishi,2030,10km,3.6580834485357627,POINT (-85.4525 48.11028),https://doi.org/10.2905/2FF68A52-5B5B-4A22-8F40-C41DA8332CFE
population-c5fefb01-2030-2,ON-MAIN-c5fefb01,Mishi,2030,50km,129.9269786807035,POINT (-85.4525 48.11028),https://doi.org/10.2905/2FF68A52-5B5B-4A22-8F40-C41DA8332CFE
population-feb13c30-2025-1,BC-MAIN-feb13c30,Record Ridge,2025,10km,5592.886739126382,POINT (-117.884 49.082),https://doi.org/10.2905/2FF68A52-5B5B-4A22-8F40-C41DA8332CFE
population-feb13c30-2025-2,BC-MAIN-feb13c30,Record Ridge,2025,50km,59411.41813574538,POINT (-117.884 49.082),https://doi.org/10.2905/2FF68A52-5B5B-4A22-8F40-C41DA8332CFE
population-feb13c30-2030-1,BC-MAIN-feb13c30,Record Ridge,2030,10km,5820.067900243638,POINT (-117.884 49.082),https://doi.org/10.2905/2FF68A52-5B5B-4A22-8F40-C41DA8332CFE
population-feb13c30-2030-2,BC-MAIN-feb13c30,Record Ridge,2030,50km,61618.9937100861,POINT (-117.884 49.082),https://doi.org/10.2905/2FF68A52-5B5B-4A22-8F40-C41DA8332CFE
population-5e0d8b48-2025-1,YT-MAIN-5e0d8b48,Casino,2025,10km,0.0,POINT (-138.83333 62.73333),https://doi.org/10.2905/2FF68A52-5B5B-4A22-8F40-C41DA8332CFE
population-5e0d8b48-2025-2,YT-MAIN-5e0d8b48,Casino,2025,50km,0.0,POINT (-138.83333 62.73333),https://doi.org/10.2905/2FF68A52-5B5B-4A22-8F40-C41DA8332CFE
population-5e0d8b48-2030-1,YT-MAIN-5e0d8b48,Casino,2030,10km,0.0,POINT (-138.83333 62.73333),https://doi.org/10.2905/2FF68A52-5B5B-4A22-8F40-C41DA8332CFE
population-5e0d8b48-2030-2,YT-MAIN-5e0d8b48,Casino,2030,50km,0.0,POINT (-138.83333 62.73333),https://doi.org/10.2905/2FF68A52-5B5B-4A22-8F40-C41DA8332CFE
population-12c68d49-2025-1,ON-MAIN-12c68d49,Eagle's Nest,2025,10km,0.0,POINT (-86.3038 52.74202),https://doi.org/10.2905/2FF68A52-5B5B-4A22-8F40-C41DA8332CFE
population-12c68d49-2025-2,ON-MAIN-12c68d49,Eagle's Nest,2025,50km,0.0,POINT (-86.3038 52.74202),https://doi.org/10.2905/2FF68A52-5B5B-4A22-8F40-C41DA8332CFE
population-12c68d49-2030-1,ON-MAIN-12c68d49,Eagle's Nest,2030,10km,0.0,POINT (-86.3038 52.74202),https://doi.org/10.2905/2FF68A52-5B5B-4A22-8F40-C41DA8332CFE
population-12c68d49-2030-2,ON-MAIN-12c68d49,Eagle's Nest,2030,50km,0.0,POINT (-86.3038 52.74202),https://doi.org/10.2905/2FF68A52-5B5B-4A22-8F40-C41DA8332CFE
population-891d3cb5-2025-1,BC-MAIN-891d3cb5,Akie,2025,10km,0.0,POINT (-124.86599 57.38088),https://doi.org/10.2905/2FF68A52-5B5B-4A22-8F40-C41DA8332CFE
population-891d3cb5-2025-2,BC-MAIN-891d3cb5,Akie,2025,50km,297.6224604547024,POINT (-124.86599 57.38088),https://doi.org/10.2905/2FF68A52-5B5B-4A22-8F40-C41DA8332CFE
population-891d3cb5-2030-1,BC-MAIN-891d3cb5,Akie,2030,10km,0.0,POINT (-124.86599 57.38088),https://doi.org/10.2905/2FF68A52-5B5B-4A22-8F40-C41DA8332CFE
population-891d3cb5-2030-2,BC-MAIN-891d3cb5,Akie,2030,50km,309.7971499785781,POINT (-124.86599 57.38088),https://doi.org/10.2905/2FF68A52-5B5B-4A22-8F40-C41DA8332CFE
